ISO-10303-21;
HEADER;
FILE_DESCRIPTION(('FreeCAD Model'),'2;1');
FILE_NAME('Open CASCADE Shape Model','2026-01-24T08:58:33',('FreeCAD'),(
    'FreeCAD'),'Open CASCADE STEP processor 7.8','FreeCAD','Unknown');
FILE_SCHEMA(('AUTOMOTIVE_DESIGN { 1 0 10303 214 1 1 1 1 }'));
ENDSEC;
DATA;
#1 = APPLICATION_PROTOCOL_DEFINITION('international standard',
  'automotive_design',2000,#2);
#2 = APPLICATION_CONTEXT(
  'core data for automotive mechanical design processes');
#3 = SHAPE_DEFINITION_REPRESENTATION(#4,#10);
#4 = PRODUCT_DEFINITION_SHAPE('','',#5);
#5 = PRODUCT_DEFINITION('design','',#6,#9);
#6 = PRODUCT_DEFINITION_FORMATION('','',#7);
#7 = PRODUCT('Open CASCADE STEP translator 7.8 1',
  'Open CASCADE STEP translator 7.8 1','',(#8));
#8 = PRODUCT_CONTEXT('',#2,'mechanical');
#9 = PRODUCT_DEFINITION_CONTEXT('part definition',#2,'design');
#10 = ADVANCED_BREP_SHAPE_REPRESENTATION('',(#11,#15),#3168);
#11 = AXIS2_PLACEMENT_3D('',#12,#13,#14);
#12 = CARTESIAN_POINT('',(0.,0.,0.));
#13 = DIRECTION('',(0.,0.,1.));
#14 = DIRECTION('',(1.,0.,-0.));
#15 = MANIFOLD_SOLID_BREP('',#16);
#16 = CLOSED_SHELL('',(#17,#49,#72,#103,#207,#262,#308,#340,#371,#394,
    #417,#472,#508,#587,#1131,#1689,#1752,#1764,#1793,#1814,#1826,#1843,
    #1867,#1879,#1896,#1932,#1964,#1986,#2008,#2020,#2032,#2044,#2056,
    #2068,#2080,#2102,#2119,#2136,#2158,#2180,#2202,#2219,#2241,#2258,
    #2275,#2287,#2299,#2311,#2328,#2340,#2352,#2374,#2391,#2408,#2430,
    #2452,#2474,#2491,#2513,#2530,#2547,#2559,#2571,#2583,#2600,#2612,
    #2624,#2646,#2668,#2690,#2712,#2729,#2751,#2768,#2780,#2802,#2824,
    #2836,#2848,#2860,#2872,#2884,#2896,#2918,#2935,#2952,#2974,#2996,
    #3018,#3035,#3057,#3074,#3091,#3103,#3115,#3127,#3144,#3156));
#17 = ADVANCED_FACE('',(#18),#44,.T.);
#18 = FACE_BOUND('',#19,.T.);
#19 = EDGE_LOOP('',(#20,#30,#38));
#20 = ORIENTED_EDGE('',*,*,#21,.T.);
#21 = EDGE_CURVE('',#22,#24,#26,.T.);
#22 = VERTEX_POINT('',#23);
#23 = CARTESIAN_POINT('',(50.,32.173400878906,35.173400878906));
#24 = VERTEX_POINT('',#25);
#25 = CARTESIAN_POINT('',(48.,30.052000045776,33.051998138428));
#26 = LINE('',#27,#28);
#27 = CARTESIAN_POINT('',(50.,32.173400878906,35.173400878906));
#28 = VECTOR('',#29,1.);
#29 = DIRECTION('',(-0.554685452837,-0.588355090886,-0.588355619876));
#30 = ORIENTED_EDGE('',*,*,#31,.F.);
#31 = EDGE_CURVE('',#32,#24,#34,.T.);
#32 = VERTEX_POINT('',#33);
#33 = CARTESIAN_POINT('',(48.,32.173400878906,35.173400878906));
#34 = LINE('',#35,#36);
#35 = CARTESIAN_POINT('',(48.,32.173400878906,35.173400878906));
#36 = VECTOR('',#37,1.);
#37 = DIRECTION('',(0.,-0.707106463307,-0.707107099066));
#38 = ORIENTED_EDGE('',*,*,#39,.T.);
#39 = EDGE_CURVE('',#32,#22,#40,.T.);
#40 = LINE('',#41,#42);
#41 = CARTESIAN_POINT('',(48.,32.173400878906,35.173400878906));
#42 = VECTOR('',#43,1.);
#43 = DIRECTION('',(1.,0.,0.));
#44 = PLANE('',#45);
#45 = AXIS2_PLACEMENT_3D('',#46,#47,#48);
#46 = CARTESIAN_POINT('',(48.651382982974,31.359209808299,
    34.359209076261));
#47 = DIRECTION('',(-1.540134825962E-16,0.707107099066,-0.707106463307)
  );
#48 = DIRECTION('',(-2.7405889831E-33,0.707106463307,0.707107099066));
#49 = ADVANCED_FACE('',(#50),#67,.T.);
#50 = FACE_BOUND('',#51,.T.);
#51 = EDGE_LOOP('',(#52,#60,#61));
#52 = ORIENTED_EDGE('',*,*,#53,.T.);
#53 = EDGE_CURVE('',#54,#24,#56,.T.);
#54 = VERTEX_POINT('',#55);
#55 = CARTESIAN_POINT('',(50.,2.,5.));
#56 = LINE('',#57,#58);
#57 = CARTESIAN_POINT('',(50.,2.,5.));
#58 = VECTOR('',#59,1.);
#59 = DIRECTION('',(-5.035005931794E-02,0.706209933146,0.706209885128));
#60 = ORIENTED_EDGE('',*,*,#21,.F.);
#61 = ORIENTED_EDGE('',*,*,#62,.F.);
#62 = EDGE_CURVE('',#54,#22,#63,.T.);
#63 = LINE('',#64,#65);
#64 = CARTESIAN_POINT('',(50.,2.,5.));
#65 = VECTOR('',#66,1.);
#66 = DIRECTION('',(0.,0.707106781187,0.707106781187));
#67 = PLANE('',#68);
#68 = AXIS2_PLACEMENT_3D('',#69,#70,#71);
#69 = CARTESIAN_POINT('',(49.496186510459,17.184838248136,
    20.184837767662));
#70 = DIRECTION('',(6.74349579056E-07,0.707106781186,-0.707106781186));
#71 = DIRECTION('',(2.554164217674E-23,0.707106781187,0.707106781187));
#72 = ADVANCED_FACE('',(#73),#98,.T.);
#73 = FACE_BOUND('',#74,.T.);
#74 = EDGE_LOOP('',(#75,#76,#84,#92));
#75 = ORIENTED_EDGE('',*,*,#53,.F.);
#76 = ORIENTED_EDGE('',*,*,#77,.T.);
#77 = EDGE_CURVE('',#54,#78,#80,.T.);
#78 = VERTEX_POINT('',#79);
#79 = CARTESIAN_POINT('',(43.,2.,5.));
#80 = LINE('',#81,#82);
#81 = CARTESIAN_POINT('',(50.,2.,5.));
#82 = VECTOR('',#83,1.);
#83 = DIRECTION('',(-1.,0.,0.));
#84 = ORIENTED_EDGE('',*,*,#85,.T.);
#85 = EDGE_CURVE('',#78,#86,#88,.T.);
#86 = VERTEX_POINT('',#87);
#87 = CARTESIAN_POINT('',(43.,30.052000045776,33.051998138428));
#88 = LINE('',#89,#90);
#89 = CARTESIAN_POINT('',(43.,2.,5.));
#90 = VECTOR('',#91,1.);
#91 = DIRECTION('',(0.,0.707106805226,0.707106757147));
#92 = ORIENTED_EDGE('',*,*,#93,.T.);
#93 = EDGE_CURVE('',#86,#24,#94,.T.);
#94 = LINE('',#95,#96);
#95 = CARTESIAN_POINT('',(43.,30.052000045776,33.051998138428));
#96 = VECTOR('',#97,1.);
#97 = DIRECTION('',(1.,0.,0.));
#98 = PLANE('',#99);
#99 = AXIS2_PLACEMENT_3D('',#100,#101,#102);
#100 = CARTESIAN_POINT('',(46.0125955027,15.719063255212,18.719062322407
    ));
#101 = DIRECTION('',(-0.,0.707106757147,-0.707106805226));
#102 = DIRECTION('',(0.,-0.707106805226,-0.707106757147));
#103 = ADVANCED_FACE('',(#104),#202,.T.);
#104 = FACE_BOUND('',#105,.T.);
#105 = EDGE_LOOP('',(#106,#116,#124,#132,#140,#148,#156,#164,#172,#180,
    #188,#196));
#106 = ORIENTED_EDGE('',*,*,#107,.T.);
#107 = EDGE_CURVE('',#108,#110,#112,.T.);
#108 = VERTEX_POINT('',#109);
#109 = CARTESIAN_POINT('',(48.,0.,5.));
#110 = VERTEX_POINT('',#111);
#111 = CARTESIAN_POINT('',(35.,0.,5.));
#112 = LINE('',#113,#114);
#113 = CARTESIAN_POINT('',(48.,0.,5.));
#114 = VECTOR('',#115,1.);
#115 = DIRECTION('',(-1.,0.,0.));
#116 = ORIENTED_EDGE('',*,*,#117,.T.);
#117 = EDGE_CURVE('',#110,#118,#120,.T.);
#118 = VERTEX_POINT('',#119);
#119 = CARTESIAN_POINT('',(35.,0.,3.));
#120 = LINE('',#121,#122);
#121 = CARTESIAN_POINT('',(35.,0.,5.));
#122 = VECTOR('',#123,1.);
#123 = DIRECTION('',(0.,0.,-1.));
#124 = ORIENTED_EDGE('',*,*,#125,.F.);
#125 = EDGE_CURVE('',#126,#118,#128,.T.);
#126 = VERTEX_POINT('',#127);
#127 = CARTESIAN_POINT('',(15.,0.,3.));
#128 = LINE('',#129,#130);
#129 = CARTESIAN_POINT('',(15.,0.,3.));
#130 = VECTOR('',#131,1.);
#131 = DIRECTION('',(1.,0.,0.));
#132 = ORIENTED_EDGE('',*,*,#133,.T.);
#133 = EDGE_CURVE('',#126,#134,#136,.T.);
#134 = VERTEX_POINT('',#135);
#135 = CARTESIAN_POINT('',(15.,0.,5.));
#136 = LINE('',#137,#138);
#137 = CARTESIAN_POINT('',(15.,0.,3.));
#138 = VECTOR('',#139,1.);
#139 = DIRECTION('',(0.,0.,1.));
#140 = ORIENTED_EDGE('',*,*,#141,.T.);
#141 = EDGE_CURVE('',#134,#142,#144,.T.);
#142 = VERTEX_POINT('',#143);
#143 = CARTESIAN_POINT('',(2.,0.,5.));
#144 = LINE('',#145,#146);
#145 = CARTESIAN_POINT('',(15.,0.,5.));
#146 = VECTOR('',#147,1.);
#147 = DIRECTION('',(-1.,0.,0.));
#148 = ORIENTED_EDGE('',*,*,#149,.F.);
#149 = EDGE_CURVE('',#150,#142,#152,.T.);
#150 = VERTEX_POINT('',#151);
#151 = CARTESIAN_POINT('',(2.,0.,3.));
#152 = LINE('',#153,#154);
#153 = CARTESIAN_POINT('',(2.,0.,3.));
#154 = VECTOR('',#155,1.);
#155 = DIRECTION('',(0.,0.,1.));
#156 = ORIENTED_EDGE('',*,*,#157,.T.);
#157 = EDGE_CURVE('',#150,#158,#160,.T.);
#158 = VERTEX_POINT('',#159);
#159 = CARTESIAN_POINT('',(0.,0.,3.));
#160 = LINE('',#161,#162);
#161 = CARTESIAN_POINT('',(2.,0.,3.));
#162 = VECTOR('',#163,1.);
#163 = DIRECTION('',(-1.,0.,0.));
#164 = ORIENTED_EDGE('',*,*,#165,.F.);
#165 = EDGE_CURVE('',#166,#158,#168,.T.);
#166 = VERTEX_POINT('',#167);
#167 = CARTESIAN_POINT('',(0.,0.,0.));
#168 = LINE('',#169,#170);
#169 = CARTESIAN_POINT('',(0.,0.,0.));
#170 = VECTOR('',#171,1.);
#171 = DIRECTION('',(0.,0.,1.));
#172 = ORIENTED_EDGE('',*,*,#173,.F.);
#173 = EDGE_CURVE('',#174,#166,#176,.T.);
#174 = VERTEX_POINT('',#175);
#175 = CARTESIAN_POINT('',(50.,0.,0.));
#176 = LINE('',#177,#178);
#177 = CARTESIAN_POINT('',(50.,0.,0.));
#178 = VECTOR('',#179,1.);
#179 = DIRECTION('',(-1.,0.,0.));
#180 = ORIENTED_EDGE('',*,*,#181,.F.);
#181 = EDGE_CURVE('',#182,#174,#184,.T.);
#182 = VERTEX_POINT('',#183);
#183 = CARTESIAN_POINT('',(50.,0.,3.));
#184 = LINE('',#185,#186);
#185 = CARTESIAN_POINT('',(50.,0.,3.));
#186 = VECTOR('',#187,1.);
#187 = DIRECTION('',(0.,0.,-1.));
#188 = ORIENTED_EDGE('',*,*,#189,.T.);
#189 = EDGE_CURVE('',#182,#190,#192,.T.);
#190 = VERTEX_POINT('',#191);
#191 = CARTESIAN_POINT('',(48.,0.,3.));
#192 = LINE('',#193,#194);
#193 = CARTESIAN_POINT('',(50.,0.,3.));
#194 = VECTOR('',#195,1.);
#195 = DIRECTION('',(-1.,0.,0.));
#196 = ORIENTED_EDGE('',*,*,#197,.F.);
#197 = EDGE_CURVE('',#108,#190,#198,.T.);
#198 = LINE('',#199,#200);
#199 = CARTESIAN_POINT('',(48.,0.,5.));
#200 = VECTOR('',#201,1.);
#201 = DIRECTION('',(0.,0.,-1.));
#202 = PLANE('',#203);
#203 = AXIS2_PLACEMENT_3D('',#204,#205,#206);
#204 = CARTESIAN_POINT('',(25.,0.,2.131578947368));
#205 = DIRECTION('',(-0.,-1.,-0.));
#206 = DIRECTION('',(0.,0.,-1.));
#207 = ADVANCED_FACE('',(#208),#257,.T.);
#208 = FACE_BOUND('',#209,.T.);
#209 = EDGE_LOOP('',(#210,#218,#226,#234,#242,#250,#256));
#210 = ORIENTED_EDGE('',*,*,#211,.T.);
#211 = EDGE_CURVE('',#134,#212,#214,.T.);
#212 = VERTEX_POINT('',#213);
#213 = CARTESIAN_POINT('',(0.,15.,5.));
#214 = LINE('',#215,#216);
#215 = CARTESIAN_POINT('',(15.,0.,5.));
#216 = VECTOR('',#217,1.);
#217 = DIRECTION('',(-0.707106781187,0.707106781187,0.));
#218 = ORIENTED_EDGE('',*,*,#219,.F.);
#219 = EDGE_CURVE('',#220,#212,#222,.T.);
#220 = VERTEX_POINT('',#221);
#221 = CARTESIAN_POINT('',(0.,2.,5.));
#222 = LINE('',#223,#224);
#223 = CARTESIAN_POINT('',(0.,2.,5.));
#224 = VECTOR('',#225,1.);
#225 = DIRECTION('',(0.,1.,0.));
#226 = ORIENTED_EDGE('',*,*,#227,.F.);
#227 = EDGE_CURVE('',#228,#220,#230,.T.);
#228 = VERTEX_POINT('',#229);
#229 = CARTESIAN_POINT('',(7.,2.,5.));
#230 = LINE('',#231,#232);
#231 = CARTESIAN_POINT('',(7.,2.,5.));
#232 = VECTOR('',#233,1.);
#233 = DIRECTION('',(-1.,0.,0.));
#234 = ORIENTED_EDGE('',*,*,#235,.F.);
#235 = EDGE_CURVE('',#236,#228,#238,.T.);
#236 = VERTEX_POINT('',#237);
#237 = CARTESIAN_POINT('',(7.,0.828426003456,5.));
#238 = LINE('',#239,#240);
#239 = CARTESIAN_POINT('',(7.,0.828426003456,5.));
#240 = VECTOR('',#241,1.);
#241 = DIRECTION('',(0.,1.,0.));
#242 = ORIENTED_EDGE('',*,*,#243,.F.);
#243 = EDGE_CURVE('',#244,#236,#246,.T.);
#244 = VERTEX_POINT('',#245);
#245 = CARTESIAN_POINT('',(2.,0.828426003456,5.));
#246 = LINE('',#247,#248);
#247 = CARTESIAN_POINT('',(2.,0.828426003456,5.));
#248 = VECTOR('',#249,1.);
#249 = DIRECTION('',(1.,0.,0.));
#250 = ORIENTED_EDGE('',*,*,#251,.F.);
#251 = EDGE_CURVE('',#142,#244,#252,.T.);
#252 = LINE('',#253,#254);
#253 = CARTESIAN_POINT('',(2.,0.,5.));
#254 = VECTOR('',#255,1.);
#255 = DIRECTION('',(0.,1.,0.));
#256 = ORIENTED_EDGE('',*,*,#141,.F.);
#257 = PLANE('',#258);
#258 = AXIS2_PLACEMENT_3D('',#259,#260,#261);
#259 = CARTESIAN_POINT('',(5.33311242391,4.73331143483,5.));
#260 = DIRECTION('',(0.,0.,1.));
#261 = DIRECTION('',(1.,0.,-0.));
#262 = ADVANCED_FACE('',(#263),#303,.T.);
#263 = FACE_BOUND('',#264,.T.);
#264 = EDGE_LOOP('',(#265,#266,#274,#280,#281,#289,#297));
#265 = ORIENTED_EDGE('',*,*,#77,.F.);
#266 = ORIENTED_EDGE('',*,*,#267,.F.);
#267 = EDGE_CURVE('',#268,#54,#270,.T.);
#268 = VERTEX_POINT('',#269);
#269 = CARTESIAN_POINT('',(50.,15.,5.));
#270 = LINE('',#271,#272);
#271 = CARTESIAN_POINT('',(50.,15.,5.));
#272 = VECTOR('',#273,1.);
#273 = DIRECTION('',(0.,-1.,0.));
#274 = ORIENTED_EDGE('',*,*,#275,.T.);
#275 = EDGE_CURVE('',#268,#110,#276,.T.);
#276 = LINE('',#277,#278);
#277 = CARTESIAN_POINT('',(50.,15.,5.));
#278 = VECTOR('',#279,1.);
#279 = DIRECTION('',(-0.707106781187,-0.707106781187,0.));
#280 = ORIENTED_EDGE('',*,*,#107,.F.);
#281 = ORIENTED_EDGE('',*,*,#282,.F.);
#282 = EDGE_CURVE('',#283,#108,#285,.T.);
#283 = VERTEX_POINT('',#284);
#284 = CARTESIAN_POINT('',(48.,0.828426003456,5.));
#285 = LINE('',#286,#287);
#286 = CARTESIAN_POINT('',(48.,0.828426003456,5.));
#287 = VECTOR('',#288,1.);
#288 = DIRECTION('',(0.,-1.,0.));
#289 = ORIENTED_EDGE('',*,*,#290,.F.);
#290 = EDGE_CURVE('',#291,#283,#293,.T.);
#291 = VERTEX_POINT('',#292);
#292 = CARTESIAN_POINT('',(43.,0.828426003456,5.));
#293 = LINE('',#294,#295);
#294 = CARTESIAN_POINT('',(43.,0.828426003456,5.));
#295 = VECTOR('',#296,1.);
#296 = DIRECTION('',(1.,0.,0.));
#297 = ORIENTED_EDGE('',*,*,#298,.F.);
#298 = EDGE_CURVE('',#78,#291,#299,.T.);
#299 = LINE('',#300,#301);
#300 = CARTESIAN_POINT('',(43.,2.,5.));
#301 = VECTOR('',#302,1.);
#302 = DIRECTION('',(0.,-1.,0.));
#303 = PLANE('',#304);
#304 = AXIS2_PLACEMENT_3D('',#305,#306,#307);
#305 = CARTESIAN_POINT('',(44.66688757609,4.73331143483,5.));
#306 = DIRECTION('',(0.,0.,1.));
#307 = DIRECTION('',(1.,0.,-0.));
#308 = ADVANCED_FACE('',(#309),#335,.T.);
#309 = FACE_BOUND('',#310,.T.);
#310 = EDGE_LOOP('',(#311,#312,#320,#328,#334));
#311 = ORIENTED_EDGE('',*,*,#298,.T.);
#312 = ORIENTED_EDGE('',*,*,#313,.T.);
#313 = EDGE_CURVE('',#291,#314,#316,.T.);
#314 = VERTEX_POINT('',#315);
#315 = CARTESIAN_POINT('',(43.,0.,5.828430175781));
#316 = LINE('',#317,#318);
#317 = CARTESIAN_POINT('',(43.,0.828426003456,5.));
#318 = VECTOR('',#319,1.);
#319 = DIRECTION('',(0.,-0.707105000535,0.707108561833));
#320 = ORIENTED_EDGE('',*,*,#321,.T.);
#321 = EDGE_CURVE('',#314,#322,#324,.T.);
#322 = VERTEX_POINT('',#323);
#323 = CARTESIAN_POINT('',(43.,28.637800216675,34.466300964355));
#324 = LINE('',#325,#326);
#325 = CARTESIAN_POINT('',(43.,0.,5.828430175781));
#326 = VECTOR('',#327,1.);
#327 = DIRECTION('',(0.,0.707105909928,0.707107652444));
#328 = ORIENTED_EDGE('',*,*,#329,.T.);
#329 = EDGE_CURVE('',#322,#86,#330,.T.);
#330 = LINE('',#331,#332);
#331 = CARTESIAN_POINT('',(43.,28.637800216675,34.466300964355));
#332 = VECTOR('',#333,1.);
#333 = DIRECTION('',(0.,0.707081032199,-0.707132529237));
#334 = ORIENTED_EDGE('',*,*,#85,.F.);
#335 = PLANE('',#336);
#336 = AXIS2_PLACEMENT_3D('',#337,#338,#339);
#337 = CARTESIAN_POINT('',(43.,15.104170015188,19.528902347829));
#338 = DIRECTION('',(-1.,-0.,-0.));
#339 = DIRECTION('',(0.,0.,-1.));
#340 = ADVANCED_FACE('',(#341),#366,.T.);
#341 = FACE_BOUND('',#342,.T.);
#342 = EDGE_LOOP('',(#343,#351,#352,#360));
#343 = ORIENTED_EDGE('',*,*,#344,.T.);
#344 = EDGE_CURVE('',#345,#228,#347,.T.);
#345 = VERTEX_POINT('',#346);
#346 = CARTESIAN_POINT('',(7.,30.052000045776,33.051998138428));
#347 = LINE('',#348,#349);
#348 = CARTESIAN_POINT('',(7.,30.052000045776,33.051998138428));
#349 = VECTOR('',#350,1.);
#350 = DIRECTION('',(0.,-0.707106805226,-0.707106757147));
#351 = ORIENTED_EDGE('',*,*,#227,.T.);
#352 = ORIENTED_EDGE('',*,*,#353,.T.);
#353 = EDGE_CURVE('',#220,#354,#356,.T.);
#354 = VERTEX_POINT('',#355);
#355 = CARTESIAN_POINT('',(2.,30.052000045776,33.051998138428));
#356 = LINE('',#357,#358);
#357 = CARTESIAN_POINT('',(0.,2.,5.));
#358 = VECTOR('',#359,1.);
#359 = DIRECTION('',(5.035005931794E-02,0.706209933146,0.706209885128));
#360 = ORIENTED_EDGE('',*,*,#361,.T.);
#361 = EDGE_CURVE('',#354,#345,#362,.T.);
#362 = LINE('',#363,#364);
#363 = CARTESIAN_POINT('',(2.,30.052000045776,33.051998138428));
#364 = VECTOR('',#365,1.);
#365 = DIRECTION('',(1.,0.,0.));
#366 = PLANE('',#367);
#367 = AXIS2_PLACEMENT_3D('',#368,#369,#370);
#368 = CARTESIAN_POINT('',(3.9874044973,15.719063255212,18.719062322407)
  );
#369 = DIRECTION('',(-1.137770539343E-16,0.707106757147,-0.707106805226)
  );
#370 = DIRECTION('',(-4.183996582474E-34,-0.707106805226,-0.707106757147
    ));
#371 = ADVANCED_FACE('',(#372),#389,.T.);
#372 = FACE_BOUND('',#373,.T.);
#373 = EDGE_LOOP('',(#374,#375,#383));
#374 = ORIENTED_EDGE('',*,*,#353,.F.);
#375 = ORIENTED_EDGE('',*,*,#376,.F.);
#376 = EDGE_CURVE('',#377,#220,#379,.T.);
#377 = VERTEX_POINT('',#378);
#378 = CARTESIAN_POINT('',(0.,32.173400878906,35.173400878906));
#379 = LINE('',#380,#381);
#380 = CARTESIAN_POINT('',(0.,32.173400878906,35.173400878906));
#381 = VECTOR('',#382,1.);
#382 = DIRECTION('',(0.,-0.707106781187,-0.707106781187));
#383 = ORIENTED_EDGE('',*,*,#384,.F.);
#384 = EDGE_CURVE('',#354,#377,#385,.T.);
#385 = LINE('',#386,#387);
#386 = CARTESIAN_POINT('',(2.,30.052000045776,33.051998138428));
#387 = VECTOR('',#388,1.);
#388 = DIRECTION('',(-0.554685452837,0.588355090886,0.588355619876));
#389 = PLANE('',#390);
#390 = AXIS2_PLACEMENT_3D('',#391,#392,#393);
#391 = CARTESIAN_POINT('',(0.503813489541,17.184838248136,
    20.184837767662));
#392 = DIRECTION('',(-6.743495753307E-07,0.707106781186,-0.707106781186)
  );
#393 = DIRECTION('',(1.25379032507E-24,-0.707106781187,-0.707106781187)
  );
#394 = ADVANCED_FACE('',(#395),#412,.T.);
#395 = FACE_BOUND('',#396,.T.);
#396 = EDGE_LOOP('',(#397,#398,#406));
#397 = ORIENTED_EDGE('',*,*,#384,.T.);
#398 = ORIENTED_EDGE('',*,*,#399,.T.);
#399 = EDGE_CURVE('',#377,#400,#402,.T.);
#400 = VERTEX_POINT('',#401);
#401 = CARTESIAN_POINT('',(2.,32.173400878906,35.173400878906));
#402 = LINE('',#403,#404);
#403 = CARTESIAN_POINT('',(0.,32.173400878906,35.173400878906));
#404 = VECTOR('',#405,1.);
#405 = DIRECTION('',(1.,0.,0.));
#406 = ORIENTED_EDGE('',*,*,#407,.F.);
#407 = EDGE_CURVE('',#354,#400,#408,.T.);
#408 = LINE('',#409,#410);
#409 = CARTESIAN_POINT('',(2.,30.052000045776,33.051998138428));
#410 = VECTOR('',#411,1.);
#411 = DIRECTION('',(0.,0.707106463307,0.707107099066));
#412 = PLANE('',#413);
#413 = AXIS2_PLACEMENT_3D('',#414,#415,#416);
#414 = CARTESIAN_POINT('',(1.348617017026,31.359209808299,
    34.359209076261));
#415 = DIRECTION('',(2.646163230063E-16,0.707107099066,-0.707106463307)
  );
#416 = DIRECTION('',(7.314114914572E-33,0.707106463307,0.707107099066));
#417 = ADVANCED_FACE('',(#418),#467,.T.);
#418 = FACE_BOUND('',#419,.T.);
#419 = EDGE_LOOP('',(#420,#428,#429,#437,#445,#451,#452,#453,#461));
#420 = ORIENTED_EDGE('',*,*,#421,.T.);
#421 = EDGE_CURVE('',#422,#354,#424,.T.);
#422 = VERTEX_POINT('',#423);
#423 = CARTESIAN_POINT('',(2.,28.637800216675,34.466300964355));
#424 = LINE('',#425,#426);
#425 = CARTESIAN_POINT('',(2.,28.637800216675,34.466300964355));
#426 = VECTOR('',#427,1.);
#427 = DIRECTION('',(0.,0.707081032199,-0.707132529237));
#428 = ORIENTED_EDGE('',*,*,#407,.T.);
#429 = ORIENTED_EDGE('',*,*,#430,.T.);
#430 = EDGE_CURVE('',#400,#431,#433,.T.);
#431 = VERTEX_POINT('',#432);
#432 = CARTESIAN_POINT('',(2.,10.960200309753,56.386600494385));
#433 = LINE('',#434,#435);
#434 = CARTESIAN_POINT('',(2.,32.173400878906,35.173400878906));
#435 = VECTOR('',#436,1.);
#436 = DIRECTION('',(0.,-0.707106797081,0.707106765292));
#437 = ORIENTED_EDGE('',*,*,#438,.T.);
#438 = EDGE_CURVE('',#431,#439,#441,.T.);
#439 = VERTEX_POINT('',#440);
#440 = CARTESIAN_POINT('',(2.,-21.21319961547,24.213199615479));
#441 = LINE('',#442,#443);
#442 = CARTESIAN_POINT('',(2.,10.960200309753,56.386600494385));
#443 = VECTOR('',#444,1.);
#444 = DIRECTION('',(0.,-0.707106770707,-0.707106791666));
#445 = ORIENTED_EDGE('',*,*,#446,.F.);
#446 = EDGE_CURVE('',#150,#439,#447,.T.);
#447 = LINE('',#448,#449);
#448 = CARTESIAN_POINT('',(2.,0.,3.));
#449 = VECTOR('',#450,1.);
#450 = DIRECTION('',(0.,-0.707106781187,0.707106781187));
#451 = ORIENTED_EDGE('',*,*,#149,.T.);
#452 = ORIENTED_EDGE('',*,*,#251,.T.);
#453 = ORIENTED_EDGE('',*,*,#454,.T.);
#454 = EDGE_CURVE('',#244,#455,#457,.T.);
#455 = VERTEX_POINT('',#456);
#456 = CARTESIAN_POINT('',(2.,0.,5.828430175781));
#457 = LINE('',#458,#459);
#458 = CARTESIAN_POINT('',(2.,0.828426003456,5.));
#459 = VECTOR('',#460,1.);
#460 = DIRECTION('',(0.,-0.707105000535,0.707108561833));
#461 = ORIENTED_EDGE('',*,*,#462,.T.);
#462 = EDGE_CURVE('',#455,#422,#463,.T.);
#463 = LINE('',#464,#465);
#464 = CARTESIAN_POINT('',(2.,0.,5.828430175781));
#465 = VECTOR('',#466,1.);
#466 = DIRECTION('',(0.,0.707105909928,0.707107652444));
#467 = PLANE('',#468);
#468 = AXIS2_PLACEMENT_3D('',#469,#470,#471);
#469 = CARTESIAN_POINT('',(2.,5.344037726711,29.803578327507));
#470 = DIRECTION('',(1.,0.,0.));
#471 = DIRECTION('',(-0.,0.,1.));
#472 = ADVANCED_FACE('',(#473),#503,.F.);
#473 = FACE_BOUND('',#474,.F.);
#474 = EDGE_LOOP('',(#475,#483,#489,#490,#496,#497));
#475 = ORIENTED_EDGE('',*,*,#476,.T.);
#476 = EDGE_CURVE('',#477,#190,#479,.T.);
#477 = VERTEX_POINT('',#478);
#478 = CARTESIAN_POINT('',(48.,-21.21319961547,24.213199615479));
#479 = LINE('',#480,#481);
#480 = CARTESIAN_POINT('',(48.,-21.21319961547,24.213199615479));
#481 = VECTOR('',#482,1.);
#482 = DIRECTION('',(0.,0.707106781187,-0.707106781187));
#483 = ORIENTED_EDGE('',*,*,#484,.T.);
#484 = EDGE_CURVE('',#190,#118,#485,.T.);
#485 = LINE('',#486,#487);
#486 = CARTESIAN_POINT('',(48.,0.,3.));
#487 = VECTOR('',#488,1.);
#488 = DIRECTION('',(-1.,0.,0.));
#489 = ORIENTED_EDGE('',*,*,#125,.F.);
#490 = ORIENTED_EDGE('',*,*,#491,.T.);
#491 = EDGE_CURVE('',#126,#150,#492,.T.);
#492 = LINE('',#493,#494);
#493 = CARTESIAN_POINT('',(15.,0.,3.));
#494 = VECTOR('',#495,1.);
#495 = DIRECTION('',(-1.,0.,0.));
#496 = ORIENTED_EDGE('',*,*,#446,.T.);
#497 = ORIENTED_EDGE('',*,*,#498,.F.);
#498 = EDGE_CURVE('',#477,#439,#499,.T.);
#499 = LINE('',#500,#501);
#500 = CARTESIAN_POINT('',(48.,-21.21319961547,24.213199615479));
#501 = VECTOR('',#502,1.);
#502 = DIRECTION('',(-1.,0.,0.));
#503 = PLANE('',#504);
#504 = AXIS2_PLACEMENT_3D('',#505,#506,#507);
#505 = CARTESIAN_POINT('',(25.,-10.60659980773,13.606599807739));
#506 = DIRECTION('',(0.,0.707106781187,0.707106781187));
#507 = DIRECTION('',(0.,0.707106781187,-0.707106781187));
#508 = ADVANCED_FACE('',(#509),#582,.T.);
#509 = FACE_BOUND('',#510,.T.);
#510 = EDGE_LOOP('',(#511,#512,#520,#528,#536,#542,#543,#551,#559,#567,
    #575,#581));
#511 = ORIENTED_EDGE('',*,*,#219,.T.);
#512 = ORIENTED_EDGE('',*,*,#513,.T.);
#513 = EDGE_CURVE('',#212,#514,#516,.T.);
#514 = VERTEX_POINT('',#515);
#515 = CARTESIAN_POINT('',(0.,15.,3.));
#516 = LINE('',#517,#518);
#517 = CARTESIAN_POINT('',(0.,15.,5.));
#518 = VECTOR('',#519,1.);
#519 = DIRECTION('',(0.,0.,-1.));
#520 = ORIENTED_EDGE('',*,*,#521,.F.);
#521 = EDGE_CURVE('',#522,#514,#524,.T.);
#522 = VERTEX_POINT('',#523);
#523 = CARTESIAN_POINT('',(0.,35.,3.));
#524 = LINE('',#525,#526);
#525 = CARTESIAN_POINT('',(0.,35.,3.));
#526 = VECTOR('',#527,1.);
#527 = DIRECTION('',(0.,-1.,0.));
#528 = ORIENTED_EDGE('',*,*,#529,.T.);
#529 = EDGE_CURVE('',#522,#530,#532,.T.);
#530 = VERTEX_POINT('',#531);
#531 = CARTESIAN_POINT('',(0.,35.,0.));
#532 = LINE('',#533,#534);
#533 = CARTESIAN_POINT('',(0.,35.,3.));
#534 = VECTOR('',#535,1.);
#535 = DIRECTION('',(0.,0.,-1.));
#536 = ORIENTED_EDGE('',*,*,#537,.F.);
#537 = EDGE_CURVE('',#166,#530,#538,.T.);
#538 = LINE('',#539,#540);
#539 = CARTESIAN_POINT('',(0.,0.,0.));
#540 = VECTOR('',#541,1.);
#541 = DIRECTION('',(0.,1.,0.));
#542 = ORIENTED_EDGE('',*,*,#165,.T.);
#543 = ORIENTED_EDGE('',*,*,#544,.T.);
#544 = EDGE_CURVE('',#158,#545,#547,.T.);
#545 = VERTEX_POINT('',#546);
#546 = CARTESIAN_POINT('',(0.,-1.414209961891,1.585790038109));
#547 = LINE('',#548,#549);
#548 = CARTESIAN_POINT('',(0.,0.,3.));
#549 = VECTOR('',#550,1.);
#550 = DIRECTION('',(0.,-0.707106781187,-0.707106781187));
#551 = ORIENTED_EDGE('',*,*,#552,.T.);
#552 = EDGE_CURVE('',#545,#553,#555,.T.);
#553 = VERTEX_POINT('',#554);
#554 = CARTESIAN_POINT('',(0.,-22.62739944458,22.798999786377));
#555 = LINE('',#556,#557);
#556 = CARTESIAN_POINT('',(0.,-1.414209961891,1.585790038109));
#557 = VECTOR('',#558,1.);
#558 = DIRECTION('',(0.,-0.707106443427,0.707107118946));
#559 = ORIENTED_EDGE('',*,*,#560,.T.);
#560 = EDGE_CURVE('',#553,#561,#563,.T.);
#561 = VERTEX_POINT('',#562);
#562 = CARTESIAN_POINT('',(0.,-21.21319961547,24.213199615479));
#563 = LINE('',#564,#565);
#564 = CARTESIAN_POINT('',(0.,-22.62739944458,22.798999786377));
#565 = VECTOR('',#566,1.);
#566 = DIRECTION('',(0.,0.707106781187,0.707106781187));
#567 = ORIENTED_EDGE('',*,*,#568,.T.);
#568 = EDGE_CURVE('',#561,#569,#571,.T.);
#569 = VERTEX_POINT('',#570);
#570 = CARTESIAN_POINT('',(0.,10.960200309753,56.386600494385));
#571 = LINE('',#572,#573);
#572 = CARTESIAN_POINT('',(0.,-21.21319961547,24.213199615479));
#573 = VECTOR('',#574,1.);
#574 = DIRECTION('',(0.,0.707106770707,0.707106791666));
#575 = ORIENTED_EDGE('',*,*,#576,.T.);
#576 = EDGE_CURVE('',#569,#377,#577,.T.);
#577 = LINE('',#578,#579);
#578 = CARTESIAN_POINT('',(0.,10.960200309753,56.386600494385));
#579 = VECTOR('',#580,1.);
#580 = DIRECTION('',(0.,0.707106797081,-0.707106765292));
#581 = ORIENTED_EDGE('',*,*,#376,.T.);
#582 = PLANE('',#583);
#583 = AXIS2_PLACEMENT_3D('',#584,#585,#586);
#584 = CARTESIAN_POINT('',(0.,9.181626031645,20.263468758408));
#585 = DIRECTION('',(-1.,-0.,-0.));
#586 = DIRECTION('',(0.,0.,-1.));
#587 = ADVANCED_FACE('',(#588,#606,#736,#866,#996),#1126,.T.);
#588 = FACE_BOUND('',#589,.T.);
#589 = EDGE_LOOP('',(#590,#598,#604,#605));
#590 = ORIENTED_EDGE('',*,*,#591,.T.);
#591 = EDGE_CURVE('',#530,#592,#594,.T.);
#592 = VERTEX_POINT('',#593);
#593 = CARTESIAN_POINT('',(50.,35.,0.));
#594 = LINE('',#595,#596);
#595 = CARTESIAN_POINT('',(0.,35.,0.));
#596 = VECTOR('',#597,1.);
#597 = DIRECTION('',(1.,0.,0.));
#598 = ORIENTED_EDGE('',*,*,#599,.F.);
#599 = EDGE_CURVE('',#174,#592,#600,.T.);
#600 = LINE('',#601,#602);
#601 = CARTESIAN_POINT('',(50.,0.,0.));
#602 = VECTOR('',#603,1.);
#603 = DIRECTION('',(0.,1.,0.));
#604 = ORIENTED_EDGE('',*,*,#173,.T.);
#605 = ORIENTED_EDGE('',*,*,#537,.T.);
#606 = FACE_BOUND('',#607,.T.);
#607 = EDGE_LOOP('',(#608,#618,#626,#634,#642,#650,#658,#666,#674,#682,
    #690,#698,#706,#714,#722,#730));
#608 = ORIENTED_EDGE('',*,*,#609,.T.);
#609 = EDGE_CURVE('',#610,#612,#614,.T.);
#610 = VERTEX_POINT('',#611);
#611 = CARTESIAN_POINT('',(10.612299919128,28.978200912476,0.));
#612 = VERTEX_POINT('',#613);
#613 = CARTESIAN_POINT('',(10.,29.10000038147,0.));
#614 = LINE('',#615,#616);
#615 = CARTESIAN_POINT('',(10.612299919128,28.978200912476,0.));
#616 = VECTOR('',#617,1.);
#617 = DIRECTION('',(-0.980783612276,0.19509870807,0.));
#618 = ORIENTED_EDGE('',*,*,#619,.T.);
#619 = EDGE_CURVE('',#612,#620,#622,.T.);
#620 = VERTEX_POINT('',#621);
#621 = CARTESIAN_POINT('',(9.387709617615,28.978200912476,0.));
#622 = LINE('',#623,#624);
#623 = CARTESIAN_POINT('',(10.,29.10000038147,0.));
#624 = VECTOR('',#625,1.);
#625 = DIRECTION('',(-0.980783030806,-0.195101631166,0.));
#626 = ORIENTED_EDGE('',*,*,#627,.T.);
#627 = EDGE_CURVE('',#620,#628,#630,.T.);
#628 = VERTEX_POINT('',#629);
#629 = CARTESIAN_POINT('',(8.868630409241,28.631399154663,0.));
#630 = LINE('',#631,#632);
#631 = CARTESIAN_POINT('',(9.387709617615,28.978200912476,0.));
#632 = VECTOR('',#633,1.);
#633 = DIRECTION('',(-0.831496161798,-0.555530496837,0.));
#634 = ORIENTED_EDGE('',*,*,#635,.T.);
#635 = EDGE_CURVE('',#628,#636,#638,.T.);
#636 = VERTEX_POINT('',#637);
#637 = CARTESIAN_POINT('',(8.521789550781,28.112300872803,0.));
#638 = LINE('',#639,#640);
#639 = CARTESIAN_POINT('',(8.868630409241,28.631399154663,0.));
#640 = VECTOR('',#641,1.);
#641 = DIRECTION('',(-0.555559685862,-0.831476659591,0.));
#642 = ORIENTED_EDGE('',*,*,#643,.T.);
#643 = EDGE_CURVE('',#636,#644,#646,.T.);
#644 = VERTEX_POINT('',#645);
#645 = CARTESIAN_POINT('',(8.39999961853,27.5,0.));
#646 = LINE('',#647,#648);
#647 = CARTESIAN_POINT('',(8.521789550781,28.112300872803,0.));
#648 = VECTOR('',#649,1.);
#649 = DIRECTION('',(-0.195083721197,-0.980786593365,0.));
#650 = ORIENTED_EDGE('',*,*,#651,.T.);
#651 = EDGE_CURVE('',#644,#652,#654,.T.);
#652 = VERTEX_POINT('',#653);
#653 = CARTESIAN_POINT('',(8.521789550781,26.887699127197,0.));
#654 = LINE('',#655,#656);
#655 = CARTESIAN_POINT('',(8.39999961853,27.5,0.));
#656 = VECTOR('',#657,1.);
#657 = DIRECTION('',(0.195083721197,-0.980786593365,0.));
#658 = ORIENTED_EDGE('',*,*,#659,.T.);
#659 = EDGE_CURVE('',#652,#660,#662,.T.);
#660 = VERTEX_POINT('',#661);
#661 = CARTESIAN_POINT('',(8.868630409241,26.368600845337,0.));
#662 = LINE('',#663,#664);
#663 = CARTESIAN_POINT('',(8.521789550781,26.887699127197,0.));
#664 = VECTOR('',#665,1.);
#665 = DIRECTION('',(0.555559685862,-0.831476659591,0.));
#666 = ORIENTED_EDGE('',*,*,#667,.T.);
#667 = EDGE_CURVE('',#660,#668,#670,.T.);
#668 = VERTEX_POINT('',#669);
#669 = CARTESIAN_POINT('',(9.387709617615,26.021799087524,0.));
#670 = LINE('',#671,#672);
#671 = CARTESIAN_POINT('',(8.868630409241,26.368600845337,0.));
#672 = VECTOR('',#673,1.);
#673 = DIRECTION('',(0.831496161798,-0.555530496837,0.));
#674 = ORIENTED_EDGE('',*,*,#675,.T.);
#675 = EDGE_CURVE('',#668,#676,#678,.T.);
#676 = VERTEX_POINT('',#677);
#677 = CARTESIAN_POINT('',(10.,25.89999961853,0.));
#678 = LINE('',#679,#680);
#679 = CARTESIAN_POINT('',(9.387709617615,26.021799087524,0.));
#680 = VECTOR('',#681,1.);
#681 = DIRECTION('',(0.980783030806,-0.195101631166,0.));
#682 = ORIENTED_EDGE('',*,*,#683,.T.);
#683 = EDGE_CURVE('',#676,#684,#686,.T.);
#684 = VERTEX_POINT('',#685);
#685 = CARTESIAN_POINT('',(10.612299919128,26.021799087524,0.));
#686 = LINE('',#687,#688);
#687 = CARTESIAN_POINT('',(10.,25.89999961853,0.));
#688 = VECTOR('',#689,1.);
#689 = DIRECTION('',(0.980783612276,0.19509870807,0.));
#690 = ORIENTED_EDGE('',*,*,#691,.T.);
#691 = EDGE_CURVE('',#684,#692,#694,.T.);
#692 = VERTEX_POINT('',#693);
#693 = CARTESIAN_POINT('',(11.131400108337,26.368600845337,0.));
#694 = LINE('',#695,#696);
#695 = CARTESIAN_POINT('',(10.612299919128,26.021799087524,0.));
#696 = VECTOR('',#697,1.);
#697 = DIRECTION('',(0.831506533427,0.555514972677,0.));
#698 = ORIENTED_EDGE('',*,*,#699,.T.);
#699 = EDGE_CURVE('',#692,#700,#702,.T.);
#700 = VERTEX_POINT('',#701);
#701 = CARTESIAN_POINT('',(11.478199958801,26.887699127197,0.));
#702 = LINE('',#703,#704);
#703 = CARTESIAN_POINT('',(11.131400108337,26.368600845337,0.));
#704 = VECTOR('',#705,1.);
#705 = DIRECTION('',(0.555514271532,0.831507001849,0.));
#706 = ORIENTED_EDGE('',*,*,#707,.T.);
#707 = EDGE_CURVE('',#700,#708,#710,.T.);
#708 = VERTEX_POINT('',#709);
#709 = CARTESIAN_POINT('',(11.60000038147,27.5,0.));
#710 = LINE('',#711,#712);
#711 = CARTESIAN_POINT('',(11.478199958801,26.887699127197,0.));
#712 = VECTOR('',#713,1.);
#713 = DIRECTION('',(0.195099885215,0.980783378116,0.));
#714 = ORIENTED_EDGE('',*,*,#715,.T.);
#715 = EDGE_CURVE('',#708,#716,#718,.T.);
#716 = VERTEX_POINT('',#717);
#717 = CARTESIAN_POINT('',(11.478199958801,28.112300872803,0.));
#718 = LINE('',#719,#720);
#719 = CARTESIAN_POINT('',(11.60000038147,27.5,0.));
#720 = VECTOR('',#721,1.);
#721 = DIRECTION('',(-0.195099885215,0.980783378116,0.));
#722 = ORIENTED_EDGE('',*,*,#723,.T.);
#723 = EDGE_CURVE('',#716,#724,#726,.T.);
#724 = VERTEX_POINT('',#725);
#725 = CARTESIAN_POINT('',(11.131400108337,28.631399154663,0.));
#726 = LINE('',#727,#728);
#727 = CARTESIAN_POINT('',(11.478199958801,28.112300872803,0.));
#728 = VECTOR('',#729,1.);
#729 = DIRECTION('',(-0.555514271532,0.831507001849,0.));
#730 = ORIENTED_EDGE('',*,*,#731,.T.);
#731 = EDGE_CURVE('',#724,#610,#732,.T.);
#732 = LINE('',#733,#734);
#733 = CARTESIAN_POINT('',(11.131400108337,28.631399154663,0.));
#734 = VECTOR('',#735,1.);
#735 = DIRECTION('',(-0.831506533427,0.555514972677,0.));
#736 = FACE_BOUND('',#737,.T.);
#737 = EDGE_LOOP('',(#738,#748,#756,#764,#772,#780,#788,#796,#804,#812,
    #820,#828,#836,#844,#852,#860));
#738 = ORIENTED_EDGE('',*,*,#739,.T.);
#739 = EDGE_CURVE('',#740,#742,#744,.T.);
#740 = VERTEX_POINT('',#741);
#741 = CARTESIAN_POINT('',(11.60000038147,7.5,0.));
#742 = VERTEX_POINT('',#743);
#743 = CARTESIAN_POINT('',(11.478199958801,8.112290382385,0.));
#744 = LINE('',#745,#746);
#745 = CARTESIAN_POINT('',(11.60000038147,7.5,0.));
#746 = VECTOR('',#747,1.);
#747 = DIRECTION('',(-0.195103100638,0.980782738491,0.));
#748 = ORIENTED_EDGE('',*,*,#749,.T.);
#749 = EDGE_CURVE('',#742,#750,#752,.T.);
#750 = VERTEX_POINT('',#751);
#751 = CARTESIAN_POINT('',(11.131400108337,8.631369590759,0.));
#752 = LINE('',#753,#754);
#753 = CARTESIAN_POINT('',(11.478199958801,8.112290382385,0.));
#754 = VECTOR('',#755,1.);
#755 = DIRECTION('',(-0.555528384427,0.831497573115,0.));
#756 = ORIENTED_EDGE('',*,*,#757,.T.);
#757 = EDGE_CURVE('',#750,#758,#760,.T.);
#758 = VERTEX_POINT('',#759);
#759 = CARTESIAN_POINT('',(10.612299919128,8.978210449219,0.));
#760 = LINE('',#761,#762);
#761 = CARTESIAN_POINT('',(11.131400108337,8.631369590759,0.));
#762 = VECTOR('',#763,1.);
#763 = DIRECTION('',(-0.831477602545,0.55555827459,0.));
#764 = ORIENTED_EDGE('',*,*,#765,.T.);
#765 = EDGE_CURVE('',#758,#766,#768,.T.);
#766 = VERTEX_POINT('',#767);
#767 = CARTESIAN_POINT('',(10.,9.10000038147,0.));
#768 = LINE('',#769,#770);
#769 = CARTESIAN_POINT('',(10.612299919128,8.978210449219,0.));
#770 = VECTOR('',#771,1.);
#771 = DIRECTION('',(-0.980786535228,0.195084013482,0.));
#772 = ORIENTED_EDGE('',*,*,#773,.T.);
#773 = EDGE_CURVE('',#766,#774,#776,.T.);
#774 = VERTEX_POINT('',#775);
#775 = CARTESIAN_POINT('',(9.387709617615,8.978210449219,0.));
#776 = LINE('',#777,#778);
#777 = CARTESIAN_POINT('',(10.,9.10000038147,0.));
#778 = VECTOR('',#779,1.);
#779 = DIRECTION('',(-0.980785953843,-0.195086936375,0.));
#780 = ORIENTED_EDGE('',*,*,#781,.T.);
#781 = EDGE_CURVE('',#774,#782,#784,.T.);
#782 = VERTEX_POINT('',#783);
#783 = CARTESIAN_POINT('',(8.868630409241,8.631369590759,0.));
#784 = LINE('',#785,#786);
#785 = CARTESIAN_POINT('',(9.387709617615,8.978210449219,0.));
#786 = VECTOR('',#787,1.);
#787 = DIRECTION('',(-0.83146722966,-0.55557379888,0.));
#788 = ORIENTED_EDGE('',*,*,#789,.T.);
#789 = EDGE_CURVE('',#782,#790,#792,.T.);
#790 = VERTEX_POINT('',#791);
#791 = CARTESIAN_POINT('',(8.521789550781,8.112290382385,0.));
#792 = LINE('',#793,#794);
#793 = CARTESIAN_POINT('',(8.868630409241,8.631369590759,0.));
#794 = VECTOR('',#795,1.);
#795 = DIRECTION('',(-0.55557379888,-0.83146722966,0.));
#796 = ORIENTED_EDGE('',*,*,#797,.T.);
#797 = EDGE_CURVE('',#790,#798,#800,.T.);
#798 = VERTEX_POINT('',#799);
#799 = CARTESIAN_POINT('',(8.39999961853,7.5,0.));
#800 = LINE('',#801,#802);
#801 = CARTESIAN_POINT('',(8.521789550781,8.112290382385,0.));
#802 = VECTOR('',#803,1.);
#803 = DIRECTION('',(-0.195086936375,-0.980785953843,0.));
#804 = ORIENTED_EDGE('',*,*,#805,.T.);
#805 = EDGE_CURVE('',#798,#806,#808,.T.);
#806 = VERTEX_POINT('',#807);
#807 = CARTESIAN_POINT('',(8.521789550781,6.887710094452,0.));
#808 = LINE('',#809,#810);
#809 = CARTESIAN_POINT('',(8.39999961853,7.5,0.));
#810 = VECTOR('',#811,1.);
#811 = DIRECTION('',(0.195087082522,-0.980785924773,0.));
#812 = ORIENTED_EDGE('',*,*,#813,.T.);
#813 = EDGE_CURVE('',#806,#814,#816,.T.);
#814 = VERTEX_POINT('',#815);
#815 = CARTESIAN_POINT('',(8.868630409241,6.368629932404,0.));
#816 = LINE('',#817,#818);
#817 = CARTESIAN_POINT('',(8.521789550781,6.887710094452,0.));
#818 = VECTOR('',#819,1.);
#819 = DIRECTION('',(0.555573093216,-0.831467701173,0.));
#820 = ORIENTED_EDGE('',*,*,#821,.T.);
#821 = EDGE_CURVE('',#814,#822,#824,.T.);
#822 = VERTEX_POINT('',#823);
#823 = CARTESIAN_POINT('',(9.387709617615,6.021790027618,0.));
#824 = LINE('',#825,#826);
#825 = CARTESIAN_POINT('',(8.868630409241,6.368629932404,0.));
#826 = VECTOR('',#827,1.);
#827 = DIRECTION('',(0.831467935324,-0.555572742787,0.));
#828 = ORIENTED_EDGE('',*,*,#829,.T.);
#829 = EDGE_CURVE('',#822,#830,#832,.T.);
#830 = VERTEX_POINT('',#831);
#831 = CARTESIAN_POINT('',(10.,5.900000095367,0.));
#832 = LINE('',#833,#834);
#833 = CARTESIAN_POINT('',(9.387709617615,6.021790027618,0.));
#834 = VECTOR('',#835,1.);
#835 = DIRECTION('',(0.980785953843,-0.195086936375,0.));
#836 = ORIENTED_EDGE('',*,*,#837,.T.);
#837 = EDGE_CURVE('',#830,#838,#840,.T.);
#838 = VERTEX_POINT('',#839);
#839 = CARTESIAN_POINT('',(10.612299919128,6.021790027618,0.));
#840 = LINE('',#841,#842);
#841 = CARTESIAN_POINT('',(10.,5.900000095367,0.));
#842 = VECTOR('',#843,1.);
#843 = DIRECTION('',(0.980786535228,0.195084013482,0.));
#844 = ORIENTED_EDGE('',*,*,#845,.T.);
#845 = EDGE_CURVE('',#838,#846,#848,.T.);
#846 = VERTEX_POINT('',#847);
#847 = CARTESIAN_POINT('',(11.131400108337,6.368629932404,0.));
#848 = LINE('',#849,#850);
#849 = CARTESIAN_POINT('',(10.612299919128,6.021790027618,0.));
#850 = VECTOR('',#851,1.);
#851 = DIRECTION('',(0.831478308179,0.5555572185,0.));
#852 = ORIENTED_EDGE('',*,*,#853,.T.);
#853 = EDGE_CURVE('',#846,#854,#856,.T.);
#854 = VERTEX_POINT('',#855);
#855 = CARTESIAN_POINT('',(11.478199958801,6.887710094452,0.));
#856 = LINE('',#857,#858);
#857 = CARTESIAN_POINT('',(11.131400108337,6.368629932404,0.));
#858 = VECTOR('',#859,1.);
#859 = DIRECTION('',(0.555527678769,0.831498044569,0.));
#860 = ORIENTED_EDGE('',*,*,#861,.T.);
#861 = EDGE_CURVE('',#854,#740,#862,.T.);
#862 = LINE('',#863,#864);
#863 = CARTESIAN_POINT('',(11.478199958801,6.887710094452,0.));
#864 = VECTOR('',#865,1.);
#865 = DIRECTION('',(0.195103246796,0.980782709416,0.));
#866 = FACE_BOUND('',#867,.T.);
#867 = EDGE_LOOP('',(#868,#878,#886,#894,#902,#910,#918,#926,#934,#942,
    #950,#958,#966,#974,#982,#990));
#868 = ORIENTED_EDGE('',*,*,#869,.T.);
#869 = EDGE_CURVE('',#870,#872,#874,.T.);
#870 = VERTEX_POINT('',#871);
#871 = CARTESIAN_POINT('',(39.387699127197,28.978200912476,0.));
#872 = VERTEX_POINT('',#873);
#873 = CARTESIAN_POINT('',(38.868598937988,28.631399154663,0.));
#874 = LINE('',#875,#876);
#875 = CARTESIAN_POINT('',(39.387699127197,28.978200912476,0.));
#876 = VECTOR('',#877,1.);
#877 = DIRECTION('',(-0.831506533427,-0.555514972677,0.));
#878 = ORIENTED_EDGE('',*,*,#879,.T.);
#879 = EDGE_CURVE('',#872,#880,#882,.T.);
#880 = VERTEX_POINT('',#881);
#881 = CARTESIAN_POINT('',(38.521800994873,28.112300872803,0.));
#882 = LINE('',#883,#884);
#883 = CARTESIAN_POINT('',(38.868598937988,28.631399154663,0.));
#884 = VECTOR('',#885,1.);
#885 = DIRECTION('',(-0.555512159116,-0.831508413111,0.));
#886 = ORIENTED_EDGE('',*,*,#887,.T.);
#887 = EDGE_CURVE('',#880,#888,#890,.T.);
#888 = VERTEX_POINT('',#889);
#889 = CARTESIAN_POINT('',(38.400001525879,27.5,0.));
#890 = LINE('',#891,#892);
#891 = CARTESIAN_POINT('',(38.521800994873,28.112300872803,0.));
#892 = VECTOR('',#893,1.);
#893 = DIRECTION('',(-0.195098415765,-0.980783670422,0.));
#894 = ORIENTED_EDGE('',*,*,#895,.T.);
#895 = EDGE_CURVE('',#888,#896,#898,.T.);
#896 = VERTEX_POINT('',#897);
#897 = CARTESIAN_POINT('',(38.521800994873,26.887699127197,0.));
#898 = LINE('',#899,#900);
#899 = CARTESIAN_POINT('',(38.400001525879,27.5,0.));
#900 = VECTOR('',#901,1.);
#901 = DIRECTION('',(0.195098415765,-0.980783670422,0.));
#902 = ORIENTED_EDGE('',*,*,#903,.T.);
#903 = EDGE_CURVE('',#896,#904,#906,.T.);
#904 = VERTEX_POINT('',#905);
#905 = CARTESIAN_POINT('',(38.868598937988,26.368600845337,0.));
#906 = LINE('',#907,#908);
#907 = CARTESIAN_POINT('',(38.521800994873,26.887699127197,0.));
#908 = VECTOR('',#909,1.);
#909 = DIRECTION('',(0.555512159116,-0.831508413111,0.));
#910 = ORIENTED_EDGE('',*,*,#911,.T.);
#911 = EDGE_CURVE('',#904,#912,#914,.T.);
#912 = VERTEX_POINT('',#913);
#913 = CARTESIAN_POINT('',(39.387699127197,26.021799087524,0.));
#914 = LINE('',#915,#916);
#915 = CARTESIAN_POINT('',(38.868598937988,26.368600845337,0.));
#916 = VECTOR('',#917,1.);
#917 = DIRECTION('',(0.831506533427,-0.555514972677,0.));
#918 = ORIENTED_EDGE('',*,*,#919,.T.);
#919 = EDGE_CURVE('',#912,#920,#922,.T.);
#920 = VERTEX_POINT('',#921);
#921 = CARTESIAN_POINT('',(40.,25.89999961853,0.));
#922 = LINE('',#923,#924);
#923 = CARTESIAN_POINT('',(39.387699127197,26.021799087524,0.));
#924 = VECTOR('',#925,1.);
#925 = DIRECTION('',(0.980783670422,-0.195098415765,0.));
#926 = ORIENTED_EDGE('',*,*,#927,.T.);
#927 = EDGE_CURVE('',#920,#928,#930,.T.);
#928 = VERTEX_POINT('',#929);
#929 = CARTESIAN_POINT('',(40.612300872803,26.021799087524,0.));
#930 = LINE('',#931,#932);
#931 = CARTESIAN_POINT('',(40.,25.89999961853,0.));
#932 = VECTOR('',#933,1.);
#933 = DIRECTION('',(0.980783670422,0.195098415765,0.));
#934 = ORIENTED_EDGE('',*,*,#935,.T.);
#935 = EDGE_CURVE('',#928,#936,#938,.T.);
#936 = VERTEX_POINT('',#937);
#937 = CARTESIAN_POINT('',(41.131401062012,26.368600845337,0.));
#938 = LINE('',#939,#940);
#939 = CARTESIAN_POINT('',(40.612300872803,26.021799087524,0.));
#940 = VECTOR('',#941,1.);
#941 = DIRECTION('',(0.831506533427,0.555514972677,0.));
#942 = ORIENTED_EDGE('',*,*,#943,.T.);
#943 = EDGE_CURVE('',#936,#944,#946,.T.);
#944 = VERTEX_POINT('',#945);
#945 = CARTESIAN_POINT('',(41.478199005127,26.887699127197,0.));
#946 = LINE('',#947,#948);
#947 = CARTESIAN_POINT('',(41.131401062012,26.368600845337,0.));
#948 = VECTOR('',#949,1.);
#949 = DIRECTION('',(0.555512159116,0.831508413111,0.));
#950 = ORIENTED_EDGE('',*,*,#951,.T.);
#951 = EDGE_CURVE('',#944,#952,#954,.T.);
#952 = VERTEX_POINT('',#953);
#953 = CARTESIAN_POINT('',(41.599998474121,27.5,0.));
#954 = LINE('',#955,#956);
#955 = CARTESIAN_POINT('',(41.478199005127,26.887699127197,0.));
#956 = VECTOR('',#957,1.);
#957 = DIRECTION('',(0.195098415765,0.980783670422,0.));
#958 = ORIENTED_EDGE('',*,*,#959,.T.);
#959 = EDGE_CURVE('',#952,#960,#962,.T.);
#960 = VERTEX_POINT('',#961);
#961 = CARTESIAN_POINT('',(41.478199005127,28.112300872803,0.));
#962 = LINE('',#963,#964);
#963 = CARTESIAN_POINT('',(41.599998474121,27.5,0.));
#964 = VECTOR('',#965,1.);
#965 = DIRECTION('',(-0.195098415765,0.980783670422,0.));
#966 = ORIENTED_EDGE('',*,*,#967,.T.);
#967 = EDGE_CURVE('',#960,#968,#970,.T.);
#968 = VERTEX_POINT('',#969);
#969 = CARTESIAN_POINT('',(41.131401062012,28.631399154663,0.));
#970 = LINE('',#971,#972);
#971 = CARTESIAN_POINT('',(41.478199005127,28.112300872803,0.));
#972 = VECTOR('',#973,1.);
#973 = DIRECTION('',(-0.555512159116,0.831508413111,0.));
#974 = ORIENTED_EDGE('',*,*,#975,.T.);
#975 = EDGE_CURVE('',#968,#976,#978,.T.);
#976 = VERTEX_POINT('',#977);
#977 = CARTESIAN_POINT('',(40.612300872803,28.978200912476,0.));
#978 = LINE('',#979,#980);
#979 = CARTESIAN_POINT('',(41.131401062012,28.631399154663,0.));
#980 = VECTOR('',#981,1.);
#981 = DIRECTION('',(-0.831506533427,0.555514972677,0.));
#982 = ORIENTED_EDGE('',*,*,#983,.T.);
#983 = EDGE_CURVE('',#976,#984,#986,.T.);
#984 = VERTEX_POINT('',#985);
#985 = CARTESIAN_POINT('',(40.,29.10000038147,0.));
#986 = LINE('',#987,#988);
#987 = CARTESIAN_POINT('',(40.612300872803,28.978200912476,0.));
#988 = VECTOR('',#989,1.);
#989 = DIRECTION('',(-0.980783670422,0.195098415765,0.));
#990 = ORIENTED_EDGE('',*,*,#991,.T.);
#991 = EDGE_CURVE('',#984,#870,#992,.T.);
#992 = LINE('',#993,#994);
#993 = CARTESIAN_POINT('',(40.,29.10000038147,0.));
#994 = VECTOR('',#995,1.);
#995 = DIRECTION('',(-0.980783670422,-0.195098415765,0.));
#996 = FACE_BOUND('',#997,.T.);
#997 = EDGE_LOOP('',(#998,#1008,#1016,#1024,#1032,#1040,#1048,#1056,
    #1064,#1072,#1080,#1088,#1096,#1104,#1112,#1120));
#998 = ORIENTED_EDGE('',*,*,#999,.T.);
#999 = EDGE_CURVE('',#1000,#1002,#1004,.T.);
#1000 = VERTEX_POINT('',#1001);
#1001 = CARTESIAN_POINT('',(38.521800994873,8.112290382385,0.));
#1002 = VERTEX_POINT('',#1003);
#1003 = CARTESIAN_POINT('',(38.400001525879,7.5,0.));
#1004 = LINE('',#1005,#1006);
#1005 = CARTESIAN_POINT('',(38.521800994873,8.112290382385,0.));
#1006 = VECTOR('',#1007,1.);
#1007 = DIRECTION('',(-0.195101631166,-0.980783030806,0.));
#1008 = ORIENTED_EDGE('',*,*,#1009,.T.);
#1009 = EDGE_CURVE('',#1002,#1010,#1012,.T.);
#1010 = VERTEX_POINT('',#1011);
#1011 = CARTESIAN_POINT('',(38.521800994873,6.887710094452,0.));
#1012 = LINE('',#1013,#1014);
#1013 = CARTESIAN_POINT('',(38.400001525879,7.5,0.));
#1014 = VECTOR('',#1015,1.);
#1015 = DIRECTION('',(0.195101777323,-0.980783001731,0.));
#1016 = ORIENTED_EDGE('',*,*,#1017,.T.);
#1017 = EDGE_CURVE('',#1010,#1018,#1020,.T.);
#1018 = VERTEX_POINT('',#1019);
#1019 = CARTESIAN_POINT('',(38.868598937988,6.368629932404,0.));
#1020 = LINE('',#1021,#1022);
#1021 = CARTESIAN_POINT('',(38.521800994873,6.887710094452,0.));
#1022 = VECTOR('',#1023,1.);
#1023 = DIRECTION('',(0.555525566348,-0.831499455883,0.));
#1024 = ORIENTED_EDGE('',*,*,#1025,.T.);
#1025 = EDGE_CURVE('',#1018,#1026,#1028,.T.);
#1026 = VERTEX_POINT('',#1027);
#1027 = CARTESIAN_POINT('',(39.387699127197,6.021790027618,0.));
#1028 = LINE('',#1029,#1030);
#1029 = CARTESIAN_POINT('',(38.868598937988,6.368629932404,0.));
#1030 = VECTOR('',#1031,1.);
#1031 = DIRECTION('',(0.831478308179,-0.5555572185,0.));
#1032 = ORIENTED_EDGE('',*,*,#1033,.T.);
#1033 = EDGE_CURVE('',#1026,#1034,#1036,.T.);
#1034 = VERTEX_POINT('',#1035);
#1035 = CARTESIAN_POINT('',(40.,5.900000095367,0.));
#1036 = LINE('',#1037,#1038);
#1037 = CARTESIAN_POINT('',(39.387699127197,6.021790027618,0.));
#1038 = VECTOR('',#1039,1.);
#1039 = DIRECTION('',(0.980786593365,-0.195083721197,0.));
#1040 = ORIENTED_EDGE('',*,*,#1041,.T.);
#1041 = EDGE_CURVE('',#1034,#1042,#1044,.T.);
#1042 = VERTEX_POINT('',#1043);
#1043 = CARTESIAN_POINT('',(40.612300872803,6.021790027618,0.));
#1044 = LINE('',#1045,#1046);
#1045 = CARTESIAN_POINT('',(40.,5.900000095367,0.));
#1046 = VECTOR('',#1047,1.);
#1047 = DIRECTION('',(0.980786593365,0.195083721197,0.));
#1048 = ORIENTED_EDGE('',*,*,#1049,.T.);
#1049 = EDGE_CURVE('',#1042,#1050,#1052,.T.);
#1050 = VERTEX_POINT('',#1051);
#1051 = CARTESIAN_POINT('',(41.131401062012,6.368629932404,0.));
#1052 = LINE('',#1053,#1054);
#1053 = CARTESIAN_POINT('',(40.612300872803,6.021790027618,0.));
#1054 = VECTOR('',#1055,1.);
#1055 = DIRECTION('',(0.831478308179,0.5555572185,0.));
#1056 = ORIENTED_EDGE('',*,*,#1057,.T.);
#1057 = EDGE_CURVE('',#1050,#1058,#1060,.T.);
#1058 = VERTEX_POINT('',#1059);
#1059 = CARTESIAN_POINT('',(41.478199005127,6.887710094452,0.));
#1060 = LINE('',#1061,#1062);
#1061 = CARTESIAN_POINT('',(41.131401062012,6.368629932404,0.));
#1062 = VECTOR('',#1063,1.);
#1063 = DIRECTION('',(0.555525566348,0.831499455883,0.));
#1064 = ORIENTED_EDGE('',*,*,#1065,.T.);
#1065 = EDGE_CURVE('',#1058,#1066,#1068,.T.);
#1066 = VERTEX_POINT('',#1067);
#1067 = CARTESIAN_POINT('',(41.599998474121,7.5,0.));
#1068 = LINE('',#1069,#1070);
#1069 = CARTESIAN_POINT('',(41.478199005127,6.887710094452,0.));
#1070 = VECTOR('',#1071,1.);
#1071 = DIRECTION('',(0.195101777323,0.980783001731,0.));
#1072 = ORIENTED_EDGE('',*,*,#1073,.T.);
#1073 = EDGE_CURVE('',#1066,#1074,#1076,.T.);
#1074 = VERTEX_POINT('',#1075);
#1075 = CARTESIAN_POINT('',(41.478199005127,8.112290382385,0.));
#1076 = LINE('',#1077,#1078);
#1077 = CARTESIAN_POINT('',(41.599998474121,7.5,0.));
#1078 = VECTOR('',#1079,1.);
#1079 = DIRECTION('',(-0.195101631166,0.980783030806,0.));
#1080 = ORIENTED_EDGE('',*,*,#1081,.T.);
#1081 = EDGE_CURVE('',#1074,#1082,#1084,.T.);
#1082 = VERTEX_POINT('',#1083);
#1083 = CARTESIAN_POINT('',(41.131401062012,8.631369590759,0.));
#1084 = LINE('',#1085,#1086);
#1085 = CARTESIAN_POINT('',(41.478199005127,8.112290382385,0.));
#1086 = VECTOR('',#1087,1.);
#1087 = DIRECTION('',(-0.555526272005,0.831498984432,0.));
#1088 = ORIENTED_EDGE('',*,*,#1089,.T.);
#1089 = EDGE_CURVE('',#1082,#1090,#1092,.T.);
#1090 = VERTEX_POINT('',#1091);
#1091 = CARTESIAN_POINT('',(40.612300872803,8.978210449219,0.));
#1092 = LINE('',#1093,#1094);
#1093 = CARTESIAN_POINT('',(41.131401062012,8.631369590759,0.));
#1094 = VECTOR('',#1095,1.);
#1095 = DIRECTION('',(-0.831477602545,0.55555827459,0.));
#1096 = ORIENTED_EDGE('',*,*,#1097,.T.);
#1097 = EDGE_CURVE('',#1090,#1098,#1100,.T.);
#1098 = VERTEX_POINT('',#1099);
#1099 = CARTESIAN_POINT('',(40.,9.10000038147,0.));
#1100 = LINE('',#1101,#1102);
#1101 = CARTESIAN_POINT('',(40.612300872803,8.978210449219,0.));
#1102 = VECTOR('',#1103,1.);
#1103 = DIRECTION('',(-0.980786593365,0.195083721197,0.));
#1104 = ORIENTED_EDGE('',*,*,#1105,.T.);
#1105 = EDGE_CURVE('',#1098,#1106,#1108,.T.);
#1106 = VERTEX_POINT('',#1107);
#1107 = CARTESIAN_POINT('',(39.387699127197,8.978210449219,0.));
#1108 = LINE('',#1109,#1110);
#1109 = CARTESIAN_POINT('',(40.,9.10000038147,0.));
#1110 = VECTOR('',#1111,1.);
#1111 = DIRECTION('',(-0.980786593365,-0.195083721197,0.));
#1112 = ORIENTED_EDGE('',*,*,#1113,.T.);
#1113 = EDGE_CURVE('',#1106,#1114,#1116,.T.);
#1114 = VERTEX_POINT('',#1115);
#1115 = CARTESIAN_POINT('',(38.868598937988,8.631369590759,0.));
#1116 = LINE('',#1117,#1118);
#1117 = CARTESIAN_POINT('',(39.387699127197,8.978210449219,0.));
#1118 = VECTOR('',#1119,1.);
#1119 = DIRECTION('',(-0.831477602545,-0.55555827459,0.));
#1120 = ORIENTED_EDGE('',*,*,#1121,.T.);
#1121 = EDGE_CURVE('',#1114,#1000,#1122,.T.);
#1122 = LINE('',#1123,#1124);
#1123 = CARTESIAN_POINT('',(38.868598937988,8.631369590759,0.));
#1124 = VECTOR('',#1125,1.);
#1125 = DIRECTION('',(-0.555526272005,-0.831498984432,0.));
#1126 = PLANE('',#1127);
#1127 = AXIS2_PLACEMENT_3D('',#1128,#1129,#1130);
#1128 = CARTESIAN_POINT('',(25.,17.5,0.));
#1129 = DIRECTION('',(-0.,-0.,-1.));
#1130 = DIRECTION('',(-1.,0.,0.));
#1131 = ADVANCED_FACE('',(#1132,#1164,#1294,#1424,#1554),#1684,.T.);
#1132 = FACE_BOUND('',#1133,.T.);
#1133 = EDGE_LOOP('',(#1134,#1135,#1141,#1142,#1150,#1158));
#1134 = ORIENTED_EDGE('',*,*,#521,.T.);
#1135 = ORIENTED_EDGE('',*,*,#1136,.T.);
#1136 = EDGE_CURVE('',#514,#126,#1137,.T.);
#1137 = LINE('',#1138,#1139);
#1138 = CARTESIAN_POINT('',(0.,15.,3.));
#1139 = VECTOR('',#1140,1.);
#1140 = DIRECTION('',(0.707106781187,-0.707106781187,0.));
#1141 = ORIENTED_EDGE('',*,*,#125,.T.);
#1142 = ORIENTED_EDGE('',*,*,#1143,.T.);
#1143 = EDGE_CURVE('',#118,#1144,#1146,.T.);
#1144 = VERTEX_POINT('',#1145);
#1145 = CARTESIAN_POINT('',(50.,15.,3.));
#1146 = LINE('',#1147,#1148);
#1147 = CARTESIAN_POINT('',(35.,0.,3.));
#1148 = VECTOR('',#1149,1.);
#1149 = DIRECTION('',(0.707106781187,0.707106781187,0.));
#1150 = ORIENTED_EDGE('',*,*,#1151,.F.);
#1151 = EDGE_CURVE('',#1152,#1144,#1154,.T.);
#1152 = VERTEX_POINT('',#1153);
#1153 = CARTESIAN_POINT('',(50.,35.,3.));
#1154 = LINE('',#1155,#1156);
#1155 = CARTESIAN_POINT('',(50.,35.,3.));
#1156 = VECTOR('',#1157,1.);
#1157 = DIRECTION('',(0.,-1.,0.));
#1158 = ORIENTED_EDGE('',*,*,#1159,.T.);
#1159 = EDGE_CURVE('',#1152,#522,#1160,.T.);
#1160 = LINE('',#1161,#1162);
#1161 = CARTESIAN_POINT('',(50.,35.,3.));
#1162 = VECTOR('',#1163,1.);
#1163 = DIRECTION('',(-1.,0.,0.));
#1164 = FACE_BOUND('',#1165,.T.);
#1165 = EDGE_LOOP('',(#1166,#1176,#1184,#1192,#1200,#1208,#1216,#1224,
    #1232,#1240,#1248,#1256,#1264,#1272,#1280,#1288));
#1166 = ORIENTED_EDGE('',*,*,#1167,.T.);
#1167 = EDGE_CURVE('',#1168,#1170,#1172,.T.);
#1168 = VERTEX_POINT('',#1169);
#1169 = CARTESIAN_POINT('',(8.521789550781,26.887699127197,3.));
#1170 = VERTEX_POINT('',#1171);
#1171 = CARTESIAN_POINT('',(8.39999961853,27.5,3.));
#1172 = LINE('',#1173,#1174);
#1173 = CARTESIAN_POINT('',(8.521789550781,26.887699127197,3.));
#1174 = VECTOR('',#1175,1.);
#1175 = DIRECTION('',(-0.195083721197,0.980786593365,0.));
#1176 = ORIENTED_EDGE('',*,*,#1177,.T.);
#1177 = EDGE_CURVE('',#1170,#1178,#1180,.T.);
#1178 = VERTEX_POINT('',#1179);
#1179 = CARTESIAN_POINT('',(8.521789550781,28.112300872803,3.));
#1180 = LINE('',#1181,#1182);
#1181 = CARTESIAN_POINT('',(8.39999961853,27.5,3.));
#1182 = VECTOR('',#1183,1.);
#1183 = DIRECTION('',(0.195083721197,0.980786593365,0.));
#1184 = ORIENTED_EDGE('',*,*,#1185,.T.);
#1185 = EDGE_CURVE('',#1178,#1186,#1188,.T.);
#1186 = VERTEX_POINT('',#1187);
#1187 = CARTESIAN_POINT('',(8.868630409241,28.631399154663,3.));
#1188 = LINE('',#1189,#1190);
#1189 = CARTESIAN_POINT('',(8.521789550781,28.112300872803,3.));
#1190 = VECTOR('',#1191,1.);
#1191 = DIRECTION('',(0.555559685862,0.831476659591,0.));
#1192 = ORIENTED_EDGE('',*,*,#1193,.T.);
#1193 = EDGE_CURVE('',#1186,#1194,#1196,.T.);
#1194 = VERTEX_POINT('',#1195);
#1195 = CARTESIAN_POINT('',(9.387709617615,28.978200912476,3.));
#1196 = LINE('',#1197,#1198);
#1197 = CARTESIAN_POINT('',(8.868630409241,28.631399154663,3.));
#1198 = VECTOR('',#1199,1.);
#1199 = DIRECTION('',(0.831496161798,0.555530496837,0.));
#1200 = ORIENTED_EDGE('',*,*,#1201,.T.);
#1201 = EDGE_CURVE('',#1194,#1202,#1204,.T.);
#1202 = VERTEX_POINT('',#1203);
#1203 = CARTESIAN_POINT('',(10.,29.10000038147,3.));
#1204 = LINE('',#1205,#1206);
#1205 = CARTESIAN_POINT('',(9.387709617615,28.978200912476,3.));
#1206 = VECTOR('',#1207,1.);
#1207 = DIRECTION('',(0.980783030806,0.195101631166,0.));
#1208 = ORIENTED_EDGE('',*,*,#1209,.T.);
#1209 = EDGE_CURVE('',#1202,#1210,#1212,.T.);
#1210 = VERTEX_POINT('',#1211);
#1211 = CARTESIAN_POINT('',(10.612299919128,28.978200912476,3.));
#1212 = LINE('',#1213,#1214);
#1213 = CARTESIAN_POINT('',(10.,29.10000038147,3.));
#1214 = VECTOR('',#1215,1.);
#1215 = DIRECTION('',(0.980783612276,-0.19509870807,0.));
#1216 = ORIENTED_EDGE('',*,*,#1217,.T.);
#1217 = EDGE_CURVE('',#1210,#1218,#1220,.T.);
#1218 = VERTEX_POINT('',#1219);
#1219 = CARTESIAN_POINT('',(11.131400108337,28.631399154663,3.));
#1220 = LINE('',#1221,#1222);
#1221 = CARTESIAN_POINT('',(10.612299919128,28.978200912476,3.));
#1222 = VECTOR('',#1223,1.);
#1223 = DIRECTION('',(0.831506533427,-0.555514972677,0.));
#1224 = ORIENTED_EDGE('',*,*,#1225,.T.);
#1225 = EDGE_CURVE('',#1218,#1226,#1228,.T.);
#1226 = VERTEX_POINT('',#1227);
#1227 = CARTESIAN_POINT('',(11.478199958801,28.112300872803,3.));
#1228 = LINE('',#1229,#1230);
#1229 = CARTESIAN_POINT('',(11.131400108337,28.631399154663,3.));
#1230 = VECTOR('',#1231,1.);
#1231 = DIRECTION('',(0.555514271532,-0.831507001849,0.));
#1232 = ORIENTED_EDGE('',*,*,#1233,.T.);
#1233 = EDGE_CURVE('',#1226,#1234,#1236,.T.);
#1234 = VERTEX_POINT('',#1235);
#1235 = CARTESIAN_POINT('',(11.60000038147,27.5,3.));
#1236 = LINE('',#1237,#1238);
#1237 = CARTESIAN_POINT('',(11.478199958801,28.112300872803,3.));
#1238 = VECTOR('',#1239,1.);
#1239 = DIRECTION('',(0.195099885215,-0.980783378116,0.));
#1240 = ORIENTED_EDGE('',*,*,#1241,.T.);
#1241 = EDGE_CURVE('',#1234,#1242,#1244,.T.);
#1242 = VERTEX_POINT('',#1243);
#1243 = CARTESIAN_POINT('',(11.478199958801,26.887699127197,3.));
#1244 = LINE('',#1245,#1246);
#1245 = CARTESIAN_POINT('',(11.60000038147,27.5,3.));
#1246 = VECTOR('',#1247,1.);
#1247 = DIRECTION('',(-0.195099885215,-0.980783378116,0.));
#1248 = ORIENTED_EDGE('',*,*,#1249,.T.);
#1249 = EDGE_CURVE('',#1242,#1250,#1252,.T.);
#1250 = VERTEX_POINT('',#1251);
#1251 = CARTESIAN_POINT('',(11.131400108337,26.368600845337,3.));
#1252 = LINE('',#1253,#1254);
#1253 = CARTESIAN_POINT('',(11.478199958801,26.887699127197,3.));
#1254 = VECTOR('',#1255,1.);
#1255 = DIRECTION('',(-0.555514271532,-0.831507001849,0.));
#1256 = ORIENTED_EDGE('',*,*,#1257,.T.);
#1257 = EDGE_CURVE('',#1250,#1258,#1260,.T.);
#1258 = VERTEX_POINT('',#1259);
#1259 = CARTESIAN_POINT('',(10.612299919128,26.021799087524,3.));
#1260 = LINE('',#1261,#1262);
#1261 = CARTESIAN_POINT('',(11.131400108337,26.368600845337,3.));
#1262 = VECTOR('',#1263,1.);
#1263 = DIRECTION('',(-0.831506533427,-0.555514972677,0.));
#1264 = ORIENTED_EDGE('',*,*,#1265,.T.);
#1265 = EDGE_CURVE('',#1258,#1266,#1268,.T.);
#1266 = VERTEX_POINT('',#1267);
#1267 = CARTESIAN_POINT('',(10.,25.89999961853,3.));
#1268 = LINE('',#1269,#1270);
#1269 = CARTESIAN_POINT('',(10.612299919128,26.021799087524,3.));
#1270 = VECTOR('',#1271,1.);
#1271 = DIRECTION('',(-0.980783612276,-0.19509870807,0.));
#1272 = ORIENTED_EDGE('',*,*,#1273,.T.);
#1273 = EDGE_CURVE('',#1266,#1274,#1276,.T.);
#1274 = VERTEX_POINT('',#1275);
#1275 = CARTESIAN_POINT('',(9.387709617615,26.021799087524,3.));
#1276 = LINE('',#1277,#1278);
#1277 = CARTESIAN_POINT('',(10.,25.89999961853,3.));
#1278 = VECTOR('',#1279,1.);
#1279 = DIRECTION('',(-0.980783030806,0.195101631166,0.));
#1280 = ORIENTED_EDGE('',*,*,#1281,.T.);
#1281 = EDGE_CURVE('',#1274,#1282,#1284,.T.);
#1282 = VERTEX_POINT('',#1283);
#1283 = CARTESIAN_POINT('',(8.868630409241,26.368600845337,3.));
#1284 = LINE('',#1285,#1286);
#1285 = CARTESIAN_POINT('',(9.387709617615,26.021799087524,3.));
#1286 = VECTOR('',#1287,1.);
#1287 = DIRECTION('',(-0.831496161798,0.555530496837,0.));
#1288 = ORIENTED_EDGE('',*,*,#1289,.T.);
#1289 = EDGE_CURVE('',#1282,#1168,#1290,.T.);
#1290 = LINE('',#1291,#1292);
#1291 = CARTESIAN_POINT('',(8.868630409241,26.368600845337,3.));
#1292 = VECTOR('',#1293,1.);
#1293 = DIRECTION('',(-0.555559685862,0.831476659591,0.));
#1294 = FACE_BOUND('',#1295,.T.);
#1295 = EDGE_LOOP('',(#1296,#1306,#1314,#1322,#1330,#1338,#1346,#1354,
    #1362,#1370,#1378,#1386,#1394,#1402,#1410,#1418));
#1296 = ORIENTED_EDGE('',*,*,#1297,.T.);
#1297 = EDGE_CURVE('',#1298,#1300,#1302,.T.);
#1298 = VERTEX_POINT('',#1299);
#1299 = CARTESIAN_POINT('',(9.387709617615,8.978210449219,3.));
#1300 = VERTEX_POINT('',#1301);
#1301 = CARTESIAN_POINT('',(10.,9.10000038147,3.));
#1302 = LINE('',#1303,#1304);
#1303 = CARTESIAN_POINT('',(9.387709617615,8.978210449219,3.));
#1304 = VECTOR('',#1305,1.);
#1305 = DIRECTION('',(0.980785953843,0.195086936375,0.));
#1306 = ORIENTED_EDGE('',*,*,#1307,.T.);
#1307 = EDGE_CURVE('',#1300,#1308,#1310,.T.);
#1308 = VERTEX_POINT('',#1309);
#1309 = CARTESIAN_POINT('',(10.612299919128,8.978210449219,3.));
#1310 = LINE('',#1311,#1312);
#1311 = CARTESIAN_POINT('',(10.,9.10000038147,3.));
#1312 = VECTOR('',#1313,1.);
#1313 = DIRECTION('',(0.980786535228,-0.195084013482,0.));
#1314 = ORIENTED_EDGE('',*,*,#1315,.T.);
#1315 = EDGE_CURVE('',#1308,#1316,#1318,.T.);
#1316 = VERTEX_POINT('',#1317);
#1317 = CARTESIAN_POINT('',(11.131400108337,8.631369590759,3.));
#1318 = LINE('',#1319,#1320);
#1319 = CARTESIAN_POINT('',(10.612299919128,8.978210449219,3.));
#1320 = VECTOR('',#1321,1.);
#1321 = DIRECTION('',(0.831477602545,-0.55555827459,0.));
#1322 = ORIENTED_EDGE('',*,*,#1323,.T.);
#1323 = EDGE_CURVE('',#1316,#1324,#1326,.T.);
#1324 = VERTEX_POINT('',#1325);
#1325 = CARTESIAN_POINT('',(11.478199958801,8.112290382385,3.));
#1326 = LINE('',#1327,#1328);
#1327 = CARTESIAN_POINT('',(11.131400108337,8.631369590759,3.));
#1328 = VECTOR('',#1329,1.);
#1329 = DIRECTION('',(0.555528384427,-0.831497573115,0.));
#1330 = ORIENTED_EDGE('',*,*,#1331,.T.);
#1331 = EDGE_CURVE('',#1324,#1332,#1334,.T.);
#1332 = VERTEX_POINT('',#1333);
#1333 = CARTESIAN_POINT('',(11.60000038147,7.5,3.));
#1334 = LINE('',#1335,#1336);
#1335 = CARTESIAN_POINT('',(11.478199958801,8.112290382385,3.));
#1336 = VECTOR('',#1337,1.);
#1337 = DIRECTION('',(0.195103100638,-0.980782738491,0.));
#1338 = ORIENTED_EDGE('',*,*,#1339,.T.);
#1339 = EDGE_CURVE('',#1332,#1340,#1342,.T.);
#1340 = VERTEX_POINT('',#1341);
#1341 = CARTESIAN_POINT('',(11.478199958801,6.887710094452,3.));
#1342 = LINE('',#1343,#1344);
#1343 = CARTESIAN_POINT('',(11.60000038147,7.5,3.));
#1344 = VECTOR('',#1345,1.);
#1345 = DIRECTION('',(-0.195103246796,-0.980782709416,0.));
#1346 = ORIENTED_EDGE('',*,*,#1347,.T.);
#1347 = EDGE_CURVE('',#1340,#1348,#1350,.T.);
#1348 = VERTEX_POINT('',#1349);
#1349 = CARTESIAN_POINT('',(11.131400108337,6.368629932404,3.));
#1350 = LINE('',#1351,#1352);
#1351 = CARTESIAN_POINT('',(11.478199958801,6.887710094452,3.));
#1352 = VECTOR('',#1353,1.);
#1353 = DIRECTION('',(-0.555527678769,-0.831498044569,0.));
#1354 = ORIENTED_EDGE('',*,*,#1355,.T.);
#1355 = EDGE_CURVE('',#1348,#1356,#1358,.T.);
#1356 = VERTEX_POINT('',#1357);
#1357 = CARTESIAN_POINT('',(10.612299919128,6.021790027618,3.));
#1358 = LINE('',#1359,#1360);
#1359 = CARTESIAN_POINT('',(11.131400108337,6.368629932404,3.));
#1360 = VECTOR('',#1361,1.);
#1361 = DIRECTION('',(-0.831478308179,-0.5555572185,0.));
#1362 = ORIENTED_EDGE('',*,*,#1363,.T.);
#1363 = EDGE_CURVE('',#1356,#1364,#1366,.T.);
#1364 = VERTEX_POINT('',#1365);
#1365 = CARTESIAN_POINT('',(10.,5.900000095367,3.));
#1366 = LINE('',#1367,#1368);
#1367 = CARTESIAN_POINT('',(10.612299919128,6.021790027618,3.));
#1368 = VECTOR('',#1369,1.);
#1369 = DIRECTION('',(-0.980786535228,-0.195084013482,0.));
#1370 = ORIENTED_EDGE('',*,*,#1371,.T.);
#1371 = EDGE_CURVE('',#1364,#1372,#1374,.T.);
#1372 = VERTEX_POINT('',#1373);
#1373 = CARTESIAN_POINT('',(9.387709617615,6.021790027618,3.));
#1374 = LINE('',#1375,#1376);
#1375 = CARTESIAN_POINT('',(10.,5.900000095367,3.));
#1376 = VECTOR('',#1377,1.);
#1377 = DIRECTION('',(-0.980785953843,0.195086936375,0.));
#1378 = ORIENTED_EDGE('',*,*,#1379,.T.);
#1379 = EDGE_CURVE('',#1372,#1380,#1382,.T.);
#1380 = VERTEX_POINT('',#1381);
#1381 = CARTESIAN_POINT('',(8.868630409241,6.368629932404,3.));
#1382 = LINE('',#1383,#1384);
#1383 = CARTESIAN_POINT('',(9.387709617615,6.021790027618,3.));
#1384 = VECTOR('',#1385,1.);
#1385 = DIRECTION('',(-0.831467935324,0.555572742787,0.));
#1386 = ORIENTED_EDGE('',*,*,#1387,.T.);
#1387 = EDGE_CURVE('',#1380,#1388,#1390,.T.);
#1388 = VERTEX_POINT('',#1389);
#1389 = CARTESIAN_POINT('',(8.521789550781,6.887710094452,3.));
#1390 = LINE('',#1391,#1392);
#1391 = CARTESIAN_POINT('',(8.868630409241,6.368629932404,3.));
#1392 = VECTOR('',#1393,1.);
#1393 = DIRECTION('',(-0.555573093216,0.831467701173,0.));
#1394 = ORIENTED_EDGE('',*,*,#1395,.T.);
#1395 = EDGE_CURVE('',#1388,#1396,#1398,.T.);
#1396 = VERTEX_POINT('',#1397);
#1397 = CARTESIAN_POINT('',(8.39999961853,7.5,3.));
#1398 = LINE('',#1399,#1400);
#1399 = CARTESIAN_POINT('',(8.521789550781,6.887710094452,3.));
#1400 = VECTOR('',#1401,1.);
#1401 = DIRECTION('',(-0.195087082522,0.980785924773,0.));
#1402 = ORIENTED_EDGE('',*,*,#1403,.T.);
#1403 = EDGE_CURVE('',#1396,#1404,#1406,.T.);
#1404 = VERTEX_POINT('',#1405);
#1405 = CARTESIAN_POINT('',(8.521789550781,8.112290382385,3.));
#1406 = LINE('',#1407,#1408);
#1407 = CARTESIAN_POINT('',(8.39999961853,7.5,3.));
#1408 = VECTOR('',#1409,1.);
#1409 = DIRECTION('',(0.195086936375,0.980785953843,0.));
#1410 = ORIENTED_EDGE('',*,*,#1411,.T.);
#1411 = EDGE_CURVE('',#1404,#1412,#1414,.T.);
#1412 = VERTEX_POINT('',#1413);
#1413 = CARTESIAN_POINT('',(8.868630409241,8.631369590759,3.));
#1414 = LINE('',#1415,#1416);
#1415 = CARTESIAN_POINT('',(8.521789550781,8.112290382385,3.));
#1416 = VECTOR('',#1417,1.);
#1417 = DIRECTION('',(0.55557379888,0.83146722966,0.));
#1418 = ORIENTED_EDGE('',*,*,#1419,.T.);
#1419 = EDGE_CURVE('',#1412,#1298,#1420,.T.);
#1420 = LINE('',#1421,#1422);
#1421 = CARTESIAN_POINT('',(8.868630409241,8.631369590759,3.));
#1422 = VECTOR('',#1423,1.);
#1423 = DIRECTION('',(0.83146722966,0.55557379888,0.));
#1424 = FACE_BOUND('',#1425,.T.);
#1425 = EDGE_LOOP('',(#1426,#1436,#1444,#1452,#1460,#1468,#1476,#1484,
    #1492,#1500,#1508,#1516,#1524,#1532,#1540,#1548));
#1426 = ORIENTED_EDGE('',*,*,#1427,.T.);
#1427 = EDGE_CURVE('',#1428,#1430,#1432,.T.);
#1428 = VERTEX_POINT('',#1429);
#1429 = CARTESIAN_POINT('',(38.521800994873,26.887699127197,3.));
#1430 = VERTEX_POINT('',#1431);
#1431 = CARTESIAN_POINT('',(38.400001525879,27.5,3.));
#1432 = LINE('',#1433,#1434);
#1433 = CARTESIAN_POINT('',(38.521800994873,26.887699127197,3.));
#1434 = VECTOR('',#1435,1.);
#1435 = DIRECTION('',(-0.195098415765,0.980783670422,0.));
#1436 = ORIENTED_EDGE('',*,*,#1437,.T.);
#1437 = EDGE_CURVE('',#1430,#1438,#1440,.T.);
#1438 = VERTEX_POINT('',#1439);
#1439 = CARTESIAN_POINT('',(38.521800994873,28.112300872803,3.));
#1440 = LINE('',#1441,#1442);
#1441 = CARTESIAN_POINT('',(38.400001525879,27.5,3.));
#1442 = VECTOR('',#1443,1.);
#1443 = DIRECTION('',(0.195098415765,0.980783670422,0.));
#1444 = ORIENTED_EDGE('',*,*,#1445,.T.);
#1445 = EDGE_CURVE('',#1438,#1446,#1448,.T.);
#1446 = VERTEX_POINT('',#1447);
#1447 = CARTESIAN_POINT('',(38.868598937988,28.631399154663,3.));
#1448 = LINE('',#1449,#1450);
#1449 = CARTESIAN_POINT('',(38.521800994873,28.112300872803,3.));
#1450 = VECTOR('',#1451,1.);
#1451 = DIRECTION('',(0.555512159116,0.831508413111,0.));
#1452 = ORIENTED_EDGE('',*,*,#1453,.T.);
#1453 = EDGE_CURVE('',#1446,#1454,#1456,.T.);
#1454 = VERTEX_POINT('',#1455);
#1455 = CARTESIAN_POINT('',(39.387699127197,28.978200912476,3.));
#1456 = LINE('',#1457,#1458);
#1457 = CARTESIAN_POINT('',(38.868598937988,28.631399154663,3.));
#1458 = VECTOR('',#1459,1.);
#1459 = DIRECTION('',(0.831506533427,0.555514972677,0.));
#1460 = ORIENTED_EDGE('',*,*,#1461,.T.);
#1461 = EDGE_CURVE('',#1454,#1462,#1464,.T.);
#1462 = VERTEX_POINT('',#1463);
#1463 = CARTESIAN_POINT('',(40.,29.10000038147,3.));
#1464 = LINE('',#1465,#1466);
#1465 = CARTESIAN_POINT('',(39.387699127197,28.978200912476,3.));
#1466 = VECTOR('',#1467,1.);
#1467 = DIRECTION('',(0.980783670422,0.195098415765,0.));
#1468 = ORIENTED_EDGE('',*,*,#1469,.T.);
#1469 = EDGE_CURVE('',#1462,#1470,#1472,.T.);
#1470 = VERTEX_POINT('',#1471);
#1471 = CARTESIAN_POINT('',(40.612300872803,28.978200912476,3.));
#1472 = LINE('',#1473,#1474);
#1473 = CARTESIAN_POINT('',(40.,29.10000038147,3.));
#1474 = VECTOR('',#1475,1.);
#1475 = DIRECTION('',(0.980783670422,-0.195098415765,0.));
#1476 = ORIENTED_EDGE('',*,*,#1477,.T.);
#1477 = EDGE_CURVE('',#1470,#1478,#1480,.T.);
#1478 = VERTEX_POINT('',#1479);
#1479 = CARTESIAN_POINT('',(41.131401062012,28.631399154663,3.));
#1480 = LINE('',#1481,#1482);
#1481 = CARTESIAN_POINT('',(40.612300872803,28.978200912476,3.));
#1482 = VECTOR('',#1483,1.);
#1483 = DIRECTION('',(0.831506533427,-0.555514972677,0.));
#1484 = ORIENTED_EDGE('',*,*,#1485,.T.);
#1485 = EDGE_CURVE('',#1478,#1486,#1488,.T.);
#1486 = VERTEX_POINT('',#1487);
#1487 = CARTESIAN_POINT('',(41.478199005127,28.112300872803,3.));
#1488 = LINE('',#1489,#1490);
#1489 = CARTESIAN_POINT('',(41.131401062012,28.631399154663,3.));
#1490 = VECTOR('',#1491,1.);
#1491 = DIRECTION('',(0.555512159116,-0.831508413111,0.));
#1492 = ORIENTED_EDGE('',*,*,#1493,.T.);
#1493 = EDGE_CURVE('',#1486,#1494,#1496,.T.);
#1494 = VERTEX_POINT('',#1495);
#1495 = CARTESIAN_POINT('',(41.599998474121,27.5,3.));
#1496 = LINE('',#1497,#1498);
#1497 = CARTESIAN_POINT('',(41.478199005127,28.112300872803,3.));
#1498 = VECTOR('',#1499,1.);
#1499 = DIRECTION('',(0.195098415765,-0.980783670422,0.));
#1500 = ORIENTED_EDGE('',*,*,#1501,.T.);
#1501 = EDGE_CURVE('',#1494,#1502,#1504,.T.);
#1502 = VERTEX_POINT('',#1503);
#1503 = CARTESIAN_POINT('',(41.478199005127,26.887699127197,3.));
#1504 = LINE('',#1505,#1506);
#1505 = CARTESIAN_POINT('',(41.599998474121,27.5,3.));
#1506 = VECTOR('',#1507,1.);
#1507 = DIRECTION('',(-0.195098415765,-0.980783670422,0.));
#1508 = ORIENTED_EDGE('',*,*,#1509,.T.);
#1509 = EDGE_CURVE('',#1502,#1510,#1512,.T.);
#1510 = VERTEX_POINT('',#1511);
#1511 = CARTESIAN_POINT('',(41.131401062012,26.368600845337,3.));
#1512 = LINE('',#1513,#1514);
#1513 = CARTESIAN_POINT('',(41.478199005127,26.887699127197,3.));
#1514 = VECTOR('',#1515,1.);
#1515 = DIRECTION('',(-0.555512159116,-0.831508413111,0.));
#1516 = ORIENTED_EDGE('',*,*,#1517,.T.);
#1517 = EDGE_CURVE('',#1510,#1518,#1520,.T.);
#1518 = VERTEX_POINT('',#1519);
#1519 = CARTESIAN_POINT('',(40.612300872803,26.021799087524,3.));
#1520 = LINE('',#1521,#1522);
#1521 = CARTESIAN_POINT('',(41.131401062012,26.368600845337,3.));
#1522 = VECTOR('',#1523,1.);
#1523 = DIRECTION('',(-0.831506533427,-0.555514972677,0.));
#1524 = ORIENTED_EDGE('',*,*,#1525,.T.);
#1525 = EDGE_CURVE('',#1518,#1526,#1528,.T.);
#1526 = VERTEX_POINT('',#1527);
#1527 = CARTESIAN_POINT('',(40.,25.89999961853,3.));
#1528 = LINE('',#1529,#1530);
#1529 = CARTESIAN_POINT('',(40.612300872803,26.021799087524,3.));
#1530 = VECTOR('',#1531,1.);
#1531 = DIRECTION('',(-0.980783670422,-0.195098415765,0.));
#1532 = ORIENTED_EDGE('',*,*,#1533,.T.);
#1533 = EDGE_CURVE('',#1526,#1534,#1536,.T.);
#1534 = VERTEX_POINT('',#1535);
#1535 = CARTESIAN_POINT('',(39.387699127197,26.021799087524,3.));
#1536 = LINE('',#1537,#1538);
#1537 = CARTESIAN_POINT('',(40.,25.89999961853,3.));
#1538 = VECTOR('',#1539,1.);
#1539 = DIRECTION('',(-0.980783670422,0.195098415765,0.));
#1540 = ORIENTED_EDGE('',*,*,#1541,.T.);
#1541 = EDGE_CURVE('',#1534,#1542,#1544,.T.);
#1542 = VERTEX_POINT('',#1543);
#1543 = CARTESIAN_POINT('',(38.868598937988,26.368600845337,3.));
#1544 = LINE('',#1545,#1546);
#1545 = CARTESIAN_POINT('',(39.387699127197,26.021799087524,3.));
#1546 = VECTOR('',#1547,1.);
#1547 = DIRECTION('',(-0.831506533427,0.555514972677,0.));
#1548 = ORIENTED_EDGE('',*,*,#1549,.T.);
#1549 = EDGE_CURVE('',#1542,#1428,#1550,.T.);
#1550 = LINE('',#1551,#1552);
#1551 = CARTESIAN_POINT('',(38.868598937988,26.368600845337,3.));
#1552 = VECTOR('',#1553,1.);
#1553 = DIRECTION('',(-0.555512159116,0.831508413111,0.));
#1554 = FACE_BOUND('',#1555,.T.);
#1555 = EDGE_LOOP('',(#1556,#1566,#1574,#1582,#1590,#1598,#1606,#1614,
    #1622,#1630,#1638,#1646,#1654,#1662,#1670,#1678));
#1556 = ORIENTED_EDGE('',*,*,#1557,.T.);
#1557 = EDGE_CURVE('',#1558,#1560,#1562,.T.);
#1558 = VERTEX_POINT('',#1559);
#1559 = CARTESIAN_POINT('',(38.400001525879,7.5,3.));
#1560 = VERTEX_POINT('',#1561);
#1561 = CARTESIAN_POINT('',(38.521800994873,8.112290382385,3.));
#1562 = LINE('',#1563,#1564);
#1563 = CARTESIAN_POINT('',(38.400001525879,7.5,3.));
#1564 = VECTOR('',#1565,1.);
#1565 = DIRECTION('',(0.195101631166,0.980783030806,0.));
#1566 = ORIENTED_EDGE('',*,*,#1567,.T.);
#1567 = EDGE_CURVE('',#1560,#1568,#1570,.T.);
#1568 = VERTEX_POINT('',#1569);
#1569 = CARTESIAN_POINT('',(38.868598937988,8.631369590759,3.));
#1570 = LINE('',#1571,#1572);
#1571 = CARTESIAN_POINT('',(38.521800994873,8.112290382385,3.));
#1572 = VECTOR('',#1573,1.);
#1573 = DIRECTION('',(0.555526272005,0.831498984432,0.));
#1574 = ORIENTED_EDGE('',*,*,#1575,.T.);
#1575 = EDGE_CURVE('',#1568,#1576,#1578,.T.);
#1576 = VERTEX_POINT('',#1577);
#1577 = CARTESIAN_POINT('',(39.387699127197,8.978210449219,3.));
#1578 = LINE('',#1579,#1580);
#1579 = CARTESIAN_POINT('',(38.868598937988,8.631369590759,3.));
#1580 = VECTOR('',#1581,1.);
#1581 = DIRECTION('',(0.831477602545,0.55555827459,0.));
#1582 = ORIENTED_EDGE('',*,*,#1583,.T.);
#1583 = EDGE_CURVE('',#1576,#1584,#1586,.T.);
#1584 = VERTEX_POINT('',#1585);
#1585 = CARTESIAN_POINT('',(40.,9.10000038147,3.));
#1586 = LINE('',#1587,#1588);
#1587 = CARTESIAN_POINT('',(39.387699127197,8.978210449219,3.));
#1588 = VECTOR('',#1589,1.);
#1589 = DIRECTION('',(0.980786593365,0.195083721197,0.));
#1590 = ORIENTED_EDGE('',*,*,#1591,.T.);
#1591 = EDGE_CURVE('',#1584,#1592,#1594,.T.);
#1592 = VERTEX_POINT('',#1593);
#1593 = CARTESIAN_POINT('',(40.612300872803,8.978210449219,3.));
#1594 = LINE('',#1595,#1596);
#1595 = CARTESIAN_POINT('',(40.,9.10000038147,3.));
#1596 = VECTOR('',#1597,1.);
#1597 = DIRECTION('',(0.980786593365,-0.195083721197,0.));
#1598 = ORIENTED_EDGE('',*,*,#1599,.T.);
#1599 = EDGE_CURVE('',#1592,#1600,#1602,.T.);
#1600 = VERTEX_POINT('',#1601);
#1601 = CARTESIAN_POINT('',(41.131401062012,8.631369590759,3.));
#1602 = LINE('',#1603,#1604);
#1603 = CARTESIAN_POINT('',(40.612300872803,8.978210449219,3.));
#1604 = VECTOR('',#1605,1.);
#1605 = DIRECTION('',(0.831477602545,-0.55555827459,0.));
#1606 = ORIENTED_EDGE('',*,*,#1607,.T.);
#1607 = EDGE_CURVE('',#1600,#1608,#1610,.T.);
#1608 = VERTEX_POINT('',#1609);
#1609 = CARTESIAN_POINT('',(41.478199005127,8.112290382385,3.));
#1610 = LINE('',#1611,#1612);
#1611 = CARTESIAN_POINT('',(41.131401062012,8.631369590759,3.));
#1612 = VECTOR('',#1613,1.);
#1613 = DIRECTION('',(0.555526272005,-0.831498984432,0.));
#1614 = ORIENTED_EDGE('',*,*,#1615,.T.);
#1615 = EDGE_CURVE('',#1608,#1616,#1618,.T.);
#1616 = VERTEX_POINT('',#1617);
#1617 = CARTESIAN_POINT('',(41.599998474121,7.5,3.));
#1618 = LINE('',#1619,#1620);
#1619 = CARTESIAN_POINT('',(41.478199005127,8.112290382385,3.));
#1620 = VECTOR('',#1621,1.);
#1621 = DIRECTION('',(0.195101631166,-0.980783030806,0.));
#1622 = ORIENTED_EDGE('',*,*,#1623,.T.);
#1623 = EDGE_CURVE('',#1616,#1624,#1626,.T.);
#1624 = VERTEX_POINT('',#1625);
#1625 = CARTESIAN_POINT('',(41.478199005127,6.887710094452,3.));
#1626 = LINE('',#1627,#1628);
#1627 = CARTESIAN_POINT('',(41.599998474121,7.5,3.));
#1628 = VECTOR('',#1629,1.);
#1629 = DIRECTION('',(-0.195101777323,-0.980783001731,0.));
#1630 = ORIENTED_EDGE('',*,*,#1631,.T.);
#1631 = EDGE_CURVE('',#1624,#1632,#1634,.T.);
#1632 = VERTEX_POINT('',#1633);
#1633 = CARTESIAN_POINT('',(41.131401062012,6.368629932404,3.));
#1634 = LINE('',#1635,#1636);
#1635 = CARTESIAN_POINT('',(41.478199005127,6.887710094452,3.));
#1636 = VECTOR('',#1637,1.);
#1637 = DIRECTION('',(-0.555525566348,-0.831499455883,0.));
#1638 = ORIENTED_EDGE('',*,*,#1639,.T.);
#1639 = EDGE_CURVE('',#1632,#1640,#1642,.T.);
#1640 = VERTEX_POINT('',#1641);
#1641 = CARTESIAN_POINT('',(40.612300872803,6.021790027618,3.));
#1642 = LINE('',#1643,#1644);
#1643 = CARTESIAN_POINT('',(41.131401062012,6.368629932404,3.));
#1644 = VECTOR('',#1645,1.);
#1645 = DIRECTION('',(-0.831478308179,-0.5555572185,0.));
#1646 = ORIENTED_EDGE('',*,*,#1647,.T.);
#1647 = EDGE_CURVE('',#1640,#1648,#1650,.T.);
#1648 = VERTEX_POINT('',#1649);
#1649 = CARTESIAN_POINT('',(40.,5.900000095367,3.));
#1650 = LINE('',#1651,#1652);
#1651 = CARTESIAN_POINT('',(40.612300872803,6.021790027618,3.));
#1652 = VECTOR('',#1653,1.);
#1653 = DIRECTION('',(-0.980786593365,-0.195083721197,0.));
#1654 = ORIENTED_EDGE('',*,*,#1655,.T.);
#1655 = EDGE_CURVE('',#1648,#1656,#1658,.T.);
#1656 = VERTEX_POINT('',#1657);
#1657 = CARTESIAN_POINT('',(39.387699127197,6.021790027618,3.));
#1658 = LINE('',#1659,#1660);
#1659 = CARTESIAN_POINT('',(40.,5.900000095367,3.));
#1660 = VECTOR('',#1661,1.);
#1661 = DIRECTION('',(-0.980786593365,0.195083721197,0.));
#1662 = ORIENTED_EDGE('',*,*,#1663,.T.);
#1663 = EDGE_CURVE('',#1656,#1664,#1666,.T.);
#1664 = VERTEX_POINT('',#1665);
#1665 = CARTESIAN_POINT('',(38.868598937988,6.368629932404,3.));
#1666 = LINE('',#1667,#1668);
#1667 = CARTESIAN_POINT('',(39.387699127197,6.021790027618,3.));
#1668 = VECTOR('',#1669,1.);
#1669 = DIRECTION('',(-0.831478308179,0.5555572185,0.));
#1670 = ORIENTED_EDGE('',*,*,#1671,.T.);
#1671 = EDGE_CURVE('',#1664,#1672,#1674,.T.);
#1672 = VERTEX_POINT('',#1673);
#1673 = CARTESIAN_POINT('',(38.521800994873,6.887710094452,3.));
#1674 = LINE('',#1675,#1676);
#1675 = CARTESIAN_POINT('',(38.868598937988,6.368629932404,3.));
#1676 = VECTOR('',#1677,1.);
#1677 = DIRECTION('',(-0.555525566348,0.831499455883,0.));
#1678 = ORIENTED_EDGE('',*,*,#1679,.T.);
#1679 = EDGE_CURVE('',#1672,#1558,#1680,.T.);
#1680 = LINE('',#1681,#1682);
#1681 = CARTESIAN_POINT('',(38.521800994873,6.887710094452,3.));
#1682 = VECTOR('',#1683,1.);
#1683 = DIRECTION('',(-0.195101777323,0.980783001731,0.));
#1684 = PLANE('',#1685);
#1685 = AXIS2_PLACEMENT_3D('',#1686,#1687,#1688);
#1686 = CARTESIAN_POINT('',(25.,20.129045317763,3.));
#1687 = DIRECTION('',(0.,0.,1.));
#1688 = DIRECTION('',(1.,0.,-0.));
#1689 = ADVANCED_FACE('',(#1690),#1747,.T.);
#1690 = FACE_BOUND('',#1691,.T.);
#1691 = EDGE_LOOP('',(#1692,#1693,#1701,#1709,#1717,#1725,#1731,#1732,
    #1733,#1739,#1740,#1746));
#1692 = ORIENTED_EDGE('',*,*,#62,.T.);
#1693 = ORIENTED_EDGE('',*,*,#1694,.T.);
#1694 = EDGE_CURVE('',#22,#1695,#1697,.T.);
#1695 = VERTEX_POINT('',#1696);
#1696 = CARTESIAN_POINT('',(50.,10.960200309753,56.386600494385));
#1697 = LINE('',#1698,#1699);
#1698 = CARTESIAN_POINT('',(50.,32.173400878906,35.173400878906));
#1699 = VECTOR('',#1700,1.);
#1700 = DIRECTION('',(0.,-0.707106797081,0.707106765292));
#1701 = ORIENTED_EDGE('',*,*,#1702,.T.);
#1702 = EDGE_CURVE('',#1695,#1703,#1705,.T.);
#1703 = VERTEX_POINT('',#1704);
#1704 = CARTESIAN_POINT('',(50.,-21.21319961547,24.213199615479));
#1705 = LINE('',#1706,#1707);
#1706 = CARTESIAN_POINT('',(50.,10.960200309753,56.386600494385));
#1707 = VECTOR('',#1708,1.);
#1708 = DIRECTION('',(0.,-0.707106770707,-0.707106791666));
#1709 = ORIENTED_EDGE('',*,*,#1710,.T.);
#1710 = EDGE_CURVE('',#1703,#1711,#1713,.T.);
#1711 = VERTEX_POINT('',#1712);
#1712 = CARTESIAN_POINT('',(50.,-22.62739944458,22.798999786377));
#1713 = LINE('',#1714,#1715);
#1714 = CARTESIAN_POINT('',(50.,-21.21319961547,24.213199615479));
#1715 = VECTOR('',#1716,1.);
#1716 = DIRECTION('',(0.,-0.707106781187,-0.707106781187));
#1717 = ORIENTED_EDGE('',*,*,#1718,.T.);
#1718 = EDGE_CURVE('',#1711,#1719,#1721,.T.);
#1719 = VERTEX_POINT('',#1720);
#1720 = CARTESIAN_POINT('',(50.,-1.414209961891,1.585790038109));
#1721 = LINE('',#1722,#1723);
#1722 = CARTESIAN_POINT('',(50.,-22.62739944458,22.798999786377));
#1723 = VECTOR('',#1724,1.);
#1724 = DIRECTION('',(0.,0.707106443427,-0.707107118946));
#1725 = ORIENTED_EDGE('',*,*,#1726,.T.);
#1726 = EDGE_CURVE('',#1719,#182,#1727,.T.);
#1727 = LINE('',#1728,#1729);
#1728 = CARTESIAN_POINT('',(50.,-1.414209961891,1.585790038109));
#1729 = VECTOR('',#1730,1.);
#1730 = DIRECTION('',(0.,0.707106781187,0.707106781187));
#1731 = ORIENTED_EDGE('',*,*,#181,.T.);
#1732 = ORIENTED_EDGE('',*,*,#599,.T.);
#1733 = ORIENTED_EDGE('',*,*,#1734,.T.);
#1734 = EDGE_CURVE('',#592,#1152,#1735,.T.);
#1735 = LINE('',#1736,#1737);
#1736 = CARTESIAN_POINT('',(50.,35.,0.));
#1737 = VECTOR('',#1738,1.);
#1738 = DIRECTION('',(0.,0.,1.));
#1739 = ORIENTED_EDGE('',*,*,#1151,.T.);
#1740 = ORIENTED_EDGE('',*,*,#1741,.T.);
#1741 = EDGE_CURVE('',#1144,#268,#1742,.T.);
#1742 = LINE('',#1743,#1744);
#1743 = CARTESIAN_POINT('',(50.,15.,3.));
#1744 = VECTOR('',#1745,1.);
#1745 = DIRECTION('',(0.,0.,1.));
#1746 = ORIENTED_EDGE('',*,*,#267,.T.);
#1747 = PLANE('',#1748);
#1748 = AXIS2_PLACEMENT_3D('',#1749,#1750,#1751);
#1749 = CARTESIAN_POINT('',(50.,9.181626031645,20.263468758408));
#1750 = DIRECTION('',(1.,0.,0.));
#1751 = DIRECTION('',(-0.,0.,1.));
#1752 = ADVANCED_FACE('',(#1753),#1759,.T.);
#1753 = FACE_BOUND('',#1754,.T.);
#1754 = EDGE_LOOP('',(#1755,#1756,#1757,#1758));
#1755 = ORIENTED_EDGE('',*,*,#1159,.F.);
#1756 = ORIENTED_EDGE('',*,*,#1734,.F.);
#1757 = ORIENTED_EDGE('',*,*,#591,.F.);
#1758 = ORIENTED_EDGE('',*,*,#529,.F.);
#1759 = PLANE('',#1760);
#1760 = AXIS2_PLACEMENT_3D('',#1761,#1762,#1763);
#1761 = CARTESIAN_POINT('',(25.,35.,1.5));
#1762 = DIRECTION('',(0.,1.,0.));
#1763 = DIRECTION('',(0.,-0.,1.));
#1764 = ADVANCED_FACE('',(#1765),#1788,.T.);
#1765 = FACE_BOUND('',#1766,.T.);
#1766 = EDGE_LOOP('',(#1767,#1773,#1774,#1780,#1781,#1787));
#1767 = ORIENTED_EDGE('',*,*,#1768,.T.);
#1768 = EDGE_CURVE('',#439,#561,#1769,.T.);
#1769 = LINE('',#1770,#1771);
#1770 = CARTESIAN_POINT('',(2.,-21.21319961547,24.213199615479));
#1771 = VECTOR('',#1772,1.);
#1772 = DIRECTION('',(-1.,0.,0.));
#1773 = ORIENTED_EDGE('',*,*,#560,.F.);
#1774 = ORIENTED_EDGE('',*,*,#1775,.T.);
#1775 = EDGE_CURVE('',#553,#1711,#1776,.T.);
#1776 = LINE('',#1777,#1778);
#1777 = CARTESIAN_POINT('',(0.,-22.62739944458,22.798999786377));
#1778 = VECTOR('',#1779,1.);
#1779 = DIRECTION('',(1.,0.,0.));
#1780 = ORIENTED_EDGE('',*,*,#1710,.F.);
#1781 = ORIENTED_EDGE('',*,*,#1782,.T.);
#1782 = EDGE_CURVE('',#1703,#477,#1783,.T.);
#1783 = LINE('',#1784,#1785);
#1784 = CARTESIAN_POINT('',(50.,-21.21319961547,24.213199615479));
#1785 = VECTOR('',#1786,1.);
#1786 = DIRECTION('',(-1.,0.,0.));
#1787 = ORIENTED_EDGE('',*,*,#498,.T.);
#1788 = PLANE('',#1789);
#1789 = AXIS2_PLACEMENT_3D('',#1790,#1791,#1792);
#1790 = CARTESIAN_POINT('',(25.,-21.92029953002,23.506099700928));
#1791 = DIRECTION('',(0.,-0.707106781187,0.707106781187));
#1792 = DIRECTION('',(0.,0.707106781187,0.707106781187));
#1793 = ADVANCED_FACE('',(#1794),#1809,.T.);
#1794 = FACE_BOUND('',#1795,.T.);
#1795 = EDGE_LOOP('',(#1796,#1797,#1798,#1804,#1805,#1806,#1807,#1808));
#1796 = ORIENTED_EDGE('',*,*,#189,.F.);
#1797 = ORIENTED_EDGE('',*,*,#1726,.F.);
#1798 = ORIENTED_EDGE('',*,*,#1799,.T.);
#1799 = EDGE_CURVE('',#1719,#545,#1800,.T.);
#1800 = LINE('',#1801,#1802);
#1801 = CARTESIAN_POINT('',(50.,-1.414209961891,1.585790038109));
#1802 = VECTOR('',#1803,1.);
#1803 = DIRECTION('',(-1.,0.,0.));
#1804 = ORIENTED_EDGE('',*,*,#544,.F.);
#1805 = ORIENTED_EDGE('',*,*,#157,.F.);
#1806 = ORIENTED_EDGE('',*,*,#491,.F.);
#1807 = ORIENTED_EDGE('',*,*,#125,.T.);
#1808 = ORIENTED_EDGE('',*,*,#484,.F.);
#1809 = PLANE('',#1810);
#1810 = AXIS2_PLACEMENT_3D('',#1811,#1812,#1813);
#1811 = CARTESIAN_POINT('',(25.,-0.707104980946,2.292895019054));
#1812 = DIRECTION('',(0.,0.707106781187,-0.707106781187));
#1813 = DIRECTION('',(0.,0.707106781187,0.707106781187));
#1814 = ADVANCED_FACE('',(#1815),#1821,.T.);
#1815 = FACE_BOUND('',#1816,.T.);
#1816 = EDGE_LOOP('',(#1817,#1818,#1819,#1820));
#1817 = ORIENTED_EDGE('',*,*,#1775,.F.);
#1818 = ORIENTED_EDGE('',*,*,#552,.F.);
#1819 = ORIENTED_EDGE('',*,*,#1799,.F.);
#1820 = ORIENTED_EDGE('',*,*,#1718,.F.);
#1821 = PLANE('',#1822);
#1822 = AXIS2_PLACEMENT_3D('',#1823,#1824,#1825);
#1823 = CARTESIAN_POINT('',(25.,-12.02080470323,12.192394912243));
#1824 = DIRECTION('',(-0.,-0.707107118946,-0.707106443427));
#1825 = DIRECTION('',(0.,0.707106443427,-0.707107118946));
#1826 = ADVANCED_FACE('',(#1827),#1838,.T.);
#1827 = FACE_BOUND('',#1828,.T.);
#1828 = EDGE_LOOP('',(#1829,#1835,#1836,#1837));
#1829 = ORIENTED_EDGE('',*,*,#1830,.T.);
#1830 = EDGE_CURVE('',#431,#569,#1831,.T.);
#1831 = LINE('',#1832,#1833);
#1832 = CARTESIAN_POINT('',(2.,10.960200309753,56.386600494385));
#1833 = VECTOR('',#1834,1.);
#1834 = DIRECTION('',(-1.,0.,0.));
#1835 = ORIENTED_EDGE('',*,*,#568,.F.);
#1836 = ORIENTED_EDGE('',*,*,#1768,.F.);
#1837 = ORIENTED_EDGE('',*,*,#438,.F.);
#1838 = PLANE('',#1839);
#1839 = AXIS2_PLACEMENT_3D('',#1840,#1841,#1842);
#1840 = CARTESIAN_POINT('',(1.,-5.126499652863,40.299900054932));
#1841 = DIRECTION('',(-6.015933628827E-16,-0.707106791666,0.707106770707
    ));
#1842 = DIRECTION('',(-3.536997049467E-32,-0.707106770707,
    -0.707106791666));
#1843 = ADVANCED_FACE('',(#1844),#1862,.T.);
#1844 = FACE_BOUND('',#1845,.T.);
#1845 = EDGE_LOOP('',(#1846,#1854,#1860,#1861));
#1846 = ORIENTED_EDGE('',*,*,#1847,.T.);
#1847 = EDGE_CURVE('',#1695,#1848,#1850,.T.);
#1848 = VERTEX_POINT('',#1849);
#1849 = CARTESIAN_POINT('',(48.,10.960200309753,56.386600494385));
#1850 = LINE('',#1851,#1852);
#1851 = CARTESIAN_POINT('',(50.,10.960200309753,56.386600494385));
#1852 = VECTOR('',#1853,1.);
#1853 = DIRECTION('',(-1.,0.,0.));
#1854 = ORIENTED_EDGE('',*,*,#1855,.F.);
#1855 = EDGE_CURVE('',#477,#1848,#1856,.T.);
#1856 = LINE('',#1857,#1858);
#1857 = CARTESIAN_POINT('',(48.,-21.21319961547,24.213199615479));
#1858 = VECTOR('',#1859,1.);
#1859 = DIRECTION('',(0.,0.707106770707,0.707106791666));
#1860 = ORIENTED_EDGE('',*,*,#1782,.F.);
#1861 = ORIENTED_EDGE('',*,*,#1702,.F.);
#1862 = PLANE('',#1863);
#1863 = AXIS2_PLACEMENT_3D('',#1864,#1865,#1866);
#1864 = CARTESIAN_POINT('',(49.,-5.126499652863,40.299900054932));
#1865 = DIRECTION('',(-6.015933628827E-16,-0.707106791666,0.707106770707
    ));
#1866 = DIRECTION('',(-3.536997049467E-32,-0.707106770707,
    -0.707106791666));
#1867 = ADVANCED_FACE('',(#1868),#1874,.T.);
#1868 = FACE_BOUND('',#1869,.T.);
#1869 = EDGE_LOOP('',(#1870,#1871,#1872,#1873));
#1870 = ORIENTED_EDGE('',*,*,#1830,.F.);
#1871 = ORIENTED_EDGE('',*,*,#430,.F.);
#1872 = ORIENTED_EDGE('',*,*,#399,.F.);
#1873 = ORIENTED_EDGE('',*,*,#576,.F.);
#1874 = PLANE('',#1875);
#1875 = AXIS2_PLACEMENT_3D('',#1876,#1877,#1878);
#1876 = CARTESIAN_POINT('',(1.,21.56680059433,45.780000686646));
#1877 = DIRECTION('',(0.,0.707106765292,0.707106797081));
#1878 = DIRECTION('',(0.,0.707106797081,-0.707106765292));
#1879 = ADVANCED_FACE('',(#1880),#1891,.T.);
#1880 = FACE_BOUND('',#1881,.T.);
#1881 = EDGE_LOOP('',(#1882,#1883,#1884,#1885));
#1882 = ORIENTED_EDGE('',*,*,#1847,.F.);
#1883 = ORIENTED_EDGE('',*,*,#1694,.F.);
#1884 = ORIENTED_EDGE('',*,*,#39,.F.);
#1885 = ORIENTED_EDGE('',*,*,#1886,.F.);
#1886 = EDGE_CURVE('',#1848,#32,#1887,.T.);
#1887 = LINE('',#1888,#1889);
#1888 = CARTESIAN_POINT('',(48.,10.960200309753,56.386600494385));
#1889 = VECTOR('',#1890,1.);
#1890 = DIRECTION('',(0.,0.707106797081,-0.707106765292));
#1891 = PLANE('',#1892);
#1892 = AXIS2_PLACEMENT_3D('',#1893,#1894,#1895);
#1893 = CARTESIAN_POINT('',(49.,21.56680059433,45.780000686646));
#1894 = DIRECTION('',(0.,0.707106765292,0.707106797081));
#1895 = DIRECTION('',(0.,0.707106797081,-0.707106765292));
#1896 = ADVANCED_FACE('',(#1897),#1927,.T.);
#1897 = FACE_BOUND('',#1898,.T.);
#1898 = EDGE_LOOP('',(#1899,#1900,#1901,#1902,#1903,#1904,#1912,#1920,
    #1926));
#1899 = ORIENTED_EDGE('',*,*,#197,.T.);
#1900 = ORIENTED_EDGE('',*,*,#476,.F.);
#1901 = ORIENTED_EDGE('',*,*,#1855,.T.);
#1902 = ORIENTED_EDGE('',*,*,#1886,.T.);
#1903 = ORIENTED_EDGE('',*,*,#31,.T.);
#1904 = ORIENTED_EDGE('',*,*,#1905,.T.);
#1905 = EDGE_CURVE('',#24,#1906,#1908,.T.);
#1906 = VERTEX_POINT('',#1907);
#1907 = CARTESIAN_POINT('',(48.,28.637800216675,34.466300964355));
#1908 = LINE('',#1909,#1910);
#1909 = CARTESIAN_POINT('',(48.,30.052000045776,33.051998138428));
#1910 = VECTOR('',#1911,1.);
#1911 = DIRECTION('',(0.,-0.707081032199,0.707132529237));
#1912 = ORIENTED_EDGE('',*,*,#1913,.T.);
#1913 = EDGE_CURVE('',#1906,#1914,#1916,.T.);
#1914 = VERTEX_POINT('',#1915);
#1915 = CARTESIAN_POINT('',(48.,0.,5.828430175781));
#1916 = LINE('',#1917,#1918);
#1917 = CARTESIAN_POINT('',(48.,28.637800216675,34.466300964355));
#1918 = VECTOR('',#1919,1.);
#1919 = DIRECTION('',(0.,-0.707105909928,-0.707107652444));
#1920 = ORIENTED_EDGE('',*,*,#1921,.T.);
#1921 = EDGE_CURVE('',#1914,#283,#1922,.T.);
#1922 = LINE('',#1923,#1924);
#1923 = CARTESIAN_POINT('',(48.,0.,5.828430175781));
#1924 = VECTOR('',#1925,1.);
#1925 = DIRECTION('',(0.,0.707105000535,-0.707108561833));
#1926 = ORIENTED_EDGE('',*,*,#282,.T.);
#1927 = PLANE('',#1928);
#1928 = AXIS2_PLACEMENT_3D('',#1929,#1930,#1931);
#1929 = CARTESIAN_POINT('',(48.,5.344037726711,29.803578327507));
#1930 = DIRECTION('',(-1.,-0.,-0.));
#1931 = DIRECTION('',(0.,0.,-1.));
#1932 = ADVANCED_FACE('',(#1933),#1959,.T.);
#1933 = FACE_BOUND('',#1934,.T.);
#1934 = EDGE_LOOP('',(#1935,#1936,#1944,#1952,#1958));
#1935 = ORIENTED_EDGE('',*,*,#344,.F.);
#1936 = ORIENTED_EDGE('',*,*,#1937,.T.);
#1937 = EDGE_CURVE('',#345,#1938,#1940,.T.);
#1938 = VERTEX_POINT('',#1939);
#1939 = CARTESIAN_POINT('',(7.,28.637800216675,34.466300964355));
#1940 = LINE('',#1941,#1942);
#1941 = CARTESIAN_POINT('',(7.,30.052000045776,33.051998138428));
#1942 = VECTOR('',#1943,1.);
#1943 = DIRECTION('',(0.,-0.707081032199,0.707132529237));
#1944 = ORIENTED_EDGE('',*,*,#1945,.T.);
#1945 = EDGE_CURVE('',#1938,#1946,#1948,.T.);
#1946 = VERTEX_POINT('',#1947);
#1947 = CARTESIAN_POINT('',(7.,0.,5.828430175781));
#1948 = LINE('',#1949,#1950);
#1949 = CARTESIAN_POINT('',(7.,28.637800216675,34.466300964355));
#1950 = VECTOR('',#1951,1.);
#1951 = DIRECTION('',(0.,-0.707105909928,-0.707107652444));
#1952 = ORIENTED_EDGE('',*,*,#1953,.T.);
#1953 = EDGE_CURVE('',#1946,#236,#1954,.T.);
#1954 = LINE('',#1955,#1956);
#1955 = CARTESIAN_POINT('',(7.,0.,5.828430175781));
#1956 = VECTOR('',#1957,1.);
#1957 = DIRECTION('',(0.,0.707105000535,-0.707108561833));
#1958 = ORIENTED_EDGE('',*,*,#235,.T.);
#1959 = PLANE('',#1960);
#1960 = AXIS2_PLACEMENT_3D('',#1961,#1962,#1963);
#1961 = CARTESIAN_POINT('',(7.,15.104170015188,19.528902347829));
#1962 = DIRECTION('',(1.,0.,0.));
#1963 = DIRECTION('',(-0.,0.,1.));
#1964 = ADVANCED_FACE('',(#1965),#1981,.T.);
#1965 = FACE_BOUND('',#1966,.T.);
#1966 = EDGE_LOOP('',(#1967,#1973,#1974,#1980));
#1967 = ORIENTED_EDGE('',*,*,#1968,.T.);
#1968 = EDGE_CURVE('',#1938,#422,#1969,.T.);
#1969 = LINE('',#1970,#1971);
#1970 = CARTESIAN_POINT('',(7.,28.637800216675,34.466300964355));
#1971 = VECTOR('',#1972,1.);
#1972 = DIRECTION('',(-1.,0.,0.));
#1973 = ORIENTED_EDGE('',*,*,#462,.F.);
#1974 = ORIENTED_EDGE('',*,*,#1975,.T.);
#1975 = EDGE_CURVE('',#455,#1946,#1976,.T.);
#1976 = LINE('',#1977,#1978);
#1977 = CARTESIAN_POINT('',(2.,0.,5.828430175781));
#1978 = VECTOR('',#1979,1.);
#1979 = DIRECTION('',(1.,0.,0.));
#1980 = ORIENTED_EDGE('',*,*,#1945,.F.);
#1981 = PLANE('',#1982);
#1982 = AXIS2_PLACEMENT_3D('',#1983,#1984,#1985);
#1983 = CARTESIAN_POINT('',(4.5,14.318900108337,20.147365570068));
#1984 = DIRECTION('',(2.459702381944E-16,-0.707107652444,0.707105909928)
  );
#1985 = DIRECTION('',(3.790470782078E-33,-0.707105909928,-0.707107652444
    ));
#1986 = ADVANCED_FACE('',(#1987),#2003,.T.);
#1987 = FACE_BOUND('',#1988,.T.);
#1988 = EDGE_LOOP('',(#1989,#1995,#1996,#2002));
#1989 = ORIENTED_EDGE('',*,*,#1990,.T.);
#1990 = EDGE_CURVE('',#1906,#322,#1991,.T.);
#1991 = LINE('',#1992,#1993);
#1992 = CARTESIAN_POINT('',(48.,28.637800216675,34.466300964355));
#1993 = VECTOR('',#1994,1.);
#1994 = DIRECTION('',(-1.,0.,0.));
#1995 = ORIENTED_EDGE('',*,*,#321,.F.);
#1996 = ORIENTED_EDGE('',*,*,#1997,.T.);
#1997 = EDGE_CURVE('',#314,#1914,#1998,.T.);
#1998 = LINE('',#1999,#2000);
#1999 = CARTESIAN_POINT('',(43.,0.,5.828430175781));
#2000 = VECTOR('',#2001,1.);
#2001 = DIRECTION('',(1.,0.,0.));
#2002 = ORIENTED_EDGE('',*,*,#1913,.F.);
#2003 = PLANE('',#2004);
#2004 = AXIS2_PLACEMENT_3D('',#2005,#2006,#2007);
#2005 = CARTESIAN_POINT('',(45.5,14.318900108337,20.147365570068));
#2006 = DIRECTION('',(-0.,-0.707107652444,0.707105909928));
#2007 = DIRECTION('',(0.,-0.707105909928,-0.707107652444));
#2008 = ADVANCED_FACE('',(#2009),#2015,.T.);
#2009 = FACE_BOUND('',#2010,.T.);
#2010 = EDGE_LOOP('',(#2011,#2012,#2013,#2014));
#2011 = ORIENTED_EDGE('',*,*,#1975,.F.);
#2012 = ORIENTED_EDGE('',*,*,#454,.F.);
#2013 = ORIENTED_EDGE('',*,*,#243,.T.);
#2014 = ORIENTED_EDGE('',*,*,#1953,.F.);
#2015 = PLANE('',#2016);
#2016 = AXIS2_PLACEMENT_3D('',#2017,#2018,#2019);
#2017 = CARTESIAN_POINT('',(4.5,0.414213001728,5.414215087891));
#2018 = DIRECTION('',(-0.,-0.707108561833,-0.707105000535));
#2019 = DIRECTION('',(0.,0.707105000535,-0.707108561833));
#2020 = ADVANCED_FACE('',(#2021),#2027,.T.);
#2021 = FACE_BOUND('',#2022,.T.);
#2022 = EDGE_LOOP('',(#2023,#2024,#2025,#2026));
#2023 = ORIENTED_EDGE('',*,*,#1997,.F.);
#2024 = ORIENTED_EDGE('',*,*,#313,.F.);
#2025 = ORIENTED_EDGE('',*,*,#290,.T.);
#2026 = ORIENTED_EDGE('',*,*,#1921,.F.);
#2027 = PLANE('',#2028);
#2028 = AXIS2_PLACEMENT_3D('',#2029,#2030,#2031);
#2029 = CARTESIAN_POINT('',(45.5,0.414213001728,5.414215087891));
#2030 = DIRECTION('',(-0.,-0.707108561833,-0.707105000535));
#2031 = DIRECTION('',(0.,0.707105000535,-0.707108561833));
#2032 = ADVANCED_FACE('',(#2033),#2039,.T.);
#2033 = FACE_BOUND('',#2034,.T.);
#2034 = EDGE_LOOP('',(#2035,#2036,#2037,#2038));
#2035 = ORIENTED_EDGE('',*,*,#1937,.F.);
#2036 = ORIENTED_EDGE('',*,*,#361,.F.);
#2037 = ORIENTED_EDGE('',*,*,#421,.F.);
#2038 = ORIENTED_EDGE('',*,*,#1968,.F.);
#2039 = PLANE('',#2040);
#2040 = AXIS2_PLACEMENT_3D('',#2041,#2042,#2043);
#2041 = CARTESIAN_POINT('',(4.5,29.344900131226,33.759149551392));
#2042 = DIRECTION('',(0.,0.707132529237,0.707081032199));
#2043 = DIRECTION('',(0.,-0.707081032199,0.707132529237));
#2044 = ADVANCED_FACE('',(#2045),#2051,.T.);
#2045 = FACE_BOUND('',#2046,.T.);
#2046 = EDGE_LOOP('',(#2047,#2048,#2049,#2050));
#2047 = ORIENTED_EDGE('',*,*,#1905,.F.);
#2048 = ORIENTED_EDGE('',*,*,#93,.F.);
#2049 = ORIENTED_EDGE('',*,*,#329,.F.);
#2050 = ORIENTED_EDGE('',*,*,#1990,.F.);
#2051 = PLANE('',#2052);
#2052 = AXIS2_PLACEMENT_3D('',#2053,#2054,#2055);
#2053 = CARTESIAN_POINT('',(45.5,29.344900131226,33.759149551392));
#2054 = DIRECTION('',(0.,0.707132529237,0.707081032199));
#2055 = DIRECTION('',(0.,-0.707081032199,0.707132529237));
#2056 = ADVANCED_FACE('',(#2057),#2063,.T.);
#2057 = FACE_BOUND('',#2058,.T.);
#2058 = EDGE_LOOP('',(#2059,#2060,#2061,#2062));
#2059 = ORIENTED_EDGE('',*,*,#513,.F.);
#2060 = ORIENTED_EDGE('',*,*,#211,.F.);
#2061 = ORIENTED_EDGE('',*,*,#133,.F.);
#2062 = ORIENTED_EDGE('',*,*,#1136,.F.);
#2063 = PLANE('',#2064);
#2064 = AXIS2_PLACEMENT_3D('',#2065,#2066,#2067);
#2065 = CARTESIAN_POINT('',(7.5,7.5,4.));
#2066 = DIRECTION('',(0.707106781187,0.707106781187,0.));
#2067 = DIRECTION('',(0.707106781187,-0.707106781187,0.));
#2068 = ADVANCED_FACE('',(#2069),#2075,.T.);
#2069 = FACE_BOUND('',#2070,.T.);
#2070 = EDGE_LOOP('',(#2071,#2072,#2073,#2074));
#2071 = ORIENTED_EDGE('',*,*,#1741,.F.);
#2072 = ORIENTED_EDGE('',*,*,#1143,.F.);
#2073 = ORIENTED_EDGE('',*,*,#117,.F.);
#2074 = ORIENTED_EDGE('',*,*,#275,.F.);
#2075 = PLANE('',#2076);
#2076 = AXIS2_PLACEMENT_3D('',#2077,#2078,#2079);
#2077 = CARTESIAN_POINT('',(42.5,7.5,4.));
#2078 = DIRECTION('',(-0.707106781187,0.707106781187,-1.434816647826E-16
    ));
#2079 = DIRECTION('',(0.707106781187,0.707106781187,1.985068550147E-33)
  );
#2080 = ADVANCED_FACE('',(#2081),#2097,.T.);
#2081 = FACE_BOUND('',#2082,.T.);
#2082 = EDGE_LOOP('',(#2083,#2089,#2090,#2096));
#2083 = ORIENTED_EDGE('',*,*,#2084,.T.);
#2084 = EDGE_CURVE('',#1316,#750,#2085,.T.);
#2085 = LINE('',#2086,#2087);
#2086 = CARTESIAN_POINT('',(11.131400108337,8.631369590759,3.));
#2087 = VECTOR('',#2088,1.);
#2088 = DIRECTION('',(0.,0.,-1.));
#2089 = ORIENTED_EDGE('',*,*,#749,.F.);
#2090 = ORIENTED_EDGE('',*,*,#2091,.T.);
#2091 = EDGE_CURVE('',#742,#1324,#2092,.T.);
#2092 = LINE('',#2093,#2094);
#2093 = CARTESIAN_POINT('',(11.478199958801,8.112290382385,0.));
#2094 = VECTOR('',#2095,1.);
#2095 = DIRECTION('',(0.,0.,1.));
#2096 = ORIENTED_EDGE('',*,*,#1323,.F.);
#2097 = PLANE('',#2098);
#2098 = AXIS2_PLACEMENT_3D('',#2099,#2100,#2101);
#2099 = CARTESIAN_POINT('',(11.304800033569,8.371829986572,1.5));
#2100 = DIRECTION('',(-0.831497573115,-0.555528384427,-0.));
#2101 = DIRECTION('',(0.555528384427,-0.831497573115,0.));
#2102 = ADVANCED_FACE('',(#2103),#2114,.T.);
#2103 = FACE_BOUND('',#2104,.T.);
#2104 = EDGE_LOOP('',(#2105,#2106,#2107,#2113));
#2105 = ORIENTED_EDGE('',*,*,#2091,.F.);
#2106 = ORIENTED_EDGE('',*,*,#739,.F.);
#2107 = ORIENTED_EDGE('',*,*,#2108,.T.);
#2108 = EDGE_CURVE('',#740,#1332,#2109,.T.);
#2109 = LINE('',#2110,#2111);
#2110 = CARTESIAN_POINT('',(11.60000038147,7.5,0.));
#2111 = VECTOR('',#2112,1.);
#2112 = DIRECTION('',(0.,0.,1.));
#2113 = ORIENTED_EDGE('',*,*,#1331,.F.);
#2114 = PLANE('',#2115);
#2115 = AXIS2_PLACEMENT_3D('',#2116,#2117,#2118);
#2116 = CARTESIAN_POINT('',(11.539100170135,7.806145191193,1.5));
#2117 = DIRECTION('',(-0.980782738491,-0.195103100638,-0.));
#2118 = DIRECTION('',(0.195103100638,-0.980782738491,0.));
#2119 = ADVANCED_FACE('',(#2120),#2131,.T.);
#2120 = FACE_BOUND('',#2121,.T.);
#2121 = EDGE_LOOP('',(#2122,#2123,#2129,#2130));
#2122 = ORIENTED_EDGE('',*,*,#1315,.F.);
#2123 = ORIENTED_EDGE('',*,*,#2124,.T.);
#2124 = EDGE_CURVE('',#1308,#758,#2125,.T.);
#2125 = LINE('',#2126,#2127);
#2126 = CARTESIAN_POINT('',(10.612299919128,8.978210449219,3.));
#2127 = VECTOR('',#2128,1.);
#2128 = DIRECTION('',(0.,0.,-1.));
#2129 = ORIENTED_EDGE('',*,*,#757,.F.);
#2130 = ORIENTED_EDGE('',*,*,#2084,.F.);
#2131 = PLANE('',#2132);
#2132 = AXIS2_PLACEMENT_3D('',#2133,#2134,#2135);
#2133 = CARTESIAN_POINT('',(10.871850013733,8.804790019989,1.5));
#2134 = DIRECTION('',(-0.55555827459,-0.831477602545,-0.));
#2135 = DIRECTION('',(-0.831477602545,0.55555827459,0.));
#2136 = ADVANCED_FACE('',(#2137),#2153,.T.);
#2137 = FACE_BOUND('',#2138,.T.);
#2138 = EDGE_LOOP('',(#2139,#2145,#2146,#2152));
#2139 = ORIENTED_EDGE('',*,*,#2140,.T.);
#2140 = EDGE_CURVE('',#1340,#854,#2141,.T.);
#2141 = LINE('',#2142,#2143);
#2142 = CARTESIAN_POINT('',(11.478199958801,6.887710094452,3.));
#2143 = VECTOR('',#2144,1.);
#2144 = DIRECTION('',(0.,0.,-1.));
#2145 = ORIENTED_EDGE('',*,*,#853,.F.);
#2146 = ORIENTED_EDGE('',*,*,#2147,.T.);
#2147 = EDGE_CURVE('',#846,#1348,#2148,.T.);
#2148 = LINE('',#2149,#2150);
#2149 = CARTESIAN_POINT('',(11.131400108337,6.368629932404,0.));
#2150 = VECTOR('',#2151,1.);
#2151 = DIRECTION('',(0.,0.,1.));
#2152 = ORIENTED_EDGE('',*,*,#1347,.F.);
#2153 = PLANE('',#2154);
#2154 = AXIS2_PLACEMENT_3D('',#2155,#2156,#2157);
#2155 = CARTESIAN_POINT('',(11.304800033569,6.628170013428,1.5));
#2156 = DIRECTION('',(-0.831498044569,0.555527678769,-0.));
#2157 = DIRECTION('',(-0.555527678769,-0.831498044569,0.));
#2158 = ADVANCED_FACE('',(#2159),#2175,.T.);
#2159 = FACE_BOUND('',#2160,.T.);
#2160 = EDGE_LOOP('',(#2161,#2162,#2168,#2169));
#2161 = ORIENTED_EDGE('',*,*,#1297,.F.);
#2162 = ORIENTED_EDGE('',*,*,#2163,.T.);
#2163 = EDGE_CURVE('',#1298,#774,#2164,.T.);
#2164 = LINE('',#2165,#2166);
#2165 = CARTESIAN_POINT('',(9.387709617615,8.978210449219,3.));
#2166 = VECTOR('',#2167,1.);
#2167 = DIRECTION('',(0.,0.,-1.));
#2168 = ORIENTED_EDGE('',*,*,#773,.F.);
#2169 = ORIENTED_EDGE('',*,*,#2170,.T.);
#2170 = EDGE_CURVE('',#766,#1300,#2171,.T.);
#2171 = LINE('',#2172,#2173);
#2172 = CARTESIAN_POINT('',(10.,9.10000038147,0.));
#2173 = VECTOR('',#2174,1.);
#2174 = DIRECTION('',(0.,0.,1.));
#2175 = PLANE('',#2176);
#2176 = AXIS2_PLACEMENT_3D('',#2177,#2178,#2179);
#2177 = CARTESIAN_POINT('',(9.693854808807,9.039105415344,1.5));
#2178 = DIRECTION('',(0.195086936375,-0.980785953843,-0.));
#2179 = DIRECTION('',(-0.980785953843,-0.195086936375,0.));
#2180 = ADVANCED_FACE('',(#2181),#2197,.T.);
#2181 = FACE_BOUND('',#2182,.T.);
#2182 = EDGE_LOOP('',(#2183,#2189,#2190,#2196));
#2183 = ORIENTED_EDGE('',*,*,#2184,.T.);
#2184 = EDGE_CURVE('',#782,#1412,#2185,.T.);
#2185 = LINE('',#2186,#2187);
#2186 = CARTESIAN_POINT('',(8.868630409241,8.631369590759,0.));
#2187 = VECTOR('',#2188,1.);
#2188 = DIRECTION('',(0.,0.,1.));
#2189 = ORIENTED_EDGE('',*,*,#1411,.F.);
#2190 = ORIENTED_EDGE('',*,*,#2191,.T.);
#2191 = EDGE_CURVE('',#1404,#790,#2192,.T.);
#2192 = LINE('',#2193,#2194);
#2193 = CARTESIAN_POINT('',(8.521789550781,8.112290382385,3.));
#2194 = VECTOR('',#2195,1.);
#2195 = DIRECTION('',(0.,0.,-1.));
#2196 = ORIENTED_EDGE('',*,*,#789,.F.);
#2197 = PLANE('',#2198);
#2198 = AXIS2_PLACEMENT_3D('',#2199,#2200,#2201);
#2199 = CARTESIAN_POINT('',(8.695209980011,8.371829986572,1.5));
#2200 = DIRECTION('',(0.83146722966,-0.55557379888,0.));
#2201 = DIRECTION('',(0.55557379888,0.83146722966,0.));
#2202 = ADVANCED_FACE('',(#2203),#2214,.T.);
#2203 = FACE_BOUND('',#2204,.T.);
#2204 = EDGE_LOOP('',(#2205,#2206,#2207,#2213));
#2205 = ORIENTED_EDGE('',*,*,#2191,.F.);
#2206 = ORIENTED_EDGE('',*,*,#1403,.F.);
#2207 = ORIENTED_EDGE('',*,*,#2208,.T.);
#2208 = EDGE_CURVE('',#1396,#798,#2209,.T.);
#2209 = LINE('',#2210,#2211);
#2210 = CARTESIAN_POINT('',(8.39999961853,7.5,3.));
#2211 = VECTOR('',#2212,1.);
#2212 = DIRECTION('',(0.,0.,-1.));
#2213 = ORIENTED_EDGE('',*,*,#797,.F.);
#2214 = PLANE('',#2215);
#2215 = AXIS2_PLACEMENT_3D('',#2216,#2217,#2218);
#2216 = CARTESIAN_POINT('',(8.460894584656,7.806145191193,1.5));
#2217 = DIRECTION('',(0.980785953843,-0.195086936375,0.));
#2218 = DIRECTION('',(0.195086936375,0.980785953843,0.));
#2219 = ADVANCED_FACE('',(#2220),#2236,.T.);
#2220 = FACE_BOUND('',#2221,.T.);
#2221 = EDGE_LOOP('',(#2222,#2223,#2229,#2230));
#2222 = ORIENTED_EDGE('',*,*,#1363,.F.);
#2223 = ORIENTED_EDGE('',*,*,#2224,.T.);
#2224 = EDGE_CURVE('',#1356,#838,#2225,.T.);
#2225 = LINE('',#2226,#2227);
#2226 = CARTESIAN_POINT('',(10.612299919128,6.021790027618,3.));
#2227 = VECTOR('',#2228,1.);
#2228 = DIRECTION('',(0.,0.,-1.));
#2229 = ORIENTED_EDGE('',*,*,#837,.F.);
#2230 = ORIENTED_EDGE('',*,*,#2231,.T.);
#2231 = EDGE_CURVE('',#830,#1364,#2232,.T.);
#2232 = LINE('',#2233,#2234);
#2233 = CARTESIAN_POINT('',(10.,5.900000095367,0.));
#2234 = VECTOR('',#2235,1.);
#2235 = DIRECTION('',(0.,0.,1.));
#2236 = PLANE('',#2237);
#2237 = AXIS2_PLACEMENT_3D('',#2238,#2239,#2240);
#2238 = CARTESIAN_POINT('',(10.306149959564,5.960895061493,1.5));
#2239 = DIRECTION('',(-0.195084013482,0.980786535228,0.));
#2240 = DIRECTION('',(0.980786535228,0.195084013482,0.));
#2241 = ADVANCED_FACE('',(#2242),#2253,.T.);
#2242 = FACE_BOUND('',#2243,.T.);
#2243 = EDGE_LOOP('',(#2244,#2245,#2246,#2247));
#2244 = ORIENTED_EDGE('',*,*,#1371,.F.);
#2245 = ORIENTED_EDGE('',*,*,#2231,.F.);
#2246 = ORIENTED_EDGE('',*,*,#829,.F.);
#2247 = ORIENTED_EDGE('',*,*,#2248,.T.);
#2248 = EDGE_CURVE('',#822,#1372,#2249,.T.);
#2249 = LINE('',#2250,#2251);
#2250 = CARTESIAN_POINT('',(9.387709617615,6.021790027618,0.));
#2251 = VECTOR('',#2252,1.);
#2252 = DIRECTION('',(0.,0.,1.));
#2253 = PLANE('',#2254);
#2254 = AXIS2_PLACEMENT_3D('',#2255,#2256,#2257);
#2255 = CARTESIAN_POINT('',(9.693854808807,5.960895061493,1.5));
#2256 = DIRECTION('',(0.195086936375,0.980785953843,0.));
#2257 = DIRECTION('',(0.980785953843,-0.195086936375,0.));
#2258 = ADVANCED_FACE('',(#2259),#2270,.T.);
#2259 = FACE_BOUND('',#2260,.T.);
#2260 = EDGE_LOOP('',(#2261,#2262,#2263,#2269));
#2261 = ORIENTED_EDGE('',*,*,#2208,.F.);
#2262 = ORIENTED_EDGE('',*,*,#1395,.F.);
#2263 = ORIENTED_EDGE('',*,*,#2264,.T.);
#2264 = EDGE_CURVE('',#1388,#806,#2265,.T.);
#2265 = LINE('',#2266,#2267);
#2266 = CARTESIAN_POINT('',(8.521789550781,6.887710094452,3.));
#2267 = VECTOR('',#2268,1.);
#2268 = DIRECTION('',(0.,0.,-1.));
#2269 = ORIENTED_EDGE('',*,*,#805,.F.);
#2270 = PLANE('',#2271);
#2271 = AXIS2_PLACEMENT_3D('',#2272,#2273,#2274);
#2272 = CARTESIAN_POINT('',(8.460894584656,7.193855047226,1.5));
#2273 = DIRECTION('',(0.980785924773,0.195087082522,0.));
#2274 = DIRECTION('',(-0.195087082522,0.980785924773,0.));
#2275 = ADVANCED_FACE('',(#2276),#2282,.T.);
#2276 = FACE_BOUND('',#2277,.T.);
#2277 = EDGE_LOOP('',(#2278,#2279,#2280,#2281));
#2278 = ORIENTED_EDGE('',*,*,#1307,.F.);
#2279 = ORIENTED_EDGE('',*,*,#2170,.F.);
#2280 = ORIENTED_EDGE('',*,*,#765,.F.);
#2281 = ORIENTED_EDGE('',*,*,#2124,.F.);
#2282 = PLANE('',#2283);
#2283 = AXIS2_PLACEMENT_3D('',#2284,#2285,#2286);
#2284 = CARTESIAN_POINT('',(10.306149959564,9.039105415344,1.5));
#2285 = DIRECTION('',(-0.195084013482,-0.980786535228,-0.));
#2286 = DIRECTION('',(-0.980786535228,0.195084013482,0.));
#2287 = ADVANCED_FACE('',(#2288),#2294,.T.);
#2288 = FACE_BOUND('',#2289,.T.);
#2289 = EDGE_LOOP('',(#2290,#2291,#2292,#2293));
#2290 = ORIENTED_EDGE('',*,*,#2108,.F.);
#2291 = ORIENTED_EDGE('',*,*,#861,.F.);
#2292 = ORIENTED_EDGE('',*,*,#2140,.F.);
#2293 = ORIENTED_EDGE('',*,*,#1339,.F.);
#2294 = PLANE('',#2295);
#2295 = AXIS2_PLACEMENT_3D('',#2296,#2297,#2298);
#2296 = CARTESIAN_POINT('',(11.539100170135,7.193855047226,1.5));
#2297 = DIRECTION('',(-0.980782709416,0.195103246796,-0.));
#2298 = DIRECTION('',(-0.195103246796,-0.980782709416,0.));
#2299 = ADVANCED_FACE('',(#2300),#2306,.T.);
#2300 = FACE_BOUND('',#2301,.T.);
#2301 = EDGE_LOOP('',(#2302,#2303,#2304,#2305));
#2302 = ORIENTED_EDGE('',*,*,#1355,.F.);
#2303 = ORIENTED_EDGE('',*,*,#2147,.F.);
#2304 = ORIENTED_EDGE('',*,*,#845,.F.);
#2305 = ORIENTED_EDGE('',*,*,#2224,.F.);
#2306 = PLANE('',#2307);
#2307 = AXIS2_PLACEMENT_3D('',#2308,#2309,#2310);
#2308 = CARTESIAN_POINT('',(10.871850013733,6.195209980011,1.5));
#2309 = DIRECTION('',(-0.5555572185,0.831478308179,0.));
#2310 = DIRECTION('',(0.831478308179,0.5555572185,0.));
#2311 = ADVANCED_FACE('',(#2312),#2323,.T.);
#2312 = FACE_BOUND('',#2313,.T.);
#2313 = EDGE_LOOP('',(#2314,#2315,#2316,#2322));
#2314 = ORIENTED_EDGE('',*,*,#2264,.F.);
#2315 = ORIENTED_EDGE('',*,*,#1387,.F.);
#2316 = ORIENTED_EDGE('',*,*,#2317,.T.);
#2317 = EDGE_CURVE('',#1380,#814,#2318,.T.);
#2318 = LINE('',#2319,#2320);
#2319 = CARTESIAN_POINT('',(8.868630409241,6.368629932404,3.));
#2320 = VECTOR('',#2321,1.);
#2321 = DIRECTION('',(0.,0.,-1.));
#2322 = ORIENTED_EDGE('',*,*,#813,.F.);
#2323 = PLANE('',#2324);
#2324 = AXIS2_PLACEMENT_3D('',#2325,#2326,#2327);
#2325 = CARTESIAN_POINT('',(8.695209980011,6.628170013428,1.5));
#2326 = DIRECTION('',(0.831467701173,0.555573093216,0.));
#2327 = DIRECTION('',(-0.555573093216,0.831467701173,0.));
#2328 = ADVANCED_FACE('',(#2329),#2335,.T.);
#2329 = FACE_BOUND('',#2330,.T.);
#2330 = EDGE_LOOP('',(#2331,#2332,#2333,#2334));
#2331 = ORIENTED_EDGE('',*,*,#1419,.F.);
#2332 = ORIENTED_EDGE('',*,*,#2184,.F.);
#2333 = ORIENTED_EDGE('',*,*,#781,.F.);
#2334 = ORIENTED_EDGE('',*,*,#2163,.F.);
#2335 = PLANE('',#2336);
#2336 = AXIS2_PLACEMENT_3D('',#2337,#2338,#2339);
#2337 = CARTESIAN_POINT('',(9.128170013428,8.804790019989,1.5));
#2338 = DIRECTION('',(0.55557379888,-0.83146722966,-0.));
#2339 = DIRECTION('',(-0.83146722966,-0.55557379888,0.));
#2340 = ADVANCED_FACE('',(#2341),#2347,.T.);
#2341 = FACE_BOUND('',#2342,.T.);
#2342 = EDGE_LOOP('',(#2343,#2344,#2345,#2346));
#2343 = ORIENTED_EDGE('',*,*,#1379,.F.);
#2344 = ORIENTED_EDGE('',*,*,#2248,.F.);
#2345 = ORIENTED_EDGE('',*,*,#821,.F.);
#2346 = ORIENTED_EDGE('',*,*,#2317,.F.);
#2347 = PLANE('',#2348);
#2348 = AXIS2_PLACEMENT_3D('',#2349,#2350,#2351);
#2349 = CARTESIAN_POINT('',(9.128170013428,6.195209980011,1.5));
#2350 = DIRECTION('',(0.555572742787,0.831467935324,0.));
#2351 = DIRECTION('',(0.831467935324,-0.555572742787,0.));
#2352 = ADVANCED_FACE('',(#2353),#2369,.T.);
#2353 = FACE_BOUND('',#2354,.T.);
#2354 = EDGE_LOOP('',(#2355,#2361,#2362,#2368));
#2355 = ORIENTED_EDGE('',*,*,#2356,.T.);
#2356 = EDGE_CURVE('',#1218,#724,#2357,.T.);
#2357 = LINE('',#2358,#2359);
#2358 = CARTESIAN_POINT('',(11.131400108337,28.631399154663,3.));
#2359 = VECTOR('',#2360,1.);
#2360 = DIRECTION('',(0.,0.,-1.));
#2361 = ORIENTED_EDGE('',*,*,#723,.F.);
#2362 = ORIENTED_EDGE('',*,*,#2363,.T.);
#2363 = EDGE_CURVE('',#716,#1226,#2364,.T.);
#2364 = LINE('',#2365,#2366);
#2365 = CARTESIAN_POINT('',(11.478199958801,28.112300872803,0.));
#2366 = VECTOR('',#2367,1.);
#2367 = DIRECTION('',(0.,0.,1.));
#2368 = ORIENTED_EDGE('',*,*,#1225,.F.);
#2369 = PLANE('',#2370);
#2370 = AXIS2_PLACEMENT_3D('',#2371,#2372,#2373);
#2371 = CARTESIAN_POINT('',(11.304800033569,28.371850013733,1.5));
#2372 = DIRECTION('',(-0.831507001849,-0.555514271532,-0.));
#2373 = DIRECTION('',(0.555514271532,-0.831507001849,0.));
#2374 = ADVANCED_FACE('',(#2375),#2386,.T.);
#2375 = FACE_BOUND('',#2376,.T.);
#2376 = EDGE_LOOP('',(#2377,#2378,#2379,#2385));
#2377 = ORIENTED_EDGE('',*,*,#2363,.F.);
#2378 = ORIENTED_EDGE('',*,*,#715,.F.);
#2379 = ORIENTED_EDGE('',*,*,#2380,.T.);
#2380 = EDGE_CURVE('',#708,#1234,#2381,.T.);
#2381 = LINE('',#2382,#2383);
#2382 = CARTESIAN_POINT('',(11.60000038147,27.5,0.));
#2383 = VECTOR('',#2384,1.);
#2384 = DIRECTION('',(0.,0.,1.));
#2385 = ORIENTED_EDGE('',*,*,#1233,.F.);
#2386 = PLANE('',#2387);
#2387 = AXIS2_PLACEMENT_3D('',#2388,#2389,#2390);
#2388 = CARTESIAN_POINT('',(11.539100170135,27.806150436401,1.5));
#2389 = DIRECTION('',(-0.980783378116,-0.195099885215,-0.));
#2390 = DIRECTION('',(0.195099885215,-0.980783378116,0.));
#2391 = ADVANCED_FACE('',(#2392),#2403,.T.);
#2392 = FACE_BOUND('',#2393,.T.);
#2393 = EDGE_LOOP('',(#2394,#2395,#2401,#2402));
#2394 = ORIENTED_EDGE('',*,*,#1217,.F.);
#2395 = ORIENTED_EDGE('',*,*,#2396,.T.);
#2396 = EDGE_CURVE('',#1210,#610,#2397,.T.);
#2397 = LINE('',#2398,#2399);
#2398 = CARTESIAN_POINT('',(10.612299919128,28.978200912476,3.));
#2399 = VECTOR('',#2400,1.);
#2400 = DIRECTION('',(0.,0.,-1.));
#2401 = ORIENTED_EDGE('',*,*,#731,.F.);
#2402 = ORIENTED_EDGE('',*,*,#2356,.F.);
#2403 = PLANE('',#2404);
#2404 = AXIS2_PLACEMENT_3D('',#2405,#2406,#2407);
#2405 = CARTESIAN_POINT('',(10.871850013733,28.804800033569,1.5));
#2406 = DIRECTION('',(-0.555514972677,-0.831506533427,-0.));
#2407 = DIRECTION('',(-0.831506533427,0.555514972677,0.));
#2408 = ADVANCED_FACE('',(#2409),#2425,.T.);
#2409 = FACE_BOUND('',#2410,.T.);
#2410 = EDGE_LOOP('',(#2411,#2417,#2418,#2424));
#2411 = ORIENTED_EDGE('',*,*,#2412,.T.);
#2412 = EDGE_CURVE('',#1242,#700,#2413,.T.);
#2413 = LINE('',#2414,#2415);
#2414 = CARTESIAN_POINT('',(11.478199958801,26.887699127197,3.));
#2415 = VECTOR('',#2416,1.);
#2416 = DIRECTION('',(0.,0.,-1.));
#2417 = ORIENTED_EDGE('',*,*,#699,.F.);
#2418 = ORIENTED_EDGE('',*,*,#2419,.T.);
#2419 = EDGE_CURVE('',#692,#1250,#2420,.T.);
#2420 = LINE('',#2421,#2422);
#2421 = CARTESIAN_POINT('',(11.131400108337,26.368600845337,0.));
#2422 = VECTOR('',#2423,1.);
#2423 = DIRECTION('',(0.,0.,1.));
#2424 = ORIENTED_EDGE('',*,*,#1249,.F.);
#2425 = PLANE('',#2426);
#2426 = AXIS2_PLACEMENT_3D('',#2427,#2428,#2429);
#2427 = CARTESIAN_POINT('',(11.304800033569,26.628149986267,1.5));
#2428 = DIRECTION('',(-0.831507001849,0.555514271532,-0.));
#2429 = DIRECTION('',(-0.555514271532,-0.831507001849,0.));
#2430 = ADVANCED_FACE('',(#2431),#2447,.T.);
#2431 = FACE_BOUND('',#2432,.T.);
#2432 = EDGE_LOOP('',(#2433,#2434,#2440,#2441));
#2433 = ORIENTED_EDGE('',*,*,#1201,.F.);
#2434 = ORIENTED_EDGE('',*,*,#2435,.T.);
#2435 = EDGE_CURVE('',#1194,#620,#2436,.T.);
#2436 = LINE('',#2437,#2438);
#2437 = CARTESIAN_POINT('',(9.387709617615,28.978200912476,3.));
#2438 = VECTOR('',#2439,1.);
#2439 = DIRECTION('',(0.,0.,-1.));
#2440 = ORIENTED_EDGE('',*,*,#619,.F.);
#2441 = ORIENTED_EDGE('',*,*,#2442,.T.);
#2442 = EDGE_CURVE('',#612,#1202,#2443,.T.);
#2443 = LINE('',#2444,#2445);
#2444 = CARTESIAN_POINT('',(10.,29.10000038147,0.));
#2445 = VECTOR('',#2446,1.);
#2446 = DIRECTION('',(0.,0.,1.));
#2447 = PLANE('',#2448);
#2448 = AXIS2_PLACEMENT_3D('',#2449,#2450,#2451);
#2449 = CARTESIAN_POINT('',(9.693854808807,29.039100646973,1.5));
#2450 = DIRECTION('',(0.195101631166,-0.980783030806,-0.));
#2451 = DIRECTION('',(-0.980783030806,-0.195101631166,0.));
#2452 = ADVANCED_FACE('',(#2453),#2469,.T.);
#2453 = FACE_BOUND('',#2454,.T.);
#2454 = EDGE_LOOP('',(#2455,#2461,#2462,#2468));
#2455 = ORIENTED_EDGE('',*,*,#2456,.T.);
#2456 = EDGE_CURVE('',#628,#1186,#2457,.T.);
#2457 = LINE('',#2458,#2459);
#2458 = CARTESIAN_POINT('',(8.868630409241,28.631399154663,0.));
#2459 = VECTOR('',#2460,1.);
#2460 = DIRECTION('',(0.,0.,1.));
#2461 = ORIENTED_EDGE('',*,*,#1185,.F.);
#2462 = ORIENTED_EDGE('',*,*,#2463,.T.);
#2463 = EDGE_CURVE('',#1178,#636,#2464,.T.);
#2464 = LINE('',#2465,#2466);
#2465 = CARTESIAN_POINT('',(8.521789550781,28.112300872803,3.));
#2466 = VECTOR('',#2467,1.);
#2467 = DIRECTION('',(0.,0.,-1.));
#2468 = ORIENTED_EDGE('',*,*,#635,.F.);
#2469 = PLANE('',#2470);
#2470 = AXIS2_PLACEMENT_3D('',#2471,#2472,#2473);
#2471 = CARTESIAN_POINT('',(8.695209980011,28.371850013733,1.5));
#2472 = DIRECTION('',(0.831476659591,-0.555559685862,0.));
#2473 = DIRECTION('',(0.555559685862,0.831476659591,0.));
#2474 = ADVANCED_FACE('',(#2475),#2486,.T.);
#2475 = FACE_BOUND('',#2476,.T.);
#2476 = EDGE_LOOP('',(#2477,#2478,#2479,#2485));
#2477 = ORIENTED_EDGE('',*,*,#2463,.F.);
#2478 = ORIENTED_EDGE('',*,*,#1177,.F.);
#2479 = ORIENTED_EDGE('',*,*,#2480,.T.);
#2480 = EDGE_CURVE('',#1170,#644,#2481,.T.);
#2481 = LINE('',#2482,#2483);
#2482 = CARTESIAN_POINT('',(8.39999961853,27.5,3.));
#2483 = VECTOR('',#2484,1.);
#2484 = DIRECTION('',(0.,0.,-1.));
#2485 = ORIENTED_EDGE('',*,*,#643,.F.);
#2486 = PLANE('',#2487);
#2487 = AXIS2_PLACEMENT_3D('',#2488,#2489,#2490);
#2488 = CARTESIAN_POINT('',(8.460894584656,27.806150436401,1.5));
#2489 = DIRECTION('',(0.980786593365,-0.195083721197,0.));
#2490 = DIRECTION('',(0.195083721197,0.980786593365,0.));
#2491 = ADVANCED_FACE('',(#2492),#2508,.T.);
#2492 = FACE_BOUND('',#2493,.T.);
#2493 = EDGE_LOOP('',(#2494,#2495,#2501,#2502));
#2494 = ORIENTED_EDGE('',*,*,#1265,.F.);
#2495 = ORIENTED_EDGE('',*,*,#2496,.T.);
#2496 = EDGE_CURVE('',#1258,#684,#2497,.T.);
#2497 = LINE('',#2498,#2499);
#2498 = CARTESIAN_POINT('',(10.612299919128,26.021799087524,3.));
#2499 = VECTOR('',#2500,1.);
#2500 = DIRECTION('',(0.,0.,-1.));
#2501 = ORIENTED_EDGE('',*,*,#683,.F.);
#2502 = ORIENTED_EDGE('',*,*,#2503,.T.);
#2503 = EDGE_CURVE('',#676,#1266,#2504,.T.);
#2504 = LINE('',#2505,#2506);
#2505 = CARTESIAN_POINT('',(10.,25.89999961853,0.));
#2506 = VECTOR('',#2507,1.);
#2507 = DIRECTION('',(0.,0.,1.));
#2508 = PLANE('',#2509);
#2509 = AXIS2_PLACEMENT_3D('',#2510,#2511,#2512);
#2510 = CARTESIAN_POINT('',(10.306149959564,25.960899353027,1.5));
#2511 = DIRECTION('',(-0.19509870807,0.980783612276,0.));
#2512 = DIRECTION('',(0.980783612276,0.19509870807,0.));
#2513 = ADVANCED_FACE('',(#2514),#2525,.T.);
#2514 = FACE_BOUND('',#2515,.T.);
#2515 = EDGE_LOOP('',(#2516,#2517,#2518,#2519));
#2516 = ORIENTED_EDGE('',*,*,#1273,.F.);
#2517 = ORIENTED_EDGE('',*,*,#2503,.F.);
#2518 = ORIENTED_EDGE('',*,*,#675,.F.);
#2519 = ORIENTED_EDGE('',*,*,#2520,.T.);
#2520 = EDGE_CURVE('',#668,#1274,#2521,.T.);
#2521 = LINE('',#2522,#2523);
#2522 = CARTESIAN_POINT('',(9.387709617615,26.021799087524,0.));
#2523 = VECTOR('',#2524,1.);
#2524 = DIRECTION('',(0.,0.,1.));
#2525 = PLANE('',#2526);
#2526 = AXIS2_PLACEMENT_3D('',#2527,#2528,#2529);
#2527 = CARTESIAN_POINT('',(9.693854808807,25.960899353027,1.5));
#2528 = DIRECTION('',(0.195101631166,0.980783030806,0.));
#2529 = DIRECTION('',(0.980783030806,-0.195101631166,0.));
#2530 = ADVANCED_FACE('',(#2531),#2542,.T.);
#2531 = FACE_BOUND('',#2532,.T.);
#2532 = EDGE_LOOP('',(#2533,#2534,#2535,#2541));
#2533 = ORIENTED_EDGE('',*,*,#2480,.F.);
#2534 = ORIENTED_EDGE('',*,*,#1167,.F.);
#2535 = ORIENTED_EDGE('',*,*,#2536,.T.);
#2536 = EDGE_CURVE('',#1168,#652,#2537,.T.);
#2537 = LINE('',#2538,#2539);
#2538 = CARTESIAN_POINT('',(8.521789550781,26.887699127197,3.));
#2539 = VECTOR('',#2540,1.);
#2540 = DIRECTION('',(0.,0.,-1.));
#2541 = ORIENTED_EDGE('',*,*,#651,.F.);
#2542 = PLANE('',#2543);
#2543 = AXIS2_PLACEMENT_3D('',#2544,#2545,#2546);
#2544 = CARTESIAN_POINT('',(8.460894584656,27.193849563599,1.5));
#2545 = DIRECTION('',(0.980786593365,0.195083721197,0.));
#2546 = DIRECTION('',(-0.195083721197,0.980786593365,0.));
#2547 = ADVANCED_FACE('',(#2548),#2554,.T.);
#2548 = FACE_BOUND('',#2549,.T.);
#2549 = EDGE_LOOP('',(#2550,#2551,#2552,#2553));
#2550 = ORIENTED_EDGE('',*,*,#1209,.F.);
#2551 = ORIENTED_EDGE('',*,*,#2442,.F.);
#2552 = ORIENTED_EDGE('',*,*,#609,.F.);
#2553 = ORIENTED_EDGE('',*,*,#2396,.F.);
#2554 = PLANE('',#2555);
#2555 = AXIS2_PLACEMENT_3D('',#2556,#2557,#2558);
#2556 = CARTESIAN_POINT('',(10.306149959564,29.039100646973,1.5));
#2557 = DIRECTION('',(-0.19509870807,-0.980783612276,-0.));
#2558 = DIRECTION('',(-0.980783612276,0.19509870807,0.));
#2559 = ADVANCED_FACE('',(#2560),#2566,.T.);
#2560 = FACE_BOUND('',#2561,.T.);
#2561 = EDGE_LOOP('',(#2562,#2563,#2564,#2565));
#2562 = ORIENTED_EDGE('',*,*,#2380,.F.);
#2563 = ORIENTED_EDGE('',*,*,#707,.F.);
#2564 = ORIENTED_EDGE('',*,*,#2412,.F.);
#2565 = ORIENTED_EDGE('',*,*,#1241,.F.);
#2566 = PLANE('',#2567);
#2567 = AXIS2_PLACEMENT_3D('',#2568,#2569,#2570);
#2568 = CARTESIAN_POINT('',(11.539100170135,27.193849563599,1.5));
#2569 = DIRECTION('',(-0.980783378116,0.195099885215,-0.));
#2570 = DIRECTION('',(-0.195099885215,-0.980783378116,0.));
#2571 = ADVANCED_FACE('',(#2572),#2578,.T.);
#2572 = FACE_BOUND('',#2573,.T.);
#2573 = EDGE_LOOP('',(#2574,#2575,#2576,#2577));
#2574 = ORIENTED_EDGE('',*,*,#1257,.F.);
#2575 = ORIENTED_EDGE('',*,*,#2419,.F.);
#2576 = ORIENTED_EDGE('',*,*,#691,.F.);
#2577 = ORIENTED_EDGE('',*,*,#2496,.F.);
#2578 = PLANE('',#2579);
#2579 = AXIS2_PLACEMENT_3D('',#2580,#2581,#2582);
#2580 = CARTESIAN_POINT('',(10.871850013733,26.195199966431,1.5));
#2581 = DIRECTION('',(-0.555514972677,0.831506533427,0.));
#2582 = DIRECTION('',(0.831506533427,0.555514972677,0.));
#2583 = ADVANCED_FACE('',(#2584),#2595,.T.);
#2584 = FACE_BOUND('',#2585,.T.);
#2585 = EDGE_LOOP('',(#2586,#2587,#2588,#2594));
#2586 = ORIENTED_EDGE('',*,*,#2536,.F.);
#2587 = ORIENTED_EDGE('',*,*,#1289,.F.);
#2588 = ORIENTED_EDGE('',*,*,#2589,.T.);
#2589 = EDGE_CURVE('',#1282,#660,#2590,.T.);
#2590 = LINE('',#2591,#2592);
#2591 = CARTESIAN_POINT('',(8.868630409241,26.368600845337,3.));
#2592 = VECTOR('',#2593,1.);
#2593 = DIRECTION('',(0.,0.,-1.));
#2594 = ORIENTED_EDGE('',*,*,#659,.F.);
#2595 = PLANE('',#2596);
#2596 = AXIS2_PLACEMENT_3D('',#2597,#2598,#2599);
#2597 = CARTESIAN_POINT('',(8.695209980011,26.628149986267,1.5));
#2598 = DIRECTION('',(0.831476659591,0.555559685862,0.));
#2599 = DIRECTION('',(-0.555559685862,0.831476659591,0.));
#2600 = ADVANCED_FACE('',(#2601),#2607,.T.);
#2601 = FACE_BOUND('',#2602,.T.);
#2602 = EDGE_LOOP('',(#2603,#2604,#2605,#2606));
#2603 = ORIENTED_EDGE('',*,*,#1193,.F.);
#2604 = ORIENTED_EDGE('',*,*,#2456,.F.);
#2605 = ORIENTED_EDGE('',*,*,#627,.F.);
#2606 = ORIENTED_EDGE('',*,*,#2435,.F.);
#2607 = PLANE('',#2608);
#2608 = AXIS2_PLACEMENT_3D('',#2609,#2610,#2611);
#2609 = CARTESIAN_POINT('',(9.128170013428,28.804800033569,1.5));
#2610 = DIRECTION('',(0.555530496837,-0.831496161798,-0.));
#2611 = DIRECTION('',(-0.831496161798,-0.555530496837,0.));
#2612 = ADVANCED_FACE('',(#2613),#2619,.T.);
#2613 = FACE_BOUND('',#2614,.T.);
#2614 = EDGE_LOOP('',(#2615,#2616,#2617,#2618));
#2615 = ORIENTED_EDGE('',*,*,#1281,.F.);
#2616 = ORIENTED_EDGE('',*,*,#2520,.F.);
#2617 = ORIENTED_EDGE('',*,*,#667,.F.);
#2618 = ORIENTED_EDGE('',*,*,#2589,.F.);
#2619 = PLANE('',#2620);
#2620 = AXIS2_PLACEMENT_3D('',#2621,#2622,#2623);
#2621 = CARTESIAN_POINT('',(9.128170013428,26.195199966431,1.5));
#2622 = DIRECTION('',(0.555530496837,0.831496161798,0.));
#2623 = DIRECTION('',(0.831496161798,-0.555530496837,0.));
#2624 = ADVANCED_FACE('',(#2625),#2641,.T.);
#2625 = FACE_BOUND('',#2626,.T.);
#2626 = EDGE_LOOP('',(#2627,#2633,#2634,#2640));
#2627 = ORIENTED_EDGE('',*,*,#2628,.T.);
#2628 = EDGE_CURVE('',#1000,#1560,#2629,.T.);
#2629 = LINE('',#2630,#2631);
#2630 = CARTESIAN_POINT('',(38.521800994873,8.112290382385,0.));
#2631 = VECTOR('',#2632,1.);
#2632 = DIRECTION('',(0.,0.,1.));
#2633 = ORIENTED_EDGE('',*,*,#1557,.F.);
#2634 = ORIENTED_EDGE('',*,*,#2635,.T.);
#2635 = EDGE_CURVE('',#1558,#1002,#2636,.T.);
#2636 = LINE('',#2637,#2638);
#2637 = CARTESIAN_POINT('',(38.400001525879,7.5,3.));
#2638 = VECTOR('',#2639,1.);
#2639 = DIRECTION('',(0.,0.,-1.));
#2640 = ORIENTED_EDGE('',*,*,#999,.F.);
#2641 = PLANE('',#2642);
#2642 = AXIS2_PLACEMENT_3D('',#2643,#2644,#2645);
#2643 = CARTESIAN_POINT('',(38.460901260376,7.806145191193,1.5));
#2644 = DIRECTION('',(0.980783030806,-0.195101631166,0.));
#2645 = DIRECTION('',(0.195101631166,0.980783030806,0.));
#2646 = ADVANCED_FACE('',(#2647),#2663,.T.);
#2647 = FACE_BOUND('',#2648,.T.);
#2648 = EDGE_LOOP('',(#2649,#2655,#2656,#2662));
#2649 = ORIENTED_EDGE('',*,*,#2650,.T.);
#2650 = EDGE_CURVE('',#1608,#1074,#2651,.T.);
#2651 = LINE('',#2652,#2653);
#2652 = CARTESIAN_POINT('',(41.478199005127,8.112290382385,3.));
#2653 = VECTOR('',#2654,1.);
#2654 = DIRECTION('',(0.,0.,-1.));
#2655 = ORIENTED_EDGE('',*,*,#1073,.F.);
#2656 = ORIENTED_EDGE('',*,*,#2657,.T.);
#2657 = EDGE_CURVE('',#1066,#1616,#2658,.T.);
#2658 = LINE('',#2659,#2660);
#2659 = CARTESIAN_POINT('',(41.599998474121,7.5,0.));
#2660 = VECTOR('',#2661,1.);
#2661 = DIRECTION('',(0.,0.,1.));
#2662 = ORIENTED_EDGE('',*,*,#1615,.F.);
#2663 = PLANE('',#2664);
#2664 = AXIS2_PLACEMENT_3D('',#2665,#2666,#2667);
#2665 = CARTESIAN_POINT('',(41.539098739624,7.806145191193,1.5));
#2666 = DIRECTION('',(-0.980783030806,-0.195101631166,-0.));
#2667 = DIRECTION('',(0.195101631166,-0.980783030806,0.));
#2668 = ADVANCED_FACE('',(#2669),#2685,.T.);
#2669 = FACE_BOUND('',#2670,.T.);
#2670 = EDGE_LOOP('',(#2671,#2672,#2678,#2679));
#2671 = ORIENTED_EDGE('',*,*,#1575,.F.);
#2672 = ORIENTED_EDGE('',*,*,#2673,.T.);
#2673 = EDGE_CURVE('',#1568,#1114,#2674,.T.);
#2674 = LINE('',#2675,#2676);
#2675 = CARTESIAN_POINT('',(38.868598937988,8.631369590759,3.));
#2676 = VECTOR('',#2677,1.);
#2677 = DIRECTION('',(0.,0.,-1.));
#2678 = ORIENTED_EDGE('',*,*,#1113,.F.);
#2679 = ORIENTED_EDGE('',*,*,#2680,.T.);
#2680 = EDGE_CURVE('',#1106,#1576,#2681,.T.);
#2681 = LINE('',#2682,#2683);
#2682 = CARTESIAN_POINT('',(39.387699127197,8.978210449219,0.));
#2683 = VECTOR('',#2684,1.);
#2684 = DIRECTION('',(0.,0.,1.));
#2685 = PLANE('',#2686);
#2686 = AXIS2_PLACEMENT_3D('',#2687,#2688,#2689);
#2687 = CARTESIAN_POINT('',(39.128149032593,8.804790019989,1.5));
#2688 = DIRECTION('',(0.55555827459,-0.831477602545,-0.));
#2689 = DIRECTION('',(-0.831477602545,-0.55555827459,0.));
#2690 = ADVANCED_FACE('',(#2691),#2707,.T.);
#2691 = FACE_BOUND('',#2692,.T.);
#2692 = EDGE_LOOP('',(#2693,#2694,#2700,#2701));
#2693 = ORIENTED_EDGE('',*,*,#1591,.F.);
#2694 = ORIENTED_EDGE('',*,*,#2695,.T.);
#2695 = EDGE_CURVE('',#1584,#1098,#2696,.T.);
#2696 = LINE('',#2697,#2698);
#2697 = CARTESIAN_POINT('',(40.,9.10000038147,3.));
#2698 = VECTOR('',#2699,1.);
#2699 = DIRECTION('',(0.,0.,-1.));
#2700 = ORIENTED_EDGE('',*,*,#1097,.F.);
#2701 = ORIENTED_EDGE('',*,*,#2702,.T.);
#2702 = EDGE_CURVE('',#1090,#1592,#2703,.T.);
#2703 = LINE('',#2704,#2705);
#2704 = CARTESIAN_POINT('',(40.612300872803,8.978210449219,0.));
#2705 = VECTOR('',#2706,1.);
#2706 = DIRECTION('',(0.,0.,1.));
#2707 = PLANE('',#2708);
#2708 = AXIS2_PLACEMENT_3D('',#2709,#2710,#2711);
#2709 = CARTESIAN_POINT('',(40.306150436401,9.039105415344,1.5));
#2710 = DIRECTION('',(-0.195083721197,-0.980786593365,-0.));
#2711 = DIRECTION('',(-0.980786593365,0.195083721197,0.));
#2712 = ADVANCED_FACE('',(#2713),#2724,.T.);
#2713 = FACE_BOUND('',#2714,.T.);
#2714 = EDGE_LOOP('',(#2715,#2721,#2722,#2723));
#2715 = ORIENTED_EDGE('',*,*,#2716,.T.);
#2716 = EDGE_CURVE('',#1600,#1082,#2717,.T.);
#2717 = LINE('',#2718,#2719);
#2718 = CARTESIAN_POINT('',(41.131401062012,8.631369590759,3.));
#2719 = VECTOR('',#2720,1.);
#2720 = DIRECTION('',(0.,0.,-1.));
#2721 = ORIENTED_EDGE('',*,*,#1081,.F.);
#2722 = ORIENTED_EDGE('',*,*,#2650,.F.);
#2723 = ORIENTED_EDGE('',*,*,#1607,.F.);
#2724 = PLANE('',#2725);
#2725 = AXIS2_PLACEMENT_3D('',#2726,#2727,#2728);
#2726 = CARTESIAN_POINT('',(41.304800033569,8.371829986572,1.5));
#2727 = DIRECTION('',(-0.831498984432,-0.555526272005,-0.));
#2728 = DIRECTION('',(0.555526272005,-0.831498984432,0.));
#2729 = ADVANCED_FACE('',(#2730),#2746,.T.);
#2730 = FACE_BOUND('',#2731,.T.);
#2731 = EDGE_LOOP('',(#2732,#2733,#2739,#2740));
#2732 = ORIENTED_EDGE('',*,*,#1639,.F.);
#2733 = ORIENTED_EDGE('',*,*,#2734,.T.);
#2734 = EDGE_CURVE('',#1632,#1050,#2735,.T.);
#2735 = LINE('',#2736,#2737);
#2736 = CARTESIAN_POINT('',(41.131401062012,6.368629932404,3.));
#2737 = VECTOR('',#2738,1.);
#2738 = DIRECTION('',(0.,0.,-1.));
#2739 = ORIENTED_EDGE('',*,*,#1049,.F.);
#2740 = ORIENTED_EDGE('',*,*,#2741,.T.);
#2741 = EDGE_CURVE('',#1042,#1640,#2742,.T.);
#2742 = LINE('',#2743,#2744);
#2743 = CARTESIAN_POINT('',(40.612300872803,6.021790027618,0.));
#2744 = VECTOR('',#2745,1.);
#2745 = DIRECTION('',(0.,0.,1.));
#2746 = PLANE('',#2747);
#2747 = AXIS2_PLACEMENT_3D('',#2748,#2749,#2750);
#2748 = CARTESIAN_POINT('',(40.871850967407,6.195209980011,1.5));
#2749 = DIRECTION('',(-0.5555572185,0.831478308179,0.));
#2750 = DIRECTION('',(0.831478308179,0.5555572185,0.));
#2751 = ADVANCED_FACE('',(#2752),#2763,.T.);
#2752 = FACE_BOUND('',#2753,.T.);
#2753 = EDGE_LOOP('',(#2754,#2760,#2761,#2762));
#2754 = ORIENTED_EDGE('',*,*,#2755,.T.);
#2755 = EDGE_CURVE('',#1624,#1058,#2756,.T.);
#2756 = LINE('',#2757,#2758);
#2757 = CARTESIAN_POINT('',(41.478199005127,6.887710094452,3.));
#2758 = VECTOR('',#2759,1.);
#2759 = DIRECTION('',(0.,0.,-1.));
#2760 = ORIENTED_EDGE('',*,*,#1057,.F.);
#2761 = ORIENTED_EDGE('',*,*,#2734,.F.);
#2762 = ORIENTED_EDGE('',*,*,#1631,.F.);
#2763 = PLANE('',#2764);
#2764 = AXIS2_PLACEMENT_3D('',#2765,#2766,#2767);
#2765 = CARTESIAN_POINT('',(41.304800033569,6.628170013428,1.5));
#2766 = DIRECTION('',(-0.831499455883,0.555525566348,-0.));
#2767 = DIRECTION('',(-0.555525566348,-0.831499455883,0.));
#2768 = ADVANCED_FACE('',(#2769),#2775,.T.);
#2769 = FACE_BOUND('',#2770,.T.);
#2770 = EDGE_LOOP('',(#2771,#2772,#2773,#2774));
#2771 = ORIENTED_EDGE('',*,*,#1599,.F.);
#2772 = ORIENTED_EDGE('',*,*,#2702,.F.);
#2773 = ORIENTED_EDGE('',*,*,#1089,.F.);
#2774 = ORIENTED_EDGE('',*,*,#2716,.F.);
#2775 = PLANE('',#2776);
#2776 = AXIS2_PLACEMENT_3D('',#2777,#2778,#2779);
#2777 = CARTESIAN_POINT('',(40.871850967407,8.804790019989,1.5));
#2778 = DIRECTION('',(-0.55555827459,-0.831477602545,-0.));
#2779 = DIRECTION('',(-0.831477602545,0.55555827459,0.));
#2780 = ADVANCED_FACE('',(#2781),#2797,.T.);
#2781 = FACE_BOUND('',#2782,.T.);
#2782 = EDGE_LOOP('',(#2783,#2784,#2790,#2791));
#2783 = ORIENTED_EDGE('',*,*,#1655,.F.);
#2784 = ORIENTED_EDGE('',*,*,#2785,.T.);
#2785 = EDGE_CURVE('',#1648,#1034,#2786,.T.);
#2786 = LINE('',#2787,#2788);
#2787 = CARTESIAN_POINT('',(40.,5.900000095367,3.));
#2788 = VECTOR('',#2789,1.);
#2789 = DIRECTION('',(0.,0.,-1.));
#2790 = ORIENTED_EDGE('',*,*,#1033,.F.);
#2791 = ORIENTED_EDGE('',*,*,#2792,.T.);
#2792 = EDGE_CURVE('',#1026,#1656,#2793,.T.);
#2793 = LINE('',#2794,#2795);
#2794 = CARTESIAN_POINT('',(39.387699127197,6.021790027618,0.));
#2795 = VECTOR('',#2796,1.);
#2796 = DIRECTION('',(0.,0.,1.));
#2797 = PLANE('',#2798);
#2798 = AXIS2_PLACEMENT_3D('',#2799,#2800,#2801);
#2799 = CARTESIAN_POINT('',(39.693849563599,5.960895061493,1.5));
#2800 = DIRECTION('',(0.195083721197,0.980786593365,0.));
#2801 = DIRECTION('',(0.980786593365,-0.195083721197,0.));
#2802 = ADVANCED_FACE('',(#2803),#2819,.T.);
#2803 = FACE_BOUND('',#2804,.T.);
#2804 = EDGE_LOOP('',(#2805,#2811,#2812,#2818));
#2805 = ORIENTED_EDGE('',*,*,#2806,.T.);
#2806 = EDGE_CURVE('',#1010,#1672,#2807,.T.);
#2807 = LINE('',#2808,#2809);
#2808 = CARTESIAN_POINT('',(38.521800994873,6.887710094452,0.));
#2809 = VECTOR('',#2810,1.);
#2810 = DIRECTION('',(0.,0.,1.));
#2811 = ORIENTED_EDGE('',*,*,#1671,.F.);
#2812 = ORIENTED_EDGE('',*,*,#2813,.T.);
#2813 = EDGE_CURVE('',#1664,#1018,#2814,.T.);
#2814 = LINE('',#2815,#2816);
#2815 = CARTESIAN_POINT('',(38.868598937988,6.368629932404,3.));
#2816 = VECTOR('',#2817,1.);
#2817 = DIRECTION('',(0.,0.,-1.));
#2818 = ORIENTED_EDGE('',*,*,#1017,.F.);
#2819 = PLANE('',#2820);
#2820 = AXIS2_PLACEMENT_3D('',#2821,#2822,#2823);
#2821 = CARTESIAN_POINT('',(38.695199966431,6.628170013428,1.5));
#2822 = DIRECTION('',(0.831499455883,0.555525566348,0.));
#2823 = DIRECTION('',(-0.555525566348,0.831499455883,0.));
#2824 = ADVANCED_FACE('',(#2825),#2831,.T.);
#2825 = FACE_BOUND('',#2826,.T.);
#2826 = EDGE_LOOP('',(#2827,#2828,#2829,#2830));
#2827 = ORIENTED_EDGE('',*,*,#2635,.F.);
#2828 = ORIENTED_EDGE('',*,*,#1679,.F.);
#2829 = ORIENTED_EDGE('',*,*,#2806,.F.);
#2830 = ORIENTED_EDGE('',*,*,#1009,.F.);
#2831 = PLANE('',#2832);
#2832 = AXIS2_PLACEMENT_3D('',#2833,#2834,#2835);
#2833 = CARTESIAN_POINT('',(38.460901260376,7.193855047226,1.5));
#2834 = DIRECTION('',(0.980783001731,0.195101777323,0.));
#2835 = DIRECTION('',(-0.195101777323,0.980783001731,0.));
#2836 = ADVANCED_FACE('',(#2837),#2843,.T.);
#2837 = FACE_BOUND('',#2838,.T.);
#2838 = EDGE_LOOP('',(#2839,#2840,#2841,#2842));
#2839 = ORIENTED_EDGE('',*,*,#1583,.F.);
#2840 = ORIENTED_EDGE('',*,*,#2680,.F.);
#2841 = ORIENTED_EDGE('',*,*,#1105,.F.);
#2842 = ORIENTED_EDGE('',*,*,#2695,.F.);
#2843 = PLANE('',#2844);
#2844 = AXIS2_PLACEMENT_3D('',#2845,#2846,#2847);
#2845 = CARTESIAN_POINT('',(39.693849563599,9.039105415344,1.5));
#2846 = DIRECTION('',(0.195083721197,-0.980786593365,-0.));
#2847 = DIRECTION('',(-0.980786593365,-0.195083721197,0.));
#2848 = ADVANCED_FACE('',(#2849),#2855,.T.);
#2849 = FACE_BOUND('',#2850,.T.);
#2850 = EDGE_LOOP('',(#2851,#2852,#2853,#2854));
#2851 = ORIENTED_EDGE('',*,*,#1647,.F.);
#2852 = ORIENTED_EDGE('',*,*,#2741,.F.);
#2853 = ORIENTED_EDGE('',*,*,#1041,.F.);
#2854 = ORIENTED_EDGE('',*,*,#2785,.F.);
#2855 = PLANE('',#2856);
#2856 = AXIS2_PLACEMENT_3D('',#2857,#2858,#2859);
#2857 = CARTESIAN_POINT('',(40.306150436401,5.960895061493,1.5));
#2858 = DIRECTION('',(-0.195083721197,0.980786593365,0.));
#2859 = DIRECTION('',(0.980786593365,0.195083721197,0.));
#2860 = ADVANCED_FACE('',(#2861),#2867,.T.);
#2861 = FACE_BOUND('',#2862,.T.);
#2862 = EDGE_LOOP('',(#2863,#2864,#2865,#2866));
#2863 = ORIENTED_EDGE('',*,*,#2673,.F.);
#2864 = ORIENTED_EDGE('',*,*,#1567,.F.);
#2865 = ORIENTED_EDGE('',*,*,#2628,.F.);
#2866 = ORIENTED_EDGE('',*,*,#1121,.F.);
#2867 = PLANE('',#2868);
#2868 = AXIS2_PLACEMENT_3D('',#2869,#2870,#2871);
#2869 = CARTESIAN_POINT('',(38.695199966431,8.371829986572,1.5));
#2870 = DIRECTION('',(0.831498984432,-0.555526272005,0.));
#2871 = DIRECTION('',(0.555526272005,0.831498984432,0.));
#2872 = ADVANCED_FACE('',(#2873),#2879,.T.);
#2873 = FACE_BOUND('',#2874,.T.);
#2874 = EDGE_LOOP('',(#2875,#2876,#2877,#2878));
#2875 = ORIENTED_EDGE('',*,*,#1663,.F.);
#2876 = ORIENTED_EDGE('',*,*,#2792,.F.);
#2877 = ORIENTED_EDGE('',*,*,#1025,.F.);
#2878 = ORIENTED_EDGE('',*,*,#2813,.F.);
#2879 = PLANE('',#2880);
#2880 = AXIS2_PLACEMENT_3D('',#2881,#2882,#2883);
#2881 = CARTESIAN_POINT('',(39.128149032593,6.195209980011,1.5));
#2882 = DIRECTION('',(0.5555572185,0.831478308179,0.));
#2883 = DIRECTION('',(0.831478308179,-0.5555572185,0.));
#2884 = ADVANCED_FACE('',(#2885),#2891,.T.);
#2885 = FACE_BOUND('',#2886,.T.);
#2886 = EDGE_LOOP('',(#2887,#2888,#2889,#2890));
#2887 = ORIENTED_EDGE('',*,*,#2657,.F.);
#2888 = ORIENTED_EDGE('',*,*,#1065,.F.);
#2889 = ORIENTED_EDGE('',*,*,#2755,.F.);
#2890 = ORIENTED_EDGE('',*,*,#1623,.F.);
#2891 = PLANE('',#2892);
#2892 = AXIS2_PLACEMENT_3D('',#2893,#2894,#2895);
#2893 = CARTESIAN_POINT('',(41.539098739624,7.193855047226,1.5));
#2894 = DIRECTION('',(-0.980783001731,0.195101777323,-0.));
#2895 = DIRECTION('',(-0.195101777323,-0.980783001731,0.));
#2896 = ADVANCED_FACE('',(#2897),#2913,.T.);
#2897 = FACE_BOUND('',#2898,.T.);
#2898 = EDGE_LOOP('',(#2899,#2905,#2906,#2912));
#2899 = ORIENTED_EDGE('',*,*,#2900,.T.);
#2900 = EDGE_CURVE('',#1478,#968,#2901,.T.);
#2901 = LINE('',#2902,#2903);
#2902 = CARTESIAN_POINT('',(41.131401062012,28.631399154663,3.));
#2903 = VECTOR('',#2904,1.);
#2904 = DIRECTION('',(0.,0.,-1.));
#2905 = ORIENTED_EDGE('',*,*,#967,.F.);
#2906 = ORIENTED_EDGE('',*,*,#2907,.T.);
#2907 = EDGE_CURVE('',#960,#1486,#2908,.T.);
#2908 = LINE('',#2909,#2910);
#2909 = CARTESIAN_POINT('',(41.478199005127,28.112300872803,0.));
#2910 = VECTOR('',#2911,1.);
#2911 = DIRECTION('',(0.,0.,1.));
#2912 = ORIENTED_EDGE('',*,*,#1485,.F.);
#2913 = PLANE('',#2914);
#2914 = AXIS2_PLACEMENT_3D('',#2915,#2916,#2917);
#2915 = CARTESIAN_POINT('',(41.304800033569,28.371850013733,1.5));
#2916 = DIRECTION('',(-0.831508413111,-0.555512159116,-0.));
#2917 = DIRECTION('',(0.555512159116,-0.831508413111,0.));
#2918 = ADVANCED_FACE('',(#2919),#2930,.T.);
#2919 = FACE_BOUND('',#2920,.T.);
#2920 = EDGE_LOOP('',(#2921,#2922,#2923,#2929));
#2921 = ORIENTED_EDGE('',*,*,#2907,.F.);
#2922 = ORIENTED_EDGE('',*,*,#959,.F.);
#2923 = ORIENTED_EDGE('',*,*,#2924,.T.);
#2924 = EDGE_CURVE('',#952,#1494,#2925,.T.);
#2925 = LINE('',#2926,#2927);
#2926 = CARTESIAN_POINT('',(41.599998474121,27.5,0.));
#2927 = VECTOR('',#2928,1.);
#2928 = DIRECTION('',(0.,0.,1.));
#2929 = ORIENTED_EDGE('',*,*,#1493,.F.);
#2930 = PLANE('',#2931);
#2931 = AXIS2_PLACEMENT_3D('',#2932,#2933,#2934);
#2932 = CARTESIAN_POINT('',(41.539098739624,27.806150436401,1.5));
#2933 = DIRECTION('',(-0.980783670422,-0.195098415765,-0.));
#2934 = DIRECTION('',(0.195098415765,-0.980783670422,0.));
#2935 = ADVANCED_FACE('',(#2936),#2947,.T.);
#2936 = FACE_BOUND('',#2937,.T.);
#2937 = EDGE_LOOP('',(#2938,#2939,#2945,#2946));
#2938 = ORIENTED_EDGE('',*,*,#1477,.F.);
#2939 = ORIENTED_EDGE('',*,*,#2940,.T.);
#2940 = EDGE_CURVE('',#1470,#976,#2941,.T.);
#2941 = LINE('',#2942,#2943);
#2942 = CARTESIAN_POINT('',(40.612300872803,28.978200912476,3.));
#2943 = VECTOR('',#2944,1.);
#2944 = DIRECTION('',(0.,0.,-1.));
#2945 = ORIENTED_EDGE('',*,*,#975,.F.);
#2946 = ORIENTED_EDGE('',*,*,#2900,.F.);
#2947 = PLANE('',#2948);
#2948 = AXIS2_PLACEMENT_3D('',#2949,#2950,#2951);
#2949 = CARTESIAN_POINT('',(40.871850967407,28.804800033569,1.5));
#2950 = DIRECTION('',(-0.555514972677,-0.831506533427,-0.));
#2951 = DIRECTION('',(-0.831506533427,0.555514972677,0.));
#2952 = ADVANCED_FACE('',(#2953),#2969,.T.);
#2953 = FACE_BOUND('',#2954,.T.);
#2954 = EDGE_LOOP('',(#2955,#2961,#2962,#2968));
#2955 = ORIENTED_EDGE('',*,*,#2956,.T.);
#2956 = EDGE_CURVE('',#1502,#944,#2957,.T.);
#2957 = LINE('',#2958,#2959);
#2958 = CARTESIAN_POINT('',(41.478199005127,26.887699127197,3.));
#2959 = VECTOR('',#2960,1.);
#2960 = DIRECTION('',(0.,0.,-1.));
#2961 = ORIENTED_EDGE('',*,*,#943,.F.);
#2962 = ORIENTED_EDGE('',*,*,#2963,.T.);
#2963 = EDGE_CURVE('',#936,#1510,#2964,.T.);
#2964 = LINE('',#2965,#2966);
#2965 = CARTESIAN_POINT('',(41.131401062012,26.368600845337,0.));
#2966 = VECTOR('',#2967,1.);
#2967 = DIRECTION('',(0.,0.,1.));
#2968 = ORIENTED_EDGE('',*,*,#1509,.F.);
#2969 = PLANE('',#2970);
#2970 = AXIS2_PLACEMENT_3D('',#2971,#2972,#2973);
#2971 = CARTESIAN_POINT('',(41.304800033569,26.628149986267,1.5));
#2972 = DIRECTION('',(-0.831508413111,0.555512159116,-0.));
#2973 = DIRECTION('',(-0.555512159116,-0.831508413111,0.));
#2974 = ADVANCED_FACE('',(#2975),#2991,.T.);
#2975 = FACE_BOUND('',#2976,.T.);
#2976 = EDGE_LOOP('',(#2977,#2978,#2984,#2985));
#2977 = ORIENTED_EDGE('',*,*,#1461,.F.);
#2978 = ORIENTED_EDGE('',*,*,#2979,.T.);
#2979 = EDGE_CURVE('',#1454,#870,#2980,.T.);
#2980 = LINE('',#2981,#2982);
#2981 = CARTESIAN_POINT('',(39.387699127197,28.978200912476,3.));
#2982 = VECTOR('',#2983,1.);
#2983 = DIRECTION('',(0.,0.,-1.));
#2984 = ORIENTED_EDGE('',*,*,#991,.F.);
#2985 = ORIENTED_EDGE('',*,*,#2986,.T.);
#2986 = EDGE_CURVE('',#984,#1462,#2987,.T.);
#2987 = LINE('',#2988,#2989);
#2988 = CARTESIAN_POINT('',(40.,29.10000038147,0.));
#2989 = VECTOR('',#2990,1.);
#2990 = DIRECTION('',(0.,0.,1.));
#2991 = PLANE('',#2992);
#2992 = AXIS2_PLACEMENT_3D('',#2993,#2994,#2995);
#2993 = CARTESIAN_POINT('',(39.693849563599,29.039100646973,1.5));
#2994 = DIRECTION('',(0.195098415765,-0.980783670422,-0.));
#2995 = DIRECTION('',(-0.980783670422,-0.195098415765,0.));
#2996 = ADVANCED_FACE('',(#2997),#3013,.T.);
#2997 = FACE_BOUND('',#2998,.T.);
#2998 = EDGE_LOOP('',(#2999,#3005,#3006,#3012));
#2999 = ORIENTED_EDGE('',*,*,#3000,.T.);
#3000 = EDGE_CURVE('',#872,#1446,#3001,.T.);
#3001 = LINE('',#3002,#3003);
#3002 = CARTESIAN_POINT('',(38.868598937988,28.631399154663,0.));
#3003 = VECTOR('',#3004,1.);
#3004 = DIRECTION('',(0.,0.,1.));
#3005 = ORIENTED_EDGE('',*,*,#1445,.F.);
#3006 = ORIENTED_EDGE('',*,*,#3007,.T.);
#3007 = EDGE_CURVE('',#1438,#880,#3008,.T.);
#3008 = LINE('',#3009,#3010);
#3009 = CARTESIAN_POINT('',(38.521800994873,28.112300872803,3.));
#3010 = VECTOR('',#3011,1.);
#3011 = DIRECTION('',(0.,0.,-1.));
#3012 = ORIENTED_EDGE('',*,*,#879,.F.);
#3013 = PLANE('',#3014);
#3014 = AXIS2_PLACEMENT_3D('',#3015,#3016,#3017);
#3015 = CARTESIAN_POINT('',(38.695199966431,28.371850013733,1.5));
#3016 = DIRECTION('',(0.831508413111,-0.555512159116,0.));
#3017 = DIRECTION('',(0.555512159116,0.831508413111,0.));
#3018 = ADVANCED_FACE('',(#3019),#3030,.T.);
#3019 = FACE_BOUND('',#3020,.T.);
#3020 = EDGE_LOOP('',(#3021,#3022,#3023,#3029));
#3021 = ORIENTED_EDGE('',*,*,#3007,.F.);
#3022 = ORIENTED_EDGE('',*,*,#1437,.F.);
#3023 = ORIENTED_EDGE('',*,*,#3024,.T.);
#3024 = EDGE_CURVE('',#1430,#888,#3025,.T.);
#3025 = LINE('',#3026,#3027);
#3026 = CARTESIAN_POINT('',(38.400001525879,27.5,3.));
#3027 = VECTOR('',#3028,1.);
#3028 = DIRECTION('',(0.,0.,-1.));
#3029 = ORIENTED_EDGE('',*,*,#887,.F.);
#3030 = PLANE('',#3031);
#3031 = AXIS2_PLACEMENT_3D('',#3032,#3033,#3034);
#3032 = CARTESIAN_POINT('',(38.460901260376,27.806150436401,1.5));
#3033 = DIRECTION('',(0.980783670422,-0.195098415765,0.));
#3034 = DIRECTION('',(0.195098415765,0.980783670422,0.));
#3035 = ADVANCED_FACE('',(#3036),#3052,.T.);
#3036 = FACE_BOUND('',#3037,.T.);
#3037 = EDGE_LOOP('',(#3038,#3039,#3045,#3046));
#3038 = ORIENTED_EDGE('',*,*,#1525,.F.);
#3039 = ORIENTED_EDGE('',*,*,#3040,.T.);
#3040 = EDGE_CURVE('',#1518,#928,#3041,.T.);
#3041 = LINE('',#3042,#3043);
#3042 = CARTESIAN_POINT('',(40.612300872803,26.021799087524,3.));
#3043 = VECTOR('',#3044,1.);
#3044 = DIRECTION('',(0.,0.,-1.));
#3045 = ORIENTED_EDGE('',*,*,#927,.F.);
#3046 = ORIENTED_EDGE('',*,*,#3047,.T.);
#3047 = EDGE_CURVE('',#920,#1526,#3048,.T.);
#3048 = LINE('',#3049,#3050);
#3049 = CARTESIAN_POINT('',(40.,25.89999961853,0.));
#3050 = VECTOR('',#3051,1.);
#3051 = DIRECTION('',(0.,0.,1.));
#3052 = PLANE('',#3053);
#3053 = AXIS2_PLACEMENT_3D('',#3054,#3055,#3056);
#3054 = CARTESIAN_POINT('',(40.306150436401,25.960899353027,1.5));
#3055 = DIRECTION('',(-0.195098415765,0.980783670422,0.));
#3056 = DIRECTION('',(0.980783670422,0.195098415765,0.));
#3057 = ADVANCED_FACE('',(#3058),#3069,.T.);
#3058 = FACE_BOUND('',#3059,.T.);
#3059 = EDGE_LOOP('',(#3060,#3061,#3062,#3063));
#3060 = ORIENTED_EDGE('',*,*,#1533,.F.);
#3061 = ORIENTED_EDGE('',*,*,#3047,.F.);
#3062 = ORIENTED_EDGE('',*,*,#919,.F.);
#3063 = ORIENTED_EDGE('',*,*,#3064,.T.);
#3064 = EDGE_CURVE('',#912,#1534,#3065,.T.);
#3065 = LINE('',#3066,#3067);
#3066 = CARTESIAN_POINT('',(39.387699127197,26.021799087524,0.));
#3067 = VECTOR('',#3068,1.);
#3068 = DIRECTION('',(0.,0.,1.));
#3069 = PLANE('',#3070);
#3070 = AXIS2_PLACEMENT_3D('',#3071,#3072,#3073);
#3071 = CARTESIAN_POINT('',(39.693849563599,25.960899353027,1.5));
#3072 = DIRECTION('',(0.195098415765,0.980783670422,0.));
#3073 = DIRECTION('',(0.980783670422,-0.195098415765,0.));
#3074 = ADVANCED_FACE('',(#3075),#3086,.T.);
#3075 = FACE_BOUND('',#3076,.T.);
#3076 = EDGE_LOOP('',(#3077,#3078,#3079,#3085));
#3077 = ORIENTED_EDGE('',*,*,#3024,.F.);
#3078 = ORIENTED_EDGE('',*,*,#1427,.F.);
#3079 = ORIENTED_EDGE('',*,*,#3080,.T.);
#3080 = EDGE_CURVE('',#1428,#896,#3081,.T.);
#3081 = LINE('',#3082,#3083);
#3082 = CARTESIAN_POINT('',(38.521800994873,26.887699127197,3.));
#3083 = VECTOR('',#3084,1.);
#3084 = DIRECTION('',(0.,0.,-1.));
#3085 = ORIENTED_EDGE('',*,*,#895,.F.);
#3086 = PLANE('',#3087);
#3087 = AXIS2_PLACEMENT_3D('',#3088,#3089,#3090);
#3088 = CARTESIAN_POINT('',(38.460901260376,27.193849563599,1.5));
#3089 = DIRECTION('',(0.980783670422,0.195098415765,0.));
#3090 = DIRECTION('',(-0.195098415765,0.980783670422,0.));
#3091 = ADVANCED_FACE('',(#3092),#3098,.T.);
#3092 = FACE_BOUND('',#3093,.T.);
#3093 = EDGE_LOOP('',(#3094,#3095,#3096,#3097));
#3094 = ORIENTED_EDGE('',*,*,#1469,.F.);
#3095 = ORIENTED_EDGE('',*,*,#2986,.F.);
#3096 = ORIENTED_EDGE('',*,*,#983,.F.);
#3097 = ORIENTED_EDGE('',*,*,#2940,.F.);
#3098 = PLANE('',#3099);
#3099 = AXIS2_PLACEMENT_3D('',#3100,#3101,#3102);
#3100 = CARTESIAN_POINT('',(40.306150436401,29.039100646973,1.5));
#3101 = DIRECTION('',(-0.195098415765,-0.980783670422,-0.));
#3102 = DIRECTION('',(-0.980783670422,0.195098415765,0.));
#3103 = ADVANCED_FACE('',(#3104),#3110,.T.);
#3104 = FACE_BOUND('',#3105,.T.);
#3105 = EDGE_LOOP('',(#3106,#3107,#3108,#3109));
#3106 = ORIENTED_EDGE('',*,*,#2924,.F.);
#3107 = ORIENTED_EDGE('',*,*,#951,.F.);
#3108 = ORIENTED_EDGE('',*,*,#2956,.F.);
#3109 = ORIENTED_EDGE('',*,*,#1501,.F.);
#3110 = PLANE('',#3111);
#3111 = AXIS2_PLACEMENT_3D('',#3112,#3113,#3114);
#3112 = CARTESIAN_POINT('',(41.539098739624,27.193849563599,1.5));
#3113 = DIRECTION('',(-0.980783670422,0.195098415765,-0.));
#3114 = DIRECTION('',(-0.195098415765,-0.980783670422,0.));
#3115 = ADVANCED_FACE('',(#3116),#3122,.T.);
#3116 = FACE_BOUND('',#3117,.T.);
#3117 = EDGE_LOOP('',(#3118,#3119,#3120,#3121));
#3118 = ORIENTED_EDGE('',*,*,#1517,.F.);
#3119 = ORIENTED_EDGE('',*,*,#2963,.F.);
#3120 = ORIENTED_EDGE('',*,*,#935,.F.);
#3121 = ORIENTED_EDGE('',*,*,#3040,.F.);
#3122 = PLANE('',#3123);
#3123 = AXIS2_PLACEMENT_3D('',#3124,#3125,#3126);
#3124 = CARTESIAN_POINT('',(40.871850967407,26.195199966431,1.5));
#3125 = DIRECTION('',(-0.555514972677,0.831506533427,0.));
#3126 = DIRECTION('',(0.831506533427,0.555514972677,0.));
#3127 = ADVANCED_FACE('',(#3128),#3139,.T.);
#3128 = FACE_BOUND('',#3129,.T.);
#3129 = EDGE_LOOP('',(#3130,#3131,#3132,#3138));
#3130 = ORIENTED_EDGE('',*,*,#3080,.F.);
#3131 = ORIENTED_EDGE('',*,*,#1549,.F.);
#3132 = ORIENTED_EDGE('',*,*,#3133,.T.);
#3133 = EDGE_CURVE('',#1542,#904,#3134,.T.);
#3134 = LINE('',#3135,#3136);
#3135 = CARTESIAN_POINT('',(38.868598937988,26.368600845337,3.));
#3136 = VECTOR('',#3137,1.);
#3137 = DIRECTION('',(0.,0.,-1.));
#3138 = ORIENTED_EDGE('',*,*,#903,.F.);
#3139 = PLANE('',#3140);
#3140 = AXIS2_PLACEMENT_3D('',#3141,#3142,#3143);
#3141 = CARTESIAN_POINT('',(38.695199966431,26.628149986267,1.5));
#3142 = DIRECTION('',(0.831508413111,0.555512159116,0.));
#3143 = DIRECTION('',(-0.555512159116,0.831508413111,0.));
#3144 = ADVANCED_FACE('',(#3145),#3151,.T.);
#3145 = FACE_BOUND('',#3146,.T.);
#3146 = EDGE_LOOP('',(#3147,#3148,#3149,#3150));
#3147 = ORIENTED_EDGE('',*,*,#1453,.F.);
#3148 = ORIENTED_EDGE('',*,*,#3000,.F.);
#3149 = ORIENTED_EDGE('',*,*,#869,.F.);
#3150 = ORIENTED_EDGE('',*,*,#2979,.F.);
#3151 = PLANE('',#3152);
#3152 = AXIS2_PLACEMENT_3D('',#3153,#3154,#3155);
#3153 = CARTESIAN_POINT('',(39.128149032593,28.804800033569,1.5));
#3154 = DIRECTION('',(0.555514972677,-0.831506533427,-0.));
#3155 = DIRECTION('',(-0.831506533427,-0.555514972677,0.));
#3156 = ADVANCED_FACE('',(#3157),#3163,.T.);
#3157 = FACE_BOUND('',#3158,.T.);
#3158 = EDGE_LOOP('',(#3159,#3160,#3161,#3162));
#3159 = ORIENTED_EDGE('',*,*,#1541,.F.);
#3160 = ORIENTED_EDGE('',*,*,#3064,.F.);
#3161 = ORIENTED_EDGE('',*,*,#911,.F.);
#3162 = ORIENTED_EDGE('',*,*,#3133,.F.);
#3163 = PLANE('',#3164);
#3164 = AXIS2_PLACEMENT_3D('',#3165,#3166,#3167);
#3165 = CARTESIAN_POINT('',(39.128149032593,26.195199966431,1.5));
#3166 = DIRECTION('',(0.555514972677,0.831506533427,0.));
#3167 = DIRECTION('',(0.831506533427,-0.555514972677,0.));
#3168 = ( GEOMETRIC_REPRESENTATION_CONTEXT(3) 
GLOBAL_UNCERTAINTY_ASSIGNED_CONTEXT((#3172)) 
GLOBAL_UNIT_ASSIGNED_CONTEXT((#3169,#3170,#3171)) REPRESENTATION_CONTEXT
('Context #1','3D Context with UNIT and UNCERTAINTY') );
#3169 = ( LENGTH_UNIT() NAMED_UNIT(*) SI_UNIT(.MILLI.,.METRE.) );
#3170 = ( NAMED_UNIT(*) PLANE_ANGLE_UNIT() SI_UNIT($,.RADIAN.) );
#3171 = ( NAMED_UNIT(*) SI_UNIT($,.STERADIAN.) SOLID_ANGLE_UNIT() );
#3172 = UNCERTAINTY_MEASURE_WITH_UNIT(LENGTH_MEASURE(1.E-07),#3169,
  'distance_accuracy_value','confusion accuracy');
#3173 = PRODUCT_RELATED_PRODUCT_CATEGORY('part',$,(#7));
ENDSEC;
END-ISO-10303-21;
