ISO-10303-21;
HEADER;
FILE_DESCRIPTION(('FreeCAD Model'),'2;1');
FILE_NAME('Open CASCADE Shape Model','2026-01-24T08:58:34',('FreeCAD'),(
    'FreeCAD'),'Open CASCADE STEP processor 7.8','FreeCAD','Unknown');
FILE_SCHEMA(('AUTOMOTIVE_DESIGN { 1 0 10303 214 1 1 1 1 }'));
ENDSEC;
DATA;
#1 = APPLICATION_PROTOCOL_DEFINITION('international standard',
  'automotive_design',2000,#2);
#2 = APPLICATION_CONTEXT(
  'core data for automotive mechanical design processes');
#3 = SHAPE_DEFINITION_REPRESENTATION(#4,#10);
#4 = PRODUCT_DEFINITION_SHAPE('','',#5);
#5 = PRODUCT_DEFINITION('design','',#6,#9);
#6 = PRODUCT_DEFINITION_FORMATION('','',#7);
#7 = PRODUCT('Open CASCADE STEP translator 7.8 1',
  'Open CASCADE STEP translator 7.8 1','',(#8));
#8 = PRODUCT_CONTEXT('',#2,'mechanical');
#9 = PRODUCT_DEFINITION_CONTEXT('part definition',#2,'design');
#10 = ADVANCED_BREP_SHAPE_REPRESENTATION('',(#11,#15),#20031);
#11 = AXIS2_PLACEMENT_3D('',#12,#13,#14);
#12 = CARTESIAN_POINT('',(0.,0.,0.));
#13 = DIRECTION('',(0.,0.,1.));
#14 = DIRECTION('',(1.,0.,-0.));
#15 = BREP_WITH_VOIDS('',#16,(#1621,#3227));
#16 = CLOSED_SHELL('',(#17,#411,#442,#473,#504,#871,#893,#915,#937,#959,
    #976,#993,#1010,#1027,#1049,#1066,#1083,#1100,#1122,#1139,#1151,
    #1173,#1190,#1202,#1219,#1231,#1243,#1255,#1267,#1279,#1296,#1313,
    #1325,#1337,#1349,#1371,#1388,#1405,#1427,#1444,#1466,#1488,#1510,
    #1522,#1539,#1551,#1563,#1575,#1597,#1609));
#17 = ADVANCED_FACE('',(#18,#276),#406,.T.);
#18 = FACE_BOUND('',#19,.T.);
#19 = EDGE_LOOP('',(#20,#30,#38,#46,#54,#62,#70,#78,#86,#94,#102,#110,
    #118,#126,#134,#142,#150,#158,#166,#174,#182,#190,#198,#206,#214,
    #222,#230,#238,#246,#254,#262,#270));
#20 = ORIENTED_EDGE('',*,*,#21,.F.);
#21 = EDGE_CURVE('',#22,#24,#26,.T.);
#22 = VERTEX_POINT('',#23);
#23 = CARTESIAN_POINT('',(-23.69549942016,-1.530730009079,-7.5));
#24 = VERTEX_POINT('',#25);
#25 = CARTESIAN_POINT('',(-23.92309951782,-0.780360996723,-7.5));
#26 = LINE('',#27,#28);
#27 = CARTESIAN_POINT('',(-23.69549942016,-1.530730009079,-7.5));
#28 = VECTOR('',#29,1.);
#29 = DIRECTION('',(-0.290259155507,0.956948077298,0.));
#30 = ORIENTED_EDGE('',*,*,#31,.F.);
#31 = EDGE_CURVE('',#32,#22,#34,.T.);
#32 = VERTEX_POINT('',#33);
#33 = CARTESIAN_POINT('',(-23.32589912414,-2.222280025482,-7.5));
#34 = LINE('',#35,#36);
#35 = CARTESIAN_POINT('',(-23.32589912414,-2.222280025482,-7.5));
#36 = VECTOR('',#37,1.);
#37 = DIRECTION('',(-0.471356177907,0.881942942343,0.));
#38 = ORIENTED_EDGE('',*,*,#39,.F.);
#39 = EDGE_CURVE('',#40,#32,#42,.T.);
#40 = VERTEX_POINT('',#41);
#41 = CARTESIAN_POINT('',(-22.8283996582,-2.828429937363,-7.5));
#42 = LINE('',#43,#44);
#43 = CARTESIAN_POINT('',(-22.8283996582,-2.828429937363,-7.5));
#44 = VECTOR('',#45,1.);
#45 = DIRECTION('',(-0.634427641922,0.772982255402,0.));
#46 = ORIENTED_EDGE('',*,*,#47,.F.);
#47 = EDGE_CURVE('',#48,#40,#50,.T.);
#48 = VERTEX_POINT('',#49);
#49 = CARTESIAN_POINT('',(-22.2222995758,-3.325880050659,-7.5));
#50 = LINE('',#51,#52);
#51 = CARTESIAN_POINT('',(-22.2222995758,-3.325880050659,-7.5));
#52 = VECTOR('',#53,1.);
#53 = DIRECTION('',(-0.772987543361,0.634421199054,0.));
#54 = ORIENTED_EDGE('',*,*,#55,.F.);
#55 = EDGE_CURVE('',#56,#48,#58,.T.);
#56 = VERTEX_POINT('',#57);
#57 = CARTESIAN_POINT('',(-21.53070068359,-3.695519924164,-7.5));
#58 = LINE('',#59,#60);
#59 = CARTESIAN_POINT('',(-21.53070068359,-3.695519924164,-7.5));
#60 = VECTOR('',#61,1.);
#61 = DIRECTION('',(-0.881935809131,0.471369524442,0.));
#62 = ORIENTED_EDGE('',*,*,#63,.F.);
#63 = EDGE_CURVE('',#64,#56,#66,.T.);
#64 = VERTEX_POINT('',#65);
#65 = CARTESIAN_POINT('',(-20.78039932251,-3.923140048981,-7.5));
#66 = LINE('',#67,#68);
#67 = CARTESIAN_POINT('',(-20.78039932251,-3.923140048981,-7.5));
#68 = VECTOR('',#69,1.);
#69 = DIRECTION('',(-0.956933712009,0.290306511845,0.));
#70 = ORIENTED_EDGE('',*,*,#71,.F.);
#71 = EDGE_CURVE('',#72,#64,#74,.T.);
#72 = VERTEX_POINT('',#73);
#73 = CARTESIAN_POINT('',(-20.,-4.,-7.5));
#74 = LINE('',#75,#76);
#75 = CARTESIAN_POINT('',(-20.,-4.,-7.5));
#76 = VECTOR('',#77,1.);
#77 = DIRECTION('',(-0.99518505922,9.80137638521E-02,0.));
#78 = ORIENTED_EDGE('',*,*,#79,.F.);
#79 = EDGE_CURVE('',#80,#72,#82,.T.);
#80 = VERTEX_POINT('',#81);
#81 = CARTESIAN_POINT('',(-19.21960067749,-3.923140048981,-7.5));
#82 = LINE('',#83,#84);
#83 = CARTESIAN_POINT('',(-19.21960067749,-3.923140048981,-7.5));
#84 = VECTOR('',#85,1.);
#85 = DIRECTION('',(-0.99518505922,-9.80137638521E-02,0.));
#86 = ORIENTED_EDGE('',*,*,#87,.F.);
#87 = EDGE_CURVE('',#88,#80,#90,.T.);
#88 = VERTEX_POINT('',#89);
#89 = CARTESIAN_POINT('',(-18.4692993164,-3.695519924164,-7.5));
#90 = LINE('',#91,#92);
#91 = CARTESIAN_POINT('',(-18.4692993164,-3.695519924164,-7.5));
#92 = VECTOR('',#93,1.);
#93 = DIRECTION('',(-0.956933712009,-0.290306511845,0.));
#94 = ORIENTED_EDGE('',*,*,#95,.F.);
#95 = EDGE_CURVE('',#96,#88,#98,.T.);
#96 = VERTEX_POINT('',#97);
#97 = CARTESIAN_POINT('',(-17.77770042419,-3.325880050659,-7.5));
#98 = LINE('',#99,#100);
#99 = CARTESIAN_POINT('',(-17.77770042419,-3.325880050659,-7.5));
#100 = VECTOR('',#101,1.);
#101 = DIRECTION('',(-0.881935809131,-0.471369524442,0.));
#102 = ORIENTED_EDGE('',*,*,#103,.F.);
#103 = EDGE_CURVE('',#104,#96,#106,.T.);
#104 = VERTEX_POINT('',#105);
#105 = CARTESIAN_POINT('',(-17.17160034179,-2.828429937363,-7.5));
#106 = LINE('',#107,#108);
#107 = CARTESIAN_POINT('',(-17.17160034179,-2.828429937363,-7.5));
#108 = VECTOR('',#109,1.);
#109 = DIRECTION('',(-0.772987543361,-0.634421199054,0.));
#110 = ORIENTED_EDGE('',*,*,#111,.F.);
#111 = EDGE_CURVE('',#112,#104,#114,.T.);
#112 = VERTEX_POINT('',#113);
#113 = CARTESIAN_POINT('',(-16.67410087585,-2.222280025482,-7.5));
#114 = LINE('',#115,#116);
#115 = CARTESIAN_POINT('',(-16.67410087585,-2.222280025482,-7.5));
#116 = VECTOR('',#117,1.);
#117 = DIRECTION('',(-0.634427641922,-0.772982255402,0.));
#118 = ORIENTED_EDGE('',*,*,#119,.F.);
#119 = EDGE_CURVE('',#120,#112,#122,.T.);
#120 = VERTEX_POINT('',#121);
#121 = CARTESIAN_POINT('',(-16.30450057983,-1.530730009079,-7.5));
#122 = LINE('',#123,#124);
#123 = CARTESIAN_POINT('',(-16.30450057983,-1.530730009079,-7.5));
#124 = VECTOR('',#125,1.);
#125 = DIRECTION('',(-0.471356177907,-0.881942942343,0.));
#126 = ORIENTED_EDGE('',*,*,#127,.F.);
#127 = EDGE_CURVE('',#128,#120,#130,.T.);
#128 = VERTEX_POINT('',#129);
#129 = CARTESIAN_POINT('',(-16.07690048217,-0.780360996723,-7.5));
#130 = LINE('',#131,#132);
#131 = CARTESIAN_POINT('',(-16.07690048217,-0.780360996723,-7.5));
#132 = VECTOR('',#133,1.);
#133 = DIRECTION('',(-0.290259155507,-0.956948077298,0.));
#134 = ORIENTED_EDGE('',*,*,#135,.F.);
#135 = EDGE_CURVE('',#136,#128,#138,.T.);
#136 = VERTEX_POINT('',#137);
#137 = CARTESIAN_POINT('',(-16.,0.,-7.5));
#138 = LINE('',#139,#140);
#139 = CARTESIAN_POINT('',(-16.,0.,-7.5));
#140 = VECTOR('',#141,1.);
#141 = DIRECTION('',(-9.806972322519E-02,-0.995179546306,0.));
#142 = ORIENTED_EDGE('',*,*,#143,.F.);
#143 = EDGE_CURVE('',#144,#136,#146,.T.);
#144 = VERTEX_POINT('',#145);
#145 = CARTESIAN_POINT('',(-16.07690048217,0.780360996723,-7.5));
#146 = LINE('',#147,#148);
#147 = CARTESIAN_POINT('',(-16.07690048217,0.780360996723,-7.5));
#148 = VECTOR('',#149,1.);
#149 = DIRECTION('',(9.806972322519E-02,-0.995179546306,0.));
#150 = ORIENTED_EDGE('',*,*,#151,.F.);
#151 = EDGE_CURVE('',#152,#144,#154,.T.);
#152 = VERTEX_POINT('',#153);
#153 = CARTESIAN_POINT('',(-16.30450057983,1.530730009079,-7.5));
#154 = LINE('',#155,#156);
#155 = CARTESIAN_POINT('',(-16.30450057983,1.530730009079,-7.5));
#156 = VECTOR('',#157,1.);
#157 = DIRECTION('',(0.290259155507,-0.956948077298,0.));
#158 = ORIENTED_EDGE('',*,*,#159,.F.);
#159 = EDGE_CURVE('',#160,#152,#162,.T.);
#160 = VERTEX_POINT('',#161);
#161 = CARTESIAN_POINT('',(-16.67410087585,2.222280025482,-7.5));
#162 = LINE('',#163,#164);
#163 = CARTESIAN_POINT('',(-16.67410087585,2.222280025482,-7.5));
#164 = VECTOR('',#165,1.);
#165 = DIRECTION('',(0.471356177907,-0.881942942343,0.));
#166 = ORIENTED_EDGE('',*,*,#167,.F.);
#167 = EDGE_CURVE('',#168,#160,#170,.T.);
#168 = VERTEX_POINT('',#169);
#169 = CARTESIAN_POINT('',(-17.17160034179,2.828429937363,-7.5));
#170 = LINE('',#171,#172);
#171 = CARTESIAN_POINT('',(-17.17160034179,2.828429937363,-7.5));
#172 = VECTOR('',#173,1.);
#173 = DIRECTION('',(0.634427641922,-0.772982255402,0.));
#174 = ORIENTED_EDGE('',*,*,#175,.F.);
#175 = EDGE_CURVE('',#176,#168,#178,.T.);
#176 = VERTEX_POINT('',#177);
#177 = CARTESIAN_POINT('',(-17.77770042419,3.325880050659,-7.5));
#178 = LINE('',#179,#180);
#179 = CARTESIAN_POINT('',(-17.77770042419,3.325880050659,-7.5));
#180 = VECTOR('',#181,1.);
#181 = DIRECTION('',(0.772987543361,-0.634421199054,0.));
#182 = ORIENTED_EDGE('',*,*,#183,.F.);
#183 = EDGE_CURVE('',#184,#176,#186,.T.);
#184 = VERTEX_POINT('',#185);
#185 = CARTESIAN_POINT('',(-18.4692993164,3.695519924164,-7.5));
#186 = LINE('',#187,#188);
#187 = CARTESIAN_POINT('',(-18.4692993164,3.695519924164,-7.5));
#188 = VECTOR('',#189,1.);
#189 = DIRECTION('',(0.881935809131,-0.471369524442,0.));
#190 = ORIENTED_EDGE('',*,*,#191,.F.);
#191 = EDGE_CURVE('',#192,#184,#194,.T.);
#192 = VERTEX_POINT('',#193);
#193 = CARTESIAN_POINT('',(-19.21960067749,3.923140048981,-7.5));
#194 = LINE('',#195,#196);
#195 = CARTESIAN_POINT('',(-19.21960067749,3.923140048981,-7.5));
#196 = VECTOR('',#197,1.);
#197 = DIRECTION('',(0.956933712009,-0.290306511845,0.));
#198 = ORIENTED_EDGE('',*,*,#199,.F.);
#199 = EDGE_CURVE('',#200,#192,#202,.T.);
#200 = VERTEX_POINT('',#201);
#201 = CARTESIAN_POINT('',(-20.,4.,-7.5));
#202 = LINE('',#203,#204);
#203 = CARTESIAN_POINT('',(-20.,4.,-7.5));
#204 = VECTOR('',#205,1.);
#205 = DIRECTION('',(0.99518505922,-9.80137638521E-02,0.));
#206 = ORIENTED_EDGE('',*,*,#207,.F.);
#207 = EDGE_CURVE('',#208,#200,#210,.T.);
#208 = VERTEX_POINT('',#209);
#209 = CARTESIAN_POINT('',(-20.78039932251,3.923140048981,-7.5));
#210 = LINE('',#211,#212);
#211 = CARTESIAN_POINT('',(-20.78039932251,3.923140048981,-7.5));
#212 = VECTOR('',#213,1.);
#213 = DIRECTION('',(0.99518505922,9.80137638521E-02,0.));
#214 = ORIENTED_EDGE('',*,*,#215,.F.);
#215 = EDGE_CURVE('',#216,#208,#218,.T.);
#216 = VERTEX_POINT('',#217);
#217 = CARTESIAN_POINT('',(-21.53070068359,3.695519924164,-7.5));
#218 = LINE('',#219,#220);
#219 = CARTESIAN_POINT('',(-21.53070068359,3.695519924164,-7.5));
#220 = VECTOR('',#221,1.);
#221 = DIRECTION('',(0.956933712009,0.290306511845,0.));
#222 = ORIENTED_EDGE('',*,*,#223,.F.);
#223 = EDGE_CURVE('',#224,#216,#226,.T.);
#224 = VERTEX_POINT('',#225);
#225 = CARTESIAN_POINT('',(-22.2222995758,3.325880050659,-7.5));
#226 = LINE('',#227,#228);
#227 = CARTESIAN_POINT('',(-22.2222995758,3.325880050659,-7.5));
#228 = VECTOR('',#229,1.);
#229 = DIRECTION('',(0.881935809131,0.471369524442,0.));
#230 = ORIENTED_EDGE('',*,*,#231,.F.);
#231 = EDGE_CURVE('',#232,#224,#234,.T.);
#232 = VERTEX_POINT('',#233);
#233 = CARTESIAN_POINT('',(-22.8283996582,2.828429937363,-7.5));
#234 = LINE('',#235,#236);
#235 = CARTESIAN_POINT('',(-22.8283996582,2.828429937363,-7.5));
#236 = VECTOR('',#237,1.);
#237 = DIRECTION('',(0.772987543361,0.634421199054,0.));
#238 = ORIENTED_EDGE('',*,*,#239,.F.);
#239 = EDGE_CURVE('',#240,#232,#242,.T.);
#240 = VERTEX_POINT('',#241);
#241 = CARTESIAN_POINT('',(-23.32589912414,2.222280025482,-7.5));
#242 = LINE('',#243,#244);
#243 = CARTESIAN_POINT('',(-23.32589912414,2.222280025482,-7.5));
#244 = VECTOR('',#245,1.);
#245 = DIRECTION('',(0.634427641922,0.772982255402,0.));
#246 = ORIENTED_EDGE('',*,*,#247,.F.);
#247 = EDGE_CURVE('',#248,#240,#250,.T.);
#248 = VERTEX_POINT('',#249);
#249 = CARTESIAN_POINT('',(-23.69549942016,1.530730009079,-7.5));
#250 = LINE('',#251,#252);
#251 = CARTESIAN_POINT('',(-23.69549942016,1.530730009079,-7.5));
#252 = VECTOR('',#253,1.);
#253 = DIRECTION('',(0.471356177907,0.881942942343,0.));
#254 = ORIENTED_EDGE('',*,*,#255,.F.);
#255 = EDGE_CURVE('',#256,#248,#258,.T.);
#256 = VERTEX_POINT('',#257);
#257 = CARTESIAN_POINT('',(-23.92309951782,0.780360996723,-7.5));
#258 = LINE('',#259,#260);
#259 = CARTESIAN_POINT('',(-23.92309951782,0.780360996723,-7.5));
#260 = VECTOR('',#261,1.);
#261 = DIRECTION('',(0.290259155507,0.956948077298,0.));
#262 = ORIENTED_EDGE('',*,*,#263,.F.);
#263 = EDGE_CURVE('',#264,#256,#266,.T.);
#264 = VERTEX_POINT('',#265);
#265 = CARTESIAN_POINT('',(-24.,0.,-7.5));
#266 = LINE('',#267,#268);
#267 = CARTESIAN_POINT('',(-24.,0.,-7.5));
#268 = VECTOR('',#269,1.);
#269 = DIRECTION('',(9.806972322519E-02,0.995179546306,0.));
#270 = ORIENTED_EDGE('',*,*,#271,.F.);
#271 = EDGE_CURVE('',#24,#264,#272,.T.);
#272 = LINE('',#273,#274);
#273 = CARTESIAN_POINT('',(-23.92309951782,-0.780360996723,-7.5));
#274 = VECTOR('',#275,1.);
#275 = DIRECTION('',(-9.806972322519E-02,0.995179546306,0.));
#276 = FACE_BOUND('',#277,.T.);
#277 = EDGE_LOOP('',(#278,#288,#296,#304,#312,#320,#328,#336,#344,#352,
    #360,#368,#376,#384,#392,#400));
#278 = ORIENTED_EDGE('',*,*,#279,.T.);
#279 = EDGE_CURVE('',#280,#282,#284,.T.);
#280 = VERTEX_POINT('',#281);
#281 = CARTESIAN_POINT('',(-21.47820091247,-0.61229300499,-7.5));
#282 = VERTEX_POINT('',#283);
#283 = CARTESIAN_POINT('',(-21.60000038147,0.,-7.5));
#284 = LINE('',#285,#286);
#285 = CARTESIAN_POINT('',(-21.47820091247,-0.61229300499,-7.5));
#286 = VECTOR('',#287,1.);
#287 = DIRECTION('',(-0.195100827306,0.980783190713,0.));
#288 = ORIENTED_EDGE('',*,*,#289,.T.);
#289 = EDGE_CURVE('',#282,#290,#292,.T.);
#290 = VERTEX_POINT('',#291);
#291 = CARTESIAN_POINT('',(-21.47820091247,0.61229300499,-7.5));
#292 = LINE('',#293,#294);
#293 = CARTESIAN_POINT('',(-21.60000038147,0.,-7.5));
#294 = VECTOR('',#295,1.);
#295 = DIRECTION('',(0.195100827306,0.980783190713,0.));
#296 = ORIENTED_EDGE('',*,*,#297,.T.);
#297 = EDGE_CURVE('',#290,#298,#300,.T.);
#298 = VERTEX_POINT('',#299);
#299 = CARTESIAN_POINT('',(-21.13139915466,1.131369948387,-7.5));
#300 = LINE('',#301,#302);
#301 = CARTESIAN_POINT('',(-21.47820091247,0.61229300499,-7.5));
#302 = VECTOR('',#303,1.);
#303 = DIRECTION('',(0.555532172781,0.831495042081,0.));
#304 = ORIENTED_EDGE('',*,*,#305,.T.);
#305 = EDGE_CURVE('',#298,#306,#308,.T.);
#306 = VERTEX_POINT('',#307);
#307 = CARTESIAN_POINT('',(-20.6123008728,1.478209972382,-7.5));
#308 = LINE('',#309,#310);
#309 = CARTESIAN_POINT('',(-21.13139915466,1.131369948387,-7.5));
#310 = VECTOR('',#311,1.);
#311 = DIRECTION('',(0.831477277024,0.555558761782,0.));
#312 = ORIENTED_EDGE('',*,*,#313,.T.);
#313 = EDGE_CURVE('',#306,#314,#316,.T.);
#314 = VERTEX_POINT('',#315);
#315 = CARTESIAN_POINT('',(-20.,1.600000023842,-7.5));
#316 = LINE('',#317,#318);
#317 = CARTESIAN_POINT('',(-20.6123008728,1.478209972382,-7.5));
#318 = VECTOR('',#319,1.);
#319 = DIRECTION('',(0.980786556829,0.19508390488,0.));
#320 = ORIENTED_EDGE('',*,*,#321,.T.);
#321 = EDGE_CURVE('',#314,#322,#324,.T.);
#322 = VERTEX_POINT('',#323);
#323 = CARTESIAN_POINT('',(-19.38769912719,1.478209972382,-7.5));
#324 = LINE('',#325,#326);
#325 = CARTESIAN_POINT('',(-20.,1.600000023842,-7.5));
#326 = VECTOR('',#327,1.);
#327 = DIRECTION('',(0.980786556829,-0.19508390488,0.));
#328 = ORIENTED_EDGE('',*,*,#329,.T.);
#329 = EDGE_CURVE('',#322,#330,#332,.T.);
#330 = VERTEX_POINT('',#331);
#331 = CARTESIAN_POINT('',(-18.86860084533,1.131369948387,-7.5));
#332 = LINE('',#333,#334);
#333 = CARTESIAN_POINT('',(-19.38769912719,1.478209972382,-7.5));
#334 = VECTOR('',#335,1.);
#335 = DIRECTION('',(0.831477277024,-0.555558761782,0.));
#336 = ORIENTED_EDGE('',*,*,#337,.T.);
#337 = EDGE_CURVE('',#330,#338,#340,.T.);
#338 = VERTEX_POINT('',#339);
#339 = CARTESIAN_POINT('',(-18.52179908752,0.61229300499,-7.5));
#340 = LINE('',#341,#342);
#341 = CARTESIAN_POINT('',(-18.86860084533,1.131369948387,-7.5));
#342 = VECTOR('',#343,1.);
#343 = DIRECTION('',(0.555532172781,-0.831495042081,0.));
#344 = ORIENTED_EDGE('',*,*,#345,.T.);
#345 = EDGE_CURVE('',#338,#346,#348,.T.);
#346 = VERTEX_POINT('',#347);
#347 = CARTESIAN_POINT('',(-18.39999961853,0.,-7.5));
#348 = LINE('',#349,#350);
#349 = CARTESIAN_POINT('',(-18.52179908752,0.61229300499,-7.5));
#350 = VECTOR('',#351,1.);
#351 = DIRECTION('',(0.195100827306,-0.980783190713,0.));
#352 = ORIENTED_EDGE('',*,*,#353,.T.);
#353 = EDGE_CURVE('',#346,#354,#356,.T.);
#354 = VERTEX_POINT('',#355);
#355 = CARTESIAN_POINT('',(-18.52179908752,-0.61229300499,-7.5));
#356 = LINE('',#357,#358);
#357 = CARTESIAN_POINT('',(-18.39999961853,0.,-7.5));
#358 = VECTOR('',#359,1.);
#359 = DIRECTION('',(-0.195100827306,-0.980783190713,0.));
#360 = ORIENTED_EDGE('',*,*,#361,.T.);
#361 = EDGE_CURVE('',#354,#362,#364,.T.);
#362 = VERTEX_POINT('',#363);
#363 = CARTESIAN_POINT('',(-18.86860084533,-1.131369948387,-7.5));
#364 = LINE('',#365,#366);
#365 = CARTESIAN_POINT('',(-18.52179908752,-0.61229300499,-7.5));
#366 = VECTOR('',#367,1.);
#367 = DIRECTION('',(-0.555532172781,-0.831495042081,0.));
#368 = ORIENTED_EDGE('',*,*,#369,.T.);
#369 = EDGE_CURVE('',#362,#370,#372,.T.);
#370 = VERTEX_POINT('',#371);
#371 = CARTESIAN_POINT('',(-19.38769912719,-1.478209972382,-7.5));
#372 = LINE('',#373,#374);
#373 = CARTESIAN_POINT('',(-18.86860084533,-1.131369948387,-7.5));
#374 = VECTOR('',#375,1.);
#375 = DIRECTION('',(-0.831477277024,-0.555558761782,0.));
#376 = ORIENTED_EDGE('',*,*,#377,.T.);
#377 = EDGE_CURVE('',#370,#378,#380,.T.);
#378 = VERTEX_POINT('',#379);
#379 = CARTESIAN_POINT('',(-20.,-1.600000023842,-7.5));
#380 = LINE('',#381,#382);
#381 = CARTESIAN_POINT('',(-19.38769912719,-1.478209972382,-7.5));
#382 = VECTOR('',#383,1.);
#383 = DIRECTION('',(-0.980786556829,-0.19508390488,0.));
#384 = ORIENTED_EDGE('',*,*,#385,.T.);
#385 = EDGE_CURVE('',#378,#386,#388,.T.);
#386 = VERTEX_POINT('',#387);
#387 = CARTESIAN_POINT('',(-20.6123008728,-1.478209972382,-7.5));
#388 = LINE('',#389,#390);
#389 = CARTESIAN_POINT('',(-20.,-1.600000023842,-7.5));
#390 = VECTOR('',#391,1.);
#391 = DIRECTION('',(-0.980786556829,0.19508390488,0.));
#392 = ORIENTED_EDGE('',*,*,#393,.T.);
#393 = EDGE_CURVE('',#386,#394,#396,.T.);
#394 = VERTEX_POINT('',#395);
#395 = CARTESIAN_POINT('',(-21.13139915466,-1.131369948387,-7.5));
#396 = LINE('',#397,#398);
#397 = CARTESIAN_POINT('',(-20.6123008728,-1.478209972382,-7.5));
#398 = VECTOR('',#399,1.);
#399 = DIRECTION('',(-0.831477277024,0.555558761782,0.));
#400 = ORIENTED_EDGE('',*,*,#401,.T.);
#401 = EDGE_CURVE('',#394,#280,#402,.T.);
#402 = LINE('',#403,#404);
#403 = CARTESIAN_POINT('',(-21.13139915466,-1.131369948387,-7.5));
#404 = VECTOR('',#405,1.);
#405 = DIRECTION('',(-0.555532172781,0.831495042081,0.));
#406 = PLANE('',#407);
#407 = AXIS2_PLACEMENT_3D('',#408,#409,#410);
#408 = CARTESIAN_POINT('',(-20.,-3.606952536731E-17,-7.5));
#409 = DIRECTION('',(0.,0.,1.));
#410 = DIRECTION('',(1.,0.,-0.));
#411 = ADVANCED_FACE('',(#412),#437,.T.);
#412 = FACE_BOUND('',#413,.T.);
#413 = EDGE_LOOP('',(#414,#415,#423,#431));
#414 = ORIENTED_EDGE('',*,*,#47,.T.);
#415 = ORIENTED_EDGE('',*,*,#416,.T.);
#416 = EDGE_CURVE('',#40,#417,#419,.T.);
#417 = VERTEX_POINT('',#418);
#418 = CARTESIAN_POINT('',(-22.8283996582,-2.828429937363,-12.5));
#419 = LINE('',#420,#421);
#420 = CARTESIAN_POINT('',(-22.8283996582,-2.828429937363,-7.5));
#421 = VECTOR('',#422,1.);
#422 = DIRECTION('',(0.,0.,-1.));
#423 = ORIENTED_EDGE('',*,*,#424,.F.);
#424 = EDGE_CURVE('',#425,#417,#427,.T.);
#425 = VERTEX_POINT('',#426);
#426 = CARTESIAN_POINT('',(-22.2222995758,-3.325880050659,-12.5));
#427 = LINE('',#428,#429);
#428 = CARTESIAN_POINT('',(-22.2222995758,-3.325880050659,-12.5));
#429 = VECTOR('',#430,1.);
#430 = DIRECTION('',(-0.772987543361,0.634421199054,0.));
#431 = ORIENTED_EDGE('',*,*,#432,.F.);
#432 = EDGE_CURVE('',#48,#425,#433,.T.);
#433 = LINE('',#434,#435);
#434 = CARTESIAN_POINT('',(-22.2222995758,-3.325880050659,-7.5));
#435 = VECTOR('',#436,1.);
#436 = DIRECTION('',(0.,0.,-1.));
#437 = PLANE('',#438);
#438 = AXIS2_PLACEMENT_3D('',#439,#440,#441);
#439 = CARTESIAN_POINT('',(-22.525349617,-3.077154994011,-10.));
#440 = DIRECTION('',(-0.634421199054,-0.772987543361,-0.));
#441 = DIRECTION('',(-0.772987543361,0.634421199054,0.));
#442 = ADVANCED_FACE('',(#443),#468,.T.);
#443 = FACE_BOUND('',#444,.T.);
#444 = EDGE_LOOP('',(#445,#446,#454,#462));
#445 = ORIENTED_EDGE('',*,*,#215,.T.);
#446 = ORIENTED_EDGE('',*,*,#447,.T.);
#447 = EDGE_CURVE('',#208,#448,#450,.T.);
#448 = VERTEX_POINT('',#449);
#449 = CARTESIAN_POINT('',(-20.78039932251,3.923140048981,-12.5));
#450 = LINE('',#451,#452);
#451 = CARTESIAN_POINT('',(-20.78039932251,3.923140048981,-7.5));
#452 = VECTOR('',#453,1.);
#453 = DIRECTION('',(0.,0.,-1.));
#454 = ORIENTED_EDGE('',*,*,#455,.F.);
#455 = EDGE_CURVE('',#456,#448,#458,.T.);
#456 = VERTEX_POINT('',#457);
#457 = CARTESIAN_POINT('',(-21.53070068359,3.695519924164,-12.5));
#458 = LINE('',#459,#460);
#459 = CARTESIAN_POINT('',(-21.53070068359,3.695519924164,-12.5));
#460 = VECTOR('',#461,1.);
#461 = DIRECTION('',(0.956933712009,0.290306511845,0.));
#462 = ORIENTED_EDGE('',*,*,#463,.T.);
#463 = EDGE_CURVE('',#456,#216,#464,.T.);
#464 = LINE('',#465,#466);
#465 = CARTESIAN_POINT('',(-21.53070068359,3.695519924164,-12.5));
#466 = VECTOR('',#467,1.);
#467 = DIRECTION('',(0.,0.,1.));
#468 = PLANE('',#469);
#469 = AXIS2_PLACEMENT_3D('',#470,#471,#472);
#470 = CARTESIAN_POINT('',(-21.15555000305,3.809329986572,-10.));
#471 = DIRECTION('',(-0.290306511845,0.956933712009,0.));
#472 = DIRECTION('',(0.956933712009,0.290306511845,0.));
#473 = ADVANCED_FACE('',(#474),#499,.T.);
#474 = FACE_BOUND('',#475,.T.);
#475 = EDGE_LOOP('',(#476,#484,#485,#493));
#476 = ORIENTED_EDGE('',*,*,#477,.T.);
#477 = EDGE_CURVE('',#478,#120,#480,.T.);
#478 = VERTEX_POINT('',#479);
#479 = CARTESIAN_POINT('',(-16.30450057983,-1.530730009079,-12.5));
#480 = LINE('',#481,#482);
#481 = CARTESIAN_POINT('',(-16.30450057983,-1.530730009079,-12.5));
#482 = VECTOR('',#483,1.);
#483 = DIRECTION('',(0.,0.,1.));
#484 = ORIENTED_EDGE('',*,*,#119,.T.);
#485 = ORIENTED_EDGE('',*,*,#486,.T.);
#486 = EDGE_CURVE('',#112,#487,#489,.T.);
#487 = VERTEX_POINT('',#488);
#488 = CARTESIAN_POINT('',(-16.67410087585,-2.222280025482,-12.5));
#489 = LINE('',#490,#491);
#490 = CARTESIAN_POINT('',(-16.67410087585,-2.222280025482,-7.5));
#491 = VECTOR('',#492,1.);
#492 = DIRECTION('',(0.,0.,-1.));
#493 = ORIENTED_EDGE('',*,*,#494,.F.);
#494 = EDGE_CURVE('',#478,#487,#495,.T.);
#495 = LINE('',#496,#497);
#496 = CARTESIAN_POINT('',(-16.30450057983,-1.530730009079,-12.5));
#497 = VECTOR('',#498,1.);
#498 = DIRECTION('',(-0.471356177907,-0.881942942343,0.));
#499 = PLANE('',#500);
#500 = AXIS2_PLACEMENT_3D('',#501,#502,#503);
#501 = CARTESIAN_POINT('',(-16.48930072784,-1.876505017281,-10.));
#502 = DIRECTION('',(0.881942942343,-0.471356177907,0.));
#503 = DIRECTION('',(0.471356177907,0.881942942343,0.));
#504 = ADVANCED_FACE('',(#505,#736),#866,.T.);
#505 = FACE_BOUND('',#506,.T.);
#506 = EDGE_LOOP('',(#507,#517,#525,#533,#541,#547,#548,#556,#564,#572,
    #580,#588,#596,#604,#612,#620,#628,#634,#635,#643,#651,#659,#667,
    #675,#683,#691,#697,#698,#706,#714,#722,#730));
#507 = ORIENTED_EDGE('',*,*,#508,.T.);
#508 = EDGE_CURVE('',#509,#511,#513,.T.);
#509 = VERTEX_POINT('',#510);
#510 = CARTESIAN_POINT('',(-23.92309951782,0.780360996723,-12.5));
#511 = VERTEX_POINT('',#512);
#512 = CARTESIAN_POINT('',(-23.69549942016,1.530730009079,-12.5));
#513 = LINE('',#514,#515);
#514 = CARTESIAN_POINT('',(-23.92309951782,0.780360996723,-12.5));
#515 = VECTOR('',#516,1.);
#516 = DIRECTION('',(0.290259155507,0.956948077298,0.));
#517 = ORIENTED_EDGE('',*,*,#518,.T.);
#518 = EDGE_CURVE('',#511,#519,#521,.T.);
#519 = VERTEX_POINT('',#520);
#520 = CARTESIAN_POINT('',(-23.32589912414,2.222280025482,-12.5));
#521 = LINE('',#522,#523);
#522 = CARTESIAN_POINT('',(-23.69549942016,1.530730009079,-12.5));
#523 = VECTOR('',#524,1.);
#524 = DIRECTION('',(0.471356177907,0.881942942343,0.));
#525 = ORIENTED_EDGE('',*,*,#526,.T.);
#526 = EDGE_CURVE('',#519,#527,#529,.T.);
#527 = VERTEX_POINT('',#528);
#528 = CARTESIAN_POINT('',(-22.8283996582,2.828429937363,-12.5));
#529 = LINE('',#530,#531);
#530 = CARTESIAN_POINT('',(-23.32589912414,2.222280025482,-12.5));
#531 = VECTOR('',#532,1.);
#532 = DIRECTION('',(0.634427641922,0.772982255402,0.));
#533 = ORIENTED_EDGE('',*,*,#534,.F.);
#534 = EDGE_CURVE('',#535,#527,#537,.T.);
#535 = VERTEX_POINT('',#536);
#536 = CARTESIAN_POINT('',(-22.2222995758,3.325880050659,-12.5));
#537 = LINE('',#538,#539);
#538 = CARTESIAN_POINT('',(-22.2222995758,3.325880050659,-12.5));
#539 = VECTOR('',#540,1.);
#540 = DIRECTION('',(-0.772987543361,-0.634421199054,0.));
#541 = ORIENTED_EDGE('',*,*,#542,.T.);
#542 = EDGE_CURVE('',#535,#456,#543,.T.);
#543 = LINE('',#544,#545);
#544 = CARTESIAN_POINT('',(-22.2222995758,3.325880050659,-12.5));
#545 = VECTOR('',#546,1.);
#546 = DIRECTION('',(0.881935809131,0.471369524442,0.));
#547 = ORIENTED_EDGE('',*,*,#455,.T.);
#548 = ORIENTED_EDGE('',*,*,#549,.T.);
#549 = EDGE_CURVE('',#448,#550,#552,.T.);
#550 = VERTEX_POINT('',#551);
#551 = CARTESIAN_POINT('',(-20.,4.,-12.5));
#552 = LINE('',#553,#554);
#553 = CARTESIAN_POINT('',(-20.78039932251,3.923140048981,-12.5));
#554 = VECTOR('',#555,1.);
#555 = DIRECTION('',(0.99518505922,9.80137638521E-02,0.));
#556 = ORIENTED_EDGE('',*,*,#557,.F.);
#557 = EDGE_CURVE('',#558,#550,#560,.T.);
#558 = VERTEX_POINT('',#559);
#559 = CARTESIAN_POINT('',(-19.21960067749,3.923140048981,-12.5));
#560 = LINE('',#561,#562);
#561 = CARTESIAN_POINT('',(-19.21960067749,3.923140048981,-12.5));
#562 = VECTOR('',#563,1.);
#563 = DIRECTION('',(-0.99518505922,9.80137638521E-02,0.));
#564 = ORIENTED_EDGE('',*,*,#565,.F.);
#565 = EDGE_CURVE('',#566,#558,#568,.T.);
#566 = VERTEX_POINT('',#567);
#567 = CARTESIAN_POINT('',(-18.4692993164,3.695519924164,-12.5));
#568 = LINE('',#569,#570);
#569 = CARTESIAN_POINT('',(-18.4692993164,3.695519924164,-12.5));
#570 = VECTOR('',#571,1.);
#571 = DIRECTION('',(-0.956933712009,0.290306511845,0.));
#572 = ORIENTED_EDGE('',*,*,#573,.F.);
#573 = EDGE_CURVE('',#574,#566,#576,.T.);
#574 = VERTEX_POINT('',#575);
#575 = CARTESIAN_POINT('',(-17.77770042419,3.325880050659,-12.5));
#576 = LINE('',#577,#578);
#577 = CARTESIAN_POINT('',(-17.77770042419,3.325880050659,-12.5));
#578 = VECTOR('',#579,1.);
#579 = DIRECTION('',(-0.881935809131,0.471369524442,0.));
#580 = ORIENTED_EDGE('',*,*,#581,.F.);
#581 = EDGE_CURVE('',#582,#574,#584,.T.);
#582 = VERTEX_POINT('',#583);
#583 = CARTESIAN_POINT('',(-17.17160034179,2.828429937363,-12.5));
#584 = LINE('',#585,#586);
#585 = CARTESIAN_POINT('',(-17.17160034179,2.828429937363,-12.5));
#586 = VECTOR('',#587,1.);
#587 = DIRECTION('',(-0.772987543361,0.634421199054,0.));
#588 = ORIENTED_EDGE('',*,*,#589,.T.);
#589 = EDGE_CURVE('',#582,#590,#592,.T.);
#590 = VERTEX_POINT('',#591);
#591 = CARTESIAN_POINT('',(-16.67410087585,2.222280025482,-12.5));
#592 = LINE('',#593,#594);
#593 = CARTESIAN_POINT('',(-17.17160034179,2.828429937363,-12.5));
#594 = VECTOR('',#595,1.);
#595 = DIRECTION('',(0.634427641922,-0.772982255402,0.));
#596 = ORIENTED_EDGE('',*,*,#597,.F.);
#597 = EDGE_CURVE('',#598,#590,#600,.T.);
#598 = VERTEX_POINT('',#599);
#599 = CARTESIAN_POINT('',(-16.30450057983,1.530730009079,-12.5));
#600 = LINE('',#601,#602);
#601 = CARTESIAN_POINT('',(-16.30450057983,1.530730009079,-12.5));
#602 = VECTOR('',#603,1.);
#603 = DIRECTION('',(-0.471356177907,0.881942942343,0.));
#604 = ORIENTED_EDGE('',*,*,#605,.F.);
#605 = EDGE_CURVE('',#606,#598,#608,.T.);
#606 = VERTEX_POINT('',#607);
#607 = CARTESIAN_POINT('',(-16.07690048217,0.780360996723,-12.5));
#608 = LINE('',#609,#610);
#609 = CARTESIAN_POINT('',(-16.07690048217,0.780360996723,-12.5));
#610 = VECTOR('',#611,1.);
#611 = DIRECTION('',(-0.290259155507,0.956948077298,0.));
#612 = ORIENTED_EDGE('',*,*,#613,.F.);
#613 = EDGE_CURVE('',#614,#606,#616,.T.);
#614 = VERTEX_POINT('',#615);
#615 = CARTESIAN_POINT('',(-16.,0.,-12.5));
#616 = LINE('',#617,#618);
#617 = CARTESIAN_POINT('',(-16.,0.,-12.5));
#618 = VECTOR('',#619,1.);
#619 = DIRECTION('',(-9.806972322519E-02,0.995179546306,0.));
#620 = ORIENTED_EDGE('',*,*,#621,.F.);
#621 = EDGE_CURVE('',#622,#614,#624,.T.);
#622 = VERTEX_POINT('',#623);
#623 = CARTESIAN_POINT('',(-16.07690048217,-0.780360996723,-12.5));
#624 = LINE('',#625,#626);
#625 = CARTESIAN_POINT('',(-16.07690048217,-0.780360996723,-12.5));
#626 = VECTOR('',#627,1.);
#627 = DIRECTION('',(9.806972322519E-02,0.995179546306,0.));
#628 = ORIENTED_EDGE('',*,*,#629,.T.);
#629 = EDGE_CURVE('',#622,#478,#630,.T.);
#630 = LINE('',#631,#632);
#631 = CARTESIAN_POINT('',(-16.07690048217,-0.780360996723,-12.5));
#632 = VECTOR('',#633,1.);
#633 = DIRECTION('',(-0.290259155507,-0.956948077298,0.));
#634 = ORIENTED_EDGE('',*,*,#494,.T.);
#635 = ORIENTED_EDGE('',*,*,#636,.T.);
#636 = EDGE_CURVE('',#487,#637,#639,.T.);
#637 = VERTEX_POINT('',#638);
#638 = CARTESIAN_POINT('',(-17.17160034179,-2.828429937363,-12.5));
#639 = LINE('',#640,#641);
#640 = CARTESIAN_POINT('',(-16.67410087585,-2.222280025482,-12.5));
#641 = VECTOR('',#642,1.);
#642 = DIRECTION('',(-0.634427641922,-0.772982255402,0.));
#643 = ORIENTED_EDGE('',*,*,#644,.T.);
#644 = EDGE_CURVE('',#637,#645,#647,.T.);
#645 = VERTEX_POINT('',#646);
#646 = CARTESIAN_POINT('',(-17.77770042419,-3.325880050659,-12.5));
#647 = LINE('',#648,#649);
#648 = CARTESIAN_POINT('',(-17.17160034179,-2.828429937363,-12.5));
#649 = VECTOR('',#650,1.);
#650 = DIRECTION('',(-0.772987543361,-0.634421199054,0.));
#651 = ORIENTED_EDGE('',*,*,#652,.F.);
#652 = EDGE_CURVE('',#653,#645,#655,.T.);
#653 = VERTEX_POINT('',#654);
#654 = CARTESIAN_POINT('',(-18.4692993164,-3.695519924164,-12.5));
#655 = LINE('',#656,#657);
#656 = CARTESIAN_POINT('',(-18.4692993164,-3.695519924164,-12.5));
#657 = VECTOR('',#658,1.);
#658 = DIRECTION('',(0.881935809131,0.471369524442,0.));
#659 = ORIENTED_EDGE('',*,*,#660,.T.);
#660 = EDGE_CURVE('',#653,#661,#663,.T.);
#661 = VERTEX_POINT('',#662);
#662 = CARTESIAN_POINT('',(-19.21960067749,-3.923140048981,-12.5));
#663 = LINE('',#664,#665);
#664 = CARTESIAN_POINT('',(-18.4692993164,-3.695519924164,-12.5));
#665 = VECTOR('',#666,1.);
#666 = DIRECTION('',(-0.956933712009,-0.290306511845,0.));
#667 = ORIENTED_EDGE('',*,*,#668,.F.);
#668 = EDGE_CURVE('',#669,#661,#671,.T.);
#669 = VERTEX_POINT('',#670);
#670 = CARTESIAN_POINT('',(-20.,-4.,-12.5));
#671 = LINE('',#672,#673);
#672 = CARTESIAN_POINT('',(-20.,-4.,-12.5));
#673 = VECTOR('',#674,1.);
#674 = DIRECTION('',(0.99518505922,9.80137638521E-02,0.));
#675 = ORIENTED_EDGE('',*,*,#676,.T.);
#676 = EDGE_CURVE('',#669,#677,#679,.T.);
#677 = VERTEX_POINT('',#678);
#678 = CARTESIAN_POINT('',(-20.78039932251,-3.923140048981,-12.5));
#679 = LINE('',#680,#681);
#680 = CARTESIAN_POINT('',(-20.,-4.,-12.5));
#681 = VECTOR('',#682,1.);
#682 = DIRECTION('',(-0.99518505922,9.80137638521E-02,0.));
#683 = ORIENTED_EDGE('',*,*,#684,.T.);
#684 = EDGE_CURVE('',#677,#685,#687,.T.);
#685 = VERTEX_POINT('',#686);
#686 = CARTESIAN_POINT('',(-21.53070068359,-3.695519924164,-12.5));
#687 = LINE('',#688,#689);
#688 = CARTESIAN_POINT('',(-20.78039932251,-3.923140048981,-12.5));
#689 = VECTOR('',#690,1.);
#690 = DIRECTION('',(-0.956933712009,0.290306511845,0.));
#691 = ORIENTED_EDGE('',*,*,#692,.F.);
#692 = EDGE_CURVE('',#425,#685,#693,.T.);
#693 = LINE('',#694,#695);
#694 = CARTESIAN_POINT('',(-22.2222995758,-3.325880050659,-12.5));
#695 = VECTOR('',#696,1.);
#696 = DIRECTION('',(0.881935809131,-0.471369524442,0.));
#697 = ORIENTED_EDGE('',*,*,#424,.T.);
#698 = ORIENTED_EDGE('',*,*,#699,.T.);
#699 = EDGE_CURVE('',#417,#700,#702,.T.);
#700 = VERTEX_POINT('',#701);
#701 = CARTESIAN_POINT('',(-23.32589912414,-2.222280025482,-12.5));
#702 = LINE('',#703,#704);
#703 = CARTESIAN_POINT('',(-22.8283996582,-2.828429937363,-12.5));
#704 = VECTOR('',#705,1.);
#705 = DIRECTION('',(-0.634427641922,0.772982255402,0.));
#706 = ORIENTED_EDGE('',*,*,#707,.F.);
#707 = EDGE_CURVE('',#708,#700,#710,.T.);
#708 = VERTEX_POINT('',#709);
#709 = CARTESIAN_POINT('',(-23.69549942016,-1.530730009079,-12.5));
#710 = LINE('',#711,#712);
#711 = CARTESIAN_POINT('',(-23.69549942016,-1.530730009079,-12.5));
#712 = VECTOR('',#713,1.);
#713 = DIRECTION('',(0.471356177907,-0.881942942343,0.));
#714 = ORIENTED_EDGE('',*,*,#715,.T.);
#715 = EDGE_CURVE('',#708,#716,#718,.T.);
#716 = VERTEX_POINT('',#717);
#717 = CARTESIAN_POINT('',(-23.92309951782,-0.780360996723,-12.5));
#718 = LINE('',#719,#720);
#719 = CARTESIAN_POINT('',(-23.69549942016,-1.530730009079,-12.5));
#720 = VECTOR('',#721,1.);
#721 = DIRECTION('',(-0.290259155507,0.956948077298,0.));
#722 = ORIENTED_EDGE('',*,*,#723,.T.);
#723 = EDGE_CURVE('',#716,#724,#726,.T.);
#724 = VERTEX_POINT('',#725);
#725 = CARTESIAN_POINT('',(-24.,0.,-12.5));
#726 = LINE('',#727,#728);
#727 = CARTESIAN_POINT('',(-23.92309951782,-0.780360996723,-12.5));
#728 = VECTOR('',#729,1.);
#729 = DIRECTION('',(-9.806972322519E-02,0.995179546306,0.));
#730 = ORIENTED_EDGE('',*,*,#731,.T.);
#731 = EDGE_CURVE('',#724,#509,#732,.T.);
#732 = LINE('',#733,#734);
#733 = CARTESIAN_POINT('',(-24.,0.,-12.5));
#734 = VECTOR('',#735,1.);
#735 = DIRECTION('',(9.806972322519E-02,0.995179546306,0.));
#736 = FACE_BOUND('',#737,.T.);
#737 = EDGE_LOOP('',(#738,#748,#756,#764,#772,#780,#788,#796,#804,#812,
    #820,#828,#836,#844,#852,#860));
#738 = ORIENTED_EDGE('',*,*,#739,.T.);
#739 = EDGE_CURVE('',#740,#742,#744,.T.);
#740 = VERTEX_POINT('',#741);
#741 = CARTESIAN_POINT('',(-21.47820091247,0.61229300499,-12.5));
#742 = VERTEX_POINT('',#743);
#743 = CARTESIAN_POINT('',(-21.60000038147,0.,-12.5));
#744 = LINE('',#745,#746);
#745 = CARTESIAN_POINT('',(-21.47820091247,0.61229300499,-12.5));
#746 = VECTOR('',#747,1.);
#747 = DIRECTION('',(-0.195100827306,-0.980783190713,0.));
#748 = ORIENTED_EDGE('',*,*,#749,.T.);
#749 = EDGE_CURVE('',#742,#750,#752,.T.);
#750 = VERTEX_POINT('',#751);
#751 = CARTESIAN_POINT('',(-21.47820091247,-0.61229300499,-12.5));
#752 = LINE('',#753,#754);
#753 = CARTESIAN_POINT('',(-21.60000038147,0.,-12.5));
#754 = VECTOR('',#755,1.);
#755 = DIRECTION('',(0.195100827306,-0.980783190713,0.));
#756 = ORIENTED_EDGE('',*,*,#757,.T.);
#757 = EDGE_CURVE('',#750,#758,#760,.T.);
#758 = VERTEX_POINT('',#759);
#759 = CARTESIAN_POINT('',(-21.13139915466,-1.131369948387,-12.5));
#760 = LINE('',#761,#762);
#761 = CARTESIAN_POINT('',(-21.47820091247,-0.61229300499,-12.5));
#762 = VECTOR('',#763,1.);
#763 = DIRECTION('',(0.555532172781,-0.831495042081,0.));
#764 = ORIENTED_EDGE('',*,*,#765,.T.);
#765 = EDGE_CURVE('',#758,#766,#768,.T.);
#766 = VERTEX_POINT('',#767);
#767 = CARTESIAN_POINT('',(-20.6123008728,-1.478209972382,-12.5));
#768 = LINE('',#769,#770);
#769 = CARTESIAN_POINT('',(-21.13139915466,-1.131369948387,-12.5));
#770 = VECTOR('',#771,1.);
#771 = DIRECTION('',(0.831477277024,-0.555558761782,0.));
#772 = ORIENTED_EDGE('',*,*,#773,.T.);
#773 = EDGE_CURVE('',#766,#774,#776,.T.);
#774 = VERTEX_POINT('',#775);
#775 = CARTESIAN_POINT('',(-20.,-1.600000023842,-12.5));
#776 = LINE('',#777,#778);
#777 = CARTESIAN_POINT('',(-20.6123008728,-1.478209972382,-12.5));
#778 = VECTOR('',#779,1.);
#779 = DIRECTION('',(0.980786556829,-0.19508390488,0.));
#780 = ORIENTED_EDGE('',*,*,#781,.T.);
#781 = EDGE_CURVE('',#774,#782,#784,.T.);
#782 = VERTEX_POINT('',#783);
#783 = CARTESIAN_POINT('',(-19.38769912719,-1.478209972382,-12.5));
#784 = LINE('',#785,#786);
#785 = CARTESIAN_POINT('',(-20.,-1.600000023842,-12.5));
#786 = VECTOR('',#787,1.);
#787 = DIRECTION('',(0.980786556829,0.19508390488,0.));
#788 = ORIENTED_EDGE('',*,*,#789,.T.);
#789 = EDGE_CURVE('',#782,#790,#792,.T.);
#790 = VERTEX_POINT('',#791);
#791 = CARTESIAN_POINT('',(-18.86860084533,-1.131369948387,-12.5));
#792 = LINE('',#793,#794);
#793 = CARTESIAN_POINT('',(-19.38769912719,-1.478209972382,-12.5));
#794 = VECTOR('',#795,1.);
#795 = DIRECTION('',(0.831477277024,0.555558761782,0.));
#796 = ORIENTED_EDGE('',*,*,#797,.T.);
#797 = EDGE_CURVE('',#790,#798,#800,.T.);
#798 = VERTEX_POINT('',#799);
#799 = CARTESIAN_POINT('',(-18.52179908752,-0.61229300499,-12.5));
#800 = LINE('',#801,#802);
#801 = CARTESIAN_POINT('',(-18.86860084533,-1.131369948387,-12.5));
#802 = VECTOR('',#803,1.);
#803 = DIRECTION('',(0.555532172781,0.831495042081,0.));
#804 = ORIENTED_EDGE('',*,*,#805,.T.);
#805 = EDGE_CURVE('',#798,#806,#808,.T.);
#806 = VERTEX_POINT('',#807);
#807 = CARTESIAN_POINT('',(-18.39999961853,0.,-12.5));
#808 = LINE('',#809,#810);
#809 = CARTESIAN_POINT('',(-18.52179908752,-0.61229300499,-12.5));
#810 = VECTOR('',#811,1.);
#811 = DIRECTION('',(0.195100827306,0.980783190713,0.));
#812 = ORIENTED_EDGE('',*,*,#813,.T.);
#813 = EDGE_CURVE('',#806,#814,#816,.T.);
#814 = VERTEX_POINT('',#815);
#815 = CARTESIAN_POINT('',(-18.52179908752,0.61229300499,-12.5));
#816 = LINE('',#817,#818);
#817 = CARTESIAN_POINT('',(-18.39999961853,0.,-12.5));
#818 = VECTOR('',#819,1.);
#819 = DIRECTION('',(-0.195100827306,0.980783190713,0.));
#820 = ORIENTED_EDGE('',*,*,#821,.T.);
#821 = EDGE_CURVE('',#814,#822,#824,.T.);
#822 = VERTEX_POINT('',#823);
#823 = CARTESIAN_POINT('',(-18.86860084533,1.131369948387,-12.5));
#824 = LINE('',#825,#826);
#825 = CARTESIAN_POINT('',(-18.52179908752,0.61229300499,-12.5));
#826 = VECTOR('',#827,1.);
#827 = DIRECTION('',(-0.555532172781,0.831495042081,0.));
#828 = ORIENTED_EDGE('',*,*,#829,.T.);
#829 = EDGE_CURVE('',#822,#830,#832,.T.);
#830 = VERTEX_POINT('',#831);
#831 = CARTESIAN_POINT('',(-19.38769912719,1.478209972382,-12.5));
#832 = LINE('',#833,#834);
#833 = CARTESIAN_POINT('',(-18.86860084533,1.131369948387,-12.5));
#834 = VECTOR('',#835,1.);
#835 = DIRECTION('',(-0.831477277024,0.555558761782,0.));
#836 = ORIENTED_EDGE('',*,*,#837,.T.);
#837 = EDGE_CURVE('',#830,#838,#840,.T.);
#838 = VERTEX_POINT('',#839);
#839 = CARTESIAN_POINT('',(-20.,1.600000023842,-12.5));
#840 = LINE('',#841,#842);
#841 = CARTESIAN_POINT('',(-19.38769912719,1.478209972382,-12.5));
#842 = VECTOR('',#843,1.);
#843 = DIRECTION('',(-0.980786556829,0.19508390488,0.));
#844 = ORIENTED_EDGE('',*,*,#845,.T.);
#845 = EDGE_CURVE('',#838,#846,#848,.T.);
#846 = VERTEX_POINT('',#847);
#847 = CARTESIAN_POINT('',(-20.6123008728,1.478209972382,-12.5));
#848 = LINE('',#849,#850);
#849 = CARTESIAN_POINT('',(-20.,1.600000023842,-12.5));
#850 = VECTOR('',#851,1.);
#851 = DIRECTION('',(-0.980786556829,-0.19508390488,0.));
#852 = ORIENTED_EDGE('',*,*,#853,.T.);
#853 = EDGE_CURVE('',#846,#854,#856,.T.);
#854 = VERTEX_POINT('',#855);
#855 = CARTESIAN_POINT('',(-21.13139915466,1.131369948387,-12.5));
#856 = LINE('',#857,#858);
#857 = CARTESIAN_POINT('',(-20.6123008728,1.478209972382,-12.5));
#858 = VECTOR('',#859,1.);
#859 = DIRECTION('',(-0.831477277024,-0.555558761782,0.));
#860 = ORIENTED_EDGE('',*,*,#861,.T.);
#861 = EDGE_CURVE('',#854,#740,#862,.T.);
#862 = LINE('',#863,#864);
#863 = CARTESIAN_POINT('',(-21.13139915466,1.131369948387,-12.5));
#864 = VECTOR('',#865,1.);
#865 = DIRECTION('',(-0.555532172781,-0.831495042081,0.));
#866 = PLANE('',#867);
#867 = AXIS2_PLACEMENT_3D('',#868,#869,#870);
#868 = CARTESIAN_POINT('',(-20.,-9.070324406905E-17,-12.5));
#869 = DIRECTION('',(-0.,-0.,-1.));
#870 = DIRECTION('',(-1.,0.,0.));
#871 = ADVANCED_FACE('',(#872),#888,.T.);
#872 = FACE_BOUND('',#873,.T.);
#873 = EDGE_LOOP('',(#874,#875,#881,#882));
#874 = ORIENTED_EDGE('',*,*,#231,.T.);
#875 = ORIENTED_EDGE('',*,*,#876,.T.);
#876 = EDGE_CURVE('',#224,#535,#877,.T.);
#877 = LINE('',#878,#879);
#878 = CARTESIAN_POINT('',(-22.2222995758,3.325880050659,-7.5));
#879 = VECTOR('',#880,1.);
#880 = DIRECTION('',(0.,0.,-1.));
#881 = ORIENTED_EDGE('',*,*,#534,.T.);
#882 = ORIENTED_EDGE('',*,*,#883,.T.);
#883 = EDGE_CURVE('',#527,#232,#884,.T.);
#884 = LINE('',#885,#886);
#885 = CARTESIAN_POINT('',(-22.8283996582,2.828429937363,-12.5));
#886 = VECTOR('',#887,1.);
#887 = DIRECTION('',(0.,0.,1.));
#888 = PLANE('',#889);
#889 = AXIS2_PLACEMENT_3D('',#890,#891,#892);
#890 = CARTESIAN_POINT('',(-22.525349617,3.077154994011,-10.));
#891 = DIRECTION('',(-0.634421199054,0.772987543361,0.));
#892 = DIRECTION('',(0.772987543361,0.634421199054,0.));
#893 = ADVANCED_FACE('',(#894),#910,.T.);
#894 = FACE_BOUND('',#895,.T.);
#895 = EDGE_LOOP('',(#896,#897,#903,#904));
#896 = ORIENTED_EDGE('',*,*,#79,.T.);
#897 = ORIENTED_EDGE('',*,*,#898,.T.);
#898 = EDGE_CURVE('',#72,#669,#899,.T.);
#899 = LINE('',#900,#901);
#900 = CARTESIAN_POINT('',(-20.,-4.,-7.5));
#901 = VECTOR('',#902,1.);
#902 = DIRECTION('',(0.,0.,-1.));
#903 = ORIENTED_EDGE('',*,*,#668,.T.);
#904 = ORIENTED_EDGE('',*,*,#905,.T.);
#905 = EDGE_CURVE('',#661,#80,#906,.T.);
#906 = LINE('',#907,#908);
#907 = CARTESIAN_POINT('',(-19.21960067749,-3.923140048981,-12.5));
#908 = VECTOR('',#909,1.);
#909 = DIRECTION('',(0.,0.,1.));
#910 = PLANE('',#911);
#911 = AXIS2_PLACEMENT_3D('',#912,#913,#914);
#912 = CARTESIAN_POINT('',(-19.60980033874,-3.96157002449,-10.));
#913 = DIRECTION('',(9.80137638521E-02,-0.99518505922,-0.));
#914 = DIRECTION('',(-0.99518505922,-9.80137638521E-02,0.));
#915 = ADVANCED_FACE('',(#916),#932,.T.);
#916 = FACE_BOUND('',#917,.T.);
#917 = EDGE_LOOP('',(#918,#919,#925,#926));
#918 = ORIENTED_EDGE('',*,*,#95,.T.);
#919 = ORIENTED_EDGE('',*,*,#920,.T.);
#920 = EDGE_CURVE('',#88,#653,#921,.T.);
#921 = LINE('',#922,#923);
#922 = CARTESIAN_POINT('',(-18.4692993164,-3.695519924164,-7.5));
#923 = VECTOR('',#924,1.);
#924 = DIRECTION('',(0.,0.,-1.));
#925 = ORIENTED_EDGE('',*,*,#652,.T.);
#926 = ORIENTED_EDGE('',*,*,#927,.T.);
#927 = EDGE_CURVE('',#645,#96,#928,.T.);
#928 = LINE('',#929,#930);
#929 = CARTESIAN_POINT('',(-17.77770042419,-3.325880050659,-12.5));
#930 = VECTOR('',#931,1.);
#931 = DIRECTION('',(0.,0.,1.));
#932 = PLANE('',#933);
#933 = AXIS2_PLACEMENT_3D('',#934,#935,#936);
#934 = CARTESIAN_POINT('',(-18.1234998703,-3.510699987411,-10.));
#935 = DIRECTION('',(0.471369524442,-0.881935809131,-0.));
#936 = DIRECTION('',(-0.881935809131,-0.471369524442,0.));
#937 = ADVANCED_FACE('',(#938),#954,.T.);
#938 = FACE_BOUND('',#939,.T.);
#939 = EDGE_LOOP('',(#940,#946,#947,#953));
#940 = ORIENTED_EDGE('',*,*,#941,.T.);
#941 = EDGE_CURVE('',#590,#160,#942,.T.);
#942 = LINE('',#943,#944);
#943 = CARTESIAN_POINT('',(-16.67410087585,2.222280025482,-12.5));
#944 = VECTOR('',#945,1.);
#945 = DIRECTION('',(0.,0.,1.));
#946 = ORIENTED_EDGE('',*,*,#159,.T.);
#947 = ORIENTED_EDGE('',*,*,#948,.F.);
#948 = EDGE_CURVE('',#598,#152,#949,.T.);
#949 = LINE('',#950,#951);
#950 = CARTESIAN_POINT('',(-16.30450057983,1.530730009079,-12.5));
#951 = VECTOR('',#952,1.);
#952 = DIRECTION('',(0.,0.,1.));
#953 = ORIENTED_EDGE('',*,*,#597,.T.);
#954 = PLANE('',#955);
#955 = AXIS2_PLACEMENT_3D('',#956,#957,#958);
#956 = CARTESIAN_POINT('',(-16.48930072784,1.876505017281,-10.));
#957 = DIRECTION('',(0.881942942343,0.471356177907,0.));
#958 = DIRECTION('',(-0.471356177907,0.881942942343,0.));
#959 = ADVANCED_FACE('',(#960),#971,.T.);
#960 = FACE_BOUND('',#961,.T.);
#961 = EDGE_LOOP('',(#962,#963,#964,#970));
#962 = ORIENTED_EDGE('',*,*,#948,.T.);
#963 = ORIENTED_EDGE('',*,*,#151,.T.);
#964 = ORIENTED_EDGE('',*,*,#965,.T.);
#965 = EDGE_CURVE('',#144,#606,#966,.T.);
#966 = LINE('',#967,#968);
#967 = CARTESIAN_POINT('',(-16.07690048217,0.780360996723,-7.5));
#968 = VECTOR('',#969,1.);
#969 = DIRECTION('',(0.,0.,-1.));
#970 = ORIENTED_EDGE('',*,*,#605,.T.);
#971 = PLANE('',#972);
#972 = AXIS2_PLACEMENT_3D('',#973,#974,#975);
#973 = CARTESIAN_POINT('',(-16.190700531,1.155545502901,-10.));
#974 = DIRECTION('',(0.956948077298,0.290259155507,0.));
#975 = DIRECTION('',(-0.290259155507,0.956948077298,0.));
#976 = ADVANCED_FACE('',(#977),#988,.T.);
#977 = FACE_BOUND('',#978,.T.);
#978 = EDGE_LOOP('',(#979,#980,#981,#987));
#979 = ORIENTED_EDGE('',*,*,#965,.F.);
#980 = ORIENTED_EDGE('',*,*,#143,.T.);
#981 = ORIENTED_EDGE('',*,*,#982,.T.);
#982 = EDGE_CURVE('',#136,#614,#983,.T.);
#983 = LINE('',#984,#985);
#984 = CARTESIAN_POINT('',(-16.,0.,-7.5));
#985 = VECTOR('',#986,1.);
#986 = DIRECTION('',(0.,0.,-1.));
#987 = ORIENTED_EDGE('',*,*,#613,.T.);
#988 = PLANE('',#989);
#989 = AXIS2_PLACEMENT_3D('',#990,#991,#992);
#990 = CARTESIAN_POINT('',(-16.03845024108,0.390180498362,-10.));
#991 = DIRECTION('',(0.995179546306,9.806972322519E-02,0.));
#992 = DIRECTION('',(-9.806972322519E-02,0.995179546306,0.));
#993 = ADVANCED_FACE('',(#994),#1005,.T.);
#994 = FACE_BOUND('',#995,.T.);
#995 = EDGE_LOOP('',(#996,#997,#998,#1004));
#996 = ORIENTED_EDGE('',*,*,#982,.F.);
#997 = ORIENTED_EDGE('',*,*,#135,.T.);
#998 = ORIENTED_EDGE('',*,*,#999,.T.);
#999 = EDGE_CURVE('',#128,#622,#1000,.T.);
#1000 = LINE('',#1001,#1002);
#1001 = CARTESIAN_POINT('',(-16.07690048217,-0.780360996723,-7.5));
#1002 = VECTOR('',#1003,1.);
#1003 = DIRECTION('',(0.,0.,-1.));
#1004 = ORIENTED_EDGE('',*,*,#621,.T.);
#1005 = PLANE('',#1006);
#1006 = AXIS2_PLACEMENT_3D('',#1007,#1008,#1009);
#1007 = CARTESIAN_POINT('',(-16.03845024108,-0.390180498362,-10.));
#1008 = DIRECTION('',(0.995179546306,-9.806972322519E-02,0.));
#1009 = DIRECTION('',(9.806972322519E-02,0.995179546306,0.));
#1010 = ADVANCED_FACE('',(#1011),#1022,.T.);
#1011 = FACE_BOUND('',#1012,.T.);
#1012 = EDGE_LOOP('',(#1013,#1014,#1015,#1016));
#1013 = ORIENTED_EDGE('',*,*,#55,.T.);
#1014 = ORIENTED_EDGE('',*,*,#432,.T.);
#1015 = ORIENTED_EDGE('',*,*,#692,.T.);
#1016 = ORIENTED_EDGE('',*,*,#1017,.T.);
#1017 = EDGE_CURVE('',#685,#56,#1018,.T.);
#1018 = LINE('',#1019,#1020);
#1019 = CARTESIAN_POINT('',(-21.53070068359,-3.695519924164,-12.5));
#1020 = VECTOR('',#1021,1.);
#1021 = DIRECTION('',(0.,0.,1.));
#1022 = PLANE('',#1023);
#1023 = AXIS2_PLACEMENT_3D('',#1024,#1025,#1026);
#1024 = CARTESIAN_POINT('',(-21.8765001297,-3.510699987411,-10.));
#1025 = DIRECTION('',(-0.471369524442,-0.881935809131,-0.));
#1026 = DIRECTION('',(-0.881935809131,0.471369524442,0.));
#1027 = ADVANCED_FACE('',(#1028),#1044,.T.);
#1028 = FACE_BOUND('',#1029,.T.);
#1029 = EDGE_LOOP('',(#1030,#1031,#1037,#1038));
#1030 = ORIENTED_EDGE('',*,*,#175,.T.);
#1031 = ORIENTED_EDGE('',*,*,#1032,.T.);
#1032 = EDGE_CURVE('',#168,#582,#1033,.T.);
#1033 = LINE('',#1034,#1035);
#1034 = CARTESIAN_POINT('',(-17.17160034179,2.828429937363,-7.5));
#1035 = VECTOR('',#1036,1.);
#1036 = DIRECTION('',(0.,0.,-1.));
#1037 = ORIENTED_EDGE('',*,*,#581,.T.);
#1038 = ORIENTED_EDGE('',*,*,#1039,.F.);
#1039 = EDGE_CURVE('',#176,#574,#1040,.T.);
#1040 = LINE('',#1041,#1042);
#1041 = CARTESIAN_POINT('',(-17.77770042419,3.325880050659,-7.5));
#1042 = VECTOR('',#1043,1.);
#1043 = DIRECTION('',(0.,0.,-1.));
#1044 = PLANE('',#1045);
#1045 = AXIS2_PLACEMENT_3D('',#1046,#1047,#1048);
#1046 = CARTESIAN_POINT('',(-17.47465038299,3.077154994011,-10.));
#1047 = DIRECTION('',(0.634421199054,0.772987543361,0.));
#1048 = DIRECTION('',(0.772987543361,-0.634421199054,0.));
#1049 = ADVANCED_FACE('',(#1050),#1061,.T.);
#1050 = FACE_BOUND('',#1051,.T.);
#1051 = EDGE_LOOP('',(#1052,#1053,#1054,#1055));
#1052 = ORIENTED_EDGE('',*,*,#183,.T.);
#1053 = ORIENTED_EDGE('',*,*,#1039,.T.);
#1054 = ORIENTED_EDGE('',*,*,#573,.T.);
#1055 = ORIENTED_EDGE('',*,*,#1056,.T.);
#1056 = EDGE_CURVE('',#566,#184,#1057,.T.);
#1057 = LINE('',#1058,#1059);
#1058 = CARTESIAN_POINT('',(-18.4692993164,3.695519924164,-12.5));
#1059 = VECTOR('',#1060,1.);
#1060 = DIRECTION('',(0.,0.,1.));
#1061 = PLANE('',#1062);
#1062 = AXIS2_PLACEMENT_3D('',#1063,#1064,#1065);
#1063 = CARTESIAN_POINT('',(-18.1234998703,3.510699987411,-10.));
#1064 = DIRECTION('',(0.471369524442,0.881935809131,0.));
#1065 = DIRECTION('',(0.881935809131,-0.471369524442,0.));
#1066 = ADVANCED_FACE('',(#1067),#1078,.T.);
#1067 = FACE_BOUND('',#1068,.T.);
#1068 = EDGE_LOOP('',(#1069,#1070,#1071,#1072));
#1069 = ORIENTED_EDGE('',*,*,#191,.T.);
#1070 = ORIENTED_EDGE('',*,*,#1056,.F.);
#1071 = ORIENTED_EDGE('',*,*,#565,.T.);
#1072 = ORIENTED_EDGE('',*,*,#1073,.F.);
#1073 = EDGE_CURVE('',#192,#558,#1074,.T.);
#1074 = LINE('',#1075,#1076);
#1075 = CARTESIAN_POINT('',(-19.21960067749,3.923140048981,-7.5));
#1076 = VECTOR('',#1077,1.);
#1077 = DIRECTION('',(0.,0.,-1.));
#1078 = PLANE('',#1079);
#1079 = AXIS2_PLACEMENT_3D('',#1080,#1081,#1082);
#1080 = CARTESIAN_POINT('',(-18.84444999694,3.809329986572,-10.));
#1081 = DIRECTION('',(0.290306511845,0.956933712009,0.));
#1082 = DIRECTION('',(0.956933712009,-0.290306511845,0.));
#1083 = ADVANCED_FACE('',(#1084),#1095,.T.);
#1084 = FACE_BOUND('',#1085,.T.);
#1085 = EDGE_LOOP('',(#1086,#1087,#1088,#1089));
#1086 = ORIENTED_EDGE('',*,*,#199,.T.);
#1087 = ORIENTED_EDGE('',*,*,#1073,.T.);
#1088 = ORIENTED_EDGE('',*,*,#557,.T.);
#1089 = ORIENTED_EDGE('',*,*,#1090,.T.);
#1090 = EDGE_CURVE('',#550,#200,#1091,.T.);
#1091 = LINE('',#1092,#1093);
#1092 = CARTESIAN_POINT('',(-20.,4.,-12.5));
#1093 = VECTOR('',#1094,1.);
#1094 = DIRECTION('',(0.,0.,1.));
#1095 = PLANE('',#1096);
#1096 = AXIS2_PLACEMENT_3D('',#1097,#1098,#1099);
#1097 = CARTESIAN_POINT('',(-19.60980033874,3.96157002449,-10.));
#1098 = DIRECTION('',(9.80137638521E-02,0.99518505922,0.));
#1099 = DIRECTION('',(0.99518505922,-9.80137638521E-02,0.));
#1100 = ADVANCED_FACE('',(#1101),#1117,.T.);
#1101 = FACE_BOUND('',#1102,.T.);
#1102 = EDGE_LOOP('',(#1103,#1109,#1110,#1116));
#1103 = ORIENTED_EDGE('',*,*,#1104,.T.);
#1104 = EDGE_CURVE('',#22,#708,#1105,.T.);
#1105 = LINE('',#1106,#1107);
#1106 = CARTESIAN_POINT('',(-23.69549942016,-1.530730009079,-7.5));
#1107 = VECTOR('',#1108,1.);
#1108 = DIRECTION('',(0.,0.,-1.));
#1109 = ORIENTED_EDGE('',*,*,#707,.T.);
#1110 = ORIENTED_EDGE('',*,*,#1111,.T.);
#1111 = EDGE_CURVE('',#700,#32,#1112,.T.);
#1112 = LINE('',#1113,#1114);
#1113 = CARTESIAN_POINT('',(-23.32589912414,-2.222280025482,-12.5));
#1114 = VECTOR('',#1115,1.);
#1115 = DIRECTION('',(0.,0.,1.));
#1116 = ORIENTED_EDGE('',*,*,#31,.T.);
#1117 = PLANE('',#1118);
#1118 = AXIS2_PLACEMENT_3D('',#1119,#1120,#1121);
#1119 = CARTESIAN_POINT('',(-23.51069927215,-1.876505017281,-10.));
#1120 = DIRECTION('',(-0.881942942343,-0.471356177907,-0.));
#1121 = DIRECTION('',(0.471356177907,-0.881942942343,0.));
#1122 = ADVANCED_FACE('',(#1123),#1134,.T.);
#1123 = FACE_BOUND('',#1124,.T.);
#1124 = EDGE_LOOP('',(#1125,#1126,#1127,#1128));
#1125 = ORIENTED_EDGE('',*,*,#63,.T.);
#1126 = ORIENTED_EDGE('',*,*,#1017,.F.);
#1127 = ORIENTED_EDGE('',*,*,#684,.F.);
#1128 = ORIENTED_EDGE('',*,*,#1129,.T.);
#1129 = EDGE_CURVE('',#677,#64,#1130,.T.);
#1130 = LINE('',#1131,#1132);
#1131 = CARTESIAN_POINT('',(-20.78039932251,-3.923140048981,-12.5));
#1132 = VECTOR('',#1133,1.);
#1133 = DIRECTION('',(0.,0.,1.));
#1134 = PLANE('',#1135);
#1135 = AXIS2_PLACEMENT_3D('',#1136,#1137,#1138);
#1136 = CARTESIAN_POINT('',(-21.15555000305,-3.809329986572,-10.));
#1137 = DIRECTION('',(-0.290306511845,-0.956933712009,-0.));
#1138 = DIRECTION('',(-0.956933712009,0.290306511845,0.));
#1139 = ADVANCED_FACE('',(#1140),#1146,.T.);
#1140 = FACE_BOUND('',#1141,.T.);
#1141 = EDGE_LOOP('',(#1142,#1143,#1144,#1145));
#1142 = ORIENTED_EDGE('',*,*,#999,.F.);
#1143 = ORIENTED_EDGE('',*,*,#127,.T.);
#1144 = ORIENTED_EDGE('',*,*,#477,.F.);
#1145 = ORIENTED_EDGE('',*,*,#629,.F.);
#1146 = PLANE('',#1147);
#1147 = AXIS2_PLACEMENT_3D('',#1148,#1149,#1150);
#1148 = CARTESIAN_POINT('',(-16.190700531,-1.155545502901,-10.));
#1149 = DIRECTION('',(0.956948077298,-0.290259155507,0.));
#1150 = DIRECTION('',(0.290259155507,0.956948077298,0.));
#1151 = ADVANCED_FACE('',(#1152),#1168,.T.);
#1152 = FACE_BOUND('',#1153,.T.);
#1153 = EDGE_LOOP('',(#1154,#1160,#1161,#1167));
#1154 = ORIENTED_EDGE('',*,*,#1155,.T.);
#1155 = EDGE_CURVE('',#248,#511,#1156,.T.);
#1156 = LINE('',#1157,#1158);
#1157 = CARTESIAN_POINT('',(-23.69549942016,1.530730009079,-7.5));
#1158 = VECTOR('',#1159,1.);
#1159 = DIRECTION('',(0.,0.,-1.));
#1160 = ORIENTED_EDGE('',*,*,#508,.F.);
#1161 = ORIENTED_EDGE('',*,*,#1162,.T.);
#1162 = EDGE_CURVE('',#509,#256,#1163,.T.);
#1163 = LINE('',#1164,#1165);
#1164 = CARTESIAN_POINT('',(-23.92309951782,0.780360996723,-12.5));
#1165 = VECTOR('',#1166,1.);
#1166 = DIRECTION('',(0.,0.,1.));
#1167 = ORIENTED_EDGE('',*,*,#255,.T.);
#1168 = PLANE('',#1169);
#1169 = AXIS2_PLACEMENT_3D('',#1170,#1171,#1172);
#1170 = CARTESIAN_POINT('',(-23.80929946899,1.155545502901,-10.));
#1171 = DIRECTION('',(-0.956948077298,0.290259155507,-0.));
#1172 = DIRECTION('',(-0.290259155507,-0.956948077298,0.));
#1173 = ADVANCED_FACE('',(#1174),#1185,.T.);
#1174 = FACE_BOUND('',#1175,.T.);
#1175 = EDGE_LOOP('',(#1176,#1182,#1183,#1184));
#1176 = ORIENTED_EDGE('',*,*,#1177,.T.);
#1177 = EDGE_CURVE('',#240,#519,#1178,.T.);
#1178 = LINE('',#1179,#1180);
#1179 = CARTESIAN_POINT('',(-23.32589912414,2.222280025482,-7.5));
#1180 = VECTOR('',#1181,1.);
#1181 = DIRECTION('',(0.,0.,-1.));
#1182 = ORIENTED_EDGE('',*,*,#518,.F.);
#1183 = ORIENTED_EDGE('',*,*,#1155,.F.);
#1184 = ORIENTED_EDGE('',*,*,#247,.T.);
#1185 = PLANE('',#1186);
#1186 = AXIS2_PLACEMENT_3D('',#1187,#1188,#1189);
#1187 = CARTESIAN_POINT('',(-23.51069927215,1.876505017281,-10.));
#1188 = DIRECTION('',(-0.881942942343,0.471356177907,-0.));
#1189 = DIRECTION('',(-0.471356177907,-0.881942942343,0.));
#1190 = ADVANCED_FACE('',(#1191),#1197,.T.);
#1191 = FACE_BOUND('',#1192,.T.);
#1192 = EDGE_LOOP('',(#1193,#1194,#1195,#1196));
#1193 = ORIENTED_EDGE('',*,*,#87,.T.);
#1194 = ORIENTED_EDGE('',*,*,#905,.F.);
#1195 = ORIENTED_EDGE('',*,*,#660,.F.);
#1196 = ORIENTED_EDGE('',*,*,#920,.F.);
#1197 = PLANE('',#1198);
#1198 = AXIS2_PLACEMENT_3D('',#1199,#1200,#1201);
#1199 = CARTESIAN_POINT('',(-18.84444999694,-3.809329986572,-10.));
#1200 = DIRECTION('',(0.290306511845,-0.956933712009,-0.));
#1201 = DIRECTION('',(-0.956933712009,-0.290306511845,0.));
#1202 = ADVANCED_FACE('',(#1203),#1214,.T.);
#1203 = FACE_BOUND('',#1204,.T.);
#1204 = EDGE_LOOP('',(#1205,#1206,#1207,#1213));
#1205 = ORIENTED_EDGE('',*,*,#486,.F.);
#1206 = ORIENTED_EDGE('',*,*,#111,.T.);
#1207 = ORIENTED_EDGE('',*,*,#1208,.T.);
#1208 = EDGE_CURVE('',#104,#637,#1209,.T.);
#1209 = LINE('',#1210,#1211);
#1210 = CARTESIAN_POINT('',(-17.17160034179,-2.828429937363,-7.5));
#1211 = VECTOR('',#1212,1.);
#1212 = DIRECTION('',(0.,0.,-1.));
#1213 = ORIENTED_EDGE('',*,*,#636,.F.);
#1214 = PLANE('',#1215);
#1215 = AXIS2_PLACEMENT_3D('',#1216,#1217,#1218);
#1216 = CARTESIAN_POINT('',(-16.92285060882,-2.525354981422,-10.));
#1217 = DIRECTION('',(0.772982255402,-0.634427641922,0.));
#1218 = DIRECTION('',(0.634427641922,0.772982255402,0.));
#1219 = ADVANCED_FACE('',(#1220),#1226,.T.);
#1220 = FACE_BOUND('',#1221,.T.);
#1221 = EDGE_LOOP('',(#1222,#1223,#1224,#1225));
#1222 = ORIENTED_EDGE('',*,*,#1032,.F.);
#1223 = ORIENTED_EDGE('',*,*,#167,.T.);
#1224 = ORIENTED_EDGE('',*,*,#941,.F.);
#1225 = ORIENTED_EDGE('',*,*,#589,.F.);
#1226 = PLANE('',#1227);
#1227 = AXIS2_PLACEMENT_3D('',#1228,#1229,#1230);
#1228 = CARTESIAN_POINT('',(-16.92285060882,2.525354981422,-10.));
#1229 = DIRECTION('',(0.772982255402,0.634427641922,0.));
#1230 = DIRECTION('',(-0.634427641922,0.772982255402,0.));
#1231 = ADVANCED_FACE('',(#1232),#1238,.T.);
#1232 = FACE_BOUND('',#1233,.T.);
#1233 = EDGE_LOOP('',(#1234,#1235,#1236,#1237));
#1234 = ORIENTED_EDGE('',*,*,#103,.T.);
#1235 = ORIENTED_EDGE('',*,*,#927,.F.);
#1236 = ORIENTED_EDGE('',*,*,#644,.F.);
#1237 = ORIENTED_EDGE('',*,*,#1208,.F.);
#1238 = PLANE('',#1239);
#1239 = AXIS2_PLACEMENT_3D('',#1240,#1241,#1242);
#1240 = CARTESIAN_POINT('',(-17.47465038299,-3.077154994011,-10.));
#1241 = DIRECTION('',(0.634421199054,-0.772987543361,-0.));
#1242 = DIRECTION('',(-0.772987543361,-0.634421199054,0.));
#1243 = ADVANCED_FACE('',(#1244),#1250,.T.);
#1244 = FACE_BOUND('',#1245,.T.);
#1245 = EDGE_LOOP('',(#1246,#1247,#1248,#1249));
#1246 = ORIENTED_EDGE('',*,*,#71,.T.);
#1247 = ORIENTED_EDGE('',*,*,#1129,.F.);
#1248 = ORIENTED_EDGE('',*,*,#676,.F.);
#1249 = ORIENTED_EDGE('',*,*,#898,.F.);
#1250 = PLANE('',#1251);
#1251 = AXIS2_PLACEMENT_3D('',#1252,#1253,#1254);
#1252 = CARTESIAN_POINT('',(-20.39019966125,-3.96157002449,-10.));
#1253 = DIRECTION('',(-9.80137638521E-02,-0.99518505922,-0.));
#1254 = DIRECTION('',(-0.99518505922,9.80137638521E-02,0.));
#1255 = ADVANCED_FACE('',(#1256),#1262,.T.);
#1256 = FACE_BOUND('',#1257,.T.);
#1257 = EDGE_LOOP('',(#1258,#1259,#1260,#1261));
#1258 = ORIENTED_EDGE('',*,*,#223,.T.);
#1259 = ORIENTED_EDGE('',*,*,#463,.F.);
#1260 = ORIENTED_EDGE('',*,*,#542,.F.);
#1261 = ORIENTED_EDGE('',*,*,#876,.F.);
#1262 = PLANE('',#1263);
#1263 = AXIS2_PLACEMENT_3D('',#1264,#1265,#1266);
#1264 = CARTESIAN_POINT('',(-21.8765001297,3.510699987411,-10.));
#1265 = DIRECTION('',(-0.471369524442,0.881935809131,0.));
#1266 = DIRECTION('',(0.881935809131,0.471369524442,0.));
#1267 = ADVANCED_FACE('',(#1268),#1274,.T.);
#1268 = FACE_BOUND('',#1269,.T.);
#1269 = EDGE_LOOP('',(#1270,#1271,#1272,#1273));
#1270 = ORIENTED_EDGE('',*,*,#207,.T.);
#1271 = ORIENTED_EDGE('',*,*,#1090,.F.);
#1272 = ORIENTED_EDGE('',*,*,#549,.F.);
#1273 = ORIENTED_EDGE('',*,*,#447,.F.);
#1274 = PLANE('',#1275);
#1275 = AXIS2_PLACEMENT_3D('',#1276,#1277,#1278);
#1276 = CARTESIAN_POINT('',(-20.39019966125,3.96157002449,-10.));
#1277 = DIRECTION('',(-9.80137638521E-02,0.99518505922,0.));
#1278 = DIRECTION('',(0.99518505922,9.80137638521E-02,0.));
#1279 = ADVANCED_FACE('',(#1280),#1291,.T.);
#1280 = FACE_BOUND('',#1281,.T.);
#1281 = EDGE_LOOP('',(#1282,#1288,#1289,#1290));
#1282 = ORIENTED_EDGE('',*,*,#1283,.T.);
#1283 = EDGE_CURVE('',#24,#716,#1284,.T.);
#1284 = LINE('',#1285,#1286);
#1285 = CARTESIAN_POINT('',(-23.92309951782,-0.780360996723,-7.5));
#1286 = VECTOR('',#1287,1.);
#1287 = DIRECTION('',(0.,0.,-1.));
#1288 = ORIENTED_EDGE('',*,*,#715,.F.);
#1289 = ORIENTED_EDGE('',*,*,#1104,.F.);
#1290 = ORIENTED_EDGE('',*,*,#21,.T.);
#1291 = PLANE('',#1292);
#1292 = AXIS2_PLACEMENT_3D('',#1293,#1294,#1295);
#1293 = CARTESIAN_POINT('',(-23.80929946899,-1.155545502901,-10.));
#1294 = DIRECTION('',(-0.956948077298,-0.290259155507,-0.));
#1295 = DIRECTION('',(0.290259155507,-0.956948077298,0.));
#1296 = ADVANCED_FACE('',(#1297),#1308,.T.);
#1297 = FACE_BOUND('',#1298,.T.);
#1298 = EDGE_LOOP('',(#1299,#1305,#1306,#1307));
#1299 = ORIENTED_EDGE('',*,*,#1300,.T.);
#1300 = EDGE_CURVE('',#264,#724,#1301,.T.);
#1301 = LINE('',#1302,#1303);
#1302 = CARTESIAN_POINT('',(-24.,0.,-7.5));
#1303 = VECTOR('',#1304,1.);
#1304 = DIRECTION('',(0.,0.,-1.));
#1305 = ORIENTED_EDGE('',*,*,#723,.F.);
#1306 = ORIENTED_EDGE('',*,*,#1283,.F.);
#1307 = ORIENTED_EDGE('',*,*,#271,.T.);
#1308 = PLANE('',#1309);
#1309 = AXIS2_PLACEMENT_3D('',#1310,#1311,#1312);
#1310 = CARTESIAN_POINT('',(-23.96154975891,-0.390180498362,-10.));
#1311 = DIRECTION('',(-0.995179546306,-9.806972322519E-02,-0.));
#1312 = DIRECTION('',(9.806972322519E-02,-0.995179546306,0.));
#1313 = ADVANCED_FACE('',(#1314),#1320,.T.);
#1314 = FACE_BOUND('',#1315,.T.);
#1315 = EDGE_LOOP('',(#1316,#1317,#1318,#1319));
#1316 = ORIENTED_EDGE('',*,*,#1111,.F.);
#1317 = ORIENTED_EDGE('',*,*,#699,.F.);
#1318 = ORIENTED_EDGE('',*,*,#416,.F.);
#1319 = ORIENTED_EDGE('',*,*,#39,.T.);
#1320 = PLANE('',#1321);
#1321 = AXIS2_PLACEMENT_3D('',#1322,#1323,#1324);
#1322 = CARTESIAN_POINT('',(-23.07714939117,-2.525354981422,-10.));
#1323 = DIRECTION('',(-0.772982255402,-0.634427641922,-0.));
#1324 = DIRECTION('',(0.634427641922,-0.772982255402,0.));
#1325 = ADVANCED_FACE('',(#1326),#1332,.T.);
#1326 = FACE_BOUND('',#1327,.T.);
#1327 = EDGE_LOOP('',(#1328,#1329,#1330,#1331));
#1328 = ORIENTED_EDGE('',*,*,#883,.F.);
#1329 = ORIENTED_EDGE('',*,*,#526,.F.);
#1330 = ORIENTED_EDGE('',*,*,#1177,.F.);
#1331 = ORIENTED_EDGE('',*,*,#239,.T.);
#1332 = PLANE('',#1333);
#1333 = AXIS2_PLACEMENT_3D('',#1334,#1335,#1336);
#1334 = CARTESIAN_POINT('',(-23.07714939117,2.525354981422,-10.));
#1335 = DIRECTION('',(-0.772982255402,0.634427641922,-0.));
#1336 = DIRECTION('',(-0.634427641922,-0.772982255402,0.));
#1337 = ADVANCED_FACE('',(#1338),#1344,.T.);
#1338 = FACE_BOUND('',#1339,.T.);
#1339 = EDGE_LOOP('',(#1340,#1341,#1342,#1343));
#1340 = ORIENTED_EDGE('',*,*,#1162,.F.);
#1341 = ORIENTED_EDGE('',*,*,#731,.F.);
#1342 = ORIENTED_EDGE('',*,*,#1300,.F.);
#1343 = ORIENTED_EDGE('',*,*,#263,.T.);
#1344 = PLANE('',#1345);
#1345 = AXIS2_PLACEMENT_3D('',#1346,#1347,#1348);
#1346 = CARTESIAN_POINT('',(-23.96154975891,0.390180498362,-10.));
#1347 = DIRECTION('',(-0.995179546306,9.806972322519E-02,-0.));
#1348 = DIRECTION('',(-9.806972322519E-02,-0.995179546306,0.));
#1349 = ADVANCED_FACE('',(#1350),#1366,.T.);
#1350 = FACE_BOUND('',#1351,.T.);
#1351 = EDGE_LOOP('',(#1352,#1353,#1359,#1360));
#1352 = ORIENTED_EDGE('',*,*,#329,.F.);
#1353 = ORIENTED_EDGE('',*,*,#1354,.T.);
#1354 = EDGE_CURVE('',#322,#830,#1355,.T.);
#1355 = LINE('',#1356,#1357);
#1356 = CARTESIAN_POINT('',(-19.38769912719,1.478209972382,-7.5));
#1357 = VECTOR('',#1358,1.);
#1358 = DIRECTION('',(0.,0.,-1.));
#1359 = ORIENTED_EDGE('',*,*,#829,.F.);
#1360 = ORIENTED_EDGE('',*,*,#1361,.T.);
#1361 = EDGE_CURVE('',#822,#330,#1362,.T.);
#1362 = LINE('',#1363,#1364);
#1363 = CARTESIAN_POINT('',(-18.86860084533,1.131369948387,-12.5));
#1364 = VECTOR('',#1365,1.);
#1365 = DIRECTION('',(0.,0.,1.));
#1366 = PLANE('',#1367);
#1367 = AXIS2_PLACEMENT_3D('',#1368,#1369,#1370);
#1368 = CARTESIAN_POINT('',(-19.12814998626,1.304789960384,-10.));
#1369 = DIRECTION('',(-0.555558761782,-0.831477277024,-0.));
#1370 = DIRECTION('',(-0.831477277024,0.555558761782,0.));
#1371 = ADVANCED_FACE('',(#1372),#1383,.T.);
#1372 = FACE_BOUND('',#1373,.T.);
#1373 = EDGE_LOOP('',(#1374,#1375,#1376,#1382));
#1374 = ORIENTED_EDGE('',*,*,#1361,.F.);
#1375 = ORIENTED_EDGE('',*,*,#821,.F.);
#1376 = ORIENTED_EDGE('',*,*,#1377,.T.);
#1377 = EDGE_CURVE('',#814,#338,#1378,.T.);
#1378 = LINE('',#1379,#1380);
#1379 = CARTESIAN_POINT('',(-18.52179908752,0.61229300499,-12.5));
#1380 = VECTOR('',#1381,1.);
#1381 = DIRECTION('',(0.,0.,1.));
#1382 = ORIENTED_EDGE('',*,*,#337,.F.);
#1383 = PLANE('',#1384);
#1384 = AXIS2_PLACEMENT_3D('',#1385,#1386,#1387);
#1385 = CARTESIAN_POINT('',(-18.69519996643,0.871831476688,-10.));
#1386 = DIRECTION('',(-0.831495042081,-0.555532172781,-0.));
#1387 = DIRECTION('',(0.555532172781,-0.831495042081,0.));
#1388 = ADVANCED_FACE('',(#1389),#1400,.T.);
#1389 = FACE_BOUND('',#1390,.T.);
#1390 = EDGE_LOOP('',(#1391,#1392,#1393,#1399));
#1391 = ORIENTED_EDGE('',*,*,#1377,.F.);
#1392 = ORIENTED_EDGE('',*,*,#813,.F.);
#1393 = ORIENTED_EDGE('',*,*,#1394,.T.);
#1394 = EDGE_CURVE('',#806,#346,#1395,.T.);
#1395 = LINE('',#1396,#1397);
#1396 = CARTESIAN_POINT('',(-18.39999961853,0.,-12.5));
#1397 = VECTOR('',#1398,1.);
#1398 = DIRECTION('',(0.,0.,1.));
#1399 = ORIENTED_EDGE('',*,*,#345,.F.);
#1400 = PLANE('',#1401);
#1401 = AXIS2_PLACEMENT_3D('',#1402,#1403,#1404);
#1402 = CARTESIAN_POINT('',(-18.46089935302,0.306146502495,-10.));
#1403 = DIRECTION('',(-0.980783190713,-0.195100827306,-0.));
#1404 = DIRECTION('',(0.195100827306,-0.980783190713,0.));
#1405 = ADVANCED_FACE('',(#1406),#1422,.T.);
#1406 = FACE_BOUND('',#1407,.T.);
#1407 = EDGE_LOOP('',(#1408,#1414,#1415,#1421));
#1408 = ORIENTED_EDGE('',*,*,#1409,.T.);
#1409 = EDGE_CURVE('',#740,#290,#1410,.T.);
#1410 = LINE('',#1411,#1412);
#1411 = CARTESIAN_POINT('',(-21.47820091247,0.61229300499,-12.5));
#1412 = VECTOR('',#1413,1.);
#1413 = DIRECTION('',(0.,0.,1.));
#1414 = ORIENTED_EDGE('',*,*,#289,.F.);
#1415 = ORIENTED_EDGE('',*,*,#1416,.T.);
#1416 = EDGE_CURVE('',#282,#742,#1417,.T.);
#1417 = LINE('',#1418,#1419);
#1418 = CARTESIAN_POINT('',(-21.60000038147,0.,-7.5));
#1419 = VECTOR('',#1420,1.);
#1420 = DIRECTION('',(0.,0.,-1.));
#1421 = ORIENTED_EDGE('',*,*,#739,.F.);
#1422 = PLANE('',#1423);
#1423 = AXIS2_PLACEMENT_3D('',#1424,#1425,#1426);
#1424 = CARTESIAN_POINT('',(-21.53910064697,0.306146502495,-10.));
#1425 = DIRECTION('',(0.980783190713,-0.195100827306,0.));
#1426 = DIRECTION('',(0.195100827306,0.980783190713,0.));
#1427 = ADVANCED_FACE('',(#1428),#1439,.T.);
#1428 = FACE_BOUND('',#1429,.T.);
#1429 = EDGE_LOOP('',(#1430,#1431,#1437,#1438));
#1430 = ORIENTED_EDGE('',*,*,#321,.F.);
#1431 = ORIENTED_EDGE('',*,*,#1432,.T.);
#1432 = EDGE_CURVE('',#314,#838,#1433,.T.);
#1433 = LINE('',#1434,#1435);
#1434 = CARTESIAN_POINT('',(-20.,1.600000023842,-7.5));
#1435 = VECTOR('',#1436,1.);
#1436 = DIRECTION('',(0.,0.,-1.));
#1437 = ORIENTED_EDGE('',*,*,#837,.F.);
#1438 = ORIENTED_EDGE('',*,*,#1354,.F.);
#1439 = PLANE('',#1440);
#1440 = AXIS2_PLACEMENT_3D('',#1441,#1442,#1443);
#1441 = CARTESIAN_POINT('',(-19.69384956359,1.539104998112,-10.));
#1442 = DIRECTION('',(-0.19508390488,-0.980786556829,-0.));
#1443 = DIRECTION('',(-0.980786556829,0.19508390488,0.));
#1444 = ADVANCED_FACE('',(#1445),#1461,.T.);
#1445 = FACE_BOUND('',#1446,.T.);
#1446 = EDGE_LOOP('',(#1447,#1448,#1454,#1455));
#1447 = ORIENTED_EDGE('',*,*,#385,.F.);
#1448 = ORIENTED_EDGE('',*,*,#1449,.T.);
#1449 = EDGE_CURVE('',#378,#774,#1450,.T.);
#1450 = LINE('',#1451,#1452);
#1451 = CARTESIAN_POINT('',(-20.,-1.600000023842,-7.5));
#1452 = VECTOR('',#1453,1.);
#1453 = DIRECTION('',(0.,0.,-1.));
#1454 = ORIENTED_EDGE('',*,*,#773,.F.);
#1455 = ORIENTED_EDGE('',*,*,#1456,.T.);
#1456 = EDGE_CURVE('',#766,#386,#1457,.T.);
#1457 = LINE('',#1458,#1459);
#1458 = CARTESIAN_POINT('',(-20.6123008728,-1.478209972382,-12.5));
#1459 = VECTOR('',#1460,1.);
#1460 = DIRECTION('',(0.,0.,1.));
#1461 = PLANE('',#1462);
#1462 = AXIS2_PLACEMENT_3D('',#1463,#1464,#1465);
#1463 = CARTESIAN_POINT('',(-20.3061504364,-1.539104998112,-10.));
#1464 = DIRECTION('',(0.19508390488,0.980786556829,0.));
#1465 = DIRECTION('',(0.980786556829,-0.19508390488,0.));
#1466 = ADVANCED_FACE('',(#1467),#1483,.T.);
#1467 = FACE_BOUND('',#1468,.T.);
#1468 = EDGE_LOOP('',(#1469,#1470,#1476,#1477));
#1469 = ORIENTED_EDGE('',*,*,#305,.F.);
#1470 = ORIENTED_EDGE('',*,*,#1471,.T.);
#1471 = EDGE_CURVE('',#298,#854,#1472,.T.);
#1472 = LINE('',#1473,#1474);
#1473 = CARTESIAN_POINT('',(-21.13139915466,1.131369948387,-7.5));
#1474 = VECTOR('',#1475,1.);
#1475 = DIRECTION('',(0.,0.,-1.));
#1476 = ORIENTED_EDGE('',*,*,#853,.F.);
#1477 = ORIENTED_EDGE('',*,*,#1478,.T.);
#1478 = EDGE_CURVE('',#846,#306,#1479,.T.);
#1479 = LINE('',#1480,#1481);
#1480 = CARTESIAN_POINT('',(-20.6123008728,1.478209972382,-12.5));
#1481 = VECTOR('',#1482,1.);
#1482 = DIRECTION('',(0.,0.,1.));
#1483 = PLANE('',#1484);
#1484 = AXIS2_PLACEMENT_3D('',#1485,#1486,#1487);
#1485 = CARTESIAN_POINT('',(-20.87185001373,1.304789960384,-10.));
#1486 = DIRECTION('',(0.555558761782,-0.831477277024,-0.));
#1487 = DIRECTION('',(-0.831477277024,-0.555558761782,0.));
#1488 = ADVANCED_FACE('',(#1489),#1505,.T.);
#1489 = FACE_BOUND('',#1490,.T.);
#1490 = EDGE_LOOP('',(#1491,#1492,#1498,#1499));
#1491 = ORIENTED_EDGE('',*,*,#369,.F.);
#1492 = ORIENTED_EDGE('',*,*,#1493,.T.);
#1493 = EDGE_CURVE('',#362,#790,#1494,.T.);
#1494 = LINE('',#1495,#1496);
#1495 = CARTESIAN_POINT('',(-18.86860084533,-1.131369948387,-7.5));
#1496 = VECTOR('',#1497,1.);
#1497 = DIRECTION('',(0.,0.,-1.));
#1498 = ORIENTED_EDGE('',*,*,#789,.F.);
#1499 = ORIENTED_EDGE('',*,*,#1500,.T.);
#1500 = EDGE_CURVE('',#782,#370,#1501,.T.);
#1501 = LINE('',#1502,#1503);
#1502 = CARTESIAN_POINT('',(-19.38769912719,-1.478209972382,-12.5));
#1503 = VECTOR('',#1504,1.);
#1504 = DIRECTION('',(0.,0.,1.));
#1505 = PLANE('',#1506);
#1506 = AXIS2_PLACEMENT_3D('',#1507,#1508,#1509);
#1507 = CARTESIAN_POINT('',(-19.12814998626,-1.304789960384,-10.));
#1508 = DIRECTION('',(-0.555558761782,0.831477277024,0.));
#1509 = DIRECTION('',(0.831477277024,0.555558761782,0.));
#1510 = ADVANCED_FACE('',(#1511),#1517,.T.);
#1511 = FACE_BOUND('',#1512,.T.);
#1512 = EDGE_LOOP('',(#1513,#1514,#1515,#1516));
#1513 = ORIENTED_EDGE('',*,*,#313,.F.);
#1514 = ORIENTED_EDGE('',*,*,#1478,.F.);
#1515 = ORIENTED_EDGE('',*,*,#845,.F.);
#1516 = ORIENTED_EDGE('',*,*,#1432,.F.);
#1517 = PLANE('',#1518);
#1518 = AXIS2_PLACEMENT_3D('',#1519,#1520,#1521);
#1519 = CARTESIAN_POINT('',(-20.3061504364,1.539104998112,-10.));
#1520 = DIRECTION('',(0.19508390488,-0.980786556829,-0.));
#1521 = DIRECTION('',(-0.980786556829,-0.19508390488,0.));
#1522 = ADVANCED_FACE('',(#1523),#1534,.T.);
#1523 = FACE_BOUND('',#1524,.T.);
#1524 = EDGE_LOOP('',(#1525,#1526,#1527,#1533));
#1525 = ORIENTED_EDGE('',*,*,#1394,.F.);
#1526 = ORIENTED_EDGE('',*,*,#805,.F.);
#1527 = ORIENTED_EDGE('',*,*,#1528,.T.);
#1528 = EDGE_CURVE('',#798,#354,#1529,.T.);
#1529 = LINE('',#1530,#1531);
#1530 = CARTESIAN_POINT('',(-18.52179908752,-0.61229300499,-12.5));
#1531 = VECTOR('',#1532,1.);
#1532 = DIRECTION('',(0.,0.,1.));
#1533 = ORIENTED_EDGE('',*,*,#353,.F.);
#1534 = PLANE('',#1535);
#1535 = AXIS2_PLACEMENT_3D('',#1536,#1537,#1538);
#1536 = CARTESIAN_POINT('',(-18.46089935302,-0.306146502495,-10.));
#1537 = DIRECTION('',(-0.980783190713,0.195100827306,-0.));
#1538 = DIRECTION('',(-0.195100827306,-0.980783190713,0.));
#1539 = ADVANCED_FACE('',(#1540),#1546,.T.);
#1540 = FACE_BOUND('',#1541,.T.);
#1541 = EDGE_LOOP('',(#1542,#1543,#1544,#1545));
#1542 = ORIENTED_EDGE('',*,*,#1528,.F.);
#1543 = ORIENTED_EDGE('',*,*,#797,.F.);
#1544 = ORIENTED_EDGE('',*,*,#1493,.F.);
#1545 = ORIENTED_EDGE('',*,*,#361,.F.);
#1546 = PLANE('',#1547);
#1547 = AXIS2_PLACEMENT_3D('',#1548,#1549,#1550);
#1548 = CARTESIAN_POINT('',(-18.69519996643,-0.871831476688,-10.));
#1549 = DIRECTION('',(-0.831495042081,0.555532172781,-0.));
#1550 = DIRECTION('',(-0.555532172781,-0.831495042081,0.));
#1551 = ADVANCED_FACE('',(#1552),#1558,.T.);
#1552 = FACE_BOUND('',#1553,.T.);
#1553 = EDGE_LOOP('',(#1554,#1555,#1556,#1557));
#1554 = ORIENTED_EDGE('',*,*,#1471,.F.);
#1555 = ORIENTED_EDGE('',*,*,#297,.F.);
#1556 = ORIENTED_EDGE('',*,*,#1409,.F.);
#1557 = ORIENTED_EDGE('',*,*,#861,.F.);
#1558 = PLANE('',#1559);
#1559 = AXIS2_PLACEMENT_3D('',#1560,#1561,#1562);
#1560 = CARTESIAN_POINT('',(-21.30480003356,0.871831476688,-10.));
#1561 = DIRECTION('',(0.831495042081,-0.555532172781,0.));
#1562 = DIRECTION('',(0.555532172781,0.831495042081,0.));
#1563 = ADVANCED_FACE('',(#1564),#1570,.T.);
#1564 = FACE_BOUND('',#1565,.T.);
#1565 = EDGE_LOOP('',(#1566,#1567,#1568,#1569));
#1566 = ORIENTED_EDGE('',*,*,#377,.F.);
#1567 = ORIENTED_EDGE('',*,*,#1500,.F.);
#1568 = ORIENTED_EDGE('',*,*,#781,.F.);
#1569 = ORIENTED_EDGE('',*,*,#1449,.F.);
#1570 = PLANE('',#1571);
#1571 = AXIS2_PLACEMENT_3D('',#1572,#1573,#1574);
#1572 = CARTESIAN_POINT('',(-19.69384956359,-1.539104998112,-10.));
#1573 = DIRECTION('',(-0.19508390488,0.980786556829,0.));
#1574 = DIRECTION('',(0.980786556829,0.19508390488,0.));
#1575 = ADVANCED_FACE('',(#1576),#1592,.T.);
#1576 = FACE_BOUND('',#1577,.T.);
#1577 = EDGE_LOOP('',(#1578,#1584,#1585,#1591));
#1578 = ORIENTED_EDGE('',*,*,#1579,.T.);
#1579 = EDGE_CURVE('',#750,#280,#1580,.T.);
#1580 = LINE('',#1581,#1582);
#1581 = CARTESIAN_POINT('',(-21.47820091247,-0.61229300499,-12.5));
#1582 = VECTOR('',#1583,1.);
#1583 = DIRECTION('',(0.,0.,1.));
#1584 = ORIENTED_EDGE('',*,*,#401,.F.);
#1585 = ORIENTED_EDGE('',*,*,#1586,.T.);
#1586 = EDGE_CURVE('',#394,#758,#1587,.T.);
#1587 = LINE('',#1588,#1589);
#1588 = CARTESIAN_POINT('',(-21.13139915466,-1.131369948387,-7.5));
#1589 = VECTOR('',#1590,1.);
#1590 = DIRECTION('',(0.,0.,-1.));
#1591 = ORIENTED_EDGE('',*,*,#757,.F.);
#1592 = PLANE('',#1593);
#1593 = AXIS2_PLACEMENT_3D('',#1594,#1595,#1596);
#1594 = CARTESIAN_POINT('',(-21.30480003356,-0.871831476688,-10.));
#1595 = DIRECTION('',(0.831495042081,0.555532172781,0.));
#1596 = DIRECTION('',(-0.555532172781,0.831495042081,0.));
#1597 = ADVANCED_FACE('',(#1598),#1604,.T.);
#1598 = FACE_BOUND('',#1599,.T.);
#1599 = EDGE_LOOP('',(#1600,#1601,#1602,#1603));
#1600 = ORIENTED_EDGE('',*,*,#1416,.F.);
#1601 = ORIENTED_EDGE('',*,*,#279,.F.);
#1602 = ORIENTED_EDGE('',*,*,#1579,.F.);
#1603 = ORIENTED_EDGE('',*,*,#749,.F.);
#1604 = PLANE('',#1605);
#1605 = AXIS2_PLACEMENT_3D('',#1606,#1607,#1608);
#1606 = CARTESIAN_POINT('',(-21.53910064697,-0.306146502495,-10.));
#1607 = DIRECTION('',(0.980783190713,0.195100827306,0.));
#1608 = DIRECTION('',(-0.195100827306,0.980783190713,0.));
#1609 = ADVANCED_FACE('',(#1610),#1616,.T.);
#1610 = FACE_BOUND('',#1611,.T.);
#1611 = EDGE_LOOP('',(#1612,#1613,#1614,#1615));
#1612 = ORIENTED_EDGE('',*,*,#393,.F.);
#1613 = ORIENTED_EDGE('',*,*,#1456,.F.);
#1614 = ORIENTED_EDGE('',*,*,#765,.F.);
#1615 = ORIENTED_EDGE('',*,*,#1586,.F.);
#1616 = PLANE('',#1617);
#1617 = AXIS2_PLACEMENT_3D('',#1618,#1619,#1620);
#1618 = CARTESIAN_POINT('',(-20.87185001373,-1.304789960384,-10.));
#1619 = DIRECTION('',(0.555558761782,0.831477277024,0.));
#1620 = DIRECTION('',(0.831477277024,-0.555558761782,0.));
#1621 = ORIENTED_CLOSED_SHELL('',*,#1622,.F.);
#1622 = CLOSED_SHELL('',(#1623,#2017,#2048,#2079,#2110,#2477,#2499,#2516
    ,#2538,#2555,#2572,#2589,#2606,#2628,#2650,#2672,#2689,#2706,#2723,
    #2735,#2747,#2764,#2786,#2798,#2810,#2827,#2839,#2851,#2868,#2885,
    #2897,#2914,#2926,#2943,#2955,#2977,#2999,#3016,#3033,#3055,#3077,
    #3094,#3106,#3123,#3145,#3162,#3179,#3191,#3203,#3215));
#1623 = ADVANCED_FACE('',(#1624,#1882),#2012,.F.);
#1624 = FACE_BOUND('',#1625,.F.);
#1625 = EDGE_LOOP('',(#1626,#1636,#1644,#1652,#1660,#1668,#1676,#1684,
    #1692,#1700,#1708,#1716,#1724,#1732,#1740,#1748,#1756,#1764,#1772,
    #1780,#1788,#1796,#1804,#1812,#1820,#1828,#1836,#1844,#1852,#1860,
    #1868,#1876));
#1626 = ORIENTED_EDGE('',*,*,#1627,.F.);
#1627 = EDGE_CURVE('',#1628,#1630,#1632,.T.);
#1628 = VERTEX_POINT('',#1629);
#1629 = CARTESIAN_POINT('',(16.304500579834,-1.530730009079,-7.5));
#1630 = VERTEX_POINT('',#1631);
#1631 = CARTESIAN_POINT('',(16.076900482178,-0.780360996723,-7.5));
#1632 = LINE('',#1633,#1634);
#1633 = CARTESIAN_POINT('',(16.304500579834,-1.530730009079,-7.5));
#1634 = VECTOR('',#1635,1.);
#1635 = DIRECTION('',(-0.290259155507,0.956948077298,0.));
#1636 = ORIENTED_EDGE('',*,*,#1637,.F.);
#1637 = EDGE_CURVE('',#1638,#1628,#1640,.T.);
#1638 = VERTEX_POINT('',#1639);
#1639 = CARTESIAN_POINT('',(16.674100875854,-2.222280025482,-7.5));
#1640 = LINE('',#1641,#1642);
#1641 = CARTESIAN_POINT('',(16.674100875854,-2.222280025482,-7.5));
#1642 = VECTOR('',#1643,1.);
#1643 = DIRECTION('',(-0.471356177907,0.881942942343,0.));
#1644 = ORIENTED_EDGE('',*,*,#1645,.F.);
#1645 = EDGE_CURVE('',#1646,#1638,#1648,.T.);
#1646 = VERTEX_POINT('',#1647);
#1647 = CARTESIAN_POINT('',(17.171600341797,-2.828429937363,-7.5));
#1648 = LINE('',#1649,#1650);
#1649 = CARTESIAN_POINT('',(17.171600341797,-2.828429937363,-7.5));
#1650 = VECTOR('',#1651,1.);
#1651 = DIRECTION('',(-0.634427641922,0.772982255402,0.));
#1652 = ORIENTED_EDGE('',*,*,#1653,.F.);
#1653 = EDGE_CURVE('',#1654,#1646,#1656,.T.);
#1654 = VERTEX_POINT('',#1655);
#1655 = CARTESIAN_POINT('',(17.777700424194,-3.325880050659,-7.5));
#1656 = LINE('',#1657,#1658);
#1657 = CARTESIAN_POINT('',(17.777700424194,-3.325880050659,-7.5));
#1658 = VECTOR('',#1659,1.);
#1659 = DIRECTION('',(-0.772987543361,0.634421199054,0.));
#1660 = ORIENTED_EDGE('',*,*,#1661,.F.);
#1661 = EDGE_CURVE('',#1662,#1654,#1664,.T.);
#1662 = VERTEX_POINT('',#1663);
#1663 = CARTESIAN_POINT('',(18.469299316406,-3.695519924164,-7.5));
#1664 = LINE('',#1665,#1666);
#1665 = CARTESIAN_POINT('',(18.469299316406,-3.695519924164,-7.5));
#1666 = VECTOR('',#1667,1.);
#1667 = DIRECTION('',(-0.881935809131,0.471369524442,0.));
#1668 = ORIENTED_EDGE('',*,*,#1669,.F.);
#1669 = EDGE_CURVE('',#1670,#1662,#1672,.T.);
#1670 = VERTEX_POINT('',#1671);
#1671 = CARTESIAN_POINT('',(19.21960067749,-3.923140048981,-7.5));
#1672 = LINE('',#1673,#1674);
#1673 = CARTESIAN_POINT('',(19.21960067749,-3.923140048981,-7.5));
#1674 = VECTOR('',#1675,1.);
#1675 = DIRECTION('',(-0.956933712009,0.290306511845,0.));
#1676 = ORIENTED_EDGE('',*,*,#1677,.F.);
#1677 = EDGE_CURVE('',#1678,#1670,#1680,.T.);
#1678 = VERTEX_POINT('',#1679);
#1679 = CARTESIAN_POINT('',(20.,-4.,-7.5));
#1680 = LINE('',#1681,#1682);
#1681 = CARTESIAN_POINT('',(20.,-4.,-7.5));
#1682 = VECTOR('',#1683,1.);
#1683 = DIRECTION('',(-0.99518505922,9.80137638521E-02,0.));
#1684 = ORIENTED_EDGE('',*,*,#1685,.F.);
#1685 = EDGE_CURVE('',#1686,#1678,#1688,.T.);
#1686 = VERTEX_POINT('',#1687);
#1687 = CARTESIAN_POINT('',(20.78039932251,-3.923140048981,-7.5));
#1688 = LINE('',#1689,#1690);
#1689 = CARTESIAN_POINT('',(20.78039932251,-3.923140048981,-7.5));
#1690 = VECTOR('',#1691,1.);
#1691 = DIRECTION('',(-0.99518505922,-9.80137638521E-02,0.));
#1692 = ORIENTED_EDGE('',*,*,#1693,.F.);
#1693 = EDGE_CURVE('',#1694,#1686,#1696,.T.);
#1694 = VERTEX_POINT('',#1695);
#1695 = CARTESIAN_POINT('',(21.530700683594,-3.695519924164,-7.5));
#1696 = LINE('',#1697,#1698);
#1697 = CARTESIAN_POINT('',(21.530700683594,-3.695519924164,-7.5));
#1698 = VECTOR('',#1699,1.);
#1699 = DIRECTION('',(-0.956933712009,-0.290306511845,0.));
#1700 = ORIENTED_EDGE('',*,*,#1701,.F.);
#1701 = EDGE_CURVE('',#1702,#1694,#1704,.T.);
#1702 = VERTEX_POINT('',#1703);
#1703 = CARTESIAN_POINT('',(22.222299575806,-3.325880050659,-7.5));
#1704 = LINE('',#1705,#1706);
#1705 = CARTESIAN_POINT('',(22.222299575806,-3.325880050659,-7.5));
#1706 = VECTOR('',#1707,1.);
#1707 = DIRECTION('',(-0.881935809131,-0.471369524442,0.));
#1708 = ORIENTED_EDGE('',*,*,#1709,.F.);
#1709 = EDGE_CURVE('',#1710,#1702,#1712,.T.);
#1710 = VERTEX_POINT('',#1711);
#1711 = CARTESIAN_POINT('',(22.828399658203,-2.828429937363,-7.5));
#1712 = LINE('',#1713,#1714);
#1713 = CARTESIAN_POINT('',(22.828399658203,-2.828429937363,-7.5));
#1714 = VECTOR('',#1715,1.);
#1715 = DIRECTION('',(-0.772987543361,-0.634421199054,0.));
#1716 = ORIENTED_EDGE('',*,*,#1717,.F.);
#1717 = EDGE_CURVE('',#1718,#1710,#1720,.T.);
#1718 = VERTEX_POINT('',#1719);
#1719 = CARTESIAN_POINT('',(23.325899124146,-2.222280025482,-7.5));
#1720 = LINE('',#1721,#1722);
#1721 = CARTESIAN_POINT('',(23.325899124146,-2.222280025482,-7.5));
#1722 = VECTOR('',#1723,1.);
#1723 = DIRECTION('',(-0.634427641922,-0.772982255402,0.));
#1724 = ORIENTED_EDGE('',*,*,#1725,.F.);
#1725 = EDGE_CURVE('',#1726,#1718,#1728,.T.);
#1726 = VERTEX_POINT('',#1727);
#1727 = CARTESIAN_POINT('',(23.695499420166,-1.530730009079,-7.5));
#1728 = LINE('',#1729,#1730);
#1729 = CARTESIAN_POINT('',(23.695499420166,-1.530730009079,-7.5));
#1730 = VECTOR('',#1731,1.);
#1731 = DIRECTION('',(-0.471356177907,-0.881942942343,0.));
#1732 = ORIENTED_EDGE('',*,*,#1733,.F.);
#1733 = EDGE_CURVE('',#1734,#1726,#1736,.T.);
#1734 = VERTEX_POINT('',#1735);
#1735 = CARTESIAN_POINT('',(23.923099517822,-0.780360996723,-7.5));
#1736 = LINE('',#1737,#1738);
#1737 = CARTESIAN_POINT('',(23.923099517822,-0.780360996723,-7.5));
#1738 = VECTOR('',#1739,1.);
#1739 = DIRECTION('',(-0.290259155507,-0.956948077298,0.));
#1740 = ORIENTED_EDGE('',*,*,#1741,.F.);
#1741 = EDGE_CURVE('',#1742,#1734,#1744,.T.);
#1742 = VERTEX_POINT('',#1743);
#1743 = CARTESIAN_POINT('',(24.,0.,-7.5));
#1744 = LINE('',#1745,#1746);
#1745 = CARTESIAN_POINT('',(24.,0.,-7.5));
#1746 = VECTOR('',#1747,1.);
#1747 = DIRECTION('',(-9.806972322519E-02,-0.995179546306,0.));
#1748 = ORIENTED_EDGE('',*,*,#1749,.F.);
#1749 = EDGE_CURVE('',#1750,#1742,#1752,.T.);
#1750 = VERTEX_POINT('',#1751);
#1751 = CARTESIAN_POINT('',(23.923099517822,0.780360996723,-7.5));
#1752 = LINE('',#1753,#1754);
#1753 = CARTESIAN_POINT('',(23.923099517822,0.780360996723,-7.5));
#1754 = VECTOR('',#1755,1.);
#1755 = DIRECTION('',(9.806972322519E-02,-0.995179546306,0.));
#1756 = ORIENTED_EDGE('',*,*,#1757,.F.);
#1757 = EDGE_CURVE('',#1758,#1750,#1760,.T.);
#1758 = VERTEX_POINT('',#1759);
#1759 = CARTESIAN_POINT('',(23.695499420166,1.530730009079,-7.5));
#1760 = LINE('',#1761,#1762);
#1761 = CARTESIAN_POINT('',(23.695499420166,1.530730009079,-7.5));
#1762 = VECTOR('',#1763,1.);
#1763 = DIRECTION('',(0.290259155507,-0.956948077298,0.));
#1764 = ORIENTED_EDGE('',*,*,#1765,.F.);
#1765 = EDGE_CURVE('',#1766,#1758,#1768,.T.);
#1766 = VERTEX_POINT('',#1767);
#1767 = CARTESIAN_POINT('',(23.325899124146,2.222280025482,-7.5));
#1768 = LINE('',#1769,#1770);
#1769 = CARTESIAN_POINT('',(23.325899124146,2.222280025482,-7.5));
#1770 = VECTOR('',#1771,1.);
#1771 = DIRECTION('',(0.471356177907,-0.881942942343,0.));
#1772 = ORIENTED_EDGE('',*,*,#1773,.F.);
#1773 = EDGE_CURVE('',#1774,#1766,#1776,.T.);
#1774 = VERTEX_POINT('',#1775);
#1775 = CARTESIAN_POINT('',(22.828399658203,2.828429937363,-7.5));
#1776 = LINE('',#1777,#1778);
#1777 = CARTESIAN_POINT('',(22.828399658203,2.828429937363,-7.5));
#1778 = VECTOR('',#1779,1.);
#1779 = DIRECTION('',(0.634427641922,-0.772982255402,0.));
#1780 = ORIENTED_EDGE('',*,*,#1781,.F.);
#1781 = EDGE_CURVE('',#1782,#1774,#1784,.T.);
#1782 = VERTEX_POINT('',#1783);
#1783 = CARTESIAN_POINT('',(22.222299575806,3.325880050659,-7.5));
#1784 = LINE('',#1785,#1786);
#1785 = CARTESIAN_POINT('',(22.222299575806,3.325880050659,-7.5));
#1786 = VECTOR('',#1787,1.);
#1787 = DIRECTION('',(0.772987543361,-0.634421199054,0.));
#1788 = ORIENTED_EDGE('',*,*,#1789,.F.);
#1789 = EDGE_CURVE('',#1790,#1782,#1792,.T.);
#1790 = VERTEX_POINT('',#1791);
#1791 = CARTESIAN_POINT('',(21.530700683594,3.695519924164,-7.5));
#1792 = LINE('',#1793,#1794);
#1793 = CARTESIAN_POINT('',(21.530700683594,3.695519924164,-7.5));
#1794 = VECTOR('',#1795,1.);
#1795 = DIRECTION('',(0.881935809131,-0.471369524442,0.));
#1796 = ORIENTED_EDGE('',*,*,#1797,.F.);
#1797 = EDGE_CURVE('',#1798,#1790,#1800,.T.);
#1798 = VERTEX_POINT('',#1799);
#1799 = CARTESIAN_POINT('',(20.78039932251,3.923140048981,-7.5));
#1800 = LINE('',#1801,#1802);
#1801 = CARTESIAN_POINT('',(20.78039932251,3.923140048981,-7.5));
#1802 = VECTOR('',#1803,1.);
#1803 = DIRECTION('',(0.956933712009,-0.290306511845,0.));
#1804 = ORIENTED_EDGE('',*,*,#1805,.F.);
#1805 = EDGE_CURVE('',#1806,#1798,#1808,.T.);
#1806 = VERTEX_POINT('',#1807);
#1807 = CARTESIAN_POINT('',(20.,4.,-7.5));
#1808 = LINE('',#1809,#1810);
#1809 = CARTESIAN_POINT('',(20.,4.,-7.5));
#1810 = VECTOR('',#1811,1.);
#1811 = DIRECTION('',(0.99518505922,-9.80137638521E-02,0.));
#1812 = ORIENTED_EDGE('',*,*,#1813,.F.);
#1813 = EDGE_CURVE('',#1814,#1806,#1816,.T.);
#1814 = VERTEX_POINT('',#1815);
#1815 = CARTESIAN_POINT('',(19.21960067749,3.923140048981,-7.5));
#1816 = LINE('',#1817,#1818);
#1817 = CARTESIAN_POINT('',(19.21960067749,3.923140048981,-7.5));
#1818 = VECTOR('',#1819,1.);
#1819 = DIRECTION('',(0.99518505922,9.80137638521E-02,0.));
#1820 = ORIENTED_EDGE('',*,*,#1821,.F.);
#1821 = EDGE_CURVE('',#1822,#1814,#1824,.T.);
#1822 = VERTEX_POINT('',#1823);
#1823 = CARTESIAN_POINT('',(18.469299316406,3.695519924164,-7.5));
#1824 = LINE('',#1825,#1826);
#1825 = CARTESIAN_POINT('',(18.469299316406,3.695519924164,-7.5));
#1826 = VECTOR('',#1827,1.);
#1827 = DIRECTION('',(0.956933712009,0.290306511845,0.));
#1828 = ORIENTED_EDGE('',*,*,#1829,.F.);
#1829 = EDGE_CURVE('',#1830,#1822,#1832,.T.);
#1830 = VERTEX_POINT('',#1831);
#1831 = CARTESIAN_POINT('',(17.777700424194,3.325880050659,-7.5));
#1832 = LINE('',#1833,#1834);
#1833 = CARTESIAN_POINT('',(17.777700424194,3.325880050659,-7.5));
#1834 = VECTOR('',#1835,1.);
#1835 = DIRECTION('',(0.881935809131,0.471369524442,0.));
#1836 = ORIENTED_EDGE('',*,*,#1837,.F.);
#1837 = EDGE_CURVE('',#1838,#1830,#1840,.T.);
#1838 = VERTEX_POINT('',#1839);
#1839 = CARTESIAN_POINT('',(17.171600341797,2.828429937363,-7.5));
#1840 = LINE('',#1841,#1842);
#1841 = CARTESIAN_POINT('',(17.171600341797,2.828429937363,-7.5));
#1842 = VECTOR('',#1843,1.);
#1843 = DIRECTION('',(0.772987543361,0.634421199054,0.));
#1844 = ORIENTED_EDGE('',*,*,#1845,.F.);
#1845 = EDGE_CURVE('',#1846,#1838,#1848,.T.);
#1846 = VERTEX_POINT('',#1847);
#1847 = CARTESIAN_POINT('',(16.674100875854,2.222280025482,-7.5));
#1848 = LINE('',#1849,#1850);
#1849 = CARTESIAN_POINT('',(16.674100875854,2.222280025482,-7.5));
#1850 = VECTOR('',#1851,1.);
#1851 = DIRECTION('',(0.634427641922,0.772982255402,0.));
#1852 = ORIENTED_EDGE('',*,*,#1853,.F.);
#1853 = EDGE_CURVE('',#1854,#1846,#1856,.T.);
#1854 = VERTEX_POINT('',#1855);
#1855 = CARTESIAN_POINT('',(16.304500579834,1.530730009079,-7.5));
#1856 = LINE('',#1857,#1858);
#1857 = CARTESIAN_POINT('',(16.304500579834,1.530730009079,-7.5));
#1858 = VECTOR('',#1859,1.);
#1859 = DIRECTION('',(0.471356177907,0.881942942343,0.));
#1860 = ORIENTED_EDGE('',*,*,#1861,.F.);
#1861 = EDGE_CURVE('',#1862,#1854,#1864,.T.);
#1862 = VERTEX_POINT('',#1863);
#1863 = CARTESIAN_POINT('',(16.076900482178,0.780360996723,-7.5));
#1864 = LINE('',#1865,#1866);
#1865 = CARTESIAN_POINT('',(16.076900482178,0.780360996723,-7.5));
#1866 = VECTOR('',#1867,1.);
#1867 = DIRECTION('',(0.290259155507,0.956948077298,0.));
#1868 = ORIENTED_EDGE('',*,*,#1869,.F.);
#1869 = EDGE_CURVE('',#1870,#1862,#1872,.T.);
#1870 = VERTEX_POINT('',#1871);
#1871 = CARTESIAN_POINT('',(16.,0.,-7.5));
#1872 = LINE('',#1873,#1874);
#1873 = CARTESIAN_POINT('',(16.,0.,-7.5));
#1874 = VECTOR('',#1875,1.);
#1875 = DIRECTION('',(9.806972322519E-02,0.995179546306,0.));
#1876 = ORIENTED_EDGE('',*,*,#1877,.F.);
#1877 = EDGE_CURVE('',#1630,#1870,#1878,.T.);
#1878 = LINE('',#1879,#1880);
#1879 = CARTESIAN_POINT('',(16.076900482178,-0.780360996723,-7.5));
#1880 = VECTOR('',#1881,1.);
#1881 = DIRECTION('',(-9.806972322519E-02,0.995179546306,0.));
#1882 = FACE_BOUND('',#1883,.F.);
#1883 = EDGE_LOOP('',(#1884,#1894,#1902,#1910,#1918,#1926,#1934,#1942,
    #1950,#1958,#1966,#1974,#1982,#1990,#1998,#2006));
#1884 = ORIENTED_EDGE('',*,*,#1885,.T.);
#1885 = EDGE_CURVE('',#1886,#1888,#1890,.T.);
#1886 = VERTEX_POINT('',#1887);
#1887 = CARTESIAN_POINT('',(18.521799087524,-0.61229300499,-7.5));
#1888 = VERTEX_POINT('',#1889);
#1889 = CARTESIAN_POINT('',(18.39999961853,0.,-7.5));
#1890 = LINE('',#1891,#1892);
#1891 = CARTESIAN_POINT('',(18.521799087524,-0.61229300499,-7.5));
#1892 = VECTOR('',#1893,1.);
#1893 = DIRECTION('',(-0.195100827306,0.980783190713,0.));
#1894 = ORIENTED_EDGE('',*,*,#1895,.T.);
#1895 = EDGE_CURVE('',#1888,#1896,#1898,.T.);
#1896 = VERTEX_POINT('',#1897);
#1897 = CARTESIAN_POINT('',(18.521799087524,0.61229300499,-7.5));
#1898 = LINE('',#1899,#1900);
#1899 = CARTESIAN_POINT('',(18.39999961853,0.,-7.5));
#1900 = VECTOR('',#1901,1.);
#1901 = DIRECTION('',(0.195100827306,0.980783190713,0.));
#1902 = ORIENTED_EDGE('',*,*,#1903,.T.);
#1903 = EDGE_CURVE('',#1896,#1904,#1906,.T.);
#1904 = VERTEX_POINT('',#1905);
#1905 = CARTESIAN_POINT('',(18.868600845337,1.131369948387,-7.5));
#1906 = LINE('',#1907,#1908);
#1907 = CARTESIAN_POINT('',(18.521799087524,0.61229300499,-7.5));
#1908 = VECTOR('',#1909,1.);
#1909 = DIRECTION('',(0.555532172781,0.831495042081,0.));
#1910 = ORIENTED_EDGE('',*,*,#1911,.T.);
#1911 = EDGE_CURVE('',#1904,#1912,#1914,.T.);
#1912 = VERTEX_POINT('',#1913);
#1913 = CARTESIAN_POINT('',(19.387699127197,1.478209972382,-7.5));
#1914 = LINE('',#1915,#1916);
#1915 = CARTESIAN_POINT('',(18.868600845337,1.131369948387,-7.5));
#1916 = VECTOR('',#1917,1.);
#1917 = DIRECTION('',(0.831477277024,0.555558761782,0.));
#1918 = ORIENTED_EDGE('',*,*,#1919,.T.);
#1919 = EDGE_CURVE('',#1912,#1920,#1922,.T.);
#1920 = VERTEX_POINT('',#1921);
#1921 = CARTESIAN_POINT('',(20.,1.600000023842,-7.5));
#1922 = LINE('',#1923,#1924);
#1923 = CARTESIAN_POINT('',(19.387699127197,1.478209972382,-7.5));
#1924 = VECTOR('',#1925,1.);
#1925 = DIRECTION('',(0.980786556829,0.19508390488,0.));
#1926 = ORIENTED_EDGE('',*,*,#1927,.T.);
#1927 = EDGE_CURVE('',#1920,#1928,#1930,.T.);
#1928 = VERTEX_POINT('',#1929);
#1929 = CARTESIAN_POINT('',(20.612300872803,1.478209972382,-7.5));
#1930 = LINE('',#1931,#1932);
#1931 = CARTESIAN_POINT('',(20.,1.600000023842,-7.5));
#1932 = VECTOR('',#1933,1.);
#1933 = DIRECTION('',(0.980786556829,-0.19508390488,0.));
#1934 = ORIENTED_EDGE('',*,*,#1935,.T.);
#1935 = EDGE_CURVE('',#1928,#1936,#1938,.T.);
#1936 = VERTEX_POINT('',#1937);
#1937 = CARTESIAN_POINT('',(21.131399154663,1.131369948387,-7.5));
#1938 = LINE('',#1939,#1940);
#1939 = CARTESIAN_POINT('',(20.612300872803,1.478209972382,-7.5));
#1940 = VECTOR('',#1941,1.);
#1941 = DIRECTION('',(0.831477277024,-0.555558761782,0.));
#1942 = ORIENTED_EDGE('',*,*,#1943,.T.);
#1943 = EDGE_CURVE('',#1936,#1944,#1946,.T.);
#1944 = VERTEX_POINT('',#1945);
#1945 = CARTESIAN_POINT('',(21.478200912476,0.61229300499,-7.5));
#1946 = LINE('',#1947,#1948);
#1947 = CARTESIAN_POINT('',(21.131399154663,1.131369948387,-7.5));
#1948 = VECTOR('',#1949,1.);
#1949 = DIRECTION('',(0.555532172781,-0.831495042081,0.));
#1950 = ORIENTED_EDGE('',*,*,#1951,.T.);
#1951 = EDGE_CURVE('',#1944,#1952,#1954,.T.);
#1952 = VERTEX_POINT('',#1953);
#1953 = CARTESIAN_POINT('',(21.60000038147,0.,-7.5));
#1954 = LINE('',#1955,#1956);
#1955 = CARTESIAN_POINT('',(21.478200912476,0.61229300499,-7.5));
#1956 = VECTOR('',#1957,1.);
#1957 = DIRECTION('',(0.195100827306,-0.980783190713,0.));
#1958 = ORIENTED_EDGE('',*,*,#1959,.T.);
#1959 = EDGE_CURVE('',#1952,#1960,#1962,.T.);
#1960 = VERTEX_POINT('',#1961);
#1961 = CARTESIAN_POINT('',(21.478200912476,-0.61229300499,-7.5));
#1962 = LINE('',#1963,#1964);
#1963 = CARTESIAN_POINT('',(21.60000038147,0.,-7.5));
#1964 = VECTOR('',#1965,1.);
#1965 = DIRECTION('',(-0.195100827306,-0.980783190713,0.));
#1966 = ORIENTED_EDGE('',*,*,#1967,.T.);
#1967 = EDGE_CURVE('',#1960,#1968,#1970,.T.);
#1968 = VERTEX_POINT('',#1969);
#1969 = CARTESIAN_POINT('',(21.131399154663,-1.131369948387,-7.5));
#1970 = LINE('',#1971,#1972);
#1971 = CARTESIAN_POINT('',(21.478200912476,-0.61229300499,-7.5));
#1972 = VECTOR('',#1973,1.);
#1973 = DIRECTION('',(-0.555532172781,-0.831495042081,0.));
#1974 = ORIENTED_EDGE('',*,*,#1975,.T.);
#1975 = EDGE_CURVE('',#1968,#1976,#1978,.T.);
#1976 = VERTEX_POINT('',#1977);
#1977 = CARTESIAN_POINT('',(20.612300872803,-1.478209972382,-7.5));
#1978 = LINE('',#1979,#1980);
#1979 = CARTESIAN_POINT('',(21.131399154663,-1.131369948387,-7.5));
#1980 = VECTOR('',#1981,1.);
#1981 = DIRECTION('',(-0.831477277024,-0.555558761782,0.));
#1982 = ORIENTED_EDGE('',*,*,#1983,.T.);
#1983 = EDGE_CURVE('',#1976,#1984,#1986,.T.);
#1984 = VERTEX_POINT('',#1985);
#1985 = CARTESIAN_POINT('',(20.,-1.600000023842,-7.5));
#1986 = LINE('',#1987,#1988);
#1987 = CARTESIAN_POINT('',(20.612300872803,-1.478209972382,-7.5));
#1988 = VECTOR('',#1989,1.);
#1989 = DIRECTION('',(-0.980786556829,-0.19508390488,0.));
#1990 = ORIENTED_EDGE('',*,*,#1991,.T.);
#1991 = EDGE_CURVE('',#1984,#1992,#1994,.T.);
#1992 = VERTEX_POINT('',#1993);
#1993 = CARTESIAN_POINT('',(19.387699127197,-1.478209972382,-7.5));
#1994 = LINE('',#1995,#1996);
#1995 = CARTESIAN_POINT('',(20.,-1.600000023842,-7.5));
#1996 = VECTOR('',#1997,1.);
#1997 = DIRECTION('',(-0.980786556829,0.19508390488,0.));
#1998 = ORIENTED_EDGE('',*,*,#1999,.T.);
#1999 = EDGE_CURVE('',#1992,#2000,#2002,.T.);
#2000 = VERTEX_POINT('',#2001);
#2001 = CARTESIAN_POINT('',(18.868600845337,-1.131369948387,-7.5));
#2002 = LINE('',#2003,#2004);
#2003 = CARTESIAN_POINT('',(19.387699127197,-1.478209972382,-7.5));
#2004 = VECTOR('',#2005,1.);
#2005 = DIRECTION('',(-0.831477277024,0.555558761782,0.));
#2006 = ORIENTED_EDGE('',*,*,#2007,.T.);
#2007 = EDGE_CURVE('',#2000,#1886,#2008,.T.);
#2008 = LINE('',#2009,#2010);
#2009 = CARTESIAN_POINT('',(18.868600845337,-1.131369948387,-7.5));
#2010 = VECTOR('',#2011,1.);
#2011 = DIRECTION('',(-0.555532172781,0.831495042081,0.));
#2012 = PLANE('',#2013);
#2013 = AXIS2_PLACEMENT_3D('',#2014,#2015,#2016);
#2014 = CARTESIAN_POINT('',(20.,-3.606952536731E-17,-7.5));
#2015 = DIRECTION('',(0.,0.,1.));
#2016 = DIRECTION('',(1.,0.,-0.));
#2017 = ADVANCED_FACE('',(#2018),#2043,.F.);
#2018 = FACE_BOUND('',#2019,.F.);
#2019 = EDGE_LOOP('',(#2020,#2028,#2029,#2037));
#2020 = ORIENTED_EDGE('',*,*,#2021,.T.);
#2021 = EDGE_CURVE('',#2022,#1774,#2024,.T.);
#2022 = VERTEX_POINT('',#2023);
#2023 = CARTESIAN_POINT('',(22.828399658203,2.828429937363,-12.5));
#2024 = LINE('',#2025,#2026);
#2025 = CARTESIAN_POINT('',(22.828399658203,2.828429937363,-12.5));
#2026 = VECTOR('',#2027,1.);
#2027 = DIRECTION('',(0.,0.,1.));
#2028 = ORIENTED_EDGE('',*,*,#1773,.T.);
#2029 = ORIENTED_EDGE('',*,*,#2030,.F.);
#2030 = EDGE_CURVE('',#2031,#1766,#2033,.T.);
#2031 = VERTEX_POINT('',#2032);
#2032 = CARTESIAN_POINT('',(23.325899124146,2.222280025482,-12.5));
#2033 = LINE('',#2034,#2035);
#2034 = CARTESIAN_POINT('',(23.325899124146,2.222280025482,-12.5));
#2035 = VECTOR('',#2036,1.);
#2036 = DIRECTION('',(0.,0.,1.));
#2037 = ORIENTED_EDGE('',*,*,#2038,.F.);
#2038 = EDGE_CURVE('',#2022,#2031,#2039,.T.);
#2039 = LINE('',#2040,#2041);
#2040 = CARTESIAN_POINT('',(22.828399658203,2.828429937363,-12.5));
#2041 = VECTOR('',#2042,1.);
#2042 = DIRECTION('',(0.634427641922,-0.772982255402,0.));
#2043 = PLANE('',#2044);
#2044 = AXIS2_PLACEMENT_3D('',#2045,#2046,#2047);
#2045 = CARTESIAN_POINT('',(23.077149391174,2.525354981422,-10.));
#2046 = DIRECTION('',(0.772982255402,0.634427641922,0.));
#2047 = DIRECTION('',(-0.634427641922,0.772982255402,0.));
#2048 = ADVANCED_FACE('',(#2049),#2074,.F.);
#2049 = FACE_BOUND('',#2050,.F.);
#2050 = EDGE_LOOP('',(#2051,#2052,#2060,#2068));
#2051 = ORIENTED_EDGE('',*,*,#1837,.T.);
#2052 = ORIENTED_EDGE('',*,*,#2053,.T.);
#2053 = EDGE_CURVE('',#1830,#2054,#2056,.T.);
#2054 = VERTEX_POINT('',#2055);
#2055 = CARTESIAN_POINT('',(17.777700424194,3.325880050659,-12.5));
#2056 = LINE('',#2057,#2058);
#2057 = CARTESIAN_POINT('',(17.777700424194,3.325880050659,-7.5));
#2058 = VECTOR('',#2059,1.);
#2059 = DIRECTION('',(0.,0.,-1.));
#2060 = ORIENTED_EDGE('',*,*,#2061,.F.);
#2061 = EDGE_CURVE('',#2062,#2054,#2064,.T.);
#2062 = VERTEX_POINT('',#2063);
#2063 = CARTESIAN_POINT('',(17.171600341797,2.828429937363,-12.5));
#2064 = LINE('',#2065,#2066);
#2065 = CARTESIAN_POINT('',(17.171600341797,2.828429937363,-12.5));
#2066 = VECTOR('',#2067,1.);
#2067 = DIRECTION('',(0.772987543361,0.634421199054,0.));
#2068 = ORIENTED_EDGE('',*,*,#2069,.T.);
#2069 = EDGE_CURVE('',#2062,#1838,#2070,.T.);
#2070 = LINE('',#2071,#2072);
#2071 = CARTESIAN_POINT('',(17.171600341797,2.828429937363,-12.5));
#2072 = VECTOR('',#2073,1.);
#2073 = DIRECTION('',(0.,0.,1.));
#2074 = PLANE('',#2075);
#2075 = AXIS2_PLACEMENT_3D('',#2076,#2077,#2078);
#2076 = CARTESIAN_POINT('',(17.474650382996,3.077154994011,-10.));
#2077 = DIRECTION('',(-0.634421199054,0.772987543361,0.));
#2078 = DIRECTION('',(0.772987543361,0.634421199054,0.));
#2079 = ADVANCED_FACE('',(#2080),#2105,.F.);
#2080 = FACE_BOUND('',#2081,.F.);
#2081 = EDGE_LOOP('',(#2082,#2083,#2091,#2099));
#2082 = ORIENTED_EDGE('',*,*,#1797,.T.);
#2083 = ORIENTED_EDGE('',*,*,#2084,.T.);
#2084 = EDGE_CURVE('',#1790,#2085,#2087,.T.);
#2085 = VERTEX_POINT('',#2086);
#2086 = CARTESIAN_POINT('',(21.530700683594,3.695519924164,-12.5));
#2087 = LINE('',#2088,#2089);
#2088 = CARTESIAN_POINT('',(21.530700683594,3.695519924164,-7.5));
#2089 = VECTOR('',#2090,1.);
#2090 = DIRECTION('',(0.,0.,-1.));
#2091 = ORIENTED_EDGE('',*,*,#2092,.F.);
#2092 = EDGE_CURVE('',#2093,#2085,#2095,.T.);
#2093 = VERTEX_POINT('',#2094);
#2094 = CARTESIAN_POINT('',(20.78039932251,3.923140048981,-12.5));
#2095 = LINE('',#2096,#2097);
#2096 = CARTESIAN_POINT('',(20.78039932251,3.923140048981,-12.5));
#2097 = VECTOR('',#2098,1.);
#2098 = DIRECTION('',(0.956933712009,-0.290306511845,0.));
#2099 = ORIENTED_EDGE('',*,*,#2100,.F.);
#2100 = EDGE_CURVE('',#1798,#2093,#2101,.T.);
#2101 = LINE('',#2102,#2103);
#2102 = CARTESIAN_POINT('',(20.78039932251,3.923140048981,-7.5));
#2103 = VECTOR('',#2104,1.);
#2104 = DIRECTION('',(0.,0.,-1.));
#2105 = PLANE('',#2106);
#2106 = AXIS2_PLACEMENT_3D('',#2107,#2108,#2109);
#2107 = CARTESIAN_POINT('',(21.155550003052,3.809329986572,-10.));
#2108 = DIRECTION('',(0.290306511845,0.956933712009,0.));
#2109 = DIRECTION('',(0.956933712009,-0.290306511845,0.));
#2110 = ADVANCED_FACE('',(#2111,#2342),#2472,.F.);
#2111 = FACE_BOUND('',#2112,.F.);
#2112 = EDGE_LOOP('',(#2113,#2123,#2131,#2137,#2138,#2146,#2154,#2162,
    #2168,#2169,#2177,#2183,#2184,#2192,#2200,#2208,#2216,#2224,#2232,
    #2240,#2248,#2256,#2264,#2272,#2280,#2288,#2296,#2304,#2312,#2320,
    #2328,#2336));
#2113 = ORIENTED_EDGE('',*,*,#2114,.T.);
#2114 = EDGE_CURVE('',#2115,#2117,#2119,.T.);
#2115 = VERTEX_POINT('',#2116);
#2116 = CARTESIAN_POINT('',(16.076900482178,0.780360996723,-12.5));
#2117 = VERTEX_POINT('',#2118);
#2118 = CARTESIAN_POINT('',(16.304500579834,1.530730009079,-12.5));
#2119 = LINE('',#2120,#2121);
#2120 = CARTESIAN_POINT('',(16.076900482178,0.780360996723,-12.5));
#2121 = VECTOR('',#2122,1.);
#2122 = DIRECTION('',(0.290259155507,0.956948077298,0.));
#2123 = ORIENTED_EDGE('',*,*,#2124,.T.);
#2124 = EDGE_CURVE('',#2117,#2125,#2127,.T.);
#2125 = VERTEX_POINT('',#2126);
#2126 = CARTESIAN_POINT('',(16.674100875854,2.222280025482,-12.5));
#2127 = LINE('',#2128,#2129);
#2128 = CARTESIAN_POINT('',(16.304500579834,1.530730009079,-12.5));
#2129 = VECTOR('',#2130,1.);
#2130 = DIRECTION('',(0.471356177907,0.881942942343,0.));
#2131 = ORIENTED_EDGE('',*,*,#2132,.T.);
#2132 = EDGE_CURVE('',#2125,#2062,#2133,.T.);
#2133 = LINE('',#2134,#2135);
#2134 = CARTESIAN_POINT('',(16.674100875854,2.222280025482,-12.5));
#2135 = VECTOR('',#2136,1.);
#2136 = DIRECTION('',(0.634427641922,0.772982255402,0.));
#2137 = ORIENTED_EDGE('',*,*,#2061,.T.);
#2138 = ORIENTED_EDGE('',*,*,#2139,.T.);
#2139 = EDGE_CURVE('',#2054,#2140,#2142,.T.);
#2140 = VERTEX_POINT('',#2141);
#2141 = CARTESIAN_POINT('',(18.469299316406,3.695519924164,-12.5));
#2142 = LINE('',#2143,#2144);
#2143 = CARTESIAN_POINT('',(17.777700424194,3.325880050659,-12.5));
#2144 = VECTOR('',#2145,1.);
#2145 = DIRECTION('',(0.881935809131,0.471369524442,0.));
#2146 = ORIENTED_EDGE('',*,*,#2147,.F.);
#2147 = EDGE_CURVE('',#2148,#2140,#2150,.T.);
#2148 = VERTEX_POINT('',#2149);
#2149 = CARTESIAN_POINT('',(19.21960067749,3.923140048981,-12.5));
#2150 = LINE('',#2151,#2152);
#2151 = CARTESIAN_POINT('',(19.21960067749,3.923140048981,-12.5));
#2152 = VECTOR('',#2153,1.);
#2153 = DIRECTION('',(-0.956933712009,-0.290306511845,0.));
#2154 = ORIENTED_EDGE('',*,*,#2155,.T.);
#2155 = EDGE_CURVE('',#2148,#2156,#2158,.T.);
#2156 = VERTEX_POINT('',#2157);
#2157 = CARTESIAN_POINT('',(20.,4.,-12.5));
#2158 = LINE('',#2159,#2160);
#2159 = CARTESIAN_POINT('',(19.21960067749,3.923140048981,-12.5));
#2160 = VECTOR('',#2161,1.);
#2161 = DIRECTION('',(0.99518505922,9.80137638521E-02,0.));
#2162 = ORIENTED_EDGE('',*,*,#2163,.F.);
#2163 = EDGE_CURVE('',#2093,#2156,#2164,.T.);
#2164 = LINE('',#2165,#2166);
#2165 = CARTESIAN_POINT('',(20.78039932251,3.923140048981,-12.5));
#2166 = VECTOR('',#2167,1.);
#2167 = DIRECTION('',(-0.99518505922,9.80137638521E-02,0.));
#2168 = ORIENTED_EDGE('',*,*,#2092,.T.);
#2169 = ORIENTED_EDGE('',*,*,#2170,.T.);
#2170 = EDGE_CURVE('',#2085,#2171,#2173,.T.);
#2171 = VERTEX_POINT('',#2172);
#2172 = CARTESIAN_POINT('',(22.222299575806,3.325880050659,-12.5));
#2173 = LINE('',#2174,#2175);
#2174 = CARTESIAN_POINT('',(21.530700683594,3.695519924164,-12.5));
#2175 = VECTOR('',#2176,1.);
#2176 = DIRECTION('',(0.881935809131,-0.471369524442,0.));
#2177 = ORIENTED_EDGE('',*,*,#2178,.T.);
#2178 = EDGE_CURVE('',#2171,#2022,#2179,.T.);
#2179 = LINE('',#2180,#2181);
#2180 = CARTESIAN_POINT('',(22.222299575806,3.325880050659,-12.5));
#2181 = VECTOR('',#2182,1.);
#2182 = DIRECTION('',(0.772987543361,-0.634421199054,0.));
#2183 = ORIENTED_EDGE('',*,*,#2038,.T.);
#2184 = ORIENTED_EDGE('',*,*,#2185,.F.);
#2185 = EDGE_CURVE('',#2186,#2031,#2188,.T.);
#2186 = VERTEX_POINT('',#2187);
#2187 = CARTESIAN_POINT('',(23.695499420166,1.530730009079,-12.5));
#2188 = LINE('',#2189,#2190);
#2189 = CARTESIAN_POINT('',(23.695499420166,1.530730009079,-12.5));
#2190 = VECTOR('',#2191,1.);
#2191 = DIRECTION('',(-0.471356177907,0.881942942343,0.));
#2192 = ORIENTED_EDGE('',*,*,#2193,.F.);
#2193 = EDGE_CURVE('',#2194,#2186,#2196,.T.);
#2194 = VERTEX_POINT('',#2195);
#2195 = CARTESIAN_POINT('',(23.923099517822,0.780360996723,-12.5));
#2196 = LINE('',#2197,#2198);
#2197 = CARTESIAN_POINT('',(23.923099517822,0.780360996723,-12.5));
#2198 = VECTOR('',#2199,1.);
#2199 = DIRECTION('',(-0.290259155507,0.956948077298,0.));
#2200 = ORIENTED_EDGE('',*,*,#2201,.F.);
#2201 = EDGE_CURVE('',#2202,#2194,#2204,.T.);
#2202 = VERTEX_POINT('',#2203);
#2203 = CARTESIAN_POINT('',(24.,0.,-12.5));
#2204 = LINE('',#2205,#2206);
#2205 = CARTESIAN_POINT('',(24.,0.,-12.5));
#2206 = VECTOR('',#2207,1.);
#2207 = DIRECTION('',(-9.806972322519E-02,0.995179546306,0.));
#2208 = ORIENTED_EDGE('',*,*,#2209,.F.);
#2209 = EDGE_CURVE('',#2210,#2202,#2212,.T.);
#2210 = VERTEX_POINT('',#2211);
#2211 = CARTESIAN_POINT('',(23.923099517822,-0.780360996723,-12.5));
#2212 = LINE('',#2213,#2214);
#2213 = CARTESIAN_POINT('',(23.923099517822,-0.780360996723,-12.5));
#2214 = VECTOR('',#2215,1.);
#2215 = DIRECTION('',(9.806972322519E-02,0.995179546306,0.));
#2216 = ORIENTED_EDGE('',*,*,#2217,.T.);
#2217 = EDGE_CURVE('',#2210,#2218,#2220,.T.);
#2218 = VERTEX_POINT('',#2219);
#2219 = CARTESIAN_POINT('',(23.695499420166,-1.530730009079,-12.5));
#2220 = LINE('',#2221,#2222);
#2221 = CARTESIAN_POINT('',(23.923099517822,-0.780360996723,-12.5));
#2222 = VECTOR('',#2223,1.);
#2223 = DIRECTION('',(-0.290259155507,-0.956948077298,0.));
#2224 = ORIENTED_EDGE('',*,*,#2225,.T.);
#2225 = EDGE_CURVE('',#2218,#2226,#2228,.T.);
#2226 = VERTEX_POINT('',#2227);
#2227 = CARTESIAN_POINT('',(23.325899124146,-2.222280025482,-12.5));
#2228 = LINE('',#2229,#2230);
#2229 = CARTESIAN_POINT('',(23.695499420166,-1.530730009079,-12.5));
#2230 = VECTOR('',#2231,1.);
#2231 = DIRECTION('',(-0.471356177907,-0.881942942343,0.));
#2232 = ORIENTED_EDGE('',*,*,#2233,.F.);
#2233 = EDGE_CURVE('',#2234,#2226,#2236,.T.);
#2234 = VERTEX_POINT('',#2235);
#2235 = CARTESIAN_POINT('',(22.828399658203,-2.828429937363,-12.5));
#2236 = LINE('',#2237,#2238);
#2237 = CARTESIAN_POINT('',(22.828399658203,-2.828429937363,-12.5));
#2238 = VECTOR('',#2239,1.);
#2239 = DIRECTION('',(0.634427641922,0.772982255402,0.));
#2240 = ORIENTED_EDGE('',*,*,#2241,.T.);
#2241 = EDGE_CURVE('',#2234,#2242,#2244,.T.);
#2242 = VERTEX_POINT('',#2243);
#2243 = CARTESIAN_POINT('',(22.222299575806,-3.325880050659,-12.5));
#2244 = LINE('',#2245,#2246);
#2245 = CARTESIAN_POINT('',(22.828399658203,-2.828429937363,-12.5));
#2246 = VECTOR('',#2247,1.);
#2247 = DIRECTION('',(-0.772987543361,-0.634421199054,0.));
#2248 = ORIENTED_EDGE('',*,*,#2249,.T.);
#2249 = EDGE_CURVE('',#2242,#2250,#2252,.T.);
#2250 = VERTEX_POINT('',#2251);
#2251 = CARTESIAN_POINT('',(21.530700683594,-3.695519924164,-12.5));
#2252 = LINE('',#2253,#2254);
#2253 = CARTESIAN_POINT('',(22.222299575806,-3.325880050659,-12.5));
#2254 = VECTOR('',#2255,1.);
#2255 = DIRECTION('',(-0.881935809131,-0.471369524442,0.));
#2256 = ORIENTED_EDGE('',*,*,#2257,.T.);
#2257 = EDGE_CURVE('',#2250,#2258,#2260,.T.);
#2258 = VERTEX_POINT('',#2259);
#2259 = CARTESIAN_POINT('',(20.78039932251,-3.923140048981,-12.5));
#2260 = LINE('',#2261,#2262);
#2261 = CARTESIAN_POINT('',(21.530700683594,-3.695519924164,-12.5));
#2262 = VECTOR('',#2263,1.);
#2263 = DIRECTION('',(-0.956933712009,-0.290306511845,0.));
#2264 = ORIENTED_EDGE('',*,*,#2265,.T.);
#2265 = EDGE_CURVE('',#2258,#2266,#2268,.T.);
#2266 = VERTEX_POINT('',#2267);
#2267 = CARTESIAN_POINT('',(20.,-4.,-12.5));
#2268 = LINE('',#2269,#2270);
#2269 = CARTESIAN_POINT('',(20.78039932251,-3.923140048981,-12.5));
#2270 = VECTOR('',#2271,1.);
#2271 = DIRECTION('',(-0.99518505922,-9.80137638521E-02,0.));
#2272 = ORIENTED_EDGE('',*,*,#2273,.F.);
#2273 = EDGE_CURVE('',#2274,#2266,#2276,.T.);
#2274 = VERTEX_POINT('',#2275);
#2275 = CARTESIAN_POINT('',(19.21960067749,-3.923140048981,-12.5));
#2276 = LINE('',#2277,#2278);
#2277 = CARTESIAN_POINT('',(19.21960067749,-3.923140048981,-12.5));
#2278 = VECTOR('',#2279,1.);
#2279 = DIRECTION('',(0.99518505922,-9.80137638521E-02,0.));
#2280 = ORIENTED_EDGE('',*,*,#2281,.T.);
#2281 = EDGE_CURVE('',#2274,#2282,#2284,.T.);
#2282 = VERTEX_POINT('',#2283);
#2283 = CARTESIAN_POINT('',(18.469299316406,-3.695519924164,-12.5));
#2284 = LINE('',#2285,#2286);
#2285 = CARTESIAN_POINT('',(19.21960067749,-3.923140048981,-12.5));
#2286 = VECTOR('',#2287,1.);
#2287 = DIRECTION('',(-0.956933712009,0.290306511845,0.));
#2288 = ORIENTED_EDGE('',*,*,#2289,.F.);
#2289 = EDGE_CURVE('',#2290,#2282,#2292,.T.);
#2290 = VERTEX_POINT('',#2291);
#2291 = CARTESIAN_POINT('',(17.777700424194,-3.325880050659,-12.5));
#2292 = LINE('',#2293,#2294);
#2293 = CARTESIAN_POINT('',(17.777700424194,-3.325880050659,-12.5));
#2294 = VECTOR('',#2295,1.);
#2295 = DIRECTION('',(0.881935809131,-0.471369524442,0.));
#2296 = ORIENTED_EDGE('',*,*,#2297,.T.);
#2297 = EDGE_CURVE('',#2290,#2298,#2300,.T.);
#2298 = VERTEX_POINT('',#2299);
#2299 = CARTESIAN_POINT('',(17.171600341797,-2.828429937363,-12.5));
#2300 = LINE('',#2301,#2302);
#2301 = CARTESIAN_POINT('',(17.777700424194,-3.325880050659,-12.5));
#2302 = VECTOR('',#2303,1.);
#2303 = DIRECTION('',(-0.772987543361,0.634421199054,0.));
#2304 = ORIENTED_EDGE('',*,*,#2305,.T.);
#2305 = EDGE_CURVE('',#2298,#2306,#2308,.T.);
#2306 = VERTEX_POINT('',#2307);
#2307 = CARTESIAN_POINT('',(16.674100875854,-2.222280025482,-12.5));
#2308 = LINE('',#2309,#2310);
#2309 = CARTESIAN_POINT('',(17.171600341797,-2.828429937363,-12.5));
#2310 = VECTOR('',#2311,1.);
#2311 = DIRECTION('',(-0.634427641922,0.772982255402,0.));
#2312 = ORIENTED_EDGE('',*,*,#2313,.T.);
#2313 = EDGE_CURVE('',#2306,#2314,#2316,.T.);
#2314 = VERTEX_POINT('',#2315);
#2315 = CARTESIAN_POINT('',(16.304500579834,-1.530730009079,-12.5));
#2316 = LINE('',#2317,#2318);
#2317 = CARTESIAN_POINT('',(16.674100875854,-2.222280025482,-12.5));
#2318 = VECTOR('',#2319,1.);
#2319 = DIRECTION('',(-0.471356177907,0.881942942343,0.));
#2320 = ORIENTED_EDGE('',*,*,#2321,.T.);
#2321 = EDGE_CURVE('',#2314,#2322,#2324,.T.);
#2322 = VERTEX_POINT('',#2323);
#2323 = CARTESIAN_POINT('',(16.076900482178,-0.780360996723,-12.5));
#2324 = LINE('',#2325,#2326);
#2325 = CARTESIAN_POINT('',(16.304500579834,-1.530730009079,-12.5));
#2326 = VECTOR('',#2327,1.);
#2327 = DIRECTION('',(-0.290259155507,0.956948077298,0.));
#2328 = ORIENTED_EDGE('',*,*,#2329,.T.);
#2329 = EDGE_CURVE('',#2322,#2330,#2332,.T.);
#2330 = VERTEX_POINT('',#2331);
#2331 = CARTESIAN_POINT('',(16.,0.,-12.5));
#2332 = LINE('',#2333,#2334);
#2333 = CARTESIAN_POINT('',(16.076900482178,-0.780360996723,-12.5));
#2334 = VECTOR('',#2335,1.);
#2335 = DIRECTION('',(-9.806972322519E-02,0.995179546306,0.));
#2336 = ORIENTED_EDGE('',*,*,#2337,.T.);
#2337 = EDGE_CURVE('',#2330,#2115,#2338,.T.);
#2338 = LINE('',#2339,#2340);
#2339 = CARTESIAN_POINT('',(16.,0.,-12.5));
#2340 = VECTOR('',#2341,1.);
#2341 = DIRECTION('',(9.806972322519E-02,0.995179546306,0.));
#2342 = FACE_BOUND('',#2343,.F.);
#2343 = EDGE_LOOP('',(#2344,#2354,#2362,#2370,#2378,#2386,#2394,#2402,
    #2410,#2418,#2426,#2434,#2442,#2450,#2458,#2466));
#2344 = ORIENTED_EDGE('',*,*,#2345,.T.);
#2345 = EDGE_CURVE('',#2346,#2348,#2350,.T.);
#2346 = VERTEX_POINT('',#2347);
#2347 = CARTESIAN_POINT('',(18.521799087524,0.61229300499,-12.5));
#2348 = VERTEX_POINT('',#2349);
#2349 = CARTESIAN_POINT('',(18.39999961853,0.,-12.5));
#2350 = LINE('',#2351,#2352);
#2351 = CARTESIAN_POINT('',(18.521799087524,0.61229300499,-12.5));
#2352 = VECTOR('',#2353,1.);
#2353 = DIRECTION('',(-0.195100827306,-0.980783190713,0.));
#2354 = ORIENTED_EDGE('',*,*,#2355,.T.);
#2355 = EDGE_CURVE('',#2348,#2356,#2358,.T.);
#2356 = VERTEX_POINT('',#2357);
#2357 = CARTESIAN_POINT('',(18.521799087524,-0.61229300499,-12.5));
#2358 = LINE('',#2359,#2360);
#2359 = CARTESIAN_POINT('',(18.39999961853,0.,-12.5));
#2360 = VECTOR('',#2361,1.);
#2361 = DIRECTION('',(0.195100827306,-0.980783190713,0.));
#2362 = ORIENTED_EDGE('',*,*,#2363,.T.);
#2363 = EDGE_CURVE('',#2356,#2364,#2366,.T.);
#2364 = VERTEX_POINT('',#2365);
#2365 = CARTESIAN_POINT('',(18.868600845337,-1.131369948387,-12.5));
#2366 = LINE('',#2367,#2368);
#2367 = CARTESIAN_POINT('',(18.521799087524,-0.61229300499,-12.5));
#2368 = VECTOR('',#2369,1.);
#2369 = DIRECTION('',(0.555532172781,-0.831495042081,0.));
#2370 = ORIENTED_EDGE('',*,*,#2371,.T.);
#2371 = EDGE_CURVE('',#2364,#2372,#2374,.T.);
#2372 = VERTEX_POINT('',#2373);
#2373 = CARTESIAN_POINT('',(19.387699127197,-1.478209972382,-12.5));
#2374 = LINE('',#2375,#2376);
#2375 = CARTESIAN_POINT('',(18.868600845337,-1.131369948387,-12.5));
#2376 = VECTOR('',#2377,1.);
#2377 = DIRECTION('',(0.831477277024,-0.555558761782,0.));
#2378 = ORIENTED_EDGE('',*,*,#2379,.T.);
#2379 = EDGE_CURVE('',#2372,#2380,#2382,.T.);
#2380 = VERTEX_POINT('',#2381);
#2381 = CARTESIAN_POINT('',(20.,-1.600000023842,-12.5));
#2382 = LINE('',#2383,#2384);
#2383 = CARTESIAN_POINT('',(19.387699127197,-1.478209972382,-12.5));
#2384 = VECTOR('',#2385,1.);
#2385 = DIRECTION('',(0.980786556829,-0.19508390488,0.));
#2386 = ORIENTED_EDGE('',*,*,#2387,.T.);
#2387 = EDGE_CURVE('',#2380,#2388,#2390,.T.);
#2388 = VERTEX_POINT('',#2389);
#2389 = CARTESIAN_POINT('',(20.612300872803,-1.478209972382,-12.5));
#2390 = LINE('',#2391,#2392);
#2391 = CARTESIAN_POINT('',(20.,-1.600000023842,-12.5));
#2392 = VECTOR('',#2393,1.);
#2393 = DIRECTION('',(0.980786556829,0.19508390488,0.));
#2394 = ORIENTED_EDGE('',*,*,#2395,.T.);
#2395 = EDGE_CURVE('',#2388,#2396,#2398,.T.);
#2396 = VERTEX_POINT('',#2397);
#2397 = CARTESIAN_POINT('',(21.131399154663,-1.131369948387,-12.5));
#2398 = LINE('',#2399,#2400);
#2399 = CARTESIAN_POINT('',(20.612300872803,-1.478209972382,-12.5));
#2400 = VECTOR('',#2401,1.);
#2401 = DIRECTION('',(0.831477277024,0.555558761782,0.));
#2402 = ORIENTED_EDGE('',*,*,#2403,.T.);
#2403 = EDGE_CURVE('',#2396,#2404,#2406,.T.);
#2404 = VERTEX_POINT('',#2405);
#2405 = CARTESIAN_POINT('',(21.478200912476,-0.61229300499,-12.5));
#2406 = LINE('',#2407,#2408);
#2407 = CARTESIAN_POINT('',(21.131399154663,-1.131369948387,-12.5));
#2408 = VECTOR('',#2409,1.);
#2409 = DIRECTION('',(0.555532172781,0.831495042081,0.));
#2410 = ORIENTED_EDGE('',*,*,#2411,.T.);
#2411 = EDGE_CURVE('',#2404,#2412,#2414,.T.);
#2412 = VERTEX_POINT('',#2413);
#2413 = CARTESIAN_POINT('',(21.60000038147,0.,-12.5));
#2414 = LINE('',#2415,#2416);
#2415 = CARTESIAN_POINT('',(21.478200912476,-0.61229300499,-12.5));
#2416 = VECTOR('',#2417,1.);
#2417 = DIRECTION('',(0.195100827306,0.980783190713,0.));
#2418 = ORIENTED_EDGE('',*,*,#2419,.T.);
#2419 = EDGE_CURVE('',#2412,#2420,#2422,.T.);
#2420 = VERTEX_POINT('',#2421);
#2421 = CARTESIAN_POINT('',(21.478200912476,0.61229300499,-12.5));
#2422 = LINE('',#2423,#2424);
#2423 = CARTESIAN_POINT('',(21.60000038147,0.,-12.5));
#2424 = VECTOR('',#2425,1.);
#2425 = DIRECTION('',(-0.195100827306,0.980783190713,0.));
#2426 = ORIENTED_EDGE('',*,*,#2427,.T.);
#2427 = EDGE_CURVE('',#2420,#2428,#2430,.T.);
#2428 = VERTEX_POINT('',#2429);
#2429 = CARTESIAN_POINT('',(21.131399154663,1.131369948387,-12.5));
#2430 = LINE('',#2431,#2432);
#2431 = CARTESIAN_POINT('',(21.478200912476,0.61229300499,-12.5));
#2432 = VECTOR('',#2433,1.);
#2433 = DIRECTION('',(-0.555532172781,0.831495042081,0.));
#2434 = ORIENTED_EDGE('',*,*,#2435,.T.);
#2435 = EDGE_CURVE('',#2428,#2436,#2438,.T.);
#2436 = VERTEX_POINT('',#2437);
#2437 = CARTESIAN_POINT('',(20.612300872803,1.478209972382,-12.5));
#2438 = LINE('',#2439,#2440);
#2439 = CARTESIAN_POINT('',(21.131399154663,1.131369948387,-12.5));
#2440 = VECTOR('',#2441,1.);
#2441 = DIRECTION('',(-0.831477277024,0.555558761782,0.));
#2442 = ORIENTED_EDGE('',*,*,#2443,.T.);
#2443 = EDGE_CURVE('',#2436,#2444,#2446,.T.);
#2444 = VERTEX_POINT('',#2445);
#2445 = CARTESIAN_POINT('',(20.,1.600000023842,-12.5));
#2446 = LINE('',#2447,#2448);
#2447 = CARTESIAN_POINT('',(20.612300872803,1.478209972382,-12.5));
#2448 = VECTOR('',#2449,1.);
#2449 = DIRECTION('',(-0.980786556829,0.19508390488,0.));
#2450 = ORIENTED_EDGE('',*,*,#2451,.T.);
#2451 = EDGE_CURVE('',#2444,#2452,#2454,.T.);
#2452 = VERTEX_POINT('',#2453);
#2453 = CARTESIAN_POINT('',(19.387699127197,1.478209972382,-12.5));
#2454 = LINE('',#2455,#2456);
#2455 = CARTESIAN_POINT('',(20.,1.600000023842,-12.5));
#2456 = VECTOR('',#2457,1.);
#2457 = DIRECTION('',(-0.980786556829,-0.19508390488,0.));
#2458 = ORIENTED_EDGE('',*,*,#2459,.T.);
#2459 = EDGE_CURVE('',#2452,#2460,#2462,.T.);
#2460 = VERTEX_POINT('',#2461);
#2461 = CARTESIAN_POINT('',(18.868600845337,1.131369948387,-12.5));
#2462 = LINE('',#2463,#2464);
#2463 = CARTESIAN_POINT('',(19.387699127197,1.478209972382,-12.5));
#2464 = VECTOR('',#2465,1.);
#2465 = DIRECTION('',(-0.831477277024,-0.555558761782,0.));
#2466 = ORIENTED_EDGE('',*,*,#2467,.T.);
#2467 = EDGE_CURVE('',#2460,#2346,#2468,.T.);
#2468 = LINE('',#2469,#2470);
#2469 = CARTESIAN_POINT('',(18.868600845337,1.131369948387,-12.5));
#2470 = VECTOR('',#2471,1.);
#2471 = DIRECTION('',(-0.555532172781,-0.831495042081,0.));
#2472 = PLANE('',#2473);
#2473 = AXIS2_PLACEMENT_3D('',#2474,#2475,#2476);
#2474 = CARTESIAN_POINT('',(20.,-9.512779256022E-17,-12.5));
#2475 = DIRECTION('',(-0.,-0.,-1.));
#2476 = DIRECTION('',(-1.,0.,0.));
#2477 = ADVANCED_FACE('',(#2478),#2494,.F.);
#2478 = FACE_BOUND('',#2479,.F.);
#2479 = EDGE_LOOP('',(#2480,#2481,#2487,#2488));
#2480 = ORIENTED_EDGE('',*,*,#1821,.T.);
#2481 = ORIENTED_EDGE('',*,*,#2482,.T.);
#2482 = EDGE_CURVE('',#1814,#2148,#2483,.T.);
#2483 = LINE('',#2484,#2485);
#2484 = CARTESIAN_POINT('',(19.21960067749,3.923140048981,-7.5));
#2485 = VECTOR('',#2486,1.);
#2486 = DIRECTION('',(0.,0.,-1.));
#2487 = ORIENTED_EDGE('',*,*,#2147,.T.);
#2488 = ORIENTED_EDGE('',*,*,#2489,.T.);
#2489 = EDGE_CURVE('',#2140,#1822,#2490,.T.);
#2490 = LINE('',#2491,#2492);
#2491 = CARTESIAN_POINT('',(18.469299316406,3.695519924164,-12.5));
#2492 = VECTOR('',#2493,1.);
#2493 = DIRECTION('',(0.,0.,1.));
#2494 = PLANE('',#2495);
#2495 = AXIS2_PLACEMENT_3D('',#2496,#2497,#2498);
#2496 = CARTESIAN_POINT('',(18.844449996948,3.809329986572,-10.));
#2497 = DIRECTION('',(-0.290306511845,0.956933712009,0.));
#2498 = DIRECTION('',(0.956933712009,0.290306511845,0.));
#2499 = ADVANCED_FACE('',(#2500),#2511,.F.);
#2500 = FACE_BOUND('',#2501,.F.);
#2501 = EDGE_LOOP('',(#2502,#2503,#2504,#2505));
#2502 = ORIENTED_EDGE('',*,*,#1805,.T.);
#2503 = ORIENTED_EDGE('',*,*,#2100,.T.);
#2504 = ORIENTED_EDGE('',*,*,#2163,.T.);
#2505 = ORIENTED_EDGE('',*,*,#2506,.T.);
#2506 = EDGE_CURVE('',#2156,#1806,#2507,.T.);
#2507 = LINE('',#2508,#2509);
#2508 = CARTESIAN_POINT('',(20.,4.,-12.5));
#2509 = VECTOR('',#2510,1.);
#2510 = DIRECTION('',(0.,0.,1.));
#2511 = PLANE('',#2512);
#2512 = AXIS2_PLACEMENT_3D('',#2513,#2514,#2515);
#2513 = CARTESIAN_POINT('',(20.390199661255,3.96157002449,-10.));
#2514 = DIRECTION('',(9.80137638521E-02,0.99518505922,0.));
#2515 = DIRECTION('',(0.99518505922,-9.80137638521E-02,0.));
#2516 = ADVANCED_FACE('',(#2517),#2533,.F.);
#2517 = FACE_BOUND('',#2518,.F.);
#2518 = EDGE_LOOP('',(#2519,#2525,#2526,#2532));
#2519 = ORIENTED_EDGE('',*,*,#2520,.T.);
#2520 = EDGE_CURVE('',#2226,#1718,#2521,.T.);
#2521 = LINE('',#2522,#2523);
#2522 = CARTESIAN_POINT('',(23.325899124146,-2.222280025482,-12.5));
#2523 = VECTOR('',#2524,1.);
#2524 = DIRECTION('',(0.,0.,1.));
#2525 = ORIENTED_EDGE('',*,*,#1717,.T.);
#2526 = ORIENTED_EDGE('',*,*,#2527,.T.);
#2527 = EDGE_CURVE('',#1710,#2234,#2528,.T.);
#2528 = LINE('',#2529,#2530);
#2529 = CARTESIAN_POINT('',(22.828399658203,-2.828429937363,-7.5));
#2530 = VECTOR('',#2531,1.);
#2531 = DIRECTION('',(0.,0.,-1.));
#2532 = ORIENTED_EDGE('',*,*,#2233,.T.);
#2533 = PLANE('',#2534);
#2534 = AXIS2_PLACEMENT_3D('',#2535,#2536,#2537);
#2535 = CARTESIAN_POINT('',(23.077149391174,-2.525354981422,-10.));
#2536 = DIRECTION('',(0.772982255402,-0.634427641922,0.));
#2537 = DIRECTION('',(0.634427641922,0.772982255402,0.));
#2538 = ADVANCED_FACE('',(#2539),#2550,.F.);
#2539 = FACE_BOUND('',#2540,.F.);
#2540 = EDGE_LOOP('',(#2541,#2542,#2543,#2549));
#2541 = ORIENTED_EDGE('',*,*,#2030,.T.);
#2542 = ORIENTED_EDGE('',*,*,#1765,.T.);
#2543 = ORIENTED_EDGE('',*,*,#2544,.F.);
#2544 = EDGE_CURVE('',#2186,#1758,#2545,.T.);
#2545 = LINE('',#2546,#2547);
#2546 = CARTESIAN_POINT('',(23.695499420166,1.530730009079,-12.5));
#2547 = VECTOR('',#2548,1.);
#2548 = DIRECTION('',(0.,0.,1.));
#2549 = ORIENTED_EDGE('',*,*,#2185,.T.);
#2550 = PLANE('',#2551);
#2551 = AXIS2_PLACEMENT_3D('',#2552,#2553,#2554);
#2552 = CARTESIAN_POINT('',(23.510699272156,1.876505017281,-10.));
#2553 = DIRECTION('',(0.881942942343,0.471356177907,0.));
#2554 = DIRECTION('',(-0.471356177907,0.881942942343,0.));
#2555 = ADVANCED_FACE('',(#2556),#2567,.F.);
#2556 = FACE_BOUND('',#2557,.F.);
#2557 = EDGE_LOOP('',(#2558,#2559,#2560,#2566));
#2558 = ORIENTED_EDGE('',*,*,#2544,.T.);
#2559 = ORIENTED_EDGE('',*,*,#1757,.T.);
#2560 = ORIENTED_EDGE('',*,*,#2561,.T.);
#2561 = EDGE_CURVE('',#1750,#2194,#2562,.T.);
#2562 = LINE('',#2563,#2564);
#2563 = CARTESIAN_POINT('',(23.923099517822,0.780360996723,-7.5));
#2564 = VECTOR('',#2565,1.);
#2565 = DIRECTION('',(0.,0.,-1.));
#2566 = ORIENTED_EDGE('',*,*,#2193,.T.);
#2567 = PLANE('',#2568);
#2568 = AXIS2_PLACEMENT_3D('',#2569,#2570,#2571);
#2569 = CARTESIAN_POINT('',(23.809299468994,1.155545502901,-10.));
#2570 = DIRECTION('',(0.956948077298,0.290259155507,0.));
#2571 = DIRECTION('',(-0.290259155507,0.956948077298,0.));
#2572 = ADVANCED_FACE('',(#2573),#2584,.F.);
#2573 = FACE_BOUND('',#2574,.F.);
#2574 = EDGE_LOOP('',(#2575,#2576,#2577,#2583));
#2575 = ORIENTED_EDGE('',*,*,#2561,.F.);
#2576 = ORIENTED_EDGE('',*,*,#1749,.T.);
#2577 = ORIENTED_EDGE('',*,*,#2578,.T.);
#2578 = EDGE_CURVE('',#1742,#2202,#2579,.T.);
#2579 = LINE('',#2580,#2581);
#2580 = CARTESIAN_POINT('',(24.,0.,-7.5));
#2581 = VECTOR('',#2582,1.);
#2582 = DIRECTION('',(0.,0.,-1.));
#2583 = ORIENTED_EDGE('',*,*,#2201,.T.);
#2584 = PLANE('',#2585);
#2585 = AXIS2_PLACEMENT_3D('',#2586,#2587,#2588);
#2586 = CARTESIAN_POINT('',(23.961549758911,0.390180498362,-10.));
#2587 = DIRECTION('',(0.995179546306,9.806972322519E-02,0.));
#2588 = DIRECTION('',(-9.806972322519E-02,0.995179546306,0.));
#2589 = ADVANCED_FACE('',(#2590),#2601,.F.);
#2590 = FACE_BOUND('',#2591,.F.);
#2591 = EDGE_LOOP('',(#2592,#2593,#2594,#2600));
#2592 = ORIENTED_EDGE('',*,*,#2578,.F.);
#2593 = ORIENTED_EDGE('',*,*,#1741,.T.);
#2594 = ORIENTED_EDGE('',*,*,#2595,.T.);
#2595 = EDGE_CURVE('',#1734,#2210,#2596,.T.);
#2596 = LINE('',#2597,#2598);
#2597 = CARTESIAN_POINT('',(23.923099517822,-0.780360996723,-7.5));
#2598 = VECTOR('',#2599,1.);
#2599 = DIRECTION('',(0.,0.,-1.));
#2600 = ORIENTED_EDGE('',*,*,#2209,.T.);
#2601 = PLANE('',#2602);
#2602 = AXIS2_PLACEMENT_3D('',#2603,#2604,#2605);
#2603 = CARTESIAN_POINT('',(23.961549758911,-0.390180498362,-10.));
#2604 = DIRECTION('',(0.995179546306,-9.806972322519E-02,0.));
#2605 = DIRECTION('',(9.806972322519E-02,0.995179546306,0.));
#2606 = ADVANCED_FACE('',(#2607),#2623,.F.);
#2607 = FACE_BOUND('',#2608,.F.);
#2608 = EDGE_LOOP('',(#2609,#2610,#2616,#2617));
#2609 = ORIENTED_EDGE('',*,*,#1677,.T.);
#2610 = ORIENTED_EDGE('',*,*,#2611,.T.);
#2611 = EDGE_CURVE('',#1670,#2274,#2612,.T.);
#2612 = LINE('',#2613,#2614);
#2613 = CARTESIAN_POINT('',(19.21960067749,-3.923140048981,-7.5));
#2614 = VECTOR('',#2615,1.);
#2615 = DIRECTION('',(0.,0.,-1.));
#2616 = ORIENTED_EDGE('',*,*,#2273,.T.);
#2617 = ORIENTED_EDGE('',*,*,#2618,.T.);
#2618 = EDGE_CURVE('',#2266,#1678,#2619,.T.);
#2619 = LINE('',#2620,#2621);
#2620 = CARTESIAN_POINT('',(20.,-4.,-12.5));
#2621 = VECTOR('',#2622,1.);
#2622 = DIRECTION('',(0.,0.,1.));
#2623 = PLANE('',#2624);
#2624 = AXIS2_PLACEMENT_3D('',#2625,#2626,#2627);
#2625 = CARTESIAN_POINT('',(19.609800338745,-3.96157002449,-10.));
#2626 = DIRECTION('',(-9.80137638521E-02,-0.99518505922,-0.));
#2627 = DIRECTION('',(-0.99518505922,9.80137638521E-02,0.));
#2628 = ADVANCED_FACE('',(#2629),#2645,.F.);
#2629 = FACE_BOUND('',#2630,.F.);
#2630 = EDGE_LOOP('',(#2631,#2632,#2638,#2639));
#2631 = ORIENTED_EDGE('',*,*,#1661,.T.);
#2632 = ORIENTED_EDGE('',*,*,#2633,.T.);
#2633 = EDGE_CURVE('',#1654,#2290,#2634,.T.);
#2634 = LINE('',#2635,#2636);
#2635 = CARTESIAN_POINT('',(17.777700424194,-3.325880050659,-7.5));
#2636 = VECTOR('',#2637,1.);
#2637 = DIRECTION('',(0.,0.,-1.));
#2638 = ORIENTED_EDGE('',*,*,#2289,.T.);
#2639 = ORIENTED_EDGE('',*,*,#2640,.T.);
#2640 = EDGE_CURVE('',#2282,#1662,#2641,.T.);
#2641 = LINE('',#2642,#2643);
#2642 = CARTESIAN_POINT('',(18.469299316406,-3.695519924164,-12.5));
#2643 = VECTOR('',#2644,1.);
#2644 = DIRECTION('',(0.,0.,1.));
#2645 = PLANE('',#2646);
#2646 = AXIS2_PLACEMENT_3D('',#2647,#2648,#2649);
#2647 = CARTESIAN_POINT('',(18.1234998703,-3.510699987411,-10.));
#2648 = DIRECTION('',(-0.471369524442,-0.881935809131,-0.));
#2649 = DIRECTION('',(-0.881935809131,0.471369524442,0.));
#2650 = ADVANCED_FACE('',(#2651),#2667,.F.);
#2651 = FACE_BOUND('',#2652,.F.);
#2652 = EDGE_LOOP('',(#2653,#2659,#2660,#2666));
#2653 = ORIENTED_EDGE('',*,*,#2654,.T.);
#2654 = EDGE_CURVE('',#1628,#2314,#2655,.T.);
#2655 = LINE('',#2656,#2657);
#2656 = CARTESIAN_POINT('',(16.304500579834,-1.530730009079,-7.5));
#2657 = VECTOR('',#2658,1.);
#2658 = DIRECTION('',(0.,0.,-1.));
#2659 = ORIENTED_EDGE('',*,*,#2313,.F.);
#2660 = ORIENTED_EDGE('',*,*,#2661,.T.);
#2661 = EDGE_CURVE('',#2306,#1638,#2662,.T.);
#2662 = LINE('',#2663,#2664);
#2663 = CARTESIAN_POINT('',(16.674100875854,-2.222280025482,-12.5));
#2664 = VECTOR('',#2665,1.);
#2665 = DIRECTION('',(0.,0.,1.));
#2666 = ORIENTED_EDGE('',*,*,#1637,.T.);
#2667 = PLANE('',#2668);
#2668 = AXIS2_PLACEMENT_3D('',#2669,#2670,#2671);
#2669 = CARTESIAN_POINT('',(16.489300727844,-1.876505017281,-10.));
#2670 = DIRECTION('',(-0.881942942343,-0.471356177907,-0.));
#2671 = DIRECTION('',(0.471356177907,-0.881942942343,0.));
#2672 = ADVANCED_FACE('',(#2673),#2684,.F.);
#2673 = FACE_BOUND('',#2674,.F.);
#2674 = EDGE_LOOP('',(#2675,#2676,#2677,#2678));
#2675 = ORIENTED_EDGE('',*,*,#1685,.T.);
#2676 = ORIENTED_EDGE('',*,*,#2618,.F.);
#2677 = ORIENTED_EDGE('',*,*,#2265,.F.);
#2678 = ORIENTED_EDGE('',*,*,#2679,.T.);
#2679 = EDGE_CURVE('',#2258,#1686,#2680,.T.);
#2680 = LINE('',#2681,#2682);
#2681 = CARTESIAN_POINT('',(20.78039932251,-3.923140048981,-12.5));
#2682 = VECTOR('',#2683,1.);
#2683 = DIRECTION('',(0.,0.,1.));
#2684 = PLANE('',#2685);
#2685 = AXIS2_PLACEMENT_3D('',#2686,#2687,#2688);
#2686 = CARTESIAN_POINT('',(20.390199661255,-3.96157002449,-10.));
#2687 = DIRECTION('',(9.80137638521E-02,-0.99518505922,-0.));
#2688 = DIRECTION('',(-0.99518505922,-9.80137638521E-02,0.));
#2689 = ADVANCED_FACE('',(#2690),#2701,.F.);
#2690 = FACE_BOUND('',#2691,.F.);
#2691 = EDGE_LOOP('',(#2692,#2693,#2694,#2700));
#2692 = ORIENTED_EDGE('',*,*,#2595,.F.);
#2693 = ORIENTED_EDGE('',*,*,#1733,.T.);
#2694 = ORIENTED_EDGE('',*,*,#2695,.T.);
#2695 = EDGE_CURVE('',#1726,#2218,#2696,.T.);
#2696 = LINE('',#2697,#2698);
#2697 = CARTESIAN_POINT('',(23.695499420166,-1.530730009079,-7.5));
#2698 = VECTOR('',#2699,1.);
#2699 = DIRECTION('',(0.,0.,-1.));
#2700 = ORIENTED_EDGE('',*,*,#2217,.F.);
#2701 = PLANE('',#2702);
#2702 = AXIS2_PLACEMENT_3D('',#2703,#2704,#2705);
#2703 = CARTESIAN_POINT('',(23.809299468994,-1.155545502901,-10.));
#2704 = DIRECTION('',(0.956948077298,-0.290259155507,0.));
#2705 = DIRECTION('',(0.290259155507,0.956948077298,0.));
#2706 = ADVANCED_FACE('',(#2707),#2718,.F.);
#2707 = FACE_BOUND('',#2708,.F.);
#2708 = EDGE_LOOP('',(#2709,#2710,#2711,#2712));
#2709 = ORIENTED_EDGE('',*,*,#1693,.T.);
#2710 = ORIENTED_EDGE('',*,*,#2679,.F.);
#2711 = ORIENTED_EDGE('',*,*,#2257,.F.);
#2712 = ORIENTED_EDGE('',*,*,#2713,.T.);
#2713 = EDGE_CURVE('',#2250,#1694,#2714,.T.);
#2714 = LINE('',#2715,#2716);
#2715 = CARTESIAN_POINT('',(21.530700683594,-3.695519924164,-12.5));
#2716 = VECTOR('',#2717,1.);
#2717 = DIRECTION('',(0.,0.,1.));
#2718 = PLANE('',#2719);
#2719 = AXIS2_PLACEMENT_3D('',#2720,#2721,#2722);
#2720 = CARTESIAN_POINT('',(21.155550003052,-3.809329986572,-10.));
#2721 = DIRECTION('',(0.290306511845,-0.956933712009,-0.));
#2722 = DIRECTION('',(-0.956933712009,-0.290306511845,0.));
#2723 = ADVANCED_FACE('',(#2724),#2730,.F.);
#2724 = FACE_BOUND('',#2725,.F.);
#2725 = EDGE_LOOP('',(#2726,#2727,#2728,#2729));
#2726 = ORIENTED_EDGE('',*,*,#1669,.T.);
#2727 = ORIENTED_EDGE('',*,*,#2640,.F.);
#2728 = ORIENTED_EDGE('',*,*,#2281,.F.);
#2729 = ORIENTED_EDGE('',*,*,#2611,.F.);
#2730 = PLANE('',#2731);
#2731 = AXIS2_PLACEMENT_3D('',#2732,#2733,#2734);
#2732 = CARTESIAN_POINT('',(18.844449996948,-3.809329986572,-10.));
#2733 = DIRECTION('',(-0.290306511845,-0.956933712009,-0.));
#2734 = DIRECTION('',(-0.956933712009,0.290306511845,0.));
#2735 = ADVANCED_FACE('',(#2736),#2742,.F.);
#2736 = FACE_BOUND('',#2737,.F.);
#2737 = EDGE_LOOP('',(#2738,#2739,#2740,#2741));
#2738 = ORIENTED_EDGE('',*,*,#1829,.T.);
#2739 = ORIENTED_EDGE('',*,*,#2489,.F.);
#2740 = ORIENTED_EDGE('',*,*,#2139,.F.);
#2741 = ORIENTED_EDGE('',*,*,#2053,.F.);
#2742 = PLANE('',#2743);
#2743 = AXIS2_PLACEMENT_3D('',#2744,#2745,#2746);
#2744 = CARTESIAN_POINT('',(18.1234998703,3.510699987411,-10.));
#2745 = DIRECTION('',(-0.471369524442,0.881935809131,0.));
#2746 = DIRECTION('',(0.881935809131,0.471369524442,0.));
#2747 = ADVANCED_FACE('',(#2748),#2759,.F.);
#2748 = FACE_BOUND('',#2749,.F.);
#2749 = EDGE_LOOP('',(#2750,#2751,#2752,#2753));
#2750 = ORIENTED_EDGE('',*,*,#1701,.T.);
#2751 = ORIENTED_EDGE('',*,*,#2713,.F.);
#2752 = ORIENTED_EDGE('',*,*,#2249,.F.);
#2753 = ORIENTED_EDGE('',*,*,#2754,.T.);
#2754 = EDGE_CURVE('',#2242,#1702,#2755,.T.);
#2755 = LINE('',#2756,#2757);
#2756 = CARTESIAN_POINT('',(22.222299575806,-3.325880050659,-12.5));
#2757 = VECTOR('',#2758,1.);
#2758 = DIRECTION('',(0.,0.,1.));
#2759 = PLANE('',#2760);
#2760 = AXIS2_PLACEMENT_3D('',#2761,#2762,#2763);
#2761 = CARTESIAN_POINT('',(21.8765001297,-3.510699987411,-10.));
#2762 = DIRECTION('',(0.471369524442,-0.881935809131,-0.));
#2763 = DIRECTION('',(-0.881935809131,-0.471369524442,0.));
#2764 = ADVANCED_FACE('',(#2765),#2781,.F.);
#2765 = FACE_BOUND('',#2766,.F.);
#2766 = EDGE_LOOP('',(#2767,#2773,#2774,#2780));
#2767 = ORIENTED_EDGE('',*,*,#2768,.T.);
#2768 = EDGE_CURVE('',#1854,#2117,#2769,.T.);
#2769 = LINE('',#2770,#2771);
#2770 = CARTESIAN_POINT('',(16.304500579834,1.530730009079,-7.5));
#2771 = VECTOR('',#2772,1.);
#2772 = DIRECTION('',(0.,0.,-1.));
#2773 = ORIENTED_EDGE('',*,*,#2114,.F.);
#2774 = ORIENTED_EDGE('',*,*,#2775,.T.);
#2775 = EDGE_CURVE('',#2115,#1862,#2776,.T.);
#2776 = LINE('',#2777,#2778);
#2777 = CARTESIAN_POINT('',(16.076900482178,0.780360996723,-12.5));
#2778 = VECTOR('',#2779,1.);
#2779 = DIRECTION('',(0.,0.,1.));
#2780 = ORIENTED_EDGE('',*,*,#1861,.T.);
#2781 = PLANE('',#2782);
#2782 = AXIS2_PLACEMENT_3D('',#2783,#2784,#2785);
#2783 = CARTESIAN_POINT('',(16.190700531006,1.155545502901,-10.));
#2784 = DIRECTION('',(-0.956948077298,0.290259155507,-0.));
#2785 = DIRECTION('',(-0.290259155507,-0.956948077298,0.));
#2786 = ADVANCED_FACE('',(#2787),#2793,.F.);
#2787 = FACE_BOUND('',#2788,.F.);
#2788 = EDGE_LOOP('',(#2789,#2790,#2791,#2792));
#2789 = ORIENTED_EDGE('',*,*,#1813,.T.);
#2790 = ORIENTED_EDGE('',*,*,#2506,.F.);
#2791 = ORIENTED_EDGE('',*,*,#2155,.F.);
#2792 = ORIENTED_EDGE('',*,*,#2482,.F.);
#2793 = PLANE('',#2794);
#2794 = AXIS2_PLACEMENT_3D('',#2795,#2796,#2797);
#2795 = CARTESIAN_POINT('',(19.609800338745,3.96157002449,-10.));
#2796 = DIRECTION('',(-9.80137638521E-02,0.99518505922,0.));
#2797 = DIRECTION('',(0.99518505922,9.80137638521E-02,0.));
#2798 = ADVANCED_FACE('',(#2799),#2805,.F.);
#2799 = FACE_BOUND('',#2800,.F.);
#2800 = EDGE_LOOP('',(#2801,#2802,#2803,#2804));
#2801 = ORIENTED_EDGE('',*,*,#2695,.F.);
#2802 = ORIENTED_EDGE('',*,*,#1725,.T.);
#2803 = ORIENTED_EDGE('',*,*,#2520,.F.);
#2804 = ORIENTED_EDGE('',*,*,#2225,.F.);
#2805 = PLANE('',#2806);
#2806 = AXIS2_PLACEMENT_3D('',#2807,#2808,#2809);
#2807 = CARTESIAN_POINT('',(23.510699272156,-1.876505017281,-10.));
#2808 = DIRECTION('',(0.881942942343,-0.471356177907,0.));
#2809 = DIRECTION('',(0.471356177907,0.881942942343,0.));
#2810 = ADVANCED_FACE('',(#2811),#2822,.F.);
#2811 = FACE_BOUND('',#2812,.F.);
#2812 = EDGE_LOOP('',(#2813,#2814,#2815,#2816));
#2813 = ORIENTED_EDGE('',*,*,#1781,.T.);
#2814 = ORIENTED_EDGE('',*,*,#2021,.F.);
#2815 = ORIENTED_EDGE('',*,*,#2178,.F.);
#2816 = ORIENTED_EDGE('',*,*,#2817,.T.);
#2817 = EDGE_CURVE('',#2171,#1782,#2818,.T.);
#2818 = LINE('',#2819,#2820);
#2819 = CARTESIAN_POINT('',(22.222299575806,3.325880050659,-12.5));
#2820 = VECTOR('',#2821,1.);
#2821 = DIRECTION('',(0.,0.,1.));
#2822 = PLANE('',#2823);
#2823 = AXIS2_PLACEMENT_3D('',#2824,#2825,#2826);
#2824 = CARTESIAN_POINT('',(22.525349617004,3.077154994011,-10.));
#2825 = DIRECTION('',(0.634421199054,0.772987543361,0.));
#2826 = DIRECTION('',(0.772987543361,-0.634421199054,0.));
#2827 = ADVANCED_FACE('',(#2828),#2834,.F.);
#2828 = FACE_BOUND('',#2829,.F.);
#2829 = EDGE_LOOP('',(#2830,#2831,#2832,#2833));
#2830 = ORIENTED_EDGE('',*,*,#1709,.T.);
#2831 = ORIENTED_EDGE('',*,*,#2754,.F.);
#2832 = ORIENTED_EDGE('',*,*,#2241,.F.);
#2833 = ORIENTED_EDGE('',*,*,#2527,.F.);
#2834 = PLANE('',#2835);
#2835 = AXIS2_PLACEMENT_3D('',#2836,#2837,#2838);
#2836 = CARTESIAN_POINT('',(22.525349617004,-3.077154994011,-10.));
#2837 = DIRECTION('',(0.634421199054,-0.772987543361,-0.));
#2838 = DIRECTION('',(-0.772987543361,-0.634421199054,0.));
#2839 = ADVANCED_FACE('',(#2840),#2846,.F.);
#2840 = FACE_BOUND('',#2841,.F.);
#2841 = EDGE_LOOP('',(#2842,#2843,#2844,#2845));
#2842 = ORIENTED_EDGE('',*,*,#1789,.T.);
#2843 = ORIENTED_EDGE('',*,*,#2817,.F.);
#2844 = ORIENTED_EDGE('',*,*,#2170,.F.);
#2845 = ORIENTED_EDGE('',*,*,#2084,.F.);
#2846 = PLANE('',#2847);
#2847 = AXIS2_PLACEMENT_3D('',#2848,#2849,#2850);
#2848 = CARTESIAN_POINT('',(21.8765001297,3.510699987411,-10.));
#2849 = DIRECTION('',(0.471369524442,0.881935809131,0.));
#2850 = DIRECTION('',(0.881935809131,-0.471369524442,0.));
#2851 = ADVANCED_FACE('',(#2852),#2863,.F.);
#2852 = FACE_BOUND('',#2853,.F.);
#2853 = EDGE_LOOP('',(#2854,#2860,#2861,#2862));
#2854 = ORIENTED_EDGE('',*,*,#2855,.T.);
#2855 = EDGE_CURVE('',#1630,#2322,#2856,.T.);
#2856 = LINE('',#2857,#2858);
#2857 = CARTESIAN_POINT('',(16.076900482178,-0.780360996723,-7.5));
#2858 = VECTOR('',#2859,1.);
#2859 = DIRECTION('',(0.,0.,-1.));
#2860 = ORIENTED_EDGE('',*,*,#2321,.F.);
#2861 = ORIENTED_EDGE('',*,*,#2654,.F.);
#2862 = ORIENTED_EDGE('',*,*,#1627,.T.);
#2863 = PLANE('',#2864);
#2864 = AXIS2_PLACEMENT_3D('',#2865,#2866,#2867);
#2865 = CARTESIAN_POINT('',(16.190700531006,-1.155545502901,-10.));
#2866 = DIRECTION('',(-0.956948077298,-0.290259155507,-0.));
#2867 = DIRECTION('',(0.290259155507,-0.956948077298,0.));
#2868 = ADVANCED_FACE('',(#2869),#2880,.F.);
#2869 = FACE_BOUND('',#2870,.F.);
#2870 = EDGE_LOOP('',(#2871,#2877,#2878,#2879));
#2871 = ORIENTED_EDGE('',*,*,#2872,.T.);
#2872 = EDGE_CURVE('',#1846,#2125,#2873,.T.);
#2873 = LINE('',#2874,#2875);
#2874 = CARTESIAN_POINT('',(16.674100875854,2.222280025482,-7.5));
#2875 = VECTOR('',#2876,1.);
#2876 = DIRECTION('',(0.,0.,-1.));
#2877 = ORIENTED_EDGE('',*,*,#2124,.F.);
#2878 = ORIENTED_EDGE('',*,*,#2768,.F.);
#2879 = ORIENTED_EDGE('',*,*,#1853,.T.);
#2880 = PLANE('',#2881);
#2881 = AXIS2_PLACEMENT_3D('',#2882,#2883,#2884);
#2882 = CARTESIAN_POINT('',(16.489300727844,1.876505017281,-10.));
#2883 = DIRECTION('',(-0.881942942343,0.471356177907,-0.));
#2884 = DIRECTION('',(-0.471356177907,-0.881942942343,0.));
#2885 = ADVANCED_FACE('',(#2886),#2892,.F.);
#2886 = FACE_BOUND('',#2887,.F.);
#2887 = EDGE_LOOP('',(#2888,#2889,#2890,#2891));
#2888 = ORIENTED_EDGE('',*,*,#2069,.F.);
#2889 = ORIENTED_EDGE('',*,*,#2132,.F.);
#2890 = ORIENTED_EDGE('',*,*,#2872,.F.);
#2891 = ORIENTED_EDGE('',*,*,#1845,.T.);
#2892 = PLANE('',#2893);
#2893 = AXIS2_PLACEMENT_3D('',#2894,#2895,#2896);
#2894 = CARTESIAN_POINT('',(16.922850608826,2.525354981422,-10.));
#2895 = DIRECTION('',(-0.772982255402,0.634427641922,-0.));
#2896 = DIRECTION('',(-0.634427641922,-0.772982255402,0.));
#2897 = ADVANCED_FACE('',(#2898),#2909,.F.);
#2898 = FACE_BOUND('',#2899,.F.);
#2899 = EDGE_LOOP('',(#2900,#2901,#2902,#2908));
#2900 = ORIENTED_EDGE('',*,*,#2661,.F.);
#2901 = ORIENTED_EDGE('',*,*,#2305,.F.);
#2902 = ORIENTED_EDGE('',*,*,#2903,.T.);
#2903 = EDGE_CURVE('',#2298,#1646,#2904,.T.);
#2904 = LINE('',#2905,#2906);
#2905 = CARTESIAN_POINT('',(17.171600341797,-2.828429937363,-12.5));
#2906 = VECTOR('',#2907,1.);
#2907 = DIRECTION('',(0.,0.,1.));
#2908 = ORIENTED_EDGE('',*,*,#1645,.T.);
#2909 = PLANE('',#2910);
#2910 = AXIS2_PLACEMENT_3D('',#2911,#2912,#2913);
#2911 = CARTESIAN_POINT('',(16.922850608826,-2.525354981422,-10.));
#2912 = DIRECTION('',(-0.772982255402,-0.634427641922,-0.));
#2913 = DIRECTION('',(0.634427641922,-0.772982255402,0.));
#2914 = ADVANCED_FACE('',(#2915),#2921,.F.);
#2915 = FACE_BOUND('',#2916,.F.);
#2916 = EDGE_LOOP('',(#2917,#2918,#2919,#2920));
#2917 = ORIENTED_EDGE('',*,*,#1653,.T.);
#2918 = ORIENTED_EDGE('',*,*,#2903,.F.);
#2919 = ORIENTED_EDGE('',*,*,#2297,.F.);
#2920 = ORIENTED_EDGE('',*,*,#2633,.F.);
#2921 = PLANE('',#2922);
#2922 = AXIS2_PLACEMENT_3D('',#2923,#2924,#2925);
#2923 = CARTESIAN_POINT('',(17.474650382996,-3.077154994011,-10.));
#2924 = DIRECTION('',(-0.634421199054,-0.772987543361,-0.));
#2925 = DIRECTION('',(-0.772987543361,0.634421199054,0.));
#2926 = ADVANCED_FACE('',(#2927),#2938,.F.);
#2927 = FACE_BOUND('',#2928,.F.);
#2928 = EDGE_LOOP('',(#2929,#2935,#2936,#2937));
#2929 = ORIENTED_EDGE('',*,*,#2930,.T.);
#2930 = EDGE_CURVE('',#1870,#2330,#2931,.T.);
#2931 = LINE('',#2932,#2933);
#2932 = CARTESIAN_POINT('',(16.,0.,-7.5));
#2933 = VECTOR('',#2934,1.);
#2934 = DIRECTION('',(0.,0.,-1.));
#2935 = ORIENTED_EDGE('',*,*,#2329,.F.);
#2936 = ORIENTED_EDGE('',*,*,#2855,.F.);
#2937 = ORIENTED_EDGE('',*,*,#1877,.T.);
#2938 = PLANE('',#2939);
#2939 = AXIS2_PLACEMENT_3D('',#2940,#2941,#2942);
#2940 = CARTESIAN_POINT('',(16.038450241089,-0.390180498362,-10.));
#2941 = DIRECTION('',(-0.995179546306,-9.806972322519E-02,-0.));
#2942 = DIRECTION('',(9.806972322519E-02,-0.995179546306,0.));
#2943 = ADVANCED_FACE('',(#2944),#2950,.F.);
#2944 = FACE_BOUND('',#2945,.F.);
#2945 = EDGE_LOOP('',(#2946,#2947,#2948,#2949));
#2946 = ORIENTED_EDGE('',*,*,#2775,.F.);
#2947 = ORIENTED_EDGE('',*,*,#2337,.F.);
#2948 = ORIENTED_EDGE('',*,*,#2930,.F.);
#2949 = ORIENTED_EDGE('',*,*,#1869,.T.);
#2950 = PLANE('',#2951);
#2951 = AXIS2_PLACEMENT_3D('',#2952,#2953,#2954);
#2952 = CARTESIAN_POINT('',(16.038450241089,0.390180498362,-10.));
#2953 = DIRECTION('',(-0.995179546306,9.806972322519E-02,-0.));
#2954 = DIRECTION('',(-9.806972322519E-02,-0.995179546306,0.));
#2955 = ADVANCED_FACE('',(#2956),#2972,.F.);
#2956 = FACE_BOUND('',#2957,.F.);
#2957 = EDGE_LOOP('',(#2958,#2964,#2965,#2971));
#2958 = ORIENTED_EDGE('',*,*,#2959,.T.);
#2959 = EDGE_CURVE('',#2460,#1904,#2960,.T.);
#2960 = LINE('',#2961,#2962);
#2961 = CARTESIAN_POINT('',(18.868600845337,1.131369948387,-12.5));
#2962 = VECTOR('',#2963,1.);
#2963 = DIRECTION('',(0.,0.,1.));
#2964 = ORIENTED_EDGE('',*,*,#1903,.F.);
#2965 = ORIENTED_EDGE('',*,*,#2966,.T.);
#2966 = EDGE_CURVE('',#1896,#2346,#2967,.T.);
#2967 = LINE('',#2968,#2969);
#2968 = CARTESIAN_POINT('',(18.521799087524,0.61229300499,-7.5));
#2969 = VECTOR('',#2970,1.);
#2970 = DIRECTION('',(0.,0.,-1.));
#2971 = ORIENTED_EDGE('',*,*,#2467,.F.);
#2972 = PLANE('',#2973);
#2973 = AXIS2_PLACEMENT_3D('',#2974,#2975,#2976);
#2974 = CARTESIAN_POINT('',(18.695199966431,0.871831476688,-10.));
#2975 = DIRECTION('',(0.831495042081,-0.555532172781,0.));
#2976 = DIRECTION('',(0.555532172781,0.831495042081,0.));
#2977 = ADVANCED_FACE('',(#2978),#2994,.F.);
#2978 = FACE_BOUND('',#2979,.F.);
#2979 = EDGE_LOOP('',(#2980,#2986,#2987,#2993));
#2980 = ORIENTED_EDGE('',*,*,#2981,.T.);
#2981 = EDGE_CURVE('',#1936,#2428,#2982,.T.);
#2982 = LINE('',#2983,#2984);
#2983 = CARTESIAN_POINT('',(21.131399154663,1.131369948387,-7.5));
#2984 = VECTOR('',#2985,1.);
#2985 = DIRECTION('',(0.,0.,-1.));
#2986 = ORIENTED_EDGE('',*,*,#2427,.F.);
#2987 = ORIENTED_EDGE('',*,*,#2988,.T.);
#2988 = EDGE_CURVE('',#2420,#1944,#2989,.T.);
#2989 = LINE('',#2990,#2991);
#2990 = CARTESIAN_POINT('',(21.478200912476,0.61229300499,-12.5));
#2991 = VECTOR('',#2992,1.);
#2992 = DIRECTION('',(0.,0.,1.));
#2993 = ORIENTED_EDGE('',*,*,#1943,.F.);
#2994 = PLANE('',#2995);
#2995 = AXIS2_PLACEMENT_3D('',#2996,#2997,#2998);
#2996 = CARTESIAN_POINT('',(21.304800033569,0.871831476688,-10.));
#2997 = DIRECTION('',(-0.831495042081,-0.555532172781,-0.));
#2998 = DIRECTION('',(0.555532172781,-0.831495042081,0.));
#2999 = ADVANCED_FACE('',(#3000),#3011,.F.);
#3000 = FACE_BOUND('',#3001,.F.);
#3001 = EDGE_LOOP('',(#3002,#3003,#3004,#3010));
#3002 = ORIENTED_EDGE('',*,*,#2988,.F.);
#3003 = ORIENTED_EDGE('',*,*,#2419,.F.);
#3004 = ORIENTED_EDGE('',*,*,#3005,.T.);
#3005 = EDGE_CURVE('',#2412,#1952,#3006,.T.);
#3006 = LINE('',#3007,#3008);
#3007 = CARTESIAN_POINT('',(21.60000038147,0.,-12.5));
#3008 = VECTOR('',#3009,1.);
#3009 = DIRECTION('',(0.,0.,1.));
#3010 = ORIENTED_EDGE('',*,*,#1951,.F.);
#3011 = PLANE('',#3012);
#3012 = AXIS2_PLACEMENT_3D('',#3013,#3014,#3015);
#3013 = CARTESIAN_POINT('',(21.539100646973,0.306146502495,-10.));
#3014 = DIRECTION('',(-0.980783190713,-0.195100827306,-0.));
#3015 = DIRECTION('',(0.195100827306,-0.980783190713,0.));
#3016 = ADVANCED_FACE('',(#3017),#3028,.F.);
#3017 = FACE_BOUND('',#3018,.F.);
#3018 = EDGE_LOOP('',(#3019,#3020,#3026,#3027));
#3019 = ORIENTED_EDGE('',*,*,#1935,.F.);
#3020 = ORIENTED_EDGE('',*,*,#3021,.T.);
#3021 = EDGE_CURVE('',#1928,#2436,#3022,.T.);
#3022 = LINE('',#3023,#3024);
#3023 = CARTESIAN_POINT('',(20.612300872803,1.478209972382,-7.5));
#3024 = VECTOR('',#3025,1.);
#3025 = DIRECTION('',(0.,0.,-1.));
#3026 = ORIENTED_EDGE('',*,*,#2435,.F.);
#3027 = ORIENTED_EDGE('',*,*,#2981,.F.);
#3028 = PLANE('',#3029);
#3029 = AXIS2_PLACEMENT_3D('',#3030,#3031,#3032);
#3030 = CARTESIAN_POINT('',(20.871850013733,1.304789960384,-10.));
#3031 = DIRECTION('',(-0.555558761782,-0.831477277024,-0.));
#3032 = DIRECTION('',(-0.831477277024,0.555558761782,0.));
#3033 = ADVANCED_FACE('',(#3034),#3050,.F.);
#3034 = FACE_BOUND('',#3035,.F.);
#3035 = EDGE_LOOP('',(#3036,#3042,#3043,#3049));
#3036 = ORIENTED_EDGE('',*,*,#3037,.T.);
#3037 = EDGE_CURVE('',#1960,#2404,#3038,.T.);
#3038 = LINE('',#3039,#3040);
#3039 = CARTESIAN_POINT('',(21.478200912476,-0.61229300499,-7.5));
#3040 = VECTOR('',#3041,1.);
#3041 = DIRECTION('',(0.,0.,-1.));
#3042 = ORIENTED_EDGE('',*,*,#2403,.F.);
#3043 = ORIENTED_EDGE('',*,*,#3044,.T.);
#3044 = EDGE_CURVE('',#2396,#1968,#3045,.T.);
#3045 = LINE('',#3046,#3047);
#3046 = CARTESIAN_POINT('',(21.131399154663,-1.131369948387,-12.5));
#3047 = VECTOR('',#3048,1.);
#3048 = DIRECTION('',(0.,0.,1.));
#3049 = ORIENTED_EDGE('',*,*,#1967,.F.);
#3050 = PLANE('',#3051);
#3051 = AXIS2_PLACEMENT_3D('',#3052,#3053,#3054);
#3052 = CARTESIAN_POINT('',(21.304800033569,-0.871831476688,-10.));
#3053 = DIRECTION('',(-0.831495042081,0.555532172781,-0.));
#3054 = DIRECTION('',(-0.555532172781,-0.831495042081,0.));
#3055 = ADVANCED_FACE('',(#3056),#3072,.F.);
#3056 = FACE_BOUND('',#3057,.F.);
#3057 = EDGE_LOOP('',(#3058,#3059,#3065,#3066));
#3058 = ORIENTED_EDGE('',*,*,#1983,.F.);
#3059 = ORIENTED_EDGE('',*,*,#3060,.T.);
#3060 = EDGE_CURVE('',#1976,#2388,#3061,.T.);
#3061 = LINE('',#3062,#3063);
#3062 = CARTESIAN_POINT('',(20.612300872803,-1.478209972382,-7.5));
#3063 = VECTOR('',#3064,1.);
#3064 = DIRECTION('',(0.,0.,-1.));
#3065 = ORIENTED_EDGE('',*,*,#2387,.F.);
#3066 = ORIENTED_EDGE('',*,*,#3067,.T.);
#3067 = EDGE_CURVE('',#2380,#1984,#3068,.T.);
#3068 = LINE('',#3069,#3070);
#3069 = CARTESIAN_POINT('',(20.,-1.600000023842,-12.5));
#3070 = VECTOR('',#3071,1.);
#3071 = DIRECTION('',(0.,0.,1.));
#3072 = PLANE('',#3073);
#3073 = AXIS2_PLACEMENT_3D('',#3074,#3075,#3076);
#3074 = CARTESIAN_POINT('',(20.306150436401,-1.539104998112,-10.));
#3075 = DIRECTION('',(-0.19508390488,0.980786556829,0.));
#3076 = DIRECTION('',(0.980786556829,0.19508390488,0.));
#3077 = ADVANCED_FACE('',(#3078),#3089,.F.);
#3078 = FACE_BOUND('',#3079,.F.);
#3079 = EDGE_LOOP('',(#3080,#3081,#3087,#3088));
#3080 = ORIENTED_EDGE('',*,*,#1927,.F.);
#3081 = ORIENTED_EDGE('',*,*,#3082,.T.);
#3082 = EDGE_CURVE('',#1920,#2444,#3083,.T.);
#3083 = LINE('',#3084,#3085);
#3084 = CARTESIAN_POINT('',(20.,1.600000023842,-7.5));
#3085 = VECTOR('',#3086,1.);
#3086 = DIRECTION('',(0.,0.,-1.));
#3087 = ORIENTED_EDGE('',*,*,#2443,.F.);
#3088 = ORIENTED_EDGE('',*,*,#3021,.F.);
#3089 = PLANE('',#3090);
#3090 = AXIS2_PLACEMENT_3D('',#3091,#3092,#3093);
#3091 = CARTESIAN_POINT('',(20.306150436401,1.539104998112,-10.));
#3092 = DIRECTION('',(-0.19508390488,-0.980786556829,-0.));
#3093 = DIRECTION('',(-0.980786556829,0.19508390488,0.));
#3094 = ADVANCED_FACE('',(#3095),#3101,.F.);
#3095 = FACE_BOUND('',#3096,.F.);
#3096 = EDGE_LOOP('',(#3097,#3098,#3099,#3100));
#3097 = ORIENTED_EDGE('',*,*,#3005,.F.);
#3098 = ORIENTED_EDGE('',*,*,#2411,.F.);
#3099 = ORIENTED_EDGE('',*,*,#3037,.F.);
#3100 = ORIENTED_EDGE('',*,*,#1959,.F.);
#3101 = PLANE('',#3102);
#3102 = AXIS2_PLACEMENT_3D('',#3103,#3104,#3105);
#3103 = CARTESIAN_POINT('',(21.539100646973,-0.306146502495,-10.));
#3104 = DIRECTION('',(-0.980783190713,0.195100827306,-0.));
#3105 = DIRECTION('',(-0.195100827306,-0.980783190713,0.));
#3106 = ADVANCED_FACE('',(#3107),#3118,.F.);
#3107 = FACE_BOUND('',#3108,.F.);
#3108 = EDGE_LOOP('',(#3109,#3110,#3111,#3112));
#3109 = ORIENTED_EDGE('',*,*,#1911,.F.);
#3110 = ORIENTED_EDGE('',*,*,#2959,.F.);
#3111 = ORIENTED_EDGE('',*,*,#2459,.F.);
#3112 = ORIENTED_EDGE('',*,*,#3113,.T.);
#3113 = EDGE_CURVE('',#2452,#1912,#3114,.T.);
#3114 = LINE('',#3115,#3116);
#3115 = CARTESIAN_POINT('',(19.387699127197,1.478209972382,-12.5));
#3116 = VECTOR('',#3117,1.);
#3117 = DIRECTION('',(0.,0.,1.));
#3118 = PLANE('',#3119);
#3119 = AXIS2_PLACEMENT_3D('',#3120,#3121,#3122);
#3120 = CARTESIAN_POINT('',(19.128149986267,1.304789960384,-10.));
#3121 = DIRECTION('',(0.555558761782,-0.831477277024,-0.));
#3122 = DIRECTION('',(-0.831477277024,-0.555558761782,0.));
#3123 = ADVANCED_FACE('',(#3124),#3140,.F.);
#3124 = FACE_BOUND('',#3125,.F.);
#3125 = EDGE_LOOP('',(#3126,#3132,#3133,#3139));
#3126 = ORIENTED_EDGE('',*,*,#3127,.T.);
#3127 = EDGE_CURVE('',#2356,#1886,#3128,.T.);
#3128 = LINE('',#3129,#3130);
#3129 = CARTESIAN_POINT('',(18.521799087524,-0.61229300499,-12.5));
#3130 = VECTOR('',#3131,1.);
#3131 = DIRECTION('',(0.,0.,1.));
#3132 = ORIENTED_EDGE('',*,*,#2007,.F.);
#3133 = ORIENTED_EDGE('',*,*,#3134,.T.);
#3134 = EDGE_CURVE('',#2000,#2364,#3135,.T.);
#3135 = LINE('',#3136,#3137);
#3136 = CARTESIAN_POINT('',(18.868600845337,-1.131369948387,-7.5));
#3137 = VECTOR('',#3138,1.);
#3138 = DIRECTION('',(0.,0.,-1.));
#3139 = ORIENTED_EDGE('',*,*,#2363,.F.);
#3140 = PLANE('',#3141);
#3141 = AXIS2_PLACEMENT_3D('',#3142,#3143,#3144);
#3142 = CARTESIAN_POINT('',(18.695199966431,-0.871831476688,-10.));
#3143 = DIRECTION('',(0.831495042081,0.555532172781,0.));
#3144 = DIRECTION('',(-0.555532172781,0.831495042081,0.));
#3145 = ADVANCED_FACE('',(#3146),#3157,.F.);
#3146 = FACE_BOUND('',#3147,.F.);
#3147 = EDGE_LOOP('',(#3148,#3149,#3150,#3151));
#3148 = ORIENTED_EDGE('',*,*,#1991,.F.);
#3149 = ORIENTED_EDGE('',*,*,#3067,.F.);
#3150 = ORIENTED_EDGE('',*,*,#2379,.F.);
#3151 = ORIENTED_EDGE('',*,*,#3152,.T.);
#3152 = EDGE_CURVE('',#2372,#1992,#3153,.T.);
#3153 = LINE('',#3154,#3155);
#3154 = CARTESIAN_POINT('',(19.387699127197,-1.478209972382,-12.5));
#3155 = VECTOR('',#3156,1.);
#3156 = DIRECTION('',(0.,0.,1.));
#3157 = PLANE('',#3158);
#3158 = AXIS2_PLACEMENT_3D('',#3159,#3160,#3161);
#3159 = CARTESIAN_POINT('',(19.693849563599,-1.539104998112,-10.));
#3160 = DIRECTION('',(0.19508390488,0.980786556829,0.));
#3161 = DIRECTION('',(0.980786556829,-0.19508390488,0.));
#3162 = ADVANCED_FACE('',(#3163),#3174,.F.);
#3163 = FACE_BOUND('',#3164,.F.);
#3164 = EDGE_LOOP('',(#3165,#3166,#3167,#3173));
#3165 = ORIENTED_EDGE('',*,*,#2966,.F.);
#3166 = ORIENTED_EDGE('',*,*,#1895,.F.);
#3167 = ORIENTED_EDGE('',*,*,#3168,.T.);
#3168 = EDGE_CURVE('',#1888,#2348,#3169,.T.);
#3169 = LINE('',#3170,#3171);
#3170 = CARTESIAN_POINT('',(18.39999961853,0.,-7.5));
#3171 = VECTOR('',#3172,1.);
#3172 = DIRECTION('',(0.,0.,-1.));
#3173 = ORIENTED_EDGE('',*,*,#2345,.F.);
#3174 = PLANE('',#3175);
#3175 = AXIS2_PLACEMENT_3D('',#3176,#3177,#3178);
#3176 = CARTESIAN_POINT('',(18.460899353027,0.306146502495,-10.));
#3177 = DIRECTION('',(0.980783190713,-0.195100827306,0.));
#3178 = DIRECTION('',(0.195100827306,0.980783190713,0.));
#3179 = ADVANCED_FACE('',(#3180),#3186,.F.);
#3180 = FACE_BOUND('',#3181,.F.);
#3181 = EDGE_LOOP('',(#3182,#3183,#3184,#3185));
#3182 = ORIENTED_EDGE('',*,*,#1975,.F.);
#3183 = ORIENTED_EDGE('',*,*,#3044,.F.);
#3184 = ORIENTED_EDGE('',*,*,#2395,.F.);
#3185 = ORIENTED_EDGE('',*,*,#3060,.F.);
#3186 = PLANE('',#3187);
#3187 = AXIS2_PLACEMENT_3D('',#3188,#3189,#3190);
#3188 = CARTESIAN_POINT('',(20.871850013733,-1.304789960384,-10.));
#3189 = DIRECTION('',(-0.555558761782,0.831477277024,0.));
#3190 = DIRECTION('',(0.831477277024,0.555558761782,0.));
#3191 = ADVANCED_FACE('',(#3192),#3198,.F.);
#3192 = FACE_BOUND('',#3193,.F.);
#3193 = EDGE_LOOP('',(#3194,#3195,#3196,#3197));
#3194 = ORIENTED_EDGE('',*,*,#1919,.F.);
#3195 = ORIENTED_EDGE('',*,*,#3113,.F.);
#3196 = ORIENTED_EDGE('',*,*,#2451,.F.);
#3197 = ORIENTED_EDGE('',*,*,#3082,.F.);
#3198 = PLANE('',#3199);
#3199 = AXIS2_PLACEMENT_3D('',#3200,#3201,#3202);
#3200 = CARTESIAN_POINT('',(19.693849563599,1.539104998112,-10.));
#3201 = DIRECTION('',(0.19508390488,-0.980786556829,-0.));
#3202 = DIRECTION('',(-0.980786556829,-0.19508390488,0.));
#3203 = ADVANCED_FACE('',(#3204),#3210,.F.);
#3204 = FACE_BOUND('',#3205,.F.);
#3205 = EDGE_LOOP('',(#3206,#3207,#3208,#3209));
#3206 = ORIENTED_EDGE('',*,*,#3168,.F.);
#3207 = ORIENTED_EDGE('',*,*,#1885,.F.);
#3208 = ORIENTED_EDGE('',*,*,#3127,.F.);
#3209 = ORIENTED_EDGE('',*,*,#2355,.F.);
#3210 = PLANE('',#3211);
#3211 = AXIS2_PLACEMENT_3D('',#3212,#3213,#3214);
#3212 = CARTESIAN_POINT('',(18.460899353027,-0.306146502495,-10.));
#3213 = DIRECTION('',(0.980783190713,0.195100827306,0.));
#3214 = DIRECTION('',(-0.195100827306,0.980783190713,0.));
#3215 = ADVANCED_FACE('',(#3216),#3222,.F.);
#3216 = FACE_BOUND('',#3217,.F.);
#3217 = EDGE_LOOP('',(#3218,#3219,#3220,#3221));
#3218 = ORIENTED_EDGE('',*,*,#1999,.F.);
#3219 = ORIENTED_EDGE('',*,*,#3152,.F.);
#3220 = ORIENTED_EDGE('',*,*,#2371,.F.);
#3221 = ORIENTED_EDGE('',*,*,#3134,.F.);
#3222 = PLANE('',#3223);
#3223 = AXIS2_PLACEMENT_3D('',#3224,#3225,#3226);
#3224 = CARTESIAN_POINT('',(19.128149986267,-1.304789960384,-10.));
#3225 = DIRECTION('',(0.555558761782,0.831477277024,0.));
#3226 = DIRECTION('',(0.831477277024,-0.555558761782,0.));
#3227 = ORIENTED_CLOSED_SHELL('',*,#3228,.F.);
#3228 = CLOSED_SHELL('',(#3229,#3261,#3284,#3307,#3330,#3353,#3376,#3399
    ,#3422,#3445,#3468,#3491,#3523,#3546,#3569,#3590,#3613,#3636,#3659,
    #3682,#3705,#3721,#3744,#3767,#3790,#3813,#3836,#3859,#3882,#3905,
    #3928,#3951,#3974,#3997,#4020,#4043,#4066,#4087,#4103,#4134,#4165,
    #4196,#4227,#4258,#4289,#4313,#4344,#4375,#4406,#4437,#4468,#4499,
    #4530,#4561,#5018,#5049,#5079,#5095,#5118,#5141,#5164,#5187,#5210,
    #5233,#5256,#5288,#5311,#5334,#5357,#5380,#5403,#5426,#5449,#5472,
    #5495,#5516,#5532,#5555,#5578,#5601,#5624,#5647,#5670,#5693,#5714,
    #5737,#5760,#5783,#5806,#5829,#5852,#5875,#5891,#5907,#5938,#5969,
    #6000,#6031,#6062,#6093,#6117,#6148,#6188,#6709,#6741,#6764,#6787,
    #6810,#6833,#6863,#6886,#6916,#6939,#6962,#6985,#7008,#7031,#7054,
    #7077,#7100,#7123,#7146,#7169,#7201,#7224,#7247,#7270,#7291,#7314,
    #7344,#7360,#7376,#7399,#7422,#7445,#7468,#7491,#7514,#7537,#7560,
    #7581,#7597,#7613,#7634,#7657,#7678,#7689,#7710,#7726,#7749,#7770,
    #7786,#7809,#7830,#7853,#7864,#7880,#7903,#7924,#7940,#7963,#7984,
    #8005,#8016,#8027,#8050,#8066,#8082,#8105,#8126,#8147,#8158,#8189,
    #8220,#8244,#8268,#8292,#8323,#8347,#8371,#8402,#8433,#8464,#8488,
    #8512,#8543,#8574,#8598,#8615,#8632,#8656,#8687,#8718,#8749,#8780,
    #8811,#8835,#8866,#8897,#8928,#8952,#8983,#9007,#9038,#9062,#9086,
    #9110,#9141,#9633,#9664,#9688,#9719,#9750,#9781,#9805,#9836,#9867,
    #9898,#9929,#9953,#9984,#10008,#10032,#10063,#10087,#10118,#10149,
    #10180,#10211,#10235,#10259,#10290,#10321,#10345,#10376,#10793,
    #10824,#11337,#11368,#11881,#11903,#11925,#11942,#11982,#12495,
    #12526,#12550,#12581,#12612,#12636,#12667,#12699,#12722,#12754,
    #12775,#12796,#12812,#12835,#12856,#12877,#12900,#12916,#12932,
    #12955,#12978,#13001,#13017,#13040,#13063,#13084,#13107,#13130,
    #13153,#13176,#13199,#13215,#13231,#13261,#13277,#13293,#13316,
    #13339,#13362,#13385,#13401,#13424,#13447,#13468,#13489,#13505,
    #13516,#13532,#13555,#13578,#13594,#13610,#13633,#13656,#13679,
    #13695,#13706,#13729,#13752,#13768,#13789,#13805,#13826,#13842,
    #13865,#13888,#13911,#13932,#13953,#13969,#13985,#13996,#14017,
    #14033,#14044,#14075,#14099,#14123,#14154,#14178,#14202,#14226,
    #14257,#14288,#14305,#14322,#14339,#14361,#14383,#14405,#14427,
    #14449,#14466,#14488,#14510,#14532,#14549,#14571,#14588,#14610,
    #14627,#14644,#14661,#14683,#14700,#14722,#14744,#14761,#14783,
    #14805,#14822,#14844,#14866,#14883,#14905,#14922,#14944,#14966,
    #14988,#15005,#15027,#15049,#15066,#15083,#15095,#15112,#15129,
    #15151,#15163,#15175,#15192,#15204,#15216,#15228,#15240,#15252,
    #15264,#15281,#15293,#15305,#15322,#15339,#15356,#15373,#15390,
    #15407,#15424,#15441,#15463,#15485,#15497,#15509,#15526,#15543,
    #15555,#15567,#15579,#15591,#15603,#15615,#15632,#15649,#15666,
    #15683,#15695,#15707,#15729,#15751,#15763,#15775,#15792,#15809,
    #15821,#15833,#15845,#15857,#15869,#15881,#15898,#15922,#15946,
    #15963,#15987,#16011,#16023,#16040,#16057,#16074,#16098,#16122,
    #16134,#16151,#16168,#16180,#16197,#16214,#16231,#16255,#16279,
    #16291,#16308,#16325,#16337,#16354,#16371,#16383,#16400,#16417,
    #16429,#16446,#16463,#16475,#16492,#16509,#16521,#16538,#16555,
    #16567,#16584,#16601,#16613,#16630,#16647,#16678,#16702,#16726,
    #16738,#16762,#16779,#16799,#16831,#16843,#16855,#16872,#16884,
    #16896,#16913,#16925,#16937,#16949,#16966,#16983,#17014,#17045,
    #17062,#17079,#17096,#17113,#17130,#17147,#17171,#17195,#17212,
    #17229,#17246,#17263,#17280,#17297,#17618,#17640,#17657,#17679,
    #17696,#17713,#17730,#17747,#17764,#17781,#17798,#17815,#17832,
    #17849,#17866,#17883,#17900,#17917,#17934,#17951,#17968,#17985,
    #18002,#18019,#18036,#18053,#18070,#18087,#18104,#18121,#18138,
    #18150,#18162,#18193,#18217,#18241,#18272,#18289,#18320,#18344,
    #18368,#18392,#18416,#18440,#18464,#18495,#18519,#18536,#18553,
    #18570,#18587,#18604,#18621,#18695,#18719,#18743,#18930,#18947,
    #18971,#18993,#19024,#19041,#19065,#19082,#19094,#19111,#19123,
    #19277,#19299,#19321,#19343,#19365,#19382,#19399,#19421,#19443,
    #19455,#19467,#19484,#19501,#19513,#19525,#19537,#19549,#19566,
    #19583,#19595,#19607,#19619,#19631,#19648,#19665,#19677,#19689,
    #19706,#19723,#19735,#19747,#19759,#19771,#19788,#19805,#19817,
    #19829,#19846,#19870,#19882,#19899,#19911,#19928,#19940,#19957));
#3229 = ADVANCED_FACE('',(#3230),#3256,.F.);
#3230 = FACE_BOUND('',#3231,.F.);
#3231 = EDGE_LOOP('',(#3232,#3242,#3250));
#3232 = ORIENTED_EDGE('',*,*,#3233,.T.);
#3233 = EDGE_CURVE('',#3234,#3236,#3238,.T.);
#3234 = VERTEX_POINT('',#3235);
#3235 = CARTESIAN_POINT('',(-12.,0.,9.));
#3236 = VERTEX_POINT('',#3237);
#3237 = CARTESIAN_POINT('',(-1.471179962158,0.292634993792,
    8.971179962158));
#3238 = LINE('',#3239,#3240);
#3239 = CARTESIAN_POINT('',(-12.,0.,9.));
#3240 = VECTOR('',#3241,1.);
#3241 = DIRECTION('',(0.999610236498,2.778287921156E-02,
    -2.736185511708E-03));
#3242 = ORIENTED_EDGE('',*,*,#3243,.T.);
#3243 = EDGE_CURVE('',#3236,#3244,#3246,.T.);
#3244 = VERTEX_POINT('',#3245);
#3245 = CARTESIAN_POINT('',(-1.5,0.,9.));
#3246 = LINE('',#3247,#3248);
#3247 = CARTESIAN_POINT('',(-1.471179962158,0.292634993792,
    8.971179962158));
#3248 = VECTOR('',#3249,1.);
#3249 = DIRECTION('',(-9.754304482569E-02,-0.990439654301,
    9.754304482569E-02));
#3250 = ORIENTED_EDGE('',*,*,#3251,.T.);
#3251 = EDGE_CURVE('',#3244,#3234,#3252,.T.);
#3252 = LINE('',#3253,#3254);
#3253 = CARTESIAN_POINT('',(-1.5,0.,9.));
#3254 = VECTOR('',#3255,1.);
#3255 = DIRECTION('',(-1.,0.,0.));
#3256 = PLANE('',#3257);
#3257 = AXIS2_PLACEMENT_3D('',#3258,#3259,#3260);
#3258 = CARTESIAN_POINT('',(-6.669956405368,7.428514602789E-02,
    8.992684057734));
#3259 = DIRECTION('',(-0.,-9.80104264616E-02,-0.995185387908));
#3260 = DIRECTION('',(0.,-0.995185387908,9.80104264616E-02));
#3261 = ADVANCED_FACE('',(#3262),#3279,.F.);
#3262 = FACE_BOUND('',#3263,.F.);
#3263 = EDGE_LOOP('',(#3264,#3272,#3273));
#3264 = ORIENTED_EDGE('',*,*,#3265,.T.);
#3265 = EDGE_CURVE('',#3266,#3236,#3268,.T.);
#3266 = VERTEX_POINT('',#3267);
#3267 = CARTESIAN_POINT('',(-12.,1.755810022354,8.827070236206));
#3268 = LINE('',#3269,#3270);
#3269 = CARTESIAN_POINT('',(-12.,1.755810022354,8.827070236206));
#3270 = VECTOR('',#3271,1.);
#3271 = DIRECTION('',(0.99039050923,-0.137633149434,1.355564102699E-02)
  );
#3272 = ORIENTED_EDGE('',*,*,#3233,.F.);
#3273 = ORIENTED_EDGE('',*,*,#3274,.T.);
#3274 = EDGE_CURVE('',#3234,#3266,#3275,.T.);
#3275 = LINE('',#3276,#3277);
#3276 = CARTESIAN_POINT('',(-12.,0.,9.));
#3277 = VECTOR('',#3278,1.);
#3278 = DIRECTION('',(0.,0.995184860985,-9.801577662181E-02));
#3279 = PLANE('',#3280);
#3280 = AXIS2_PLACEMENT_3D('',#3281,#3282,#3283);
#3281 = CARTESIAN_POINT('',(-7.140681672671,0.609665196444,8.93995479588
    ));
#3282 = DIRECTION('',(1.501431339622E-07,-9.801577662181E-02,
    -0.995184860985));
#3283 = DIRECTION('',(1.131086083003E-24,-0.995184860985,
    9.801577662181E-02));
#3284 = ADVANCED_FACE('',(#3285),#3302,.F.);
#3285 = FACE_BOUND('',#3286,.F.);
#3286 = EDGE_LOOP('',(#3287,#3288,#3296));
#3287 = ORIENTED_EDGE('',*,*,#3265,.F.);
#3288 = ORIENTED_EDGE('',*,*,#3289,.T.);
#3289 = EDGE_CURVE('',#3266,#3290,#3292,.T.);
#3290 = VERTEX_POINT('',#3291);
#3291 = CARTESIAN_POINT('',(-1.385820031166,0.574024021626,
    8.943460464478));
#3292 = LINE('',#3293,#3294);
#3293 = CARTESIAN_POINT('',(-12.,1.755810022354,8.827070236206));
#3294 = VECTOR('',#3295,1.);
#3295 = DIRECTION('',(0.99379969321,-0.110649957737,1.089755152903E-02)
  );
#3296 = ORIENTED_EDGE('',*,*,#3297,.T.);
#3297 = EDGE_CURVE('',#3290,#3236,#3298,.T.);
#3298 = LINE('',#3299,#3300);
#3299 = CARTESIAN_POINT('',(-1.385820031166,0.574024021626,
    8.943460464478));
#3300 = VECTOR('',#3301,1.);
#3301 = DIRECTION('',(-0.289008079171,-0.952715184851,9.38515142545E-02)
  );
#3302 = PLANE('',#3303);
#3303 = AXIS2_PLACEMENT_3D('',#3304,#3305,#3306);
#3304 = CARTESIAN_POINT('',(-6.641947242924,1.085691806334,
    8.893069604058));
#3305 = DIRECTION('',(-2.443524968073E-06,-9.803426100208E-02,
    -0.995183040281));
#3306 = DIRECTION('',(-1.308886587396E-23,-0.995183040284,
    9.803426100238E-02));
#3307 = ADVANCED_FACE('',(#3308),#3325,.F.);
#3308 = FACE_BOUND('',#3309,.F.);
#3309 = EDGE_LOOP('',(#3310,#3311,#3319));
#3310 = ORIENTED_EDGE('',*,*,#3289,.F.);
#3311 = ORIENTED_EDGE('',*,*,#3312,.T.);
#3312 = EDGE_CURVE('',#3266,#3313,#3315,.T.);
#3313 = VERTEX_POINT('',#3314);
#3314 = CARTESIAN_POINT('',(-1.247200012207,0.833355009556,8.91792011261
    ));
#3315 = LINE('',#3316,#3317);
#3316 = CARTESIAN_POINT('',(-12.,1.755810022354,8.827070236206));
#3317 = VECTOR('',#3318,1.);
#3318 = DIRECTION('',(0.996305145823,-8.547045207614E-02,
    8.417733005471E-03));
#3319 = ORIENTED_EDGE('',*,*,#3320,.T.);
#3320 = EDGE_CURVE('',#3313,#3290,#3321,.T.);
#3321 = LINE('',#3322,#3323);
#3322 = CARTESIAN_POINT('',(-1.247200012207,0.833355009556,8.91792011261
    ));
#3323 = VECTOR('',#3324,1.);
#3324 = DIRECTION('',(-0.469641073474,-0.878606744331,8.653005791024E-02
    ));
#3325 = PLANE('',#3326);
#3326 = AXIS2_PLACEMENT_3D('',#3327,#3328,#3329);
#3327 = CARTESIAN_POINT('',(-6.585646065306,1.222951164509,
    8.879549836072));
#3328 = DIRECTION('',(1.237298666931E-07,-9.80114247968E-02,
    -0.995185289586));
#3329 = DIRECTION('',(-1.61314835343E-24,-0.995185289586,
    9.80114247968E-02));
#3330 = ADVANCED_FACE('',(#3331),#3348,.F.);
#3331 = FACE_BOUND('',#3332,.F.);
#3332 = EDGE_LOOP('',(#3333,#3334,#3342));
#3333 = ORIENTED_EDGE('',*,*,#3312,.F.);
#3334 = ORIENTED_EDGE('',*,*,#3335,.T.);
#3335 = EDGE_CURVE('',#3266,#3336,#3338,.T.);
#3336 = VERTEX_POINT('',#3337);
#3337 = CARTESIAN_POINT('',(-1.060660004616,1.060660004616,
    8.895529747009));
#3338 = LINE('',#3339,#3340);
#3339 = CARTESIAN_POINT('',(-12.,1.755810022354,8.827070236206));
#3340 = VECTOR('',#3341,1.);
#3341 = DIRECTION('',(0.997967591324,-6.341673164049E-02,
    6.245383462654E-03));
#3342 = ORIENTED_EDGE('',*,*,#3343,.T.);
#3343 = EDGE_CURVE('',#3336,#3313,#3344,.T.);
#3344 = LINE('',#3345,#3346);
#3345 = CARTESIAN_POINT('',(-1.060660004616,1.060660004616,
    8.895529747009));
#3346 = VECTOR('',#3347,1.);
#3347 = DIRECTION('',(-0.632553238443,-0.770786452708,7.592525835855E-02
    ));
#3348 = PLANE('',#3349);
#3349 = AXIS2_PLACEMENT_3D('',#3350,#3351,#3352);
#3350 = CARTESIAN_POINT('',(-6.504076537496,1.346435446078,8.8673873707)
  );
#3351 = DIRECTION('',(-1.321570741327E-06,-9.80281104046E-02,
    -0.995183646152));
#3352 = DIRECTION('',(-1.433862151306E-23,-0.995183646153,
    9.802811040468E-02));
#3353 = ADVANCED_FACE('',(#3354),#3371,.F.);
#3354 = FACE_BOUND('',#3355,.F.);
#3355 = EDGE_LOOP('',(#3356,#3357,#3365));
#3356 = ORIENTED_EDGE('',*,*,#3335,.F.);
#3357 = ORIENTED_EDGE('',*,*,#3358,.T.);
#3358 = EDGE_CURVE('',#3266,#3359,#3361,.T.);
#3359 = VERTEX_POINT('',#3360);
#3360 = CARTESIAN_POINT('',(-0.833355009556,1.247200012207,
    8.877160072327));
#3361 = LINE('',#3362,#3363);
#3362 = CARTESIAN_POINT('',(-12.,1.755810022354,8.827070236206));
#3363 = VECTOR('',#3364,1.);
#3364 = DIRECTION('',(0.998954305756,-4.54996250012E-02,
    4.480975038616E-03));
#3365 = ORIENTED_EDGE('',*,*,#3366,.T.);
#3366 = EDGE_CURVE('',#3359,#3336,#3367,.T.);
#3367 = LINE('',#3368,#3369);
#3368 = CARTESIAN_POINT('',(-0.833355009556,1.247200012207,
    8.877160072327));
#3369 = VECTOR('',#3370,1.);
#3370 = DIRECTION('',(-0.771513736475,-0.633150090788,6.234995561132E-02
    ));
#3371 = PLANE('',#3372);
#3372 = AXIS2_PLACEMENT_3D('',#3373,#3374,#3375);
#3373 = CARTESIAN_POINT('',(-6.400378094912,1.451368409338,
    8.857052423041));
#3374 = DIRECTION('',(3.43092172664E-07,-9.800216581595E-02,
    -0.995186201419));
#3375 = DIRECTION('',(2.32676842779E-24,-0.995186201419,
    9.800216581595E-02));
#3376 = ADVANCED_FACE('',(#3377),#3394,.F.);
#3377 = FACE_BOUND('',#3378,.F.);
#3378 = EDGE_LOOP('',(#3379,#3380,#3388));
#3379 = ORIENTED_EDGE('',*,*,#3358,.F.);
#3380 = ORIENTED_EDGE('',*,*,#3381,.T.);
#3381 = EDGE_CURVE('',#3266,#3382,#3384,.T.);
#3382 = VERTEX_POINT('',#3383);
#3383 = CARTESIAN_POINT('',(-0.574024021626,1.385820031166,
    8.863510131836));
#3384 = LINE('',#3385,#3386);
#3385 = CARTESIAN_POINT('',(-12.,1.755810022354,8.827070236206));
#3386 = VECTOR('',#3387,1.);
#3387 = DIRECTION('',(0.999471054362,-3.236435008231E-02,
    3.18752822297E-03));
#3388 = ORIENTED_EDGE('',*,*,#3389,.T.);
#3389 = EDGE_CURVE('',#3382,#3359,#3390,.T.);
#3390 = LINE('',#3391,#3392);
#3391 = CARTESIAN_POINT('',(-0.574024021626,1.385820031166,
    8.863510131836));
#3392 = VECTOR('',#3393,1.);
#3393 = DIRECTION('',(-0.88096595463,-0.470902140572,4.636982626342E-02)
  );
#3394 = PLANE('',#3395);
#3395 = AXIS2_PLACEMENT_3D('',#3396,#3397,#3398);
#3396 = CARTESIAN_POINT('',(-6.278536685647,1.533720916728,
    8.848942892715));
#3397 = DIRECTION('',(5.673538290946E-07,-9.799728939366E-02,
    -0.995186681619));
#3398 = DIRECTION('',(-6.926507027813E-24,-0.995186681619,
    9.799728939367E-02));
#3399 = ADVANCED_FACE('',(#3400),#3417,.F.);
#3400 = FACE_BOUND('',#3401,.F.);
#3401 = EDGE_LOOP('',(#3402,#3403,#3411));
#3402 = ORIENTED_EDGE('',*,*,#3381,.F.);
#3403 = ORIENTED_EDGE('',*,*,#3404,.F.);
#3404 = EDGE_CURVE('',#3405,#3266,#3407,.T.);
#3405 = VERTEX_POINT('',#3406);
#3406 = CARTESIAN_POINT('',(-0.292634993792,1.471179962158,8.85509967804
    ));
#3407 = LINE('',#3408,#3409);
#3408 = CARTESIAN_POINT('',(-0.292634993792,1.471179962158,8.85509967804
    ));
#3409 = VECTOR('',#3410,1.);
#3410 = DIRECTION('',(-0.999701729549,2.430479986818E-02,
    -2.393457576867E-03));
#3411 = ORIENTED_EDGE('',*,*,#3412,.T.);
#3412 = EDGE_CURVE('',#3405,#3382,#3413,.T.);
#3413 = LINE('',#3414,#3415);
#3414 = CARTESIAN_POINT('',(-0.292634993792,1.471179962158,8.85509967804
    ));
#3415 = VECTOR('',#3416,1.);
#3416 = DIRECTION('',(-0.956547732472,-0.290170690247,2.859031345297E-02
    ));
#3417 = PLANE('',#3418);
#3418 = AXIS2_PLACEMENT_3D('',#3419,#3420,#3421);
#3419 = CARTESIAN_POINT('',(-6.143237970453,1.590354770538,8.84336485298
    ));
#3420 = DIRECTION('',(-1.177098688026E-06,-9.805064372745E-02,
    -0.995181426305));
#3421 = DIRECTION('',(-1.33966548853E-23,-0.995181426306,
    9.805064372751E-02));
#3422 = ADVANCED_FACE('',(#3423),#3440,.F.);
#3423 = FACE_BOUND('',#3424,.F.);
#3424 = EDGE_LOOP('',(#3425,#3426,#3434));
#3425 = ORIENTED_EDGE('',*,*,#3404,.T.);
#3426 = ORIENTED_EDGE('',*,*,#3427,.F.);
#3427 = EDGE_CURVE('',#3428,#3266,#3430,.T.);
#3428 = VERTEX_POINT('',#3429);
#3429 = CARTESIAN_POINT('',(0.,1.5,8.852259635925));
#3430 = LINE('',#3431,#3432);
#3431 = CARTESIAN_POINT('',(0.,1.5,8.852259635925));
#3432 = VECTOR('',#3433,1.);
#3433 = DIRECTION('',(-0.999770657833,2.131261286077E-02,
    -2.098635227309E-03));
#3434 = ORIENTED_EDGE('',*,*,#3435,.T.);
#3435 = EDGE_CURVE('',#3428,#3405,#3436,.T.);
#3436 = LINE('',#3437,#3438);
#3437 = CARTESIAN_POINT('',(0.,1.5,8.852259635925));
#3438 = VECTOR('',#3439,1.);
#3439 = DIRECTION('',(-0.995138973946,-9.800585540157E-02,
    9.657890052478E-03));
#3440 = PLANE('',#3441);
#3441 = AXIS2_PLACEMENT_3D('',#3442,#3443,#3444);
#3442 = CARTESIAN_POINT('',(-5.999672750989,1.619132671721,
    8.840529280321));
#3443 = DIRECTION('',(-1.305265699176E-06,-9.805586481676E-02,
    -0.995180911882));
#3444 = DIRECTION('',(1.055090786203E-23,-0.995180911882,
    9.805586481685E-02));
#3445 = ADVANCED_FACE('',(#3446),#3463,.F.);
#3446 = FACE_BOUND('',#3447,.F.);
#3447 = EDGE_LOOP('',(#3448,#3449,#3457));
#3448 = ORIENTED_EDGE('',*,*,#3427,.T.);
#3449 = ORIENTED_EDGE('',*,*,#3450,.F.);
#3450 = EDGE_CURVE('',#3451,#3266,#3453,.T.);
#3451 = VERTEX_POINT('',#3452);
#3452 = CARTESIAN_POINT('',(12.,1.755810022354,8.827070236206));
#3453 = LINE('',#3454,#3455);
#3454 = CARTESIAN_POINT('',(12.,1.755810022354,8.827070236206));
#3455 = VECTOR('',#3456,1.);
#3456 = DIRECTION('',(-1.,0.,0.));
#3457 = ORIENTED_EDGE('',*,*,#3458,.F.);
#3458 = EDGE_CURVE('',#3428,#3451,#3459,.T.);
#3459 = LINE('',#3460,#3461);
#3460 = CARTESIAN_POINT('',(0.,1.5,8.852259635925));
#3461 = VECTOR('',#3462,1.);
#3462 = DIRECTION('',(0.999770657833,2.131261286077E-02,
    -2.098635227309E-03));
#3463 = PLANE('',#3464);
#3464 = AXIS2_PLACEMENT_3D('',#3465,#3466,#3467);
#3465 = CARTESIAN_POINT('',(0.,1.691850182421,8.833368308343));
#3466 = DIRECTION('',(-0.,-9.799522322388E-02,-0.995186885075));
#3467 = DIRECTION('',(0.,-0.995186885075,9.799522322388E-02));
#3468 = ADVANCED_FACE('',(#3469),#3486,.F.);
#3469 = FACE_BOUND('',#3470,.F.);
#3470 = EDGE_LOOP('',(#3471,#3472,#3480));
#3471 = ORIENTED_EDGE('',*,*,#3458,.T.);
#3472 = ORIENTED_EDGE('',*,*,#3473,.F.);
#3473 = EDGE_CURVE('',#3474,#3451,#3476,.T.);
#3474 = VERTEX_POINT('',#3475);
#3475 = CARTESIAN_POINT('',(0.292634993792,1.471179962158,8.85509967804)
  );
#3476 = LINE('',#3477,#3478);
#3477 = CARTESIAN_POINT('',(0.292634993792,1.471179962158,8.85509967804)
  );
#3478 = VECTOR('',#3479,1.);
#3479 = DIRECTION('',(0.999701729549,2.430479986818E-02,
    -2.393457576867E-03));
#3480 = ORIENTED_EDGE('',*,*,#3481,.T.);
#3481 = EDGE_CURVE('',#3474,#3428,#3482,.T.);
#3482 = LINE('',#3483,#3484);
#3483 = CARTESIAN_POINT('',(0.292634993792,1.471179962158,8.85509967804)
  );
#3484 = VECTOR('',#3485,1.);
#3485 = DIRECTION('',(-0.995138973946,9.800585540157E-02,
    -9.657890052478E-03));
#3486 = PLANE('',#3487);
#3487 = AXIS2_PLACEMENT_3D('',#3488,#3489,#3490);
#3488 = CARTESIAN_POINT('',(5.999672750989,1.619132671721,8.840529280321
    ));
#3489 = DIRECTION('',(1.30526569919E-06,-9.805586481677E-02,
    -0.995180911882));
#3490 = DIRECTION('',(-1.374269877942E-23,-0.995180911882,
    9.805586481685E-02));
#3491 = ADVANCED_FACE('',(#3492),#3518,.F.);
#3492 = FACE_BOUND('',#3493,.F.);
#3493 = EDGE_LOOP('',(#3494,#3504,#3512));
#3494 = ORIENTED_EDGE('',*,*,#3495,.T.);
#3495 = EDGE_CURVE('',#3496,#3498,#3500,.T.);
#3496 = VERTEX_POINT('',#3497);
#3497 = CARTESIAN_POINT('',(1.471179962158,-0.292634993792,
    8.971179962158));
#3498 = VERTEX_POINT('',#3499);
#3499 = CARTESIAN_POINT('',(12.,0.,9.));
#3500 = LINE('',#3501,#3502);
#3501 = CARTESIAN_POINT('',(1.471179962158,-0.292634993792,
    8.971179962158));
#3502 = VECTOR('',#3503,1.);
#3503 = DIRECTION('',(0.999610236498,2.778287921156E-02,
    2.736185511708E-03));
#3504 = ORIENTED_EDGE('',*,*,#3505,.T.);
#3505 = EDGE_CURVE('',#3498,#3506,#3508,.T.);
#3506 = VERTEX_POINT('',#3507);
#3507 = CARTESIAN_POINT('',(12.,-1.755810022354,8.827070236206));
#3508 = LINE('',#3509,#3510);
#3509 = CARTESIAN_POINT('',(12.,0.,9.));
#3510 = VECTOR('',#3511,1.);
#3511 = DIRECTION('',(0.,-0.995184860985,-9.801577662181E-02));
#3512 = ORIENTED_EDGE('',*,*,#3513,.T.);
#3513 = EDGE_CURVE('',#3506,#3496,#3514,.T.);
#3514 = LINE('',#3515,#3516);
#3515 = CARTESIAN_POINT('',(12.,-1.755810022354,8.827070236206));
#3516 = VECTOR('',#3517,1.);
#3517 = DIRECTION('',(-0.99039050923,0.137633149434,1.355564102699E-02)
  );
#3518 = PLANE('',#3519);
#3519 = AXIS2_PLACEMENT_3D('',#3520,#3521,#3522);
#3520 = CARTESIAN_POINT('',(7.140681672671,-0.609665196444,8.93995479588
    ));
#3521 = DIRECTION('',(-1.501431339622E-07,9.801577662181E-02,
    -0.995184860985));
#3522 = DIRECTION('',(-1.426588478178E-24,-0.995184860985,
    -9.801577662181E-02));
#3523 = ADVANCED_FACE('',(#3524),#3541,.F.);
#3524 = FACE_BOUND('',#3525,.F.);
#3525 = EDGE_LOOP('',(#3526,#3527,#3535));
#3526 = ORIENTED_EDGE('',*,*,#3495,.F.);
#3527 = ORIENTED_EDGE('',*,*,#3528,.T.);
#3528 = EDGE_CURVE('',#3496,#3529,#3531,.T.);
#3529 = VERTEX_POINT('',#3530);
#3530 = CARTESIAN_POINT('',(1.5,0.,9.));
#3531 = LINE('',#3532,#3533);
#3532 = CARTESIAN_POINT('',(1.471179962158,-0.292634993792,
    8.971179962158));
#3533 = VECTOR('',#3534,1.);
#3534 = DIRECTION('',(9.754304482569E-02,0.990439654301,
    9.754304482569E-02));
#3535 = ORIENTED_EDGE('',*,*,#3536,.F.);
#3536 = EDGE_CURVE('',#3498,#3529,#3537,.T.);
#3537 = LINE('',#3538,#3539);
#3538 = CARTESIAN_POINT('',(12.,0.,9.));
#3539 = VECTOR('',#3540,1.);
#3540 = DIRECTION('',(-1.,0.,0.));
#3541 = PLANE('',#3542);
#3542 = AXIS2_PLACEMENT_3D('',#3543,#3544,#3545);
#3543 = CARTESIAN_POINT('',(6.669956405368,-7.428514602789E-02,
    8.992684057734));
#3544 = DIRECTION('',(-0.,9.80104264616E-02,-0.995185387908));
#3545 = DIRECTION('',(0.,-0.995185387908,-9.80104264616E-02));
#3546 = ADVANCED_FACE('',(#3547),#3564,.F.);
#3547 = FACE_BOUND('',#3548,.F.);
#3548 = EDGE_LOOP('',(#3549,#3557,#3558));
#3549 = ORIENTED_EDGE('',*,*,#3550,.T.);
#3550 = EDGE_CURVE('',#3551,#3498,#3553,.T.);
#3551 = VERTEX_POINT('',#3552);
#3552 = CARTESIAN_POINT('',(1.471179962158,0.292634993792,8.971179962158
    ));
#3553 = LINE('',#3554,#3555);
#3554 = CARTESIAN_POINT('',(1.471179962158,0.292634993792,8.971179962158
    ));
#3555 = VECTOR('',#3556,1.);
#3556 = DIRECTION('',(0.999610236498,-2.778287921156E-02,
    2.736185511708E-03));
#3557 = ORIENTED_EDGE('',*,*,#3536,.T.);
#3558 = ORIENTED_EDGE('',*,*,#3559,.T.);
#3559 = EDGE_CURVE('',#3529,#3551,#3560,.T.);
#3560 = LINE('',#3561,#3562);
#3561 = CARTESIAN_POINT('',(1.5,0.,9.));
#3562 = VECTOR('',#3563,1.);
#3563 = DIRECTION('',(-9.754304482569E-02,0.990439654301,
    -9.754304482569E-02));
#3564 = PLANE('',#3565);
#3565 = AXIS2_PLACEMENT_3D('',#3566,#3567,#3568);
#3566 = CARTESIAN_POINT('',(6.669956405368,7.428514602789E-02,
    8.992684057734));
#3567 = DIRECTION('',(-0.,-9.80104264616E-02,-0.995185387908));
#3568 = DIRECTION('',(0.,-0.995185387908,9.80104264616E-02));
#3569 = ADVANCED_FACE('',(#3570),#3585,.F.);
#3570 = FACE_BOUND('',#3571,.F.);
#3571 = EDGE_LOOP('',(#3572,#3573,#3579));
#3572 = ORIENTED_EDGE('',*,*,#3550,.F.);
#3573 = ORIENTED_EDGE('',*,*,#3574,.T.);
#3574 = EDGE_CURVE('',#3551,#3451,#3575,.T.);
#3575 = LINE('',#3576,#3577);
#3576 = CARTESIAN_POINT('',(1.471179962158,0.292634993792,8.971179962158
    ));
#3577 = VECTOR('',#3578,1.);
#3578 = DIRECTION('',(0.99039050923,0.137633149434,-1.355564102699E-02)
  );
#3579 = ORIENTED_EDGE('',*,*,#3580,.T.);
#3580 = EDGE_CURVE('',#3451,#3498,#3581,.T.);
#3581 = LINE('',#3582,#3583);
#3582 = CARTESIAN_POINT('',(12.,1.755810022354,8.827070236206));
#3583 = VECTOR('',#3584,1.);
#3584 = DIRECTION('',(0.,-0.995184860985,9.801577662181E-02));
#3585 = PLANE('',#3586);
#3586 = AXIS2_PLACEMENT_3D('',#3587,#3588,#3589);
#3587 = CARTESIAN_POINT('',(7.140681672671,0.609665196444,8.93995479588)
  );
#3588 = DIRECTION('',(-1.501431339622E-07,-9.801577662181E-02,
    -0.995184860985));
#3589 = DIRECTION('',(-1.131086083003E-24,-0.995184860985,
    9.801577662181E-02));
#3590 = ADVANCED_FACE('',(#3591),#3608,.F.);
#3591 = FACE_BOUND('',#3592,.F.);
#3592 = EDGE_LOOP('',(#3593,#3601,#3602));
#3593 = ORIENTED_EDGE('',*,*,#3594,.T.);
#3594 = EDGE_CURVE('',#3595,#3451,#3597,.T.);
#3595 = VERTEX_POINT('',#3596);
#3596 = CARTESIAN_POINT('',(1.385820031166,0.574024021626,8.943460464478
    ));
#3597 = LINE('',#3598,#3599);
#3598 = CARTESIAN_POINT('',(1.385820031166,0.574024021626,8.943460464478
    ));
#3599 = VECTOR('',#3600,1.);
#3600 = DIRECTION('',(0.99379969321,0.110649957737,-1.089755152903E-02)
  );
#3601 = ORIENTED_EDGE('',*,*,#3574,.F.);
#3602 = ORIENTED_EDGE('',*,*,#3603,.T.);
#3603 = EDGE_CURVE('',#3551,#3595,#3604,.T.);
#3604 = LINE('',#3605,#3606);
#3605 = CARTESIAN_POINT('',(1.471179962158,0.292634993792,8.971179962158
    ));
#3606 = VECTOR('',#3607,1.);
#3607 = DIRECTION('',(-0.289008079171,0.952715184851,-9.38515142545E-02)
  );
#3608 = PLANE('',#3609);
#3609 = AXIS2_PLACEMENT_3D('',#3610,#3611,#3612);
#3610 = CARTESIAN_POINT('',(6.641947242924,1.085691806334,8.893069604058
    ));
#3611 = DIRECTION('',(2.443524968152E-06,-9.803426100208E-02,
    -0.995183040281));
#3612 = DIRECTION('',(4.310997113387E-23,-0.995183040284,
    9.803426100238E-02));
#3613 = ADVANCED_FACE('',(#3614),#3631,.F.);
#3614 = FACE_BOUND('',#3615,.F.);
#3615 = EDGE_LOOP('',(#3616,#3624,#3625));
#3616 = ORIENTED_EDGE('',*,*,#3617,.T.);
#3617 = EDGE_CURVE('',#3618,#3451,#3620,.T.);
#3618 = VERTEX_POINT('',#3619);
#3619 = CARTESIAN_POINT('',(1.247200012207,0.833355009556,8.91792011261)
  );
#3620 = LINE('',#3621,#3622);
#3621 = CARTESIAN_POINT('',(1.247200012207,0.833355009556,8.91792011261)
  );
#3622 = VECTOR('',#3623,1.);
#3623 = DIRECTION('',(0.996305145823,8.547045207614E-02,
    -8.417733005471E-03));
#3624 = ORIENTED_EDGE('',*,*,#3594,.F.);
#3625 = ORIENTED_EDGE('',*,*,#3626,.T.);
#3626 = EDGE_CURVE('',#3595,#3618,#3627,.T.);
#3627 = LINE('',#3628,#3629);
#3628 = CARTESIAN_POINT('',(1.385820031166,0.574024021626,8.943460464478
    ));
#3629 = VECTOR('',#3630,1.);
#3630 = DIRECTION('',(-0.469641073474,0.878606744331,-8.653005791024E-02
    ));
#3631 = PLANE('',#3632);
#3632 = AXIS2_PLACEMENT_3D('',#3633,#3634,#3635);
#3633 = CARTESIAN_POINT('',(6.585646065306,1.222951164509,8.879549836072
    ));
#3634 = DIRECTION('',(-1.237298666195E-07,-9.80114247968E-02,
    -0.995185289586));
#3635 = DIRECTION('',(2.106529337831E-24,-0.995185289586,
    9.80114247968E-02));
#3636 = ADVANCED_FACE('',(#3637),#3654,.F.);
#3637 = FACE_BOUND('',#3638,.F.);
#3638 = EDGE_LOOP('',(#3639,#3647,#3648));
#3639 = ORIENTED_EDGE('',*,*,#3640,.T.);
#3640 = EDGE_CURVE('',#3641,#3451,#3643,.T.);
#3641 = VERTEX_POINT('',#3642);
#3642 = CARTESIAN_POINT('',(1.060660004616,1.060660004616,8.895529747009
    ));
#3643 = LINE('',#3644,#3645);
#3644 = CARTESIAN_POINT('',(1.060660004616,1.060660004616,8.895529747009
    ));
#3645 = VECTOR('',#3646,1.);
#3646 = DIRECTION('',(0.997967591324,6.341673164049E-02,
    -6.245383462654E-03));
#3647 = ORIENTED_EDGE('',*,*,#3617,.F.);
#3648 = ORIENTED_EDGE('',*,*,#3649,.T.);
#3649 = EDGE_CURVE('',#3618,#3641,#3650,.T.);
#3650 = LINE('',#3651,#3652);
#3651 = CARTESIAN_POINT('',(1.247200012207,0.833355009556,8.91792011261)
  );
#3652 = VECTOR('',#3653,1.);
#3653 = DIRECTION('',(-0.632553238443,0.770786452708,-7.592525835855E-02
    ));
#3654 = PLANE('',#3655);
#3655 = AXIS2_PLACEMENT_3D('',#3656,#3657,#3658);
#3656 = CARTESIAN_POINT('',(6.504076537496,1.346435446078,8.8673873707)
  );
#3657 = DIRECTION('',(1.321570741343E-06,-9.80281104046E-02,
    -0.995183646152));
#3658 = DIRECTION('',(1.194183376367E-24,-0.995183646153,
    9.802811040469E-02));
#3659 = ADVANCED_FACE('',(#3660),#3677,.F.);
#3660 = FACE_BOUND('',#3661,.F.);
#3661 = EDGE_LOOP('',(#3662,#3670,#3671));
#3662 = ORIENTED_EDGE('',*,*,#3663,.T.);
#3663 = EDGE_CURVE('',#3664,#3451,#3666,.T.);
#3664 = VERTEX_POINT('',#3665);
#3665 = CARTESIAN_POINT('',(0.833355009556,1.247200012207,8.877160072327
    ));
#3666 = LINE('',#3667,#3668);
#3667 = CARTESIAN_POINT('',(0.833355009556,1.247200012207,8.877160072327
    ));
#3668 = VECTOR('',#3669,1.);
#3669 = DIRECTION('',(0.998954305756,4.54996250012E-02,
    -4.480975038616E-03));
#3670 = ORIENTED_EDGE('',*,*,#3640,.F.);
#3671 = ORIENTED_EDGE('',*,*,#3672,.T.);
#3672 = EDGE_CURVE('',#3641,#3664,#3673,.T.);
#3673 = LINE('',#3674,#3675);
#3674 = CARTESIAN_POINT('',(1.060660004616,1.060660004616,8.895529747009
    ));
#3675 = VECTOR('',#3676,1.);
#3676 = DIRECTION('',(-0.771513736475,0.633150090788,-6.234995561132E-02
    ));
#3677 = PLANE('',#3678);
#3678 = AXIS2_PLACEMENT_3D('',#3679,#3680,#3681);
#3679 = CARTESIAN_POINT('',(6.400378094912,1.451368409338,8.857052423041
    ));
#3680 = DIRECTION('',(-3.430921726481E-07,-9.800216581595E-02,
    -0.995186201419));
#3681 = DIRECTION('',(-5.799932525198E-24,-0.995186201419,
    9.800216581595E-02));
#3682 = ADVANCED_FACE('',(#3683),#3700,.F.);
#3683 = FACE_BOUND('',#3684,.F.);
#3684 = EDGE_LOOP('',(#3685,#3693,#3694));
#3685 = ORIENTED_EDGE('',*,*,#3686,.T.);
#3686 = EDGE_CURVE('',#3687,#3451,#3689,.T.);
#3687 = VERTEX_POINT('',#3688);
#3688 = CARTESIAN_POINT('',(0.574024021626,1.385820031166,8.863510131836
    ));
#3689 = LINE('',#3690,#3691);
#3690 = CARTESIAN_POINT('',(0.574024021626,1.385820031166,8.863510131836
    ));
#3691 = VECTOR('',#3692,1.);
#3692 = DIRECTION('',(0.999471054362,3.236435008231E-02,
    -3.18752822297E-03));
#3693 = ORIENTED_EDGE('',*,*,#3663,.F.);
#3694 = ORIENTED_EDGE('',*,*,#3695,.T.);
#3695 = EDGE_CURVE('',#3664,#3687,#3696,.T.);
#3696 = LINE('',#3697,#3698);
#3697 = CARTESIAN_POINT('',(0.833355009556,1.247200012207,8.877160072327
    ));
#3698 = VECTOR('',#3699,1.);
#3699 = DIRECTION('',(-0.88096595463,0.470902140572,-4.636982626342E-02)
  );
#3700 = PLANE('',#3701);
#3701 = AXIS2_PLACEMENT_3D('',#3702,#3703,#3704);
#3702 = CARTESIAN_POINT('',(6.278536685647,1.533720916728,8.848942892715
    ));
#3703 = DIRECTION('',(-5.673538290946E-07,-9.799728939366E-02,
    -0.995186681619));
#3704 = DIRECTION('',(6.926507027813E-24,-0.995186681619,
    9.799728939367E-02));
#3705 = ADVANCED_FACE('',(#3706),#3716,.F.);
#3706 = FACE_BOUND('',#3707,.F.);
#3707 = EDGE_LOOP('',(#3708,#3709,#3710));
#3708 = ORIENTED_EDGE('',*,*,#3473,.T.);
#3709 = ORIENTED_EDGE('',*,*,#3686,.F.);
#3710 = ORIENTED_EDGE('',*,*,#3711,.T.);
#3711 = EDGE_CURVE('',#3687,#3474,#3712,.T.);
#3712 = LINE('',#3713,#3714);
#3713 = CARTESIAN_POINT('',(0.574024021626,1.385820031166,8.863510131836
    ));
#3714 = VECTOR('',#3715,1.);
#3715 = DIRECTION('',(-0.956547732472,0.290170690247,-2.859031345297E-02
    ));
#3716 = PLANE('',#3717);
#3717 = AXIS2_PLACEMENT_3D('',#3718,#3719,#3720);
#3718 = CARTESIAN_POINT('',(6.143237970453,1.590354770538,8.84336485298)
  );
#3719 = DIRECTION('',(1.177098688027E-06,-9.805064372745E-02,
    -0.995181426305));
#3720 = DIRECTION('',(1.035195720287E-23,-0.995181426306,
    9.805064372751E-02));
#3721 = ADVANCED_FACE('',(#3722),#3739,.F.);
#3722 = FACE_BOUND('',#3723,.F.);
#3723 = EDGE_LOOP('',(#3724,#3732,#3738));
#3724 = ORIENTED_EDGE('',*,*,#3725,.T.);
#3725 = EDGE_CURVE('',#3506,#3726,#3728,.T.);
#3726 = VERTEX_POINT('',#3727);
#3727 = CARTESIAN_POINT('',(1.385820031166,-0.574024021626,
    8.943460464478));
#3728 = LINE('',#3729,#3730);
#3729 = CARTESIAN_POINT('',(12.,-1.755810022354,8.827070236206));
#3730 = VECTOR('',#3731,1.);
#3731 = DIRECTION('',(-0.99379969321,0.110649957737,1.089755152903E-02)
  );
#3732 = ORIENTED_EDGE('',*,*,#3733,.T.);
#3733 = EDGE_CURVE('',#3726,#3496,#3734,.T.);
#3734 = LINE('',#3735,#3736);
#3735 = CARTESIAN_POINT('',(1.385820031166,-0.574024021626,
    8.943460464478));
#3736 = VECTOR('',#3737,1.);
#3737 = DIRECTION('',(0.289008079171,0.952715184851,9.38515142545E-02));
#3738 = ORIENTED_EDGE('',*,*,#3513,.F.);
#3739 = PLANE('',#3740);
#3740 = AXIS2_PLACEMENT_3D('',#3741,#3742,#3743);
#3741 = CARTESIAN_POINT('',(6.641947242924,-1.085691806334,
    8.893069604058));
#3742 = DIRECTION('',(2.443524968079E-06,9.803426100208E-02,
    -0.995183040281));
#3743 = DIRECTION('',(-4.918358418277E-23,-0.995183040284,
    -9.803426100238E-02));
#3744 = ADVANCED_FACE('',(#3745),#3762,.F.);
#3745 = FACE_BOUND('',#3746,.F.);
#3746 = EDGE_LOOP('',(#3747,#3755,#3761));
#3747 = ORIENTED_EDGE('',*,*,#3748,.T.);
#3748 = EDGE_CURVE('',#3506,#3749,#3751,.T.);
#3749 = VERTEX_POINT('',#3750);
#3750 = CARTESIAN_POINT('',(1.247200012207,-0.833355009556,8.91792011261
    ));
#3751 = LINE('',#3752,#3753);
#3752 = CARTESIAN_POINT('',(12.,-1.755810022354,8.827070236206));
#3753 = VECTOR('',#3754,1.);
#3754 = DIRECTION('',(-0.996305145823,8.547045207614E-02,
    8.417733005471E-03));
#3755 = ORIENTED_EDGE('',*,*,#3756,.T.);
#3756 = EDGE_CURVE('',#3749,#3726,#3757,.T.);
#3757 = LINE('',#3758,#3759);
#3758 = CARTESIAN_POINT('',(1.247200012207,-0.833355009556,8.91792011261
    ));
#3759 = VECTOR('',#3760,1.);
#3760 = DIRECTION('',(0.469641073474,0.878606744331,8.653005791024E-02)
  );
#3761 = ORIENTED_EDGE('',*,*,#3725,.F.);
#3762 = PLANE('',#3763);
#3763 = AXIS2_PLACEMENT_3D('',#3764,#3765,#3766);
#3764 = CARTESIAN_POINT('',(6.585646065306,-1.222951164509,
    8.879549836072));
#3765 = DIRECTION('',(-1.237298665663E-07,9.80114247968E-02,
    -0.995185289586));
#3766 = DIRECTION('',(-1.901380440518E-24,-0.995185289586,
    -9.80114247968E-02));
#3767 = ADVANCED_FACE('',(#3768),#3785,.F.);
#3768 = FACE_BOUND('',#3769,.F.);
#3769 = EDGE_LOOP('',(#3770,#3778,#3784));
#3770 = ORIENTED_EDGE('',*,*,#3771,.T.);
#3771 = EDGE_CURVE('',#3506,#3772,#3774,.T.);
#3772 = VERTEX_POINT('',#3773);
#3773 = CARTESIAN_POINT('',(1.060660004616,-1.060660004616,
    8.895529747009));
#3774 = LINE('',#3775,#3776);
#3775 = CARTESIAN_POINT('',(12.,-1.755810022354,8.827070236206));
#3776 = VECTOR('',#3777,1.);
#3777 = DIRECTION('',(-0.997967591324,6.341673164049E-02,
    6.245383462654E-03));
#3778 = ORIENTED_EDGE('',*,*,#3779,.T.);
#3779 = EDGE_CURVE('',#3772,#3749,#3780,.T.);
#3780 = LINE('',#3781,#3782);
#3781 = CARTESIAN_POINT('',(1.060660004616,-1.060660004616,
    8.895529747009));
#3782 = VECTOR('',#3783,1.);
#3783 = DIRECTION('',(0.632553238443,0.770786452708,7.592525835855E-02)
  );
#3784 = ORIENTED_EDGE('',*,*,#3748,.F.);
#3785 = PLANE('',#3786);
#3786 = AXIS2_PLACEMENT_3D('',#3787,#3788,#3789);
#3787 = CARTESIAN_POINT('',(6.504076537496,-1.346435446078,8.8673873707)
  );
#3788 = DIRECTION('',(1.321570741382E-06,9.80281104046E-02,
    -0.995183646152));
#3789 = DIRECTION('',(6.99673107045E-24,-0.995183646153,
    -9.802811040469E-02));
#3790 = ADVANCED_FACE('',(#3791),#3808,.F.);
#3791 = FACE_BOUND('',#3792,.F.);
#3792 = EDGE_LOOP('',(#3793,#3801,#3807));
#3793 = ORIENTED_EDGE('',*,*,#3794,.T.);
#3794 = EDGE_CURVE('',#3506,#3795,#3797,.T.);
#3795 = VERTEX_POINT('',#3796);
#3796 = CARTESIAN_POINT('',(0.833355009556,-1.247200012207,
    8.877160072327));
#3797 = LINE('',#3798,#3799);
#3798 = CARTESIAN_POINT('',(12.,-1.755810022354,8.827070236206));
#3799 = VECTOR('',#3800,1.);
#3800 = DIRECTION('',(-0.998954305756,4.54996250012E-02,
    4.480975038616E-03));
#3801 = ORIENTED_EDGE('',*,*,#3802,.T.);
#3802 = EDGE_CURVE('',#3795,#3772,#3803,.T.);
#3803 = LINE('',#3804,#3805);
#3804 = CARTESIAN_POINT('',(0.833355009556,-1.247200012207,
    8.877160072327));
#3805 = VECTOR('',#3806,1.);
#3806 = DIRECTION('',(0.771513736475,0.633150090788,6.234995561132E-02)
  );
#3807 = ORIENTED_EDGE('',*,*,#3771,.F.);
#3808 = PLANE('',#3809);
#3809 = AXIS2_PLACEMENT_3D('',#3810,#3811,#3812);
#3810 = CARTESIAN_POINT('',(6.400378094912,-1.451368409338,
    8.857052423041));
#3811 = DIRECTION('',(-3.430921726322E-07,9.800216581595E-02,
    -0.995186201419));
#3812 = DIRECTION('',(6.62069421688E-24,-0.995186201419,
    -9.800216581595E-02));
#3813 = ADVANCED_FACE('',(#3814),#3831,.F.);
#3814 = FACE_BOUND('',#3815,.F.);
#3815 = EDGE_LOOP('',(#3816,#3824,#3830));
#3816 = ORIENTED_EDGE('',*,*,#3817,.T.);
#3817 = EDGE_CURVE('',#3506,#3818,#3820,.T.);
#3818 = VERTEX_POINT('',#3819);
#3819 = CARTESIAN_POINT('',(0.574024021626,-1.385820031166,
    8.863510131836));
#3820 = LINE('',#3821,#3822);
#3821 = CARTESIAN_POINT('',(12.,-1.755810022354,8.827070236206));
#3822 = VECTOR('',#3823,1.);
#3823 = DIRECTION('',(-0.999471054362,3.236435008231E-02,
    3.18752822297E-03));
#3824 = ORIENTED_EDGE('',*,*,#3825,.T.);
#3825 = EDGE_CURVE('',#3818,#3795,#3826,.T.);
#3826 = LINE('',#3827,#3828);
#3827 = CARTESIAN_POINT('',(0.574024021626,-1.385820031166,
    8.863510131836));
#3828 = VECTOR('',#3829,1.);
#3829 = DIRECTION('',(0.88096595463,0.470902140572,4.636982626342E-02));
#3830 = ORIENTED_EDGE('',*,*,#3794,.F.);
#3831 = PLANE('',#3832);
#3832 = AXIS2_PLACEMENT_3D('',#3833,#3834,#3835);
#3833 = CARTESIAN_POINT('',(6.278536685647,-1.533720916728,
    8.848942892715));
#3834 = DIRECTION('',(-5.673538290946E-07,9.799728939366E-02,
    -0.995186681619));
#3835 = DIRECTION('',(-6.926507027813E-24,-0.995186681619,
    -9.799728939367E-02));
#3836 = ADVANCED_FACE('',(#3837),#3854,.F.);
#3837 = FACE_BOUND('',#3838,.F.);
#3838 = EDGE_LOOP('',(#3839,#3847,#3853));
#3839 = ORIENTED_EDGE('',*,*,#3840,.T.);
#3840 = EDGE_CURVE('',#3506,#3841,#3843,.T.);
#3841 = VERTEX_POINT('',#3842);
#3842 = CARTESIAN_POINT('',(0.292634993792,-1.471179962158,8.85509967804
    ));
#3843 = LINE('',#3844,#3845);
#3844 = CARTESIAN_POINT('',(12.,-1.755810022354,8.827070236206));
#3845 = VECTOR('',#3846,1.);
#3846 = DIRECTION('',(-0.999701729549,2.430479986818E-02,
    2.393457576867E-03));
#3847 = ORIENTED_EDGE('',*,*,#3848,.T.);
#3848 = EDGE_CURVE('',#3841,#3818,#3849,.T.);
#3849 = LINE('',#3850,#3851);
#3850 = CARTESIAN_POINT('',(0.292634993792,-1.471179962158,8.85509967804
    ));
#3851 = VECTOR('',#3852,1.);
#3852 = DIRECTION('',(0.956547732472,0.290170690247,2.859031345297E-02)
  );
#3853 = ORIENTED_EDGE('',*,*,#3817,.F.);
#3854 = PLANE('',#3855);
#3855 = AXIS2_PLACEMENT_3D('',#3856,#3857,#3858);
#3856 = CARTESIAN_POINT('',(6.143237970453,-1.590354770538,8.84336485298
    ));
#3857 = DIRECTION('',(1.177098688018E-06,9.805064372745E-02,
    -0.995181426305));
#3858 = DIRECTION('',(5.670244813946E-24,-0.995181426306,
    -9.805064372751E-02));
#3859 = ADVANCED_FACE('',(#3860),#3877,.F.);
#3860 = FACE_BOUND('',#3861,.F.);
#3861 = EDGE_LOOP('',(#3862,#3870,#3876));
#3862 = ORIENTED_EDGE('',*,*,#3863,.T.);
#3863 = EDGE_CURVE('',#3506,#3864,#3866,.T.);
#3864 = VERTEX_POINT('',#3865);
#3865 = CARTESIAN_POINT('',(0.,-1.5,8.852259635925));
#3866 = LINE('',#3867,#3868);
#3867 = CARTESIAN_POINT('',(12.,-1.755810022354,8.827070236206));
#3868 = VECTOR('',#3869,1.);
#3869 = DIRECTION('',(-0.999770657833,2.131261286077E-02,
    2.098635227309E-03));
#3870 = ORIENTED_EDGE('',*,*,#3871,.T.);
#3871 = EDGE_CURVE('',#3864,#3841,#3872,.T.);
#3872 = LINE('',#3873,#3874);
#3873 = CARTESIAN_POINT('',(0.,-1.5,8.852259635925));
#3874 = VECTOR('',#3875,1.);
#3875 = DIRECTION('',(0.995138973946,9.800585540157E-02,
    9.657890052478E-03));
#3876 = ORIENTED_EDGE('',*,*,#3840,.F.);
#3877 = PLANE('',#3878);
#3878 = AXIS2_PLACEMENT_3D('',#3879,#3880,#3881);
#3879 = CARTESIAN_POINT('',(5.999672750989,-1.619132671721,
    8.840529280321));
#3880 = DIRECTION('',(1.305265699214E-06,9.805586481677E-02,
    -0.995180911882));
#3881 = DIRECTION('',(-1.063821385882E-23,-0.995180911882,
    -9.805586481685E-02));
#3882 = ADVANCED_FACE('',(#3883),#3900,.F.);
#3883 = FACE_BOUND('',#3884,.F.);
#3884 = EDGE_LOOP('',(#3885,#3893,#3894));
#3885 = ORIENTED_EDGE('',*,*,#3886,.T.);
#3886 = EDGE_CURVE('',#3887,#3864,#3889,.T.);
#3887 = VERTEX_POINT('',#3888);
#3888 = CARTESIAN_POINT('',(-12.,-1.755810022354,8.827070236206));
#3889 = LINE('',#3890,#3891);
#3890 = CARTESIAN_POINT('',(-12.,-1.755810022354,8.827070236206));
#3891 = VECTOR('',#3892,1.);
#3892 = DIRECTION('',(0.999770657833,2.131261286077E-02,
    2.098635227309E-03));
#3893 = ORIENTED_EDGE('',*,*,#3863,.F.);
#3894 = ORIENTED_EDGE('',*,*,#3895,.F.);
#3895 = EDGE_CURVE('',#3887,#3506,#3896,.T.);
#3896 = LINE('',#3897,#3898);
#3897 = CARTESIAN_POINT('',(-12.,-1.755810022354,8.827070236206));
#3898 = VECTOR('',#3899,1.);
#3899 = DIRECTION('',(1.,0.,0.));
#3900 = PLANE('',#3901);
#3901 = AXIS2_PLACEMENT_3D('',#3902,#3903,#3904);
#3902 = CARTESIAN_POINT('',(0.,-1.691850182421,8.833368308343));
#3903 = DIRECTION('',(-0.,9.799522322388E-02,-0.995186885075));
#3904 = DIRECTION('',(0.,-0.995186885075,-9.799522322388E-02));
#3905 = ADVANCED_FACE('',(#3906),#3923,.F.);
#3906 = FACE_BOUND('',#3907,.F.);
#3907 = EDGE_LOOP('',(#3908,#3916,#3922));
#3908 = ORIENTED_EDGE('',*,*,#3909,.T.);
#3909 = EDGE_CURVE('',#3887,#3910,#3912,.T.);
#3910 = VERTEX_POINT('',#3911);
#3911 = CARTESIAN_POINT('',(-0.292634993792,-1.471179962158,
    8.85509967804));
#3912 = LINE('',#3913,#3914);
#3913 = CARTESIAN_POINT('',(-12.,-1.755810022354,8.827070236206));
#3914 = VECTOR('',#3915,1.);
#3915 = DIRECTION('',(0.999701729549,2.430479986818E-02,
    2.393457576867E-03));
#3916 = ORIENTED_EDGE('',*,*,#3917,.T.);
#3917 = EDGE_CURVE('',#3910,#3864,#3918,.T.);
#3918 = LINE('',#3919,#3920);
#3919 = CARTESIAN_POINT('',(-0.292634993792,-1.471179962158,
    8.85509967804));
#3920 = VECTOR('',#3921,1.);
#3921 = DIRECTION('',(0.995138973946,-9.800585540157E-02,
    -9.657890052478E-03));
#3922 = ORIENTED_EDGE('',*,*,#3886,.F.);
#3923 = PLANE('',#3924);
#3924 = AXIS2_PLACEMENT_3D('',#3925,#3926,#3927);
#3925 = CARTESIAN_POINT('',(-5.999672750989,-1.619132671721,
    8.840529280321));
#3926 = DIRECTION('',(-1.305265699224E-06,9.805586481677E-02,
    -0.995180911882));
#3927 = DIRECTION('',(-9.917581879108E-24,-0.995180911882,
    -9.805586481685E-02));
#3928 = ADVANCED_FACE('',(#3929),#3946,.F.);
#3929 = FACE_BOUND('',#3930,.F.);
#3930 = EDGE_LOOP('',(#3931,#3939,#3945));
#3931 = ORIENTED_EDGE('',*,*,#3932,.T.);
#3932 = EDGE_CURVE('',#3887,#3933,#3935,.T.);
#3933 = VERTEX_POINT('',#3934);
#3934 = CARTESIAN_POINT('',(-0.574024021626,-1.385820031166,
    8.863510131836));
#3935 = LINE('',#3936,#3937);
#3936 = CARTESIAN_POINT('',(-12.,-1.755810022354,8.827070236206));
#3937 = VECTOR('',#3938,1.);
#3938 = DIRECTION('',(0.999471054362,3.236435008231E-02,
    3.18752822297E-03));
#3939 = ORIENTED_EDGE('',*,*,#3940,.T.);
#3940 = EDGE_CURVE('',#3933,#3910,#3941,.T.);
#3941 = LINE('',#3942,#3943);
#3942 = CARTESIAN_POINT('',(-0.574024021626,-1.385820031166,
    8.863510131836));
#3943 = VECTOR('',#3944,1.);
#3944 = DIRECTION('',(0.956547732472,-0.290170690247,-2.859031345297E-02
    ));
#3945 = ORIENTED_EDGE('',*,*,#3909,.F.);
#3946 = PLANE('',#3947);
#3947 = AXIS2_PLACEMENT_3D('',#3948,#3949,#3950);
#3948 = CARTESIAN_POINT('',(-6.143237970453,-1.590354770538,
    8.84336485298));
#3949 = DIRECTION('',(-1.177098688027E-06,9.805064372745E-02,
    -0.995181426305));
#3950 = DIRECTION('',(-2.953604421057E-24,-0.995181426306,
    -9.805064372751E-02));
#3951 = ADVANCED_FACE('',(#3952),#3969,.F.);
#3952 = FACE_BOUND('',#3953,.F.);
#3953 = EDGE_LOOP('',(#3954,#3962,#3968));
#3954 = ORIENTED_EDGE('',*,*,#3955,.T.);
#3955 = EDGE_CURVE('',#3887,#3956,#3958,.T.);
#3956 = VERTEX_POINT('',#3957);
#3957 = CARTESIAN_POINT('',(-0.833355009556,-1.247200012207,
    8.877160072327));
#3958 = LINE('',#3959,#3960);
#3959 = CARTESIAN_POINT('',(-12.,-1.755810022354,8.827070236206));
#3960 = VECTOR('',#3961,1.);
#3961 = DIRECTION('',(0.998954305756,4.54996250012E-02,
    4.480975038616E-03));
#3962 = ORIENTED_EDGE('',*,*,#3963,.T.);
#3963 = EDGE_CURVE('',#3956,#3933,#3964,.T.);
#3964 = LINE('',#3965,#3966);
#3965 = CARTESIAN_POINT('',(-0.833355009556,-1.247200012207,
    8.877160072327));
#3966 = VECTOR('',#3967,1.);
#3967 = DIRECTION('',(0.88096595463,-0.470902140572,-4.636982626342E-02)
  );
#3968 = ORIENTED_EDGE('',*,*,#3932,.F.);
#3969 = PLANE('',#3970);
#3970 = AXIS2_PLACEMENT_3D('',#3971,#3972,#3973);
#3971 = CARTESIAN_POINT('',(-6.278536685647,-1.533720916728,
    8.848942892715));
#3972 = DIRECTION('',(5.673538291009E-07,9.799728939365E-02,
    -0.995186681619));
#3973 = DIRECTION('',(-7.973402218399E-24,-0.995186681619,
    -9.799728939367E-02));
#3974 = ADVANCED_FACE('',(#3975),#3992,.F.);
#3975 = FACE_BOUND('',#3976,.F.);
#3976 = EDGE_LOOP('',(#3977,#3985,#3991));
#3977 = ORIENTED_EDGE('',*,*,#3978,.T.);
#3978 = EDGE_CURVE('',#3887,#3979,#3981,.T.);
#3979 = VERTEX_POINT('',#3980);
#3980 = CARTESIAN_POINT('',(-1.060660004616,-1.060660004616,
    8.895529747009));
#3981 = LINE('',#3982,#3983);
#3982 = CARTESIAN_POINT('',(-12.,-1.755810022354,8.827070236206));
#3983 = VECTOR('',#3984,1.);
#3984 = DIRECTION('',(0.997967591324,6.341673164049E-02,
    6.245383462654E-03));
#3985 = ORIENTED_EDGE('',*,*,#3986,.T.);
#3986 = EDGE_CURVE('',#3979,#3956,#3987,.T.);
#3987 = LINE('',#3988,#3989);
#3988 = CARTESIAN_POINT('',(-1.060660004616,-1.060660004616,
    8.895529747009));
#3989 = VECTOR('',#3990,1.);
#3990 = DIRECTION('',(0.771513736475,-0.633150090788,-6.234995561132E-02
    ));
#3991 = ORIENTED_EDGE('',*,*,#3955,.F.);
#3992 = PLANE('',#3993);
#3993 = AXIS2_PLACEMENT_3D('',#3994,#3995,#3996);
#3994 = CARTESIAN_POINT('',(-6.400378094912,-1.451368409338,
    8.857052423041));
#3995 = DIRECTION('',(3.430921726452E-07,9.800216581595E-02,
    -0.995186201419));
#3996 = DIRECTION('',(-4.993108096778E-24,-0.995186201419,
    -9.800216581595E-02));
#3997 = ADVANCED_FACE('',(#3998),#4015,.F.);
#3998 = FACE_BOUND('',#3999,.F.);
#3999 = EDGE_LOOP('',(#4000,#4008,#4014));
#4000 = ORIENTED_EDGE('',*,*,#4001,.T.);
#4001 = EDGE_CURVE('',#3887,#4002,#4004,.T.);
#4002 = VERTEX_POINT('',#4003);
#4003 = CARTESIAN_POINT('',(-1.247200012207,-0.833355009556,
    8.91792011261));
#4004 = LINE('',#4005,#4006);
#4005 = CARTESIAN_POINT('',(-12.,-1.755810022354,8.827070236206));
#4006 = VECTOR('',#4007,1.);
#4007 = DIRECTION('',(0.996305145823,8.547045207614E-02,
    8.417733005471E-03));
#4008 = ORIENTED_EDGE('',*,*,#4009,.T.);
#4009 = EDGE_CURVE('',#4002,#3979,#4010,.T.);
#4010 = LINE('',#4011,#4012);
#4011 = CARTESIAN_POINT('',(-1.247200012207,-0.833355009556,
    8.91792011261));
#4012 = VECTOR('',#4013,1.);
#4013 = DIRECTION('',(0.632553238443,-0.770786452708,-7.592525835855E-02
    ));
#4014 = ORIENTED_EDGE('',*,*,#3978,.F.);
#4015 = PLANE('',#4016);
#4016 = AXIS2_PLACEMENT_3D('',#4017,#4018,#4019);
#4017 = CARTESIAN_POINT('',(-6.504076537496,-1.346435446078,8.8673873707
    ));
#4018 = DIRECTION('',(-1.321570741382E-06,9.80281104046E-02,
    -0.995183646152));
#4019 = DIRECTION('',(-6.99673107045E-24,-0.995183646153,
    -9.802811040469E-02));
#4020 = ADVANCED_FACE('',(#4021),#4038,.F.);
#4021 = FACE_BOUND('',#4022,.F.);
#4022 = EDGE_LOOP('',(#4023,#4031,#4037));
#4023 = ORIENTED_EDGE('',*,*,#4024,.T.);
#4024 = EDGE_CURVE('',#3887,#4025,#4027,.T.);
#4025 = VERTEX_POINT('',#4026);
#4026 = CARTESIAN_POINT('',(-1.385820031166,-0.574024021626,
    8.943460464478));
#4027 = LINE('',#4028,#4029);
#4028 = CARTESIAN_POINT('',(-12.,-1.755810022354,8.827070236206));
#4029 = VECTOR('',#4030,1.);
#4030 = DIRECTION('',(0.99379969321,0.110649957737,1.089755152903E-02));
#4031 = ORIENTED_EDGE('',*,*,#4032,.T.);
#4032 = EDGE_CURVE('',#4025,#4002,#4033,.T.);
#4033 = LINE('',#4034,#4035);
#4034 = CARTESIAN_POINT('',(-1.385820031166,-0.574024021626,
    8.943460464478));
#4035 = VECTOR('',#4036,1.);
#4036 = DIRECTION('',(0.469641073474,-0.878606744331,-8.653005791024E-02
    ));
#4037 = ORIENTED_EDGE('',*,*,#4001,.F.);
#4038 = PLANE('',#4039);
#4039 = AXIS2_PLACEMENT_3D('',#4040,#4041,#4042);
#4040 = CARTESIAN_POINT('',(-6.585646065306,-1.222951164509,
    8.879549836072));
#4041 = DIRECTION('',(1.237298665428E-07,9.80114247968E-02,
    -0.995185289586));
#4042 = DIRECTION('',(7.738078377039E-25,-0.995185289586,
    -9.80114247968E-02));
#4043 = ADVANCED_FACE('',(#4044),#4061,.F.);
#4044 = FACE_BOUND('',#4045,.F.);
#4045 = EDGE_LOOP('',(#4046,#4054,#4060));
#4046 = ORIENTED_EDGE('',*,*,#4047,.T.);
#4047 = EDGE_CURVE('',#3887,#4048,#4050,.T.);
#4048 = VERTEX_POINT('',#4049);
#4049 = CARTESIAN_POINT('',(-1.471179962158,-0.292634993792,
    8.971179962158));
#4050 = LINE('',#4051,#4052);
#4051 = CARTESIAN_POINT('',(-12.,-1.755810022354,8.827070236206));
#4052 = VECTOR('',#4053,1.);
#4053 = DIRECTION('',(0.99039050923,0.137633149434,1.355564102699E-02));
#4054 = ORIENTED_EDGE('',*,*,#4055,.T.);
#4055 = EDGE_CURVE('',#4048,#4025,#4056,.T.);
#4056 = LINE('',#4057,#4058);
#4057 = CARTESIAN_POINT('',(-1.471179962158,-0.292634993792,
    8.971179962158));
#4058 = VECTOR('',#4059,1.);
#4059 = DIRECTION('',(0.289008079171,-0.952715184851,-9.38515142545E-02)
  );
#4060 = ORIENTED_EDGE('',*,*,#4024,.F.);
#4061 = PLANE('',#4062);
#4062 = AXIS2_PLACEMENT_3D('',#4063,#4064,#4065);
#4063 = CARTESIAN_POINT('',(-6.641947242924,-1.085691806334,
    8.893069604058));
#4064 = DIRECTION('',(-2.443524968156E-06,9.803426100208E-02,
    -0.995183040281));
#4065 = DIRECTION('',(-1.971020621766E-23,-0.995183040284,
    -9.803426100238E-02));
#4066 = ADVANCED_FACE('',(#4067),#4082,.F.);
#4067 = FACE_BOUND('',#4068,.F.);
#4068 = EDGE_LOOP('',(#4069,#4075,#4076));
#4069 = ORIENTED_EDGE('',*,*,#4070,.T.);
#4070 = EDGE_CURVE('',#3234,#4048,#4071,.T.);
#4071 = LINE('',#4072,#4073);
#4072 = CARTESIAN_POINT('',(-12.,0.,9.));
#4073 = VECTOR('',#4074,1.);
#4074 = DIRECTION('',(0.999610236498,-2.778287921156E-02,
    -2.736185511708E-03));
#4075 = ORIENTED_EDGE('',*,*,#4047,.F.);
#4076 = ORIENTED_EDGE('',*,*,#4077,.F.);
#4077 = EDGE_CURVE('',#3234,#3887,#4078,.T.);
#4078 = LINE('',#4079,#4080);
#4079 = CARTESIAN_POINT('',(-12.,0.,9.));
#4080 = VECTOR('',#4081,1.);
#4081 = DIRECTION('',(0.,-0.995184860985,-9.801577662181E-02));
#4082 = PLANE('',#4083);
#4083 = AXIS2_PLACEMENT_3D('',#4084,#4085,#4086);
#4084 = CARTESIAN_POINT('',(-7.140681672671,-0.609665196444,
    8.93995479588));
#4085 = DIRECTION('',(1.501431339636E-07,9.801577662181E-02,
    -0.995184860985));
#4086 = DIRECTION('',(9.602112602226E-25,-0.995184860985,
    -9.801577662181E-02));
#4087 = ADVANCED_FACE('',(#4088),#4098,.F.);
#4088 = FACE_BOUND('',#4089,.F.);
#4089 = EDGE_LOOP('',(#4090,#4091,#4092));
#4090 = ORIENTED_EDGE('',*,*,#4070,.F.);
#4091 = ORIENTED_EDGE('',*,*,#3251,.F.);
#4092 = ORIENTED_EDGE('',*,*,#4093,.T.);
#4093 = EDGE_CURVE('',#3244,#4048,#4094,.T.);
#4094 = LINE('',#4095,#4096);
#4095 = CARTESIAN_POINT('',(-1.5,0.,9.));
#4096 = VECTOR('',#4097,1.);
#4097 = DIRECTION('',(9.754304482569E-02,-0.990439654301,
    -9.754304482569E-02));
#4098 = PLANE('',#4099);
#4099 = AXIS2_PLACEMENT_3D('',#4100,#4101,#4102);
#4100 = CARTESIAN_POINT('',(-6.669956405368,-7.428514602789E-02,
    8.992684057734));
#4101 = DIRECTION('',(-0.,9.80104264616E-02,-0.995185387908));
#4102 = DIRECTION('',(0.,-0.995185387908,-9.80104264616E-02));
#4103 = ADVANCED_FACE('',(#4104),#4129,.F.);
#4104 = FACE_BOUND('',#4105,.F.);
#4105 = EDGE_LOOP('',(#4106,#4114,#4122,#4128));
#4106 = ORIENTED_EDGE('',*,*,#4107,.T.);
#4107 = EDGE_CURVE('',#3474,#4108,#4110,.T.);
#4108 = VERTEX_POINT('',#4109);
#4109 = CARTESIAN_POINT('',(0.292634993792,1.471179962158,10.));
#4110 = LINE('',#4111,#4112);
#4111 = CARTESIAN_POINT('',(0.292634993792,1.471179962158,8.85509967804)
  );
#4112 = VECTOR('',#4113,1.);
#4113 = DIRECTION('',(0.,0.,1.));
#4114 = ORIENTED_EDGE('',*,*,#4115,.T.);
#4115 = EDGE_CURVE('',#4108,#4116,#4118,.T.);
#4116 = VERTEX_POINT('',#4117);
#4117 = CARTESIAN_POINT('',(0.,1.5,10.));
#4118 = LINE('',#4119,#4120);
#4119 = CARTESIAN_POINT('',(0.292634993792,1.471179962158,10.));
#4120 = VECTOR('',#4121,1.);
#4121 = DIRECTION('',(-0.995185387908,9.80104264616E-02,0.));
#4122 = ORIENTED_EDGE('',*,*,#4123,.T.);
#4123 = EDGE_CURVE('',#4116,#3428,#4124,.T.);
#4124 = LINE('',#4125,#4126);
#4125 = CARTESIAN_POINT('',(0.,1.5,10.));
#4126 = VECTOR('',#4127,1.);
#4127 = DIRECTION('',(0.,0.,-1.));
#4128 = ORIENTED_EDGE('',*,*,#3481,.F.);
#4129 = PLANE('',#4130);
#4130 = AXIS2_PLACEMENT_3D('',#4131,#4132,#4133);
#4131 = CARTESIAN_POINT('',(0.146173247306,1.485604187441,9.426836399809
    ));
#4132 = DIRECTION('',(-9.80104264616E-02,-0.995185387908,-0.));
#4133 = DIRECTION('',(-0.995185387908,9.80104264616E-02,0.));
#4134 = ADVANCED_FACE('',(#4135),#4160,.F.);
#4135 = FACE_BOUND('',#4136,.F.);
#4136 = EDGE_LOOP('',(#4137,#4145,#4153,#4159));
#4137 = ORIENTED_EDGE('',*,*,#4138,.T.);
#4138 = EDGE_CURVE('',#3664,#4139,#4141,.T.);
#4139 = VERTEX_POINT('',#4140);
#4140 = CARTESIAN_POINT('',(0.833355009556,1.247200012207,10.));
#4141 = LINE('',#4142,#4143);
#4142 = CARTESIAN_POINT('',(0.833355009556,1.247200012207,8.877160072327
    ));
#4143 = VECTOR('',#4144,1.);
#4144 = DIRECTION('',(0.,0.,1.));
#4145 = ORIENTED_EDGE('',*,*,#4146,.T.);
#4146 = EDGE_CURVE('',#4139,#4147,#4149,.T.);
#4147 = VERTEX_POINT('',#4148);
#4148 = CARTESIAN_POINT('',(0.574024021626,1.385820031166,10.));
#4149 = LINE('',#4150,#4151);
#4150 = CARTESIAN_POINT('',(0.833355009556,1.247200012207,10.));
#4151 = VECTOR('',#4152,1.);
#4152 = DIRECTION('',(-0.881914593925,0.471409216098,0.));
#4153 = ORIENTED_EDGE('',*,*,#4154,.T.);
#4154 = EDGE_CURVE('',#4147,#3687,#4155,.T.);
#4155 = LINE('',#4156,#4157);
#4156 = CARTESIAN_POINT('',(0.574024021626,1.385820031166,10.));
#4157 = VECTOR('',#4158,1.);
#4158 = DIRECTION('',(0.,0.,-1.));
#4159 = ORIENTED_EDGE('',*,*,#3695,.F.);
#4160 = PLANE('',#4161);
#4161 = AXIS2_PLACEMENT_3D('',#4162,#4163,#4164);
#4162 = CARTESIAN_POINT('',(0.703067999359,1.316842240341,9.435088390295
    ));
#4163 = DIRECTION('',(-0.471409216098,-0.881914593925,-0.));
#4164 = DIRECTION('',(-0.881914593925,0.471409216098,0.));
#4165 = ADVANCED_FACE('',(#4166),#4191,.F.);
#4166 = FACE_BOUND('',#4167,.F.);
#4167 = EDGE_LOOP('',(#4168,#4178,#4184,#4185));
#4168 = ORIENTED_EDGE('',*,*,#4169,.T.);
#4169 = EDGE_CURVE('',#4170,#4172,#4174,.T.);
#4170 = VERTEX_POINT('',#4171);
#4171 = CARTESIAN_POINT('',(-1.247200012207,0.833355009556,10.));
#4172 = VERTEX_POINT('',#4173);
#4173 = CARTESIAN_POINT('',(-1.385820031166,0.574024021626,10.));
#4174 = LINE('',#4175,#4176);
#4175 = CARTESIAN_POINT('',(-1.247200012207,0.833355009556,10.));
#4176 = VECTOR('',#4177,1.);
#4177 = DIRECTION('',(-0.471409216098,-0.881914593925,0.));
#4178 = ORIENTED_EDGE('',*,*,#4179,.T.);
#4179 = EDGE_CURVE('',#4172,#3290,#4180,.T.);
#4180 = LINE('',#4181,#4182);
#4181 = CARTESIAN_POINT('',(-1.385820031166,0.574024021626,10.));
#4182 = VECTOR('',#4183,1.);
#4183 = DIRECTION('',(0.,0.,-1.));
#4184 = ORIENTED_EDGE('',*,*,#3320,.F.);
#4185 = ORIENTED_EDGE('',*,*,#4186,.T.);
#4186 = EDGE_CURVE('',#3313,#4170,#4187,.T.);
#4187 = LINE('',#4188,#4189);
#4188 = CARTESIAN_POINT('',(-1.247200012207,0.833355009556,8.91792011261
    ));
#4189 = VECTOR('',#4190,1.);
#4190 = DIRECTION('',(0.,0.,1.));
#4191 = PLANE('',#4192);
#4192 = AXIS2_PLACEMENT_3D('',#4193,#4194,#4195);
#4193 = CARTESIAN_POINT('',(-1.315861081536,0.704903555897,
    9.465068374207));
#4194 = DIRECTION('',(0.881914593925,-0.471409216098,0.));
#4195 = DIRECTION('',(0.471409216098,0.881914593925,0.));
#4196 = ADVANCED_FACE('',(#4197),#4222,.F.);
#4197 = FACE_BOUND('',#4198,.F.);
#4198 = EDGE_LOOP('',(#4199,#4209,#4215,#4216));
#4199 = ORIENTED_EDGE('',*,*,#4200,.T.);
#4200 = EDGE_CURVE('',#4201,#4203,#4205,.T.);
#4201 = VERTEX_POINT('',#4202);
#4202 = CARTESIAN_POINT('',(0.574024021626,-1.385820031166,10.));
#4203 = VERTEX_POINT('',#4204);
#4204 = CARTESIAN_POINT('',(0.833355009556,-1.247200012207,10.));
#4205 = LINE('',#4206,#4207);
#4206 = CARTESIAN_POINT('',(0.574024021626,-1.385820031166,10.));
#4207 = VECTOR('',#4208,1.);
#4208 = DIRECTION('',(0.881914593925,0.471409216098,0.));
#4209 = ORIENTED_EDGE('',*,*,#4210,.T.);
#4210 = EDGE_CURVE('',#4203,#3795,#4211,.T.);
#4211 = LINE('',#4212,#4213);
#4212 = CARTESIAN_POINT('',(0.833355009556,-1.247200012207,10.));
#4213 = VECTOR('',#4214,1.);
#4214 = DIRECTION('',(0.,0.,-1.));
#4215 = ORIENTED_EDGE('',*,*,#3825,.F.);
#4216 = ORIENTED_EDGE('',*,*,#4217,.T.);
#4217 = EDGE_CURVE('',#3818,#4201,#4218,.T.);
#4218 = LINE('',#4219,#4220);
#4219 = CARTESIAN_POINT('',(0.574024021626,-1.385820031166,
    8.863510131836));
#4220 = VECTOR('',#4221,1.);
#4221 = DIRECTION('',(0.,0.,1.));
#4222 = PLANE('',#4223);
#4223 = AXIS2_PLACEMENT_3D('',#4224,#4225,#4226);
#4224 = CARTESIAN_POINT('',(0.703067999359,-1.316842240341,
    9.435088390295));
#4225 = DIRECTION('',(-0.471409216098,0.881914593925,0.));
#4226 = DIRECTION('',(0.881914593925,0.471409216098,0.));
#4227 = ADVANCED_FACE('',(#4228),#4253,.F.);
#4228 = FACE_BOUND('',#4229,.F.);
#4229 = EDGE_LOOP('',(#4230,#4238,#4246,#4252));
#4230 = ORIENTED_EDGE('',*,*,#4231,.T.);
#4231 = EDGE_CURVE('',#4048,#4232,#4234,.T.);
#4232 = VERTEX_POINT('',#4233);
#4233 = CARTESIAN_POINT('',(-1.471179962158,-0.292634993792,10.));
#4234 = LINE('',#4235,#4236);
#4235 = CARTESIAN_POINT('',(-1.471179962158,-0.292634993792,
    8.971179962158));
#4236 = VECTOR('',#4237,1.);
#4237 = DIRECTION('',(0.,0.,1.));
#4238 = ORIENTED_EDGE('',*,*,#4239,.T.);
#4239 = EDGE_CURVE('',#4232,#4240,#4242,.T.);
#4240 = VERTEX_POINT('',#4241);
#4241 = CARTESIAN_POINT('',(-1.385820031166,-0.574024021626,10.));
#4242 = LINE('',#4243,#4244);
#4243 = CARTESIAN_POINT('',(-1.471179962158,-0.292634993792,10.));
#4244 = VECTOR('',#4245,1.);
#4245 = DIRECTION('',(0.290289356636,-0.956938916245,0.));
#4246 = ORIENTED_EDGE('',*,*,#4247,.T.);
#4247 = EDGE_CURVE('',#4240,#4025,#4248,.T.);
#4248 = LINE('',#4249,#4250);
#4249 = CARTESIAN_POINT('',(-1.385820031166,-0.574024021626,10.));
#4250 = VECTOR('',#4251,1.);
#4251 = DIRECTION('',(0.,0.,-1.));
#4252 = ORIENTED_EDGE('',*,*,#4055,.F.);
#4253 = PLANE('',#4254);
#4254 = AXIS2_PLACEMENT_3D('',#4255,#4256,#4257);
#4255 = CARTESIAN_POINT('',(-1.428057689789,-0.434787572395,
    9.478334197808));
#4256 = DIRECTION('',(0.956938916245,0.290289356636,0.));
#4257 = DIRECTION('',(-0.290289356636,0.956938916245,0.));
#4258 = ADVANCED_FACE('',(#4259),#4284,.F.);
#4259 = FACE_BOUND('',#4260,.F.);
#4260 = EDGE_LOOP('',(#4261,#4269,#4270,#4278));
#4261 = ORIENTED_EDGE('',*,*,#4262,.F.);
#4262 = EDGE_CURVE('',#3551,#4263,#4265,.T.);
#4263 = VERTEX_POINT('',#4264);
#4264 = CARTESIAN_POINT('',(1.471179962158,0.292634993792,10.));
#4265 = LINE('',#4266,#4267);
#4266 = CARTESIAN_POINT('',(1.471179962158,0.292634993792,8.971179962158
    ));
#4267 = VECTOR('',#4268,1.);
#4268 = DIRECTION('',(0.,0.,1.));
#4269 = ORIENTED_EDGE('',*,*,#3559,.F.);
#4270 = ORIENTED_EDGE('',*,*,#4271,.T.);
#4271 = EDGE_CURVE('',#3529,#4272,#4274,.T.);
#4272 = VERTEX_POINT('',#4273);
#4273 = CARTESIAN_POINT('',(1.5,0.,10.));
#4274 = LINE('',#4275,#4276);
#4275 = CARTESIAN_POINT('',(1.5,0.,9.));
#4276 = VECTOR('',#4277,1.);
#4277 = DIRECTION('',(0.,0.,1.));
#4278 = ORIENTED_EDGE('',*,*,#4279,.T.);
#4279 = EDGE_CURVE('',#4272,#4263,#4280,.T.);
#4280 = LINE('',#4281,#4282);
#4281 = CARTESIAN_POINT('',(1.5,0.,10.));
#4282 = VECTOR('',#4283,1.);
#4283 = DIRECTION('',(-9.80104264616E-02,0.995185387908,0.));
#4284 = PLANE('',#4285);
#4285 = AXIS2_PLACEMENT_3D('',#4286,#4287,#4288);
#4286 = CARTESIAN_POINT('',(1.485431369591,0.147928017744,9.492442751399
    ));
#4287 = DIRECTION('',(-0.995185387908,-9.80104264616E-02,-0.));
#4288 = DIRECTION('',(9.80104264616E-02,-0.995185387908,0.));
#4289 = ADVANCED_FACE('',(#4290),#4308,.F.);
#4290 = FACE_BOUND('',#4291,.F.);
#4291 = EDGE_LOOP('',(#4292,#4300,#4301,#4302));
#4292 = ORIENTED_EDGE('',*,*,#4293,.T.);
#4293 = EDGE_CURVE('',#4294,#3595,#4296,.T.);
#4294 = VERTEX_POINT('',#4295);
#4295 = CARTESIAN_POINT('',(1.385820031166,0.574024021626,10.));
#4296 = LINE('',#4297,#4298);
#4297 = CARTESIAN_POINT('',(1.385820031166,0.574024021626,10.));
#4298 = VECTOR('',#4299,1.);
#4299 = DIRECTION('',(0.,0.,-1.));
#4300 = ORIENTED_EDGE('',*,*,#3603,.F.);
#4301 = ORIENTED_EDGE('',*,*,#4262,.T.);
#4302 = ORIENTED_EDGE('',*,*,#4303,.T.);
#4303 = EDGE_CURVE('',#4263,#4294,#4304,.T.);
#4304 = LINE('',#4305,#4306);
#4305 = CARTESIAN_POINT('',(1.471179962158,0.292634993792,10.));
#4306 = VECTOR('',#4307,1.);
#4307 = DIRECTION('',(-0.290289356636,0.956938916245,0.));
#4308 = PLANE('',#4309);
#4309 = AXIS2_PLACEMENT_3D('',#4310,#4311,#4312);
#4310 = CARTESIAN_POINT('',(1.428057689789,0.434787572395,9.478334197808
    ));
#4311 = DIRECTION('',(-0.956938916245,-0.290289356636,-0.));
#4312 = DIRECTION('',(0.290289356636,-0.956938916245,0.));
#4313 = ADVANCED_FACE('',(#4314),#4339,.F.);
#4314 = FACE_BOUND('',#4315,.F.);
#4315 = EDGE_LOOP('',(#4316,#4326,#4332,#4333));
#4316 = ORIENTED_EDGE('',*,*,#4317,.T.);
#4317 = EDGE_CURVE('',#4318,#4320,#4322,.T.);
#4318 = VERTEX_POINT('',#4319);
#4319 = CARTESIAN_POINT('',(-0.574024021626,1.385820031166,10.));
#4320 = VERTEX_POINT('',#4321);
#4321 = CARTESIAN_POINT('',(-0.833355009556,1.247200012207,10.));
#4322 = LINE('',#4323,#4324);
#4323 = CARTESIAN_POINT('',(-0.574024021626,1.385820031166,10.));
#4324 = VECTOR('',#4325,1.);
#4325 = DIRECTION('',(-0.881914593925,-0.471409216098,0.));
#4326 = ORIENTED_EDGE('',*,*,#4327,.T.);
#4327 = EDGE_CURVE('',#4320,#3359,#4328,.T.);
#4328 = LINE('',#4329,#4330);
#4329 = CARTESIAN_POINT('',(-0.833355009556,1.247200012207,10.));
#4330 = VECTOR('',#4331,1.);
#4331 = DIRECTION('',(0.,0.,-1.));
#4332 = ORIENTED_EDGE('',*,*,#3389,.F.);
#4333 = ORIENTED_EDGE('',*,*,#4334,.T.);
#4334 = EDGE_CURVE('',#3382,#4318,#4335,.T.);
#4335 = LINE('',#4336,#4337);
#4336 = CARTESIAN_POINT('',(-0.574024021626,1.385820031166,
    8.863510131836));
#4337 = VECTOR('',#4338,1.);
#4338 = DIRECTION('',(0.,0.,1.));
#4339 = PLANE('',#4340);
#4340 = AXIS2_PLACEMENT_3D('',#4341,#4342,#4343);
#4341 = CARTESIAN_POINT('',(-0.703067999359,1.316842240341,
    9.435088390295));
#4342 = DIRECTION('',(0.471409216098,-0.881914593925,-0.));
#4343 = DIRECTION('',(-0.881914593925,-0.471409216098,0.));
#4344 = ADVANCED_FACE('',(#4345),#4370,.F.);
#4345 = FACE_BOUND('',#4346,.F.);
#4346 = EDGE_LOOP('',(#4347,#4355,#4356,#4364));
#4347 = ORIENTED_EDGE('',*,*,#4348,.T.);
#4348 = EDGE_CURVE('',#4349,#3451,#4351,.T.);
#4349 = VERTEX_POINT('',#4350);
#4350 = CARTESIAN_POINT('',(12.,3.444149971008,8.314920425415));
#4351 = LINE('',#4352,#4353);
#4352 = CARTESIAN_POINT('',(12.,3.444149971008,8.314920425415));
#4353 = VECTOR('',#4354,1.);
#4354 = DIRECTION('',(0.,-0.956940731464,0.290283372699));
#4355 = ORIENTED_EDGE('',*,*,#3450,.T.);
#4356 = ORIENTED_EDGE('',*,*,#4357,.T.);
#4357 = EDGE_CURVE('',#3266,#4358,#4360,.T.);
#4358 = VERTEX_POINT('',#4359);
#4359 = CARTESIAN_POINT('',(-12.,3.444149971008,8.314920425415));
#4360 = LINE('',#4361,#4362);
#4361 = CARTESIAN_POINT('',(-12.,1.755810022354,8.827070236206));
#4362 = VECTOR('',#4363,1.);
#4363 = DIRECTION('',(0.,0.956940731464,-0.290283372699));
#4364 = ORIENTED_EDGE('',*,*,#4365,.T.);
#4365 = EDGE_CURVE('',#4358,#4349,#4366,.T.);
#4366 = LINE('',#4367,#4368);
#4367 = CARTESIAN_POINT('',(-12.,3.444149971008,8.314920425415));
#4368 = VECTOR('',#4369,1.);
#4369 = DIRECTION('',(1.,0.,0.));
#4370 = PLANE('',#4371);
#4371 = AXIS2_PLACEMENT_3D('',#4372,#4373,#4374);
#4372 = CARTESIAN_POINT('',(0.,2.599979996681,8.570995330811));
#4373 = DIRECTION('',(-0.,-0.290283372699,-0.956940731464));
#4374 = DIRECTION('',(0.,-0.956940731464,0.290283372699));
#4375 = ADVANCED_FACE('',(#4376),#4401,.F.);
#4376 = FACE_BOUND('',#4377,.F.);
#4377 = EDGE_LOOP('',(#4378,#4386,#4387,#4395));
#4378 = ORIENTED_EDGE('',*,*,#4379,.T.);
#4379 = EDGE_CURVE('',#4380,#4349,#4382,.T.);
#4380 = VERTEX_POINT('',#4381);
#4381 = CARTESIAN_POINT('',(12.,5.000130176544,7.483230113983));
#4382 = LINE('',#4383,#4384);
#4383 = CARTESIAN_POINT('',(12.,5.000130176544,7.483230113983));
#4384 = VECTOR('',#4385,1.);
#4385 = DIRECTION('',(0.,-0.881920895753,0.471397426418));
#4386 = ORIENTED_EDGE('',*,*,#4365,.F.);
#4387 = ORIENTED_EDGE('',*,*,#4388,.T.);
#4388 = EDGE_CURVE('',#4358,#4389,#4391,.T.);
#4389 = VERTEX_POINT('',#4390);
#4390 = CARTESIAN_POINT('',(-12.,5.000130176544,7.483230113983));
#4391 = LINE('',#4392,#4393);
#4392 = CARTESIAN_POINT('',(-12.,3.444149971008,8.314920425415));
#4393 = VECTOR('',#4394,1.);
#4394 = DIRECTION('',(0.,0.881920895753,-0.471397426418));
#4395 = ORIENTED_EDGE('',*,*,#4396,.T.);
#4396 = EDGE_CURVE('',#4389,#4380,#4397,.T.);
#4397 = LINE('',#4398,#4399);
#4398 = CARTESIAN_POINT('',(-12.,5.000130176544,7.483230113983));
#4399 = VECTOR('',#4400,1.);
#4400 = DIRECTION('',(1.,0.,0.));
#4401 = PLANE('',#4402);
#4402 = AXIS2_PLACEMENT_3D('',#4403,#4404,#4405);
#4403 = CARTESIAN_POINT('',(0.,4.222140073776,7.899075269699));
#4404 = DIRECTION('',(-0.,-0.471397426418,-0.881920895753));
#4405 = DIRECTION('',(0.,-0.881920895753,0.471397426418));
#4406 = ADVANCED_FACE('',(#4407),#4432,.F.);
#4407 = FACE_BOUND('',#4408,.F.);
#4408 = EDGE_LOOP('',(#4409,#4417,#4418,#4426));
#4409 = ORIENTED_EDGE('',*,*,#4410,.T.);
#4410 = EDGE_CURVE('',#4411,#4380,#4413,.T.);
#4411 = VERTEX_POINT('',#4412);
#4412 = CARTESIAN_POINT('',(12.,6.363959789276,6.363959789276));
#4413 = LINE('',#4414,#4415);
#4414 = CARTESIAN_POINT('',(12.,6.363959789276,6.363959789276));
#4415 = VECTOR('',#4416,1.);
#4416 = DIRECTION('',(0.,-0.77300926172,0.634394736182));
#4417 = ORIENTED_EDGE('',*,*,#4396,.F.);
#4418 = ORIENTED_EDGE('',*,*,#4419,.T.);
#4419 = EDGE_CURVE('',#4389,#4420,#4422,.T.);
#4420 = VERTEX_POINT('',#4421);
#4421 = CARTESIAN_POINT('',(-12.,6.363959789276,6.363959789276));
#4422 = LINE('',#4423,#4424);
#4423 = CARTESIAN_POINT('',(-12.,5.000130176544,7.483230113983));
#4424 = VECTOR('',#4425,1.);
#4425 = DIRECTION('',(0.,0.77300926172,-0.634394736182));
#4426 = ORIENTED_EDGE('',*,*,#4427,.T.);
#4427 = EDGE_CURVE('',#4420,#4411,#4428,.T.);
#4428 = LINE('',#4429,#4430);
#4429 = CARTESIAN_POINT('',(-12.,6.363959789276,6.363959789276));
#4430 = VECTOR('',#4431,1.);
#4431 = DIRECTION('',(1.,0.,0.));
#4432 = PLANE('',#4433);
#4433 = AXIS2_PLACEMENT_3D('',#4434,#4435,#4436);
#4434 = CARTESIAN_POINT('',(0.,5.68204498291,6.92359495163));
#4435 = DIRECTION('',(-0.,-0.634394736182,-0.77300926172));
#4436 = DIRECTION('',(0.,-0.77300926172,0.634394736182));
#4437 = ADVANCED_FACE('',(#4438),#4463,.F.);
#4438 = FACE_BOUND('',#4439,.F.);
#4439 = EDGE_LOOP('',(#4440,#4441,#4449,#4457));
#4440 = ORIENTED_EDGE('',*,*,#4427,.F.);
#4441 = ORIENTED_EDGE('',*,*,#4442,.T.);
#4442 = EDGE_CURVE('',#4420,#4443,#4445,.T.);
#4443 = VERTEX_POINT('',#4444);
#4444 = CARTESIAN_POINT('',(-12.,7.483230113983,5.000130176544));
#4445 = LINE('',#4446,#4447);
#4446 = CARTESIAN_POINT('',(-12.,6.363959789276,6.363959789276));
#4447 = VECTOR('',#4448,1.);
#4448 = DIRECTION('',(0.,0.634394736182,-0.77300926172));
#4449 = ORIENTED_EDGE('',*,*,#4450,.F.);
#4450 = EDGE_CURVE('',#4451,#4443,#4453,.T.);
#4451 = VERTEX_POINT('',#4452);
#4452 = CARTESIAN_POINT('',(12.,7.483230113983,5.000130176544));
#4453 = LINE('',#4454,#4455);
#4454 = CARTESIAN_POINT('',(12.,7.483230113983,5.000130176544));
#4455 = VECTOR('',#4456,1.);
#4456 = DIRECTION('',(-1.,0.,0.));
#4457 = ORIENTED_EDGE('',*,*,#4458,.T.);
#4458 = EDGE_CURVE('',#4451,#4411,#4459,.T.);
#4459 = LINE('',#4460,#4461);
#4460 = CARTESIAN_POINT('',(12.,7.483230113983,5.000130176544));
#4461 = VECTOR('',#4462,1.);
#4462 = DIRECTION('',(0.,-0.634394736182,0.77300926172));
#4463 = PLANE('',#4464);
#4464 = AXIS2_PLACEMENT_3D('',#4465,#4466,#4467);
#4465 = CARTESIAN_POINT('',(6.894641047751E-17,6.92359495163,
    5.68204498291));
#4466 = DIRECTION('',(-0.,-0.77300926172,-0.634394736182));
#4467 = DIRECTION('',(0.,0.634394736182,-0.77300926172));
#4468 = ADVANCED_FACE('',(#4469),#4494,.F.);
#4469 = FACE_BOUND('',#4470,.F.);
#4470 = EDGE_LOOP('',(#4471,#4472,#4480,#4488));
#4471 = ORIENTED_EDGE('',*,*,#4450,.T.);
#4472 = ORIENTED_EDGE('',*,*,#4473,.T.);
#4473 = EDGE_CURVE('',#4443,#4474,#4476,.T.);
#4474 = VERTEX_POINT('',#4475);
#4475 = CARTESIAN_POINT('',(-12.,8.314920425415,3.444149971008));
#4476 = LINE('',#4477,#4478);
#4477 = CARTESIAN_POINT('',(-12.,7.483230113983,5.000130176544));
#4478 = VECTOR('',#4479,1.);
#4479 = DIRECTION('',(0.,0.471397426418,-0.881920895753));
#4480 = ORIENTED_EDGE('',*,*,#4481,.T.);
#4481 = EDGE_CURVE('',#4474,#4482,#4484,.T.);
#4482 = VERTEX_POINT('',#4483);
#4483 = CARTESIAN_POINT('',(12.,8.314920425415,3.444149971008));
#4484 = LINE('',#4485,#4486);
#4485 = CARTESIAN_POINT('',(-12.,8.314920425415,3.444149971008));
#4486 = VECTOR('',#4487,1.);
#4487 = DIRECTION('',(1.,0.,0.));
#4488 = ORIENTED_EDGE('',*,*,#4489,.T.);
#4489 = EDGE_CURVE('',#4482,#4451,#4490,.T.);
#4490 = LINE('',#4491,#4492);
#4491 = CARTESIAN_POINT('',(12.,8.314920425415,3.444149971008));
#4492 = VECTOR('',#4493,1.);
#4493 = DIRECTION('',(0.,-0.471397426418,0.881920895753));
#4494 = PLANE('',#4495);
#4495 = AXIS2_PLACEMENT_3D('',#4496,#4497,#4498);
#4496 = CARTESIAN_POINT('',(-2.06839263508E-16,7.899075269699,
    4.222140073776));
#4497 = DIRECTION('',(-0.,-0.881920895753,-0.471397426418));
#4498 = DIRECTION('',(0.,0.471397426418,-0.881920895753));
#4499 = ADVANCED_FACE('',(#4500),#4525,.F.);
#4500 = FACE_BOUND('',#4501,.F.);
#4501 = EDGE_LOOP('',(#4502,#4503,#4511,#4519));
#4502 = ORIENTED_EDGE('',*,*,#4481,.F.);
#4503 = ORIENTED_EDGE('',*,*,#4504,.T.);
#4504 = EDGE_CURVE('',#4474,#4505,#4507,.T.);
#4505 = VERTEX_POINT('',#4506);
#4506 = CARTESIAN_POINT('',(-12.,8.827070236206,1.755810022354));
#4507 = LINE('',#4508,#4509);
#4508 = CARTESIAN_POINT('',(-12.,8.314920425415,3.444149971008));
#4509 = VECTOR('',#4510,1.);
#4510 = DIRECTION('',(0.,0.290283372699,-0.956940731464));
#4511 = ORIENTED_EDGE('',*,*,#4512,.F.);
#4512 = EDGE_CURVE('',#4513,#4505,#4515,.T.);
#4513 = VERTEX_POINT('',#4514);
#4514 = CARTESIAN_POINT('',(12.,8.827070236206,1.755810022354));
#4515 = LINE('',#4516,#4517);
#4516 = CARTESIAN_POINT('',(12.,8.827070236206,1.755810022354));
#4517 = VECTOR('',#4518,1.);
#4518 = DIRECTION('',(-1.,0.,0.));
#4519 = ORIENTED_EDGE('',*,*,#4520,.T.);
#4520 = EDGE_CURVE('',#4513,#4482,#4521,.T.);
#4521 = LINE('',#4522,#4523);
#4522 = CARTESIAN_POINT('',(12.,8.827070236206,1.755810022354));
#4523 = VECTOR('',#4524,1.);
#4524 = DIRECTION('',(0.,-0.290283372699,0.956940731464));
#4525 = PLANE('',#4526);
#4526 = AXIS2_PLACEMENT_3D('',#4527,#4528,#4529);
#4527 = CARTESIAN_POINT('',(6.894641659115E-17,8.570995330811,
    2.599979996681));
#4528 = DIRECTION('',(-0.,-0.956940731464,-0.290283372699));
#4529 = DIRECTION('',(0.,0.290283372699,-0.956940731464));
#4530 = ADVANCED_FACE('',(#4531),#4556,.F.);
#4531 = FACE_BOUND('',#4532,.F.);
#4532 = EDGE_LOOP('',(#4533,#4534,#4542,#4550));
#4533 = ORIENTED_EDGE('',*,*,#4512,.T.);
#4534 = ORIENTED_EDGE('',*,*,#4535,.T.);
#4535 = EDGE_CURVE('',#4505,#4536,#4538,.T.);
#4536 = VERTEX_POINT('',#4537);
#4537 = CARTESIAN_POINT('',(-12.,9.,0.));
#4538 = LINE('',#4539,#4540);
#4539 = CARTESIAN_POINT('',(-12.,8.827070236206,1.755810022354));
#4540 = VECTOR('',#4541,1.);
#4541 = DIRECTION('',(0.,9.801577662181E-02,-0.995184860985));
#4542 = ORIENTED_EDGE('',*,*,#4543,.T.);
#4543 = EDGE_CURVE('',#4536,#4544,#4546,.T.);
#4544 = VERTEX_POINT('',#4545);
#4545 = CARTESIAN_POINT('',(12.,9.,0.));
#4546 = LINE('',#4547,#4548);
#4547 = CARTESIAN_POINT('',(-12.,9.,0.));
#4548 = VECTOR('',#4549,1.);
#4549 = DIRECTION('',(1.,0.,0.));
#4550 = ORIENTED_EDGE('',*,*,#4551,.T.);
#4551 = EDGE_CURVE('',#4544,#4513,#4552,.T.);
#4552 = LINE('',#4553,#4554);
#4553 = CARTESIAN_POINT('',(12.,9.,0.));
#4554 = VECTOR('',#4555,1.);
#4555 = DIRECTION('',(0.,-9.801577662181E-02,0.995184860985));
#4556 = PLANE('',#4557);
#4557 = AXIS2_PLACEMENT_3D('',#4558,#4559,#4560);
#4558 = CARTESIAN_POINT('',(2.757857139095E-16,8.913535118103,
    0.877905011177));
#4559 = DIRECTION('',(-0.,-0.995184860985,-9.801577662181E-02));
#4560 = DIRECTION('',(0.,9.801577662181E-02,-0.995184860985));
#4561 = ADVANCED_FACE('',(#4562,#4755),#5013,.F.);
#4562 = FACE_BOUND('',#4563,.F.);
#4563 = EDGE_LOOP('',(#4564,#4565,#4566,#4567,#4568,#4569,#4570,#4571,
    #4572,#4573,#4581,#4589,#4597,#4605,#4613,#4621,#4629,#4637,#4645,
    #4653,#4661,#4669,#4677,#4685,#4693,#4701,#4709,#4717,#4725,#4733,
    #4741,#4749));
#4564 = ORIENTED_EDGE('',*,*,#4535,.F.);
#4565 = ORIENTED_EDGE('',*,*,#4504,.F.);
#4566 = ORIENTED_EDGE('',*,*,#4473,.F.);
#4567 = ORIENTED_EDGE('',*,*,#4442,.F.);
#4568 = ORIENTED_EDGE('',*,*,#4419,.F.);
#4569 = ORIENTED_EDGE('',*,*,#4388,.F.);
#4570 = ORIENTED_EDGE('',*,*,#4357,.F.);
#4571 = ORIENTED_EDGE('',*,*,#3274,.F.);
#4572 = ORIENTED_EDGE('',*,*,#4077,.T.);
#4573 = ORIENTED_EDGE('',*,*,#4574,.F.);
#4574 = EDGE_CURVE('',#4575,#3887,#4577,.T.);
#4575 = VERTEX_POINT('',#4576);
#4576 = CARTESIAN_POINT('',(-12.,-3.444149971008,8.314920425415));
#4577 = LINE('',#4578,#4579);
#4578 = CARTESIAN_POINT('',(-12.,-3.444149971008,8.314920425415));
#4579 = VECTOR('',#4580,1.);
#4580 = DIRECTION('',(0.,0.956940731464,0.290283372699));
#4581 = ORIENTED_EDGE('',*,*,#4582,.T.);
#4582 = EDGE_CURVE('',#4575,#4583,#4585,.T.);
#4583 = VERTEX_POINT('',#4584);
#4584 = CARTESIAN_POINT('',(-12.,-5.000130176544,7.483230113983));
#4585 = LINE('',#4586,#4587);
#4586 = CARTESIAN_POINT('',(-12.,-3.444149971008,8.314920425415));
#4587 = VECTOR('',#4588,1.);
#4588 = DIRECTION('',(0.,-0.881920895753,-0.471397426418));
#4589 = ORIENTED_EDGE('',*,*,#4590,.T.);
#4590 = EDGE_CURVE('',#4583,#4591,#4593,.T.);
#4591 = VERTEX_POINT('',#4592);
#4592 = CARTESIAN_POINT('',(-12.,-6.363959789276,6.363959789276));
#4593 = LINE('',#4594,#4595);
#4594 = CARTESIAN_POINT('',(-12.,-5.000130176544,7.483230113983));
#4595 = VECTOR('',#4596,1.);
#4596 = DIRECTION('',(0.,-0.77300926172,-0.634394736182));
#4597 = ORIENTED_EDGE('',*,*,#4598,.T.);
#4598 = EDGE_CURVE('',#4591,#4599,#4601,.T.);
#4599 = VERTEX_POINT('',#4600);
#4600 = CARTESIAN_POINT('',(-12.,-7.483230113983,5.000130176544));
#4601 = LINE('',#4602,#4603);
#4602 = CARTESIAN_POINT('',(-12.,-6.363959789276,6.363959789276));
#4603 = VECTOR('',#4604,1.);
#4604 = DIRECTION('',(0.,-0.634394736182,-0.77300926172));
#4605 = ORIENTED_EDGE('',*,*,#4606,.F.);
#4606 = EDGE_CURVE('',#4607,#4599,#4609,.T.);
#4607 = VERTEX_POINT('',#4608);
#4608 = CARTESIAN_POINT('',(-12.,-8.314920425415,3.444149971008));
#4609 = LINE('',#4610,#4611);
#4610 = CARTESIAN_POINT('',(-12.,-8.314920425415,3.444149971008));
#4611 = VECTOR('',#4612,1.);
#4612 = DIRECTION('',(0.,0.471397426418,0.881920895753));
#4613 = ORIENTED_EDGE('',*,*,#4614,.F.);
#4614 = EDGE_CURVE('',#4615,#4607,#4617,.T.);
#4615 = VERTEX_POINT('',#4616);
#4616 = CARTESIAN_POINT('',(-12.,-8.827070236206,1.755810022354));
#4617 = LINE('',#4618,#4619);
#4618 = CARTESIAN_POINT('',(-12.,-8.827070236206,1.755810022354));
#4619 = VECTOR('',#4620,1.);
#4620 = DIRECTION('',(0.,0.290283372699,0.956940731464));
#4621 = ORIENTED_EDGE('',*,*,#4622,.F.);
#4622 = EDGE_CURVE('',#4623,#4615,#4625,.T.);
#4623 = VERTEX_POINT('',#4624);
#4624 = CARTESIAN_POINT('',(-12.,-9.,0.));
#4625 = LINE('',#4626,#4627);
#4626 = CARTESIAN_POINT('',(-12.,-9.,0.));
#4627 = VECTOR('',#4628,1.);
#4628 = DIRECTION('',(0.,9.801577662181E-02,0.995184860985));
#4629 = ORIENTED_EDGE('',*,*,#4630,.F.);
#4630 = EDGE_CURVE('',#4631,#4623,#4633,.T.);
#4631 = VERTEX_POINT('',#4632);
#4632 = CARTESIAN_POINT('',(-12.,-8.827070236206,-1.755810022354));
#4633 = LINE('',#4634,#4635);
#4634 = CARTESIAN_POINT('',(-12.,-8.827070236206,-1.755810022354));
#4635 = VECTOR('',#4636,1.);
#4636 = DIRECTION('',(0.,-9.801577662181E-02,0.995184860985));
#4637 = ORIENTED_EDGE('',*,*,#4638,.F.);
#4638 = EDGE_CURVE('',#4639,#4631,#4641,.T.);
#4639 = VERTEX_POINT('',#4640);
#4640 = CARTESIAN_POINT('',(-12.,-8.314920425415,-3.444149971008));
#4641 = LINE('',#4642,#4643);
#4642 = CARTESIAN_POINT('',(-12.,-8.314920425415,-3.444149971008));
#4643 = VECTOR('',#4644,1.);
#4644 = DIRECTION('',(0.,-0.290283372699,0.956940731464));
#4645 = ORIENTED_EDGE('',*,*,#4646,.F.);
#4646 = EDGE_CURVE('',#4647,#4639,#4649,.T.);
#4647 = VERTEX_POINT('',#4648);
#4648 = CARTESIAN_POINT('',(-12.,-7.483230113983,-5.000130176544));
#4649 = LINE('',#4650,#4651);
#4650 = CARTESIAN_POINT('',(-12.,-7.483230113983,-5.000130176544));
#4651 = VECTOR('',#4652,1.);
#4652 = DIRECTION('',(0.,-0.471397426418,0.881920895753));
#4653 = ORIENTED_EDGE('',*,*,#4654,.F.);
#4654 = EDGE_CURVE('',#4655,#4647,#4657,.T.);
#4655 = VERTEX_POINT('',#4656);
#4656 = CARTESIAN_POINT('',(-12.,-6.363959789276,-6.363959789276));
#4657 = LINE('',#4658,#4659);
#4658 = CARTESIAN_POINT('',(-12.,-6.363959789276,-6.363959789276));
#4659 = VECTOR('',#4660,1.);
#4660 = DIRECTION('',(0.,-0.634394736182,0.77300926172));
#4661 = ORIENTED_EDGE('',*,*,#4662,.T.);
#4662 = EDGE_CURVE('',#4655,#4663,#4665,.T.);
#4663 = VERTEX_POINT('',#4664);
#4664 = CARTESIAN_POINT('',(-12.,-5.000130176544,-7.483230113983));
#4665 = LINE('',#4666,#4667);
#4666 = CARTESIAN_POINT('',(-12.,-6.363959789276,-6.363959789276));
#4667 = VECTOR('',#4668,1.);
#4668 = DIRECTION('',(0.,0.77300926172,-0.634394736182));
#4669 = ORIENTED_EDGE('',*,*,#4670,.F.);
#4670 = EDGE_CURVE('',#4671,#4663,#4673,.T.);
#4671 = VERTEX_POINT('',#4672);
#4672 = CARTESIAN_POINT('',(-12.,-3.444149971008,-8.314920425415));
#4673 = LINE('',#4674,#4675);
#4674 = CARTESIAN_POINT('',(-12.,-3.444149971008,-8.314920425415));
#4675 = VECTOR('',#4676,1.);
#4676 = DIRECTION('',(0.,-0.881920895753,0.471397426418));
#4677 = ORIENTED_EDGE('',*,*,#4678,.T.);
#4678 = EDGE_CURVE('',#4671,#4679,#4681,.T.);
#4679 = VERTEX_POINT('',#4680);
#4680 = CARTESIAN_POINT('',(-12.,-1.755810022354,-8.827070236206));
#4681 = LINE('',#4682,#4683);
#4682 = CARTESIAN_POINT('',(-12.,-3.444149971008,-8.314920425415));
#4683 = VECTOR('',#4684,1.);
#4684 = DIRECTION('',(0.,0.956940731464,-0.290283372699));
#4685 = ORIENTED_EDGE('',*,*,#4686,.F.);
#4686 = EDGE_CURVE('',#4687,#4679,#4689,.T.);
#4687 = VERTEX_POINT('',#4688);
#4688 = CARTESIAN_POINT('',(-12.,0.,-9.));
#4689 = LINE('',#4690,#4691);
#4690 = CARTESIAN_POINT('',(-12.,0.,-9.));
#4691 = VECTOR('',#4692,1.);
#4692 = DIRECTION('',(0.,-0.995184860985,9.801577662181E-02));
#4693 = ORIENTED_EDGE('',*,*,#4694,.F.);
#4694 = EDGE_CURVE('',#4695,#4687,#4697,.T.);
#4695 = VERTEX_POINT('',#4696);
#4696 = CARTESIAN_POINT('',(-12.,1.755810022354,-8.827070236206));
#4697 = LINE('',#4698,#4699);
#4698 = CARTESIAN_POINT('',(-12.,1.755810022354,-8.827070236206));
#4699 = VECTOR('',#4700,1.);
#4700 = DIRECTION('',(0.,-0.995184860985,-9.801577662181E-02));
#4701 = ORIENTED_EDGE('',*,*,#4702,.F.);
#4702 = EDGE_CURVE('',#4703,#4695,#4705,.T.);
#4703 = VERTEX_POINT('',#4704);
#4704 = CARTESIAN_POINT('',(-12.,3.444149971008,-8.314920425415));
#4705 = LINE('',#4706,#4707);
#4706 = CARTESIAN_POINT('',(-12.,3.444149971008,-8.314920425415));
#4707 = VECTOR('',#4708,1.);
#4708 = DIRECTION('',(0.,-0.956940731464,-0.290283372699));
#4709 = ORIENTED_EDGE('',*,*,#4710,.F.);
#4710 = EDGE_CURVE('',#4711,#4703,#4713,.T.);
#4711 = VERTEX_POINT('',#4712);
#4712 = CARTESIAN_POINT('',(-12.,5.000130176544,-7.483230113983));
#4713 = LINE('',#4714,#4715);
#4714 = CARTESIAN_POINT('',(-12.,5.000130176544,-7.483230113983));
#4715 = VECTOR('',#4716,1.);
#4716 = DIRECTION('',(0.,-0.881920895753,-0.471397426418));
#4717 = ORIENTED_EDGE('',*,*,#4718,.T.);
#4718 = EDGE_CURVE('',#4711,#4719,#4721,.T.);
#4719 = VERTEX_POINT('',#4720);
#4720 = CARTESIAN_POINT('',(-12.,6.363959789276,-6.363959789276));
#4721 = LINE('',#4722,#4723);
#4722 = CARTESIAN_POINT('',(-12.,5.000130176544,-7.483230113983));
#4723 = VECTOR('',#4724,1.);
#4724 = DIRECTION('',(0.,0.77300926172,0.634394736182));
#4725 = ORIENTED_EDGE('',*,*,#4726,.T.);
#4726 = EDGE_CURVE('',#4719,#4727,#4729,.T.);
#4727 = VERTEX_POINT('',#4728);
#4728 = CARTESIAN_POINT('',(-12.,7.483230113983,-5.000130176544));
#4729 = LINE('',#4730,#4731);
#4730 = CARTESIAN_POINT('',(-12.,6.363959789276,-6.363959789276));
#4731 = VECTOR('',#4732,1.);
#4732 = DIRECTION('',(0.,0.634394736182,0.77300926172));
#4733 = ORIENTED_EDGE('',*,*,#4734,.F.);
#4734 = EDGE_CURVE('',#4735,#4727,#4737,.T.);
#4735 = VERTEX_POINT('',#4736);
#4736 = CARTESIAN_POINT('',(-12.,8.314920425415,-3.444149971008));
#4737 = LINE('',#4738,#4739);
#4738 = CARTESIAN_POINT('',(-12.,8.314920425415,-3.444149971008));
#4739 = VECTOR('',#4740,1.);
#4740 = DIRECTION('',(0.,-0.471397426418,-0.881920895753));
#4741 = ORIENTED_EDGE('',*,*,#4742,.F.);
#4742 = EDGE_CURVE('',#4743,#4735,#4745,.T.);
#4743 = VERTEX_POINT('',#4744);
#4744 = CARTESIAN_POINT('',(-12.,8.827070236206,-1.755810022354));
#4745 = LINE('',#4746,#4747);
#4746 = CARTESIAN_POINT('',(-12.,8.827070236206,-1.755810022354));
#4747 = VECTOR('',#4748,1.);
#4748 = DIRECTION('',(0.,-0.290283372699,-0.956940731464));
#4749 = ORIENTED_EDGE('',*,*,#4750,.T.);
#4750 = EDGE_CURVE('',#4743,#4536,#4751,.T.);
#4751 = LINE('',#4752,#4753);
#4752 = CARTESIAN_POINT('',(-12.,8.827070236206,-1.755810022354));
#4753 = VECTOR('',#4754,1.);
#4754 = DIRECTION('',(0.,9.801577662181E-02,0.995184860985));
#4755 = FACE_BOUND('',#4756,.F.);
#4756 = EDGE_LOOP('',(#4757,#4767,#4775,#4783,#4791,#4799,#4807,#4815,
    #4823,#4831,#4839,#4847,#4855,#4863,#4871,#4879,#4887,#4895,#4903,
    #4911,#4919,#4927,#4935,#4943,#4951,#4959,#4967,#4975,#4983,#4991,
    #4999,#5007));
#4757 = ORIENTED_EDGE('',*,*,#4758,.F.);
#4758 = EDGE_CURVE('',#4759,#4761,#4763,.T.);
#4759 = VERTEX_POINT('',#4760);
#4760 = CARTESIAN_POINT('',(-12.,2.550040006638,-0.507234990597));
#4761 = VERTEX_POINT('',#4762);
#4762 = CARTESIAN_POINT('',(-12.,2.599999904633,0.));
#4763 = LINE('',#4764,#4765);
#4764 = CARTESIAN_POINT('',(-12.,2.550040006638,-0.507234990597));
#4765 = VECTOR('',#4766,1.);
#4766 = DIRECTION('',(0.,9.802027253596E-02,0.995184418172));
#4767 = ORIENTED_EDGE('',*,*,#4768,.F.);
#4768 = EDGE_CURVE('',#4769,#4759,#4771,.T.);
#4769 = VERTEX_POINT('',#4770);
#4770 = CARTESIAN_POINT('',(-12.,2.402090072632,-0.994975984097));
#4771 = LINE('',#4772,#4773);
#4772 = CARTESIAN_POINT('',(-12.,2.402090072632,-0.994975984097));
#4773 = VECTOR('',#4774,1.);
#4774 = DIRECTION('',(0.,0.290276270962,0.956942885713));
#4775 = ORIENTED_EDGE('',*,*,#4776,.F.);
#4776 = EDGE_CURVE('',#4777,#4769,#4779,.T.);
#4777 = VERTEX_POINT('',#4778);
#4778 = CARTESIAN_POINT('',(-12.,2.161819934845,-1.444479942322));
#4779 = LINE('',#4780,#4781);
#4780 = CARTESIAN_POINT('',(-12.,2.161819934845,-1.444479942322));
#4781 = VECTOR('',#4782,1.);
#4782 = DIRECTION('',(0.,0.471404773413,0.881916968656));
#4783 = ORIENTED_EDGE('',*,*,#4784,.F.);
#4784 = EDGE_CURVE('',#4785,#4777,#4787,.T.);
#4785 = VERTEX_POINT('',#4786);
#4786 = CARTESIAN_POINT('',(-12.,1.838479995728,-1.838479995728));
#4787 = LINE('',#4788,#4789);
#4788 = CARTESIAN_POINT('',(-12.,1.838479995728,-1.838479995728));
#4789 = VECTOR('',#4790,1.);
#4790 = DIRECTION('',(0.,0.63438443474,0.773017715812));
#4791 = ORIENTED_EDGE('',*,*,#4792,.F.);
#4792 = EDGE_CURVE('',#4793,#4785,#4795,.T.);
#4793 = VERTEX_POINT('',#4794);
#4794 = CARTESIAN_POINT('',(-12.,1.444479942322,-2.161819934845));
#4795 = LINE('',#4796,#4797);
#4796 = CARTESIAN_POINT('',(-12.,1.444479942322,-2.161819934845));
#4797 = VECTOR('',#4798,1.);
#4798 = DIRECTION('',(0.,0.773017715812,0.63438443474));
#4799 = ORIENTED_EDGE('',*,*,#4800,.F.);
#4800 = EDGE_CURVE('',#4801,#4793,#4803,.T.);
#4801 = VERTEX_POINT('',#4802);
#4802 = CARTESIAN_POINT('',(-12.,0.994975984097,-2.402090072632));
#4803 = LINE('',#4804,#4805);
#4804 = CARTESIAN_POINT('',(-12.,0.994975984097,-2.402090072632));
#4805 = VECTOR('',#4806,1.);
#4806 = DIRECTION('',(0.,0.881916968656,0.471404773413));
#4807 = ORIENTED_EDGE('',*,*,#4808,.F.);
#4808 = EDGE_CURVE('',#4809,#4801,#4811,.T.);
#4809 = VERTEX_POINT('',#4810);
#4810 = CARTESIAN_POINT('',(-12.,0.507234990597,-2.550040006638));
#4811 = LINE('',#4812,#4813);
#4812 = CARTESIAN_POINT('',(-12.,0.507234990597,-2.550040006638));
#4813 = VECTOR('',#4814,1.);
#4814 = DIRECTION('',(0.,0.956942885713,0.290276270962));
#4815 = ORIENTED_EDGE('',*,*,#4816,.F.);
#4816 = EDGE_CURVE('',#4817,#4809,#4819,.T.);
#4817 = VERTEX_POINT('',#4818);
#4818 = CARTESIAN_POINT('',(-12.,0.,-2.599999904633));
#4819 = LINE('',#4820,#4821);
#4820 = CARTESIAN_POINT('',(-12.,0.,-2.599999904633));
#4821 = VECTOR('',#4822,1.);
#4822 = DIRECTION('',(0.,0.995184418172,9.802027253596E-02));
#4823 = ORIENTED_EDGE('',*,*,#4824,.F.);
#4824 = EDGE_CURVE('',#4825,#4817,#4827,.T.);
#4825 = VERTEX_POINT('',#4826);
#4826 = CARTESIAN_POINT('',(-12.,-0.507234990597,-2.550040006638));
#4827 = LINE('',#4828,#4829);
#4828 = CARTESIAN_POINT('',(-12.,-0.507234990597,-2.550040006638));
#4829 = VECTOR('',#4830,1.);
#4830 = DIRECTION('',(0.,0.995184418172,-9.802027253596E-02));
#4831 = ORIENTED_EDGE('',*,*,#4832,.F.);
#4832 = EDGE_CURVE('',#4833,#4825,#4835,.T.);
#4833 = VERTEX_POINT('',#4834);
#4834 = CARTESIAN_POINT('',(-12.,-0.994975984097,-2.402090072632));
#4835 = LINE('',#4836,#4837);
#4836 = CARTESIAN_POINT('',(-12.,-0.994975984097,-2.402090072632));
#4837 = VECTOR('',#4838,1.);
#4838 = DIRECTION('',(0.,0.956942885713,-0.290276270962));
#4839 = ORIENTED_EDGE('',*,*,#4840,.F.);
#4840 = EDGE_CURVE('',#4841,#4833,#4843,.T.);
#4841 = VERTEX_POINT('',#4842);
#4842 = CARTESIAN_POINT('',(-12.,-1.444479942322,-2.161819934845));
#4843 = LINE('',#4844,#4845);
#4844 = CARTESIAN_POINT('',(-12.,-1.444479942322,-2.161819934845));
#4845 = VECTOR('',#4846,1.);
#4846 = DIRECTION('',(0.,0.881916968656,-0.471404773413));
#4847 = ORIENTED_EDGE('',*,*,#4848,.F.);
#4848 = EDGE_CURVE('',#4849,#4841,#4851,.T.);
#4849 = VERTEX_POINT('',#4850);
#4850 = CARTESIAN_POINT('',(-12.,-1.838479995728,-1.838479995728));
#4851 = LINE('',#4852,#4853);
#4852 = CARTESIAN_POINT('',(-12.,-1.838479995728,-1.838479995728));
#4853 = VECTOR('',#4854,1.);
#4854 = DIRECTION('',(0.,0.773017715812,-0.63438443474));
#4855 = ORIENTED_EDGE('',*,*,#4856,.F.);
#4856 = EDGE_CURVE('',#4857,#4849,#4859,.T.);
#4857 = VERTEX_POINT('',#4858);
#4858 = CARTESIAN_POINT('',(-12.,-2.161819934845,-1.444479942322));
#4859 = LINE('',#4860,#4861);
#4860 = CARTESIAN_POINT('',(-12.,-2.161819934845,-1.444479942322));
#4861 = VECTOR('',#4862,1.);
#4862 = DIRECTION('',(0.,0.63438443474,-0.773017715812));
#4863 = ORIENTED_EDGE('',*,*,#4864,.F.);
#4864 = EDGE_CURVE('',#4865,#4857,#4867,.T.);
#4865 = VERTEX_POINT('',#4866);
#4866 = CARTESIAN_POINT('',(-12.,-2.402090072632,-0.994975984097));
#4867 = LINE('',#4868,#4869);
#4868 = CARTESIAN_POINT('',(-12.,-2.402090072632,-0.994975984097));
#4869 = VECTOR('',#4870,1.);
#4870 = DIRECTION('',(0.,0.471404773413,-0.881916968656));
#4871 = ORIENTED_EDGE('',*,*,#4872,.F.);
#4872 = EDGE_CURVE('',#4873,#4865,#4875,.T.);
#4873 = VERTEX_POINT('',#4874);
#4874 = CARTESIAN_POINT('',(-12.,-2.550040006638,-0.507234990597));
#4875 = LINE('',#4876,#4877);
#4876 = CARTESIAN_POINT('',(-12.,-2.550040006638,-0.507234990597));
#4877 = VECTOR('',#4878,1.);
#4878 = DIRECTION('',(0.,0.290276270962,-0.956942885713));
#4879 = ORIENTED_EDGE('',*,*,#4880,.F.);
#4880 = EDGE_CURVE('',#4881,#4873,#4883,.T.);
#4881 = VERTEX_POINT('',#4882);
#4882 = CARTESIAN_POINT('',(-12.,-2.599999904633,0.));
#4883 = LINE('',#4884,#4885);
#4884 = CARTESIAN_POINT('',(-12.,-2.599999904633,0.));
#4885 = VECTOR('',#4886,1.);
#4886 = DIRECTION('',(0.,9.802027253596E-02,-0.995184418172));
#4887 = ORIENTED_EDGE('',*,*,#4888,.F.);
#4888 = EDGE_CURVE('',#4889,#4881,#4891,.T.);
#4889 = VERTEX_POINT('',#4890);
#4890 = CARTESIAN_POINT('',(-12.,-2.550040006638,0.507234990597));
#4891 = LINE('',#4892,#4893);
#4892 = CARTESIAN_POINT('',(-12.,-2.550040006638,0.507234990597));
#4893 = VECTOR('',#4894,1.);
#4894 = DIRECTION('',(0.,-9.802027253596E-02,-0.995184418172));
#4895 = ORIENTED_EDGE('',*,*,#4896,.F.);
#4896 = EDGE_CURVE('',#4897,#4889,#4899,.T.);
#4897 = VERTEX_POINT('',#4898);
#4898 = CARTESIAN_POINT('',(-12.,-2.402090072632,0.994975984097));
#4899 = LINE('',#4900,#4901);
#4900 = CARTESIAN_POINT('',(-12.,-2.402090072632,0.994975984097));
#4901 = VECTOR('',#4902,1.);
#4902 = DIRECTION('',(0.,-0.290276270962,-0.956942885713));
#4903 = ORIENTED_EDGE('',*,*,#4904,.F.);
#4904 = EDGE_CURVE('',#4905,#4897,#4907,.T.);
#4905 = VERTEX_POINT('',#4906);
#4906 = CARTESIAN_POINT('',(-12.,-2.161819934845,1.444479942322));
#4907 = LINE('',#4908,#4909);
#4908 = CARTESIAN_POINT('',(-12.,-2.161819934845,1.444479942322));
#4909 = VECTOR('',#4910,1.);
#4910 = DIRECTION('',(0.,-0.471404773413,-0.881916968656));
#4911 = ORIENTED_EDGE('',*,*,#4912,.F.);
#4912 = EDGE_CURVE('',#4913,#4905,#4915,.T.);
#4913 = VERTEX_POINT('',#4914);
#4914 = CARTESIAN_POINT('',(-12.,-1.838479995728,1.838479995728));
#4915 = LINE('',#4916,#4917);
#4916 = CARTESIAN_POINT('',(-12.,-1.838479995728,1.838479995728));
#4917 = VECTOR('',#4918,1.);
#4918 = DIRECTION('',(0.,-0.63438443474,-0.773017715812));
#4919 = ORIENTED_EDGE('',*,*,#4920,.F.);
#4920 = EDGE_CURVE('',#4921,#4913,#4923,.T.);
#4921 = VERTEX_POINT('',#4922);
#4922 = CARTESIAN_POINT('',(-12.,-1.444479942322,2.161819934845));
#4923 = LINE('',#4924,#4925);
#4924 = CARTESIAN_POINT('',(-12.,-1.444479942322,2.161819934845));
#4925 = VECTOR('',#4926,1.);
#4926 = DIRECTION('',(0.,-0.773017715812,-0.63438443474));
#4927 = ORIENTED_EDGE('',*,*,#4928,.F.);
#4928 = EDGE_CURVE('',#4929,#4921,#4931,.T.);
#4929 = VERTEX_POINT('',#4930);
#4930 = CARTESIAN_POINT('',(-12.,-0.994975984097,2.402090072632));
#4931 = LINE('',#4932,#4933);
#4932 = CARTESIAN_POINT('',(-12.,-0.994975984097,2.402090072632));
#4933 = VECTOR('',#4934,1.);
#4934 = DIRECTION('',(0.,-0.881916968656,-0.471404773413));
#4935 = ORIENTED_EDGE('',*,*,#4936,.F.);
#4936 = EDGE_CURVE('',#4937,#4929,#4939,.T.);
#4937 = VERTEX_POINT('',#4938);
#4938 = CARTESIAN_POINT('',(-12.,-0.507234990597,2.550040006638));
#4939 = LINE('',#4940,#4941);
#4940 = CARTESIAN_POINT('',(-12.,-0.507234990597,2.550040006638));
#4941 = VECTOR('',#4942,1.);
#4942 = DIRECTION('',(0.,-0.956942885713,-0.290276270962));
#4943 = ORIENTED_EDGE('',*,*,#4944,.F.);
#4944 = EDGE_CURVE('',#4945,#4937,#4947,.T.);
#4945 = VERTEX_POINT('',#4946);
#4946 = CARTESIAN_POINT('',(-12.,0.,2.599999904633));
#4947 = LINE('',#4948,#4949);
#4948 = CARTESIAN_POINT('',(-12.,0.,2.599999904633));
#4949 = VECTOR('',#4950,1.);
#4950 = DIRECTION('',(0.,-0.995184418172,-9.802027253596E-02));
#4951 = ORIENTED_EDGE('',*,*,#4952,.F.);
#4952 = EDGE_CURVE('',#4953,#4945,#4955,.T.);
#4953 = VERTEX_POINT('',#4954);
#4954 = CARTESIAN_POINT('',(-12.,0.507234990597,2.550040006638));
#4955 = LINE('',#4956,#4957);
#4956 = CARTESIAN_POINT('',(-12.,0.507234990597,2.550040006638));
#4957 = VECTOR('',#4958,1.);
#4958 = DIRECTION('',(0.,-0.995184418172,9.802027253596E-02));
#4959 = ORIENTED_EDGE('',*,*,#4960,.F.);
#4960 = EDGE_CURVE('',#4961,#4953,#4963,.T.);
#4961 = VERTEX_POINT('',#4962);
#4962 = CARTESIAN_POINT('',(-12.,0.994975984097,2.402090072632));
#4963 = LINE('',#4964,#4965);
#4964 = CARTESIAN_POINT('',(-12.,0.994975984097,2.402090072632));
#4965 = VECTOR('',#4966,1.);
#4966 = DIRECTION('',(0.,-0.956942885713,0.290276270962));
#4967 = ORIENTED_EDGE('',*,*,#4968,.F.);
#4968 = EDGE_CURVE('',#4969,#4961,#4971,.T.);
#4969 = VERTEX_POINT('',#4970);
#4970 = CARTESIAN_POINT('',(-12.,1.444479942322,2.161819934845));
#4971 = LINE('',#4972,#4973);
#4972 = CARTESIAN_POINT('',(-12.,1.444479942322,2.161819934845));
#4973 = VECTOR('',#4974,1.);
#4974 = DIRECTION('',(0.,-0.881916968656,0.471404773413));
#4975 = ORIENTED_EDGE('',*,*,#4976,.F.);
#4976 = EDGE_CURVE('',#4977,#4969,#4979,.T.);
#4977 = VERTEX_POINT('',#4978);
#4978 = CARTESIAN_POINT('',(-12.,1.838479995728,1.838479995728));
#4979 = LINE('',#4980,#4981);
#4980 = CARTESIAN_POINT('',(-12.,1.838479995728,1.838479995728));
#4981 = VECTOR('',#4982,1.);
#4982 = DIRECTION('',(0.,-0.773017715812,0.63438443474));
#4983 = ORIENTED_EDGE('',*,*,#4984,.F.);
#4984 = EDGE_CURVE('',#4985,#4977,#4987,.T.);
#4985 = VERTEX_POINT('',#4986);
#4986 = CARTESIAN_POINT('',(-12.,2.161819934845,1.444479942322));
#4987 = LINE('',#4988,#4989);
#4988 = CARTESIAN_POINT('',(-12.,2.161819934845,1.444479942322));
#4989 = VECTOR('',#4990,1.);
#4990 = DIRECTION('',(0.,-0.63438443474,0.773017715812));
#4991 = ORIENTED_EDGE('',*,*,#4992,.F.);
#4992 = EDGE_CURVE('',#4993,#4985,#4995,.T.);
#4993 = VERTEX_POINT('',#4994);
#4994 = CARTESIAN_POINT('',(-12.,2.402090072632,0.994975984097));
#4995 = LINE('',#4996,#4997);
#4996 = CARTESIAN_POINT('',(-12.,2.402090072632,0.994975984097));
#4997 = VECTOR('',#4998,1.);
#4998 = DIRECTION('',(0.,-0.471404773413,0.881916968656));
#4999 = ORIENTED_EDGE('',*,*,#5000,.F.);
#5000 = EDGE_CURVE('',#5001,#4993,#5003,.T.);
#5001 = VERTEX_POINT('',#5002);
#5002 = CARTESIAN_POINT('',(-12.,2.550040006638,0.507234990597));
#5003 = LINE('',#5004,#5005);
#5004 = CARTESIAN_POINT('',(-12.,2.550040006638,0.507234990597));
#5005 = VECTOR('',#5006,1.);
#5006 = DIRECTION('',(0.,-0.290276270962,0.956942885713));
#5007 = ORIENTED_EDGE('',*,*,#5008,.F.);
#5008 = EDGE_CURVE('',#4761,#5001,#5009,.T.);
#5009 = LINE('',#5010,#5011);
#5010 = CARTESIAN_POINT('',(-12.,2.599999904633,0.));
#5011 = VECTOR('',#5012,1.);
#5012 = DIRECTION('',(0.,-9.802027253596E-02,0.995184418172));
#5013 = PLANE('',#5014);
#5014 = AXIS2_PLACEMENT_3D('',#5015,#5016,#5017);
#5015 = CARTESIAN_POINT('',(-12.,1.258535896649E-16,2.120603999322E-16)
  );
#5016 = DIRECTION('',(1.,0.,0.));
#5017 = DIRECTION('',(-0.,0.,1.));
#5018 = ADVANCED_FACE('',(#5019),#5044,.F.);
#5019 = FACE_BOUND('',#5020,.F.);
#5020 = EDGE_LOOP('',(#5021,#5031,#5037,#5038));
#5021 = ORIENTED_EDGE('',*,*,#5022,.T.);
#5022 = EDGE_CURVE('',#5023,#5025,#5027,.T.);
#5023 = VERTEX_POINT('',#5024);
#5024 = CARTESIAN_POINT('',(12.,-5.000130176544,7.483230113983));
#5025 = VERTEX_POINT('',#5026);
#5026 = CARTESIAN_POINT('',(12.,-6.363959789276,6.363959789276));
#5027 = LINE('',#5028,#5029);
#5028 = CARTESIAN_POINT('',(12.,-5.000130176544,7.483230113983));
#5029 = VECTOR('',#5030,1.);
#5030 = DIRECTION('',(0.,-0.77300926172,-0.634394736182));
#5031 = ORIENTED_EDGE('',*,*,#5032,.T.);
#5032 = EDGE_CURVE('',#5025,#4591,#5033,.T.);
#5033 = LINE('',#5034,#5035);
#5034 = CARTESIAN_POINT('',(12.,-6.363959789276,6.363959789276));
#5035 = VECTOR('',#5036,1.);
#5036 = DIRECTION('',(-1.,0.,0.));
#5037 = ORIENTED_EDGE('',*,*,#4590,.F.);
#5038 = ORIENTED_EDGE('',*,*,#5039,.T.);
#5039 = EDGE_CURVE('',#4583,#5023,#5040,.T.);
#5040 = LINE('',#5041,#5042);
#5041 = CARTESIAN_POINT('',(-12.,-5.000130176544,7.483230113983));
#5042 = VECTOR('',#5043,1.);
#5043 = DIRECTION('',(1.,0.,0.));
#5044 = PLANE('',#5045);
#5045 = AXIS2_PLACEMENT_3D('',#5046,#5047,#5048);
#5046 = CARTESIAN_POINT('',(0.,-5.68204498291,6.92359495163));
#5047 = DIRECTION('',(-0.,0.634394736182,-0.77300926172));
#5048 = DIRECTION('',(0.,-0.77300926172,-0.634394736182));
#5049 = ADVANCED_FACE('',(#5050),#5074,.F.);
#5050 = FACE_BOUND('',#5051,.F.);
#5051 = EDGE_LOOP('',(#5052,#5060,#5068));
#5052 = ORIENTED_EDGE('',*,*,#5053,.T.);
#5053 = EDGE_CURVE('',#4687,#5054,#5056,.T.);
#5054 = VERTEX_POINT('',#5055);
#5055 = CARTESIAN_POINT('',(-1.471179962158,-0.292634993792,
    -8.971179962158));
#5056 = LINE('',#5057,#5058);
#5057 = CARTESIAN_POINT('',(-12.,0.,-9.));
#5058 = VECTOR('',#5059,1.);
#5059 = DIRECTION('',(0.999610236498,-2.778287921156E-02,
    2.736185511708E-03));
#5060 = ORIENTED_EDGE('',*,*,#5061,.T.);
#5061 = EDGE_CURVE('',#5054,#5062,#5064,.T.);
#5062 = VERTEX_POINT('',#5063);
#5063 = CARTESIAN_POINT('',(-1.5,0.,-9.));
#5064 = LINE('',#5065,#5066);
#5065 = CARTESIAN_POINT('',(-1.471179962158,-0.292634993792,
    -8.971179962158));
#5066 = VECTOR('',#5067,1.);
#5067 = DIRECTION('',(-9.754304482569E-02,0.990439654301,
    -9.754304482569E-02));
#5068 = ORIENTED_EDGE('',*,*,#5069,.T.);
#5069 = EDGE_CURVE('',#5062,#4687,#5070,.T.);
#5070 = LINE('',#5071,#5072);
#5071 = CARTESIAN_POINT('',(-1.5,0.,-9.));
#5072 = VECTOR('',#5073,1.);
#5073 = DIRECTION('',(-1.,0.,0.));
#5074 = PLANE('',#5075);
#5075 = AXIS2_PLACEMENT_3D('',#5076,#5077,#5078);
#5076 = CARTESIAN_POINT('',(-6.669956405368,-7.428514602789E-02,
    -8.992684057734));
#5077 = DIRECTION('',(0.,9.80104264616E-02,0.995185387908));
#5078 = DIRECTION('',(0.,0.995185387908,-9.80104264616E-02));
#5079 = ADVANCED_FACE('',(#5080),#5090,.F.);
#5080 = FACE_BOUND('',#5081,.F.);
#5081 = EDGE_LOOP('',(#5082,#5088,#5089));
#5082 = ORIENTED_EDGE('',*,*,#5083,.T.);
#5083 = EDGE_CURVE('',#4679,#5054,#5084,.T.);
#5084 = LINE('',#5085,#5086);
#5085 = CARTESIAN_POINT('',(-12.,-1.755810022354,-8.827070236206));
#5086 = VECTOR('',#5087,1.);
#5087 = DIRECTION('',(0.99039050923,0.137633149434,-1.355564102699E-02)
  );
#5088 = ORIENTED_EDGE('',*,*,#5053,.F.);
#5089 = ORIENTED_EDGE('',*,*,#4686,.T.);
#5090 = PLANE('',#5091);
#5091 = AXIS2_PLACEMENT_3D('',#5092,#5093,#5094);
#5092 = CARTESIAN_POINT('',(-7.140681672671,-0.609665196444,
    -8.93995479588));
#5093 = DIRECTION('',(1.501431339622E-07,9.801577662181E-02,
    0.995184860985));
#5094 = DIRECTION('',(1.131086083003E-24,0.995184860985,
    -9.801577662181E-02));
#5095 = ADVANCED_FACE('',(#5096),#5113,.F.);
#5096 = FACE_BOUND('',#5097,.F.);
#5097 = EDGE_LOOP('',(#5098,#5099,#5107));
#5098 = ORIENTED_EDGE('',*,*,#5083,.F.);
#5099 = ORIENTED_EDGE('',*,*,#5100,.T.);
#5100 = EDGE_CURVE('',#4679,#5101,#5103,.T.);
#5101 = VERTEX_POINT('',#5102);
#5102 = CARTESIAN_POINT('',(-1.385820031166,-0.574024021626,
    -8.943460464478));
#5103 = LINE('',#5104,#5105);
#5104 = CARTESIAN_POINT('',(-12.,-1.755810022354,-8.827070236206));
#5105 = VECTOR('',#5106,1.);
#5106 = DIRECTION('',(0.99379969321,0.110649957737,-1.089755152903E-02)
  );
#5107 = ORIENTED_EDGE('',*,*,#5108,.T.);
#5108 = EDGE_CURVE('',#5101,#5054,#5109,.T.);
#5109 = LINE('',#5110,#5111);
#5110 = CARTESIAN_POINT('',(-1.385820031166,-0.574024021626,
    -8.943460464478));
#5111 = VECTOR('',#5112,1.);
#5112 = DIRECTION('',(-0.289008079171,0.952715184851,-9.38515142545E-02)
  );
#5113 = PLANE('',#5114);
#5114 = AXIS2_PLACEMENT_3D('',#5115,#5116,#5117);
#5115 = CARTESIAN_POINT('',(-6.641947242924,-1.085691806334,
    -8.893069604058));
#5116 = DIRECTION('',(-2.443524968073E-06,9.803426100208E-02,
    0.995183040281));
#5117 = DIRECTION('',(-1.308886587396E-23,0.995183040284,
    -9.803426100238E-02));
#5118 = ADVANCED_FACE('',(#5119),#5136,.F.);
#5119 = FACE_BOUND('',#5120,.F.);
#5120 = EDGE_LOOP('',(#5121,#5122,#5130));
#5121 = ORIENTED_EDGE('',*,*,#5100,.F.);
#5122 = ORIENTED_EDGE('',*,*,#5123,.T.);
#5123 = EDGE_CURVE('',#4679,#5124,#5126,.T.);
#5124 = VERTEX_POINT('',#5125);
#5125 = CARTESIAN_POINT('',(-1.247200012207,-0.833355009556,
    -8.91792011261));
#5126 = LINE('',#5127,#5128);
#5127 = CARTESIAN_POINT('',(-12.,-1.755810022354,-8.827070236206));
#5128 = VECTOR('',#5129,1.);
#5129 = DIRECTION('',(0.996305145823,8.547045207614E-02,
    -8.417733005471E-03));
#5130 = ORIENTED_EDGE('',*,*,#5131,.T.);
#5131 = EDGE_CURVE('',#5124,#5101,#5132,.T.);
#5132 = LINE('',#5133,#5134);
#5133 = CARTESIAN_POINT('',(-1.247200012207,-0.833355009556,
    -8.91792011261));
#5134 = VECTOR('',#5135,1.);
#5135 = DIRECTION('',(-0.469641073474,0.878606744331,-8.653005791024E-02
    ));
#5136 = PLANE('',#5137);
#5137 = AXIS2_PLACEMENT_3D('',#5138,#5139,#5140);
#5138 = CARTESIAN_POINT('',(-6.585646065306,-1.222951164509,
    -8.879549836072));
#5139 = DIRECTION('',(1.237298666931E-07,9.80114247968E-02,
    0.995185289586));
#5140 = DIRECTION('',(-1.61314835343E-24,0.995185289586,
    -9.80114247968E-02));
#5141 = ADVANCED_FACE('',(#5142),#5159,.F.);
#5142 = FACE_BOUND('',#5143,.F.);
#5143 = EDGE_LOOP('',(#5144,#5145,#5153));
#5144 = ORIENTED_EDGE('',*,*,#5123,.F.);
#5145 = ORIENTED_EDGE('',*,*,#5146,.T.);
#5146 = EDGE_CURVE('',#4679,#5147,#5149,.T.);
#5147 = VERTEX_POINT('',#5148);
#5148 = CARTESIAN_POINT('',(-1.060660004616,-1.060660004616,
    -8.895529747009));
#5149 = LINE('',#5150,#5151);
#5150 = CARTESIAN_POINT('',(-12.,-1.755810022354,-8.827070236206));
#5151 = VECTOR('',#5152,1.);
#5152 = DIRECTION('',(0.997967591324,6.341673164049E-02,
    -6.245383462654E-03));
#5153 = ORIENTED_EDGE('',*,*,#5154,.T.);
#5154 = EDGE_CURVE('',#5147,#5124,#5155,.T.);
#5155 = LINE('',#5156,#5157);
#5156 = CARTESIAN_POINT('',(-1.060660004616,-1.060660004616,
    -8.895529747009));
#5157 = VECTOR('',#5158,1.);
#5158 = DIRECTION('',(-0.632553238443,0.770786452708,-7.592525835855E-02
    ));
#5159 = PLANE('',#5160);
#5160 = AXIS2_PLACEMENT_3D('',#5161,#5162,#5163);
#5161 = CARTESIAN_POINT('',(-6.504076537496,-1.346435446078,
    -8.8673873707));
#5162 = DIRECTION('',(-1.321570741327E-06,9.80281104046E-02,
    0.995183646152));
#5163 = DIRECTION('',(-1.433862151306E-23,0.995183646153,
    -9.802811040468E-02));
#5164 = ADVANCED_FACE('',(#5165),#5182,.F.);
#5165 = FACE_BOUND('',#5166,.F.);
#5166 = EDGE_LOOP('',(#5167,#5168,#5176));
#5167 = ORIENTED_EDGE('',*,*,#5146,.F.);
#5168 = ORIENTED_EDGE('',*,*,#5169,.T.);
#5169 = EDGE_CURVE('',#4679,#5170,#5172,.T.);
#5170 = VERTEX_POINT('',#5171);
#5171 = CARTESIAN_POINT('',(-0.833355009556,-1.247200012207,
    -8.877160072327));
#5172 = LINE('',#5173,#5174);
#5173 = CARTESIAN_POINT('',(-12.,-1.755810022354,-8.827070236206));
#5174 = VECTOR('',#5175,1.);
#5175 = DIRECTION('',(0.998954305756,4.54996250012E-02,
    -4.480975038616E-03));
#5176 = ORIENTED_EDGE('',*,*,#5177,.T.);
#5177 = EDGE_CURVE('',#5170,#5147,#5178,.T.);
#5178 = LINE('',#5179,#5180);
#5179 = CARTESIAN_POINT('',(-0.833355009556,-1.247200012207,
    -8.877160072327));
#5180 = VECTOR('',#5181,1.);
#5181 = DIRECTION('',(-0.771513736475,0.633150090788,-6.234995561132E-02
    ));
#5182 = PLANE('',#5183);
#5183 = AXIS2_PLACEMENT_3D('',#5184,#5185,#5186);
#5184 = CARTESIAN_POINT('',(-6.400378094912,-1.451368409338,
    -8.857052423041));
#5185 = DIRECTION('',(3.43092172664E-07,9.800216581595E-02,
    0.995186201419));
#5186 = DIRECTION('',(2.32676842779E-24,0.995186201419,
    -9.800216581595E-02));
#5187 = ADVANCED_FACE('',(#5188),#5205,.F.);
#5188 = FACE_BOUND('',#5189,.F.);
#5189 = EDGE_LOOP('',(#5190,#5191,#5199));
#5190 = ORIENTED_EDGE('',*,*,#5169,.F.);
#5191 = ORIENTED_EDGE('',*,*,#5192,.T.);
#5192 = EDGE_CURVE('',#4679,#5193,#5195,.T.);
#5193 = VERTEX_POINT('',#5194);
#5194 = CARTESIAN_POINT('',(-0.574024021626,-1.385820031166,
    -8.863510131836));
#5195 = LINE('',#5196,#5197);
#5196 = CARTESIAN_POINT('',(-12.,-1.755810022354,-8.827070236206));
#5197 = VECTOR('',#5198,1.);
#5198 = DIRECTION('',(0.999471054362,3.236435008231E-02,
    -3.18752822297E-03));
#5199 = ORIENTED_EDGE('',*,*,#5200,.T.);
#5200 = EDGE_CURVE('',#5193,#5170,#5201,.T.);
#5201 = LINE('',#5202,#5203);
#5202 = CARTESIAN_POINT('',(-0.574024021626,-1.385820031166,
    -8.863510131836));
#5203 = VECTOR('',#5204,1.);
#5204 = DIRECTION('',(-0.88096595463,0.470902140572,-4.636982626342E-02)
  );
#5205 = PLANE('',#5206);
#5206 = AXIS2_PLACEMENT_3D('',#5207,#5208,#5209);
#5207 = CARTESIAN_POINT('',(-6.278536685647,-1.533720916728,
    -8.848942892715));
#5208 = DIRECTION('',(5.673538290946E-07,9.799728939366E-02,
    0.995186681619));
#5209 = DIRECTION('',(-6.926507027813E-24,0.995186681619,
    -9.799728939367E-02));
#5210 = ADVANCED_FACE('',(#5211),#5228,.F.);
#5211 = FACE_BOUND('',#5212,.F.);
#5212 = EDGE_LOOP('',(#5213,#5214,#5222));
#5213 = ORIENTED_EDGE('',*,*,#5192,.F.);
#5214 = ORIENTED_EDGE('',*,*,#5215,.F.);
#5215 = EDGE_CURVE('',#5216,#4679,#5218,.T.);
#5216 = VERTEX_POINT('',#5217);
#5217 = CARTESIAN_POINT('',(-0.292634993792,-1.471179962158,
    -8.85509967804));
#5218 = LINE('',#5219,#5220);
#5219 = CARTESIAN_POINT('',(-0.292634993792,-1.471179962158,
    -8.85509967804));
#5220 = VECTOR('',#5221,1.);
#5221 = DIRECTION('',(-0.999701729549,-2.430479986818E-02,
    2.393457576867E-03));
#5222 = ORIENTED_EDGE('',*,*,#5223,.T.);
#5223 = EDGE_CURVE('',#5216,#5193,#5224,.T.);
#5224 = LINE('',#5225,#5226);
#5225 = CARTESIAN_POINT('',(-0.292634993792,-1.471179962158,
    -8.85509967804));
#5226 = VECTOR('',#5227,1.);
#5227 = DIRECTION('',(-0.956547732472,0.290170690247,-2.859031345297E-02
    ));
#5228 = PLANE('',#5229);
#5229 = AXIS2_PLACEMENT_3D('',#5230,#5231,#5232);
#5230 = CARTESIAN_POINT('',(-6.143237970453,-1.590354770538,
    -8.84336485298));
#5231 = DIRECTION('',(-1.177098688026E-06,9.805064372745E-02,
    0.995181426305));
#5232 = DIRECTION('',(-1.33966548853E-23,0.995181426306,
    -9.805064372751E-02));
#5233 = ADVANCED_FACE('',(#5234),#5251,.F.);
#5234 = FACE_BOUND('',#5235,.F.);
#5235 = EDGE_LOOP('',(#5236,#5237,#5245));
#5236 = ORIENTED_EDGE('',*,*,#5215,.T.);
#5237 = ORIENTED_EDGE('',*,*,#5238,.F.);
#5238 = EDGE_CURVE('',#5239,#4679,#5241,.T.);
#5239 = VERTEX_POINT('',#5240);
#5240 = CARTESIAN_POINT('',(0.,-1.5,-8.852259635925));
#5241 = LINE('',#5242,#5243);
#5242 = CARTESIAN_POINT('',(0.,-1.5,-8.852259635925));
#5243 = VECTOR('',#5244,1.);
#5244 = DIRECTION('',(-0.999770657833,-2.131261286077E-02,
    2.098635227309E-03));
#5245 = ORIENTED_EDGE('',*,*,#5246,.T.);
#5246 = EDGE_CURVE('',#5239,#5216,#5247,.T.);
#5247 = LINE('',#5248,#5249);
#5248 = CARTESIAN_POINT('',(0.,-1.5,-8.852259635925));
#5249 = VECTOR('',#5250,1.);
#5250 = DIRECTION('',(-0.995138973946,9.800585540157E-02,
    -9.657890052478E-03));
#5251 = PLANE('',#5252);
#5252 = AXIS2_PLACEMENT_3D('',#5253,#5254,#5255);
#5253 = CARTESIAN_POINT('',(-5.999672750989,-1.619132671721,
    -8.840529280321));
#5254 = DIRECTION('',(-1.305265699176E-06,9.805586481676E-02,
    0.995180911882));
#5255 = DIRECTION('',(1.055090786203E-23,0.995180911882,
    -9.805586481685E-02));
#5256 = ADVANCED_FACE('',(#5257),#5283,.F.);
#5257 = FACE_BOUND('',#5258,.F.);
#5258 = EDGE_LOOP('',(#5259,#5269,#5277));
#5259 = ORIENTED_EDGE('',*,*,#5260,.T.);
#5260 = EDGE_CURVE('',#5261,#5263,#5265,.T.);
#5261 = VERTEX_POINT('',#5262);
#5262 = CARTESIAN_POINT('',(1.471179962158,0.292634993792,
    -8.971179962158));
#5263 = VERTEX_POINT('',#5264);
#5264 = CARTESIAN_POINT('',(12.,0.,-9.));
#5265 = LINE('',#5266,#5267);
#5266 = CARTESIAN_POINT('',(1.471179962158,0.292634993792,
    -8.971179962158));
#5267 = VECTOR('',#5268,1.);
#5268 = DIRECTION('',(0.999610236498,-2.778287921156E-02,
    -2.736185511708E-03));
#5269 = ORIENTED_EDGE('',*,*,#5270,.T.);
#5270 = EDGE_CURVE('',#5263,#5271,#5273,.T.);
#5271 = VERTEX_POINT('',#5272);
#5272 = CARTESIAN_POINT('',(12.,1.755810022354,-8.827070236206));
#5273 = LINE('',#5274,#5275);
#5274 = CARTESIAN_POINT('',(12.,0.,-9.));
#5275 = VECTOR('',#5276,1.);
#5276 = DIRECTION('',(0.,0.995184860985,9.801577662181E-02));
#5277 = ORIENTED_EDGE('',*,*,#5278,.T.);
#5278 = EDGE_CURVE('',#5271,#5261,#5279,.T.);
#5279 = LINE('',#5280,#5281);
#5280 = CARTESIAN_POINT('',(12.,1.755810022354,-8.827070236206));
#5281 = VECTOR('',#5282,1.);
#5282 = DIRECTION('',(-0.99039050923,-0.137633149434,-1.355564102699E-02
    ));
#5283 = PLANE('',#5284);
#5284 = AXIS2_PLACEMENT_3D('',#5285,#5286,#5287);
#5285 = CARTESIAN_POINT('',(7.140681672671,0.609665196444,-8.93995479588
    ));
#5286 = DIRECTION('',(-1.501431339622E-07,-9.801577662181E-02,
    0.995184860985));
#5287 = DIRECTION('',(-1.426588478178E-24,0.995184860985,
    9.801577662181E-02));
#5288 = ADVANCED_FACE('',(#5289),#5306,.F.);
#5289 = FACE_BOUND('',#5290,.F.);
#5290 = EDGE_LOOP('',(#5291,#5292,#5300));
#5291 = ORIENTED_EDGE('',*,*,#5260,.F.);
#5292 = ORIENTED_EDGE('',*,*,#5293,.T.);
#5293 = EDGE_CURVE('',#5261,#5294,#5296,.T.);
#5294 = VERTEX_POINT('',#5295);
#5295 = CARTESIAN_POINT('',(1.5,0.,-9.));
#5296 = LINE('',#5297,#5298);
#5297 = CARTESIAN_POINT('',(1.471179962158,0.292634993792,
    -8.971179962158));
#5298 = VECTOR('',#5299,1.);
#5299 = DIRECTION('',(9.754304482569E-02,-0.990439654301,
    -9.754304482569E-02));
#5300 = ORIENTED_EDGE('',*,*,#5301,.F.);
#5301 = EDGE_CURVE('',#5263,#5294,#5302,.T.);
#5302 = LINE('',#5303,#5304);
#5303 = CARTESIAN_POINT('',(12.,0.,-9.));
#5304 = VECTOR('',#5305,1.);
#5305 = DIRECTION('',(-1.,0.,0.));
#5306 = PLANE('',#5307);
#5307 = AXIS2_PLACEMENT_3D('',#5308,#5309,#5310);
#5308 = CARTESIAN_POINT('',(6.669956405368,7.428514602789E-02,
    -8.992684057734));
#5309 = DIRECTION('',(0.,-9.80104264616E-02,0.995185387908));
#5310 = DIRECTION('',(0.,0.995185387908,9.80104264616E-02));
#5311 = ADVANCED_FACE('',(#5312),#5329,.F.);
#5312 = FACE_BOUND('',#5313,.F.);
#5313 = EDGE_LOOP('',(#5314,#5322,#5323));
#5314 = ORIENTED_EDGE('',*,*,#5315,.T.);
#5315 = EDGE_CURVE('',#5316,#5263,#5318,.T.);
#5316 = VERTEX_POINT('',#5317);
#5317 = CARTESIAN_POINT('',(1.471179962158,-0.292634993792,
    -8.971179962158));
#5318 = LINE('',#5319,#5320);
#5319 = CARTESIAN_POINT('',(1.471179962158,-0.292634993792,
    -8.971179962158));
#5320 = VECTOR('',#5321,1.);
#5321 = DIRECTION('',(0.999610236498,2.778287921156E-02,
    -2.736185511708E-03));
#5322 = ORIENTED_EDGE('',*,*,#5301,.T.);
#5323 = ORIENTED_EDGE('',*,*,#5324,.T.);
#5324 = EDGE_CURVE('',#5294,#5316,#5325,.T.);
#5325 = LINE('',#5326,#5327);
#5326 = CARTESIAN_POINT('',(1.5,0.,-9.));
#5327 = VECTOR('',#5328,1.);
#5328 = DIRECTION('',(-9.754304482569E-02,-0.990439654301,
    9.754304482569E-02));
#5329 = PLANE('',#5330);
#5330 = AXIS2_PLACEMENT_3D('',#5331,#5332,#5333);
#5331 = CARTESIAN_POINT('',(6.669956405368,-7.428514602789E-02,
    -8.992684057734));
#5332 = DIRECTION('',(0.,9.80104264616E-02,0.995185387908));
#5333 = DIRECTION('',(0.,0.995185387908,-9.80104264616E-02));
#5334 = ADVANCED_FACE('',(#5335),#5352,.F.);
#5335 = FACE_BOUND('',#5336,.F.);
#5336 = EDGE_LOOP('',(#5337,#5338,#5346));
#5337 = ORIENTED_EDGE('',*,*,#5315,.F.);
#5338 = ORIENTED_EDGE('',*,*,#5339,.T.);
#5339 = EDGE_CURVE('',#5316,#5340,#5342,.T.);
#5340 = VERTEX_POINT('',#5341);
#5341 = CARTESIAN_POINT('',(12.,-1.755810022354,-8.827070236206));
#5342 = LINE('',#5343,#5344);
#5343 = CARTESIAN_POINT('',(1.471179962158,-0.292634993792,
    -8.971179962158));
#5344 = VECTOR('',#5345,1.);
#5345 = DIRECTION('',(0.99039050923,-0.137633149434,1.355564102699E-02)
  );
#5346 = ORIENTED_EDGE('',*,*,#5347,.T.);
#5347 = EDGE_CURVE('',#5340,#5263,#5348,.T.);
#5348 = LINE('',#5349,#5350);
#5349 = CARTESIAN_POINT('',(12.,-1.755810022354,-8.827070236206));
#5350 = VECTOR('',#5351,1.);
#5351 = DIRECTION('',(0.,0.995184860985,-9.801577662181E-02));
#5352 = PLANE('',#5353);
#5353 = AXIS2_PLACEMENT_3D('',#5354,#5355,#5356);
#5354 = CARTESIAN_POINT('',(7.140681672671,-0.609665196444,
    -8.93995479588));
#5355 = DIRECTION('',(-1.501431339622E-07,9.801577662181E-02,
    0.995184860985));
#5356 = DIRECTION('',(-1.131086083003E-24,0.995184860985,
    -9.801577662181E-02));
#5357 = ADVANCED_FACE('',(#5358),#5375,.F.);
#5358 = FACE_BOUND('',#5359,.F.);
#5359 = EDGE_LOOP('',(#5360,#5368,#5369));
#5360 = ORIENTED_EDGE('',*,*,#5361,.T.);
#5361 = EDGE_CURVE('',#5362,#5340,#5364,.T.);
#5362 = VERTEX_POINT('',#5363);
#5363 = CARTESIAN_POINT('',(1.385820031166,-0.574024021626,
    -8.943460464478));
#5364 = LINE('',#5365,#5366);
#5365 = CARTESIAN_POINT('',(1.385820031166,-0.574024021626,
    -8.943460464478));
#5366 = VECTOR('',#5367,1.);
#5367 = DIRECTION('',(0.99379969321,-0.110649957737,1.089755152903E-02)
  );
#5368 = ORIENTED_EDGE('',*,*,#5339,.F.);
#5369 = ORIENTED_EDGE('',*,*,#5370,.T.);
#5370 = EDGE_CURVE('',#5316,#5362,#5371,.T.);
#5371 = LINE('',#5372,#5373);
#5372 = CARTESIAN_POINT('',(1.471179962158,-0.292634993792,
    -8.971179962158));
#5373 = VECTOR('',#5374,1.);
#5374 = DIRECTION('',(-0.289008079171,-0.952715184851,9.38515142545E-02)
  );
#5375 = PLANE('',#5376);
#5376 = AXIS2_PLACEMENT_3D('',#5377,#5378,#5379);
#5377 = CARTESIAN_POINT('',(6.641947242924,-1.085691806334,
    -8.893069604058));
#5378 = DIRECTION('',(2.443524968152E-06,9.803426100208E-02,
    0.995183040281));
#5379 = DIRECTION('',(4.310997113387E-23,0.995183040284,
    -9.803426100238E-02));
#5380 = ADVANCED_FACE('',(#5381),#5398,.F.);
#5381 = FACE_BOUND('',#5382,.F.);
#5382 = EDGE_LOOP('',(#5383,#5391,#5392));
#5383 = ORIENTED_EDGE('',*,*,#5384,.T.);
#5384 = EDGE_CURVE('',#5385,#5340,#5387,.T.);
#5385 = VERTEX_POINT('',#5386);
#5386 = CARTESIAN_POINT('',(1.247200012207,-0.833355009556,
    -8.91792011261));
#5387 = LINE('',#5388,#5389);
#5388 = CARTESIAN_POINT('',(1.247200012207,-0.833355009556,
    -8.91792011261));
#5389 = VECTOR('',#5390,1.);
#5390 = DIRECTION('',(0.996305145823,-8.547045207614E-02,
    8.417733005471E-03));
#5391 = ORIENTED_EDGE('',*,*,#5361,.F.);
#5392 = ORIENTED_EDGE('',*,*,#5393,.T.);
#5393 = EDGE_CURVE('',#5362,#5385,#5394,.T.);
#5394 = LINE('',#5395,#5396);
#5395 = CARTESIAN_POINT('',(1.385820031166,-0.574024021626,
    -8.943460464478));
#5396 = VECTOR('',#5397,1.);
#5397 = DIRECTION('',(-0.469641073474,-0.878606744331,8.653005791024E-02
    ));
#5398 = PLANE('',#5399);
#5399 = AXIS2_PLACEMENT_3D('',#5400,#5401,#5402);
#5400 = CARTESIAN_POINT('',(6.585646065306,-1.222951164509,
    -8.879549836072));
#5401 = DIRECTION('',(-1.237298666195E-07,9.80114247968E-02,
    0.995185289586));
#5402 = DIRECTION('',(2.106529337831E-24,0.995185289586,
    -9.80114247968E-02));
#5403 = ADVANCED_FACE('',(#5404),#5421,.F.);
#5404 = FACE_BOUND('',#5405,.F.);
#5405 = EDGE_LOOP('',(#5406,#5414,#5415));
#5406 = ORIENTED_EDGE('',*,*,#5407,.T.);
#5407 = EDGE_CURVE('',#5408,#5340,#5410,.T.);
#5408 = VERTEX_POINT('',#5409);
#5409 = CARTESIAN_POINT('',(1.060660004616,-1.060660004616,
    -8.895529747009));
#5410 = LINE('',#5411,#5412);
#5411 = CARTESIAN_POINT('',(1.060660004616,-1.060660004616,
    -8.895529747009));
#5412 = VECTOR('',#5413,1.);
#5413 = DIRECTION('',(0.997967591324,-6.341673164049E-02,
    6.245383462654E-03));
#5414 = ORIENTED_EDGE('',*,*,#5384,.F.);
#5415 = ORIENTED_EDGE('',*,*,#5416,.T.);
#5416 = EDGE_CURVE('',#5385,#5408,#5417,.T.);
#5417 = LINE('',#5418,#5419);
#5418 = CARTESIAN_POINT('',(1.247200012207,-0.833355009556,
    -8.91792011261));
#5419 = VECTOR('',#5420,1.);
#5420 = DIRECTION('',(-0.632553238443,-0.770786452708,7.592525835855E-02
    ));
#5421 = PLANE('',#5422);
#5422 = AXIS2_PLACEMENT_3D('',#5423,#5424,#5425);
#5423 = CARTESIAN_POINT('',(6.504076537496,-1.346435446078,-8.8673873707
    ));
#5424 = DIRECTION('',(1.321570741343E-06,9.80281104046E-02,
    0.995183646152));
#5425 = DIRECTION('',(1.194183376367E-24,0.995183646153,
    -9.802811040469E-02));
#5426 = ADVANCED_FACE('',(#5427),#5444,.F.);
#5427 = FACE_BOUND('',#5428,.F.);
#5428 = EDGE_LOOP('',(#5429,#5437,#5438));
#5429 = ORIENTED_EDGE('',*,*,#5430,.T.);
#5430 = EDGE_CURVE('',#5431,#5340,#5433,.T.);
#5431 = VERTEX_POINT('',#5432);
#5432 = CARTESIAN_POINT('',(0.833355009556,-1.247200012207,
    -8.877160072327));
#5433 = LINE('',#5434,#5435);
#5434 = CARTESIAN_POINT('',(0.833355009556,-1.247200012207,
    -8.877160072327));
#5435 = VECTOR('',#5436,1.);
#5436 = DIRECTION('',(0.998954305756,-4.54996250012E-02,
    4.480975038616E-03));
#5437 = ORIENTED_EDGE('',*,*,#5407,.F.);
#5438 = ORIENTED_EDGE('',*,*,#5439,.T.);
#5439 = EDGE_CURVE('',#5408,#5431,#5440,.T.);
#5440 = LINE('',#5441,#5442);
#5441 = CARTESIAN_POINT('',(1.060660004616,-1.060660004616,
    -8.895529747009));
#5442 = VECTOR('',#5443,1.);
#5443 = DIRECTION('',(-0.771513736475,-0.633150090788,6.234995561132E-02
    ));
#5444 = PLANE('',#5445);
#5445 = AXIS2_PLACEMENT_3D('',#5446,#5447,#5448);
#5446 = CARTESIAN_POINT('',(6.400378094912,-1.451368409338,
    -8.857052423041));
#5447 = DIRECTION('',(-3.430921726481E-07,9.800216581595E-02,
    0.995186201419));
#5448 = DIRECTION('',(-5.799932525198E-24,0.995186201419,
    -9.800216581595E-02));
#5449 = ADVANCED_FACE('',(#5450),#5467,.F.);
#5450 = FACE_BOUND('',#5451,.F.);
#5451 = EDGE_LOOP('',(#5452,#5460,#5461));
#5452 = ORIENTED_EDGE('',*,*,#5453,.T.);
#5453 = EDGE_CURVE('',#5454,#5340,#5456,.T.);
#5454 = VERTEX_POINT('',#5455);
#5455 = CARTESIAN_POINT('',(0.574024021626,-1.385820031166,
    -8.863510131836));
#5456 = LINE('',#5457,#5458);
#5457 = CARTESIAN_POINT('',(0.574024021626,-1.385820031166,
    -8.863510131836));
#5458 = VECTOR('',#5459,1.);
#5459 = DIRECTION('',(0.999471054362,-3.236435008231E-02,
    3.18752822297E-03));
#5460 = ORIENTED_EDGE('',*,*,#5430,.F.);
#5461 = ORIENTED_EDGE('',*,*,#5462,.T.);
#5462 = EDGE_CURVE('',#5431,#5454,#5463,.T.);
#5463 = LINE('',#5464,#5465);
#5464 = CARTESIAN_POINT('',(0.833355009556,-1.247200012207,
    -8.877160072327));
#5465 = VECTOR('',#5466,1.);
#5466 = DIRECTION('',(-0.88096595463,-0.470902140572,4.636982626342E-02)
  );
#5467 = PLANE('',#5468);
#5468 = AXIS2_PLACEMENT_3D('',#5469,#5470,#5471);
#5469 = CARTESIAN_POINT('',(6.278536685647,-1.533720916728,
    -8.848942892715));
#5470 = DIRECTION('',(-5.673538290946E-07,9.799728939366E-02,
    0.995186681619));
#5471 = DIRECTION('',(6.926507027813E-24,0.995186681619,
    -9.799728939367E-02));
#5472 = ADVANCED_FACE('',(#5473),#5490,.F.);
#5473 = FACE_BOUND('',#5474,.F.);
#5474 = EDGE_LOOP('',(#5475,#5483,#5484));
#5475 = ORIENTED_EDGE('',*,*,#5476,.T.);
#5476 = EDGE_CURVE('',#5477,#5340,#5479,.T.);
#5477 = VERTEX_POINT('',#5478);
#5478 = CARTESIAN_POINT('',(0.292634993792,-1.471179962158,
    -8.85509967804));
#5479 = LINE('',#5480,#5481);
#5480 = CARTESIAN_POINT('',(0.292634993792,-1.471179962158,
    -8.85509967804));
#5481 = VECTOR('',#5482,1.);
#5482 = DIRECTION('',(0.999701729549,-2.430479986818E-02,
    2.393457576867E-03));
#5483 = ORIENTED_EDGE('',*,*,#5453,.F.);
#5484 = ORIENTED_EDGE('',*,*,#5485,.T.);
#5485 = EDGE_CURVE('',#5454,#5477,#5486,.T.);
#5486 = LINE('',#5487,#5488);
#5487 = CARTESIAN_POINT('',(0.574024021626,-1.385820031166,
    -8.863510131836));
#5488 = VECTOR('',#5489,1.);
#5489 = DIRECTION('',(-0.956547732472,-0.290170690247,2.859031345297E-02
    ));
#5490 = PLANE('',#5491);
#5491 = AXIS2_PLACEMENT_3D('',#5492,#5493,#5494);
#5492 = CARTESIAN_POINT('',(6.143237970453,-1.590354770538,
    -8.84336485298));
#5493 = DIRECTION('',(1.177098688027E-06,9.805064372745E-02,
    0.995181426305));
#5494 = DIRECTION('',(1.035195720287E-23,0.995181426306,
    -9.805064372751E-02));
#5495 = ADVANCED_FACE('',(#5496),#5511,.F.);
#5496 = FACE_BOUND('',#5497,.F.);
#5497 = EDGE_LOOP('',(#5498,#5504,#5505));
#5498 = ORIENTED_EDGE('',*,*,#5499,.T.);
#5499 = EDGE_CURVE('',#5239,#5340,#5500,.T.);
#5500 = LINE('',#5501,#5502);
#5501 = CARTESIAN_POINT('',(0.,-1.5,-8.852259635925));
#5502 = VECTOR('',#5503,1.);
#5503 = DIRECTION('',(0.999770657833,-2.131261286077E-02,
    2.098635227309E-03));
#5504 = ORIENTED_EDGE('',*,*,#5476,.F.);
#5505 = ORIENTED_EDGE('',*,*,#5506,.T.);
#5506 = EDGE_CURVE('',#5477,#5239,#5507,.T.);
#5507 = LINE('',#5508,#5509);
#5508 = CARTESIAN_POINT('',(0.292634993792,-1.471179962158,
    -8.85509967804));
#5509 = VECTOR('',#5510,1.);
#5510 = DIRECTION('',(-0.995138973946,-9.800585540157E-02,
    9.657890052478E-03));
#5511 = PLANE('',#5512);
#5512 = AXIS2_PLACEMENT_3D('',#5513,#5514,#5515);
#5513 = CARTESIAN_POINT('',(5.999672750989,-1.619132671721,
    -8.840529280321));
#5514 = DIRECTION('',(1.30526569919E-06,9.805586481677E-02,
    0.995180911882));
#5515 = DIRECTION('',(-1.374269877942E-23,0.995180911882,
    -9.805586481685E-02));
#5516 = ADVANCED_FACE('',(#5517),#5527,.F.);
#5517 = FACE_BOUND('',#5518,.F.);
#5518 = EDGE_LOOP('',(#5519,#5520,#5526));
#5519 = ORIENTED_EDGE('',*,*,#5238,.T.);
#5520 = ORIENTED_EDGE('',*,*,#5521,.T.);
#5521 = EDGE_CURVE('',#4679,#5340,#5522,.T.);
#5522 = LINE('',#5523,#5524);
#5523 = CARTESIAN_POINT('',(-12.,-1.755810022354,-8.827070236206));
#5524 = VECTOR('',#5525,1.);
#5525 = DIRECTION('',(1.,0.,0.));
#5526 = ORIENTED_EDGE('',*,*,#5499,.F.);
#5527 = PLANE('',#5528);
#5528 = AXIS2_PLACEMENT_3D('',#5529,#5530,#5531);
#5529 = CARTESIAN_POINT('',(0.,-1.691850182421,-8.833368308343));
#5530 = DIRECTION('',(0.,9.799522322388E-02,0.995186885075));
#5531 = DIRECTION('',(0.,0.995186885075,-9.799522322388E-02));
#5532 = ADVANCED_FACE('',(#5533),#5550,.F.);
#5533 = FACE_BOUND('',#5534,.F.);
#5534 = EDGE_LOOP('',(#5535,#5543,#5549));
#5535 = ORIENTED_EDGE('',*,*,#5536,.T.);
#5536 = EDGE_CURVE('',#5271,#5537,#5539,.T.);
#5537 = VERTEX_POINT('',#5538);
#5538 = CARTESIAN_POINT('',(1.385820031166,0.574024021626,
    -8.943460464478));
#5539 = LINE('',#5540,#5541);
#5540 = CARTESIAN_POINT('',(12.,1.755810022354,-8.827070236206));
#5541 = VECTOR('',#5542,1.);
#5542 = DIRECTION('',(-0.99379969321,-0.110649957737,-1.089755152903E-02
    ));
#5543 = ORIENTED_EDGE('',*,*,#5544,.T.);
#5544 = EDGE_CURVE('',#5537,#5261,#5545,.T.);
#5545 = LINE('',#5546,#5547);
#5546 = CARTESIAN_POINT('',(1.385820031166,0.574024021626,
    -8.943460464478));
#5547 = VECTOR('',#5548,1.);
#5548 = DIRECTION('',(0.289008079171,-0.952715184851,-9.38515142545E-02)
  );
#5549 = ORIENTED_EDGE('',*,*,#5278,.F.);
#5550 = PLANE('',#5551);
#5551 = AXIS2_PLACEMENT_3D('',#5552,#5553,#5554);
#5552 = CARTESIAN_POINT('',(6.641947242924,1.085691806334,
    -8.893069604058));
#5553 = DIRECTION('',(2.443524968079E-06,-9.803426100208E-02,
    0.995183040281));
#5554 = DIRECTION('',(-4.918358418277E-23,0.995183040284,
    9.803426100238E-02));
#5555 = ADVANCED_FACE('',(#5556),#5573,.F.);
#5556 = FACE_BOUND('',#5557,.F.);
#5557 = EDGE_LOOP('',(#5558,#5566,#5572));
#5558 = ORIENTED_EDGE('',*,*,#5559,.T.);
#5559 = EDGE_CURVE('',#5271,#5560,#5562,.T.);
#5560 = VERTEX_POINT('',#5561);
#5561 = CARTESIAN_POINT('',(1.247200012207,0.833355009556,-8.91792011261
    ));
#5562 = LINE('',#5563,#5564);
#5563 = CARTESIAN_POINT('',(12.,1.755810022354,-8.827070236206));
#5564 = VECTOR('',#5565,1.);
#5565 = DIRECTION('',(-0.996305145823,-8.547045207614E-02,
    -8.417733005471E-03));
#5566 = ORIENTED_EDGE('',*,*,#5567,.T.);
#5567 = EDGE_CURVE('',#5560,#5537,#5568,.T.);
#5568 = LINE('',#5569,#5570);
#5569 = CARTESIAN_POINT('',(1.247200012207,0.833355009556,-8.91792011261
    ));
#5570 = VECTOR('',#5571,1.);
#5571 = DIRECTION('',(0.469641073474,-0.878606744331,-8.653005791024E-02
    ));
#5572 = ORIENTED_EDGE('',*,*,#5536,.F.);
#5573 = PLANE('',#5574);
#5574 = AXIS2_PLACEMENT_3D('',#5575,#5576,#5577);
#5575 = CARTESIAN_POINT('',(6.585646065306,1.222951164509,
    -8.879549836072));
#5576 = DIRECTION('',(-1.237298665663E-07,-9.80114247968E-02,
    0.995185289586));
#5577 = DIRECTION('',(-1.901380440518E-24,0.995185289586,
    9.80114247968E-02));
#5578 = ADVANCED_FACE('',(#5579),#5596,.F.);
#5579 = FACE_BOUND('',#5580,.F.);
#5580 = EDGE_LOOP('',(#5581,#5589,#5595));
#5581 = ORIENTED_EDGE('',*,*,#5582,.T.);
#5582 = EDGE_CURVE('',#5271,#5583,#5585,.T.);
#5583 = VERTEX_POINT('',#5584);
#5584 = CARTESIAN_POINT('',(1.060660004616,1.060660004616,
    -8.895529747009));
#5585 = LINE('',#5586,#5587);
#5586 = CARTESIAN_POINT('',(12.,1.755810022354,-8.827070236206));
#5587 = VECTOR('',#5588,1.);
#5588 = DIRECTION('',(-0.997967591324,-6.341673164049E-02,
    -6.245383462654E-03));
#5589 = ORIENTED_EDGE('',*,*,#5590,.T.);
#5590 = EDGE_CURVE('',#5583,#5560,#5591,.T.);
#5591 = LINE('',#5592,#5593);
#5592 = CARTESIAN_POINT('',(1.060660004616,1.060660004616,
    -8.895529747009));
#5593 = VECTOR('',#5594,1.);
#5594 = DIRECTION('',(0.632553238443,-0.770786452708,-7.592525835855E-02
    ));
#5595 = ORIENTED_EDGE('',*,*,#5559,.F.);
#5596 = PLANE('',#5597);
#5597 = AXIS2_PLACEMENT_3D('',#5598,#5599,#5600);
#5598 = CARTESIAN_POINT('',(6.504076537496,1.346435446078,-8.8673873707)
  );
#5599 = DIRECTION('',(1.321570741382E-06,-9.80281104046E-02,
    0.995183646152));
#5600 = DIRECTION('',(6.99673107045E-24,0.995183646153,
    9.802811040469E-02));
#5601 = ADVANCED_FACE('',(#5602),#5619,.F.);
#5602 = FACE_BOUND('',#5603,.F.);
#5603 = EDGE_LOOP('',(#5604,#5612,#5618));
#5604 = ORIENTED_EDGE('',*,*,#5605,.T.);
#5605 = EDGE_CURVE('',#5271,#5606,#5608,.T.);
#5606 = VERTEX_POINT('',#5607);
#5607 = CARTESIAN_POINT('',(0.833355009556,1.247200012207,
    -8.877160072327));
#5608 = LINE('',#5609,#5610);
#5609 = CARTESIAN_POINT('',(12.,1.755810022354,-8.827070236206));
#5610 = VECTOR('',#5611,1.);
#5611 = DIRECTION('',(-0.998954305756,-4.54996250012E-02,
    -4.480975038616E-03));
#5612 = ORIENTED_EDGE('',*,*,#5613,.T.);
#5613 = EDGE_CURVE('',#5606,#5583,#5614,.T.);
#5614 = LINE('',#5615,#5616);
#5615 = CARTESIAN_POINT('',(0.833355009556,1.247200012207,
    -8.877160072327));
#5616 = VECTOR('',#5617,1.);
#5617 = DIRECTION('',(0.771513736475,-0.633150090788,-6.234995561132E-02
    ));
#5618 = ORIENTED_EDGE('',*,*,#5582,.F.);
#5619 = PLANE('',#5620);
#5620 = AXIS2_PLACEMENT_3D('',#5621,#5622,#5623);
#5621 = CARTESIAN_POINT('',(6.400378094912,1.451368409338,
    -8.857052423041));
#5622 = DIRECTION('',(-3.430921726322E-07,-9.800216581595E-02,
    0.995186201419));
#5623 = DIRECTION('',(6.62069421688E-24,0.995186201419,
    9.800216581595E-02));
#5624 = ADVANCED_FACE('',(#5625),#5642,.F.);
#5625 = FACE_BOUND('',#5626,.F.);
#5626 = EDGE_LOOP('',(#5627,#5635,#5641));
#5627 = ORIENTED_EDGE('',*,*,#5628,.T.);
#5628 = EDGE_CURVE('',#5271,#5629,#5631,.T.);
#5629 = VERTEX_POINT('',#5630);
#5630 = CARTESIAN_POINT('',(0.574024021626,1.385820031166,
    -8.863510131836));
#5631 = LINE('',#5632,#5633);
#5632 = CARTESIAN_POINT('',(12.,1.755810022354,-8.827070236206));
#5633 = VECTOR('',#5634,1.);
#5634 = DIRECTION('',(-0.999471054362,-3.236435008231E-02,
    -3.18752822297E-03));
#5635 = ORIENTED_EDGE('',*,*,#5636,.T.);
#5636 = EDGE_CURVE('',#5629,#5606,#5637,.T.);
#5637 = LINE('',#5638,#5639);
#5638 = CARTESIAN_POINT('',(0.574024021626,1.385820031166,
    -8.863510131836));
#5639 = VECTOR('',#5640,1.);
#5640 = DIRECTION('',(0.88096595463,-0.470902140572,-4.636982626342E-02)
  );
#5641 = ORIENTED_EDGE('',*,*,#5605,.F.);
#5642 = PLANE('',#5643);
#5643 = AXIS2_PLACEMENT_3D('',#5644,#5645,#5646);
#5644 = CARTESIAN_POINT('',(6.278536685647,1.533720916728,
    -8.848942892715));
#5645 = DIRECTION('',(-5.673538290946E-07,-9.799728939366E-02,
    0.995186681619));
#5646 = DIRECTION('',(-6.926507027813E-24,0.995186681619,
    9.799728939367E-02));
#5647 = ADVANCED_FACE('',(#5648),#5665,.F.);
#5648 = FACE_BOUND('',#5649,.F.);
#5649 = EDGE_LOOP('',(#5650,#5658,#5664));
#5650 = ORIENTED_EDGE('',*,*,#5651,.T.);
#5651 = EDGE_CURVE('',#5271,#5652,#5654,.T.);
#5652 = VERTEX_POINT('',#5653);
#5653 = CARTESIAN_POINT('',(0.292634993792,1.471179962158,-8.85509967804
    ));
#5654 = LINE('',#5655,#5656);
#5655 = CARTESIAN_POINT('',(12.,1.755810022354,-8.827070236206));
#5656 = VECTOR('',#5657,1.);
#5657 = DIRECTION('',(-0.999701729549,-2.430479986818E-02,
    -2.393457576867E-03));
#5658 = ORIENTED_EDGE('',*,*,#5659,.T.);
#5659 = EDGE_CURVE('',#5652,#5629,#5660,.T.);
#5660 = LINE('',#5661,#5662);
#5661 = CARTESIAN_POINT('',(0.292634993792,1.471179962158,-8.85509967804
    ));
#5662 = VECTOR('',#5663,1.);
#5663 = DIRECTION('',(0.956547732472,-0.290170690247,-2.859031345297E-02
    ));
#5664 = ORIENTED_EDGE('',*,*,#5628,.F.);
#5665 = PLANE('',#5666);
#5666 = AXIS2_PLACEMENT_3D('',#5667,#5668,#5669);
#5667 = CARTESIAN_POINT('',(6.143237970453,1.590354770538,-8.84336485298
    ));
#5668 = DIRECTION('',(1.177098688018E-06,-9.805064372745E-02,
    0.995181426305));
#5669 = DIRECTION('',(5.670244813946E-24,0.995181426306,
    9.805064372751E-02));
#5670 = ADVANCED_FACE('',(#5671),#5688,.F.);
#5671 = FACE_BOUND('',#5672,.F.);
#5672 = EDGE_LOOP('',(#5673,#5681,#5687));
#5673 = ORIENTED_EDGE('',*,*,#5674,.T.);
#5674 = EDGE_CURVE('',#5271,#5675,#5677,.T.);
#5675 = VERTEX_POINT('',#5676);
#5676 = CARTESIAN_POINT('',(0.,1.5,-8.852259635925));
#5677 = LINE('',#5678,#5679);
#5678 = CARTESIAN_POINT('',(12.,1.755810022354,-8.827070236206));
#5679 = VECTOR('',#5680,1.);
#5680 = DIRECTION('',(-0.999770657833,-2.131261286077E-02,
    -2.098635227309E-03));
#5681 = ORIENTED_EDGE('',*,*,#5682,.T.);
#5682 = EDGE_CURVE('',#5675,#5652,#5683,.T.);
#5683 = LINE('',#5684,#5685);
#5684 = CARTESIAN_POINT('',(0.,1.5,-8.852259635925));
#5685 = VECTOR('',#5686,1.);
#5686 = DIRECTION('',(0.995138973946,-9.800585540157E-02,
    -9.657890052478E-03));
#5687 = ORIENTED_EDGE('',*,*,#5651,.F.);
#5688 = PLANE('',#5689);
#5689 = AXIS2_PLACEMENT_3D('',#5690,#5691,#5692);
#5690 = CARTESIAN_POINT('',(5.999672750989,1.619132671721,
    -8.840529280321));
#5691 = DIRECTION('',(1.305265699214E-06,-9.805586481677E-02,
    0.995180911882));
#5692 = DIRECTION('',(-1.063821385882E-23,0.995180911882,
    9.805586481685E-02));
#5693 = ADVANCED_FACE('',(#5694),#5709,.F.);
#5694 = FACE_BOUND('',#5695,.F.);
#5695 = EDGE_LOOP('',(#5696,#5702,#5703));
#5696 = ORIENTED_EDGE('',*,*,#5697,.T.);
#5697 = EDGE_CURVE('',#4695,#5675,#5698,.T.);
#5698 = LINE('',#5699,#5700);
#5699 = CARTESIAN_POINT('',(-12.,1.755810022354,-8.827070236206));
#5700 = VECTOR('',#5701,1.);
#5701 = DIRECTION('',(0.999770657833,-2.131261286077E-02,
    -2.098635227309E-03));
#5702 = ORIENTED_EDGE('',*,*,#5674,.F.);
#5703 = ORIENTED_EDGE('',*,*,#5704,.F.);
#5704 = EDGE_CURVE('',#4695,#5271,#5705,.T.);
#5705 = LINE('',#5706,#5707);
#5706 = CARTESIAN_POINT('',(-12.,1.755810022354,-8.827070236206));
#5707 = VECTOR('',#5708,1.);
#5708 = DIRECTION('',(1.,0.,0.));
#5709 = PLANE('',#5710);
#5710 = AXIS2_PLACEMENT_3D('',#5711,#5712,#5713);
#5711 = CARTESIAN_POINT('',(0.,1.691850182421,-8.833368308343));
#5712 = DIRECTION('',(0.,-9.799522322388E-02,0.995186885075));
#5713 = DIRECTION('',(0.,0.995186885075,9.799522322388E-02));
#5714 = ADVANCED_FACE('',(#5715),#5732,.F.);
#5715 = FACE_BOUND('',#5716,.F.);
#5716 = EDGE_LOOP('',(#5717,#5725,#5731));
#5717 = ORIENTED_EDGE('',*,*,#5718,.T.);
#5718 = EDGE_CURVE('',#4695,#5719,#5721,.T.);
#5719 = VERTEX_POINT('',#5720);
#5720 = CARTESIAN_POINT('',(-0.292634993792,1.471179962158,
    -8.85509967804));
#5721 = LINE('',#5722,#5723);
#5722 = CARTESIAN_POINT('',(-12.,1.755810022354,-8.827070236206));
#5723 = VECTOR('',#5724,1.);
#5724 = DIRECTION('',(0.999701729549,-2.430479986818E-02,
    -2.393457576867E-03));
#5725 = ORIENTED_EDGE('',*,*,#5726,.T.);
#5726 = EDGE_CURVE('',#5719,#5675,#5727,.T.);
#5727 = LINE('',#5728,#5729);
#5728 = CARTESIAN_POINT('',(-0.292634993792,1.471179962158,
    -8.85509967804));
#5729 = VECTOR('',#5730,1.);
#5730 = DIRECTION('',(0.995138973946,9.800585540157E-02,
    9.657890052478E-03));
#5731 = ORIENTED_EDGE('',*,*,#5697,.F.);
#5732 = PLANE('',#5733);
#5733 = AXIS2_PLACEMENT_3D('',#5734,#5735,#5736);
#5734 = CARTESIAN_POINT('',(-5.999672750989,1.619132671721,
    -8.840529280321));
#5735 = DIRECTION('',(-1.305265699224E-06,-9.805586481677E-02,
    0.995180911882));
#5736 = DIRECTION('',(-9.917581879108E-24,0.995180911882,
    9.805586481685E-02));
#5737 = ADVANCED_FACE('',(#5738),#5755,.F.);
#5738 = FACE_BOUND('',#5739,.F.);
#5739 = EDGE_LOOP('',(#5740,#5748,#5754));
#5740 = ORIENTED_EDGE('',*,*,#5741,.T.);
#5741 = EDGE_CURVE('',#4695,#5742,#5744,.T.);
#5742 = VERTEX_POINT('',#5743);
#5743 = CARTESIAN_POINT('',(-0.574024021626,1.385820031166,
    -8.863510131836));
#5744 = LINE('',#5745,#5746);
#5745 = CARTESIAN_POINT('',(-12.,1.755810022354,-8.827070236206));
#5746 = VECTOR('',#5747,1.);
#5747 = DIRECTION('',(0.999471054362,-3.236435008231E-02,
    -3.18752822297E-03));
#5748 = ORIENTED_EDGE('',*,*,#5749,.T.);
#5749 = EDGE_CURVE('',#5742,#5719,#5750,.T.);
#5750 = LINE('',#5751,#5752);
#5751 = CARTESIAN_POINT('',(-0.574024021626,1.385820031166,
    -8.863510131836));
#5752 = VECTOR('',#5753,1.);
#5753 = DIRECTION('',(0.956547732472,0.290170690247,2.859031345297E-02)
  );
#5754 = ORIENTED_EDGE('',*,*,#5718,.F.);
#5755 = PLANE('',#5756);
#5756 = AXIS2_PLACEMENT_3D('',#5757,#5758,#5759);
#5757 = CARTESIAN_POINT('',(-6.143237970453,1.590354770538,
    -8.84336485298));
#5758 = DIRECTION('',(-1.177098688027E-06,-9.805064372745E-02,
    0.995181426305));
#5759 = DIRECTION('',(-2.953604421057E-24,0.995181426306,
    9.805064372751E-02));
#5760 = ADVANCED_FACE('',(#5761),#5778,.F.);
#5761 = FACE_BOUND('',#5762,.F.);
#5762 = EDGE_LOOP('',(#5763,#5771,#5777));
#5763 = ORIENTED_EDGE('',*,*,#5764,.T.);
#5764 = EDGE_CURVE('',#4695,#5765,#5767,.T.);
#5765 = VERTEX_POINT('',#5766);
#5766 = CARTESIAN_POINT('',(-0.833355009556,1.247200012207,
    -8.877160072327));
#5767 = LINE('',#5768,#5769);
#5768 = CARTESIAN_POINT('',(-12.,1.755810022354,-8.827070236206));
#5769 = VECTOR('',#5770,1.);
#5770 = DIRECTION('',(0.998954305756,-4.54996250012E-02,
    -4.480975038616E-03));
#5771 = ORIENTED_EDGE('',*,*,#5772,.T.);
#5772 = EDGE_CURVE('',#5765,#5742,#5773,.T.);
#5773 = LINE('',#5774,#5775);
#5774 = CARTESIAN_POINT('',(-0.833355009556,1.247200012207,
    -8.877160072327));
#5775 = VECTOR('',#5776,1.);
#5776 = DIRECTION('',(0.88096595463,0.470902140572,4.636982626342E-02));
#5777 = ORIENTED_EDGE('',*,*,#5741,.F.);
#5778 = PLANE('',#5779);
#5779 = AXIS2_PLACEMENT_3D('',#5780,#5781,#5782);
#5780 = CARTESIAN_POINT('',(-6.278536685647,1.533720916728,
    -8.848942892715));
#5781 = DIRECTION('',(5.673538291009E-07,-9.799728939365E-02,
    0.995186681619));
#5782 = DIRECTION('',(-7.973402218399E-24,0.995186681619,
    9.799728939367E-02));
#5783 = ADVANCED_FACE('',(#5784),#5801,.F.);
#5784 = FACE_BOUND('',#5785,.F.);
#5785 = EDGE_LOOP('',(#5786,#5794,#5800));
#5786 = ORIENTED_EDGE('',*,*,#5787,.T.);
#5787 = EDGE_CURVE('',#4695,#5788,#5790,.T.);
#5788 = VERTEX_POINT('',#5789);
#5789 = CARTESIAN_POINT('',(-1.060660004616,1.060660004616,
    -8.895529747009));
#5790 = LINE('',#5791,#5792);
#5791 = CARTESIAN_POINT('',(-12.,1.755810022354,-8.827070236206));
#5792 = VECTOR('',#5793,1.);
#5793 = DIRECTION('',(0.997967591324,-6.341673164049E-02,
    -6.245383462654E-03));
#5794 = ORIENTED_EDGE('',*,*,#5795,.T.);
#5795 = EDGE_CURVE('',#5788,#5765,#5796,.T.);
#5796 = LINE('',#5797,#5798);
#5797 = CARTESIAN_POINT('',(-1.060660004616,1.060660004616,
    -8.895529747009));
#5798 = VECTOR('',#5799,1.);
#5799 = DIRECTION('',(0.771513736475,0.633150090788,6.234995561132E-02)
  );
#5800 = ORIENTED_EDGE('',*,*,#5764,.F.);
#5801 = PLANE('',#5802);
#5802 = AXIS2_PLACEMENT_3D('',#5803,#5804,#5805);
#5803 = CARTESIAN_POINT('',(-6.400378094912,1.451368409338,
    -8.857052423041));
#5804 = DIRECTION('',(3.430921726452E-07,-9.800216581595E-02,
    0.995186201419));
#5805 = DIRECTION('',(-4.993108096778E-24,0.995186201419,
    9.800216581595E-02));
#5806 = ADVANCED_FACE('',(#5807),#5824,.F.);
#5807 = FACE_BOUND('',#5808,.F.);
#5808 = EDGE_LOOP('',(#5809,#5817,#5823));
#5809 = ORIENTED_EDGE('',*,*,#5810,.T.);
#5810 = EDGE_CURVE('',#4695,#5811,#5813,.T.);
#5811 = VERTEX_POINT('',#5812);
#5812 = CARTESIAN_POINT('',(-1.247200012207,0.833355009556,
    -8.91792011261));
#5813 = LINE('',#5814,#5815);
#5814 = CARTESIAN_POINT('',(-12.,1.755810022354,-8.827070236206));
#5815 = VECTOR('',#5816,1.);
#5816 = DIRECTION('',(0.996305145823,-8.547045207614E-02,
    -8.417733005471E-03));
#5817 = ORIENTED_EDGE('',*,*,#5818,.T.);
#5818 = EDGE_CURVE('',#5811,#5788,#5819,.T.);
#5819 = LINE('',#5820,#5821);
#5820 = CARTESIAN_POINT('',(-1.247200012207,0.833355009556,
    -8.91792011261));
#5821 = VECTOR('',#5822,1.);
#5822 = DIRECTION('',(0.632553238443,0.770786452708,7.592525835855E-02)
  );
#5823 = ORIENTED_EDGE('',*,*,#5787,.F.);
#5824 = PLANE('',#5825);
#5825 = AXIS2_PLACEMENT_3D('',#5826,#5827,#5828);
#5826 = CARTESIAN_POINT('',(-6.504076537496,1.346435446078,-8.8673873707
    ));
#5827 = DIRECTION('',(-1.321570741382E-06,-9.80281104046E-02,
    0.995183646152));
#5828 = DIRECTION('',(-6.99673107045E-24,0.995183646153,
    9.802811040469E-02));
#5829 = ADVANCED_FACE('',(#5830),#5847,.F.);
#5830 = FACE_BOUND('',#5831,.F.);
#5831 = EDGE_LOOP('',(#5832,#5840,#5846));
#5832 = ORIENTED_EDGE('',*,*,#5833,.T.);
#5833 = EDGE_CURVE('',#4695,#5834,#5836,.T.);
#5834 = VERTEX_POINT('',#5835);
#5835 = CARTESIAN_POINT('',(-1.385820031166,0.574024021626,
    -8.943460464478));
#5836 = LINE('',#5837,#5838);
#5837 = CARTESIAN_POINT('',(-12.,1.755810022354,-8.827070236206));
#5838 = VECTOR('',#5839,1.);
#5839 = DIRECTION('',(0.99379969321,-0.110649957737,-1.089755152903E-02)
  );
#5840 = ORIENTED_EDGE('',*,*,#5841,.T.);
#5841 = EDGE_CURVE('',#5834,#5811,#5842,.T.);
#5842 = LINE('',#5843,#5844);
#5843 = CARTESIAN_POINT('',(-1.385820031166,0.574024021626,
    -8.943460464478));
#5844 = VECTOR('',#5845,1.);
#5845 = DIRECTION('',(0.469641073474,0.878606744331,8.653005791024E-02)
  );
#5846 = ORIENTED_EDGE('',*,*,#5810,.F.);
#5847 = PLANE('',#5848);
#5848 = AXIS2_PLACEMENT_3D('',#5849,#5850,#5851);
#5849 = CARTESIAN_POINT('',(-6.585646065306,1.222951164509,
    -8.879549836072));
#5850 = DIRECTION('',(1.237298665428E-07,-9.80114247968E-02,
    0.995185289586));
#5851 = DIRECTION('',(7.738078377039E-25,0.995185289586,
    9.80114247968E-02));
#5852 = ADVANCED_FACE('',(#5853),#5870,.F.);
#5853 = FACE_BOUND('',#5854,.F.);
#5854 = EDGE_LOOP('',(#5855,#5863,#5869));
#5855 = ORIENTED_EDGE('',*,*,#5856,.T.);
#5856 = EDGE_CURVE('',#4695,#5857,#5859,.T.);
#5857 = VERTEX_POINT('',#5858);
#5858 = CARTESIAN_POINT('',(-1.471179962158,0.292634993792,
    -8.971179962158));
#5859 = LINE('',#5860,#5861);
#5860 = CARTESIAN_POINT('',(-12.,1.755810022354,-8.827070236206));
#5861 = VECTOR('',#5862,1.);
#5862 = DIRECTION('',(0.99039050923,-0.137633149434,-1.355564102699E-02)
  );
#5863 = ORIENTED_EDGE('',*,*,#5864,.T.);
#5864 = EDGE_CURVE('',#5857,#5834,#5865,.T.);
#5865 = LINE('',#5866,#5867);
#5866 = CARTESIAN_POINT('',(-1.471179962158,0.292634993792,
    -8.971179962158));
#5867 = VECTOR('',#5868,1.);
#5868 = DIRECTION('',(0.289008079171,0.952715184851,9.38515142545E-02));
#5869 = ORIENTED_EDGE('',*,*,#5833,.F.);
#5870 = PLANE('',#5871);
#5871 = AXIS2_PLACEMENT_3D('',#5872,#5873,#5874);
#5872 = CARTESIAN_POINT('',(-6.641947242924,1.085691806334,
    -8.893069604058));
#5873 = DIRECTION('',(-2.443524968156E-06,-9.803426100208E-02,
    0.995183040281));
#5874 = DIRECTION('',(-1.971020621766E-23,0.995183040284,
    9.803426100238E-02));
#5875 = ADVANCED_FACE('',(#5876),#5886,.F.);
#5876 = FACE_BOUND('',#5877,.F.);
#5877 = EDGE_LOOP('',(#5878,#5884,#5885));
#5878 = ORIENTED_EDGE('',*,*,#5879,.T.);
#5879 = EDGE_CURVE('',#4687,#5857,#5880,.T.);
#5880 = LINE('',#5881,#5882);
#5881 = CARTESIAN_POINT('',(-12.,0.,-9.));
#5882 = VECTOR('',#5883,1.);
#5883 = DIRECTION('',(0.999610236498,2.778287921156E-02,
    2.736185511708E-03));
#5884 = ORIENTED_EDGE('',*,*,#5856,.F.);
#5885 = ORIENTED_EDGE('',*,*,#4694,.T.);
#5886 = PLANE('',#5887);
#5887 = AXIS2_PLACEMENT_3D('',#5888,#5889,#5890);
#5888 = CARTESIAN_POINT('',(-7.140681672671,0.609665196444,
    -8.93995479588));
#5889 = DIRECTION('',(1.501431339636E-07,-9.801577662181E-02,
    0.995184860985));
#5890 = DIRECTION('',(9.602112602226E-25,0.995184860985,
    9.801577662181E-02));
#5891 = ADVANCED_FACE('',(#5892),#5902,.F.);
#5892 = FACE_BOUND('',#5893,.F.);
#5893 = EDGE_LOOP('',(#5894,#5895,#5896));
#5894 = ORIENTED_EDGE('',*,*,#5879,.F.);
#5895 = ORIENTED_EDGE('',*,*,#5069,.F.);
#5896 = ORIENTED_EDGE('',*,*,#5897,.T.);
#5897 = EDGE_CURVE('',#5062,#5857,#5898,.T.);
#5898 = LINE('',#5899,#5900);
#5899 = CARTESIAN_POINT('',(-1.5,0.,-9.));
#5900 = VECTOR('',#5901,1.);
#5901 = DIRECTION('',(9.754304482569E-02,0.990439654301,
    9.754304482569E-02));
#5902 = PLANE('',#5903);
#5903 = AXIS2_PLACEMENT_3D('',#5904,#5905,#5906);
#5904 = CARTESIAN_POINT('',(-6.669956405368,7.428514602789E-02,
    -8.992684057734));
#5905 = DIRECTION('',(0.,-9.80104264616E-02,0.995185387908));
#5906 = DIRECTION('',(0.,0.995185387908,9.80104264616E-02));
#5907 = ADVANCED_FACE('',(#5908),#5933,.F.);
#5908 = FACE_BOUND('',#5909,.F.);
#5909 = EDGE_LOOP('',(#5910,#5911,#5919,#5927));
#5910 = ORIENTED_EDGE('',*,*,#5682,.F.);
#5911 = ORIENTED_EDGE('',*,*,#5912,.T.);
#5912 = EDGE_CURVE('',#5675,#5913,#5915,.T.);
#5913 = VERTEX_POINT('',#5914);
#5914 = CARTESIAN_POINT('',(0.,1.5,-10.));
#5915 = LINE('',#5916,#5917);
#5916 = CARTESIAN_POINT('',(0.,1.5,-8.852259635925));
#5917 = VECTOR('',#5918,1.);
#5918 = DIRECTION('',(0.,0.,-1.));
#5919 = ORIENTED_EDGE('',*,*,#5920,.F.);
#5920 = EDGE_CURVE('',#5921,#5913,#5923,.T.);
#5921 = VERTEX_POINT('',#5922);
#5922 = CARTESIAN_POINT('',(0.292634993792,1.471179962158,-10.));
#5923 = LINE('',#5924,#5925);
#5924 = CARTESIAN_POINT('',(0.292634993792,1.471179962158,-10.));
#5925 = VECTOR('',#5926,1.);
#5926 = DIRECTION('',(-0.995185387908,9.80104264616E-02,0.));
#5927 = ORIENTED_EDGE('',*,*,#5928,.T.);
#5928 = EDGE_CURVE('',#5921,#5652,#5929,.T.);
#5929 = LINE('',#5930,#5931);
#5930 = CARTESIAN_POINT('',(0.292634993792,1.471179962158,-10.));
#5931 = VECTOR('',#5932,1.);
#5932 = DIRECTION('',(0.,0.,1.));
#5933 = PLANE('',#5934);
#5934 = AXIS2_PLACEMENT_3D('',#5935,#5936,#5937);
#5935 = CARTESIAN_POINT('',(0.146173247306,1.485604187441,
    -9.426836399809));
#5936 = DIRECTION('',(-9.80104264616E-02,-0.995185387908,-0.));
#5937 = DIRECTION('',(-0.995185387908,9.80104264616E-02,0.));
#5938 = ADVANCED_FACE('',(#5939),#5964,.F.);
#5939 = FACE_BOUND('',#5940,.F.);
#5940 = EDGE_LOOP('',(#5941,#5942,#5950,#5958));
#5941 = ORIENTED_EDGE('',*,*,#5636,.F.);
#5942 = ORIENTED_EDGE('',*,*,#5943,.T.);
#5943 = EDGE_CURVE('',#5629,#5944,#5946,.T.);
#5944 = VERTEX_POINT('',#5945);
#5945 = CARTESIAN_POINT('',(0.574024021626,1.385820031166,-10.));
#5946 = LINE('',#5947,#5948);
#5947 = CARTESIAN_POINT('',(0.574024021626,1.385820031166,
    -8.863510131836));
#5948 = VECTOR('',#5949,1.);
#5949 = DIRECTION('',(0.,0.,-1.));
#5950 = ORIENTED_EDGE('',*,*,#5951,.F.);
#5951 = EDGE_CURVE('',#5952,#5944,#5954,.T.);
#5952 = VERTEX_POINT('',#5953);
#5953 = CARTESIAN_POINT('',(0.833355009556,1.247200012207,-10.));
#5954 = LINE('',#5955,#5956);
#5955 = CARTESIAN_POINT('',(0.833355009556,1.247200012207,-10.));
#5956 = VECTOR('',#5957,1.);
#5957 = DIRECTION('',(-0.881914593925,0.471409216098,0.));
#5958 = ORIENTED_EDGE('',*,*,#5959,.T.);
#5959 = EDGE_CURVE('',#5952,#5606,#5960,.T.);
#5960 = LINE('',#5961,#5962);
#5961 = CARTESIAN_POINT('',(0.833355009556,1.247200012207,-10.));
#5962 = VECTOR('',#5963,1.);
#5963 = DIRECTION('',(0.,0.,1.));
#5964 = PLANE('',#5965);
#5965 = AXIS2_PLACEMENT_3D('',#5966,#5967,#5968);
#5966 = CARTESIAN_POINT('',(0.703067999359,1.316842240341,
    -9.435088390295));
#5967 = DIRECTION('',(-0.471409216098,-0.881914593925,-0.));
#5968 = DIRECTION('',(-0.881914593925,0.471409216098,0.));
#5969 = ADVANCED_FACE('',(#5970),#5995,.F.);
#5970 = FACE_BOUND('',#5971,.F.);
#5971 = EDGE_LOOP('',(#5972,#5980,#5981,#5989));
#5972 = ORIENTED_EDGE('',*,*,#5973,.T.);
#5973 = EDGE_CURVE('',#5974,#5811,#5976,.T.);
#5974 = VERTEX_POINT('',#5975);
#5975 = CARTESIAN_POINT('',(-1.247200012207,0.833355009556,-10.));
#5976 = LINE('',#5977,#5978);
#5977 = CARTESIAN_POINT('',(-1.247200012207,0.833355009556,-10.));
#5978 = VECTOR('',#5979,1.);
#5979 = DIRECTION('',(0.,0.,1.));
#5980 = ORIENTED_EDGE('',*,*,#5841,.F.);
#5981 = ORIENTED_EDGE('',*,*,#5982,.T.);
#5982 = EDGE_CURVE('',#5834,#5983,#5985,.T.);
#5983 = VERTEX_POINT('',#5984);
#5984 = CARTESIAN_POINT('',(-1.385820031166,0.574024021626,-10.));
#5985 = LINE('',#5986,#5987);
#5986 = CARTESIAN_POINT('',(-1.385820031166,0.574024021626,
    -8.943460464478));
#5987 = VECTOR('',#5988,1.);
#5988 = DIRECTION('',(0.,0.,-1.));
#5989 = ORIENTED_EDGE('',*,*,#5990,.F.);
#5990 = EDGE_CURVE('',#5974,#5983,#5991,.T.);
#5991 = LINE('',#5992,#5993);
#5992 = CARTESIAN_POINT('',(-1.247200012207,0.833355009556,-10.));
#5993 = VECTOR('',#5994,1.);
#5994 = DIRECTION('',(-0.471409216098,-0.881914593925,0.));
#5995 = PLANE('',#5996);
#5996 = AXIS2_PLACEMENT_3D('',#5997,#5998,#5999);
#5997 = CARTESIAN_POINT('',(-1.315861081536,0.704903555897,
    -9.465068374207));
#5998 = DIRECTION('',(0.881914593925,-0.471409216098,0.));
#5999 = DIRECTION('',(0.471409216098,0.881914593925,0.));
#6000 = ADVANCED_FACE('',(#6001),#6026,.F.);
#6001 = FACE_BOUND('',#6002,.F.);
#6002 = EDGE_LOOP('',(#6003,#6011,#6019,#6025));
#6003 = ORIENTED_EDGE('',*,*,#6004,.T.);
#6004 = EDGE_CURVE('',#5431,#6005,#6007,.T.);
#6005 = VERTEX_POINT('',#6006);
#6006 = CARTESIAN_POINT('',(0.833355009556,-1.247200012207,-10.));
#6007 = LINE('',#6008,#6009);
#6008 = CARTESIAN_POINT('',(0.833355009556,-1.247200012207,
    -8.877160072327));
#6009 = VECTOR('',#6010,1.);
#6010 = DIRECTION('',(0.,0.,-1.));
#6011 = ORIENTED_EDGE('',*,*,#6012,.F.);
#6012 = EDGE_CURVE('',#6013,#6005,#6015,.T.);
#6013 = VERTEX_POINT('',#6014);
#6014 = CARTESIAN_POINT('',(0.574024021626,-1.385820031166,-10.));
#6015 = LINE('',#6016,#6017);
#6016 = CARTESIAN_POINT('',(0.574024021626,-1.385820031166,-10.));
#6017 = VECTOR('',#6018,1.);
#6018 = DIRECTION('',(0.881914593925,0.471409216098,0.));
#6019 = ORIENTED_EDGE('',*,*,#6020,.T.);
#6020 = EDGE_CURVE('',#6013,#5454,#6021,.T.);
#6021 = LINE('',#6022,#6023);
#6022 = CARTESIAN_POINT('',(0.574024021626,-1.385820031166,-10.));
#6023 = VECTOR('',#6024,1.);
#6024 = DIRECTION('',(0.,0.,1.));
#6025 = ORIENTED_EDGE('',*,*,#5462,.F.);
#6026 = PLANE('',#6027);
#6027 = AXIS2_PLACEMENT_3D('',#6028,#6029,#6030);
#6028 = CARTESIAN_POINT('',(0.703067999359,-1.316842240341,
    -9.435088390295));
#6029 = DIRECTION('',(-0.471409216098,0.881914593925,0.));
#6030 = DIRECTION('',(0.881914593925,0.471409216098,0.));
#6031 = ADVANCED_FACE('',(#6032),#6057,.F.);
#6032 = FACE_BOUND('',#6033,.F.);
#6033 = EDGE_LOOP('',(#6034,#6035,#6043,#6051));
#6034 = ORIENTED_EDGE('',*,*,#5108,.F.);
#6035 = ORIENTED_EDGE('',*,*,#6036,.T.);
#6036 = EDGE_CURVE('',#5101,#6037,#6039,.T.);
#6037 = VERTEX_POINT('',#6038);
#6038 = CARTESIAN_POINT('',(-1.385820031166,-0.574024021626,-10.));
#6039 = LINE('',#6040,#6041);
#6040 = CARTESIAN_POINT('',(-1.385820031166,-0.574024021626,
    -8.943460464478));
#6041 = VECTOR('',#6042,1.);
#6042 = DIRECTION('',(0.,0.,-1.));
#6043 = ORIENTED_EDGE('',*,*,#6044,.F.);
#6044 = EDGE_CURVE('',#6045,#6037,#6047,.T.);
#6045 = VERTEX_POINT('',#6046);
#6046 = CARTESIAN_POINT('',(-1.471179962158,-0.292634993792,-10.));
#6047 = LINE('',#6048,#6049);
#6048 = CARTESIAN_POINT('',(-1.471179962158,-0.292634993792,-10.));
#6049 = VECTOR('',#6050,1.);
#6050 = DIRECTION('',(0.290289356636,-0.956938916245,0.));
#6051 = ORIENTED_EDGE('',*,*,#6052,.T.);
#6052 = EDGE_CURVE('',#6045,#5054,#6053,.T.);
#6053 = LINE('',#6054,#6055);
#6054 = CARTESIAN_POINT('',(-1.471179962158,-0.292634993792,-10.));
#6055 = VECTOR('',#6056,1.);
#6056 = DIRECTION('',(0.,0.,1.));
#6057 = PLANE('',#6058);
#6058 = AXIS2_PLACEMENT_3D('',#6059,#6060,#6061);
#6059 = CARTESIAN_POINT('',(-1.428057689789,-0.434787572395,
    -9.478334197808));
#6060 = DIRECTION('',(0.956938916245,0.290289356636,0.));
#6061 = DIRECTION('',(-0.290289356636,0.956938916245,0.));
#6062 = ADVANCED_FACE('',(#6063),#6088,.F.);
#6063 = FACE_BOUND('',#6064,.F.);
#6064 = EDGE_LOOP('',(#6065,#6075,#6081,#6082));
#6065 = ORIENTED_EDGE('',*,*,#6066,.T.);
#6066 = EDGE_CURVE('',#6067,#6069,#6071,.T.);
#6067 = VERTEX_POINT('',#6068);
#6068 = CARTESIAN_POINT('',(1.471179962158,0.292634993792,-10.));
#6069 = VERTEX_POINT('',#6070);
#6070 = CARTESIAN_POINT('',(1.5,0.,-10.));
#6071 = LINE('',#6072,#6073);
#6072 = CARTESIAN_POINT('',(1.471179962158,0.292634993792,-10.));
#6073 = VECTOR('',#6074,1.);
#6074 = DIRECTION('',(9.80104264616E-02,-0.995185387908,0.));
#6075 = ORIENTED_EDGE('',*,*,#6076,.T.);
#6076 = EDGE_CURVE('',#6069,#5294,#6077,.T.);
#6077 = LINE('',#6078,#6079);
#6078 = CARTESIAN_POINT('',(1.5,0.,-10.));
#6079 = VECTOR('',#6080,1.);
#6080 = DIRECTION('',(0.,0.,1.));
#6081 = ORIENTED_EDGE('',*,*,#5293,.F.);
#6082 = ORIENTED_EDGE('',*,*,#6083,.F.);
#6083 = EDGE_CURVE('',#6067,#5261,#6084,.T.);
#6084 = LINE('',#6085,#6086);
#6085 = CARTESIAN_POINT('',(1.471179962158,0.292634993792,-10.));
#6086 = VECTOR('',#6087,1.);
#6087 = DIRECTION('',(0.,0.,1.));
#6088 = PLANE('',#6089);
#6089 = AXIS2_PLACEMENT_3D('',#6090,#6091,#6092);
#6090 = CARTESIAN_POINT('',(1.485431369591,0.147928017744,
    -9.492442751399));
#6091 = DIRECTION('',(-0.995185387908,-9.80104264616E-02,-0.));
#6092 = DIRECTION('',(9.80104264616E-02,-0.995185387908,0.));
#6093 = ADVANCED_FACE('',(#6094),#6112,.F.);
#6094 = FACE_BOUND('',#6095,.F.);
#6095 = EDGE_LOOP('',(#6096,#6104,#6105,#6106));
#6096 = ORIENTED_EDGE('',*,*,#6097,.T.);
#6097 = EDGE_CURVE('',#6098,#6067,#6100,.T.);
#6098 = VERTEX_POINT('',#6099);
#6099 = CARTESIAN_POINT('',(1.385820031166,0.574024021626,-10.));
#6100 = LINE('',#6101,#6102);
#6101 = CARTESIAN_POINT('',(1.385820031166,0.574024021626,-10.));
#6102 = VECTOR('',#6103,1.);
#6103 = DIRECTION('',(0.290289356636,-0.956938916245,0.));
#6104 = ORIENTED_EDGE('',*,*,#6083,.T.);
#6105 = ORIENTED_EDGE('',*,*,#5544,.F.);
#6106 = ORIENTED_EDGE('',*,*,#6107,.T.);
#6107 = EDGE_CURVE('',#5537,#6098,#6108,.T.);
#6108 = LINE('',#6109,#6110);
#6109 = CARTESIAN_POINT('',(1.385820031166,0.574024021626,
    -8.943460464478));
#6110 = VECTOR('',#6111,1.);
#6111 = DIRECTION('',(0.,0.,-1.));
#6112 = PLANE('',#6113);
#6113 = AXIS2_PLACEMENT_3D('',#6114,#6115,#6116);
#6114 = CARTESIAN_POINT('',(1.428057689789,0.434787572395,
    -9.478334197808));
#6115 = DIRECTION('',(-0.956938916245,-0.290289356636,-0.));
#6116 = DIRECTION('',(0.290289356636,-0.956938916245,0.));
#6117 = ADVANCED_FACE('',(#6118),#6143,.F.);
#6118 = FACE_BOUND('',#6119,.F.);
#6119 = EDGE_LOOP('',(#6120,#6128,#6136,#6142));
#6120 = ORIENTED_EDGE('',*,*,#6121,.T.);
#6121 = EDGE_CURVE('',#5765,#6122,#6124,.T.);
#6122 = VERTEX_POINT('',#6123);
#6123 = CARTESIAN_POINT('',(-0.833355009556,1.247200012207,-10.));
#6124 = LINE('',#6125,#6126);
#6125 = CARTESIAN_POINT('',(-0.833355009556,1.247200012207,
    -8.877160072327));
#6126 = VECTOR('',#6127,1.);
#6127 = DIRECTION('',(0.,0.,-1.));
#6128 = ORIENTED_EDGE('',*,*,#6129,.T.);
#6129 = EDGE_CURVE('',#6122,#6130,#6132,.T.);
#6130 = VERTEX_POINT('',#6131);
#6131 = CARTESIAN_POINT('',(-0.574024021626,1.385820031166,-10.));
#6132 = LINE('',#6133,#6134);
#6133 = CARTESIAN_POINT('',(-0.833355009556,1.247200012207,-10.));
#6134 = VECTOR('',#6135,1.);
#6135 = DIRECTION('',(0.881914593925,0.471409216098,0.));
#6136 = ORIENTED_EDGE('',*,*,#6137,.T.);
#6137 = EDGE_CURVE('',#6130,#5742,#6138,.T.);
#6138 = LINE('',#6139,#6140);
#6139 = CARTESIAN_POINT('',(-0.574024021626,1.385820031166,-10.));
#6140 = VECTOR('',#6141,1.);
#6141 = DIRECTION('',(0.,0.,1.));
#6142 = ORIENTED_EDGE('',*,*,#5772,.F.);
#6143 = PLANE('',#6144);
#6144 = AXIS2_PLACEMENT_3D('',#6145,#6146,#6147);
#6145 = CARTESIAN_POINT('',(-0.703067999359,1.316842240341,
    -9.435088390295));
#6146 = DIRECTION('',(0.471409216098,-0.881914593925,-0.));
#6147 = DIRECTION('',(-0.881914593925,-0.471409216098,0.));
#6148 = ADVANCED_FACE('',(#6149),#6183,.F.);
#6149 = FACE_BOUND('',#6150,.F.);
#6150 = EDGE_LOOP('',(#6151,#6161,#6169,#6177));
#6151 = ORIENTED_EDGE('',*,*,#6152,.T.);
#6152 = EDGE_CURVE('',#6153,#6155,#6157,.T.);
#6153 = VERTEX_POINT('',#6154);
#6154 = CARTESIAN_POINT('',(23.,-3.570889949799,-3.570889949799));
#6155 = VERTEX_POINT('',#6156);
#6156 = CARTESIAN_POINT('',(23.,-2.805629968643,-4.198919773102));
#6157 = LINE('',#6158,#6159);
#6158 = CARTESIAN_POINT('',(23.,-3.570889949799,-3.570889949799));
#6159 = VECTOR('',#6160,1.);
#6160 = DIRECTION('',(0.,0.773011846661,-0.634391586421));
#6161 = ORIENTED_EDGE('',*,*,#6162,.T.);
#6162 = EDGE_CURVE('',#6155,#6163,#6165,.T.);
#6163 = VERTEX_POINT('',#6164);
#6164 = CARTESIAN_POINT('',(19.,-2.805629968643,-4.198919773102));
#6165 = LINE('',#6166,#6167);
#6166 = CARTESIAN_POINT('',(23.,-2.805629968643,-4.198919773102));
#6167 = VECTOR('',#6168,1.);
#6168 = DIRECTION('',(-1.,0.,0.));
#6169 = ORIENTED_EDGE('',*,*,#6170,.F.);
#6170 = EDGE_CURVE('',#6171,#6163,#6173,.T.);
#6171 = VERTEX_POINT('',#6172);
#6172 = CARTESIAN_POINT('',(19.,-3.570889949799,-3.570889949799));
#6173 = LINE('',#6174,#6175);
#6174 = CARTESIAN_POINT('',(19.,-3.570889949799,-3.570889949799));
#6175 = VECTOR('',#6176,1.);
#6176 = DIRECTION('',(0.,0.773011846661,-0.634391586421));
#6177 = ORIENTED_EDGE('',*,*,#6178,.F.);
#6178 = EDGE_CURVE('',#6153,#6171,#6179,.T.);
#6179 = LINE('',#6180,#6181);
#6180 = CARTESIAN_POINT('',(23.,-3.570889949799,-3.570889949799));
#6181 = VECTOR('',#6182,1.);
#6182 = DIRECTION('',(-1.,0.,0.));
#6183 = PLANE('',#6184);
#6184 = AXIS2_PLACEMENT_3D('',#6185,#6186,#6187);
#6185 = CARTESIAN_POINT('',(21.,-3.188259959221,-3.88490486145));
#6186 = DIRECTION('',(0.,0.634391586421,0.773011846661));
#6187 = DIRECTION('',(0.,0.773011846661,-0.634391586421));
#6188 = ADVANCED_FACE('',(#6189,#6446),#6704,.F.);
#6189 = FACE_BOUND('',#6190,.F.);
#6190 = EDGE_LOOP('',(#6191,#6201,#6209,#6217,#6225,#6233,#6241,#6249,
    #6257,#6265,#6273,#6281,#6289,#6297,#6305,#6311,#6312,#6320,#6328,
    #6336,#6344,#6352,#6360,#6368,#6376,#6384,#6392,#6400,#6408,#6416,
    #6424,#6432,#6440));
#6191 = ORIENTED_EDGE('',*,*,#6192,.T.);
#6192 = EDGE_CURVE('',#6193,#6195,#6197,.T.);
#6193 = VERTEX_POINT('',#6194);
#6194 = CARTESIAN_POINT('',(19.,2.805629968643,4.198919773102));
#6195 = VERTEX_POINT('',#6196);
#6196 = CARTESIAN_POINT('',(19.,1.932549953461,4.665589809418));
#6197 = LINE('',#6198,#6199);
#6198 = CARTESIAN_POINT('',(19.,2.805629968643,4.198919773102));
#6199 = VECTOR('',#6200,1.);
#6200 = DIRECTION('',(0.,-0.881921665133,0.47139598701));
#6201 = ORIENTED_EDGE('',*,*,#6202,.F.);
#6202 = EDGE_CURVE('',#6203,#6195,#6205,.T.);
#6203 = VERTEX_POINT('',#6204);
#6204 = CARTESIAN_POINT('',(19.,0.985206007957,4.952960014343));
#6205 = LINE('',#6206,#6207);
#6206 = CARTESIAN_POINT('',(19.,0.985206007957,4.952960014343));
#6207 = VECTOR('',#6208,1.);
#6208 = DIRECTION('',(0.,0.956941300758,-0.290281495972));
#6209 = ORIENTED_EDGE('',*,*,#6210,.F.);
#6210 = EDGE_CURVE('',#6211,#6203,#6213,.T.);
#6211 = VERTEX_POINT('',#6212);
#6212 = CARTESIAN_POINT('',(19.,0.,5.050000190735));
#6213 = LINE('',#6214,#6215);
#6214 = CARTESIAN_POINT('',(19.,0.,5.050000190735));
#6215 = VECTOR('',#6216,1.);
#6216 = DIRECTION('',(0.,0.995184149835,-9.802299687793E-02));
#6217 = ORIENTED_EDGE('',*,*,#6218,.F.);
#6218 = EDGE_CURVE('',#6219,#6211,#6221,.T.);
#6219 = VERTEX_POINT('',#6220);
#6220 = CARTESIAN_POINT('',(19.,-0.985206007957,4.952960014343));
#6221 = LINE('',#6222,#6223);
#6222 = CARTESIAN_POINT('',(19.,-0.985206007957,4.952960014343));
#6223 = VECTOR('',#6224,1.);
#6224 = DIRECTION('',(0.,0.995184149835,9.802299687793E-02));
#6225 = ORIENTED_EDGE('',*,*,#6226,.T.);
#6226 = EDGE_CURVE('',#6219,#6227,#6229,.T.);
#6227 = VERTEX_POINT('',#6228);
#6228 = CARTESIAN_POINT('',(19.,-1.932549953461,4.665589809418));
#6229 = LINE('',#6230,#6231);
#6230 = CARTESIAN_POINT('',(19.,-0.985206007957,4.952960014343));
#6231 = VECTOR('',#6232,1.);
#6232 = DIRECTION('',(0.,-0.956941300758,-0.290281495972));
#6233 = ORIENTED_EDGE('',*,*,#6234,.T.);
#6234 = EDGE_CURVE('',#6227,#6235,#6237,.T.);
#6235 = VERTEX_POINT('',#6236);
#6236 = CARTESIAN_POINT('',(19.,-2.805629968643,4.198919773102));
#6237 = LINE('',#6238,#6239);
#6238 = CARTESIAN_POINT('',(19.,-1.932549953461,4.665589809418));
#6239 = VECTOR('',#6240,1.);
#6240 = DIRECTION('',(0.,-0.881921665133,-0.47139598701));
#6241 = ORIENTED_EDGE('',*,*,#6242,.F.);
#6242 = EDGE_CURVE('',#6243,#6235,#6245,.T.);
#6243 = VERTEX_POINT('',#6244);
#6244 = CARTESIAN_POINT('',(19.,-3.570889949799,3.570889949799));
#6245 = LINE('',#6246,#6247);
#6246 = CARTESIAN_POINT('',(19.,-3.570889949799,3.570889949799));
#6247 = VECTOR('',#6248,1.);
#6248 = DIRECTION('',(0.,0.773011846661,0.634391586421));
#6249 = ORIENTED_EDGE('',*,*,#6250,.F.);
#6250 = EDGE_CURVE('',#6251,#6243,#6253,.T.);
#6251 = VERTEX_POINT('',#6252);
#6252 = CARTESIAN_POINT('',(19.,-4.198919773102,2.805629968643));
#6253 = LINE('',#6254,#6255);
#6254 = CARTESIAN_POINT('',(19.,-4.198919773102,2.805629968643));
#6255 = VECTOR('',#6256,1.);
#6256 = DIRECTION('',(0.,0.634391586421,0.773011846661));
#6257 = ORIENTED_EDGE('',*,*,#6258,.T.);
#6258 = EDGE_CURVE('',#6251,#6259,#6261,.T.);
#6259 = VERTEX_POINT('',#6260);
#6260 = CARTESIAN_POINT('',(19.,-4.665589809418,1.932549953461));
#6261 = LINE('',#6262,#6263);
#6262 = CARTESIAN_POINT('',(19.,-4.198919773102,2.805629968643));
#6263 = VECTOR('',#6264,1.);
#6264 = DIRECTION('',(0.,-0.47139598701,-0.881921665133));
#6265 = ORIENTED_EDGE('',*,*,#6266,.F.);
#6266 = EDGE_CURVE('',#6267,#6259,#6269,.T.);
#6267 = VERTEX_POINT('',#6268);
#6268 = CARTESIAN_POINT('',(19.,-4.952960014343,0.985206007957));
#6269 = LINE('',#6270,#6271);
#6270 = CARTESIAN_POINT('',(19.,-4.952960014343,0.985206007957));
#6271 = VECTOR('',#6272,1.);
#6272 = DIRECTION('',(0.,0.290281495972,0.956941300758));
#6273 = ORIENTED_EDGE('',*,*,#6274,.T.);
#6274 = EDGE_CURVE('',#6267,#6275,#6277,.T.);
#6275 = VERTEX_POINT('',#6276);
#6276 = CARTESIAN_POINT('',(19.,-5.050000190735,0.));
#6277 = LINE('',#6278,#6279);
#6278 = CARTESIAN_POINT('',(19.,-4.952960014343,0.985206007957));
#6279 = VECTOR('',#6280,1.);
#6280 = DIRECTION('',(0.,-9.802299687793E-02,-0.995184149835));
#6281 = ORIENTED_EDGE('',*,*,#6282,.F.);
#6282 = EDGE_CURVE('',#6283,#6275,#6285,.T.);
#6283 = VERTEX_POINT('',#6284);
#6284 = CARTESIAN_POINT('',(19.,-4.952960014343,-0.985206007957));
#6285 = LINE('',#6286,#6287);
#6286 = CARTESIAN_POINT('',(19.,-4.952960014343,-0.985206007957));
#6287 = VECTOR('',#6288,1.);
#6288 = DIRECTION('',(0.,-9.802299687793E-02,0.995184149835));
#6289 = ORIENTED_EDGE('',*,*,#6290,.F.);
#6290 = EDGE_CURVE('',#6291,#6283,#6293,.T.);
#6291 = VERTEX_POINT('',#6292);
#6292 = CARTESIAN_POINT('',(19.,-4.665589809418,-1.932549953461));
#6293 = LINE('',#6294,#6295);
#6294 = CARTESIAN_POINT('',(19.,-4.665589809418,-1.932549953461));
#6295 = VECTOR('',#6296,1.);
#6296 = DIRECTION('',(0.,-0.290281495972,0.956941300758));
#6297 = ORIENTED_EDGE('',*,*,#6298,.F.);
#6298 = EDGE_CURVE('',#6299,#6291,#6301,.T.);
#6299 = VERTEX_POINT('',#6300);
#6300 = CARTESIAN_POINT('',(19.,-4.198919773102,-2.805629968643));
#6301 = LINE('',#6302,#6303);
#6302 = CARTESIAN_POINT('',(19.,-4.198919773102,-2.805629968643));
#6303 = VECTOR('',#6304,1.);
#6304 = DIRECTION('',(0.,-0.47139598701,0.881921665133));
#6305 = ORIENTED_EDGE('',*,*,#6306,.F.);
#6306 = EDGE_CURVE('',#6171,#6299,#6307,.T.);
#6307 = LINE('',#6308,#6309);
#6308 = CARTESIAN_POINT('',(19.,-3.570889949799,-3.570889949799));
#6309 = VECTOR('',#6310,1.);
#6310 = DIRECTION('',(0.,-0.634391586421,0.773011846661));
#6311 = ORIENTED_EDGE('',*,*,#6170,.T.);
#6312 = ORIENTED_EDGE('',*,*,#6313,.T.);
#6313 = EDGE_CURVE('',#6163,#6314,#6316,.T.);
#6314 = VERTEX_POINT('',#6315);
#6315 = CARTESIAN_POINT('',(19.,-1.932549953461,-4.665589809418));
#6316 = LINE('',#6317,#6318);
#6317 = CARTESIAN_POINT('',(19.,-2.805629968643,-4.198919773102));
#6318 = VECTOR('',#6319,1.);
#6319 = DIRECTION('',(0.,0.881921665133,-0.47139598701));
#6320 = ORIENTED_EDGE('',*,*,#6321,.F.);
#6321 = EDGE_CURVE('',#6322,#6314,#6324,.T.);
#6322 = VERTEX_POINT('',#6323);
#6323 = CARTESIAN_POINT('',(19.,-1.219149947166,-4.881999969482));
#6324 = LINE('',#6325,#6326);
#6325 = CARTESIAN_POINT('',(19.,-1.219149947166,-4.881999969482));
#6326 = VECTOR('',#6327,1.);
#6327 = DIRECTION('',(0.,-0.956939354233,0.290287912804));
#6328 = ORIENTED_EDGE('',*,*,#6329,.F.);
#6329 = EDGE_CURVE('',#6330,#6322,#6332,.T.);
#6330 = VERTEX_POINT('',#6331);
#6331 = CARTESIAN_POINT('',(19.,-1.219149947166,-3.5));
#6332 = LINE('',#6333,#6334);
#6333 = CARTESIAN_POINT('',(19.,-1.219149947166,-3.5));
#6334 = VECTOR('',#6335,1.);
#6335 = DIRECTION('',(0.,0.,-1.));
#6336 = ORIENTED_EDGE('',*,*,#6337,.F.);
#6337 = EDGE_CURVE('',#6338,#6330,#6340,.T.);
#6338 = VERTEX_POINT('',#6339);
#6339 = CARTESIAN_POINT('',(19.,1.219149947166,-3.5));
#6340 = LINE('',#6341,#6342);
#6341 = CARTESIAN_POINT('',(19.,1.219149947166,-3.5));
#6342 = VECTOR('',#6343,1.);
#6343 = DIRECTION('',(0.,-1.,0.));
#6344 = ORIENTED_EDGE('',*,*,#6345,.F.);
#6345 = EDGE_CURVE('',#6346,#6338,#6348,.T.);
#6346 = VERTEX_POINT('',#6347);
#6347 = CARTESIAN_POINT('',(19.,1.219149947166,-4.881999969482));
#6348 = LINE('',#6349,#6350);
#6349 = CARTESIAN_POINT('',(19.,1.219149947166,-4.881999969482));
#6350 = VECTOR('',#6351,1.);
#6351 = DIRECTION('',(0.,0.,1.));
#6352 = ORIENTED_EDGE('',*,*,#6353,.F.);
#6353 = EDGE_CURVE('',#6354,#6346,#6356,.T.);
#6354 = VERTEX_POINT('',#6355);
#6355 = CARTESIAN_POINT('',(19.,1.932549953461,-4.665589809418));
#6356 = LINE('',#6357,#6358);
#6357 = CARTESIAN_POINT('',(19.,1.932549953461,-4.665589809418));
#6358 = VECTOR('',#6359,1.);
#6359 = DIRECTION('',(0.,-0.956939354233,-0.290287912804));
#6360 = ORIENTED_EDGE('',*,*,#6361,.F.);
#6361 = EDGE_CURVE('',#6362,#6354,#6364,.T.);
#6362 = VERTEX_POINT('',#6363);
#6363 = CARTESIAN_POINT('',(19.,2.805629968643,-4.198919773102));
#6364 = LINE('',#6365,#6366);
#6365 = CARTESIAN_POINT('',(19.,2.805629968643,-4.198919773102));
#6366 = VECTOR('',#6367,1.);
#6367 = DIRECTION('',(0.,-0.881921665133,-0.47139598701));
#6368 = ORIENTED_EDGE('',*,*,#6369,.F.);
#6369 = EDGE_CURVE('',#6370,#6362,#6372,.T.);
#6370 = VERTEX_POINT('',#6371);
#6371 = CARTESIAN_POINT('',(19.,3.570889949799,-3.570889949799));
#6372 = LINE('',#6373,#6374);
#6373 = CARTESIAN_POINT('',(19.,3.570889949799,-3.570889949799));
#6374 = VECTOR('',#6375,1.);
#6375 = DIRECTION('',(0.,-0.773011846661,-0.634391586421));
#6376 = ORIENTED_EDGE('',*,*,#6377,.F.);
#6377 = EDGE_CURVE('',#6378,#6370,#6380,.T.);
#6378 = VERTEX_POINT('',#6379);
#6379 = CARTESIAN_POINT('',(19.,4.198919773102,-2.805629968643));
#6380 = LINE('',#6381,#6382);
#6381 = CARTESIAN_POINT('',(19.,4.198919773102,-2.805629968643));
#6382 = VECTOR('',#6383,1.);
#6383 = DIRECTION('',(0.,-0.634391586421,-0.773011846661));
#6384 = ORIENTED_EDGE('',*,*,#6385,.F.);
#6385 = EDGE_CURVE('',#6386,#6378,#6388,.T.);
#6386 = VERTEX_POINT('',#6387);
#6387 = CARTESIAN_POINT('',(19.,4.665589809418,-1.932549953461));
#6388 = LINE('',#6389,#6390);
#6389 = CARTESIAN_POINT('',(19.,4.665589809418,-1.932549953461));
#6390 = VECTOR('',#6391,1.);
#6391 = DIRECTION('',(0.,-0.47139598701,-0.881921665133));
#6392 = ORIENTED_EDGE('',*,*,#6393,.T.);
#6393 = EDGE_CURVE('',#6386,#6394,#6396,.T.);
#6394 = VERTEX_POINT('',#6395);
#6395 = CARTESIAN_POINT('',(19.,4.952960014343,-0.985206007957));
#6396 = LINE('',#6397,#6398);
#6397 = CARTESIAN_POINT('',(19.,4.665589809418,-1.932549953461));
#6398 = VECTOR('',#6399,1.);
#6399 = DIRECTION('',(0.,0.290281495972,0.956941300758));
#6400 = ORIENTED_EDGE('',*,*,#6401,.F.);
#6401 = EDGE_CURVE('',#6402,#6394,#6404,.T.);
#6402 = VERTEX_POINT('',#6403);
#6403 = CARTESIAN_POINT('',(19.,5.050000190735,0.));
#6404 = LINE('',#6405,#6406);
#6405 = CARTESIAN_POINT('',(19.,5.050000190735,0.));
#6406 = VECTOR('',#6407,1.);
#6407 = DIRECTION('',(0.,-9.802299687793E-02,-0.995184149835));
#6408 = ORIENTED_EDGE('',*,*,#6409,.F.);
#6409 = EDGE_CURVE('',#6410,#6402,#6412,.T.);
#6410 = VERTEX_POINT('',#6411);
#6411 = CARTESIAN_POINT('',(19.,4.952960014343,0.985206007957));
#6412 = LINE('',#6413,#6414);
#6413 = CARTESIAN_POINT('',(19.,4.952960014343,0.985206007957));
#6414 = VECTOR('',#6415,1.);
#6415 = DIRECTION('',(0.,9.802299687793E-02,-0.995184149835));
#6416 = ORIENTED_EDGE('',*,*,#6417,.F.);
#6417 = EDGE_CURVE('',#6418,#6410,#6420,.T.);
#6418 = VERTEX_POINT('',#6419);
#6419 = CARTESIAN_POINT('',(19.,4.665589809418,1.932549953461));
#6420 = LINE('',#6421,#6422);
#6421 = CARTESIAN_POINT('',(19.,4.665589809418,1.932549953461));
#6422 = VECTOR('',#6423,1.);
#6423 = DIRECTION('',(0.,0.290281495972,-0.956941300758));
#6424 = ORIENTED_EDGE('',*,*,#6425,.F.);
#6425 = EDGE_CURVE('',#6426,#6418,#6428,.T.);
#6426 = VERTEX_POINT('',#6427);
#6427 = CARTESIAN_POINT('',(19.,4.198919773102,2.805629968643));
#6428 = LINE('',#6429,#6430);
#6429 = CARTESIAN_POINT('',(19.,4.198919773102,2.805629968643));
#6430 = VECTOR('',#6431,1.);
#6431 = DIRECTION('',(0.,0.47139598701,-0.881921665133));
#6432 = ORIENTED_EDGE('',*,*,#6433,.T.);
#6433 = EDGE_CURVE('',#6426,#6434,#6436,.T.);
#6434 = VERTEX_POINT('',#6435);
#6435 = CARTESIAN_POINT('',(19.,3.570889949799,3.570889949799));
#6436 = LINE('',#6437,#6438);
#6437 = CARTESIAN_POINT('',(19.,4.198919773102,2.805629968643));
#6438 = VECTOR('',#6439,1.);
#6439 = DIRECTION('',(0.,-0.634391586421,0.773011846661));
#6440 = ORIENTED_EDGE('',*,*,#6441,.F.);
#6441 = EDGE_CURVE('',#6193,#6434,#6442,.T.);
#6442 = LINE('',#6443,#6444);
#6443 = CARTESIAN_POINT('',(19.,2.805629968643,4.198919773102));
#6444 = VECTOR('',#6445,1.);
#6445 = DIRECTION('',(0.,0.773011846661,-0.634391586421));
#6446 = FACE_BOUND('',#6447,.F.);
#6447 = EDGE_LOOP('',(#6448,#6458,#6466,#6474,#6482,#6490,#6498,#6506,
    #6514,#6522,#6530,#6538,#6546,#6554,#6562,#6570,#6578,#6586,#6594,
    #6602,#6610,#6618,#6626,#6634,#6642,#6650,#6658,#6666,#6674,#6682,
    #6690,#6698));
#6448 = ORIENTED_EDGE('',*,*,#6449,.F.);
#6449 = EDGE_CURVE('',#6450,#6452,#6454,.T.);
#6450 = VERTEX_POINT('',#6451);
#6451 = CARTESIAN_POINT('',(19.,1.838479995728,1.838479995728));
#6452 = VERTEX_POINT('',#6453);
#6453 = CARTESIAN_POINT('',(19.,1.444479942322,2.161819934845));
#6454 = LINE('',#6455,#6456);
#6455 = CARTESIAN_POINT('',(19.,1.838479995728,1.838479995728));
#6456 = VECTOR('',#6457,1.);
#6457 = DIRECTION('',(0.,-0.773017715812,0.63438443474));
#6458 = ORIENTED_EDGE('',*,*,#6459,.F.);
#6459 = EDGE_CURVE('',#6460,#6450,#6462,.T.);
#6460 = VERTEX_POINT('',#6461);
#6461 = CARTESIAN_POINT('',(19.,2.161819934845,1.444479942322));
#6462 = LINE('',#6463,#6464);
#6463 = CARTESIAN_POINT('',(19.,2.161819934845,1.444479942322));
#6464 = VECTOR('',#6465,1.);
#6465 = DIRECTION('',(0.,-0.63438443474,0.773017715812));
#6466 = ORIENTED_EDGE('',*,*,#6467,.F.);
#6467 = EDGE_CURVE('',#6468,#6460,#6470,.T.);
#6468 = VERTEX_POINT('',#6469);
#6469 = CARTESIAN_POINT('',(19.,2.402090072632,0.994975984097));
#6470 = LINE('',#6471,#6472);
#6471 = CARTESIAN_POINT('',(19.,2.402090072632,0.994975984097));
#6472 = VECTOR('',#6473,1.);
#6473 = DIRECTION('',(0.,-0.471404773413,0.881916968656));
#6474 = ORIENTED_EDGE('',*,*,#6475,.F.);
#6475 = EDGE_CURVE('',#6476,#6468,#6478,.T.);
#6476 = VERTEX_POINT('',#6477);
#6477 = CARTESIAN_POINT('',(19.,2.550040006638,0.507234990597));
#6478 = LINE('',#6479,#6480);
#6479 = CARTESIAN_POINT('',(19.,2.550040006638,0.507234990597));
#6480 = VECTOR('',#6481,1.);
#6481 = DIRECTION('',(0.,-0.290276270962,0.956942885713));
#6482 = ORIENTED_EDGE('',*,*,#6483,.F.);
#6483 = EDGE_CURVE('',#6484,#6476,#6486,.T.);
#6484 = VERTEX_POINT('',#6485);
#6485 = CARTESIAN_POINT('',(19.,2.599999904633,0.));
#6486 = LINE('',#6487,#6488);
#6487 = CARTESIAN_POINT('',(19.,2.599999904633,0.));
#6488 = VECTOR('',#6489,1.);
#6489 = DIRECTION('',(0.,-9.802027253596E-02,0.995184418172));
#6490 = ORIENTED_EDGE('',*,*,#6491,.F.);
#6491 = EDGE_CURVE('',#6492,#6484,#6494,.T.);
#6492 = VERTEX_POINT('',#6493);
#6493 = CARTESIAN_POINT('',(19.,2.550040006638,-0.507234990597));
#6494 = LINE('',#6495,#6496);
#6495 = CARTESIAN_POINT('',(19.,2.550040006638,-0.507234990597));
#6496 = VECTOR('',#6497,1.);
#6497 = DIRECTION('',(0.,9.802027253596E-02,0.995184418172));
#6498 = ORIENTED_EDGE('',*,*,#6499,.F.);
#6499 = EDGE_CURVE('',#6500,#6492,#6502,.T.);
#6500 = VERTEX_POINT('',#6501);
#6501 = CARTESIAN_POINT('',(19.,2.402090072632,-0.994975984097));
#6502 = LINE('',#6503,#6504);
#6503 = CARTESIAN_POINT('',(19.,2.402090072632,-0.994975984097));
#6504 = VECTOR('',#6505,1.);
#6505 = DIRECTION('',(0.,0.290276270962,0.956942885713));
#6506 = ORIENTED_EDGE('',*,*,#6507,.F.);
#6507 = EDGE_CURVE('',#6508,#6500,#6510,.T.);
#6508 = VERTEX_POINT('',#6509);
#6509 = CARTESIAN_POINT('',(19.,2.161819934845,-1.444479942322));
#6510 = LINE('',#6511,#6512);
#6511 = CARTESIAN_POINT('',(19.,2.161819934845,-1.444479942322));
#6512 = VECTOR('',#6513,1.);
#6513 = DIRECTION('',(0.,0.471404773413,0.881916968656));
#6514 = ORIENTED_EDGE('',*,*,#6515,.F.);
#6515 = EDGE_CURVE('',#6516,#6508,#6518,.T.);
#6516 = VERTEX_POINT('',#6517);
#6517 = CARTESIAN_POINT('',(19.,1.838479995728,-1.838479995728));
#6518 = LINE('',#6519,#6520);
#6519 = CARTESIAN_POINT('',(19.,1.838479995728,-1.838479995728));
#6520 = VECTOR('',#6521,1.);
#6521 = DIRECTION('',(0.,0.63438443474,0.773017715812));
#6522 = ORIENTED_EDGE('',*,*,#6523,.F.);
#6523 = EDGE_CURVE('',#6524,#6516,#6526,.T.);
#6524 = VERTEX_POINT('',#6525);
#6525 = CARTESIAN_POINT('',(19.,1.444479942322,-2.161819934845));
#6526 = LINE('',#6527,#6528);
#6527 = CARTESIAN_POINT('',(19.,1.444479942322,-2.161819934845));
#6528 = VECTOR('',#6529,1.);
#6529 = DIRECTION('',(0.,0.773017715812,0.63438443474));
#6530 = ORIENTED_EDGE('',*,*,#6531,.F.);
#6531 = EDGE_CURVE('',#6532,#6524,#6534,.T.);
#6532 = VERTEX_POINT('',#6533);
#6533 = CARTESIAN_POINT('',(19.,0.994975984097,-2.402090072632));
#6534 = LINE('',#6535,#6536);
#6535 = CARTESIAN_POINT('',(19.,0.994975984097,-2.402090072632));
#6536 = VECTOR('',#6537,1.);
#6537 = DIRECTION('',(0.,0.881916968656,0.471404773413));
#6538 = ORIENTED_EDGE('',*,*,#6539,.F.);
#6539 = EDGE_CURVE('',#6540,#6532,#6542,.T.);
#6540 = VERTEX_POINT('',#6541);
#6541 = CARTESIAN_POINT('',(19.,0.507234990597,-2.550040006638));
#6542 = LINE('',#6543,#6544);
#6543 = CARTESIAN_POINT('',(19.,0.507234990597,-2.550040006638));
#6544 = VECTOR('',#6545,1.);
#6545 = DIRECTION('',(0.,0.956942885713,0.290276270962));
#6546 = ORIENTED_EDGE('',*,*,#6547,.F.);
#6547 = EDGE_CURVE('',#6548,#6540,#6550,.T.);
#6548 = VERTEX_POINT('',#6549);
#6549 = CARTESIAN_POINT('',(19.,0.,-2.599999904633));
#6550 = LINE('',#6551,#6552);
#6551 = CARTESIAN_POINT('',(19.,0.,-2.599999904633));
#6552 = VECTOR('',#6553,1.);
#6553 = DIRECTION('',(0.,0.995184418172,9.802027253596E-02));
#6554 = ORIENTED_EDGE('',*,*,#6555,.F.);
#6555 = EDGE_CURVE('',#6556,#6548,#6558,.T.);
#6556 = VERTEX_POINT('',#6557);
#6557 = CARTESIAN_POINT('',(19.,-0.507234990597,-2.550040006638));
#6558 = LINE('',#6559,#6560);
#6559 = CARTESIAN_POINT('',(19.,-0.507234990597,-2.550040006638));
#6560 = VECTOR('',#6561,1.);
#6561 = DIRECTION('',(0.,0.995184418172,-9.802027253596E-02));
#6562 = ORIENTED_EDGE('',*,*,#6563,.F.);
#6563 = EDGE_CURVE('',#6564,#6556,#6566,.T.);
#6564 = VERTEX_POINT('',#6565);
#6565 = CARTESIAN_POINT('',(19.,-0.994975984097,-2.402090072632));
#6566 = LINE('',#6567,#6568);
#6567 = CARTESIAN_POINT('',(19.,-0.994975984097,-2.402090072632));
#6568 = VECTOR('',#6569,1.);
#6569 = DIRECTION('',(0.,0.956942885713,-0.290276270962));
#6570 = ORIENTED_EDGE('',*,*,#6571,.F.);
#6571 = EDGE_CURVE('',#6572,#6564,#6574,.T.);
#6572 = VERTEX_POINT('',#6573);
#6573 = CARTESIAN_POINT('',(19.,-1.444479942322,-2.161819934845));
#6574 = LINE('',#6575,#6576);
#6575 = CARTESIAN_POINT('',(19.,-1.444479942322,-2.161819934845));
#6576 = VECTOR('',#6577,1.);
#6577 = DIRECTION('',(0.,0.881916968656,-0.471404773413));
#6578 = ORIENTED_EDGE('',*,*,#6579,.F.);
#6579 = EDGE_CURVE('',#6580,#6572,#6582,.T.);
#6580 = VERTEX_POINT('',#6581);
#6581 = CARTESIAN_POINT('',(19.,-1.838479995728,-1.838479995728));
#6582 = LINE('',#6583,#6584);
#6583 = CARTESIAN_POINT('',(19.,-1.838479995728,-1.838479995728));
#6584 = VECTOR('',#6585,1.);
#6585 = DIRECTION('',(0.,0.773017715812,-0.63438443474));
#6586 = ORIENTED_EDGE('',*,*,#6587,.F.);
#6587 = EDGE_CURVE('',#6588,#6580,#6590,.T.);
#6588 = VERTEX_POINT('',#6589);
#6589 = CARTESIAN_POINT('',(19.,-2.161819934845,-1.444479942322));
#6590 = LINE('',#6591,#6592);
#6591 = CARTESIAN_POINT('',(19.,-2.161819934845,-1.444479942322));
#6592 = VECTOR('',#6593,1.);
#6593 = DIRECTION('',(0.,0.63438443474,-0.773017715812));
#6594 = ORIENTED_EDGE('',*,*,#6595,.F.);
#6595 = EDGE_CURVE('',#6596,#6588,#6598,.T.);
#6596 = VERTEX_POINT('',#6597);
#6597 = CARTESIAN_POINT('',(19.,-2.402090072632,-0.994975984097));
#6598 = LINE('',#6599,#6600);
#6599 = CARTESIAN_POINT('',(19.,-2.402090072632,-0.994975984097));
#6600 = VECTOR('',#6601,1.);
#6601 = DIRECTION('',(0.,0.471404773413,-0.881916968656));
#6602 = ORIENTED_EDGE('',*,*,#6603,.F.);
#6603 = EDGE_CURVE('',#6604,#6596,#6606,.T.);
#6604 = VERTEX_POINT('',#6605);
#6605 = CARTESIAN_POINT('',(19.,-2.550040006638,-0.507234990597));
#6606 = LINE('',#6607,#6608);
#6607 = CARTESIAN_POINT('',(19.,-2.550040006638,-0.507234990597));
#6608 = VECTOR('',#6609,1.);
#6609 = DIRECTION('',(0.,0.290276270962,-0.956942885713));
#6610 = ORIENTED_EDGE('',*,*,#6611,.F.);
#6611 = EDGE_CURVE('',#6612,#6604,#6614,.T.);
#6612 = VERTEX_POINT('',#6613);
#6613 = CARTESIAN_POINT('',(19.,-2.599999904633,0.));
#6614 = LINE('',#6615,#6616);
#6615 = CARTESIAN_POINT('',(19.,-2.599999904633,0.));
#6616 = VECTOR('',#6617,1.);
#6617 = DIRECTION('',(0.,9.802027253596E-02,-0.995184418172));
#6618 = ORIENTED_EDGE('',*,*,#6619,.F.);
#6619 = EDGE_CURVE('',#6620,#6612,#6622,.T.);
#6620 = VERTEX_POINT('',#6621);
#6621 = CARTESIAN_POINT('',(19.,-2.550040006638,0.507234990597));
#6622 = LINE('',#6623,#6624);
#6623 = CARTESIAN_POINT('',(19.,-2.550040006638,0.507234990597));
#6624 = VECTOR('',#6625,1.);
#6625 = DIRECTION('',(0.,-9.802027253596E-02,-0.995184418172));
#6626 = ORIENTED_EDGE('',*,*,#6627,.F.);
#6627 = EDGE_CURVE('',#6628,#6620,#6630,.T.);
#6628 = VERTEX_POINT('',#6629);
#6629 = CARTESIAN_POINT('',(19.,-2.402090072632,0.994975984097));
#6630 = LINE('',#6631,#6632);
#6631 = CARTESIAN_POINT('',(19.,-2.402090072632,0.994975984097));
#6632 = VECTOR('',#6633,1.);
#6633 = DIRECTION('',(0.,-0.290276270962,-0.956942885713));
#6634 = ORIENTED_EDGE('',*,*,#6635,.F.);
#6635 = EDGE_CURVE('',#6636,#6628,#6638,.T.);
#6636 = VERTEX_POINT('',#6637);
#6637 = CARTESIAN_POINT('',(19.,-2.161819934845,1.444479942322));
#6638 = LINE('',#6639,#6640);
#6639 = CARTESIAN_POINT('',(19.,-2.161819934845,1.444479942322));
#6640 = VECTOR('',#6641,1.);
#6641 = DIRECTION('',(0.,-0.471404773413,-0.881916968656));
#6642 = ORIENTED_EDGE('',*,*,#6643,.F.);
#6643 = EDGE_CURVE('',#6644,#6636,#6646,.T.);
#6644 = VERTEX_POINT('',#6645);
#6645 = CARTESIAN_POINT('',(19.,-1.838479995728,1.838479995728));
#6646 = LINE('',#6647,#6648);
#6647 = CARTESIAN_POINT('',(19.,-1.838479995728,1.838479995728));
#6648 = VECTOR('',#6649,1.);
#6649 = DIRECTION('',(0.,-0.63438443474,-0.773017715812));
#6650 = ORIENTED_EDGE('',*,*,#6651,.F.);
#6651 = EDGE_CURVE('',#6652,#6644,#6654,.T.);
#6652 = VERTEX_POINT('',#6653);
#6653 = CARTESIAN_POINT('',(19.,-1.444479942322,2.161819934845));
#6654 = LINE('',#6655,#6656);
#6655 = CARTESIAN_POINT('',(19.,-1.444479942322,2.161819934845));
#6656 = VECTOR('',#6657,1.);
#6657 = DIRECTION('',(0.,-0.773017715812,-0.63438443474));
#6658 = ORIENTED_EDGE('',*,*,#6659,.F.);
#6659 = EDGE_CURVE('',#6660,#6652,#6662,.T.);
#6660 = VERTEX_POINT('',#6661);
#6661 = CARTESIAN_POINT('',(19.,-0.994975984097,2.402090072632));
#6662 = LINE('',#6663,#6664);
#6663 = CARTESIAN_POINT('',(19.,-0.994975984097,2.402090072632));
#6664 = VECTOR('',#6665,1.);
#6665 = DIRECTION('',(0.,-0.881916968656,-0.471404773413));
#6666 = ORIENTED_EDGE('',*,*,#6667,.F.);
#6667 = EDGE_CURVE('',#6668,#6660,#6670,.T.);
#6668 = VERTEX_POINT('',#6669);
#6669 = CARTESIAN_POINT('',(19.,-0.507234990597,2.550040006638));
#6670 = LINE('',#6671,#6672);
#6671 = CARTESIAN_POINT('',(19.,-0.507234990597,2.550040006638));
#6672 = VECTOR('',#6673,1.);
#6673 = DIRECTION('',(0.,-0.956942885713,-0.290276270962));
#6674 = ORIENTED_EDGE('',*,*,#6675,.F.);
#6675 = EDGE_CURVE('',#6676,#6668,#6678,.T.);
#6676 = VERTEX_POINT('',#6677);
#6677 = CARTESIAN_POINT('',(19.,0.,2.599999904633));
#6678 = LINE('',#6679,#6680);
#6679 = CARTESIAN_POINT('',(19.,0.,2.599999904633));
#6680 = VECTOR('',#6681,1.);
#6681 = DIRECTION('',(0.,-0.995184418172,-9.802027253596E-02));
#6682 = ORIENTED_EDGE('',*,*,#6683,.F.);
#6683 = EDGE_CURVE('',#6684,#6676,#6686,.T.);
#6684 = VERTEX_POINT('',#6685);
#6685 = CARTESIAN_POINT('',(19.,0.507234990597,2.550040006638));
#6686 = LINE('',#6687,#6688);
#6687 = CARTESIAN_POINT('',(19.,0.507234990597,2.550040006638));
#6688 = VECTOR('',#6689,1.);
#6689 = DIRECTION('',(0.,-0.995184418172,9.802027253596E-02));
#6690 = ORIENTED_EDGE('',*,*,#6691,.F.);
#6691 = EDGE_CURVE('',#6692,#6684,#6694,.T.);
#6692 = VERTEX_POINT('',#6693);
#6693 = CARTESIAN_POINT('',(19.,0.994975984097,2.402090072632));
#6694 = LINE('',#6695,#6696);
#6695 = CARTESIAN_POINT('',(19.,0.994975984097,2.402090072632));
#6696 = VECTOR('',#6697,1.);
#6697 = DIRECTION('',(0.,-0.956942885713,0.290276270962));
#6698 = ORIENTED_EDGE('',*,*,#6699,.F.);
#6699 = EDGE_CURVE('',#6452,#6692,#6700,.T.);
#6700 = LINE('',#6701,#6702);
#6701 = CARTESIAN_POINT('',(19.,1.444479942322,2.161819934845));
#6702 = VECTOR('',#6703,1.);
#6703 = DIRECTION('',(0.,-0.881916968656,0.471404773413));
#6704 = PLANE('',#6705);
#6705 = AXIS2_PLACEMENT_3D('',#6706,#6707,#6708);
#6706 = CARTESIAN_POINT('',(19.,9.033405756609E-17,-0.226980300889));
#6707 = DIRECTION('',(1.,0.,0.));
#6708 = DIRECTION('',(-0.,0.,1.));
#6709 = ADVANCED_FACE('',(#6710),#6736,.F.);
#6710 = FACE_BOUND('',#6711,.F.);
#6711 = EDGE_LOOP('',(#6712,#6722,#6730));
#6712 = ORIENTED_EDGE('',*,*,#6713,.T.);
#6713 = EDGE_CURVE('',#6714,#6716,#6718,.T.);
#6714 = VERTEX_POINT('',#6715);
#6715 = CARTESIAN_POINT('',(21.478200912476,0.61229300499,
    -4.989689826965));
#6716 = VERTEX_POINT('',#6717);
#6717 = CARTESIAN_POINT('',(23.,0.,-5.050000190735));
#6718 = LINE('',#6719,#6720);
#6719 = CARTESIAN_POINT('',(21.478200912476,0.61229300499,
    -4.989689826965));
#6720 = VECTOR('',#6721,1.);
#6721 = DIRECTION('',(0.927097211671,-0.373015822065,-3.674175556021E-02
    ));
#6722 = ORIENTED_EDGE('',*,*,#6723,.T.);
#6723 = EDGE_CURVE('',#6716,#6724,#6726,.T.);
#6724 = VERTEX_POINT('',#6725);
#6725 = CARTESIAN_POINT('',(23.,0.985206007957,-4.952960014343));
#6726 = LINE('',#6727,#6728);
#6727 = CARTESIAN_POINT('',(23.,0.,-5.050000190735));
#6728 = VECTOR('',#6729,1.);
#6729 = DIRECTION('',(0.,0.995184149835,9.802299687793E-02));
#6730 = ORIENTED_EDGE('',*,*,#6731,.T.);
#6731 = EDGE_CURVE('',#6724,#6714,#6732,.T.);
#6732 = LINE('',#6733,#6734);
#6733 = CARTESIAN_POINT('',(23.,0.985206007957,-4.952960014343));
#6734 = VECTOR('',#6735,1.);
#6735 = DIRECTION('',(-0.970996990531,-0.237940347435,
    -2.343577270559E-02));
#6736 = PLANE('',#6737);
#6737 = AXIS2_PLACEMENT_3D('',#6738,#6739,#6740);
#6738 = CARTESIAN_POINT('',(22.418506333667,0.533984265711,
    -4.997403727012));
#6739 = DIRECTION('',(7.377963124469E-07,-9.80229968779E-02,
    0.995184149835));
#6740 = DIRECTION('',(-1.50545254139E-23,0.995184149835,
    9.802299687793E-02));
#6741 = ADVANCED_FACE('',(#6742),#6759,.F.);
#6742 = FACE_BOUND('',#6743,.F.);
#6743 = EDGE_LOOP('',(#6744,#6745,#6753));
#6744 = ORIENTED_EDGE('',*,*,#6713,.F.);
#6745 = ORIENTED_EDGE('',*,*,#6746,.F.);
#6746 = EDGE_CURVE('',#6747,#6714,#6749,.T.);
#6747 = VERTEX_POINT('',#6748);
#6748 = CARTESIAN_POINT('',(21.60000038147,0.,-5.050000190735));
#6749 = LINE('',#6750,#6751);
#6750 = CARTESIAN_POINT('',(21.60000038147,0.,-5.050000190735));
#6751 = VECTOR('',#6752,1.);
#6752 = DIRECTION('',(-0.194196733515,0.976238258714,9.615867571405E-02)
  );
#6753 = ORIENTED_EDGE('',*,*,#6754,.F.);
#6754 = EDGE_CURVE('',#6716,#6747,#6755,.T.);
#6755 = LINE('',#6756,#6757);
#6756 = CARTESIAN_POINT('',(23.,0.,-5.050000190735));
#6757 = VECTOR('',#6758,1.);
#6758 = DIRECTION('',(-1.,0.,0.));
#6759 = PLANE('',#6760);
#6760 = AXIS2_PLACEMENT_3D('',#6761,#6762,#6763);
#6761 = CARTESIAN_POINT('',(22.142668125921,0.189317824643,
    -5.031352538746));
#6762 = DIRECTION('',(0.,-9.802481298431E-02,0.995183970952));
#6763 = DIRECTION('',(0.,0.995183970952,9.802481298431E-02));
#6764 = ADVANCED_FACE('',(#6765),#6782,.F.);
#6765 = FACE_BOUND('',#6766,.F.);
#6766 = EDGE_LOOP('',(#6767,#6775,#6776));
#6767 = ORIENTED_EDGE('',*,*,#6768,.T.);
#6768 = EDGE_CURVE('',#6769,#6716,#6771,.T.);
#6769 = VERTEX_POINT('',#6770);
#6770 = CARTESIAN_POINT('',(21.478200912476,-0.61229300499,
    -4.989689826965));
#6771 = LINE('',#6772,#6773);
#6772 = CARTESIAN_POINT('',(21.478200912476,-0.61229300499,
    -4.989689826965));
#6773 = VECTOR('',#6774,1.);
#6774 = DIRECTION('',(0.927097211671,0.373015822065,-3.674175556021E-02)
  );
#6775 = ORIENTED_EDGE('',*,*,#6754,.T.);
#6776 = ORIENTED_EDGE('',*,*,#6777,.F.);
#6777 = EDGE_CURVE('',#6769,#6747,#6778,.T.);
#6778 = LINE('',#6779,#6780);
#6779 = CARTESIAN_POINT('',(21.478200912476,-0.61229300499,
    -4.989689826965));
#6780 = VECTOR('',#6781,1.);
#6781 = DIRECTION('',(0.194196733515,0.976238258714,-9.615867571405E-02)
  );
#6782 = PLANE('',#6783);
#6783 = AXIS2_PLACEMENT_3D('',#6784,#6785,#6786);
#6784 = CARTESIAN_POINT('',(22.142668125921,-0.189317824643,
    -5.031352538746));
#6785 = DIRECTION('',(0.,9.802481298431E-02,0.995183970952));
#6786 = DIRECTION('',(0.,0.995183970952,-9.802481298431E-02));
#6787 = ADVANCED_FACE('',(#6788),#6805,.F.);
#6788 = FACE_BOUND('',#6789,.F.);
#6789 = EDGE_LOOP('',(#6790,#6791,#6799));
#6790 = ORIENTED_EDGE('',*,*,#6768,.F.);
#6791 = ORIENTED_EDGE('',*,*,#6792,.T.);
#6792 = EDGE_CURVE('',#6769,#6793,#6795,.T.);
#6793 = VERTEX_POINT('',#6794);
#6794 = CARTESIAN_POINT('',(23.,-0.985206007957,-4.952960014343));
#6795 = LINE('',#6796,#6797);
#6796 = CARTESIAN_POINT('',(21.478200912476,-0.61229300499,
    -4.989689826965));
#6797 = VECTOR('',#6798,1.);
#6798 = DIRECTION('',(0.970996990531,-0.237940347435,2.343577270559E-02)
  );
#6799 = ORIENTED_EDGE('',*,*,#6800,.T.);
#6800 = EDGE_CURVE('',#6793,#6716,#6801,.T.);
#6801 = LINE('',#6802,#6803);
#6802 = CARTESIAN_POINT('',(23.,-0.985206007957,-4.952960014343));
#6803 = VECTOR('',#6804,1.);
#6804 = DIRECTION('',(0.,0.995184149835,-9.802299687793E-02));
#6805 = PLANE('',#6806);
#6806 = AXIS2_PLACEMENT_3D('',#6807,#6808,#6809);
#6807 = CARTESIAN_POINT('',(22.418506333667,-0.533984265711,
    -4.997403727012));
#6808 = DIRECTION('',(7.377963124463E-07,9.80229968779E-02,
    0.995184149835));
#6809 = DIRECTION('',(7.832201602808E-24,0.995184149835,
    -9.802299687793E-02));
#6810 = ADVANCED_FACE('',(#6811),#6828,.F.);
#6811 = FACE_BOUND('',#6812,.F.);
#6812 = EDGE_LOOP('',(#6813,#6814,#6822));
#6813 = ORIENTED_EDGE('',*,*,#6792,.F.);
#6814 = ORIENTED_EDGE('',*,*,#6815,.F.);
#6815 = EDGE_CURVE('',#6816,#6769,#6818,.T.);
#6816 = VERTEX_POINT('',#6817);
#6817 = CARTESIAN_POINT('',(21.229000091553,-0.985206007957,
    -4.952960014343));
#6818 = LINE('',#6819,#6820);
#6819 = CARTESIAN_POINT('',(21.229000091553,-0.985206007957,
    -4.952960014343));
#6820 = VECTOR('',#6821,1.);
#6821 = DIRECTION('',(0.553760137291,0.82866643439,-8.161893690786E-02)
  );
#6822 = ORIENTED_EDGE('',*,*,#6823,.T.);
#6823 = EDGE_CURVE('',#6816,#6793,#6824,.T.);
#6824 = LINE('',#6825,#6826);
#6825 = CARTESIAN_POINT('',(21.229000091553,-0.985206007957,
    -4.952960014343));
#6826 = VECTOR('',#6827,1.);
#6827 = DIRECTION('',(1.,0.,0.));
#6828 = PLANE('',#6829);
#6829 = AXIS2_PLACEMENT_3D('',#6830,#6831,#6832);
#6830 = CARTESIAN_POINT('',(22.075660068535,-0.885917120099,
    -4.96273940583));
#6831 = DIRECTION('',(0.,9.802001497593E-02,0.99518444354));
#6832 = DIRECTION('',(0.,0.99518444354,-9.802001497593E-02));
#6833 = ADVANCED_FACE('',(#6834),#6858,.F.);
#6834 = FACE_BOUND('',#6835,.F.);
#6835 = EDGE_LOOP('',(#6836,#6846,#6852));
#6836 = ORIENTED_EDGE('',*,*,#6837,.F.);
#6837 = EDGE_CURVE('',#6838,#6840,#6842,.T.);
#6838 = VERTEX_POINT('',#6839);
#6839 = CARTESIAN_POINT('',(19.387699127197,-1.478209972382,
    -5.791379928589));
#6840 = VERTEX_POINT('',#6841);
#6841 = CARTESIAN_POINT('',(19.387699127197,-1.478209972382,
    -4.803410053253));
#6842 = LINE('',#6843,#6844);
#6843 = CARTESIAN_POINT('',(19.387699127197,-1.478209972382,
    -5.791379928589));
#6844 = VECTOR('',#6845,1.);
#6845 = DIRECTION('',(0.,0.,1.));
#6846 = ORIENTED_EDGE('',*,*,#6847,.T.);
#6847 = EDGE_CURVE('',#6838,#6322,#6848,.T.);
#6848 = LINE('',#6849,#6850);
#6849 = CARTESIAN_POINT('',(19.387699127197,-1.478209972382,
    -5.791379928589));
#6850 = VECTOR('',#6851,1.);
#6851 = DIRECTION('',(-0.379369585748,0.25349423704,0.889842339517));
#6852 = ORIENTED_EDGE('',*,*,#6853,.T.);
#6853 = EDGE_CURVE('',#6322,#6840,#6854,.T.);
#6854 = LINE('',#6855,#6856);
#6855 = CARTESIAN_POINT('',(19.,-1.219149947166,-4.881999969482));
#6856 = VECTOR('',#6857,1.);
#6857 = DIRECTION('',(0.81989797251,-0.547854701061,0.166200304452));
#6858 = PLANE('',#6859);
#6859 = AXIS2_PLACEMENT_3D('',#6860,#6861,#6862);
#6860 = CARTESIAN_POINT('',(19.270987630896,-1.400223510577,
    -5.22697088571));
#6861 = DIRECTION('',(0.555581724263,0.831461933984,0.));
#6862 = DIRECTION('',(0.831461933984,-0.555581724263,0.));
#6863 = ADVANCED_FACE('',(#6864),#6881,.F.);
#6864 = FACE_BOUND('',#6865,.F.);
#6865 = EDGE_LOOP('',(#6866,#6874,#6875));
#6866 = ORIENTED_EDGE('',*,*,#6867,.T.);
#6867 = EDGE_CURVE('',#6868,#6322,#6870,.T.);
#6868 = VERTEX_POINT('',#6869);
#6869 = CARTESIAN_POINT('',(18.927299499512,-1.170539975166,
    -5.884709835052));
#6870 = LINE('',#6871,#6872);
#6871 = CARTESIAN_POINT('',(18.927299499512,-1.170539975166,
    -5.884709835052));
#6872 = VECTOR('',#6873,1.);
#6873 = DIRECTION('',(7.222981839705E-02,-4.829525830321E-02,
    0.996218059142));
#6874 = ORIENTED_EDGE('',*,*,#6847,.F.);
#6875 = ORIENTED_EDGE('',*,*,#6876,.F.);
#6876 = EDGE_CURVE('',#6868,#6838,#6877,.T.);
#6877 = LINE('',#6878,#6879);
#6878 = CARTESIAN_POINT('',(18.927299499512,-1.170539975166,
    -5.884709835052));
#6879 = VECTOR('',#6880,1.);
#6880 = DIRECTION('',(0.819871973949,-0.547893596721,0.166200339964));
#6881 = PLANE('',#6882);
#6882 = AXIS2_PLACEMENT_3D('',#6883,#6884,#6885);
#6883 = CARTESIAN_POINT('',(19.096509744211,-1.283628061025,
    -5.463524799041));
#6884 = DIRECTION('',(0.555618033857,0.831437670515,2.239206241603E-05)
  );
#6885 = DIRECTION('',(0.831437670724,-0.555618033996,3.196731469857E-22)
  );
#6886 = ADVANCED_FACE('',(#6887),#6911,.F.);
#6887 = FACE_BOUND('',#6888,.F.);
#6888 = EDGE_LOOP('',(#6889,#6899,#6905));
#6889 = ORIENTED_EDGE('',*,*,#6890,.T.);
#6890 = EDGE_CURVE('',#6891,#6893,#6895,.T.);
#6891 = VERTEX_POINT('',#6892);
#6892 = CARTESIAN_POINT('',(15.,-1.170539975166,-5.884709835052));
#6893 = VERTEX_POINT('',#6894);
#6894 = CARTESIAN_POINT('',(18.868600845337,-1.131369948387,
    -5.888569831848));
#6895 = LINE('',#6896,#6897);
#6896 = CARTESIAN_POINT('',(15.,-1.170539975166,-5.884709835052));
#6897 = VECTOR('',#6898,1.);
#6898 = DIRECTION('',(0.999948247267,1.012459056624E-02,
    -9.977242896286E-04));
#6899 = ORIENTED_EDGE('',*,*,#6900,.T.);
#6900 = EDGE_CURVE('',#6893,#6868,#6901,.T.);
#6901 = LINE('',#6902,#6903);
#6902 = CARTESIAN_POINT('',(18.868600845337,-1.131369948387,
    -5.888569831848));
#6903 = VECTOR('',#6904,1.);
#6904 = DIRECTION('',(0.830562767257,-0.554240404531,5.461742973963E-02)
  );
#6905 = ORIENTED_EDGE('',*,*,#6906,.T.);
#6906 = EDGE_CURVE('',#6868,#6891,#6907,.T.);
#6907 = LINE('',#6908,#6909);
#6908 = CARTESIAN_POINT('',(18.927299499512,-1.170539975166,
    -5.884709835052));
#6909 = VECTOR('',#6910,1.);
#6910 = DIRECTION('',(-1.,0.,0.));
#6911 = PLANE('',#6912);
#6912 = AXIS2_PLACEMENT_3D('',#6913,#6914,#6915);
#6913 = CARTESIAN_POINT('',(16.966593368764,-1.160732313216,
    -5.885676327721));
#6914 = DIRECTION('',(-0.,-9.806962651029E-02,-0.995179555837));
#6915 = DIRECTION('',(0.,-0.995179555837,9.806962651029E-02));
#6916 = ADVANCED_FACE('',(#6917),#6934,.F.);
#6917 = FACE_BOUND('',#6918,.F.);
#6918 = EDGE_LOOP('',(#6919,#6927,#6933));
#6919 = ORIENTED_EDGE('',*,*,#6920,.T.);
#6920 = EDGE_CURVE('',#6891,#6921,#6923,.T.);
#6921 = VERTEX_POINT('',#6922);
#6922 = CARTESIAN_POINT('',(18.521799087524,-0.61229300499,
    -5.939690113068));
#6923 = LINE('',#6924,#6925);
#6924 = CARTESIAN_POINT('',(15.,-1.170539975166,-5.884709835052));
#6925 = VECTOR('',#6926,1.);
#6926 = DIRECTION('',(0.987551501629,0.156538638343,-1.541707938597E-02)
  );
#6927 = ORIENTED_EDGE('',*,*,#6928,.T.);
#6928 = EDGE_CURVE('',#6921,#6893,#6929,.T.);
#6929 = LINE('',#6930,#6931);
#6930 = CARTESIAN_POINT('',(18.521799087524,-0.61229300499,
    -5.939690113068));
#6931 = VECTOR('',#6932,1.);
#6932 = DIRECTION('',(0.553678879948,-0.828721118485,8.161498438403E-02)
  );
#6933 = ORIENTED_EDGE('',*,*,#6890,.F.);
#6934 = PLANE('',#6935);
#6935 = AXIS2_PLACEMENT_3D('',#6936,#6937,#6938);
#6936 = CARTESIAN_POINT('',(16.994411217603,-1.014452347322,
    -5.900083121171));
#6937 = DIRECTION('',(-6.165762759004E-07,-9.800931627089E-02,
    -0.995185497243));
#6938 = DIRECTION('',(1.059341467762E-23,-0.995185497244,
    9.800931627091E-02));
#6939 = ADVANCED_FACE('',(#6940),#6957,.F.);
#6940 = FACE_BOUND('',#6941,.F.);
#6941 = EDGE_LOOP('',(#6942,#6950,#6956));
#6942 = ORIENTED_EDGE('',*,*,#6943,.T.);
#6943 = EDGE_CURVE('',#6891,#6944,#6946,.T.);
#6944 = VERTEX_POINT('',#6945);
#6945 = CARTESIAN_POINT('',(18.39999961853,0.,-6.));
#6946 = LINE('',#6947,#6948);
#6947 = CARTESIAN_POINT('',(15.,-1.170539975166,-5.884709835052));
#6948 = VECTOR('',#6949,1.);
#6949 = DIRECTION('',(0.945047835507,0.325357762947,-3.20455097245E-02)
  );
#6950 = ORIENTED_EDGE('',*,*,#6951,.T.);
#6951 = EDGE_CURVE('',#6944,#6921,#6952,.T.);
#6952 = LINE('',#6953,#6954);
#6953 = CARTESIAN_POINT('',(18.39999961853,0.,-6.));
#6954 = VECTOR('',#6955,1.);
#6955 = DIRECTION('',(0.194196747712,-0.976238330083,9.615792247594E-02)
  );
#6956 = ORIENTED_EDGE('',*,*,#6920,.F.);
#6957 = PLANE('',#6958);
#6958 = AXIS2_PLACEMENT_3D('',#6959,#6960,#6961);
#6959 = CARTESIAN_POINT('',(16.869630725536,-0.702931604475,
    -5.930765187479));
#6960 = DIRECTION('',(1.687601334875E-06,-9.802371293103E-02,
    -0.995184079304));
#6961 = DIRECTION('',(-1.984523334667E-24,-0.995184079306,
    9.802371293117E-02));
#6962 = ADVANCED_FACE('',(#6963),#6980,.F.);
#6963 = FACE_BOUND('',#6964,.F.);
#6964 = EDGE_LOOP('',(#6965,#6966,#6974));
#6965 = ORIENTED_EDGE('',*,*,#6943,.F.);
#6966 = ORIENTED_EDGE('',*,*,#6967,.F.);
#6967 = EDGE_CURVE('',#6968,#6891,#6970,.T.);
#6968 = VERTEX_POINT('',#6969);
#6969 = CARTESIAN_POINT('',(15.,0.,-6.));
#6970 = LINE('',#6971,#6972);
#6971 = CARTESIAN_POINT('',(15.,0.,-6.));
#6972 = VECTOR('',#6973,1.);
#6973 = DIRECTION('',(0.,-0.99518455748,9.801885815031E-02));
#6974 = ORIENTED_EDGE('',*,*,#6975,.F.);
#6975 = EDGE_CURVE('',#6944,#6968,#6976,.T.);
#6976 = LINE('',#6977,#6978);
#6977 = CARTESIAN_POINT('',(18.39999961853,0.,-6.));
#6978 = VECTOR('',#6979,1.);
#6979 = DIRECTION('',(-1.,0.,0.));
#6980 = PLANE('',#6981);
#6981 = AXIS2_PLACEMENT_3D('',#6982,#6983,#6984);
#6982 = CARTESIAN_POINT('',(16.455374195272,-0.341822354173,
    -5.966332840884));
#6983 = DIRECTION('',(-0.,-9.801885815031E-02,-0.99518455748));
#6984 = DIRECTION('',(0.,-0.99518455748,9.801885815031E-02));
#6985 = ADVANCED_FACE('',(#6986),#7003,.F.);
#6986 = FACE_BOUND('',#6987,.F.);
#6987 = EDGE_LOOP('',(#6988,#6996,#6997));
#6988 = ORIENTED_EDGE('',*,*,#6989,.T.);
#6989 = EDGE_CURVE('',#6990,#6944,#6992,.T.);
#6990 = VERTEX_POINT('',#6991);
#6991 = CARTESIAN_POINT('',(15.,1.170539975166,-5.884709835052));
#6992 = LINE('',#6993,#6994);
#6993 = CARTESIAN_POINT('',(15.,1.170539975166,-5.884709835052));
#6994 = VECTOR('',#6995,1.);
#6995 = DIRECTION('',(0.945047835507,-0.325357762947,-3.20455097245E-02)
  );
#6996 = ORIENTED_EDGE('',*,*,#6975,.T.);
#6997 = ORIENTED_EDGE('',*,*,#6998,.F.);
#6998 = EDGE_CURVE('',#6990,#6968,#6999,.T.);
#6999 = LINE('',#7000,#7001);
#7000 = CARTESIAN_POINT('',(15.,1.170539975166,-5.884709835052));
#7001 = VECTOR('',#7002,1.);
#7002 = DIRECTION('',(0.,-0.99518455748,-9.801885815031E-02));
#7003 = PLANE('',#7004);
#7004 = AXIS2_PLACEMENT_3D('',#7005,#7006,#7007);
#7005 = CARTESIAN_POINT('',(16.455374195272,0.341822354173,
    -5.966332840884));
#7006 = DIRECTION('',(-0.,9.801885815031E-02,-0.99518455748));
#7007 = DIRECTION('',(0.,-0.99518455748,-9.801885815031E-02));
#7008 = ADVANCED_FACE('',(#7009),#7026,.F.);
#7009 = FACE_BOUND('',#7010,.F.);
#7010 = EDGE_LOOP('',(#7011,#7012,#7020));
#7011 = ORIENTED_EDGE('',*,*,#6989,.F.);
#7012 = ORIENTED_EDGE('',*,*,#7013,.T.);
#7013 = EDGE_CURVE('',#6990,#7014,#7016,.T.);
#7014 = VERTEX_POINT('',#7015);
#7015 = CARTESIAN_POINT('',(18.521799087524,0.61229300499,
    -5.939690113068));
#7016 = LINE('',#7017,#7018);
#7017 = CARTESIAN_POINT('',(15.,1.170539975166,-5.884709835052));
#7018 = VECTOR('',#7019,1.);
#7019 = DIRECTION('',(0.987551501629,-0.156538638343,-1.541707938597E-02
    ));
#7020 = ORIENTED_EDGE('',*,*,#7021,.T.);
#7021 = EDGE_CURVE('',#7014,#6944,#7022,.T.);
#7022 = LINE('',#7023,#7024);
#7023 = CARTESIAN_POINT('',(18.521799087524,0.61229300499,
    -5.939690113068));
#7024 = VECTOR('',#7025,1.);
#7025 = DIRECTION('',(-0.194196747712,-0.976238330083,
    -9.615792247594E-02));
#7026 = PLANE('',#7027);
#7027 = AXIS2_PLACEMENT_3D('',#7028,#7029,#7030);
#7028 = CARTESIAN_POINT('',(16.869630725536,0.702931604475,
    -5.930765187479));
#7029 = DIRECTION('',(1.687601334875E-06,9.802371293103E-02,
    -0.995184079304));
#7030 = DIRECTION('',(1.984523334667E-24,-0.995184079306,
    -9.802371293117E-02));
#7031 = ADVANCED_FACE('',(#7032),#7049,.F.);
#7032 = FACE_BOUND('',#7033,.F.);
#7033 = EDGE_LOOP('',(#7034,#7035,#7043));
#7034 = ORIENTED_EDGE('',*,*,#7013,.F.);
#7035 = ORIENTED_EDGE('',*,*,#7036,.T.);
#7036 = EDGE_CURVE('',#6990,#7037,#7039,.T.);
#7037 = VERTEX_POINT('',#7038);
#7038 = CARTESIAN_POINT('',(18.868600845337,1.131369948387,
    -5.888569831848));
#7039 = LINE('',#7040,#7041);
#7040 = CARTESIAN_POINT('',(15.,1.170539975166,-5.884709835052));
#7041 = VECTOR('',#7042,1.);
#7042 = DIRECTION('',(0.999948247267,-1.012459056624E-02,
    -9.977242896286E-04));
#7043 = ORIENTED_EDGE('',*,*,#7044,.T.);
#7044 = EDGE_CURVE('',#7037,#7014,#7045,.T.);
#7045 = LINE('',#7046,#7047);
#7046 = CARTESIAN_POINT('',(18.868600845337,1.131369948387,
    -5.888569831848));
#7047 = VECTOR('',#7048,1.);
#7048 = DIRECTION('',(-0.553678879948,-0.828721118485,
    -8.161498438403E-02));
#7049 = PLANE('',#7050);
#7050 = AXIS2_PLACEMENT_3D('',#7051,#7052,#7053);
#7051 = CARTESIAN_POINT('',(16.994411217603,1.014452347322,
    -5.900083121171));
#7052 = DIRECTION('',(-6.165762759004E-07,9.800931627089E-02,
    -0.995185497243));
#7053 = DIRECTION('',(-1.059341467762E-23,-0.995185497244,
    -9.800931627091E-02));
#7054 = ADVANCED_FACE('',(#7055),#7072,.F.);
#7055 = FACE_BOUND('',#7056,.F.);
#7056 = EDGE_LOOP('',(#7057,#7058,#7066));
#7057 = ORIENTED_EDGE('',*,*,#7036,.F.);
#7058 = ORIENTED_EDGE('',*,*,#7059,.T.);
#7059 = EDGE_CURVE('',#6990,#7060,#7062,.T.);
#7060 = VERTEX_POINT('',#7061);
#7061 = CARTESIAN_POINT('',(18.927299499512,1.170539975166,
    -5.884709835052));
#7062 = LINE('',#7063,#7064);
#7063 = CARTESIAN_POINT('',(15.,1.170539975166,-5.884709835052));
#7064 = VECTOR('',#7065,1.);
#7065 = DIRECTION('',(1.,0.,0.));
#7066 = ORIENTED_EDGE('',*,*,#7067,.T.);
#7067 = EDGE_CURVE('',#7060,#7037,#7068,.T.);
#7068 = LINE('',#7069,#7070);
#7069 = CARTESIAN_POINT('',(18.927299499512,1.170539975166,
    -5.884709835052));
#7070 = VECTOR('',#7071,1.);
#7071 = DIRECTION('',(-0.830562767257,-0.554240404531,
    -5.461742973963E-02));
#7072 = PLANE('',#7073);
#7073 = AXIS2_PLACEMENT_3D('',#7074,#7075,#7076);
#7074 = CARTESIAN_POINT('',(16.966593368764,1.160732313216,
    -5.885676327721));
#7075 = DIRECTION('',(-0.,9.806962651029E-02,-0.995179555837));
#7076 = DIRECTION('',(0.,-0.995179555837,-9.806962651029E-02));
#7077 = ADVANCED_FACE('',(#7078),#7095,.F.);
#7078 = FACE_BOUND('',#7079,.F.);
#7079 = EDGE_LOOP('',(#7080,#7088,#7089));
#7080 = ORIENTED_EDGE('',*,*,#7081,.T.);
#7081 = EDGE_CURVE('',#7082,#7060,#7084,.T.);
#7082 = VERTEX_POINT('',#7083);
#7083 = CARTESIAN_POINT('',(15.,2.296099901199,-5.543280124664));
#7084 = LINE('',#7085,#7086);
#7085 = CARTESIAN_POINT('',(15.,2.296099901199,-5.543280124664));
#7086 = VECTOR('',#7087,1.);
#7087 = DIRECTION('',(0.957959400801,-0.274550161617,-8.328262227513E-02
    ));
#7088 = ORIENTED_EDGE('',*,*,#7059,.F.);
#7089 = ORIENTED_EDGE('',*,*,#7090,.F.);
#7090 = EDGE_CURVE('',#7082,#6990,#7091,.T.);
#7091 = LINE('',#7092,#7093);
#7092 = CARTESIAN_POINT('',(15.,2.296099901199,-5.543280124664));
#7093 = VECTOR('',#7094,1.);
#7094 = DIRECTION('',(0.,-0.956941554453,-0.290280659642));
#7095 = PLANE('',#7096);
#7096 = AXIS2_PLACEMENT_3D('',#7097,#7098,#7099);
#7097 = CARTESIAN_POINT('',(16.712686322309,1.493162605811,
    -5.786844809124));
#7098 = DIRECTION('',(-0.,0.290280659642,-0.956941554453));
#7099 = DIRECTION('',(0.,-0.956941554453,-0.290280659642));
#7100 = ADVANCED_FACE('',(#7101),#7118,.F.);
#7101 = FACE_BOUND('',#7102,.F.);
#7102 = EDGE_LOOP('',(#7103,#7104,#7112));
#7103 = ORIENTED_EDGE('',*,*,#7081,.F.);
#7104 = ORIENTED_EDGE('',*,*,#7105,.T.);
#7105 = EDGE_CURVE('',#7082,#7106,#7108,.T.);
#7106 = VERTEX_POINT('',#7107);
#7107 = CARTESIAN_POINT('',(19.387699127197,1.478209972382,
    -5.791379928589));
#7108 = LINE('',#7109,#7110);
#7109 = CARTESIAN_POINT('',(15.,2.296099901199,-5.543280124664));
#7110 = VECTOR('',#7111,1.);
#7111 = DIRECTION('',(0.981551302459,-0.182966265832,-5.550122709472E-02
    ));
#7112 = ORIENTED_EDGE('',*,*,#7113,.T.);
#7113 = EDGE_CURVE('',#7106,#7060,#7114,.T.);
#7114 = LINE('',#7115,#7116);
#7115 = CARTESIAN_POINT('',(19.387699127197,1.478209972382,
    -5.791379928589));
#7116 = VECTOR('',#7117,1.);
#7117 = DIRECTION('',(-0.819871973949,-0.547893596721,-0.166200339964));
#7118 = PLANE('',#7119);
#7119 = AXIS2_PLACEMENT_3D('',#7120,#7121,#7122);
#7120 = CARTESIAN_POINT('',(17.211256568432,1.783479440745,
    -5.698779313709));
#7121 = DIRECTION('',(4.016011847616E-07,0.290281942832,-0.956941165206)
  );
#7122 = DIRECTION('',(-1.16335403902E-24,-0.956941165206,-0.290281942832
    ));
#7123 = ADVANCED_FACE('',(#7124),#7141,.F.);
#7124 = FACE_BOUND('',#7125,.F.);
#7125 = EDGE_LOOP('',(#7126,#7127,#7135));
#7126 = ORIENTED_EDGE('',*,*,#7105,.F.);
#7127 = ORIENTED_EDGE('',*,*,#7128,.T.);
#7128 = EDGE_CURVE('',#7082,#7129,#7131,.T.);
#7129 = VERTEX_POINT('',#7130);
#7130 = CARTESIAN_POINT('',(20.,1.600000023842,-5.75443983078));
#7131 = LINE('',#7132,#7133);
#7132 = CARTESIAN_POINT('',(15.,2.296099901199,-5.543280124664));
#7133 = VECTOR('',#7134,1.);
#7134 = DIRECTION('',(0.989582217191,-0.137769612004,-4.179197803187E-02
    ));
#7135 = ORIENTED_EDGE('',*,*,#7136,.T.);
#7136 = EDGE_CURVE('',#7129,#7106,#7137,.T.);
#7137 = LINE('',#7138,#7139);
#7138 = CARTESIAN_POINT('',(20.,1.600000023842,-5.75443983078));
#7139 = VECTOR('',#7140,1.);
#7140 = DIRECTION('',(-0.979074093583,-0.194743286409,
    -5.906751792382E-02));
#7141 = PLANE('',#7142);
#7142 = AXIS2_PLACEMENT_3D('',#7143,#7144,#7145);
#7143 = CARTESIAN_POINT('',(17.500341206326,1.896024923372,
    -5.664640472045));
#7144 = DIRECTION('',(-2.915582095549E-06,0.290265646745,-0.956946108363
    ));
#7145 = DIRECTION('',(-1.24891544758E-22,-0.956946108367,-0.290265646746
    ));
#7146 = ADVANCED_FACE('',(#7147),#7164,.F.);
#7147 = FACE_BOUND('',#7148,.F.);
#7148 = EDGE_LOOP('',(#7149,#7150,#7158));
#7149 = ORIENTED_EDGE('',*,*,#7128,.F.);
#7150 = ORIENTED_EDGE('',*,*,#7151,.F.);
#7151 = EDGE_CURVE('',#7152,#7082,#7154,.T.);
#7152 = VERTEX_POINT('',#7153);
#7153 = CARTESIAN_POINT('',(25.,2.296099901199,-5.543280124664));
#7154 = LINE('',#7155,#7156);
#7155 = CARTESIAN_POINT('',(25.,2.296099901199,-5.543280124664));
#7156 = VECTOR('',#7157,1.);
#7157 = DIRECTION('',(-1.,0.,0.));
#7158 = ORIENTED_EDGE('',*,*,#7159,.F.);
#7159 = EDGE_CURVE('',#7129,#7152,#7160,.T.);
#7160 = LINE('',#7161,#7162);
#7161 = CARTESIAN_POINT('',(20.,1.600000023842,-5.75443983078));
#7162 = VECTOR('',#7163,1.);
#7163 = DIRECTION('',(0.989582217191,0.137769612004,4.179197803187E-02)
  );
#7164 = PLANE('',#7165);
#7165 = AXIS2_PLACEMENT_3D('',#7166,#7167,#7168);
#7166 = CARTESIAN_POINT('',(20.,2.121163708228,-5.596346468013));
#7167 = DIRECTION('',(-0.,0.290284824367,-0.956940291106));
#7168 = DIRECTION('',(0.,-0.956940291106,-0.290284824367));
#7169 = ADVANCED_FACE('',(#7170),#7196,.F.);
#7170 = FACE_BOUND('',#7171,.F.);
#7171 = EDGE_LOOP('',(#7172,#7182,#7190));
#7172 = ORIENTED_EDGE('',*,*,#7173,.T.);
#7173 = EDGE_CURVE('',#7174,#7176,#7178,.T.);
#7174 = VERTEX_POINT('',#7175);
#7175 = CARTESIAN_POINT('',(21.60000038147,0.,-6.));
#7176 = VERTEX_POINT('',#7177);
#7177 = CARTESIAN_POINT('',(25.,1.170539975166,-5.884709835052));
#7178 = LINE('',#7179,#7180);
#7179 = CARTESIAN_POINT('',(21.60000038147,0.,-6.));
#7180 = VECTOR('',#7181,1.);
#7181 = DIRECTION('',(0.945047835507,0.325357762947,3.20455097245E-02));
#7182 = ORIENTED_EDGE('',*,*,#7183,.T.);
#7183 = EDGE_CURVE('',#7176,#7184,#7186,.T.);
#7184 = VERTEX_POINT('',#7185);
#7185 = CARTESIAN_POINT('',(25.,0.,-6.));
#7186 = LINE('',#7187,#7188);
#7187 = CARTESIAN_POINT('',(25.,1.170539975166,-5.884709835052));
#7188 = VECTOR('',#7189,1.);
#7189 = DIRECTION('',(0.,-0.99518455748,-9.801885815031E-02));
#7190 = ORIENTED_EDGE('',*,*,#7191,.T.);
#7191 = EDGE_CURVE('',#7184,#7174,#7192,.T.);
#7192 = LINE('',#7193,#7194);
#7193 = CARTESIAN_POINT('',(25.,0.,-6.));
#7194 = VECTOR('',#7195,1.);
#7195 = DIRECTION('',(-1.,0.,0.));
#7196 = PLANE('',#7197);
#7197 = AXIS2_PLACEMENT_3D('',#7198,#7199,#7200);
#7198 = CARTESIAN_POINT('',(23.544625804728,0.341822354173,
    -5.966332840884));
#7199 = DIRECTION('',(-0.,9.801885815031E-02,-0.99518455748));
#7200 = DIRECTION('',(0.,-0.99518455748,-9.801885815031E-02));
#7201 = ADVANCED_FACE('',(#7202),#7219,.F.);
#7202 = FACE_BOUND('',#7203,.F.);
#7203 = EDGE_LOOP('',(#7204,#7212,#7213));
#7204 = ORIENTED_EDGE('',*,*,#7205,.T.);
#7205 = EDGE_CURVE('',#7206,#7176,#7208,.T.);
#7206 = VERTEX_POINT('',#7207);
#7207 = CARTESIAN_POINT('',(21.478200912476,0.61229300499,
    -5.939690113068));
#7208 = LINE('',#7209,#7210);
#7209 = CARTESIAN_POINT('',(21.478200912476,0.61229300499,
    -5.939690113068));
#7210 = VECTOR('',#7211,1.);
#7211 = DIRECTION('',(0.987551501629,0.156538638343,1.541707938597E-02)
  );
#7212 = ORIENTED_EDGE('',*,*,#7173,.F.);
#7213 = ORIENTED_EDGE('',*,*,#7214,.T.);
#7214 = EDGE_CURVE('',#7174,#7206,#7215,.T.);
#7215 = LINE('',#7216,#7217);
#7216 = CARTESIAN_POINT('',(21.60000038147,0.,-6.));
#7217 = VECTOR('',#7218,1.);
#7218 = DIRECTION('',(-0.194196747712,0.976238330083,9.615792247594E-02)
  );
#7219 = PLANE('',#7220);
#7220 = AXIS2_PLACEMENT_3D('',#7221,#7222,#7223);
#7221 = CARTESIAN_POINT('',(23.130369274464,0.702931604475,
    -5.930765187479));
#7222 = DIRECTION('',(-1.687601334877E-06,9.802371293103E-02,
    -0.995184079304));
#7223 = DIRECTION('',(1.429902023203E-23,-0.995184079306,
    -9.802371293117E-02));
#7224 = ADVANCED_FACE('',(#7225),#7242,.F.);
#7225 = FACE_BOUND('',#7226,.F.);
#7226 = EDGE_LOOP('',(#7227,#7235,#7236));
#7227 = ORIENTED_EDGE('',*,*,#7228,.T.);
#7228 = EDGE_CURVE('',#7229,#7176,#7231,.T.);
#7229 = VERTEX_POINT('',#7230);
#7230 = CARTESIAN_POINT('',(21.131399154663,1.131369948387,
    -5.888569831848));
#7231 = LINE('',#7232,#7233);
#7232 = CARTESIAN_POINT('',(21.131399154663,1.131369948387,
    -5.888569831848));
#7233 = VECTOR('',#7234,1.);
#7234 = DIRECTION('',(0.999948247267,1.012459056624E-02,
    9.977242896286E-04));
#7235 = ORIENTED_EDGE('',*,*,#7205,.F.);
#7236 = ORIENTED_EDGE('',*,*,#7237,.T.);
#7237 = EDGE_CURVE('',#7206,#7229,#7238,.T.);
#7238 = LINE('',#7239,#7240);
#7239 = CARTESIAN_POINT('',(21.478200912476,0.61229300499,
    -5.939690113068));
#7240 = VECTOR('',#7241,1.);
#7241 = DIRECTION('',(-0.553678879948,0.828721118485,8.161498438403E-02)
  );
#7242 = PLANE('',#7243);
#7243 = AXIS2_PLACEMENT_3D('',#7244,#7245,#7246);
#7244 = CARTESIAN_POINT('',(23.005588782397,1.014452347322,
    -5.900083121171));
#7245 = DIRECTION('',(6.165762759034E-07,9.800931627089E-02,
    -0.995185497243));
#7246 = DIRECTION('',(3.769865621028E-24,-0.995185497244,
    -9.800931627091E-02));
#7247 = ADVANCED_FACE('',(#7248),#7265,.F.);
#7248 = FACE_BOUND('',#7249,.F.);
#7249 = EDGE_LOOP('',(#7250,#7251,#7259));
#7250 = ORIENTED_EDGE('',*,*,#7228,.F.);
#7251 = ORIENTED_EDGE('',*,*,#7252,.T.);
#7252 = EDGE_CURVE('',#7229,#7253,#7255,.T.);
#7253 = VERTEX_POINT('',#7254);
#7254 = CARTESIAN_POINT('',(21.072700500488,1.170539975166,
    -5.884709835052));
#7255 = LINE('',#7256,#7257);
#7256 = CARTESIAN_POINT('',(21.131399154663,1.131369948387,
    -5.888569831848));
#7257 = VECTOR('',#7258,1.);
#7258 = DIRECTION('',(-0.830562767257,0.554240404531,5.461742973963E-02)
  );
#7259 = ORIENTED_EDGE('',*,*,#7260,.T.);
#7260 = EDGE_CURVE('',#7253,#7176,#7261,.T.);
#7261 = LINE('',#7262,#7263);
#7262 = CARTESIAN_POINT('',(21.072700500488,1.170539975166,
    -5.884709835052));
#7263 = VECTOR('',#7264,1.);
#7264 = DIRECTION('',(1.,0.,0.));
#7265 = PLANE('',#7266);
#7266 = AXIS2_PLACEMENT_3D('',#7267,#7268,#7269);
#7267 = CARTESIAN_POINT('',(23.033406631236,1.160732313216,
    -5.885676327721));
#7268 = DIRECTION('',(-0.,9.806962651029E-02,-0.995179555837));
#7269 = DIRECTION('',(0.,-0.995179555837,-9.806962651029E-02));
#7270 = ADVANCED_FACE('',(#7271),#7286,.F.);
#7271 = FACE_BOUND('',#7272,.F.);
#7272 = EDGE_LOOP('',(#7273,#7279,#7285));
#7273 = ORIENTED_EDGE('',*,*,#7274,.T.);
#7274 = EDGE_CURVE('',#7253,#7152,#7275,.T.);
#7275 = LINE('',#7276,#7277);
#7276 = CARTESIAN_POINT('',(21.072700500488,1.170539975166,
    -5.884709835052));
#7277 = VECTOR('',#7278,1.);
#7278 = DIRECTION('',(0.957959400801,0.274550161617,8.328262227513E-02)
  );
#7279 = ORIENTED_EDGE('',*,*,#7280,.F.);
#7280 = EDGE_CURVE('',#7176,#7152,#7281,.T.);
#7281 = LINE('',#7282,#7283);
#7282 = CARTESIAN_POINT('',(25.,1.170539975166,-5.884709835052));
#7283 = VECTOR('',#7284,1.);
#7284 = DIRECTION('',(0.,0.956941554453,0.290280659642));
#7285 = ORIENTED_EDGE('',*,*,#7260,.F.);
#7286 = PLANE('',#7287);
#7287 = AXIS2_PLACEMENT_3D('',#7288,#7289,#7290);
#7288 = CARTESIAN_POINT('',(23.287313677691,1.493162605811,
    -5.786844809124));
#7289 = DIRECTION('',(-0.,0.290280659642,-0.956941554453));
#7290 = DIRECTION('',(0.,-0.956941554453,-0.290280659642));
#7291 = ADVANCED_FACE('',(#7292),#7309,.F.);
#7292 = FACE_BOUND('',#7293,.F.);
#7293 = EDGE_LOOP('',(#7294,#7302,#7303));
#7294 = ORIENTED_EDGE('',*,*,#7295,.T.);
#7295 = EDGE_CURVE('',#7296,#7152,#7298,.T.);
#7296 = VERTEX_POINT('',#7297);
#7297 = CARTESIAN_POINT('',(20.612300872803,1.478209972382,
    -5.791379928589));
#7298 = LINE('',#7299,#7300);
#7299 = CARTESIAN_POINT('',(20.612300872803,1.478209972382,
    -5.791379928589));
#7300 = VECTOR('',#7301,1.);
#7301 = DIRECTION('',(0.981551302459,0.182966265832,5.550122709472E-02)
  );
#7302 = ORIENTED_EDGE('',*,*,#7274,.F.);
#7303 = ORIENTED_EDGE('',*,*,#7304,.T.);
#7304 = EDGE_CURVE('',#7253,#7296,#7305,.T.);
#7305 = LINE('',#7306,#7307);
#7306 = CARTESIAN_POINT('',(21.072700500488,1.170539975166,
    -5.884709835052));
#7307 = VECTOR('',#7308,1.);
#7308 = DIRECTION('',(-0.819871973949,0.547893596721,0.166200339964));
#7309 = PLANE('',#7310);
#7310 = AXIS2_PLACEMENT_3D('',#7311,#7312,#7313);
#7311 = CARTESIAN_POINT('',(22.788743431568,1.783479440745,
    -5.698779313709));
#7312 = DIRECTION('',(-4.016011845919E-07,0.290281942832,-0.956941165206
    ));
#7313 = DIRECTION('',(-1.890675576907E-23,-0.956941165206,
    -0.290281942832));
#7314 = ADVANCED_FACE('',(#7315),#7339,.F.);
#7315 = FACE_BOUND('',#7316,.F.);
#7316 = EDGE_LOOP('',(#7317,#7325,#7333));
#7317 = ORIENTED_EDGE('',*,*,#7318,.T.);
#7318 = EDGE_CURVE('',#7296,#7319,#7321,.T.);
#7319 = VERTEX_POINT('',#7320);
#7320 = CARTESIAN_POINT('',(21.131399154663,1.131369948387,
    -4.908629894257));
#7321 = LINE('',#7322,#7323);
#7322 = CARTESIAN_POINT('',(20.612300872803,1.478209972382,
    -5.791379928589));
#7323 = VECTOR('',#7324,1.);
#7324 = DIRECTION('',(0.480109974562,-0.320789647965,0.816448659797));
#7325 = ORIENTED_EDGE('',*,*,#7326,.T.);
#7326 = EDGE_CURVE('',#7319,#7327,#7329,.T.);
#7327 = VERTEX_POINT('',#7328);
#7328 = CARTESIAN_POINT('',(20.612300872803,1.478209972382,
    -4.803410053253));
#7329 = LINE('',#7330,#7331);
#7330 = CARTESIAN_POINT('',(21.131399154663,1.131369948387,
    -4.908629894257));
#7331 = VECTOR('',#7332,1.);
#7332 = DIRECTION('',(-0.819913933322,0.547832613292,0.166194373427));
#7333 = ORIENTED_EDGE('',*,*,#7334,.T.);
#7334 = EDGE_CURVE('',#7327,#7296,#7335,.T.);
#7335 = LINE('',#7336,#7337);
#7336 = CARTESIAN_POINT('',(20.612300872803,1.478209972382,
    -4.803410053253));
#7337 = VECTOR('',#7338,1.);
#7338 = DIRECTION('',(0.,0.,-1.));
#7339 = PLANE('',#7340);
#7340 = AXIS2_PLACEMENT_3D('',#7341,#7342,#7343);
#7341 = CARTESIAN_POINT('',(20.776957634299,1.368193127588,
    -5.215035917143));
#7342 = DIRECTION('',(-0.555558761782,-0.831477277024,-0.));
#7343 = DIRECTION('',(-0.831477277024,0.555558761782,0.));
#7344 = ADVANCED_FACE('',(#7345),#7355,.F.);
#7345 = FACE_BOUND('',#7346,.F.);
#7346 = EDGE_LOOP('',(#7347,#7353,#7354));
#7347 = ORIENTED_EDGE('',*,*,#7348,.T.);
#7348 = EDGE_CURVE('',#7253,#7319,#7349,.T.);
#7349 = LINE('',#7350,#7351);
#7350 = CARTESIAN_POINT('',(21.072700500488,1.170539975166,
    -5.884709835052));
#7351 = VECTOR('',#7352,1.);
#7352 = DIRECTION('',(5.998058649962E-02,-4.002546927948E-02,
    0.997396757089));
#7353 = ORIENTED_EDGE('',*,*,#7318,.F.);
#7354 = ORIENTED_EDGE('',*,*,#7304,.F.);
#7355 = PLANE('',#7356);
#7356 = AXIS2_PLACEMENT_3D('',#7357,#7358,#7359);
#7357 = CARTESIAN_POINT('',(20.951502078755,1.251555056321,
    -5.471973541631));
#7358 = DIRECTION('',(-0.555614524448,-0.831440014657,4.743175612998E-05
    ));
#7359 = DIRECTION('',(-0.831440015592,0.555614525073,-5.400113259695E-22
    ));
#7360 = ADVANCED_FACE('',(#7361),#7371,.F.);
#7361 = FACE_BOUND('',#7362,.F.);
#7362 = EDGE_LOOP('',(#7363,#7364,#7365));
#7363 = ORIENTED_EDGE('',*,*,#7159,.T.);
#7364 = ORIENTED_EDGE('',*,*,#7295,.F.);
#7365 = ORIENTED_EDGE('',*,*,#7366,.T.);
#7366 = EDGE_CURVE('',#7296,#7129,#7367,.T.);
#7367 = LINE('',#7368,#7369);
#7368 = CARTESIAN_POINT('',(20.612300872803,1.478209972382,
    -5.791379928589));
#7369 = VECTOR('',#7370,1.);
#7370 = DIRECTION('',(-0.979074093583,0.194743286409,5.906751792382E-02)
  );
#7371 = PLANE('',#7372);
#7372 = AXIS2_PLACEMENT_3D('',#7373,#7374,#7375);
#7373 = CARTESIAN_POINT('',(22.499658793674,1.896024923372,
    -5.664640472045));
#7374 = DIRECTION('',(2.915582095681E-06,0.290265646745,-0.956946108363)
  );
#7375 = DIRECTION('',(3.11758689188E-23,-0.956946108367,-0.290265646746)
  );
#7376 = ADVANCED_FACE('',(#7377),#7394,.F.);
#7377 = FACE_BOUND('',#7378,.F.);
#7378 = EDGE_LOOP('',(#7379,#7387,#7388));
#7379 = ORIENTED_EDGE('',*,*,#7380,.T.);
#7380 = EDGE_CURVE('',#7381,#7174,#7383,.T.);
#7381 = VERTEX_POINT('',#7382);
#7382 = CARTESIAN_POINT('',(25.,-1.170539975166,-5.884709835052));
#7383 = LINE('',#7384,#7385);
#7384 = CARTESIAN_POINT('',(25.,-1.170539975166,-5.884709835052));
#7385 = VECTOR('',#7386,1.);
#7386 = DIRECTION('',(-0.945047835507,0.325357762947,-3.20455097245E-02)
  );
#7387 = ORIENTED_EDGE('',*,*,#7191,.F.);
#7388 = ORIENTED_EDGE('',*,*,#7389,.F.);
#7389 = EDGE_CURVE('',#7381,#7184,#7390,.T.);
#7390 = LINE('',#7391,#7392);
#7391 = CARTESIAN_POINT('',(25.,-1.170539975166,-5.884709835052));
#7392 = VECTOR('',#7393,1.);
#7393 = DIRECTION('',(0.,0.99518455748,-9.801885815031E-02));
#7394 = PLANE('',#7395);
#7395 = AXIS2_PLACEMENT_3D('',#7396,#7397,#7398);
#7396 = CARTESIAN_POINT('',(23.544625804728,-0.341822354173,
    -5.966332840884));
#7397 = DIRECTION('',(-0.,-9.801885815031E-02,-0.99518455748));
#7398 = DIRECTION('',(0.,-0.99518455748,9.801885815031E-02));
#7399 = ADVANCED_FACE('',(#7400),#7417,.F.);
#7400 = FACE_BOUND('',#7401,.F.);
#7401 = EDGE_LOOP('',(#7402,#7410,#7416));
#7402 = ORIENTED_EDGE('',*,*,#7403,.T.);
#7403 = EDGE_CURVE('',#7381,#7404,#7406,.T.);
#7404 = VERTEX_POINT('',#7405);
#7405 = CARTESIAN_POINT('',(21.478200912476,-0.61229300499,
    -5.939690113068));
#7406 = LINE('',#7407,#7408);
#7407 = CARTESIAN_POINT('',(25.,-1.170539975166,-5.884709835052));
#7408 = VECTOR('',#7409,1.);
#7409 = DIRECTION('',(-0.987551501629,0.156538638343,-1.541707938597E-02
    ));
#7410 = ORIENTED_EDGE('',*,*,#7411,.T.);
#7411 = EDGE_CURVE('',#7404,#7174,#7412,.T.);
#7412 = LINE('',#7413,#7414);
#7413 = CARTESIAN_POINT('',(21.478200912476,-0.61229300499,
    -5.939690113068));
#7414 = VECTOR('',#7415,1.);
#7415 = DIRECTION('',(0.194196747712,0.976238330083,-9.615792247594E-02)
  );
#7416 = ORIENTED_EDGE('',*,*,#7380,.F.);
#7417 = PLANE('',#7418);
#7418 = AXIS2_PLACEMENT_3D('',#7419,#7420,#7421);
#7419 = CARTESIAN_POINT('',(23.130369274464,-0.702931604475,
    -5.930765187479));
#7420 = DIRECTION('',(-1.687601334911E-06,-9.802371293103E-02,
    -0.995184079304));
#7421 = DIRECTION('',(-8.800509945372E-24,-0.995184079306,
    9.802371293117E-02));
#7422 = ADVANCED_FACE('',(#7423),#7440,.F.);
#7423 = FACE_BOUND('',#7424,.F.);
#7424 = EDGE_LOOP('',(#7425,#7433,#7439));
#7425 = ORIENTED_EDGE('',*,*,#7426,.T.);
#7426 = EDGE_CURVE('',#7381,#7427,#7429,.T.);
#7427 = VERTEX_POINT('',#7428);
#7428 = CARTESIAN_POINT('',(21.131399154663,-1.131369948387,
    -5.888569831848));
#7429 = LINE('',#7430,#7431);
#7430 = CARTESIAN_POINT('',(25.,-1.170539975166,-5.884709835052));
#7431 = VECTOR('',#7432,1.);
#7432 = DIRECTION('',(-0.999948247267,1.012459056624E-02,
    -9.977242896286E-04));
#7433 = ORIENTED_EDGE('',*,*,#7434,.T.);
#7434 = EDGE_CURVE('',#7427,#7404,#7435,.T.);
#7435 = LINE('',#7436,#7437);
#7436 = CARTESIAN_POINT('',(21.131399154663,-1.131369948387,
    -5.888569831848));
#7437 = VECTOR('',#7438,1.);
#7438 = DIRECTION('',(0.553678879948,0.828721118485,-8.161498438403E-02)
  );
#7439 = ORIENTED_EDGE('',*,*,#7403,.F.);
#7440 = PLANE('',#7441);
#7441 = AXIS2_PLACEMENT_3D('',#7442,#7443,#7444);
#7442 = CARTESIAN_POINT('',(23.005588782397,-1.014452347322,
    -5.900083121171));
#7443 = DIRECTION('',(6.165762759034E-07,-9.800931627089E-02,
    -0.995185497243));
#7444 = DIRECTION('',(-3.769865621028E-24,-0.995185497244,
    9.800931627091E-02));
#7445 = ADVANCED_FACE('',(#7446),#7463,.F.);
#7446 = FACE_BOUND('',#7447,.F.);
#7447 = EDGE_LOOP('',(#7448,#7449,#7457));
#7448 = ORIENTED_EDGE('',*,*,#7426,.F.);
#7449 = ORIENTED_EDGE('',*,*,#7450,.T.);
#7450 = EDGE_CURVE('',#7381,#7451,#7453,.T.);
#7451 = VERTEX_POINT('',#7452);
#7452 = CARTESIAN_POINT('',(21.072700500488,-1.170539975166,
    -5.884709835052));
#7453 = LINE('',#7454,#7455);
#7454 = CARTESIAN_POINT('',(25.,-1.170539975166,-5.884709835052));
#7455 = VECTOR('',#7456,1.);
#7456 = DIRECTION('',(-1.,0.,0.));
#7457 = ORIENTED_EDGE('',*,*,#7458,.T.);
#7458 = EDGE_CURVE('',#7451,#7427,#7459,.T.);
#7459 = LINE('',#7460,#7461);
#7460 = CARTESIAN_POINT('',(21.072700500488,-1.170539975166,
    -5.884709835052));
#7461 = VECTOR('',#7462,1.);
#7462 = DIRECTION('',(0.830562767257,0.554240404531,-5.461742973963E-02)
  );
#7463 = PLANE('',#7464);
#7464 = AXIS2_PLACEMENT_3D('',#7465,#7466,#7467);
#7465 = CARTESIAN_POINT('',(23.033406631236,-1.160732313216,
    -5.885676327721));
#7466 = DIRECTION('',(-0.,-9.806962651029E-02,-0.995179555837));
#7467 = DIRECTION('',(0.,-0.995179555837,9.806962651029E-02));
#7468 = ADVANCED_FACE('',(#7469),#7486,.F.);
#7469 = FACE_BOUND('',#7470,.F.);
#7470 = EDGE_LOOP('',(#7471,#7479,#7480));
#7471 = ORIENTED_EDGE('',*,*,#7472,.T.);
#7472 = EDGE_CURVE('',#7473,#7451,#7475,.T.);
#7473 = VERTEX_POINT('',#7474);
#7474 = CARTESIAN_POINT('',(25.,-2.296099901199,-5.543280124664));
#7475 = LINE('',#7476,#7477);
#7476 = CARTESIAN_POINT('',(25.,-2.296099901199,-5.543280124664));
#7477 = VECTOR('',#7478,1.);
#7478 = DIRECTION('',(-0.957959400801,0.274550161617,-8.328262227513E-02
    ));
#7479 = ORIENTED_EDGE('',*,*,#7450,.F.);
#7480 = ORIENTED_EDGE('',*,*,#7481,.F.);
#7481 = EDGE_CURVE('',#7473,#7381,#7482,.T.);
#7482 = LINE('',#7483,#7484);
#7483 = CARTESIAN_POINT('',(25.,-2.296099901199,-5.543280124664));
#7484 = VECTOR('',#7485,1.);
#7485 = DIRECTION('',(0.,0.956941554453,-0.290280659642));
#7486 = PLANE('',#7487);
#7487 = AXIS2_PLACEMENT_3D('',#7488,#7489,#7490);
#7488 = CARTESIAN_POINT('',(23.287313677691,-1.493162605811,
    -5.786844809124));
#7489 = DIRECTION('',(-0.,-0.290280659642,-0.956941554453));
#7490 = DIRECTION('',(0.,-0.956941554453,0.290280659642));
#7491 = ADVANCED_FACE('',(#7492),#7509,.F.);
#7492 = FACE_BOUND('',#7493,.F.);
#7493 = EDGE_LOOP('',(#7494,#7502,#7508));
#7494 = ORIENTED_EDGE('',*,*,#7495,.T.);
#7495 = EDGE_CURVE('',#7473,#7496,#7498,.T.);
#7496 = VERTEX_POINT('',#7497);
#7497 = CARTESIAN_POINT('',(20.612300872803,-1.478209972382,
    -5.791379928589));
#7498 = LINE('',#7499,#7500);
#7499 = CARTESIAN_POINT('',(25.,-2.296099901199,-5.543280124664));
#7500 = VECTOR('',#7501,1.);
#7501 = DIRECTION('',(-0.981551302459,0.182966265832,-5.550122709472E-02
    ));
#7502 = ORIENTED_EDGE('',*,*,#7503,.T.);
#7503 = EDGE_CURVE('',#7496,#7451,#7504,.T.);
#7504 = LINE('',#7505,#7506);
#7505 = CARTESIAN_POINT('',(20.612300872803,-1.478209972382,
    -5.791379928589));
#7506 = VECTOR('',#7507,1.);
#7507 = DIRECTION('',(0.819871973949,0.547893596721,-0.166200339964));
#7508 = ORIENTED_EDGE('',*,*,#7472,.F.);
#7509 = PLANE('',#7510);
#7510 = AXIS2_PLACEMENT_3D('',#7511,#7512,#7513);
#7511 = CARTESIAN_POINT('',(22.788743431568,-1.783479440745,
    -5.698779313709));
#7512 = DIRECTION('',(-4.016011845919E-07,-0.290281942832,
    -0.956941165206));
#7513 = DIRECTION('',(1.890675576907E-23,-0.956941165206,0.290281942832)
  );
#7514 = ADVANCED_FACE('',(#7515),#7532,.F.);
#7515 = FACE_BOUND('',#7516,.F.);
#7516 = EDGE_LOOP('',(#7517,#7525,#7531));
#7517 = ORIENTED_EDGE('',*,*,#7518,.T.);
#7518 = EDGE_CURVE('',#7473,#7519,#7521,.T.);
#7519 = VERTEX_POINT('',#7520);
#7520 = CARTESIAN_POINT('',(20.,-1.600000023842,-5.75443983078));
#7521 = LINE('',#7522,#7523);
#7522 = CARTESIAN_POINT('',(25.,-2.296099901199,-5.543280124664));
#7523 = VECTOR('',#7524,1.);
#7524 = DIRECTION('',(-0.989582217191,0.137769612004,-4.179197803187E-02
    ));
#7525 = ORIENTED_EDGE('',*,*,#7526,.T.);
#7526 = EDGE_CURVE('',#7519,#7496,#7527,.T.);
#7527 = LINE('',#7528,#7529);
#7528 = CARTESIAN_POINT('',(20.,-1.600000023842,-5.75443983078));
#7529 = VECTOR('',#7530,1.);
#7530 = DIRECTION('',(0.979074093583,0.194743286409,-5.906751792382E-02)
  );
#7531 = ORIENTED_EDGE('',*,*,#7495,.F.);
#7532 = PLANE('',#7533);
#7533 = AXIS2_PLACEMENT_3D('',#7534,#7535,#7536);
#7534 = CARTESIAN_POINT('',(22.499658793674,-1.896024923372,
    -5.664640472045));
#7535 = DIRECTION('',(2.915582095292E-06,-0.290265646745,-0.956946108363
    ));
#7536 = DIRECTION('',(-1.202566484843E-22,-0.956946108367,0.290265646746
    ));
#7537 = ADVANCED_FACE('',(#7538),#7555,.F.);
#7538 = FACE_BOUND('',#7539,.F.);
#7539 = EDGE_LOOP('',(#7540,#7548,#7549));
#7540 = ORIENTED_EDGE('',*,*,#7541,.T.);
#7541 = EDGE_CURVE('',#7542,#7519,#7544,.T.);
#7542 = VERTEX_POINT('',#7543);
#7543 = CARTESIAN_POINT('',(15.,-2.296099901199,-5.543280124664));
#7544 = LINE('',#7545,#7546);
#7545 = CARTESIAN_POINT('',(15.,-2.296099901199,-5.543280124664));
#7546 = VECTOR('',#7547,1.);
#7547 = DIRECTION('',(0.989582217191,0.137769612004,-4.179197803187E-02)
  );
#7548 = ORIENTED_EDGE('',*,*,#7518,.F.);
#7549 = ORIENTED_EDGE('',*,*,#7550,.F.);
#7550 = EDGE_CURVE('',#7542,#7473,#7551,.T.);
#7551 = LINE('',#7552,#7553);
#7552 = CARTESIAN_POINT('',(15.,-2.296099901199,-5.543280124664));
#7553 = VECTOR('',#7554,1.);
#7554 = DIRECTION('',(1.,0.,0.));
#7555 = PLANE('',#7556);
#7556 = AXIS2_PLACEMENT_3D('',#7557,#7558,#7559);
#7557 = CARTESIAN_POINT('',(20.,-2.121163708228,-5.596346468013));
#7558 = DIRECTION('',(-0.,-0.290284824367,-0.956940291106));
#7559 = DIRECTION('',(0.,-0.956940291106,0.290284824367));
#7560 = ADVANCED_FACE('',(#7561),#7576,.F.);
#7561 = FACE_BOUND('',#7562,.F.);
#7562 = EDGE_LOOP('',(#7563,#7569,#7575));
#7563 = ORIENTED_EDGE('',*,*,#7564,.T.);
#7564 = EDGE_CURVE('',#7542,#6838,#7565,.T.);
#7565 = LINE('',#7566,#7567);
#7566 = CARTESIAN_POINT('',(15.,-2.296099901199,-5.543280124664));
#7567 = VECTOR('',#7568,1.);
#7568 = DIRECTION('',(0.981551302459,0.182966265832,-5.550122709472E-02)
  );
#7569 = ORIENTED_EDGE('',*,*,#7570,.T.);
#7570 = EDGE_CURVE('',#6838,#7519,#7571,.T.);
#7571 = LINE('',#7572,#7573);
#7572 = CARTESIAN_POINT('',(19.387699127197,-1.478209972382,
    -5.791379928589));
#7573 = VECTOR('',#7574,1.);
#7574 = DIRECTION('',(0.979074093583,-0.194743286409,5.906751792382E-02)
  );
#7575 = ORIENTED_EDGE('',*,*,#7541,.F.);
#7576 = PLANE('',#7577);
#7577 = AXIS2_PLACEMENT_3D('',#7578,#7579,#7580);
#7578 = CARTESIAN_POINT('',(17.500341206326,-1.896024923372,
    -5.664640472045));
#7579 = DIRECTION('',(-2.915582095602E-06,-0.290265646745,
    -0.956946108363));
#7580 = DIRECTION('',(-9.889095151893E-23,-0.956946108367,0.290265646746
    ));
#7581 = ADVANCED_FACE('',(#7582),#7592,.F.);
#7582 = FACE_BOUND('',#7583,.F.);
#7583 = EDGE_LOOP('',(#7584,#7590,#7591));
#7584 = ORIENTED_EDGE('',*,*,#7585,.T.);
#7585 = EDGE_CURVE('',#7542,#6868,#7586,.T.);
#7586 = LINE('',#7587,#7588);
#7587 = CARTESIAN_POINT('',(15.,-2.296099901199,-5.543280124664));
#7588 = VECTOR('',#7589,1.);
#7589 = DIRECTION('',(0.957959400801,0.274550161617,-8.328262227513E-02)
  );
#7590 = ORIENTED_EDGE('',*,*,#6876,.T.);
#7591 = ORIENTED_EDGE('',*,*,#7564,.F.);
#7592 = PLANE('',#7593);
#7593 = AXIS2_PLACEMENT_3D('',#7594,#7595,#7596);
#7594 = CARTESIAN_POINT('',(17.211256568432,-1.783479440745,
    -5.698779313709));
#7595 = DIRECTION('',(4.016011849304E-07,-0.290281942832,-0.956941165206
    ));
#7596 = DIRECTION('',(-6.722354215623E-24,-0.956941165206,0.290281942832
    ));
#7597 = ADVANCED_FACE('',(#7598),#7608,.F.);
#7598 = FACE_BOUND('',#7599,.F.);
#7599 = EDGE_LOOP('',(#7600,#7601,#7607));
#7600 = ORIENTED_EDGE('',*,*,#7585,.F.);
#7601 = ORIENTED_EDGE('',*,*,#7602,.F.);
#7602 = EDGE_CURVE('',#6891,#7542,#7603,.T.);
#7603 = LINE('',#7604,#7605);
#7604 = CARTESIAN_POINT('',(15.,-1.170539975166,-5.884709835052));
#7605 = VECTOR('',#7606,1.);
#7606 = DIRECTION('',(0.,-0.956941554453,0.290280659642));
#7607 = ORIENTED_EDGE('',*,*,#6906,.F.);
#7608 = PLANE('',#7609);
#7609 = AXIS2_PLACEMENT_3D('',#7610,#7611,#7612);
#7610 = CARTESIAN_POINT('',(16.712686322309,-1.493162605811,
    -5.786844809124));
#7611 = DIRECTION('',(-0.,-0.290280659642,-0.956941554453));
#7612 = DIRECTION('',(0.,-0.956941554453,0.290280659642));
#7613 = ADVANCED_FACE('',(#7614),#7629,.F.);
#7614 = FACE_BOUND('',#7615,.F.);
#7615 = EDGE_LOOP('',(#7616,#7622,#7623));
#7616 = ORIENTED_EDGE('',*,*,#7617,.T.);
#7617 = EDGE_CURVE('',#6714,#7229,#7618,.T.);
#7618 = LINE('',#7619,#7620);
#7619 = CARTESIAN_POINT('',(21.478200912476,0.61229300499,
    -4.989689826965));
#7620 = VECTOR('',#7621,1.);
#7621 = DIRECTION('',(-0.316889391996,0.474305488041,-0.821349753305));
#7622 = ORIENTED_EDGE('',*,*,#7237,.F.);
#7623 = ORIENTED_EDGE('',*,*,#7624,.T.);
#7624 = EDGE_CURVE('',#7206,#6714,#7625,.T.);
#7625 = LINE('',#7626,#7627);
#7626 = CARTESIAN_POINT('',(21.478200912476,0.61229300499,
    -5.939690113068));
#7627 = VECTOR('',#7628,1.);
#7628 = DIRECTION('',(0.,0.,1.));
#7629 = PLANE('',#7630);
#7630 = AXIS2_PLACEMENT_3D('',#7631,#7632,#7633);
#7631 = CARTESIAN_POINT('',(21.366479598773,0.779512336272,
    -5.559621226804));
#7632 = DIRECTION('',(-0.831495042081,-0.555532172781,-0.));
#7633 = DIRECTION('',(0.555532172781,-0.831495042081,0.));
#7634 = ADVANCED_FACE('',(#7635),#7652,.F.);
#7635 = FACE_BOUND('',#7636,.F.);
#7636 = EDGE_LOOP('',(#7637,#7638,#7646));
#7637 = ORIENTED_EDGE('',*,*,#7617,.F.);
#7638 = ORIENTED_EDGE('',*,*,#7639,.T.);
#7639 = EDGE_CURVE('',#6714,#7640,#7642,.T.);
#7640 = VERTEX_POINT('',#7641);
#7641 = CARTESIAN_POINT('',(21.229000091553,0.985206007957,
    -4.952960014343));
#7642 = LINE('',#7643,#7644);
#7643 = CARTESIAN_POINT('',(21.478200912476,0.61229300499,
    -4.989689826965));
#7644 = VECTOR('',#7645,1.);
#7645 = DIRECTION('',(-0.553760137291,0.82866643439,8.161893690786E-02)
  );
#7646 = ORIENTED_EDGE('',*,*,#7647,.F.);
#7647 = EDGE_CURVE('',#7229,#7640,#7648,.T.);
#7648 = LINE('',#7649,#7650);
#7649 = CARTESIAN_POINT('',(21.131399154663,1.131369948387,
    -5.888569831848));
#7650 = VECTOR('',#7651,1.);
#7651 = DIRECTION('',(0.10252473181,-0.153537653125,0.982809680681));
#7652 = PLANE('',#7653);
#7653 = AXIS2_PLACEMENT_3D('',#7654,#7655,#7656);
#7654 = CARTESIAN_POINT('',(21.266081857544,0.92976078515,
    -5.347796715733));
#7655 = DIRECTION('',(-0.831443381482,-0.555609484458,
    -6.457668992748E-05));
#7656 = DIRECTION('',(0.555609485616,-0.831443383216,-4.10852853972E-21)
  );
#7657 = ADVANCED_FACE('',(#7658),#7673,.F.);
#7658 = FACE_BOUND('',#7659,.F.);
#7659 = EDGE_LOOP('',(#7660,#7661,#7667));
#7660 = ORIENTED_EDGE('',*,*,#7647,.T.);
#7661 = ORIENTED_EDGE('',*,*,#7662,.T.);
#7662 = EDGE_CURVE('',#7640,#7319,#7663,.T.);
#7663 = LINE('',#7664,#7665);
#7664 = CARTESIAN_POINT('',(21.229000091553,0.985206007957,
    -4.952960014343));
#7665 = VECTOR('',#7666,1.);
#7666 = DIRECTION('',(-0.538459757639,0.806379553798,0.24456717813));
#7667 = ORIENTED_EDGE('',*,*,#7668,.T.);
#7668 = EDGE_CURVE('',#7319,#7229,#7669,.T.);
#7669 = LINE('',#7670,#7671);
#7670 = CARTESIAN_POINT('',(21.131399154663,1.131369948387,
    -4.908629894257));
#7671 = VECTOR('',#7672,1.);
#7672 = DIRECTION('',(0.,0.,-1.));
#7673 = PLANE('',#7674);
#7674 = AXIS2_PLACEMENT_3D('',#7675,#7676,#7677);
#7675 = CARTESIAN_POINT('',(21.157569433468,1.092178202957,
    -5.368458709194));
#7676 = DIRECTION('',(-0.83163433365,-0.555323630953,-0.));
#7677 = DIRECTION('',(0.555323630953,-0.83163433365,0.));
#7678 = ADVANCED_FACE('',(#7679),#7684,.F.);
#7679 = FACE_BOUND('',#7680,.F.);
#7680 = EDGE_LOOP('',(#7681,#7682,#7683));
#7681 = ORIENTED_EDGE('',*,*,#7348,.F.);
#7682 = ORIENTED_EDGE('',*,*,#7252,.F.);
#7683 = ORIENTED_EDGE('',*,*,#7668,.F.);
#7684 = PLANE('',#7685);
#7685 = AXIS2_PLACEMENT_3D('',#7686,#7687,#7688);
#7686 = CARTESIAN_POINT('',(21.116222900215,1.141497170238,
    -5.414666300357));
#7687 = DIRECTION('',(-0.555068925838,-0.831804356546,-0.));
#7688 = DIRECTION('',(-0.831804356546,0.555068925838,0.));
#7689 = ADVANCED_FACE('',(#7690),#7705,.F.);
#7690 = FACE_BOUND('',#7691,.F.);
#7691 = EDGE_LOOP('',(#7692,#7698,#7704));
#7692 = ORIENTED_EDGE('',*,*,#7693,.T.);
#7693 = EDGE_CURVE('',#7427,#6769,#7694,.T.);
#7694 = LINE('',#7695,#7696);
#7695 = CARTESIAN_POINT('',(21.131399154663,-1.131369948387,
    -5.888569831848));
#7696 = VECTOR('',#7697,1.);
#7697 = DIRECTION('',(0.316889391996,0.474305488041,0.821349753305));
#7698 = ORIENTED_EDGE('',*,*,#7699,.T.);
#7699 = EDGE_CURVE('',#6769,#7404,#7700,.T.);
#7700 = LINE('',#7701,#7702);
#7701 = CARTESIAN_POINT('',(21.478200912476,-0.61229300499,
    -4.989689826965));
#7702 = VECTOR('',#7703,1.);
#7703 = DIRECTION('',(0.,0.,-1.));
#7704 = ORIENTED_EDGE('',*,*,#7434,.F.);
#7705 = PLANE('',#7706);
#7706 = AXIS2_PLACEMENT_3D('',#7707,#7708,#7709);
#7707 = CARTESIAN_POINT('',(21.366479598773,-0.779512336272,
    -5.559621226804));
#7708 = DIRECTION('',(-0.831495042081,0.555532172781,-0.));
#7709 = DIRECTION('',(-0.555532172781,-0.831495042081,0.));
#7710 = ADVANCED_FACE('',(#7711),#7721,.F.);
#7711 = FACE_BOUND('',#7712,.F.);
#7712 = EDGE_LOOP('',(#7713,#7714,#7720));
#7713 = ORIENTED_EDGE('',*,*,#7693,.F.);
#7714 = ORIENTED_EDGE('',*,*,#7715,.T.);
#7715 = EDGE_CURVE('',#7427,#6816,#7716,.T.);
#7716 = LINE('',#7717,#7718);
#7717 = CARTESIAN_POINT('',(21.131399154663,-1.131369948387,
    -5.888569831848));
#7718 = VECTOR('',#7719,1.);
#7719 = DIRECTION('',(0.10252473181,0.153537653125,0.982809680681));
#7720 = ORIENTED_EDGE('',*,*,#6815,.T.);
#7721 = PLANE('',#7722);
#7722 = AXIS2_PLACEMENT_3D('',#7723,#7724,#7725);
#7723 = CARTESIAN_POINT('',(21.266081857544,-0.92976078515,
    -5.347796715733));
#7724 = DIRECTION('',(-0.831443381482,0.555609484458,-6.457668992748E-05
    ));
#7725 = DIRECTION('',(-0.555609485616,-0.831443383216,4.146948975399E-21
    ));
#7726 = ADVANCED_FACE('',(#7727),#7744,.F.);
#7727 = FACE_BOUND('',#7728,.F.);
#7728 = EDGE_LOOP('',(#7729,#7730,#7738));
#7729 = ORIENTED_EDGE('',*,*,#7715,.F.);
#7730 = ORIENTED_EDGE('',*,*,#7731,.T.);
#7731 = EDGE_CURVE('',#7427,#7732,#7734,.T.);
#7732 = VERTEX_POINT('',#7733);
#7733 = CARTESIAN_POINT('',(21.131399154663,-1.131369948387,
    -4.908629894257));
#7734 = LINE('',#7735,#7736);
#7735 = CARTESIAN_POINT('',(21.131399154663,-1.131369948387,
    -5.888569831848));
#7736 = VECTOR('',#7737,1.);
#7737 = DIRECTION('',(0.,0.,1.));
#7738 = ORIENTED_EDGE('',*,*,#7739,.T.);
#7739 = EDGE_CURVE('',#7732,#6816,#7740,.T.);
#7740 = LINE('',#7741,#7742);
#7741 = CARTESIAN_POINT('',(21.131399154663,-1.131369948387,
    -4.908629894257));
#7742 = VECTOR('',#7743,1.);
#7743 = DIRECTION('',(0.538459757639,0.806379553798,-0.24456717813));
#7744 = PLANE('',#7745);
#7745 = AXIS2_PLACEMENT_3D('',#7746,#7747,#7748);
#7746 = CARTESIAN_POINT('',(21.157569433468,-1.092178202957,
    -5.368458709194));
#7747 = DIRECTION('',(-0.83163433365,0.555323630953,-0.));
#7748 = DIRECTION('',(-0.555323630953,-0.83163433365,0.));
#7749 = ADVANCED_FACE('',(#7750),#7765,.F.);
#7750 = FACE_BOUND('',#7751,.F.);
#7751 = EDGE_LOOP('',(#7752,#7758,#7759));
#7752 = ORIENTED_EDGE('',*,*,#7753,.T.);
#7753 = EDGE_CURVE('',#6346,#7060,#7754,.T.);
#7754 = LINE('',#7755,#7756);
#7755 = CARTESIAN_POINT('',(19.,1.219149947166,-4.881999969482));
#7756 = VECTOR('',#7757,1.);
#7757 = DIRECTION('',(-7.222981839705E-02,-4.829525830321E-02,
    -0.996218059142));
#7758 = ORIENTED_EDGE('',*,*,#7113,.F.);
#7759 = ORIENTED_EDGE('',*,*,#7760,.T.);
#7760 = EDGE_CURVE('',#7106,#6346,#7761,.T.);
#7761 = LINE('',#7762,#7763);
#7762 = CARTESIAN_POINT('',(19.387699127197,1.478209972382,
    -5.791379928589));
#7763 = VECTOR('',#7764,1.);
#7764 = DIRECTION('',(-0.379369585748,-0.25349423704,0.889842339517));
#7765 = PLANE('',#7766);
#7766 = AXIS2_PLACEMENT_3D('',#7767,#7768,#7769);
#7767 = CARTESIAN_POINT('',(19.096509744211,1.283628061025,
    -5.463524799041));
#7768 = DIRECTION('',(0.555618033857,-0.831437670515,2.239206241603E-05)
  );
#7769 = DIRECTION('',(-0.831437670724,-0.555618033996,
    -3.196731469857E-22));
#7770 = ADVANCED_FACE('',(#7771),#7781,.F.);
#7771 = FACE_BOUND('',#7772,.F.);
#7772 = EDGE_LOOP('',(#7773,#7779,#7780));
#7773 = ORIENTED_EDGE('',*,*,#7774,.F.);
#7774 = EDGE_CURVE('',#7037,#6346,#7775,.T.);
#7775 = LINE('',#7776,#7777);
#7776 = CARTESIAN_POINT('',(18.868600845337,1.131369948387,
    -5.888569831848));
#7777 = VECTOR('',#7778,1.);
#7778 = DIRECTION('',(0.128961979319,8.615186616854E-02,0.987900128477)
  );
#7779 = ORIENTED_EDGE('',*,*,#7067,.F.);
#7780 = ORIENTED_EDGE('',*,*,#7753,.F.);
#7781 = PLANE('',#7782);
#7782 = AXIS2_PLACEMENT_3D('',#7783,#7784,#7785);
#7783 = CARTESIAN_POINT('',(18.947168004521,1.183844950699,
    -5.401262214047));
#7784 = DIRECTION('',(0.555065267545,-0.831806793857,8.036442795202E-05)
  );
#7785 = DIRECTION('',(-0.831806796543,-0.555065269337,2.770624699724E-21
    ));
#7786 = ADVANCED_FACE('',(#7787),#7804,.F.);
#7787 = FACE_BOUND('',#7788,.F.);
#7788 = EDGE_LOOP('',(#7789,#7797,#7798));
#7789 = ORIENTED_EDGE('',*,*,#7790,.T.);
#7790 = EDGE_CURVE('',#7791,#6346,#7793,.T.);
#7791 = VERTEX_POINT('',#7792);
#7792 = CARTESIAN_POINT('',(19.387699127197,1.478209972382,
    -4.803410053253));
#7793 = LINE('',#7794,#7795);
#7794 = CARTESIAN_POINT('',(19.387699127197,1.478209972382,
    -4.803410053253));
#7795 = VECTOR('',#7796,1.);
#7796 = DIRECTION('',(-0.81989797251,-0.547854701061,-0.166200304452));
#7797 = ORIENTED_EDGE('',*,*,#7760,.F.);
#7798 = ORIENTED_EDGE('',*,*,#7799,.T.);
#7799 = EDGE_CURVE('',#7106,#7791,#7800,.T.);
#7800 = LINE('',#7801,#7802);
#7801 = CARTESIAN_POINT('',(19.387699127197,1.478209972382,
    -5.791379928589));
#7802 = VECTOR('',#7803,1.);
#7803 = DIRECTION('',(0.,0.,1.));
#7804 = PLANE('',#7805);
#7805 = AXIS2_PLACEMENT_3D('',#7806,#7807,#7808);
#7806 = CARTESIAN_POINT('',(19.270987630896,1.400223510577,
    -5.22697088571));
#7807 = DIRECTION('',(0.555581724263,-0.831461933984,-0.));
#7808 = DIRECTION('',(-0.831461933984,-0.555581724263,0.));
#7809 = ADVANCED_FACE('',(#7810),#7825,.F.);
#7810 = FACE_BOUND('',#7811,.F.);
#7811 = EDGE_LOOP('',(#7812,#7818,#7819));
#7812 = ORIENTED_EDGE('',*,*,#7813,.T.);
#7813 = EDGE_CURVE('',#7732,#7451,#7814,.T.);
#7814 = LINE('',#7815,#7816);
#7815 = CARTESIAN_POINT('',(21.131399154663,-1.131369948387,
    -4.908629894257));
#7816 = VECTOR('',#7817,1.);
#7817 = DIRECTION('',(-5.998058649962E-02,-4.002546927948E-02,
    -0.997396757089));
#7818 = ORIENTED_EDGE('',*,*,#7503,.F.);
#7819 = ORIENTED_EDGE('',*,*,#7820,.F.);
#7820 = EDGE_CURVE('',#7732,#7496,#7821,.T.);
#7821 = LINE('',#7822,#7823);
#7822 = CARTESIAN_POINT('',(21.131399154663,-1.131369948387,
    -4.908629894257));
#7823 = VECTOR('',#7824,1.);
#7824 = DIRECTION('',(-0.480109974562,-0.320789647965,-0.816448659797));
#7825 = PLANE('',#7826);
#7826 = AXIS2_PLACEMENT_3D('',#7827,#7828,#7829);
#7827 = CARTESIAN_POINT('',(20.951502078755,-1.251555056321,
    -5.471973541631));
#7828 = DIRECTION('',(-0.555614524448,0.831440014657,4.743175612994E-05)
  );
#7829 = DIRECTION('',(0.831440015592,0.555614525073,1.699293895567E-21)
  );
#7830 = ADVANCED_FACE('',(#7831),#7848,.F.);
#7831 = FACE_BOUND('',#7832,.F.);
#7832 = EDGE_LOOP('',(#7833,#7834,#7842));
#7833 = ORIENTED_EDGE('',*,*,#7820,.T.);
#7834 = ORIENTED_EDGE('',*,*,#7835,.F.);
#7835 = EDGE_CURVE('',#7836,#7496,#7838,.T.);
#7836 = VERTEX_POINT('',#7837);
#7837 = CARTESIAN_POINT('',(20.612300872803,-1.478209972382,
    -4.803410053253));
#7838 = LINE('',#7839,#7840);
#7839 = CARTESIAN_POINT('',(20.612300872803,-1.478209972382,
    -4.803410053253));
#7840 = VECTOR('',#7841,1.);
#7841 = DIRECTION('',(0.,0.,-1.));
#7842 = ORIENTED_EDGE('',*,*,#7843,.T.);
#7843 = EDGE_CURVE('',#7836,#7732,#7844,.T.);
#7844 = LINE('',#7845,#7846);
#7845 = CARTESIAN_POINT('',(20.612300872803,-1.478209972382,
    -4.803410053253));
#7846 = VECTOR('',#7847,1.);
#7847 = DIRECTION('',(0.819913933322,0.547832613292,-0.166194373427));
#7848 = PLANE('',#7849);
#7849 = AXIS2_PLACEMENT_3D('',#7850,#7851,#7852);
#7850 = CARTESIAN_POINT('',(20.776957634299,-1.368193127588,
    -5.215035917143));
#7851 = DIRECTION('',(-0.555558761782,0.831477277024,0.));
#7852 = DIRECTION('',(0.831477277024,0.555558761782,0.));
#7853 = ADVANCED_FACE('',(#7854),#7859,.F.);
#7854 = FACE_BOUND('',#7855,.F.);
#7855 = EDGE_LOOP('',(#7856,#7857,#7858));
#7856 = ORIENTED_EDGE('',*,*,#7813,.F.);
#7857 = ORIENTED_EDGE('',*,*,#7731,.F.);
#7858 = ORIENTED_EDGE('',*,*,#7458,.F.);
#7859 = PLANE('',#7860);
#7860 = AXIS2_PLACEMENT_3D('',#7861,#7862,#7863);
#7861 = CARTESIAN_POINT('',(21.116222900215,-1.141497170238,
    -5.414666300357));
#7862 = DIRECTION('',(-0.555068925838,0.831804356546,0.));
#7863 = DIRECTION('',(0.831804356546,0.555068925838,0.));
#7864 = ADVANCED_FACE('',(#7865),#7875,.F.);
#7865 = FACE_BOUND('',#7866,.F.);
#7866 = EDGE_LOOP('',(#7867,#7873,#7874));
#7867 = ORIENTED_EDGE('',*,*,#7868,.T.);
#7868 = EDGE_CURVE('',#6893,#6322,#7869,.T.);
#7869 = LINE('',#7870,#7871);
#7870 = CARTESIAN_POINT('',(18.868600845337,-1.131369948387,
    -5.888569831848));
#7871 = VECTOR('',#7872,1.);
#7872 = DIRECTION('',(0.128961979319,-8.615186616854E-02,0.987900128477)
  );
#7873 = ORIENTED_EDGE('',*,*,#6867,.F.);
#7874 = ORIENTED_EDGE('',*,*,#6900,.F.);
#7875 = PLANE('',#7876);
#7876 = AXIS2_PLACEMENT_3D('',#7877,#7878,#7879);
#7877 = CARTESIAN_POINT('',(18.947168004521,-1.183844950699,
    -5.401262214047));
#7878 = DIRECTION('',(0.555065267545,0.831806793857,8.036442795211E-05)
  );
#7879 = DIRECTION('',(0.831806796543,-0.555065269337,-5.152774503187E-21
    ));
#7880 = ADVANCED_FACE('',(#7881),#7898,.F.);
#7881 = FACE_BOUND('',#7882,.F.);
#7882 = EDGE_LOOP('',(#7883,#7891,#7892));
#7883 = ORIENTED_EDGE('',*,*,#7884,.T.);
#7884 = EDGE_CURVE('',#7885,#7319,#7887,.T.);
#7885 = VERTEX_POINT('',#7886);
#7886 = CARTESIAN_POINT('',(23.,1.932549953461,-4.665589809418));
#7887 = LINE('',#7888,#7889);
#7888 = CARTESIAN_POINT('',(23.,1.932549953461,-4.665589809418));
#7889 = VECTOR('',#7890,1.);
#7890 = DIRECTION('',(-0.912585213014,-0.391279404276,-0.11869564768));
#7891 = ORIENTED_EDGE('',*,*,#7662,.F.);
#7892 = ORIENTED_EDGE('',*,*,#7893,.F.);
#7893 = EDGE_CURVE('',#7885,#7640,#7894,.T.);
#7894 = LINE('',#7895,#7896);
#7895 = CARTESIAN_POINT('',(23.,1.932549953461,-4.665589809418));
#7896 = VECTOR('',#7897,1.);
#7897 = DIRECTION('',(-0.872881688634,-0.466922205317,-0.1416376074));
#7898 = PLANE('',#7899);
#7899 = AXIS2_PLACEMENT_3D('',#7900,#7901,#7902);
#7900 = CARTESIAN_POINT('',(22.05125691398,1.47696993099,-4.80378885876)
  );
#7901 = DIRECTION('',(-1.985892056162E-05,-0.290247499006,0.956951612636
    ));
#7902 = DIRECTION('',(-3.935646390127E-22,0.956951612825,0.290247499063)
  );
#7903 = ADVANCED_FACE('',(#7904),#7919,.F.);
#7904 = FACE_BOUND('',#7905,.F.);
#7905 = EDGE_LOOP('',(#7906,#7907,#7913));
#7906 = ORIENTED_EDGE('',*,*,#7893,.T.);
#7907 = ORIENTED_EDGE('',*,*,#7908,.T.);
#7908 = EDGE_CURVE('',#7640,#6724,#7909,.T.);
#7909 = LINE('',#7910,#7911);
#7910 = CARTESIAN_POINT('',(21.229000091553,0.985206007957,
    -4.952960014343));
#7911 = VECTOR('',#7912,1.);
#7912 = DIRECTION('',(1.,0.,0.));
#7913 = ORIENTED_EDGE('',*,*,#7914,.T.);
#7914 = EDGE_CURVE('',#6724,#7885,#7915,.T.);
#7915 = LINE('',#7916,#7917);
#7916 = CARTESIAN_POINT('',(23.,0.985206007957,-4.952960014343));
#7917 = VECTOR('',#7918,1.);
#7918 = DIRECTION('',(0.,0.956941300758,0.290281495972));
#7919 = PLANE('',#7920);
#7920 = AXIS2_PLACEMENT_3D('',#7921,#7922,#7923);
#7921 = CARTESIAN_POINT('',(22.297514787216,1.283743615978,
    -4.86240070481));
#7922 = DIRECTION('',(0.,-0.290281495972,0.956941300758));
#7923 = DIRECTION('',(0.,0.956941300758,0.290281495972));
#7924 = ADVANCED_FACE('',(#7925),#7935,.F.);
#7925 = FACE_BOUND('',#7926,.F.);
#7926 = EDGE_LOOP('',(#7927,#7933,#7934));
#7927 = ORIENTED_EDGE('',*,*,#7928,.T.);
#7928 = EDGE_CURVE('',#7885,#7327,#7929,.T.);
#7929 = LINE('',#7930,#7931);
#7930 = CARTESIAN_POINT('',(23.,1.932549953461,-4.665589809418));
#7931 = VECTOR('',#7932,1.);
#7932 = DIRECTION('',(-0.98079781682,-0.186629737583,-5.661257430962E-02
    ));
#7933 = ORIENTED_EDGE('',*,*,#7326,.F.);
#7934 = ORIENTED_EDGE('',*,*,#7884,.F.);
#7935 = PLANE('',#7936);
#7936 = AXIS2_PLACEMENT_3D('',#7937,#7938,#7939);
#7937 = CARTESIAN_POINT('',(21.794407376568,1.58637816809,
    -4.770600442464));
#7938 = DIRECTION('',(3.601016617946E-06,-0.290297604394,0.956936414225)
  );
#7939 = DIRECTION('',(-3.128363072771E-23,0.956936414231,0.290297604396)
  );
#7940 = ADVANCED_FACE('',(#7941),#7958,.F.);
#7941 = FACE_BOUND('',#7942,.F.);
#7942 = EDGE_LOOP('',(#7943,#7951,#7957));
#7943 = ORIENTED_EDGE('',*,*,#7944,.T.);
#7944 = EDGE_CURVE('',#7885,#7945,#7947,.T.);
#7945 = VERTEX_POINT('',#7946);
#7946 = CARTESIAN_POINT('',(20.,1.600000023842,-4.766469955444));
#7947 = LINE('',#7948,#7949);
#7948 = CARTESIAN_POINT('',(23.,1.932549953461,-4.665589809418));
#7949 = VECTOR('',#7950,1.);
#7950 = DIRECTION('',(-0.99335753788,-0.110113659769,-3.340335115933E-02
    ));
#7951 = ORIENTED_EDGE('',*,*,#7952,.F.);
#7952 = EDGE_CURVE('',#7327,#7945,#7953,.T.);
#7953 = LINE('',#7954,#7955);
#7954 = CARTESIAN_POINT('',(20.612300872803,1.478209972382,
    -4.803410053253));
#7955 = VECTOR('',#7956,1.);
#7956 = DIRECTION('',(-0.979074093583,0.194743286409,5.906751792382E-02)
  );
#7957 = ORIENTED_EDGE('',*,*,#7928,.F.);
#7958 = PLANE('',#7959);
#7959 = AXIS2_PLACEMENT_3D('',#7960,#7961,#7962);
#7960 = CARTESIAN_POINT('',(21.499784180365,1.718524987291,
    -4.730513666585));
#7961 = DIRECTION('',(-2.978941344801E-06,-0.290265938447,0.956946019882
    ));
#7962 = DIRECTION('',(1.415398279694E-22,0.956946019887,0.290265938448)
  );
#7963 = ADVANCED_FACE('',(#7964),#7979,.F.);
#7964 = FACE_BOUND('',#7965,.F.);
#7965 = EDGE_LOOP('',(#7966,#7972,#7973));
#7966 = ORIENTED_EDGE('',*,*,#7967,.T.);
#7967 = EDGE_CURVE('',#6354,#7945,#7968,.T.);
#7968 = LINE('',#7969,#7970);
#7969 = CARTESIAN_POINT('',(19.,1.932549953461,-4.665589809418));
#7970 = VECTOR('',#7971,1.);
#7971 = DIRECTION('',(0.944588112921,-0.314122710471,-9.529018676652E-02
    ));
#7972 = ORIENTED_EDGE('',*,*,#7944,.F.);
#7973 = ORIENTED_EDGE('',*,*,#7974,.F.);
#7974 = EDGE_CURVE('',#6354,#7885,#7975,.T.);
#7975 = LINE('',#7976,#7977);
#7976 = CARTESIAN_POINT('',(19.,1.932549953461,-4.665589809418));
#7977 = VECTOR('',#7978,1.);
#7978 = DIRECTION('',(1.,0.,0.));
#7979 = PLANE('',#7980);
#7980 = AXIS2_PLACEMENT_3D('',#7981,#7982,#7983);
#7981 = CARTESIAN_POINT('',(20.990349538063,1.848602337786,
    -4.691055602592));
#7982 = DIRECTION('',(0.,-0.290290547572,0.956938554971));
#7983 = DIRECTION('',(0.,0.956938554971,0.290290547572));
#7984 = ADVANCED_FACE('',(#7985),#8000,.F.);
#7985 = FACE_BOUND('',#7986,.F.);
#7986 = EDGE_LOOP('',(#7987,#7993,#7999));
#7987 = ORIENTED_EDGE('',*,*,#7988,.T.);
#7988 = EDGE_CURVE('',#6354,#7791,#7989,.T.);
#7989 = LINE('',#7990,#7991);
#7990 = CARTESIAN_POINT('',(19.,1.932549953461,-4.665589809418));
#7991 = VECTOR('',#7992,1.);
#7992 = DIRECTION('',(0.632494819919,-0.741213132441,-0.224840821634));
#7993 = ORIENTED_EDGE('',*,*,#7994,.F.);
#7994 = EDGE_CURVE('',#7945,#7791,#7995,.T.);
#7995 = LINE('',#7996,#7997);
#7996 = CARTESIAN_POINT('',(20.,1.600000023842,-4.766469955444));
#7997 = VECTOR('',#7998,1.);
#7998 = DIRECTION('',(-0.979074093583,-0.194743286409,
    -5.906751792382E-02));
#7999 = ORIENTED_EDGE('',*,*,#7967,.F.);
#8000 = PLANE('',#8001);
#8001 = AXIS2_PLACEMENT_3D('',#8002,#8003,#8004);
#8002 = CARTESIAN_POINT('',(19.471080197737,1.688175469677,
    -4.739720199956));
#8003 = DIRECTION('',(5.208755560698E-06,-0.290276204363,0.956942905901)
  );
#8004 = DIRECTION('',(-1.221839962666E-22,0.956942905914,0.290276204367)
  );
#8005 = ADVANCED_FACE('',(#8006),#8011,.F.);
#8006 = FACE_BOUND('',#8007,.F.);
#8007 = EDGE_LOOP('',(#8008,#8009,#8010));
#8008 = ORIENTED_EDGE('',*,*,#7988,.F.);
#8009 = ORIENTED_EDGE('',*,*,#6353,.T.);
#8010 = ORIENTED_EDGE('',*,*,#7790,.F.);
#8011 = PLANE('',#8012);
#8012 = AXIS2_PLACEMENT_3D('',#8013,#8014,#8015);
#8013 = CARTESIAN_POINT('',(19.11493697031,1.560548282333,
    -4.778435482145));
#8014 = DIRECTION('',(-9.774783142533E-06,-0.29028791279,0.956939354187)
  );
#8015 = DIRECTION('',(1.15308178626E-22,0.956939354233,0.290287912804));
#8016 = ADVANCED_FACE('',(#8017),#8022,.F.);
#8017 = FACE_BOUND('',#8018,.F.);
#8018 = EDGE_LOOP('',(#8019,#8020,#8021));
#8019 = ORIENTED_EDGE('',*,*,#6731,.F.);
#8020 = ORIENTED_EDGE('',*,*,#7908,.F.);
#8021 = ORIENTED_EDGE('',*,*,#7639,.F.);
#8022 = PLANE('',#8023);
#8023 = AXIS2_PLACEMENT_3D('',#8024,#8025,#8026);
#8024 = CARTESIAN_POINT('',(22.075660068535,0.885917120099,
    -4.96273940583));
#8025 = DIRECTION('',(0.,-9.802001497593E-02,0.99518444354));
#8026 = DIRECTION('',(0.,0.99518444354,9.802001497593E-02));
#8027 = ADVANCED_FACE('',(#8028),#8045,.F.);
#8028 = FACE_BOUND('',#8029,.F.);
#8029 = EDGE_LOOP('',(#8030,#8038,#8044));
#8030 = ORIENTED_EDGE('',*,*,#8031,.T.);
#8031 = EDGE_CURVE('',#6816,#8032,#8034,.T.);
#8032 = VERTEX_POINT('',#8033);
#8033 = CARTESIAN_POINT('',(23.,-1.932549953461,-4.665589809418));
#8034 = LINE('',#8035,#8036);
#8035 = CARTESIAN_POINT('',(21.229000091553,-0.985206007957,
    -4.952960014343));
#8036 = VECTOR('',#8037,1.);
#8037 = DIRECTION('',(0.872881688634,-0.466922205317,0.1416376074));
#8038 = ORIENTED_EDGE('',*,*,#8039,.T.);
#8039 = EDGE_CURVE('',#8032,#6793,#8040,.T.);
#8040 = LINE('',#8041,#8042);
#8041 = CARTESIAN_POINT('',(23.,-1.932549953461,-4.665589809418));
#8042 = VECTOR('',#8043,1.);
#8043 = DIRECTION('',(0.,0.956941300758,-0.290281495972));
#8044 = ORIENTED_EDGE('',*,*,#6823,.F.);
#8045 = PLANE('',#8046);
#8046 = AXIS2_PLACEMENT_3D('',#8047,#8048,#8049);
#8047 = CARTESIAN_POINT('',(22.297514787216,-1.283743615978,
    -4.86240070481));
#8048 = DIRECTION('',(0.,0.290281495972,0.956941300758));
#8049 = DIRECTION('',(0.,0.956941300758,-0.290281495972));
#8050 = ADVANCED_FACE('',(#8051),#8061,.F.);
#8051 = FACE_BOUND('',#8052,.F.);
#8052 = EDGE_LOOP('',(#8053,#8059,#8060));
#8053 = ORIENTED_EDGE('',*,*,#8054,.T.);
#8054 = EDGE_CURVE('',#7732,#8032,#8055,.T.);
#8055 = LINE('',#8056,#8057);
#8056 = CARTESIAN_POINT('',(21.131399154663,-1.131369948387,
    -4.908629894257));
#8057 = VECTOR('',#8058,1.);
#8058 = DIRECTION('',(0.912585213014,-0.391279404276,0.11869564768));
#8059 = ORIENTED_EDGE('',*,*,#8031,.F.);
#8060 = ORIENTED_EDGE('',*,*,#7739,.F.);
#8061 = PLANE('',#8062);
#8062 = AXIS2_PLACEMENT_3D('',#8063,#8064,#8065);
#8063 = CARTESIAN_POINT('',(22.05125691398,-1.47696993099,-4.80378885876
    ));
#8064 = DIRECTION('',(-1.98589205623E-05,0.290247499006,0.956951612636)
  );
#8065 = DIRECTION('',(-1.740247302798E-22,0.956951612825,-0.290247499063
    ));
#8066 = ADVANCED_FACE('',(#8067),#8077,.F.);
#8067 = FACE_BOUND('',#8068,.F.);
#8068 = EDGE_LOOP('',(#8069,#8075,#8076));
#8069 = ORIENTED_EDGE('',*,*,#8070,.T.);
#8070 = EDGE_CURVE('',#7836,#8032,#8071,.T.);
#8071 = LINE('',#8072,#8073);
#8072 = CARTESIAN_POINT('',(20.612300872803,-1.478209972382,
    -4.803410053253));
#8073 = VECTOR('',#8074,1.);
#8074 = DIRECTION('',(0.98079781682,-0.186629737583,5.661257430962E-02)
  );
#8075 = ORIENTED_EDGE('',*,*,#8054,.F.);
#8076 = ORIENTED_EDGE('',*,*,#7843,.F.);
#8077 = PLANE('',#8078);
#8078 = AXIS2_PLACEMENT_3D('',#8079,#8080,#8081);
#8079 = CARTESIAN_POINT('',(21.794407376568,-1.58637816809,
    -4.770600442464));
#8080 = DIRECTION('',(3.601016617871E-06,0.290297604394,0.956936414225)
  );
#8081 = DIRECTION('',(-4.501276688897E-23,0.956936414231,-0.290297604396
    ));
#8082 = ADVANCED_FACE('',(#8083),#8100,.F.);
#8083 = FACE_BOUND('',#8084,.F.);
#8084 = EDGE_LOOP('',(#8085,#8093,#8094));
#8085 = ORIENTED_EDGE('',*,*,#8086,.T.);
#8086 = EDGE_CURVE('',#8087,#8032,#8089,.T.);
#8087 = VERTEX_POINT('',#8088);
#8088 = CARTESIAN_POINT('',(20.,-1.600000023842,-4.766469955444));
#8089 = LINE('',#8090,#8091);
#8090 = CARTESIAN_POINT('',(20.,-1.600000023842,-4.766469955444));
#8091 = VECTOR('',#8092,1.);
#8092 = DIRECTION('',(0.99335753788,-0.110113659769,3.340335115933E-02)
  );
#8093 = ORIENTED_EDGE('',*,*,#8070,.F.);
#8094 = ORIENTED_EDGE('',*,*,#8095,.F.);
#8095 = EDGE_CURVE('',#8087,#7836,#8096,.T.);
#8096 = LINE('',#8097,#8098);
#8097 = CARTESIAN_POINT('',(20.,-1.600000023842,-4.766469955444));
#8098 = VECTOR('',#8099,1.);
#8099 = DIRECTION('',(0.979074093583,0.194743286409,-5.906751792382E-02)
  );
#8100 = PLANE('',#8101);
#8101 = AXIS2_PLACEMENT_3D('',#8102,#8103,#8104);
#8102 = CARTESIAN_POINT('',(21.499784180365,-1.718524987291,
    -4.730513666585));
#8103 = DIRECTION('',(-2.978941344862E-06,0.290265938447,0.956946019882)
  );
#8104 = DIRECTION('',(-1.544354290002E-22,0.956946019887,-0.290265938448
    ));
#8105 = ADVANCED_FACE('',(#8106),#8121,.F.);
#8106 = FACE_BOUND('',#8107,.F.);
#8107 = EDGE_LOOP('',(#8108,#8114,#8120));
#8108 = ORIENTED_EDGE('',*,*,#8109,.T.);
#8109 = EDGE_CURVE('',#8087,#6314,#8110,.T.);
#8110 = LINE('',#8111,#8112);
#8111 = CARTESIAN_POINT('',(20.,-1.600000023842,-4.766469955444));
#8112 = VECTOR('',#8113,1.);
#8113 = DIRECTION('',(-0.944588112921,-0.314122710471,9.529018676652E-02
    ));
#8114 = ORIENTED_EDGE('',*,*,#8115,.T.);
#8115 = EDGE_CURVE('',#6314,#8032,#8116,.T.);
#8116 = LINE('',#8117,#8118);
#8117 = CARTESIAN_POINT('',(19.,-1.932549953461,-4.665589809418));
#8118 = VECTOR('',#8119,1.);
#8119 = DIRECTION('',(1.,0.,0.));
#8120 = ORIENTED_EDGE('',*,*,#8086,.F.);
#8121 = PLANE('',#8122);
#8122 = AXIS2_PLACEMENT_3D('',#8123,#8124,#8125);
#8123 = CARTESIAN_POINT('',(20.990349538063,-1.848602337786,
    -4.691055602592));
#8124 = DIRECTION('',(0.,0.290290547572,0.956938554971));
#8125 = DIRECTION('',(0.,0.956938554971,-0.290290547572));
#8126 = ADVANCED_FACE('',(#8127),#8142,.F.);
#8127 = FACE_BOUND('',#8128,.F.);
#8128 = EDGE_LOOP('',(#8129,#8135,#8136));
#8129 = ORIENTED_EDGE('',*,*,#8130,.T.);
#8130 = EDGE_CURVE('',#6840,#6314,#8131,.T.);
#8131 = LINE('',#8132,#8133);
#8132 = CARTESIAN_POINT('',(19.387699127197,-1.478209972382,
    -4.803410053253));
#8133 = VECTOR('',#8134,1.);
#8134 = DIRECTION('',(-0.632494819919,-0.741213132441,0.224840821634));
#8135 = ORIENTED_EDGE('',*,*,#8109,.F.);
#8136 = ORIENTED_EDGE('',*,*,#8137,.F.);
#8137 = EDGE_CURVE('',#6840,#8087,#8138,.T.);
#8138 = LINE('',#8139,#8140);
#8139 = CARTESIAN_POINT('',(19.387699127197,-1.478209972382,
    -4.803410053253));
#8140 = VECTOR('',#8141,1.);
#8141 = DIRECTION('',(0.979074093583,-0.194743286409,5.906751792382E-02)
  );
#8142 = PLANE('',#8143);
#8143 = AXIS2_PLACEMENT_3D('',#8144,#8145,#8146);
#8144 = CARTESIAN_POINT('',(19.471080197737,-1.688175469677,
    -4.739720199956));
#8145 = DIRECTION('',(5.208755560737E-06,0.290276204363,0.956942905901)
  );
#8146 = DIRECTION('',(3.8387351655E-23,0.956942905914,-0.290276204367));
#8147 = ADVANCED_FACE('',(#8148),#8153,.F.);
#8148 = FACE_BOUND('',#8149,.F.);
#8149 = EDGE_LOOP('',(#8150,#8151,#8152));
#8150 = ORIENTED_EDGE('',*,*,#8130,.F.);
#8151 = ORIENTED_EDGE('',*,*,#6853,.F.);
#8152 = ORIENTED_EDGE('',*,*,#6321,.T.);
#8153 = PLANE('',#8154);
#8154 = AXIS2_PLACEMENT_3D('',#8155,#8156,#8157);
#8155 = CARTESIAN_POINT('',(19.11493697031,-1.560548282333,
    -4.778435482145));
#8156 = DIRECTION('',(-9.774783142499E-06,0.29028791279,0.956939354187)
  );
#8157 = DIRECTION('',(-1.316654307858E-22,0.956939354233,-0.290287912804
    ));
#8158 = ADVANCED_FACE('',(#8159),#8184,.F.);
#8159 = FACE_BOUND('',#8160,.F.);
#8160 = EDGE_LOOP('',(#8161,#8171,#8177,#8178));
#8161 = ORIENTED_EDGE('',*,*,#8162,.T.);
#8162 = EDGE_CURVE('',#8163,#8165,#8167,.T.);
#8163 = VERTEX_POINT('',#8164);
#8164 = CARTESIAN_POINT('',(23.,3.570889949799,3.570889949799));
#8165 = VERTEX_POINT('',#8166);
#8166 = CARTESIAN_POINT('',(23.,2.805629968643,4.198919773102));
#8167 = LINE('',#8168,#8169);
#8168 = CARTESIAN_POINT('',(23.,3.570889949799,3.570889949799));
#8169 = VECTOR('',#8170,1.);
#8170 = DIRECTION('',(0.,-0.773011846661,0.634391586421));
#8171 = ORIENTED_EDGE('',*,*,#8172,.T.);
#8172 = EDGE_CURVE('',#8165,#6193,#8173,.T.);
#8173 = LINE('',#8174,#8175);
#8174 = CARTESIAN_POINT('',(23.,2.805629968643,4.198919773102));
#8175 = VECTOR('',#8176,1.);
#8176 = DIRECTION('',(-1.,0.,0.));
#8177 = ORIENTED_EDGE('',*,*,#6441,.T.);
#8178 = ORIENTED_EDGE('',*,*,#8179,.T.);
#8179 = EDGE_CURVE('',#6434,#8163,#8180,.T.);
#8180 = LINE('',#8181,#8182);
#8181 = CARTESIAN_POINT('',(19.,3.570889949799,3.570889949799));
#8182 = VECTOR('',#8183,1.);
#8183 = DIRECTION('',(1.,0.,0.));
#8184 = PLANE('',#8185);
#8185 = AXIS2_PLACEMENT_3D('',#8186,#8187,#8188);
#8186 = CARTESIAN_POINT('',(21.,3.188259959221,3.88490486145));
#8187 = DIRECTION('',(-0.,-0.634391586421,-0.773011846661));
#8188 = DIRECTION('',(0.,-0.773011846661,0.634391586421));
#8189 = ADVANCED_FACE('',(#8190),#8215,.F.);
#8190 = FACE_BOUND('',#8191,.F.);
#8191 = EDGE_LOOP('',(#8192,#8200,#8201,#8209));
#8192 = ORIENTED_EDGE('',*,*,#8193,.T.);
#8193 = EDGE_CURVE('',#8194,#6426,#8196,.T.);
#8194 = VERTEX_POINT('',#8195);
#8195 = CARTESIAN_POINT('',(23.,4.198919773102,2.805629968643));
#8196 = LINE('',#8197,#8198);
#8197 = CARTESIAN_POINT('',(23.,4.198919773102,2.805629968643));
#8198 = VECTOR('',#8199,1.);
#8199 = DIRECTION('',(-1.,0.,0.));
#8200 = ORIENTED_EDGE('',*,*,#6425,.T.);
#8201 = ORIENTED_EDGE('',*,*,#8202,.T.);
#8202 = EDGE_CURVE('',#6418,#8203,#8205,.T.);
#8203 = VERTEX_POINT('',#8204);
#8204 = CARTESIAN_POINT('',(23.,4.665589809418,1.932549953461));
#8205 = LINE('',#8206,#8207);
#8206 = CARTESIAN_POINT('',(19.,4.665589809418,1.932549953461));
#8207 = VECTOR('',#8208,1.);
#8208 = DIRECTION('',(1.,0.,0.));
#8209 = ORIENTED_EDGE('',*,*,#8210,.T.);
#8210 = EDGE_CURVE('',#8203,#8194,#8211,.T.);
#8211 = LINE('',#8212,#8213);
#8212 = CARTESIAN_POINT('',(23.,4.665589809418,1.932549953461));
#8213 = VECTOR('',#8214,1.);
#8214 = DIRECTION('',(0.,-0.47139598701,0.881921665133));
#8215 = PLANE('',#8216);
#8216 = AXIS2_PLACEMENT_3D('',#8217,#8218,#8219);
#8217 = CARTESIAN_POINT('',(21.,4.43225479126,2.369089961052));
#8218 = DIRECTION('',(-0.,-0.881921665133,-0.47139598701));
#8219 = DIRECTION('',(0.,0.47139598701,-0.881921665133));
#8220 = ADVANCED_FACE('',(#8221),#8239,.F.);
#8221 = FACE_BOUND('',#8222,.F.);
#8222 = EDGE_LOOP('',(#8223,#8224,#8225,#8233));
#8223 = ORIENTED_EDGE('',*,*,#8202,.F.);
#8224 = ORIENTED_EDGE('',*,*,#6417,.T.);
#8225 = ORIENTED_EDGE('',*,*,#8226,.F.);
#8226 = EDGE_CURVE('',#8227,#6410,#8229,.T.);
#8227 = VERTEX_POINT('',#8228);
#8228 = CARTESIAN_POINT('',(23.,4.952960014343,0.985206007957));
#8229 = LINE('',#8230,#8231);
#8230 = CARTESIAN_POINT('',(23.,4.952960014343,0.985206007957));
#8231 = VECTOR('',#8232,1.);
#8232 = DIRECTION('',(-1.,0.,0.));
#8233 = ORIENTED_EDGE('',*,*,#8234,.T.);
#8234 = EDGE_CURVE('',#8227,#8203,#8235,.T.);
#8235 = LINE('',#8236,#8237);
#8236 = CARTESIAN_POINT('',(23.,4.952960014343,0.985206007957));
#8237 = VECTOR('',#8238,1.);
#8238 = DIRECTION('',(0.,-0.290281495972,0.956941300758));
#8239 = PLANE('',#8240);
#8240 = AXIS2_PLACEMENT_3D('',#8241,#8242,#8243);
#8241 = CARTESIAN_POINT('',(21.,4.80927491188,1.458877980709));
#8242 = DIRECTION('',(-0.,-0.956941300758,-0.290281495972));
#8243 = DIRECTION('',(0.,0.290281495972,-0.956941300758));
#8244 = ADVANCED_FACE('',(#8245),#8263,.F.);
#8245 = FACE_BOUND('',#8246,.F.);
#8246 = EDGE_LOOP('',(#8247,#8248,#8249,#8257));
#8247 = ORIENTED_EDGE('',*,*,#8226,.T.);
#8248 = ORIENTED_EDGE('',*,*,#6409,.T.);
#8249 = ORIENTED_EDGE('',*,*,#8250,.T.);
#8250 = EDGE_CURVE('',#6402,#8251,#8253,.T.);
#8251 = VERTEX_POINT('',#8252);
#8252 = CARTESIAN_POINT('',(23.,5.050000190735,0.));
#8253 = LINE('',#8254,#8255);
#8254 = CARTESIAN_POINT('',(19.,5.050000190735,0.));
#8255 = VECTOR('',#8256,1.);
#8256 = DIRECTION('',(1.,0.,0.));
#8257 = ORIENTED_EDGE('',*,*,#8258,.T.);
#8258 = EDGE_CURVE('',#8251,#8227,#8259,.T.);
#8259 = LINE('',#8260,#8261);
#8260 = CARTESIAN_POINT('',(23.,5.050000190735,0.));
#8261 = VECTOR('',#8262,1.);
#8262 = DIRECTION('',(0.,-9.802299687793E-02,0.995184149835));
#8263 = PLANE('',#8264);
#8264 = AXIS2_PLACEMENT_3D('',#8265,#8266,#8267);
#8265 = CARTESIAN_POINT('',(21.,5.001480102539,0.492603003979));
#8266 = DIRECTION('',(-0.,-0.995184149835,-9.802299687793E-02));
#8267 = DIRECTION('',(0.,9.802299687793E-02,-0.995184149835));
#8268 = ADVANCED_FACE('',(#8269),#8287,.F.);
#8269 = FACE_BOUND('',#8270,.F.);
#8270 = EDGE_LOOP('',(#8271,#8272,#8273,#8281));
#8271 = ORIENTED_EDGE('',*,*,#8250,.F.);
#8272 = ORIENTED_EDGE('',*,*,#6401,.T.);
#8273 = ORIENTED_EDGE('',*,*,#8274,.T.);
#8274 = EDGE_CURVE('',#6394,#8275,#8277,.T.);
#8275 = VERTEX_POINT('',#8276);
#8276 = CARTESIAN_POINT('',(23.,4.952960014343,-0.985206007957));
#8277 = LINE('',#8278,#8279);
#8278 = CARTESIAN_POINT('',(19.,4.952960014343,-0.985206007957));
#8279 = VECTOR('',#8280,1.);
#8280 = DIRECTION('',(1.,0.,0.));
#8281 = ORIENTED_EDGE('',*,*,#8282,.T.);
#8282 = EDGE_CURVE('',#8275,#8251,#8283,.T.);
#8283 = LINE('',#8284,#8285);
#8284 = CARTESIAN_POINT('',(23.,4.952960014343,-0.985206007957));
#8285 = VECTOR('',#8286,1.);
#8286 = DIRECTION('',(0.,9.802299687793E-02,0.995184149835));
#8287 = PLANE('',#8288);
#8288 = AXIS2_PLACEMENT_3D('',#8289,#8290,#8291);
#8289 = CARTESIAN_POINT('',(21.,5.001480102539,-0.492603003979));
#8290 = DIRECTION('',(-0.,-0.995184149835,9.802299687793E-02));
#8291 = DIRECTION('',(0.,-9.802299687793E-02,-0.995184149835));
#8292 = ADVANCED_FACE('',(#8293),#8318,.F.);
#8293 = FACE_BOUND('',#8294,.F.);
#8294 = EDGE_LOOP('',(#8295,#8303,#8304,#8312));
#8295 = ORIENTED_EDGE('',*,*,#8296,.T.);
#8296 = EDGE_CURVE('',#8297,#6386,#8299,.T.);
#8297 = VERTEX_POINT('',#8298);
#8298 = CARTESIAN_POINT('',(23.,4.665589809418,-1.932549953461));
#8299 = LINE('',#8300,#8301);
#8300 = CARTESIAN_POINT('',(23.,4.665589809418,-1.932549953461));
#8301 = VECTOR('',#8302,1.);
#8302 = DIRECTION('',(-1.,0.,0.));
#8303 = ORIENTED_EDGE('',*,*,#6385,.T.);
#8304 = ORIENTED_EDGE('',*,*,#8305,.T.);
#8305 = EDGE_CURVE('',#6378,#8306,#8308,.T.);
#8306 = VERTEX_POINT('',#8307);
#8307 = CARTESIAN_POINT('',(23.,4.198919773102,-2.805629968643));
#8308 = LINE('',#8309,#8310);
#8309 = CARTESIAN_POINT('',(19.,4.198919773102,-2.805629968643));
#8310 = VECTOR('',#8311,1.);
#8311 = DIRECTION('',(1.,0.,0.));
#8312 = ORIENTED_EDGE('',*,*,#8313,.T.);
#8313 = EDGE_CURVE('',#8306,#8297,#8314,.T.);
#8314 = LINE('',#8315,#8316);
#8315 = CARTESIAN_POINT('',(23.,4.198919773102,-2.805629968643));
#8316 = VECTOR('',#8317,1.);
#8317 = DIRECTION('',(0.,0.47139598701,0.881921665133));
#8318 = PLANE('',#8319);
#8319 = AXIS2_PLACEMENT_3D('',#8320,#8321,#8322);
#8320 = CARTESIAN_POINT('',(21.,4.43225479126,-2.369089961052));
#8321 = DIRECTION('',(-0.,-0.881921665133,0.47139598701));
#8322 = DIRECTION('',(0.,-0.47139598701,-0.881921665133));
#8323 = ADVANCED_FACE('',(#8324),#8342,.F.);
#8324 = FACE_BOUND('',#8325,.F.);
#8325 = EDGE_LOOP('',(#8326,#8327,#8328,#8336));
#8326 = ORIENTED_EDGE('',*,*,#8305,.F.);
#8327 = ORIENTED_EDGE('',*,*,#6377,.T.);
#8328 = ORIENTED_EDGE('',*,*,#8329,.T.);
#8329 = EDGE_CURVE('',#6370,#8330,#8332,.T.);
#8330 = VERTEX_POINT('',#8331);
#8331 = CARTESIAN_POINT('',(23.,3.570889949799,-3.570889949799));
#8332 = LINE('',#8333,#8334);
#8333 = CARTESIAN_POINT('',(19.,3.570889949799,-3.570889949799));
#8334 = VECTOR('',#8335,1.);
#8335 = DIRECTION('',(1.,0.,0.));
#8336 = ORIENTED_EDGE('',*,*,#8337,.T.);
#8337 = EDGE_CURVE('',#8330,#8306,#8338,.T.);
#8338 = LINE('',#8339,#8340);
#8339 = CARTESIAN_POINT('',(23.,3.570889949799,-3.570889949799));
#8340 = VECTOR('',#8341,1.);
#8341 = DIRECTION('',(0.,0.634391586421,0.773011846661));
#8342 = PLANE('',#8343);
#8343 = AXIS2_PLACEMENT_3D('',#8344,#8345,#8346);
#8344 = CARTESIAN_POINT('',(21.,3.88490486145,-3.188259959221));
#8345 = DIRECTION('',(-0.,-0.773011846661,0.634391586421));
#8346 = DIRECTION('',(0.,-0.634391586421,-0.773011846661));
#8347 = ADVANCED_FACE('',(#8348),#8366,.F.);
#8348 = FACE_BOUND('',#8349,.F.);
#8349 = EDGE_LOOP('',(#8350,#8358,#8359,#8360));
#8350 = ORIENTED_EDGE('',*,*,#8351,.T.);
#8351 = EDGE_CURVE('',#8352,#8330,#8354,.T.);
#8352 = VERTEX_POINT('',#8353);
#8353 = CARTESIAN_POINT('',(23.,2.805629968643,-4.198919773102));
#8354 = LINE('',#8355,#8356);
#8355 = CARTESIAN_POINT('',(23.,2.805629968643,-4.198919773102));
#8356 = VECTOR('',#8357,1.);
#8357 = DIRECTION('',(0.,0.773011846661,0.634391586421));
#8358 = ORIENTED_EDGE('',*,*,#8329,.F.);
#8359 = ORIENTED_EDGE('',*,*,#6369,.T.);
#8360 = ORIENTED_EDGE('',*,*,#8361,.F.);
#8361 = EDGE_CURVE('',#8352,#6362,#8362,.T.);
#8362 = LINE('',#8363,#8364);
#8363 = CARTESIAN_POINT('',(23.,2.805629968643,-4.198919773102));
#8364 = VECTOR('',#8365,1.);
#8365 = DIRECTION('',(-1.,0.,0.));
#8366 = PLANE('',#8367);
#8367 = AXIS2_PLACEMENT_3D('',#8368,#8369,#8370);
#8368 = CARTESIAN_POINT('',(21.,3.188259959221,-3.88490486145));
#8369 = DIRECTION('',(0.,-0.634391586421,0.773011846661));
#8370 = DIRECTION('',(0.,0.773011846661,0.634391586421));
#8371 = ADVANCED_FACE('',(#8372),#8397,.F.);
#8372 = FACE_BOUND('',#8373,.F.);
#8373 = EDGE_LOOP('',(#8374,#8384,#8390,#8391));
#8374 = ORIENTED_EDGE('',*,*,#8375,.T.);
#8375 = EDGE_CURVE('',#8376,#8378,#8380,.T.);
#8376 = VERTEX_POINT('',#8377);
#8377 = CARTESIAN_POINT('',(23.,-2.805629968643,4.198919773102));
#8378 = VERTEX_POINT('',#8379);
#8379 = CARTESIAN_POINT('',(23.,-3.570889949799,3.570889949799));
#8380 = LINE('',#8381,#8382);
#8381 = CARTESIAN_POINT('',(23.,-2.805629968643,4.198919773102));
#8382 = VECTOR('',#8383,1.);
#8383 = DIRECTION('',(0.,-0.773011846661,-0.634391586421));
#8384 = ORIENTED_EDGE('',*,*,#8385,.F.);
#8385 = EDGE_CURVE('',#6243,#8378,#8386,.T.);
#8386 = LINE('',#8387,#8388);
#8387 = CARTESIAN_POINT('',(19.,-3.570889949799,3.570889949799));
#8388 = VECTOR('',#8389,1.);
#8389 = DIRECTION('',(1.,0.,0.));
#8390 = ORIENTED_EDGE('',*,*,#6242,.T.);
#8391 = ORIENTED_EDGE('',*,*,#8392,.T.);
#8392 = EDGE_CURVE('',#6235,#8376,#8393,.T.);
#8393 = LINE('',#8394,#8395);
#8394 = CARTESIAN_POINT('',(19.,-2.805629968643,4.198919773102));
#8395 = VECTOR('',#8396,1.);
#8396 = DIRECTION('',(1.,0.,0.));
#8397 = PLANE('',#8398);
#8398 = AXIS2_PLACEMENT_3D('',#8399,#8400,#8401);
#8399 = CARTESIAN_POINT('',(21.,-3.188259959221,3.88490486145));
#8400 = DIRECTION('',(-0.,0.634391586421,-0.773011846661));
#8401 = DIRECTION('',(0.,-0.773011846661,-0.634391586421));
#8402 = ADVANCED_FACE('',(#8403),#8428,.F.);
#8403 = FACE_BOUND('',#8404,.F.);
#8404 = EDGE_LOOP('',(#8405,#8413,#8421,#8427));
#8405 = ORIENTED_EDGE('',*,*,#8406,.F.);
#8406 = EDGE_CURVE('',#8407,#6251,#8409,.T.);
#8407 = VERTEX_POINT('',#8408);
#8408 = CARTESIAN_POINT('',(23.,-4.198919773102,2.805629968643));
#8409 = LINE('',#8410,#8411);
#8410 = CARTESIAN_POINT('',(23.,-4.198919773102,2.805629968643));
#8411 = VECTOR('',#8412,1.);
#8412 = DIRECTION('',(-1.,0.,0.));
#8413 = ORIENTED_EDGE('',*,*,#8414,.T.);
#8414 = EDGE_CURVE('',#8407,#8415,#8417,.T.);
#8415 = VERTEX_POINT('',#8416);
#8416 = CARTESIAN_POINT('',(23.,-4.665589809418,1.932549953461));
#8417 = LINE('',#8418,#8419);
#8418 = CARTESIAN_POINT('',(23.,-4.198919773102,2.805629968643));
#8419 = VECTOR('',#8420,1.);
#8420 = DIRECTION('',(0.,-0.47139598701,-0.881921665133));
#8421 = ORIENTED_EDGE('',*,*,#8422,.F.);
#8422 = EDGE_CURVE('',#6259,#8415,#8423,.T.);
#8423 = LINE('',#8424,#8425);
#8424 = CARTESIAN_POINT('',(19.,-4.665589809418,1.932549953461));
#8425 = VECTOR('',#8426,1.);
#8426 = DIRECTION('',(1.,0.,0.));
#8427 = ORIENTED_EDGE('',*,*,#6258,.F.);
#8428 = PLANE('',#8429);
#8429 = AXIS2_PLACEMENT_3D('',#8430,#8431,#8432);
#8430 = CARTESIAN_POINT('',(21.,-4.43225479126,2.369089961052));
#8431 = DIRECTION('',(0.,0.881921665133,-0.47139598701));
#8432 = DIRECTION('',(0.,0.47139598701,0.881921665133));
#8433 = ADVANCED_FACE('',(#8434),#8459,.F.);
#8434 = FACE_BOUND('',#8435,.F.);
#8435 = EDGE_LOOP('',(#8436,#8444,#8452,#8458));
#8436 = ORIENTED_EDGE('',*,*,#8437,.T.);
#8437 = EDGE_CURVE('',#6283,#8438,#8440,.T.);
#8438 = VERTEX_POINT('',#8439);
#8439 = CARTESIAN_POINT('',(23.,-4.952960014343,-0.985206007957));
#8440 = LINE('',#8441,#8442);
#8441 = CARTESIAN_POINT('',(19.,-4.952960014343,-0.985206007957));
#8442 = VECTOR('',#8443,1.);
#8443 = DIRECTION('',(1.,0.,0.));
#8444 = ORIENTED_EDGE('',*,*,#8445,.T.);
#8445 = EDGE_CURVE('',#8438,#8446,#8448,.T.);
#8446 = VERTEX_POINT('',#8447);
#8447 = CARTESIAN_POINT('',(23.,-4.665589809418,-1.932549953461));
#8448 = LINE('',#8449,#8450);
#8449 = CARTESIAN_POINT('',(23.,-4.952960014343,-0.985206007957));
#8450 = VECTOR('',#8451,1.);
#8451 = DIRECTION('',(0.,0.290281495972,-0.956941300758));
#8452 = ORIENTED_EDGE('',*,*,#8453,.F.);
#8453 = EDGE_CURVE('',#6291,#8446,#8454,.T.);
#8454 = LINE('',#8455,#8456);
#8455 = CARTESIAN_POINT('',(19.,-4.665589809418,-1.932549953461));
#8456 = VECTOR('',#8457,1.);
#8457 = DIRECTION('',(1.,0.,0.));
#8458 = ORIENTED_EDGE('',*,*,#6290,.T.);
#8459 = PLANE('',#8460);
#8460 = AXIS2_PLACEMENT_3D('',#8461,#8462,#8463);
#8461 = CARTESIAN_POINT('',(21.,-4.80927491188,-1.458877980709));
#8462 = DIRECTION('',(0.,0.956941300758,0.290281495972));
#8463 = DIRECTION('',(0.,-0.290281495972,0.956941300758));
#8464 = ADVANCED_FACE('',(#8465),#8483,.F.);
#8465 = FACE_BOUND('',#8466,.F.);
#8466 = EDGE_LOOP('',(#8467,#8475,#8476,#8477));
#8467 = ORIENTED_EDGE('',*,*,#8468,.T.);
#8468 = EDGE_CURVE('',#8469,#8376,#8471,.T.);
#8469 = VERTEX_POINT('',#8470);
#8470 = CARTESIAN_POINT('',(23.,-1.932549953461,4.665589809418));
#8471 = LINE('',#8472,#8473);
#8472 = CARTESIAN_POINT('',(23.,-1.932549953461,4.665589809418));
#8473 = VECTOR('',#8474,1.);
#8474 = DIRECTION('',(0.,-0.881921665133,-0.47139598701));
#8475 = ORIENTED_EDGE('',*,*,#8392,.F.);
#8476 = ORIENTED_EDGE('',*,*,#6234,.F.);
#8477 = ORIENTED_EDGE('',*,*,#8478,.T.);
#8478 = EDGE_CURVE('',#6227,#8469,#8479,.T.);
#8479 = LINE('',#8480,#8481);
#8480 = CARTESIAN_POINT('',(19.,-1.932549953461,4.665589809418));
#8481 = VECTOR('',#8482,1.);
#8482 = DIRECTION('',(1.,0.,0.));
#8483 = PLANE('',#8484);
#8484 = AXIS2_PLACEMENT_3D('',#8485,#8486,#8487);
#8485 = CARTESIAN_POINT('',(21.,-2.369089961052,4.43225479126));
#8486 = DIRECTION('',(-0.,0.47139598701,-0.881921665133));
#8487 = DIRECTION('',(0.,-0.881921665133,-0.47139598701));
#8488 = ADVANCED_FACE('',(#8489),#8507,.F.);
#8489 = FACE_BOUND('',#8490,.F.);
#8490 = EDGE_LOOP('',(#8491,#8492,#8500,#8506));
#8491 = ORIENTED_EDGE('',*,*,#8453,.T.);
#8492 = ORIENTED_EDGE('',*,*,#8493,.T.);
#8493 = EDGE_CURVE('',#8446,#8494,#8496,.T.);
#8494 = VERTEX_POINT('',#8495);
#8495 = CARTESIAN_POINT('',(23.,-4.198919773102,-2.805629968643));
#8496 = LINE('',#8497,#8498);
#8497 = CARTESIAN_POINT('',(23.,-4.665589809418,-1.932549953461));
#8498 = VECTOR('',#8499,1.);
#8499 = DIRECTION('',(0.,0.47139598701,-0.881921665133));
#8500 = ORIENTED_EDGE('',*,*,#8501,.T.);
#8501 = EDGE_CURVE('',#8494,#6299,#8502,.T.);
#8502 = LINE('',#8503,#8504);
#8503 = CARTESIAN_POINT('',(23.,-4.198919773102,-2.805629968643));
#8504 = VECTOR('',#8505,1.);
#8505 = DIRECTION('',(-1.,0.,0.));
#8506 = ORIENTED_EDGE('',*,*,#6298,.T.);
#8507 = PLANE('',#8508);
#8508 = AXIS2_PLACEMENT_3D('',#8509,#8510,#8511);
#8509 = CARTESIAN_POINT('',(21.,-4.43225479126,-2.369089961052));
#8510 = DIRECTION('',(0.,0.881921665133,0.47139598701));
#8511 = DIRECTION('',(0.,-0.47139598701,0.881921665133));
#8512 = ADVANCED_FACE('',(#8513),#8538,.F.);
#8513 = FACE_BOUND('',#8514,.F.);
#8514 = EDGE_LOOP('',(#8515,#8525,#8531,#8532));
#8515 = ORIENTED_EDGE('',*,*,#8516,.T.);
#8516 = EDGE_CURVE('',#8517,#8519,#8521,.T.);
#8517 = VERTEX_POINT('',#8518);
#8518 = CARTESIAN_POINT('',(23.,1.932549953461,4.665589809418));
#8519 = VERTEX_POINT('',#8520);
#8520 = CARTESIAN_POINT('',(23.,0.985206007957,4.952960014343));
#8521 = LINE('',#8522,#8523);
#8522 = CARTESIAN_POINT('',(23.,1.932549953461,4.665589809418));
#8523 = VECTOR('',#8524,1.);
#8524 = DIRECTION('',(0.,-0.956941300758,0.290281495972));
#8525 = ORIENTED_EDGE('',*,*,#8526,.T.);
#8526 = EDGE_CURVE('',#8519,#6203,#8527,.T.);
#8527 = LINE('',#8528,#8529);
#8528 = CARTESIAN_POINT('',(23.,0.985206007957,4.952960014343));
#8529 = VECTOR('',#8530,1.);
#8530 = DIRECTION('',(-1.,0.,0.));
#8531 = ORIENTED_EDGE('',*,*,#6202,.T.);
#8532 = ORIENTED_EDGE('',*,*,#8533,.T.);
#8533 = EDGE_CURVE('',#6195,#8517,#8534,.T.);
#8534 = LINE('',#8535,#8536);
#8535 = CARTESIAN_POINT('',(19.,1.932549953461,4.665589809418));
#8536 = VECTOR('',#8537,1.);
#8537 = DIRECTION('',(1.,0.,0.));
#8538 = PLANE('',#8539);
#8539 = AXIS2_PLACEMENT_3D('',#8540,#8541,#8542);
#8540 = CARTESIAN_POINT('',(21.,1.458877980709,4.80927491188));
#8541 = DIRECTION('',(-0.,-0.290281495972,-0.956941300758));
#8542 = DIRECTION('',(0.,-0.956941300758,0.290281495972));
#8543 = ADVANCED_FACE('',(#8544),#8569,.F.);
#8544 = FACE_BOUND('',#8545,.F.);
#8545 = EDGE_LOOP('',(#8546,#8556,#8562,#8563));
#8546 = ORIENTED_EDGE('',*,*,#8547,.T.);
#8547 = EDGE_CURVE('',#8548,#8550,#8552,.T.);
#8548 = VERTEX_POINT('',#8549);
#8549 = CARTESIAN_POINT('',(18.521799087524,-0.61229300499,-3.5));
#8550 = VERTEX_POINT('',#8551);
#8551 = CARTESIAN_POINT('',(18.868600845337,-1.131369948387,-3.5));
#8552 = LINE('',#8553,#8554);
#8553 = CARTESIAN_POINT('',(18.521799087524,-0.61229300499,-3.5));
#8554 = VECTOR('',#8555,1.);
#8555 = DIRECTION('',(0.555532172781,-0.831495042081,0.));
#8556 = ORIENTED_EDGE('',*,*,#8557,.T.);
#8557 = EDGE_CURVE('',#8550,#6893,#8558,.T.);
#8558 = LINE('',#8559,#8560);
#8559 = CARTESIAN_POINT('',(18.868600845337,-1.131369948387,-3.5));
#8560 = VECTOR('',#8561,1.);
#8561 = DIRECTION('',(0.,0.,-1.));
#8562 = ORIENTED_EDGE('',*,*,#6928,.F.);
#8563 = ORIENTED_EDGE('',*,*,#8564,.T.);
#8564 = EDGE_CURVE('',#6921,#8548,#8565,.T.);
#8565 = LINE('',#8566,#8567);
#8566 = CARTESIAN_POINT('',(18.521799087524,-0.61229300499,
    -5.939690113068));
#8567 = VECTOR('',#8568,1.);
#8568 = DIRECTION('',(0.,0.,1.));
#8569 = PLANE('',#8570);
#8570 = AXIS2_PLACEMENT_3D('',#8571,#8572,#8573);
#8571 = CARTESIAN_POINT('',(18.69374175547,-0.869648893494,
    -4.707587380219));
#8572 = DIRECTION('',(0.831495042081,0.555532172781,0.));
#8573 = DIRECTION('',(-0.555532172781,0.831495042081,0.));
#8574 = ADVANCED_FACE('',(#8575),#8593,.F.);
#8575 = FACE_BOUND('',#8576,.F.);
#8576 = EDGE_LOOP('',(#8577,#8578,#8586,#8592));
#8577 = ORIENTED_EDGE('',*,*,#6345,.T.);
#8578 = ORIENTED_EDGE('',*,*,#8579,.T.);
#8579 = EDGE_CURVE('',#6338,#8580,#8582,.T.);
#8580 = VERTEX_POINT('',#8581);
#8581 = CARTESIAN_POINT('',(18.868600845337,1.131369948387,-3.5));
#8582 = LINE('',#8583,#8584);
#8583 = CARTESIAN_POINT('',(19.,1.219149947166,-3.5));
#8584 = VECTOR('',#8585,1.);
#8585 = DIRECTION('',(-0.831522546956,-0.555491002541,0.));
#8586 = ORIENTED_EDGE('',*,*,#8587,.F.);
#8587 = EDGE_CURVE('',#7037,#8580,#8588,.T.);
#8588 = LINE('',#8589,#8590);
#8589 = CARTESIAN_POINT('',(18.868600845337,1.131369948387,
    -5.888569831848));
#8590 = VECTOR('',#8591,1.);
#8591 = DIRECTION('',(0.,0.,1.));
#8592 = ORIENTED_EDGE('',*,*,#7774,.T.);
#8593 = PLANE('',#8594);
#8594 = AXIS2_PLACEMENT_3D('',#8595,#8596,#8597);
#8595 = CARTESIAN_POINT('',(18.920933805052,1.166330501609,
    -4.657861461045));
#8596 = DIRECTION('',(0.555491002541,-0.831522546956,-0.));
#8597 = DIRECTION('',(-0.831522546956,-0.555491002541,0.));
#8598 = ADVANCED_FACE('',(#8599),#8610,.F.);
#8599 = FACE_BOUND('',#8600,.F.);
#8600 = EDGE_LOOP('',(#8601,#8602,#8608,#8609));
#8601 = ORIENTED_EDGE('',*,*,#7952,.T.);
#8602 = ORIENTED_EDGE('',*,*,#8603,.T.);
#8603 = EDGE_CURVE('',#7945,#7129,#8604,.T.);
#8604 = LINE('',#8605,#8606);
#8605 = CARTESIAN_POINT('',(20.,1.600000023842,-4.766469955444));
#8606 = VECTOR('',#8607,1.);
#8607 = DIRECTION('',(0.,0.,-1.));
#8608 = ORIENTED_EDGE('',*,*,#7366,.F.);
#8609 = ORIENTED_EDGE('',*,*,#7334,.F.);
#8610 = PLANE('',#8611);
#8611 = AXIS2_PLACEMENT_3D('',#8612,#8613,#8614);
#8612 = CARTESIAN_POINT('',(20.306150436401,1.539104998112,
    -5.278924942017));
#8613 = DIRECTION('',(-0.19508390488,-0.980786556829,-0.));
#8614 = DIRECTION('',(-0.980786556829,0.19508390488,0.));
#8615 = ADVANCED_FACE('',(#8616),#8627,.F.);
#8616 = FACE_BOUND('',#8617,.F.);
#8617 = EDGE_LOOP('',(#8618,#8624,#8625,#8626));
#8618 = ORIENTED_EDGE('',*,*,#8619,.T.);
#8619 = EDGE_CURVE('',#7519,#8087,#8620,.T.);
#8620 = LINE('',#8621,#8622);
#8621 = CARTESIAN_POINT('',(20.,-1.600000023842,-5.75443983078));
#8622 = VECTOR('',#8623,1.);
#8623 = DIRECTION('',(0.,0.,1.));
#8624 = ORIENTED_EDGE('',*,*,#8095,.T.);
#8625 = ORIENTED_EDGE('',*,*,#7835,.T.);
#8626 = ORIENTED_EDGE('',*,*,#7526,.F.);
#8627 = PLANE('',#8628);
#8628 = AXIS2_PLACEMENT_3D('',#8629,#8630,#8631);
#8629 = CARTESIAN_POINT('',(20.306150436401,-1.539104998112,
    -5.278924942017));
#8630 = DIRECTION('',(-0.19508390488,0.980786556829,0.));
#8631 = DIRECTION('',(0.980786556829,0.19508390488,0.));
#8632 = ADVANCED_FACE('',(#8633),#8651,.F.);
#8633 = FACE_BOUND('',#8634,.F.);
#8634 = EDGE_LOOP('',(#8635,#8636,#8644,#8650));
#8635 = ORIENTED_EDGE('',*,*,#8587,.T.);
#8636 = ORIENTED_EDGE('',*,*,#8637,.T.);
#8637 = EDGE_CURVE('',#8580,#8638,#8640,.T.);
#8638 = VERTEX_POINT('',#8639);
#8639 = CARTESIAN_POINT('',(18.521799087524,0.61229300499,-3.5));
#8640 = LINE('',#8641,#8642);
#8641 = CARTESIAN_POINT('',(18.868600845337,1.131369948387,-3.5));
#8642 = VECTOR('',#8643,1.);
#8643 = DIRECTION('',(-0.555532172781,-0.831495042081,0.));
#8644 = ORIENTED_EDGE('',*,*,#8645,.T.);
#8645 = EDGE_CURVE('',#8638,#7014,#8646,.T.);
#8646 = LINE('',#8647,#8648);
#8647 = CARTESIAN_POINT('',(18.521799087524,0.61229300499,-3.5));
#8648 = VECTOR('',#8649,1.);
#8649 = DIRECTION('',(0.,0.,-1.));
#8650 = ORIENTED_EDGE('',*,*,#7044,.F.);
#8651 = PLANE('',#8652);
#8652 = AXIS2_PLACEMENT_3D('',#8653,#8654,#8655);
#8653 = CARTESIAN_POINT('',(18.69374175547,0.869648893494,
    -4.707587380219));
#8654 = DIRECTION('',(0.831495042081,-0.555532172781,0.));
#8655 = DIRECTION('',(0.555532172781,0.831495042081,0.));
#8656 = ADVANCED_FACE('',(#8657),#8682,.F.);
#8657 = FACE_BOUND('',#8658,.F.);
#8658 = EDGE_LOOP('',(#8659,#8667,#8675,#8681));
#8659 = ORIENTED_EDGE('',*,*,#8660,.T.);
#8660 = EDGE_CURVE('',#6484,#8661,#8663,.T.);
#8661 = VERTEX_POINT('',#8662);
#8662 = CARTESIAN_POINT('',(12.,2.599999904633,0.));
#8663 = LINE('',#8664,#8665);
#8664 = CARTESIAN_POINT('',(19.,2.599999904633,0.));
#8665 = VECTOR('',#8666,1.);
#8666 = DIRECTION('',(-1.,0.,0.));
#8667 = ORIENTED_EDGE('',*,*,#8668,.T.);
#8668 = EDGE_CURVE('',#8661,#8669,#8671,.T.);
#8669 = VERTEX_POINT('',#8670);
#8670 = CARTESIAN_POINT('',(12.,2.550040006638,-0.507234990597));
#8671 = LINE('',#8672,#8673);
#8672 = CARTESIAN_POINT('',(12.,2.599999904633,0.));
#8673 = VECTOR('',#8674,1.);
#8674 = DIRECTION('',(0.,-9.802027253596E-02,-0.995184418172));
#8675 = ORIENTED_EDGE('',*,*,#8676,.F.);
#8676 = EDGE_CURVE('',#6492,#8669,#8677,.T.);
#8677 = LINE('',#8678,#8679);
#8678 = CARTESIAN_POINT('',(19.,2.550040006638,-0.507234990597));
#8679 = VECTOR('',#8680,1.);
#8680 = DIRECTION('',(-1.,0.,0.));
#8681 = ORIENTED_EDGE('',*,*,#6491,.T.);
#8682 = PLANE('',#8683);
#8683 = AXIS2_PLACEMENT_3D('',#8684,#8685,#8686);
#8684 = CARTESIAN_POINT('',(15.5,2.575019955635,-0.253617495298));
#8685 = DIRECTION('',(-0.,-0.995184418172,9.802027253596E-02));
#8686 = DIRECTION('',(0.,-9.802027253596E-02,-0.995184418172));
#8687 = ADVANCED_FACE('',(#8688),#8713,.F.);
#8688 = FACE_BOUND('',#8689,.F.);
#8689 = EDGE_LOOP('',(#8690,#8698,#8699,#8707));
#8690 = ORIENTED_EDGE('',*,*,#8691,.T.);
#8691 = EDGE_CURVE('',#8692,#6644,#8694,.T.);
#8692 = VERTEX_POINT('',#8693);
#8693 = CARTESIAN_POINT('',(12.,-1.838479995728,1.838479995728));
#8694 = LINE('',#8695,#8696);
#8695 = CARTESIAN_POINT('',(12.,-1.838479995728,1.838479995728));
#8696 = VECTOR('',#8697,1.);
#8697 = DIRECTION('',(1.,0.,0.));
#8698 = ORIENTED_EDGE('',*,*,#6643,.T.);
#8699 = ORIENTED_EDGE('',*,*,#8700,.T.);
#8700 = EDGE_CURVE('',#6636,#8701,#8703,.T.);
#8701 = VERTEX_POINT('',#8702);
#8702 = CARTESIAN_POINT('',(12.,-2.161819934845,1.444479942322));
#8703 = LINE('',#8704,#8705);
#8704 = CARTESIAN_POINT('',(19.,-2.161819934845,1.444479942322));
#8705 = VECTOR('',#8706,1.);
#8706 = DIRECTION('',(-1.,0.,0.));
#8707 = ORIENTED_EDGE('',*,*,#8708,.T.);
#8708 = EDGE_CURVE('',#8701,#8692,#8709,.T.);
#8709 = LINE('',#8710,#8711);
#8710 = CARTESIAN_POINT('',(12.,-2.161819934845,1.444479942322));
#8711 = VECTOR('',#8712,1.);
#8712 = DIRECTION('',(0.,0.63438443474,0.773017715812));
#8713 = PLANE('',#8714);
#8714 = AXIS2_PLACEMENT_3D('',#8715,#8716,#8717);
#8715 = CARTESIAN_POINT('',(15.5,-2.000149965286,1.641479969025));
#8716 = DIRECTION('',(0.,0.773017715812,-0.63438443474));
#8717 = DIRECTION('',(0.,0.63438443474,0.773017715812));
#8718 = ADVANCED_FACE('',(#8719),#8744,.F.);
#8719 = FACE_BOUND('',#8720,.F.);
#8720 = EDGE_LOOP('',(#8721,#8729,#8730,#8738));
#8721 = ORIENTED_EDGE('',*,*,#8722,.T.);
#8722 = EDGE_CURVE('',#8723,#6612,#8725,.T.);
#8723 = VERTEX_POINT('',#8724);
#8724 = CARTESIAN_POINT('',(12.,-2.599999904633,0.));
#8725 = LINE('',#8726,#8727);
#8726 = CARTESIAN_POINT('',(12.,-2.599999904633,0.));
#8727 = VECTOR('',#8728,1.);
#8728 = DIRECTION('',(1.,0.,0.));
#8729 = ORIENTED_EDGE('',*,*,#6611,.T.);
#8730 = ORIENTED_EDGE('',*,*,#8731,.F.);
#8731 = EDGE_CURVE('',#8732,#6604,#8734,.T.);
#8732 = VERTEX_POINT('',#8733);
#8733 = CARTESIAN_POINT('',(12.,-2.550040006638,-0.507234990597));
#8734 = LINE('',#8735,#8736);
#8735 = CARTESIAN_POINT('',(12.,-2.550040006638,-0.507234990597));
#8736 = VECTOR('',#8737,1.);
#8737 = DIRECTION('',(1.,0.,0.));
#8738 = ORIENTED_EDGE('',*,*,#8739,.T.);
#8739 = EDGE_CURVE('',#8732,#8723,#8740,.T.);
#8740 = LINE('',#8741,#8742);
#8741 = CARTESIAN_POINT('',(12.,-2.550040006638,-0.507234990597));
#8742 = VECTOR('',#8743,1.);
#8743 = DIRECTION('',(0.,-9.802027253596E-02,0.995184418172));
#8744 = PLANE('',#8745);
#8745 = AXIS2_PLACEMENT_3D('',#8746,#8747,#8748);
#8746 = CARTESIAN_POINT('',(15.5,-2.575019955635,-0.253617495298));
#8747 = DIRECTION('',(0.,0.995184418172,9.802027253596E-02));
#8748 = DIRECTION('',(0.,-9.802027253596E-02,0.995184418172));
#8749 = ADVANCED_FACE('',(#8750),#8775,.F.);
#8750 = FACE_BOUND('',#8751,.F.);
#8751 = EDGE_LOOP('',(#8752,#8753,#8761,#8769));
#8752 = ORIENTED_EDGE('',*,*,#6659,.T.);
#8753 = ORIENTED_EDGE('',*,*,#8754,.T.);
#8754 = EDGE_CURVE('',#6652,#8755,#8757,.T.);
#8755 = VERTEX_POINT('',#8756);
#8756 = CARTESIAN_POINT('',(12.,-1.444479942322,2.161819934845));
#8757 = LINE('',#8758,#8759);
#8758 = CARTESIAN_POINT('',(19.,-1.444479942322,2.161819934845));
#8759 = VECTOR('',#8760,1.);
#8760 = DIRECTION('',(-1.,0.,0.));
#8761 = ORIENTED_EDGE('',*,*,#8762,.T.);
#8762 = EDGE_CURVE('',#8755,#8763,#8765,.T.);
#8763 = VERTEX_POINT('',#8764);
#8764 = CARTESIAN_POINT('',(12.,-0.994975984097,2.402090072632));
#8765 = LINE('',#8766,#8767);
#8766 = CARTESIAN_POINT('',(12.,-1.444479942322,2.161819934845));
#8767 = VECTOR('',#8768,1.);
#8768 = DIRECTION('',(0.,0.881916968656,0.471404773413));
#8769 = ORIENTED_EDGE('',*,*,#8770,.F.);
#8770 = EDGE_CURVE('',#6660,#8763,#8771,.T.);
#8771 = LINE('',#8772,#8773);
#8772 = CARTESIAN_POINT('',(19.,-0.994975984097,2.402090072632));
#8773 = VECTOR('',#8774,1.);
#8774 = DIRECTION('',(-1.,0.,0.));
#8775 = PLANE('',#8776);
#8776 = AXIS2_PLACEMENT_3D('',#8777,#8778,#8779);
#8777 = CARTESIAN_POINT('',(15.5,-1.219727963209,2.281955003738));
#8778 = DIRECTION('',(-0.,0.471404773413,-0.881916968656));
#8779 = DIRECTION('',(0.,-0.881916968656,-0.471404773413));
#8780 = ADVANCED_FACE('',(#8781),#8806,.F.);
#8781 = FACE_BOUND('',#8782,.F.);
#8782 = EDGE_LOOP('',(#8783,#8791,#8799,#8805));
#8783 = ORIENTED_EDGE('',*,*,#8784,.T.);
#8784 = EDGE_CURVE('',#6508,#8785,#8787,.T.);
#8785 = VERTEX_POINT('',#8786);
#8786 = CARTESIAN_POINT('',(12.,2.161819934845,-1.444479942322));
#8787 = LINE('',#8788,#8789);
#8788 = CARTESIAN_POINT('',(19.,2.161819934845,-1.444479942322));
#8789 = VECTOR('',#8790,1.);
#8790 = DIRECTION('',(-1.,0.,0.));
#8791 = ORIENTED_EDGE('',*,*,#8792,.T.);
#8792 = EDGE_CURVE('',#8785,#8793,#8795,.T.);
#8793 = VERTEX_POINT('',#8794);
#8794 = CARTESIAN_POINT('',(12.,1.838479995728,-1.838479995728));
#8795 = LINE('',#8796,#8797);
#8796 = CARTESIAN_POINT('',(12.,2.161819934845,-1.444479942322));
#8797 = VECTOR('',#8798,1.);
#8798 = DIRECTION('',(0.,-0.63438443474,-0.773017715812));
#8799 = ORIENTED_EDGE('',*,*,#8800,.F.);
#8800 = EDGE_CURVE('',#6516,#8793,#8801,.T.);
#8801 = LINE('',#8802,#8803);
#8802 = CARTESIAN_POINT('',(19.,1.838479995728,-1.838479995728));
#8803 = VECTOR('',#8804,1.);
#8804 = DIRECTION('',(-1.,0.,0.));
#8805 = ORIENTED_EDGE('',*,*,#6515,.T.);
#8806 = PLANE('',#8807);
#8807 = AXIS2_PLACEMENT_3D('',#8808,#8809,#8810);
#8808 = CARTESIAN_POINT('',(15.5,2.000149965286,-1.641479969025));
#8809 = DIRECTION('',(-0.,-0.773017715812,0.63438443474));
#8810 = DIRECTION('',(0.,-0.63438443474,-0.773017715812));
#8811 = ADVANCED_FACE('',(#8812),#8830,.F.);
#8812 = FACE_BOUND('',#8813,.F.);
#8813 = EDGE_LOOP('',(#8814,#8815,#8816,#8824));
#8814 = ORIENTED_EDGE('',*,*,#8731,.T.);
#8815 = ORIENTED_EDGE('',*,*,#6603,.T.);
#8816 = ORIENTED_EDGE('',*,*,#8817,.T.);
#8817 = EDGE_CURVE('',#6596,#8818,#8820,.T.);
#8818 = VERTEX_POINT('',#8819);
#8819 = CARTESIAN_POINT('',(12.,-2.402090072632,-0.994975984097));
#8820 = LINE('',#8821,#8822);
#8821 = CARTESIAN_POINT('',(19.,-2.402090072632,-0.994975984097));
#8822 = VECTOR('',#8823,1.);
#8823 = DIRECTION('',(-1.,0.,0.));
#8824 = ORIENTED_EDGE('',*,*,#8825,.T.);
#8825 = EDGE_CURVE('',#8818,#8732,#8826,.T.);
#8826 = LINE('',#8827,#8828);
#8827 = CARTESIAN_POINT('',(12.,-2.402090072632,-0.994975984097));
#8828 = VECTOR('',#8829,1.);
#8829 = DIRECTION('',(0.,-0.290276270962,0.956942885713));
#8830 = PLANE('',#8831);
#8831 = AXIS2_PLACEMENT_3D('',#8832,#8833,#8834);
#8832 = CARTESIAN_POINT('',(15.5,-2.476065039635,-0.751105487347));
#8833 = DIRECTION('',(0.,0.956942885713,0.290276270962));
#8834 = DIRECTION('',(0.,-0.290276270962,0.956942885713));
#8835 = ADVANCED_FACE('',(#8836),#8861,.F.);
#8836 = FACE_BOUND('',#8837,.F.);
#8837 = EDGE_LOOP('',(#8838,#8846,#8847,#8855));
#8838 = ORIENTED_EDGE('',*,*,#8839,.T.);
#8839 = EDGE_CURVE('',#8840,#6628,#8842,.T.);
#8840 = VERTEX_POINT('',#8841);
#8841 = CARTESIAN_POINT('',(12.,-2.402090072632,0.994975984097));
#8842 = LINE('',#8843,#8844);
#8843 = CARTESIAN_POINT('',(12.,-2.402090072632,0.994975984097));
#8844 = VECTOR('',#8845,1.);
#8845 = DIRECTION('',(1.,0.,0.));
#8846 = ORIENTED_EDGE('',*,*,#6627,.T.);
#8847 = ORIENTED_EDGE('',*,*,#8848,.T.);
#8848 = EDGE_CURVE('',#6620,#8849,#8851,.T.);
#8849 = VERTEX_POINT('',#8850);
#8850 = CARTESIAN_POINT('',(12.,-2.550040006638,0.507234990597));
#8851 = LINE('',#8852,#8853);
#8852 = CARTESIAN_POINT('',(19.,-2.550040006638,0.507234990597));
#8853 = VECTOR('',#8854,1.);
#8854 = DIRECTION('',(-1.,0.,0.));
#8855 = ORIENTED_EDGE('',*,*,#8856,.T.);
#8856 = EDGE_CURVE('',#8849,#8840,#8857,.T.);
#8857 = LINE('',#8858,#8859);
#8858 = CARTESIAN_POINT('',(12.,-2.550040006638,0.507234990597));
#8859 = VECTOR('',#8860,1.);
#8860 = DIRECTION('',(0.,0.290276270962,0.956942885713));
#8861 = PLANE('',#8862);
#8862 = AXIS2_PLACEMENT_3D('',#8863,#8864,#8865);
#8863 = CARTESIAN_POINT('',(15.5,-2.476065039635,0.751105487347));
#8864 = DIRECTION('',(0.,0.956942885713,-0.290276270962));
#8865 = DIRECTION('',(0.,0.290276270962,0.956942885713));
#8866 = ADVANCED_FACE('',(#8867),#8892,.F.);
#8867 = FACE_BOUND('',#8868,.F.);
#8868 = EDGE_LOOP('',(#8869,#8877,#8878,#8886));
#8869 = ORIENTED_EDGE('',*,*,#8870,.T.);
#8870 = EDGE_CURVE('',#8871,#6588,#8873,.T.);
#8871 = VERTEX_POINT('',#8872);
#8872 = CARTESIAN_POINT('',(12.,-2.161819934845,-1.444479942322));
#8873 = LINE('',#8874,#8875);
#8874 = CARTESIAN_POINT('',(12.,-2.161819934845,-1.444479942322));
#8875 = VECTOR('',#8876,1.);
#8876 = DIRECTION('',(1.,0.,0.));
#8877 = ORIENTED_EDGE('',*,*,#6587,.T.);
#8878 = ORIENTED_EDGE('',*,*,#8879,.T.);
#8879 = EDGE_CURVE('',#6580,#8880,#8882,.T.);
#8880 = VERTEX_POINT('',#8881);
#8881 = CARTESIAN_POINT('',(12.,-1.838479995728,-1.838479995728));
#8882 = LINE('',#8883,#8884);
#8883 = CARTESIAN_POINT('',(19.,-1.838479995728,-1.838479995728));
#8884 = VECTOR('',#8885,1.);
#8885 = DIRECTION('',(-1.,0.,0.));
#8886 = ORIENTED_EDGE('',*,*,#8887,.T.);
#8887 = EDGE_CURVE('',#8880,#8871,#8888,.T.);
#8888 = LINE('',#8889,#8890);
#8889 = CARTESIAN_POINT('',(12.,-1.838479995728,-1.838479995728));
#8890 = VECTOR('',#8891,1.);
#8891 = DIRECTION('',(0.,-0.63438443474,0.773017715812));
#8892 = PLANE('',#8893);
#8893 = AXIS2_PLACEMENT_3D('',#8894,#8895,#8896);
#8894 = CARTESIAN_POINT('',(15.5,-2.000149965286,-1.641479969025));
#8895 = DIRECTION('',(0.,0.773017715812,0.63438443474));
#8896 = DIRECTION('',(0.,-0.63438443474,0.773017715812));
#8897 = ADVANCED_FACE('',(#8898),#8923,.F.);
#8898 = FACE_BOUND('',#8899,.F.);
#8899 = EDGE_LOOP('',(#8900,#8908,#8916,#8922));
#8900 = ORIENTED_EDGE('',*,*,#8901,.T.);
#8901 = EDGE_CURVE('',#6468,#8902,#8904,.T.);
#8902 = VERTEX_POINT('',#8903);
#8903 = CARTESIAN_POINT('',(12.,2.402090072632,0.994975984097));
#8904 = LINE('',#8905,#8906);
#8905 = CARTESIAN_POINT('',(19.,2.402090072632,0.994975984097));
#8906 = VECTOR('',#8907,1.);
#8907 = DIRECTION('',(-1.,0.,0.));
#8908 = ORIENTED_EDGE('',*,*,#8909,.T.);
#8909 = EDGE_CURVE('',#8902,#8910,#8912,.T.);
#8910 = VERTEX_POINT('',#8911);
#8911 = CARTESIAN_POINT('',(12.,2.550040006638,0.507234990597));
#8912 = LINE('',#8913,#8914);
#8913 = CARTESIAN_POINT('',(12.,2.402090072632,0.994975984097));
#8914 = VECTOR('',#8915,1.);
#8915 = DIRECTION('',(0.,0.290276270962,-0.956942885713));
#8916 = ORIENTED_EDGE('',*,*,#8917,.T.);
#8917 = EDGE_CURVE('',#8910,#6476,#8918,.T.);
#8918 = LINE('',#8919,#8920);
#8919 = CARTESIAN_POINT('',(12.,2.550040006638,0.507234990597));
#8920 = VECTOR('',#8921,1.);
#8921 = DIRECTION('',(1.,0.,0.));
#8922 = ORIENTED_EDGE('',*,*,#6475,.T.);
#8923 = PLANE('',#8924);
#8924 = AXIS2_PLACEMENT_3D('',#8925,#8926,#8927);
#8925 = CARTESIAN_POINT('',(15.5,2.476065039635,0.751105487347));
#8926 = DIRECTION('',(-0.,-0.956942885713,-0.290276270962));
#8927 = DIRECTION('',(0.,0.290276270962,-0.956942885713));
#8928 = ADVANCED_FACE('',(#8929),#8947,.F.);
#8929 = FACE_BOUND('',#8930,.F.);
#8930 = EDGE_LOOP('',(#8931,#8932,#8933,#8941));
#8931 = ORIENTED_EDGE('',*,*,#6667,.T.);
#8932 = ORIENTED_EDGE('',*,*,#8770,.T.);
#8933 = ORIENTED_EDGE('',*,*,#8934,.T.);
#8934 = EDGE_CURVE('',#8763,#8935,#8937,.T.);
#8935 = VERTEX_POINT('',#8936);
#8936 = CARTESIAN_POINT('',(12.,-0.507234990597,2.550040006638));
#8937 = LINE('',#8938,#8939);
#8938 = CARTESIAN_POINT('',(12.,-0.994975984097,2.402090072632));
#8939 = VECTOR('',#8940,1.);
#8940 = DIRECTION('',(0.,0.956942885713,0.290276270962));
#8941 = ORIENTED_EDGE('',*,*,#8942,.T.);
#8942 = EDGE_CURVE('',#8935,#6668,#8943,.T.);
#8943 = LINE('',#8944,#8945);
#8944 = CARTESIAN_POINT('',(12.,-0.507234990597,2.550040006638));
#8945 = VECTOR('',#8946,1.);
#8946 = DIRECTION('',(1.,0.,0.));
#8947 = PLANE('',#8948);
#8948 = AXIS2_PLACEMENT_3D('',#8949,#8950,#8951);
#8949 = CARTESIAN_POINT('',(15.5,-0.751105487347,2.476065039635));
#8950 = DIRECTION('',(-0.,0.290276270962,-0.956942885713));
#8951 = DIRECTION('',(0.,-0.956942885713,-0.290276270962));
#8952 = ADVANCED_FACE('',(#8953),#8978,.F.);
#8953 = FACE_BOUND('',#8954,.F.);
#8954 = EDGE_LOOP('',(#8955,#8956,#8964,#8972));
#8955 = ORIENTED_EDGE('',*,*,#6547,.T.);
#8956 = ORIENTED_EDGE('',*,*,#8957,.T.);
#8957 = EDGE_CURVE('',#6540,#8958,#8960,.T.);
#8958 = VERTEX_POINT('',#8959);
#8959 = CARTESIAN_POINT('',(12.,0.507234990597,-2.550040006638));
#8960 = LINE('',#8961,#8962);
#8961 = CARTESIAN_POINT('',(19.,0.507234990597,-2.550040006638));
#8962 = VECTOR('',#8963,1.);
#8963 = DIRECTION('',(-1.,0.,0.));
#8964 = ORIENTED_EDGE('',*,*,#8965,.T.);
#8965 = EDGE_CURVE('',#8958,#8966,#8968,.T.);
#8966 = VERTEX_POINT('',#8967);
#8967 = CARTESIAN_POINT('',(12.,0.,-2.599999904633));
#8968 = LINE('',#8969,#8970);
#8969 = CARTESIAN_POINT('',(12.,0.507234990597,-2.550040006638));
#8970 = VECTOR('',#8971,1.);
#8971 = DIRECTION('',(0.,-0.995184418172,-9.802027253596E-02));
#8972 = ORIENTED_EDGE('',*,*,#8973,.F.);
#8973 = EDGE_CURVE('',#6548,#8966,#8974,.T.);
#8974 = LINE('',#8975,#8976);
#8975 = CARTESIAN_POINT('',(19.,0.,-2.599999904633));
#8976 = VECTOR('',#8977,1.);
#8977 = DIRECTION('',(-1.,0.,0.));
#8978 = PLANE('',#8979);
#8979 = AXIS2_PLACEMENT_3D('',#8980,#8981,#8982);
#8980 = CARTESIAN_POINT('',(15.5,0.253617495298,-2.575019955635));
#8981 = DIRECTION('',(0.,-9.802027253596E-02,0.995184418172));
#8982 = DIRECTION('',(0.,0.995184418172,9.802027253596E-02));
#8983 = ADVANCED_FACE('',(#8984),#9002,.F.);
#8984 = FACE_BOUND('',#8985,.F.);
#8985 = EDGE_LOOP('',(#8986,#8987,#8988,#8996));
#8986 = ORIENTED_EDGE('',*,*,#6523,.T.);
#8987 = ORIENTED_EDGE('',*,*,#8800,.T.);
#8988 = ORIENTED_EDGE('',*,*,#8989,.T.);
#8989 = EDGE_CURVE('',#8793,#8990,#8992,.T.);
#8990 = VERTEX_POINT('',#8991);
#8991 = CARTESIAN_POINT('',(12.,1.444479942322,-2.161819934845));
#8992 = LINE('',#8993,#8994);
#8993 = CARTESIAN_POINT('',(12.,1.838479995728,-1.838479995728));
#8994 = VECTOR('',#8995,1.);
#8995 = DIRECTION('',(0.,-0.773017715812,-0.63438443474));
#8996 = ORIENTED_EDGE('',*,*,#8997,.F.);
#8997 = EDGE_CURVE('',#6524,#8990,#8998,.T.);
#8998 = LINE('',#8999,#9000);
#8999 = CARTESIAN_POINT('',(19.,1.444479942322,-2.161819934845));
#9000 = VECTOR('',#9001,1.);
#9001 = DIRECTION('',(-1.,0.,0.));
#9002 = PLANE('',#9003);
#9003 = AXIS2_PLACEMENT_3D('',#9004,#9005,#9006);
#9004 = CARTESIAN_POINT('',(15.5,1.641479969025,-2.000149965286));
#9005 = DIRECTION('',(0.,-0.63438443474,0.773017715812));
#9006 = DIRECTION('',(0.,0.773017715812,0.63438443474));
#9007 = ADVANCED_FACE('',(#9008),#9033,.F.);
#9008 = FACE_BOUND('',#9009,.F.);
#9009 = EDGE_LOOP('',(#9010,#9018,#9026,#9032));
#9010 = ORIENTED_EDGE('',*,*,#9011,.T.);
#9011 = EDGE_CURVE('',#6450,#9012,#9014,.T.);
#9012 = VERTEX_POINT('',#9013);
#9013 = CARTESIAN_POINT('',(12.,1.838479995728,1.838479995728));
#9014 = LINE('',#9015,#9016);
#9015 = CARTESIAN_POINT('',(19.,1.838479995728,1.838479995728));
#9016 = VECTOR('',#9017,1.);
#9017 = DIRECTION('',(-1.,0.,0.));
#9018 = ORIENTED_EDGE('',*,*,#9019,.T.);
#9019 = EDGE_CURVE('',#9012,#9020,#9022,.T.);
#9020 = VERTEX_POINT('',#9021);
#9021 = CARTESIAN_POINT('',(12.,2.161819934845,1.444479942322));
#9022 = LINE('',#9023,#9024);
#9023 = CARTESIAN_POINT('',(12.,1.838479995728,1.838479995728));
#9024 = VECTOR('',#9025,1.);
#9025 = DIRECTION('',(0.,0.63438443474,-0.773017715812));
#9026 = ORIENTED_EDGE('',*,*,#9027,.T.);
#9027 = EDGE_CURVE('',#9020,#6460,#9028,.T.);
#9028 = LINE('',#9029,#9030);
#9029 = CARTESIAN_POINT('',(12.,2.161819934845,1.444479942322));
#9030 = VECTOR('',#9031,1.);
#9031 = DIRECTION('',(1.,0.,0.));
#9032 = ORIENTED_EDGE('',*,*,#6459,.T.);
#9033 = PLANE('',#9034);
#9034 = AXIS2_PLACEMENT_3D('',#9035,#9036,#9037);
#9035 = CARTESIAN_POINT('',(15.5,2.000149965286,1.641479969025));
#9036 = DIRECTION('',(-0.,-0.773017715812,-0.63438443474));
#9037 = DIRECTION('',(0.,0.63438443474,-0.773017715812));
#9038 = ADVANCED_FACE('',(#9039),#9057,.F.);
#9039 = FACE_BOUND('',#9040,.F.);
#9040 = EDGE_LOOP('',(#9041,#9042,#9043,#9051));
#9041 = ORIENTED_EDGE('',*,*,#6555,.T.);
#9042 = ORIENTED_EDGE('',*,*,#8973,.T.);
#9043 = ORIENTED_EDGE('',*,*,#9044,.T.);
#9044 = EDGE_CURVE('',#8966,#9045,#9047,.T.);
#9045 = VERTEX_POINT('',#9046);
#9046 = CARTESIAN_POINT('',(12.,-0.507234990597,-2.550040006638));
#9047 = LINE('',#9048,#9049);
#9048 = CARTESIAN_POINT('',(12.,0.,-2.599999904633));
#9049 = VECTOR('',#9050,1.);
#9050 = DIRECTION('',(0.,-0.995184418172,9.802027253596E-02));
#9051 = ORIENTED_EDGE('',*,*,#9052,.T.);
#9052 = EDGE_CURVE('',#9045,#6556,#9053,.T.);
#9053 = LINE('',#9054,#9055);
#9054 = CARTESIAN_POINT('',(12.,-0.507234990597,-2.550040006638));
#9055 = VECTOR('',#9056,1.);
#9056 = DIRECTION('',(1.,0.,0.));
#9057 = PLANE('',#9058);
#9058 = AXIS2_PLACEMENT_3D('',#9059,#9060,#9061);
#9059 = CARTESIAN_POINT('',(15.5,-0.253617495298,-2.575019955635));
#9060 = DIRECTION('',(0.,9.802027253596E-02,0.995184418172));
#9061 = DIRECTION('',(0.,0.995184418172,-9.802027253596E-02));
#9062 = ADVANCED_FACE('',(#9063),#9081,.F.);
#9063 = FACE_BOUND('',#9064,.F.);
#9064 = EDGE_LOOP('',(#9065,#9066,#9074,#9080));
#9065 = ORIENTED_EDGE('',*,*,#8676,.T.);
#9066 = ORIENTED_EDGE('',*,*,#9067,.T.);
#9067 = EDGE_CURVE('',#8669,#9068,#9070,.T.);
#9068 = VERTEX_POINT('',#9069);
#9069 = CARTESIAN_POINT('',(12.,2.402090072632,-0.994975984097));
#9070 = LINE('',#9071,#9072);
#9071 = CARTESIAN_POINT('',(12.,2.550040006638,-0.507234990597));
#9072 = VECTOR('',#9073,1.);
#9073 = DIRECTION('',(0.,-0.290276270962,-0.956942885713));
#9074 = ORIENTED_EDGE('',*,*,#9075,.T.);
#9075 = EDGE_CURVE('',#9068,#6500,#9076,.T.);
#9076 = LINE('',#9077,#9078);
#9077 = CARTESIAN_POINT('',(12.,2.402090072632,-0.994975984097));
#9078 = VECTOR('',#9079,1.);
#9079 = DIRECTION('',(1.,0.,0.));
#9080 = ORIENTED_EDGE('',*,*,#6499,.T.);
#9081 = PLANE('',#9082);
#9082 = AXIS2_PLACEMENT_3D('',#9083,#9084,#9085);
#9083 = CARTESIAN_POINT('',(15.5,2.476065039635,-0.751105487347));
#9084 = DIRECTION('',(-0.,-0.956942885713,0.290276270962));
#9085 = DIRECTION('',(0.,-0.290276270962,-0.956942885713));
#9086 = ADVANCED_FACE('',(#9087),#9105,.F.);
#9087 = FACE_BOUND('',#9088,.F.);
#9088 = EDGE_LOOP('',(#9089,#9090,#9091,#9099));
#9089 = ORIENTED_EDGE('',*,*,#6531,.T.);
#9090 = ORIENTED_EDGE('',*,*,#8997,.T.);
#9091 = ORIENTED_EDGE('',*,*,#9092,.T.);
#9092 = EDGE_CURVE('',#8990,#9093,#9095,.T.);
#9093 = VERTEX_POINT('',#9094);
#9094 = CARTESIAN_POINT('',(12.,0.994975984097,-2.402090072632));
#9095 = LINE('',#9096,#9097);
#9096 = CARTESIAN_POINT('',(12.,1.444479942322,-2.161819934845));
#9097 = VECTOR('',#9098,1.);
#9098 = DIRECTION('',(0.,-0.881916968656,-0.471404773413));
#9099 = ORIENTED_EDGE('',*,*,#9100,.T.);
#9100 = EDGE_CURVE('',#9093,#6532,#9101,.T.);
#9101 = LINE('',#9102,#9103);
#9102 = CARTESIAN_POINT('',(12.,0.994975984097,-2.402090072632));
#9103 = VECTOR('',#9104,1.);
#9104 = DIRECTION('',(1.,0.,0.));
#9105 = PLANE('',#9106);
#9106 = AXIS2_PLACEMENT_3D('',#9107,#9108,#9109);
#9107 = CARTESIAN_POINT('',(15.5,1.219727963209,-2.281955003738));
#9108 = DIRECTION('',(0.,-0.471404773413,0.881916968656));
#9109 = DIRECTION('',(0.,0.881916968656,0.471404773413));
#9110 = ADVANCED_FACE('',(#9111),#9136,.F.);
#9111 = FACE_BOUND('',#9112,.F.);
#9112 = EDGE_LOOP('',(#9113,#9114,#9122,#9130));
#9113 = ORIENTED_EDGE('',*,*,#6691,.T.);
#9114 = ORIENTED_EDGE('',*,*,#9115,.T.);
#9115 = EDGE_CURVE('',#6684,#9116,#9118,.T.);
#9116 = VERTEX_POINT('',#9117);
#9117 = CARTESIAN_POINT('',(12.,0.507234990597,2.550040006638));
#9118 = LINE('',#9119,#9120);
#9119 = CARTESIAN_POINT('',(19.,0.507234990597,2.550040006638));
#9120 = VECTOR('',#9121,1.);
#9121 = DIRECTION('',(-1.,0.,0.));
#9122 = ORIENTED_EDGE('',*,*,#9123,.T.);
#9123 = EDGE_CURVE('',#9116,#9124,#9126,.T.);
#9124 = VERTEX_POINT('',#9125);
#9125 = CARTESIAN_POINT('',(12.,0.994975984097,2.402090072632));
#9126 = LINE('',#9127,#9128);
#9127 = CARTESIAN_POINT('',(12.,0.507234990597,2.550040006638));
#9128 = VECTOR('',#9129,1.);
#9129 = DIRECTION('',(0.,0.956942885713,-0.290276270962));
#9130 = ORIENTED_EDGE('',*,*,#9131,.T.);
#9131 = EDGE_CURVE('',#9124,#6692,#9132,.T.);
#9132 = LINE('',#9133,#9134);
#9133 = CARTESIAN_POINT('',(12.,0.994975984097,2.402090072632));
#9134 = VECTOR('',#9135,1.);
#9135 = DIRECTION('',(1.,0.,0.));
#9136 = PLANE('',#9137);
#9137 = AXIS2_PLACEMENT_3D('',#9138,#9139,#9140);
#9138 = CARTESIAN_POINT('',(15.5,0.751105487347,2.476065039635));
#9139 = DIRECTION('',(-0.,-0.290276270962,-0.956942885713));
#9140 = DIRECTION('',(0.,-0.956942885713,0.290276270962));
#9141 = ADVANCED_FACE('',(#9142,#9370),#9628,.F.);
#9142 = FACE_BOUND('',#9143,.F.);
#9143 = EDGE_LOOP('',(#9144,#9154,#9162,#9170,#9178,#9184,#9185,#9186,
    #9187,#9188,#9196,#9204,#9212,#9220,#9228,#9236,#9244,#9252,#9260,
    #9268,#9276,#9284,#9292,#9300,#9308,#9316,#9324,#9332,#9340,#9348,
    #9356,#9364));
#9144 = ORIENTED_EDGE('',*,*,#9145,.T.);
#9145 = EDGE_CURVE('',#9146,#9148,#9150,.T.);
#9146 = VERTEX_POINT('',#9147);
#9147 = CARTESIAN_POINT('',(25.,-5.884709835052,-1.170539975166));
#9148 = VERTEX_POINT('',#9149);
#9149 = CARTESIAN_POINT('',(25.,-5.543280124664,-2.296099901199));
#9150 = LINE('',#9151,#9152);
#9151 = CARTESIAN_POINT('',(25.,-5.884709835052,-1.170539975166));
#9152 = VECTOR('',#9153,1.);
#9153 = DIRECTION('',(0.,0.290280659642,-0.956941554453));
#9154 = ORIENTED_EDGE('',*,*,#9155,.T.);
#9155 = EDGE_CURVE('',#9148,#9156,#9158,.T.);
#9156 = VERTEX_POINT('',#9157);
#9157 = CARTESIAN_POINT('',(25.,-4.988820075989,-3.333420038223));
#9158 = LINE('',#9159,#9160);
#9159 = CARTESIAN_POINT('',(25.,-5.543280124664,-2.296099901199));
#9160 = VECTOR('',#9161,1.);
#9161 = DIRECTION('',(0.,0.471397321313,-0.881920951933));
#9162 = ORIENTED_EDGE('',*,*,#9163,.T.);
#9163 = EDGE_CURVE('',#9156,#9164,#9166,.T.);
#9164 = VERTEX_POINT('',#9165);
#9165 = CARTESIAN_POINT('',(25.,-4.242640018463,-4.242640018463));
#9166 = LINE('',#9167,#9168);
#9167 = CARTESIAN_POINT('',(25.,-4.988820075989,-3.333420038223));
#9168 = VECTOR('',#9169,1.);
#9169 = DIRECTION('',(0.,0.634394556031,-0.773009409567));
#9170 = ORIENTED_EDGE('',*,*,#9171,.T.);
#9171 = EDGE_CURVE('',#9164,#9172,#9174,.T.);
#9172 = VERTEX_POINT('',#9173);
#9173 = CARTESIAN_POINT('',(25.,-3.333420038223,-4.988820075989));
#9174 = LINE('',#9175,#9176);
#9175 = CARTESIAN_POINT('',(25.,-4.242640018463,-4.242640018463));
#9176 = VECTOR('',#9177,1.);
#9177 = DIRECTION('',(0.,0.773009409567,-0.634394556031));
#9178 = ORIENTED_EDGE('',*,*,#9179,.T.);
#9179 = EDGE_CURVE('',#9172,#7473,#9180,.T.);
#9180 = LINE('',#9181,#9182);
#9181 = CARTESIAN_POINT('',(25.,-3.333420038223,-4.988820075989));
#9182 = VECTOR('',#9183,1.);
#9183 = DIRECTION('',(0.,0.881920951933,-0.471397321313));
#9184 = ORIENTED_EDGE('',*,*,#7481,.T.);
#9185 = ORIENTED_EDGE('',*,*,#7389,.T.);
#9186 = ORIENTED_EDGE('',*,*,#7183,.F.);
#9187 = ORIENTED_EDGE('',*,*,#7280,.T.);
#9188 = ORIENTED_EDGE('',*,*,#9189,.F.);
#9189 = EDGE_CURVE('',#9190,#7152,#9192,.T.);
#9190 = VERTEX_POINT('',#9191);
#9191 = CARTESIAN_POINT('',(25.,3.333420038223,-4.988820075989));
#9192 = LINE('',#9193,#9194);
#9193 = CARTESIAN_POINT('',(25.,3.333420038223,-4.988820075989));
#9194 = VECTOR('',#9195,1.);
#9195 = DIRECTION('',(0.,-0.881920951933,-0.471397321313));
#9196 = ORIENTED_EDGE('',*,*,#9197,.F.);
#9197 = EDGE_CURVE('',#9198,#9190,#9200,.T.);
#9198 = VERTEX_POINT('',#9199);
#9199 = CARTESIAN_POINT('',(25.,4.242640018463,-4.242640018463));
#9200 = LINE('',#9201,#9202);
#9201 = CARTESIAN_POINT('',(25.,4.242640018463,-4.242640018463));
#9202 = VECTOR('',#9203,1.);
#9203 = DIRECTION('',(0.,-0.773009409567,-0.634394556031));
#9204 = ORIENTED_EDGE('',*,*,#9205,.T.);
#9205 = EDGE_CURVE('',#9198,#9206,#9208,.T.);
#9206 = VERTEX_POINT('',#9207);
#9207 = CARTESIAN_POINT('',(25.,4.988820075989,-3.333420038223));
#9208 = LINE('',#9209,#9210);
#9209 = CARTESIAN_POINT('',(25.,4.242640018463,-4.242640018463));
#9210 = VECTOR('',#9211,1.);
#9211 = DIRECTION('',(0.,0.634394556031,0.773009409567));
#9212 = ORIENTED_EDGE('',*,*,#9213,.F.);
#9213 = EDGE_CURVE('',#9214,#9206,#9216,.T.);
#9214 = VERTEX_POINT('',#9215);
#9215 = CARTESIAN_POINT('',(25.,5.543280124664,-2.296099901199));
#9216 = LINE('',#9217,#9218);
#9217 = CARTESIAN_POINT('',(25.,5.543280124664,-2.296099901199));
#9218 = VECTOR('',#9219,1.);
#9219 = DIRECTION('',(0.,-0.471397321313,-0.881920951933));
#9220 = ORIENTED_EDGE('',*,*,#9221,.F.);
#9221 = EDGE_CURVE('',#9222,#9214,#9224,.T.);
#9222 = VERTEX_POINT('',#9223);
#9223 = CARTESIAN_POINT('',(25.,5.884709835052,-1.170539975166));
#9224 = LINE('',#9225,#9226);
#9225 = CARTESIAN_POINT('',(25.,5.884709835052,-1.170539975166));
#9226 = VECTOR('',#9227,1.);
#9227 = DIRECTION('',(0.,-0.290280659642,-0.956941554453));
#9228 = ORIENTED_EDGE('',*,*,#9229,.T.);
#9229 = EDGE_CURVE('',#9222,#9230,#9232,.T.);
#9230 = VERTEX_POINT('',#9231);
#9231 = CARTESIAN_POINT('',(25.,6.,0.));
#9232 = LINE('',#9233,#9234);
#9233 = CARTESIAN_POINT('',(25.,5.884709835052,-1.170539975166));
#9234 = VECTOR('',#9235,1.);
#9235 = DIRECTION('',(0.,9.801885815031E-02,0.99518455748));
#9236 = ORIENTED_EDGE('',*,*,#9237,.T.);
#9237 = EDGE_CURVE('',#9230,#9238,#9240,.T.);
#9238 = VERTEX_POINT('',#9239);
#9239 = CARTESIAN_POINT('',(25.,5.884709835052,1.170539975166));
#9240 = LINE('',#9241,#9242);
#9241 = CARTESIAN_POINT('',(25.,6.,0.));
#9242 = VECTOR('',#9243,1.);
#9243 = DIRECTION('',(0.,-9.801885815031E-02,0.99518455748));
#9244 = ORIENTED_EDGE('',*,*,#9245,.T.);
#9245 = EDGE_CURVE('',#9238,#9246,#9248,.T.);
#9246 = VERTEX_POINT('',#9247);
#9247 = CARTESIAN_POINT('',(25.,5.543280124664,2.296099901199));
#9248 = LINE('',#9249,#9250);
#9249 = CARTESIAN_POINT('',(25.,5.884709835052,1.170539975166));
#9250 = VECTOR('',#9251,1.);
#9251 = DIRECTION('',(0.,-0.290280659642,0.956941554453));
#9252 = ORIENTED_EDGE('',*,*,#9253,.T.);
#9253 = EDGE_CURVE('',#9246,#9254,#9256,.T.);
#9254 = VERTEX_POINT('',#9255);
#9255 = CARTESIAN_POINT('',(25.,4.988820075989,3.333420038223));
#9256 = LINE('',#9257,#9258);
#9257 = CARTESIAN_POINT('',(25.,5.543280124664,2.296099901199));
#9258 = VECTOR('',#9259,1.);
#9259 = DIRECTION('',(0.,-0.471397321313,0.881920951933));
#9260 = ORIENTED_EDGE('',*,*,#9261,.F.);
#9261 = EDGE_CURVE('',#9262,#9254,#9264,.T.);
#9262 = VERTEX_POINT('',#9263);
#9263 = CARTESIAN_POINT('',(25.,4.242640018463,4.242640018463));
#9264 = LINE('',#9265,#9266);
#9265 = CARTESIAN_POINT('',(25.,4.242640018463,4.242640018463));
#9266 = VECTOR('',#9267,1.);
#9267 = DIRECTION('',(0.,0.634394556031,-0.773009409567));
#9268 = ORIENTED_EDGE('',*,*,#9269,.F.);
#9269 = EDGE_CURVE('',#9270,#9262,#9272,.T.);
#9270 = VERTEX_POINT('',#9271);
#9271 = CARTESIAN_POINT('',(25.,3.333420038223,4.988820075989));
#9272 = LINE('',#9273,#9274);
#9273 = CARTESIAN_POINT('',(25.,3.333420038223,4.988820075989));
#9274 = VECTOR('',#9275,1.);
#9275 = DIRECTION('',(0.,0.773009409567,-0.634394556031));
#9276 = ORIENTED_EDGE('',*,*,#9277,.T.);
#9277 = EDGE_CURVE('',#9270,#9278,#9280,.T.);
#9278 = VERTEX_POINT('',#9279);
#9279 = CARTESIAN_POINT('',(25.,2.296099901199,5.543280124664));
#9280 = LINE('',#9281,#9282);
#9281 = CARTESIAN_POINT('',(25.,3.333420038223,4.988820075989));
#9282 = VECTOR('',#9283,1.);
#9283 = DIRECTION('',(0.,-0.881920951933,0.471397321313));
#9284 = ORIENTED_EDGE('',*,*,#9285,.T.);
#9285 = EDGE_CURVE('',#9278,#9286,#9288,.T.);
#9286 = VERTEX_POINT('',#9287);
#9287 = CARTESIAN_POINT('',(25.,1.170539975166,5.884709835052));
#9288 = LINE('',#9289,#9290);
#9289 = CARTESIAN_POINT('',(25.,2.296099901199,5.543280124664));
#9290 = VECTOR('',#9291,1.);
#9291 = DIRECTION('',(0.,-0.956941554453,0.290280659642));
#9292 = ORIENTED_EDGE('',*,*,#9293,.T.);
#9293 = EDGE_CURVE('',#9286,#9294,#9296,.T.);
#9294 = VERTEX_POINT('',#9295);
#9295 = CARTESIAN_POINT('',(25.,0.,6.));
#9296 = LINE('',#9297,#9298);
#9297 = CARTESIAN_POINT('',(25.,1.170539975166,5.884709835052));
#9298 = VECTOR('',#9299,1.);
#9299 = DIRECTION('',(0.,-0.99518455748,9.801885815031E-02));
#9300 = ORIENTED_EDGE('',*,*,#9301,.T.);
#9301 = EDGE_CURVE('',#9294,#9302,#9304,.T.);
#9302 = VERTEX_POINT('',#9303);
#9303 = CARTESIAN_POINT('',(25.,-1.170539975166,5.884709835052));
#9304 = LINE('',#9305,#9306);
#9305 = CARTESIAN_POINT('',(25.,0.,6.));
#9306 = VECTOR('',#9307,1.);
#9307 = DIRECTION('',(0.,-0.99518455748,-9.801885815031E-02));
#9308 = ORIENTED_EDGE('',*,*,#9309,.T.);
#9309 = EDGE_CURVE('',#9302,#9310,#9312,.T.);
#9310 = VERTEX_POINT('',#9311);
#9311 = CARTESIAN_POINT('',(25.,-2.296099901199,5.543280124664));
#9312 = LINE('',#9313,#9314);
#9313 = CARTESIAN_POINT('',(25.,-1.170539975166,5.884709835052));
#9314 = VECTOR('',#9315,1.);
#9315 = DIRECTION('',(0.,-0.956941554453,-0.290280659642));
#9316 = ORIENTED_EDGE('',*,*,#9317,.T.);
#9317 = EDGE_CURVE('',#9310,#9318,#9320,.T.);
#9318 = VERTEX_POINT('',#9319);
#9319 = CARTESIAN_POINT('',(25.,-3.333420038223,4.988820075989));
#9320 = LINE('',#9321,#9322);
#9321 = CARTESIAN_POINT('',(25.,-2.296099901199,5.543280124664));
#9322 = VECTOR('',#9323,1.);
#9323 = DIRECTION('',(0.,-0.881920951933,-0.471397321313));
#9324 = ORIENTED_EDGE('',*,*,#9325,.F.);
#9325 = EDGE_CURVE('',#9326,#9318,#9328,.T.);
#9326 = VERTEX_POINT('',#9327);
#9327 = CARTESIAN_POINT('',(25.,-4.242640018463,4.242640018463));
#9328 = LINE('',#9329,#9330);
#9329 = CARTESIAN_POINT('',(25.,-4.242640018463,4.242640018463));
#9330 = VECTOR('',#9331,1.);
#9331 = DIRECTION('',(0.,0.773009409567,0.634394556031));
#9332 = ORIENTED_EDGE('',*,*,#9333,.T.);
#9333 = EDGE_CURVE('',#9326,#9334,#9336,.T.);
#9334 = VERTEX_POINT('',#9335);
#9335 = CARTESIAN_POINT('',(25.,-4.988820075989,3.333420038223));
#9336 = LINE('',#9337,#9338);
#9337 = CARTESIAN_POINT('',(25.,-4.242640018463,4.242640018463));
#9338 = VECTOR('',#9339,1.);
#9339 = DIRECTION('',(0.,-0.634394556031,-0.773009409567));
#9340 = ORIENTED_EDGE('',*,*,#9341,.F.);
#9341 = EDGE_CURVE('',#9342,#9334,#9344,.T.);
#9342 = VERTEX_POINT('',#9343);
#9343 = CARTESIAN_POINT('',(25.,-5.543280124664,2.296099901199));
#9344 = LINE('',#9345,#9346);
#9345 = CARTESIAN_POINT('',(25.,-5.543280124664,2.296099901199));
#9346 = VECTOR('',#9347,1.);
#9347 = DIRECTION('',(0.,0.471397321313,0.881920951933));
#9348 = ORIENTED_EDGE('',*,*,#9349,.T.);
#9349 = EDGE_CURVE('',#9342,#9350,#9352,.T.);
#9350 = VERTEX_POINT('',#9351);
#9351 = CARTESIAN_POINT('',(25.,-5.884709835052,1.170539975166));
#9352 = LINE('',#9353,#9354);
#9353 = CARTESIAN_POINT('',(25.,-5.543280124664,2.296099901199));
#9354 = VECTOR('',#9355,1.);
#9355 = DIRECTION('',(0.,-0.290280659642,-0.956941554453));
#9356 = ORIENTED_EDGE('',*,*,#9357,.T.);
#9357 = EDGE_CURVE('',#9350,#9358,#9360,.T.);
#9358 = VERTEX_POINT('',#9359);
#9359 = CARTESIAN_POINT('',(25.,-6.,0.));
#9360 = LINE('',#9361,#9362);
#9361 = CARTESIAN_POINT('',(25.,-5.884709835052,1.170539975166));
#9362 = VECTOR('',#9363,1.);
#9363 = DIRECTION('',(0.,-9.801885815031E-02,-0.99518455748));
#9364 = ORIENTED_EDGE('',*,*,#9365,.T.);
#9365 = EDGE_CURVE('',#9358,#9146,#9366,.T.);
#9366 = LINE('',#9367,#9368);
#9367 = CARTESIAN_POINT('',(25.,-6.,0.));
#9368 = VECTOR('',#9369,1.);
#9369 = DIRECTION('',(0.,9.801885815031E-02,-0.99518455748));
#9370 = FACE_BOUND('',#9371,.F.);
#9371 = EDGE_LOOP('',(#9372,#9382,#9390,#9398,#9406,#9414,#9422,#9430,
    #9438,#9446,#9454,#9462,#9470,#9478,#9486,#9494,#9502,#9510,#9518,
    #9526,#9534,#9542,#9550,#9558,#9566,#9574,#9582,#9590,#9598,#9606,
    #9614,#9622));
#9372 = ORIENTED_EDGE('',*,*,#9373,.T.);
#9373 = EDGE_CURVE('',#9374,#9376,#9378,.T.);
#9374 = VERTEX_POINT('',#9375);
#9375 = CARTESIAN_POINT('',(25.,-2.550040006638,-0.507234990597));
#9376 = VERTEX_POINT('',#9377);
#9377 = CARTESIAN_POINT('',(25.,-2.599999904633,0.));
#9378 = LINE('',#9379,#9380);
#9379 = CARTESIAN_POINT('',(25.,-2.550040006638,-0.507234990597));
#9380 = VECTOR('',#9381,1.);
#9381 = DIRECTION('',(0.,-9.802027253596E-02,0.995184418172));
#9382 = ORIENTED_EDGE('',*,*,#9383,.T.);
#9383 = EDGE_CURVE('',#9376,#9384,#9386,.T.);
#9384 = VERTEX_POINT('',#9385);
#9385 = CARTESIAN_POINT('',(25.,-2.550040006638,0.507234990597));
#9386 = LINE('',#9387,#9388);
#9387 = CARTESIAN_POINT('',(25.,-2.599999904633,0.));
#9388 = VECTOR('',#9389,1.);
#9389 = DIRECTION('',(0.,9.802027253596E-02,0.995184418172));
#9390 = ORIENTED_EDGE('',*,*,#9391,.T.);
#9391 = EDGE_CURVE('',#9384,#9392,#9394,.T.);
#9392 = VERTEX_POINT('',#9393);
#9393 = CARTESIAN_POINT('',(25.,-2.402090072632,0.994975984097));
#9394 = LINE('',#9395,#9396);
#9395 = CARTESIAN_POINT('',(25.,-2.550040006638,0.507234990597));
#9396 = VECTOR('',#9397,1.);
#9397 = DIRECTION('',(0.,0.290276270962,0.956942885713));
#9398 = ORIENTED_EDGE('',*,*,#9399,.T.);
#9399 = EDGE_CURVE('',#9392,#9400,#9402,.T.);
#9400 = VERTEX_POINT('',#9401);
#9401 = CARTESIAN_POINT('',(25.,-2.161819934845,1.444479942322));
#9402 = LINE('',#9403,#9404);
#9403 = CARTESIAN_POINT('',(25.,-2.402090072632,0.994975984097));
#9404 = VECTOR('',#9405,1.);
#9405 = DIRECTION('',(0.,0.471404773413,0.881916968656));
#9406 = ORIENTED_EDGE('',*,*,#9407,.T.);
#9407 = EDGE_CURVE('',#9400,#9408,#9410,.T.);
#9408 = VERTEX_POINT('',#9409);
#9409 = CARTESIAN_POINT('',(25.,-1.838479995728,1.838479995728));
#9410 = LINE('',#9411,#9412);
#9411 = CARTESIAN_POINT('',(25.,-2.161819934845,1.444479942322));
#9412 = VECTOR('',#9413,1.);
#9413 = DIRECTION('',(0.,0.63438443474,0.773017715812));
#9414 = ORIENTED_EDGE('',*,*,#9415,.T.);
#9415 = EDGE_CURVE('',#9408,#9416,#9418,.T.);
#9416 = VERTEX_POINT('',#9417);
#9417 = CARTESIAN_POINT('',(25.,-1.444479942322,2.161819934845));
#9418 = LINE('',#9419,#9420);
#9419 = CARTESIAN_POINT('',(25.,-1.838479995728,1.838479995728));
#9420 = VECTOR('',#9421,1.);
#9421 = DIRECTION('',(0.,0.773017715812,0.63438443474));
#9422 = ORIENTED_EDGE('',*,*,#9423,.T.);
#9423 = EDGE_CURVE('',#9416,#9424,#9426,.T.);
#9424 = VERTEX_POINT('',#9425);
#9425 = CARTESIAN_POINT('',(25.,-0.994975984097,2.402090072632));
#9426 = LINE('',#9427,#9428);
#9427 = CARTESIAN_POINT('',(25.,-1.444479942322,2.161819934845));
#9428 = VECTOR('',#9429,1.);
#9429 = DIRECTION('',(0.,0.881916968656,0.471404773413));
#9430 = ORIENTED_EDGE('',*,*,#9431,.T.);
#9431 = EDGE_CURVE('',#9424,#9432,#9434,.T.);
#9432 = VERTEX_POINT('',#9433);
#9433 = CARTESIAN_POINT('',(25.,-0.507234990597,2.550040006638));
#9434 = LINE('',#9435,#9436);
#9435 = CARTESIAN_POINT('',(25.,-0.994975984097,2.402090072632));
#9436 = VECTOR('',#9437,1.);
#9437 = DIRECTION('',(0.,0.956942885713,0.290276270962));
#9438 = ORIENTED_EDGE('',*,*,#9439,.T.);
#9439 = EDGE_CURVE('',#9432,#9440,#9442,.T.);
#9440 = VERTEX_POINT('',#9441);
#9441 = CARTESIAN_POINT('',(25.,0.,2.599999904633));
#9442 = LINE('',#9443,#9444);
#9443 = CARTESIAN_POINT('',(25.,-0.507234990597,2.550040006638));
#9444 = VECTOR('',#9445,1.);
#9445 = DIRECTION('',(0.,0.995184418172,9.802027253596E-02));
#9446 = ORIENTED_EDGE('',*,*,#9447,.T.);
#9447 = EDGE_CURVE('',#9440,#9448,#9450,.T.);
#9448 = VERTEX_POINT('',#9449);
#9449 = CARTESIAN_POINT('',(25.,0.507234990597,2.550040006638));
#9450 = LINE('',#9451,#9452);
#9451 = CARTESIAN_POINT('',(25.,0.,2.599999904633));
#9452 = VECTOR('',#9453,1.);
#9453 = DIRECTION('',(0.,0.995184418172,-9.802027253596E-02));
#9454 = ORIENTED_EDGE('',*,*,#9455,.T.);
#9455 = EDGE_CURVE('',#9448,#9456,#9458,.T.);
#9456 = VERTEX_POINT('',#9457);
#9457 = CARTESIAN_POINT('',(25.,0.994975984097,2.402090072632));
#9458 = LINE('',#9459,#9460);
#9459 = CARTESIAN_POINT('',(25.,0.507234990597,2.550040006638));
#9460 = VECTOR('',#9461,1.);
#9461 = DIRECTION('',(0.,0.956942885713,-0.290276270962));
#9462 = ORIENTED_EDGE('',*,*,#9463,.T.);
#9463 = EDGE_CURVE('',#9456,#9464,#9466,.T.);
#9464 = VERTEX_POINT('',#9465);
#9465 = CARTESIAN_POINT('',(25.,1.444479942322,2.161819934845));
#9466 = LINE('',#9467,#9468);
#9467 = CARTESIAN_POINT('',(25.,0.994975984097,2.402090072632));
#9468 = VECTOR('',#9469,1.);
#9469 = DIRECTION('',(0.,0.881916968656,-0.471404773413));
#9470 = ORIENTED_EDGE('',*,*,#9471,.T.);
#9471 = EDGE_CURVE('',#9464,#9472,#9474,.T.);
#9472 = VERTEX_POINT('',#9473);
#9473 = CARTESIAN_POINT('',(25.,1.838479995728,1.838479995728));
#9474 = LINE('',#9475,#9476);
#9475 = CARTESIAN_POINT('',(25.,1.444479942322,2.161819934845));
#9476 = VECTOR('',#9477,1.);
#9477 = DIRECTION('',(0.,0.773017715812,-0.63438443474));
#9478 = ORIENTED_EDGE('',*,*,#9479,.T.);
#9479 = EDGE_CURVE('',#9472,#9480,#9482,.T.);
#9480 = VERTEX_POINT('',#9481);
#9481 = CARTESIAN_POINT('',(25.,2.161819934845,1.444479942322));
#9482 = LINE('',#9483,#9484);
#9483 = CARTESIAN_POINT('',(25.,1.838479995728,1.838479995728));
#9484 = VECTOR('',#9485,1.);
#9485 = DIRECTION('',(0.,0.63438443474,-0.773017715812));
#9486 = ORIENTED_EDGE('',*,*,#9487,.T.);
#9487 = EDGE_CURVE('',#9480,#9488,#9490,.T.);
#9488 = VERTEX_POINT('',#9489);
#9489 = CARTESIAN_POINT('',(25.,2.402090072632,0.994975984097));
#9490 = LINE('',#9491,#9492);
#9491 = CARTESIAN_POINT('',(25.,2.161819934845,1.444479942322));
#9492 = VECTOR('',#9493,1.);
#9493 = DIRECTION('',(0.,0.471404773413,-0.881916968656));
#9494 = ORIENTED_EDGE('',*,*,#9495,.T.);
#9495 = EDGE_CURVE('',#9488,#9496,#9498,.T.);
#9496 = VERTEX_POINT('',#9497);
#9497 = CARTESIAN_POINT('',(25.,2.550040006638,0.507234990597));
#9498 = LINE('',#9499,#9500);
#9499 = CARTESIAN_POINT('',(25.,2.402090072632,0.994975984097));
#9500 = VECTOR('',#9501,1.);
#9501 = DIRECTION('',(0.,0.290276270962,-0.956942885713));
#9502 = ORIENTED_EDGE('',*,*,#9503,.T.);
#9503 = EDGE_CURVE('',#9496,#9504,#9506,.T.);
#9504 = VERTEX_POINT('',#9505);
#9505 = CARTESIAN_POINT('',(25.,2.599999904633,0.));
#9506 = LINE('',#9507,#9508);
#9507 = CARTESIAN_POINT('',(25.,2.550040006638,0.507234990597));
#9508 = VECTOR('',#9509,1.);
#9509 = DIRECTION('',(0.,9.802027253596E-02,-0.995184418172));
#9510 = ORIENTED_EDGE('',*,*,#9511,.T.);
#9511 = EDGE_CURVE('',#9504,#9512,#9514,.T.);
#9512 = VERTEX_POINT('',#9513);
#9513 = CARTESIAN_POINT('',(25.,2.550040006638,-0.507234990597));
#9514 = LINE('',#9515,#9516);
#9515 = CARTESIAN_POINT('',(25.,2.599999904633,0.));
#9516 = VECTOR('',#9517,1.);
#9517 = DIRECTION('',(0.,-9.802027253596E-02,-0.995184418172));
#9518 = ORIENTED_EDGE('',*,*,#9519,.T.);
#9519 = EDGE_CURVE('',#9512,#9520,#9522,.T.);
#9520 = VERTEX_POINT('',#9521);
#9521 = CARTESIAN_POINT('',(25.,2.402090072632,-0.994975984097));
#9522 = LINE('',#9523,#9524);
#9523 = CARTESIAN_POINT('',(25.,2.550040006638,-0.507234990597));
#9524 = VECTOR('',#9525,1.);
#9525 = DIRECTION('',(0.,-0.290276270962,-0.956942885713));
#9526 = ORIENTED_EDGE('',*,*,#9527,.T.);
#9527 = EDGE_CURVE('',#9520,#9528,#9530,.T.);
#9528 = VERTEX_POINT('',#9529);
#9529 = CARTESIAN_POINT('',(25.,2.161819934845,-1.444479942322));
#9530 = LINE('',#9531,#9532);
#9531 = CARTESIAN_POINT('',(25.,2.402090072632,-0.994975984097));
#9532 = VECTOR('',#9533,1.);
#9533 = DIRECTION('',(0.,-0.471404773413,-0.881916968656));
#9534 = ORIENTED_EDGE('',*,*,#9535,.T.);
#9535 = EDGE_CURVE('',#9528,#9536,#9538,.T.);
#9536 = VERTEX_POINT('',#9537);
#9537 = CARTESIAN_POINT('',(25.,1.838479995728,-1.838479995728));
#9538 = LINE('',#9539,#9540);
#9539 = CARTESIAN_POINT('',(25.,2.161819934845,-1.444479942322));
#9540 = VECTOR('',#9541,1.);
#9541 = DIRECTION('',(0.,-0.63438443474,-0.773017715812));
#9542 = ORIENTED_EDGE('',*,*,#9543,.T.);
#9543 = EDGE_CURVE('',#9536,#9544,#9546,.T.);
#9544 = VERTEX_POINT('',#9545);
#9545 = CARTESIAN_POINT('',(25.,1.444479942322,-2.161819934845));
#9546 = LINE('',#9547,#9548);
#9547 = CARTESIAN_POINT('',(25.,1.838479995728,-1.838479995728));
#9548 = VECTOR('',#9549,1.);
#9549 = DIRECTION('',(0.,-0.773017715812,-0.63438443474));
#9550 = ORIENTED_EDGE('',*,*,#9551,.T.);
#9551 = EDGE_CURVE('',#9544,#9552,#9554,.T.);
#9552 = VERTEX_POINT('',#9553);
#9553 = CARTESIAN_POINT('',(25.,0.994975984097,-2.402090072632));
#9554 = LINE('',#9555,#9556);
#9555 = CARTESIAN_POINT('',(25.,1.444479942322,-2.161819934845));
#9556 = VECTOR('',#9557,1.);
#9557 = DIRECTION('',(0.,-0.881916968656,-0.471404773413));
#9558 = ORIENTED_EDGE('',*,*,#9559,.T.);
#9559 = EDGE_CURVE('',#9552,#9560,#9562,.T.);
#9560 = VERTEX_POINT('',#9561);
#9561 = CARTESIAN_POINT('',(25.,0.507234990597,-2.550040006638));
#9562 = LINE('',#9563,#9564);
#9563 = CARTESIAN_POINT('',(25.,0.994975984097,-2.402090072632));
#9564 = VECTOR('',#9565,1.);
#9565 = DIRECTION('',(0.,-0.956942885713,-0.290276270962));
#9566 = ORIENTED_EDGE('',*,*,#9567,.T.);
#9567 = EDGE_CURVE('',#9560,#9568,#9570,.T.);
#9568 = VERTEX_POINT('',#9569);
#9569 = CARTESIAN_POINT('',(25.,0.,-2.599999904633));
#9570 = LINE('',#9571,#9572);
#9571 = CARTESIAN_POINT('',(25.,0.507234990597,-2.550040006638));
#9572 = VECTOR('',#9573,1.);
#9573 = DIRECTION('',(0.,-0.995184418172,-9.802027253596E-02));
#9574 = ORIENTED_EDGE('',*,*,#9575,.T.);
#9575 = EDGE_CURVE('',#9568,#9576,#9578,.T.);
#9576 = VERTEX_POINT('',#9577);
#9577 = CARTESIAN_POINT('',(25.,-0.507234990597,-2.550040006638));
#9578 = LINE('',#9579,#9580);
#9579 = CARTESIAN_POINT('',(25.,0.,-2.599999904633));
#9580 = VECTOR('',#9581,1.);
#9581 = DIRECTION('',(0.,-0.995184418172,9.802027253596E-02));
#9582 = ORIENTED_EDGE('',*,*,#9583,.T.);
#9583 = EDGE_CURVE('',#9576,#9584,#9586,.T.);
#9584 = VERTEX_POINT('',#9585);
#9585 = CARTESIAN_POINT('',(25.,-0.994975984097,-2.402090072632));
#9586 = LINE('',#9587,#9588);
#9587 = CARTESIAN_POINT('',(25.,-0.507234990597,-2.550040006638));
#9588 = VECTOR('',#9589,1.);
#9589 = DIRECTION('',(0.,-0.956942885713,0.290276270962));
#9590 = ORIENTED_EDGE('',*,*,#9591,.T.);
#9591 = EDGE_CURVE('',#9584,#9592,#9594,.T.);
#9592 = VERTEX_POINT('',#9593);
#9593 = CARTESIAN_POINT('',(25.,-1.444479942322,-2.161819934845));
#9594 = LINE('',#9595,#9596);
#9595 = CARTESIAN_POINT('',(25.,-0.994975984097,-2.402090072632));
#9596 = VECTOR('',#9597,1.);
#9597 = DIRECTION('',(0.,-0.881916968656,0.471404773413));
#9598 = ORIENTED_EDGE('',*,*,#9599,.T.);
#9599 = EDGE_CURVE('',#9592,#9600,#9602,.T.);
#9600 = VERTEX_POINT('',#9601);
#9601 = CARTESIAN_POINT('',(25.,-1.838479995728,-1.838479995728));
#9602 = LINE('',#9603,#9604);
#9603 = CARTESIAN_POINT('',(25.,-1.444479942322,-2.161819934845));
#9604 = VECTOR('',#9605,1.);
#9605 = DIRECTION('',(0.,-0.773017715812,0.63438443474));
#9606 = ORIENTED_EDGE('',*,*,#9607,.T.);
#9607 = EDGE_CURVE('',#9600,#9608,#9610,.T.);
#9608 = VERTEX_POINT('',#9609);
#9609 = CARTESIAN_POINT('',(25.,-2.161819934845,-1.444479942322));
#9610 = LINE('',#9611,#9612);
#9611 = CARTESIAN_POINT('',(25.,-1.838479995728,-1.838479995728));
#9612 = VECTOR('',#9613,1.);
#9613 = DIRECTION('',(0.,-0.63438443474,0.773017715812));
#9614 = ORIENTED_EDGE('',*,*,#9615,.T.);
#9615 = EDGE_CURVE('',#9608,#9616,#9618,.T.);
#9616 = VERTEX_POINT('',#9617);
#9617 = CARTESIAN_POINT('',(25.,-2.402090072632,-0.994975984097));
#9618 = LINE('',#9619,#9620);
#9619 = CARTESIAN_POINT('',(25.,-2.161819934845,-1.444479942322));
#9620 = VECTOR('',#9621,1.);
#9621 = DIRECTION('',(0.,-0.471404773413,0.881916968656));
#9622 = ORIENTED_EDGE('',*,*,#9623,.T.);
#9623 = EDGE_CURVE('',#9616,#9374,#9624,.T.);
#9624 = LINE('',#9625,#9626);
#9625 = CARTESIAN_POINT('',(25.,-2.402090072632,-0.994975984097));
#9626 = VECTOR('',#9627,1.);
#9627 = DIRECTION('',(0.,-0.290276270962,0.956942885713));
#9628 = PLANE('',#9629);
#9629 = AXIS2_PLACEMENT_3D('',#9630,#9631,#9632);
#9630 = CARTESIAN_POINT('',(25.,-2.359755170232E-17,-1.976294955069E-16)
  );
#9631 = DIRECTION('',(1.,0.,0.));
#9632 = DIRECTION('',(-0.,0.,1.));
#9633 = ADVANCED_FACE('',(#9634),#9659,.F.);
#9634 = FACE_BOUND('',#9635,.F.);
#9635 = EDGE_LOOP('',(#9636,#9644,#9645,#9653));
#9636 = ORIENTED_EDGE('',*,*,#9637,.T.);
#9637 = EDGE_CURVE('',#9638,#9376,#9640,.T.);
#9638 = VERTEX_POINT('',#9639);
#9639 = CARTESIAN_POINT('',(23.,-2.599999904633,0.));
#9640 = LINE('',#9641,#9642);
#9641 = CARTESIAN_POINT('',(23.,-2.599999904633,0.));
#9642 = VECTOR('',#9643,1.);
#9643 = DIRECTION('',(1.,0.,0.));
#9644 = ORIENTED_EDGE('',*,*,#9373,.F.);
#9645 = ORIENTED_EDGE('',*,*,#9646,.F.);
#9646 = EDGE_CURVE('',#9647,#9374,#9649,.T.);
#9647 = VERTEX_POINT('',#9648);
#9648 = CARTESIAN_POINT('',(23.,-2.550040006638,-0.507234990597));
#9649 = LINE('',#9650,#9651);
#9650 = CARTESIAN_POINT('',(23.,-2.550040006638,-0.507234990597));
#9651 = VECTOR('',#9652,1.);
#9652 = DIRECTION('',(1.,0.,0.));
#9653 = ORIENTED_EDGE('',*,*,#9654,.T.);
#9654 = EDGE_CURVE('',#9647,#9638,#9655,.T.);
#9655 = LINE('',#9656,#9657);
#9656 = CARTESIAN_POINT('',(23.,-2.550040006638,-0.507234990597));
#9657 = VECTOR('',#9658,1.);
#9658 = DIRECTION('',(0.,-9.802027253596E-02,0.995184418172));
#9659 = PLANE('',#9660);
#9660 = AXIS2_PLACEMENT_3D('',#9661,#9662,#9663);
#9661 = CARTESIAN_POINT('',(24.,-2.575019955635,-0.253617495298));
#9662 = DIRECTION('',(0.,0.995184418172,9.802027253596E-02));
#9663 = DIRECTION('',(0.,-9.802027253596E-02,0.995184418172));
#9664 = ADVANCED_FACE('',(#9665),#9683,.F.);
#9665 = FACE_BOUND('',#9666,.F.);
#9666 = EDGE_LOOP('',(#9667,#9668,#9669,#9677));
#9667 = ORIENTED_EDGE('',*,*,#9646,.T.);
#9668 = ORIENTED_EDGE('',*,*,#9623,.F.);
#9669 = ORIENTED_EDGE('',*,*,#9670,.T.);
#9670 = EDGE_CURVE('',#9616,#9671,#9673,.T.);
#9671 = VERTEX_POINT('',#9672);
#9672 = CARTESIAN_POINT('',(23.,-2.402090072632,-0.994975984097));
#9673 = LINE('',#9674,#9675);
#9674 = CARTESIAN_POINT('',(25.,-2.402090072632,-0.994975984097));
#9675 = VECTOR('',#9676,1.);
#9676 = DIRECTION('',(-1.,0.,0.));
#9677 = ORIENTED_EDGE('',*,*,#9678,.T.);
#9678 = EDGE_CURVE('',#9671,#9647,#9679,.T.);
#9679 = LINE('',#9680,#9681);
#9680 = CARTESIAN_POINT('',(23.,-2.402090072632,-0.994975984097));
#9681 = VECTOR('',#9682,1.);
#9682 = DIRECTION('',(0.,-0.290276270962,0.956942885713));
#9683 = PLANE('',#9684);
#9684 = AXIS2_PLACEMENT_3D('',#9685,#9686,#9687);
#9685 = CARTESIAN_POINT('',(24.,-2.476065039635,-0.751105487347));
#9686 = DIRECTION('',(0.,0.956942885713,0.290276270962));
#9687 = DIRECTION('',(0.,-0.290276270962,0.956942885713));
#9688 = ADVANCED_FACE('',(#9689),#9714,.F.);
#9689 = FACE_BOUND('',#9690,.F.);
#9690 = EDGE_LOOP('',(#9691,#9699,#9700,#9708));
#9691 = ORIENTED_EDGE('',*,*,#9692,.T.);
#9692 = EDGE_CURVE('',#9693,#9392,#9695,.T.);
#9693 = VERTEX_POINT('',#9694);
#9694 = CARTESIAN_POINT('',(23.,-2.402090072632,0.994975984097));
#9695 = LINE('',#9696,#9697);
#9696 = CARTESIAN_POINT('',(23.,-2.402090072632,0.994975984097));
#9697 = VECTOR('',#9698,1.);
#9698 = DIRECTION('',(1.,0.,0.));
#9699 = ORIENTED_EDGE('',*,*,#9391,.F.);
#9700 = ORIENTED_EDGE('',*,*,#9701,.T.);
#9701 = EDGE_CURVE('',#9384,#9702,#9704,.T.);
#9702 = VERTEX_POINT('',#9703);
#9703 = CARTESIAN_POINT('',(23.,-2.550040006638,0.507234990597));
#9704 = LINE('',#9705,#9706);
#9705 = CARTESIAN_POINT('',(25.,-2.550040006638,0.507234990597));
#9706 = VECTOR('',#9707,1.);
#9707 = DIRECTION('',(-1.,0.,0.));
#9708 = ORIENTED_EDGE('',*,*,#9709,.T.);
#9709 = EDGE_CURVE('',#9702,#9693,#9710,.T.);
#9710 = LINE('',#9711,#9712);
#9711 = CARTESIAN_POINT('',(23.,-2.550040006638,0.507234990597));
#9712 = VECTOR('',#9713,1.);
#9713 = DIRECTION('',(0.,0.290276270962,0.956942885713));
#9714 = PLANE('',#9715);
#9715 = AXIS2_PLACEMENT_3D('',#9716,#9717,#9718);
#9716 = CARTESIAN_POINT('',(24.,-2.476065039635,0.751105487347));
#9717 = DIRECTION('',(0.,0.956942885713,-0.290276270962));
#9718 = DIRECTION('',(0.,0.290276270962,0.956942885713));
#9719 = ADVANCED_FACE('',(#9720),#9745,.F.);
#9720 = FACE_BOUND('',#9721,.F.);
#9721 = EDGE_LOOP('',(#9722,#9730,#9731,#9739));
#9722 = ORIENTED_EDGE('',*,*,#9723,.T.);
#9723 = EDGE_CURVE('',#9724,#9408,#9726,.T.);
#9724 = VERTEX_POINT('',#9725);
#9725 = CARTESIAN_POINT('',(23.,-1.838479995728,1.838479995728));
#9726 = LINE('',#9727,#9728);
#9727 = CARTESIAN_POINT('',(23.,-1.838479995728,1.838479995728));
#9728 = VECTOR('',#9729,1.);
#9729 = DIRECTION('',(1.,0.,0.));
#9730 = ORIENTED_EDGE('',*,*,#9407,.F.);
#9731 = ORIENTED_EDGE('',*,*,#9732,.T.);
#9732 = EDGE_CURVE('',#9400,#9733,#9735,.T.);
#9733 = VERTEX_POINT('',#9734);
#9734 = CARTESIAN_POINT('',(23.,-2.161819934845,1.444479942322));
#9735 = LINE('',#9736,#9737);
#9736 = CARTESIAN_POINT('',(25.,-2.161819934845,1.444479942322));
#9737 = VECTOR('',#9738,1.);
#9738 = DIRECTION('',(-1.,0.,0.));
#9739 = ORIENTED_EDGE('',*,*,#9740,.T.);
#9740 = EDGE_CURVE('',#9733,#9724,#9741,.T.);
#9741 = LINE('',#9742,#9743);
#9742 = CARTESIAN_POINT('',(23.,-2.161819934845,1.444479942322));
#9743 = VECTOR('',#9744,1.);
#9744 = DIRECTION('',(0.,0.63438443474,0.773017715812));
#9745 = PLANE('',#9746);
#9746 = AXIS2_PLACEMENT_3D('',#9747,#9748,#9749);
#9747 = CARTESIAN_POINT('',(24.,-2.000149965286,1.641479969025));
#9748 = DIRECTION('',(0.,0.773017715812,-0.63438443474));
#9749 = DIRECTION('',(0.,0.63438443474,0.773017715812));
#9750 = ADVANCED_FACE('',(#9751),#9776,.F.);
#9751 = FACE_BOUND('',#9752,.F.);
#9752 = EDGE_LOOP('',(#9753,#9754,#9762,#9770));
#9753 = ORIENTED_EDGE('',*,*,#9423,.F.);
#9754 = ORIENTED_EDGE('',*,*,#9755,.T.);
#9755 = EDGE_CURVE('',#9416,#9756,#9758,.T.);
#9756 = VERTEX_POINT('',#9757);
#9757 = CARTESIAN_POINT('',(23.,-1.444479942322,2.161819934845));
#9758 = LINE('',#9759,#9760);
#9759 = CARTESIAN_POINT('',(25.,-1.444479942322,2.161819934845));
#9760 = VECTOR('',#9761,1.);
#9761 = DIRECTION('',(-1.,0.,0.));
#9762 = ORIENTED_EDGE('',*,*,#9763,.T.);
#9763 = EDGE_CURVE('',#9756,#9764,#9766,.T.);
#9764 = VERTEX_POINT('',#9765);
#9765 = CARTESIAN_POINT('',(23.,-0.994975984097,2.402090072632));
#9766 = LINE('',#9767,#9768);
#9767 = CARTESIAN_POINT('',(23.,-1.444479942322,2.161819934845));
#9768 = VECTOR('',#9769,1.);
#9769 = DIRECTION('',(0.,0.881916968656,0.471404773413));
#9770 = ORIENTED_EDGE('',*,*,#9771,.F.);
#9771 = EDGE_CURVE('',#9424,#9764,#9772,.T.);
#9772 = LINE('',#9773,#9774);
#9773 = CARTESIAN_POINT('',(25.,-0.994975984097,2.402090072632));
#9774 = VECTOR('',#9775,1.);
#9775 = DIRECTION('',(-1.,0.,0.));
#9776 = PLANE('',#9777);
#9777 = AXIS2_PLACEMENT_3D('',#9778,#9779,#9780);
#9778 = CARTESIAN_POINT('',(24.,-1.219727963209,2.281955003738));
#9779 = DIRECTION('',(-0.,0.471404773413,-0.881916968656));
#9780 = DIRECTION('',(0.,-0.881916968656,-0.471404773413));
#9781 = ADVANCED_FACE('',(#9782),#9800,.F.);
#9782 = FACE_BOUND('',#9783,.F.);
#9783 = EDGE_LOOP('',(#9784,#9785,#9786,#9794));
#9784 = ORIENTED_EDGE('',*,*,#9431,.F.);
#9785 = ORIENTED_EDGE('',*,*,#9771,.T.);
#9786 = ORIENTED_EDGE('',*,*,#9787,.T.);
#9787 = EDGE_CURVE('',#9764,#9788,#9790,.T.);
#9788 = VERTEX_POINT('',#9789);
#9789 = CARTESIAN_POINT('',(23.,-0.507234990597,2.550040006638));
#9790 = LINE('',#9791,#9792);
#9791 = CARTESIAN_POINT('',(23.,-0.994975984097,2.402090072632));
#9792 = VECTOR('',#9793,1.);
#9793 = DIRECTION('',(0.,0.956942885713,0.290276270962));
#9794 = ORIENTED_EDGE('',*,*,#9795,.T.);
#9795 = EDGE_CURVE('',#9788,#9432,#9796,.T.);
#9796 = LINE('',#9797,#9798);
#9797 = CARTESIAN_POINT('',(23.,-0.507234990597,2.550040006638));
#9798 = VECTOR('',#9799,1.);
#9799 = DIRECTION('',(1.,0.,0.));
#9800 = PLANE('',#9801);
#9801 = AXIS2_PLACEMENT_3D('',#9802,#9803,#9804);
#9802 = CARTESIAN_POINT('',(24.,-0.751105487347,2.476065039635));
#9803 = DIRECTION('',(-0.,0.290276270962,-0.956942885713));
#9804 = DIRECTION('',(0.,-0.956942885713,-0.290276270962));
#9805 = ADVANCED_FACE('',(#9806),#9831,.F.);
#9806 = FACE_BOUND('',#9807,.F.);
#9807 = EDGE_LOOP('',(#9808,#9809,#9817,#9825));
#9808 = ORIENTED_EDGE('',*,*,#9455,.F.);
#9809 = ORIENTED_EDGE('',*,*,#9810,.T.);
#9810 = EDGE_CURVE('',#9448,#9811,#9813,.T.);
#9811 = VERTEX_POINT('',#9812);
#9812 = CARTESIAN_POINT('',(23.,0.507234990597,2.550040006638));
#9813 = LINE('',#9814,#9815);
#9814 = CARTESIAN_POINT('',(25.,0.507234990597,2.550040006638));
#9815 = VECTOR('',#9816,1.);
#9816 = DIRECTION('',(-1.,0.,0.));
#9817 = ORIENTED_EDGE('',*,*,#9818,.T.);
#9818 = EDGE_CURVE('',#9811,#9819,#9821,.T.);
#9819 = VERTEX_POINT('',#9820);
#9820 = CARTESIAN_POINT('',(23.,0.994975984097,2.402090072632));
#9821 = LINE('',#9822,#9823);
#9822 = CARTESIAN_POINT('',(23.,0.507234990597,2.550040006638));
#9823 = VECTOR('',#9824,1.);
#9824 = DIRECTION('',(0.,0.956942885713,-0.290276270962));
#9825 = ORIENTED_EDGE('',*,*,#9826,.T.);
#9826 = EDGE_CURVE('',#9819,#9456,#9827,.T.);
#9827 = LINE('',#9828,#9829);
#9828 = CARTESIAN_POINT('',(23.,0.994975984097,2.402090072632));
#9829 = VECTOR('',#9830,1.);
#9830 = DIRECTION('',(1.,0.,0.));
#9831 = PLANE('',#9832);
#9832 = AXIS2_PLACEMENT_3D('',#9833,#9834,#9835);
#9833 = CARTESIAN_POINT('',(24.,0.751105487347,2.476065039635));
#9834 = DIRECTION('',(-0.,-0.290276270962,-0.956942885713));
#9835 = DIRECTION('',(0.,-0.956942885713,0.290276270962));
#9836 = ADVANCED_FACE('',(#9837),#9862,.F.);
#9837 = FACE_BOUND('',#9838,.F.);
#9838 = EDGE_LOOP('',(#9839,#9847,#9855,#9861));
#9839 = ORIENTED_EDGE('',*,*,#9840,.T.);
#9840 = EDGE_CURVE('',#9472,#9841,#9843,.T.);
#9841 = VERTEX_POINT('',#9842);
#9842 = CARTESIAN_POINT('',(23.,1.838479995728,1.838479995728));
#9843 = LINE('',#9844,#9845);
#9844 = CARTESIAN_POINT('',(25.,1.838479995728,1.838479995728));
#9845 = VECTOR('',#9846,1.);
#9846 = DIRECTION('',(-1.,0.,0.));
#9847 = ORIENTED_EDGE('',*,*,#9848,.T.);
#9848 = EDGE_CURVE('',#9841,#9849,#9851,.T.);
#9849 = VERTEX_POINT('',#9850);
#9850 = CARTESIAN_POINT('',(23.,2.161819934845,1.444479942322));
#9851 = LINE('',#9852,#9853);
#9852 = CARTESIAN_POINT('',(23.,1.838479995728,1.838479995728));
#9853 = VECTOR('',#9854,1.);
#9854 = DIRECTION('',(0.,0.63438443474,-0.773017715812));
#9855 = ORIENTED_EDGE('',*,*,#9856,.T.);
#9856 = EDGE_CURVE('',#9849,#9480,#9857,.T.);
#9857 = LINE('',#9858,#9859);
#9858 = CARTESIAN_POINT('',(23.,2.161819934845,1.444479942322));
#9859 = VECTOR('',#9860,1.);
#9860 = DIRECTION('',(1.,0.,0.));
#9861 = ORIENTED_EDGE('',*,*,#9479,.F.);
#9862 = PLANE('',#9863);
#9863 = AXIS2_PLACEMENT_3D('',#9864,#9865,#9866);
#9864 = CARTESIAN_POINT('',(24.,2.000149965286,1.641479969025));
#9865 = DIRECTION('',(-0.,-0.773017715812,-0.63438443474));
#9866 = DIRECTION('',(0.,0.63438443474,-0.773017715812));
#9867 = ADVANCED_FACE('',(#9868),#9893,.F.);
#9868 = FACE_BOUND('',#9869,.F.);
#9869 = EDGE_LOOP('',(#9870,#9878,#9886,#9892));
#9870 = ORIENTED_EDGE('',*,*,#9871,.T.);
#9871 = EDGE_CURVE('',#9488,#9872,#9874,.T.);
#9872 = VERTEX_POINT('',#9873);
#9873 = CARTESIAN_POINT('',(23.,2.402090072632,0.994975984097));
#9874 = LINE('',#9875,#9876);
#9875 = CARTESIAN_POINT('',(25.,2.402090072632,0.994975984097));
#9876 = VECTOR('',#9877,1.);
#9877 = DIRECTION('',(-1.,0.,0.));
#9878 = ORIENTED_EDGE('',*,*,#9879,.T.);
#9879 = EDGE_CURVE('',#9872,#9880,#9882,.T.);
#9880 = VERTEX_POINT('',#9881);
#9881 = CARTESIAN_POINT('',(23.,2.550040006638,0.507234990597));
#9882 = LINE('',#9883,#9884);
#9883 = CARTESIAN_POINT('',(23.,2.402090072632,0.994975984097));
#9884 = VECTOR('',#9885,1.);
#9885 = DIRECTION('',(0.,0.290276270962,-0.956942885713));
#9886 = ORIENTED_EDGE('',*,*,#9887,.T.);
#9887 = EDGE_CURVE('',#9880,#9496,#9888,.T.);
#9888 = LINE('',#9889,#9890);
#9889 = CARTESIAN_POINT('',(23.,2.550040006638,0.507234990597));
#9890 = VECTOR('',#9891,1.);
#9891 = DIRECTION('',(1.,0.,0.));
#9892 = ORIENTED_EDGE('',*,*,#9495,.F.);
#9893 = PLANE('',#9894);
#9894 = AXIS2_PLACEMENT_3D('',#9895,#9896,#9897);
#9895 = CARTESIAN_POINT('',(24.,2.476065039635,0.751105487347));
#9896 = DIRECTION('',(-0.,-0.956942885713,-0.290276270962));
#9897 = DIRECTION('',(0.,0.290276270962,-0.956942885713));
#9898 = ADVANCED_FACE('',(#9899),#9924,.F.);
#9899 = FACE_BOUND('',#9900,.F.);
#9900 = EDGE_LOOP('',(#9901,#9909,#9917,#9923));
#9901 = ORIENTED_EDGE('',*,*,#9902,.T.);
#9902 = EDGE_CURVE('',#9504,#9903,#9905,.T.);
#9903 = VERTEX_POINT('',#9904);
#9904 = CARTESIAN_POINT('',(23.,2.599999904633,0.));
#9905 = LINE('',#9906,#9907);
#9906 = CARTESIAN_POINT('',(25.,2.599999904633,0.));
#9907 = VECTOR('',#9908,1.);
#9908 = DIRECTION('',(-1.,0.,0.));
#9909 = ORIENTED_EDGE('',*,*,#9910,.T.);
#9910 = EDGE_CURVE('',#9903,#9911,#9913,.T.);
#9911 = VERTEX_POINT('',#9912);
#9912 = CARTESIAN_POINT('',(23.,2.550040006638,-0.507234990597));
#9913 = LINE('',#9914,#9915);
#9914 = CARTESIAN_POINT('',(23.,2.599999904633,0.));
#9915 = VECTOR('',#9916,1.);
#9916 = DIRECTION('',(0.,-9.802027253596E-02,-0.995184418172));
#9917 = ORIENTED_EDGE('',*,*,#9918,.F.);
#9918 = EDGE_CURVE('',#9512,#9911,#9919,.T.);
#9919 = LINE('',#9920,#9921);
#9920 = CARTESIAN_POINT('',(25.,2.550040006638,-0.507234990597));
#9921 = VECTOR('',#9922,1.);
#9922 = DIRECTION('',(-1.,0.,0.));
#9923 = ORIENTED_EDGE('',*,*,#9511,.F.);
#9924 = PLANE('',#9925);
#9925 = AXIS2_PLACEMENT_3D('',#9926,#9927,#9928);
#9926 = CARTESIAN_POINT('',(24.,2.575019955635,-0.253617495298));
#9927 = DIRECTION('',(-0.,-0.995184418172,9.802027253596E-02));
#9928 = DIRECTION('',(0.,-9.802027253596E-02,-0.995184418172));
#9929 = ADVANCED_FACE('',(#9930),#9948,.F.);
#9930 = FACE_BOUND('',#9931,.F.);
#9931 = EDGE_LOOP('',(#9932,#9933,#9941,#9947));
#9932 = ORIENTED_EDGE('',*,*,#9918,.T.);
#9933 = ORIENTED_EDGE('',*,*,#9934,.T.);
#9934 = EDGE_CURVE('',#9911,#9935,#9937,.T.);
#9935 = VERTEX_POINT('',#9936);
#9936 = CARTESIAN_POINT('',(23.,2.402090072632,-0.994975984097));
#9937 = LINE('',#9938,#9939);
#9938 = CARTESIAN_POINT('',(23.,2.550040006638,-0.507234990597));
#9939 = VECTOR('',#9940,1.);
#9940 = DIRECTION('',(0.,-0.290276270962,-0.956942885713));
#9941 = ORIENTED_EDGE('',*,*,#9942,.T.);
#9942 = EDGE_CURVE('',#9935,#9520,#9943,.T.);
#9943 = LINE('',#9944,#9945);
#9944 = CARTESIAN_POINT('',(23.,2.402090072632,-0.994975984097));
#9945 = VECTOR('',#9946,1.);
#9946 = DIRECTION('',(1.,0.,0.));
#9947 = ORIENTED_EDGE('',*,*,#9519,.F.);
#9948 = PLANE('',#9949);
#9949 = AXIS2_PLACEMENT_3D('',#9950,#9951,#9952);
#9950 = CARTESIAN_POINT('',(24.,2.476065039635,-0.751105487347));
#9951 = DIRECTION('',(-0.,-0.956942885713,0.290276270962));
#9952 = DIRECTION('',(0.,-0.290276270962,-0.956942885713));
#9953 = ADVANCED_FACE('',(#9954),#9979,.F.);
#9954 = FACE_BOUND('',#9955,.F.);
#9955 = EDGE_LOOP('',(#9956,#9964,#9972,#9978));
#9956 = ORIENTED_EDGE('',*,*,#9957,.T.);
#9957 = EDGE_CURVE('',#9528,#9958,#9960,.T.);
#9958 = VERTEX_POINT('',#9959);
#9959 = CARTESIAN_POINT('',(23.,2.161819934845,-1.444479942322));
#9960 = LINE('',#9961,#9962);
#9961 = CARTESIAN_POINT('',(25.,2.161819934845,-1.444479942322));
#9962 = VECTOR('',#9963,1.);
#9963 = DIRECTION('',(-1.,0.,0.));
#9964 = ORIENTED_EDGE('',*,*,#9965,.T.);
#9965 = EDGE_CURVE('',#9958,#9966,#9968,.T.);
#9966 = VERTEX_POINT('',#9967);
#9967 = CARTESIAN_POINT('',(23.,1.838479995728,-1.838479995728));
#9968 = LINE('',#9969,#9970);
#9969 = CARTESIAN_POINT('',(23.,2.161819934845,-1.444479942322));
#9970 = VECTOR('',#9971,1.);
#9971 = DIRECTION('',(0.,-0.63438443474,-0.773017715812));
#9972 = ORIENTED_EDGE('',*,*,#9973,.F.);
#9973 = EDGE_CURVE('',#9536,#9966,#9974,.T.);
#9974 = LINE('',#9975,#9976);
#9975 = CARTESIAN_POINT('',(25.,1.838479995728,-1.838479995728));
#9976 = VECTOR('',#9977,1.);
#9977 = DIRECTION('',(-1.,0.,0.));
#9978 = ORIENTED_EDGE('',*,*,#9535,.F.);
#9979 = PLANE('',#9980);
#9980 = AXIS2_PLACEMENT_3D('',#9981,#9982,#9983);
#9981 = CARTESIAN_POINT('',(24.,2.000149965286,-1.641479969025));
#9982 = DIRECTION('',(-0.,-0.773017715812,0.63438443474));
#9983 = DIRECTION('',(0.,-0.63438443474,-0.773017715812));
#9984 = ADVANCED_FACE('',(#9985),#10003,.F.);
#9985 = FACE_BOUND('',#9986,.F.);
#9986 = EDGE_LOOP('',(#9987,#9988,#9989,#9997));
#9987 = ORIENTED_EDGE('',*,*,#9543,.F.);
#9988 = ORIENTED_EDGE('',*,*,#9973,.T.);
#9989 = ORIENTED_EDGE('',*,*,#9990,.T.);
#9990 = EDGE_CURVE('',#9966,#9991,#9993,.T.);
#9991 = VERTEX_POINT('',#9992);
#9992 = CARTESIAN_POINT('',(23.,1.444479942322,-2.161819934845));
#9993 = LINE('',#9994,#9995);
#9994 = CARTESIAN_POINT('',(23.,1.838479995728,-1.838479995728));
#9995 = VECTOR('',#9996,1.);
#9996 = DIRECTION('',(0.,-0.773017715812,-0.63438443474));
#9997 = ORIENTED_EDGE('',*,*,#9998,.F.);
#9998 = EDGE_CURVE('',#9544,#9991,#9999,.T.);
#9999 = LINE('',#10000,#10001);
#10000 = CARTESIAN_POINT('',(25.,1.444479942322,-2.161819934845));
#10001 = VECTOR('',#10002,1.);
#10002 = DIRECTION('',(-1.,0.,0.));
#10003 = PLANE('',#10004);
#10004 = AXIS2_PLACEMENT_3D('',#10005,#10006,#10007);
#10005 = CARTESIAN_POINT('',(24.,1.641479969025,-2.000149965286));
#10006 = DIRECTION('',(0.,-0.63438443474,0.773017715812));
#10007 = DIRECTION('',(0.,0.773017715812,0.63438443474));
#10008 = ADVANCED_FACE('',(#10009),#10027,.F.);
#10009 = FACE_BOUND('',#10010,.F.);
#10010 = EDGE_LOOP('',(#10011,#10012,#10013,#10021));
#10011 = ORIENTED_EDGE('',*,*,#9551,.F.);
#10012 = ORIENTED_EDGE('',*,*,#9998,.T.);
#10013 = ORIENTED_EDGE('',*,*,#10014,.T.);
#10014 = EDGE_CURVE('',#9991,#10015,#10017,.T.);
#10015 = VERTEX_POINT('',#10016);
#10016 = CARTESIAN_POINT('',(23.,0.994975984097,-2.402090072632));
#10017 = LINE('',#10018,#10019);
#10018 = CARTESIAN_POINT('',(23.,1.444479942322,-2.161819934845));
#10019 = VECTOR('',#10020,1.);
#10020 = DIRECTION('',(0.,-0.881916968656,-0.471404773413));
#10021 = ORIENTED_EDGE('',*,*,#10022,.T.);
#10022 = EDGE_CURVE('',#10015,#9552,#10023,.T.);
#10023 = LINE('',#10024,#10025);
#10024 = CARTESIAN_POINT('',(23.,0.994975984097,-2.402090072632));
#10025 = VECTOR('',#10026,1.);
#10026 = DIRECTION('',(1.,0.,0.));
#10027 = PLANE('',#10028);
#10028 = AXIS2_PLACEMENT_3D('',#10029,#10030,#10031);
#10029 = CARTESIAN_POINT('',(24.,1.219727963209,-2.281955003738));
#10030 = DIRECTION('',(0.,-0.471404773413,0.881916968656));
#10031 = DIRECTION('',(0.,0.881916968656,0.471404773413));
#10032 = ADVANCED_FACE('',(#10033),#10058,.F.);
#10033 = FACE_BOUND('',#10034,.F.);
#10034 = EDGE_LOOP('',(#10035,#10036,#10044,#10052));
#10035 = ORIENTED_EDGE('',*,*,#9567,.F.);
#10036 = ORIENTED_EDGE('',*,*,#10037,.T.);
#10037 = EDGE_CURVE('',#9560,#10038,#10040,.T.);
#10038 = VERTEX_POINT('',#10039);
#10039 = CARTESIAN_POINT('',(23.,0.507234990597,-2.550040006638));
#10040 = LINE('',#10041,#10042);
#10041 = CARTESIAN_POINT('',(25.,0.507234990597,-2.550040006638));
#10042 = VECTOR('',#10043,1.);
#10043 = DIRECTION('',(-1.,0.,0.));
#10044 = ORIENTED_EDGE('',*,*,#10045,.T.);
#10045 = EDGE_CURVE('',#10038,#10046,#10048,.T.);
#10046 = VERTEX_POINT('',#10047);
#10047 = CARTESIAN_POINT('',(23.,0.,-2.599999904633));
#10048 = LINE('',#10049,#10050);
#10049 = CARTESIAN_POINT('',(23.,0.507234990597,-2.550040006638));
#10050 = VECTOR('',#10051,1.);
#10051 = DIRECTION('',(0.,-0.995184418172,-9.802027253596E-02));
#10052 = ORIENTED_EDGE('',*,*,#10053,.F.);
#10053 = EDGE_CURVE('',#9568,#10046,#10054,.T.);
#10054 = LINE('',#10055,#10056);
#10055 = CARTESIAN_POINT('',(25.,0.,-2.599999904633));
#10056 = VECTOR('',#10057,1.);
#10057 = DIRECTION('',(-1.,0.,0.));
#10058 = PLANE('',#10059);
#10059 = AXIS2_PLACEMENT_3D('',#10060,#10061,#10062);
#10060 = CARTESIAN_POINT('',(24.,0.253617495298,-2.575019955635));
#10061 = DIRECTION('',(0.,-9.802027253596E-02,0.995184418172));
#10062 = DIRECTION('',(0.,0.995184418172,9.802027253596E-02));
#10063 = ADVANCED_FACE('',(#10064),#10082,.F.);
#10064 = FACE_BOUND('',#10065,.F.);
#10065 = EDGE_LOOP('',(#10066,#10067,#10068,#10076));
#10066 = ORIENTED_EDGE('',*,*,#9575,.F.);
#10067 = ORIENTED_EDGE('',*,*,#10053,.T.);
#10068 = ORIENTED_EDGE('',*,*,#10069,.T.);
#10069 = EDGE_CURVE('',#10046,#10070,#10072,.T.);
#10070 = VERTEX_POINT('',#10071);
#10071 = CARTESIAN_POINT('',(23.,-0.507234990597,-2.550040006638));
#10072 = LINE('',#10073,#10074);
#10073 = CARTESIAN_POINT('',(23.,0.,-2.599999904633));
#10074 = VECTOR('',#10075,1.);
#10075 = DIRECTION('',(0.,-0.995184418172,9.802027253596E-02));
#10076 = ORIENTED_EDGE('',*,*,#10077,.T.);
#10077 = EDGE_CURVE('',#10070,#9576,#10078,.T.);
#10078 = LINE('',#10079,#10080);
#10079 = CARTESIAN_POINT('',(23.,-0.507234990597,-2.550040006638));
#10080 = VECTOR('',#10081,1.);
#10081 = DIRECTION('',(1.,0.,0.));
#10082 = PLANE('',#10083);
#10083 = AXIS2_PLACEMENT_3D('',#10084,#10085,#10086);
#10084 = CARTESIAN_POINT('',(24.,-0.253617495298,-2.575019955635));
#10085 = DIRECTION('',(0.,9.802027253596E-02,0.995184418172));
#10086 = DIRECTION('',(0.,0.995184418172,-9.802027253596E-02));
#10087 = ADVANCED_FACE('',(#10088),#10113,.F.);
#10088 = FACE_BOUND('',#10089,.F.);
#10089 = EDGE_LOOP('',(#10090,#10098,#10099,#10107));
#10090 = ORIENTED_EDGE('',*,*,#10091,.T.);
#10091 = EDGE_CURVE('',#10092,#9608,#10094,.T.);
#10092 = VERTEX_POINT('',#10093);
#10093 = CARTESIAN_POINT('',(23.,-2.161819934845,-1.444479942322));
#10094 = LINE('',#10095,#10096);
#10095 = CARTESIAN_POINT('',(23.,-2.161819934845,-1.444479942322));
#10096 = VECTOR('',#10097,1.);
#10097 = DIRECTION('',(1.,0.,0.));
#10098 = ORIENTED_EDGE('',*,*,#9607,.F.);
#10099 = ORIENTED_EDGE('',*,*,#10100,.T.);
#10100 = EDGE_CURVE('',#9600,#10101,#10103,.T.);
#10101 = VERTEX_POINT('',#10102);
#10102 = CARTESIAN_POINT('',(23.,-1.838479995728,-1.838479995728));
#10103 = LINE('',#10104,#10105);
#10104 = CARTESIAN_POINT('',(25.,-1.838479995728,-1.838479995728));
#10105 = VECTOR('',#10106,1.);
#10106 = DIRECTION('',(-1.,0.,0.));
#10107 = ORIENTED_EDGE('',*,*,#10108,.T.);
#10108 = EDGE_CURVE('',#10101,#10092,#10109,.T.);
#10109 = LINE('',#10110,#10111);
#10110 = CARTESIAN_POINT('',(23.,-1.838479995728,-1.838479995728));
#10111 = VECTOR('',#10112,1.);
#10112 = DIRECTION('',(0.,-0.63438443474,0.773017715812));
#10113 = PLANE('',#10114);
#10114 = AXIS2_PLACEMENT_3D('',#10115,#10116,#10117);
#10115 = CARTESIAN_POINT('',(24.,-2.000149965286,-1.641479969025));
#10116 = DIRECTION('',(0.,0.773017715812,0.63438443474));
#10117 = DIRECTION('',(0.,-0.63438443474,0.773017715812));
#10118 = ADVANCED_FACE('',(#10119),#10144,.F.);
#10119 = FACE_BOUND('',#10120,.F.);
#10120 = EDGE_LOOP('',(#10121,#10122,#10130,#10138));
#10121 = ORIENTED_EDGE('',*,*,#9325,.T.);
#10122 = ORIENTED_EDGE('',*,*,#10123,.T.);
#10123 = EDGE_CURVE('',#9318,#10124,#10126,.T.);
#10124 = VERTEX_POINT('',#10125);
#10125 = CARTESIAN_POINT('',(15.,-3.333420038223,4.988820075989));
#10126 = LINE('',#10127,#10128);
#10127 = CARTESIAN_POINT('',(25.,-3.333420038223,4.988820075989));
#10128 = VECTOR('',#10129,1.);
#10129 = DIRECTION('',(-1.,0.,0.));
#10130 = ORIENTED_EDGE('',*,*,#10131,.F.);
#10131 = EDGE_CURVE('',#10132,#10124,#10134,.T.);
#10132 = VERTEX_POINT('',#10133);
#10133 = CARTESIAN_POINT('',(15.,-4.242640018463,4.242640018463));
#10134 = LINE('',#10135,#10136);
#10135 = CARTESIAN_POINT('',(15.,-4.242640018463,4.242640018463));
#10136 = VECTOR('',#10137,1.);
#10137 = DIRECTION('',(0.,0.773009409567,0.634394556031));
#10138 = ORIENTED_EDGE('',*,*,#10139,.T.);
#10139 = EDGE_CURVE('',#10132,#9326,#10140,.T.);
#10140 = LINE('',#10141,#10142);
#10141 = CARTESIAN_POINT('',(15.,-4.242640018463,4.242640018463));
#10142 = VECTOR('',#10143,1.);
#10143 = DIRECTION('',(1.,0.,0.));
#10144 = PLANE('',#10145);
#10145 = AXIS2_PLACEMENT_3D('',#10146,#10147,#10148);
#10146 = CARTESIAN_POINT('',(20.,-3.788030028343,4.615730047226));
#10147 = DIRECTION('',(0.,-0.634394556031,0.773009409567));
#10148 = DIRECTION('',(0.,0.773009409567,0.634394556031));
#10149 = ADVANCED_FACE('',(#10150),#10175,.F.);
#10150 = FACE_BOUND('',#10151,.F.);
#10151 = EDGE_LOOP('',(#10152,#10160,#10161,#10169));
#10152 = ORIENTED_EDGE('',*,*,#10153,.T.);
#10153 = EDGE_CURVE('',#10154,#9222,#10156,.T.);
#10154 = VERTEX_POINT('',#10155);
#10155 = CARTESIAN_POINT('',(15.,5.884709835052,-1.170539975166));
#10156 = LINE('',#10157,#10158);
#10157 = CARTESIAN_POINT('',(15.,5.884709835052,-1.170539975166));
#10158 = VECTOR('',#10159,1.);
#10159 = DIRECTION('',(1.,0.,0.));
#10160 = ORIENTED_EDGE('',*,*,#9221,.T.);
#10161 = ORIENTED_EDGE('',*,*,#10162,.F.);
#10162 = EDGE_CURVE('',#10163,#9214,#10165,.T.);
#10163 = VERTEX_POINT('',#10164);
#10164 = CARTESIAN_POINT('',(15.,5.543280124664,-2.296099901199));
#10165 = LINE('',#10166,#10167);
#10166 = CARTESIAN_POINT('',(15.,5.543280124664,-2.296099901199));
#10167 = VECTOR('',#10168,1.);
#10168 = DIRECTION('',(1.,0.,0.));
#10169 = ORIENTED_EDGE('',*,*,#10170,.F.);
#10170 = EDGE_CURVE('',#10154,#10163,#10171,.T.);
#10171 = LINE('',#10172,#10173);
#10172 = CARTESIAN_POINT('',(15.,5.884709835052,-1.170539975166));
#10173 = VECTOR('',#10174,1.);
#10174 = DIRECTION('',(0.,-0.290280659642,-0.956941554453));
#10175 = PLANE('',#10176);
#10176 = AXIS2_PLACEMENT_3D('',#10177,#10178,#10179);
#10177 = CARTESIAN_POINT('',(20.,5.713994979858,-1.733319938183));
#10178 = DIRECTION('',(0.,0.956941554453,-0.290280659642));
#10179 = DIRECTION('',(0.,0.290280659642,0.956941554453));
#10180 = ADVANCED_FACE('',(#10181),#10206,.F.);
#10181 = FACE_BOUND('',#10182,.F.);
#10182 = EDGE_LOOP('',(#10183,#10191,#10192,#10200));
#10183 = ORIENTED_EDGE('',*,*,#10184,.T.);
#10184 = EDGE_CURVE('',#10185,#9262,#10187,.T.);
#10185 = VERTEX_POINT('',#10186);
#10186 = CARTESIAN_POINT('',(15.,4.242640018463,4.242640018463));
#10187 = LINE('',#10188,#10189);
#10188 = CARTESIAN_POINT('',(15.,4.242640018463,4.242640018463));
#10189 = VECTOR('',#10190,1.);
#10190 = DIRECTION('',(1.,0.,0.));
#10191 = ORIENTED_EDGE('',*,*,#9261,.T.);
#10192 = ORIENTED_EDGE('',*,*,#10193,.T.);
#10193 = EDGE_CURVE('',#9254,#10194,#10196,.T.);
#10194 = VERTEX_POINT('',#10195);
#10195 = CARTESIAN_POINT('',(15.,4.988820075989,3.333420038223));
#10196 = LINE('',#10197,#10198);
#10197 = CARTESIAN_POINT('',(25.,4.988820075989,3.333420038223));
#10198 = VECTOR('',#10199,1.);
#10199 = DIRECTION('',(-1.,0.,0.));
#10200 = ORIENTED_EDGE('',*,*,#10201,.F.);
#10201 = EDGE_CURVE('',#10185,#10194,#10202,.T.);
#10202 = LINE('',#10203,#10204);
#10203 = CARTESIAN_POINT('',(15.,4.242640018463,4.242640018463));
#10204 = VECTOR('',#10205,1.);
#10205 = DIRECTION('',(0.,0.634394556031,-0.773009409567));
#10206 = PLANE('',#10207);
#10207 = AXIS2_PLACEMENT_3D('',#10208,#10209,#10210);
#10208 = CARTESIAN_POINT('',(20.,4.615730047226,3.788030028343));
#10209 = DIRECTION('',(0.,0.773009409567,0.634394556031));
#10210 = DIRECTION('',(0.,-0.634394556031,0.773009409567));
#10211 = ADVANCED_FACE('',(#10212),#10230,.F.);
#10212 = FACE_BOUND('',#10213,.F.);
#10213 = EDGE_LOOP('',(#10214,#10215,#10216,#10224));
#10214 = ORIENTED_EDGE('',*,*,#10162,.T.);
#10215 = ORIENTED_EDGE('',*,*,#9213,.T.);
#10216 = ORIENTED_EDGE('',*,*,#10217,.T.);
#10217 = EDGE_CURVE('',#9206,#10218,#10220,.T.);
#10218 = VERTEX_POINT('',#10219);
#10219 = CARTESIAN_POINT('',(15.,4.988820075989,-3.333420038223));
#10220 = LINE('',#10221,#10222);
#10221 = CARTESIAN_POINT('',(25.,4.988820075989,-3.333420038223));
#10222 = VECTOR('',#10223,1.);
#10223 = DIRECTION('',(-1.,0.,0.));
#10224 = ORIENTED_EDGE('',*,*,#10225,.F.);
#10225 = EDGE_CURVE('',#10163,#10218,#10226,.T.);
#10226 = LINE('',#10227,#10228);
#10227 = CARTESIAN_POINT('',(15.,5.543280124664,-2.296099901199));
#10228 = VECTOR('',#10229,1.);
#10229 = DIRECTION('',(0.,-0.471397321313,-0.881920951933));
#10230 = PLANE('',#10231);
#10231 = AXIS2_PLACEMENT_3D('',#10232,#10233,#10234);
#10232 = CARTESIAN_POINT('',(20.,5.266050100327,-2.814759969711));
#10233 = DIRECTION('',(0.,0.881920951933,-0.471397321313));
#10234 = DIRECTION('',(0.,0.471397321313,0.881920951933));
#10235 = ADVANCED_FACE('',(#10236),#10254,.F.);
#10236 = FACE_BOUND('',#10237,.F.);
#10237 = EDGE_LOOP('',(#10238,#10239,#10240,#10248));
#10238 = ORIENTED_EDGE('',*,*,#9189,.T.);
#10239 = ORIENTED_EDGE('',*,*,#7151,.T.);
#10240 = ORIENTED_EDGE('',*,*,#10241,.F.);
#10241 = EDGE_CURVE('',#10242,#7082,#10244,.T.);
#10242 = VERTEX_POINT('',#10243);
#10243 = CARTESIAN_POINT('',(15.,3.333420038223,-4.988820075989));
#10244 = LINE('',#10245,#10246);
#10245 = CARTESIAN_POINT('',(15.,3.333420038223,-4.988820075989));
#10246 = VECTOR('',#10247,1.);
#10247 = DIRECTION('',(0.,-0.881920951933,-0.471397321313));
#10248 = ORIENTED_EDGE('',*,*,#10249,.T.);
#10249 = EDGE_CURVE('',#10242,#9190,#10250,.T.);
#10250 = LINE('',#10251,#10252);
#10251 = CARTESIAN_POINT('',(15.,3.333420038223,-4.988820075989));
#10252 = VECTOR('',#10253,1.);
#10253 = DIRECTION('',(1.,0.,0.));
#10254 = PLANE('',#10255);
#10255 = AXIS2_PLACEMENT_3D('',#10256,#10257,#10258);
#10256 = CARTESIAN_POINT('',(20.,2.814759969711,-5.266050100327));
#10257 = DIRECTION('',(-0.,0.471397321313,-0.881920951933));
#10258 = DIRECTION('',(0.,-0.881920951933,-0.471397321313));
#10259 = ADVANCED_FACE('',(#10260),#10285,.F.);
#10260 = FACE_BOUND('',#10261,.F.);
#10261 = EDGE_LOOP('',(#10262,#10270,#10278,#10284));
#10262 = ORIENTED_EDGE('',*,*,#10263,.T.);
#10263 = EDGE_CURVE('',#9358,#10264,#10266,.T.);
#10264 = VERTEX_POINT('',#10265);
#10265 = CARTESIAN_POINT('',(15.,-6.,0.));
#10266 = LINE('',#10267,#10268);
#10267 = CARTESIAN_POINT('',(25.,-6.,0.));
#10268 = VECTOR('',#10269,1.);
#10269 = DIRECTION('',(-1.,0.,0.));
#10270 = ORIENTED_EDGE('',*,*,#10271,.F.);
#10271 = EDGE_CURVE('',#10272,#10264,#10274,.T.);
#10272 = VERTEX_POINT('',#10273);
#10273 = CARTESIAN_POINT('',(15.,-5.884709835052,-1.170539975166));
#10274 = LINE('',#10275,#10276);
#10275 = CARTESIAN_POINT('',(15.,-5.884709835052,-1.170539975166));
#10276 = VECTOR('',#10277,1.);
#10277 = DIRECTION('',(0.,-9.801885815031E-02,0.99518455748));
#10278 = ORIENTED_EDGE('',*,*,#10279,.F.);
#10279 = EDGE_CURVE('',#9146,#10272,#10280,.T.);
#10280 = LINE('',#10281,#10282);
#10281 = CARTESIAN_POINT('',(25.,-5.884709835052,-1.170539975166));
#10282 = VECTOR('',#10283,1.);
#10283 = DIRECTION('',(-1.,0.,0.));
#10284 = ORIENTED_EDGE('',*,*,#9365,.F.);
#10285 = PLANE('',#10286);
#10286 = AXIS2_PLACEMENT_3D('',#10287,#10288,#10289);
#10287 = CARTESIAN_POINT('',(20.,-5.942354917526,-0.585269987583));
#10288 = DIRECTION('',(-0.,-0.99518455748,-9.801885815031E-02));
#10289 = DIRECTION('',(0.,9.801885815031E-02,-0.99518455748));
#10290 = ADVANCED_FACE('',(#10291),#10316,.F.);
#10291 = FACE_BOUND('',#10292,.F.);
#10292 = EDGE_LOOP('',(#10293,#10301,#10309,#10315));
#10293 = ORIENTED_EDGE('',*,*,#10294,.T.);
#10294 = EDGE_CURVE('',#9156,#10295,#10297,.T.);
#10295 = VERTEX_POINT('',#10296);
#10296 = CARTESIAN_POINT('',(15.,-4.988820075989,-3.333420038223));
#10297 = LINE('',#10298,#10299);
#10298 = CARTESIAN_POINT('',(25.,-4.988820075989,-3.333420038223));
#10299 = VECTOR('',#10300,1.);
#10300 = DIRECTION('',(-1.,0.,0.));
#10301 = ORIENTED_EDGE('',*,*,#10302,.F.);
#10302 = EDGE_CURVE('',#10303,#10295,#10305,.T.);
#10303 = VERTEX_POINT('',#10304);
#10304 = CARTESIAN_POINT('',(15.,-4.242640018463,-4.242640018463));
#10305 = LINE('',#10306,#10307);
#10306 = CARTESIAN_POINT('',(15.,-4.242640018463,-4.242640018463));
#10307 = VECTOR('',#10308,1.);
#10308 = DIRECTION('',(0.,-0.634394556031,0.773009409567));
#10309 = ORIENTED_EDGE('',*,*,#10310,.T.);
#10310 = EDGE_CURVE('',#10303,#9164,#10311,.T.);
#10311 = LINE('',#10312,#10313);
#10312 = CARTESIAN_POINT('',(15.,-4.242640018463,-4.242640018463));
#10313 = VECTOR('',#10314,1.);
#10314 = DIRECTION('',(1.,0.,0.));
#10315 = ORIENTED_EDGE('',*,*,#9163,.F.);
#10316 = PLANE('',#10317);
#10317 = AXIS2_PLACEMENT_3D('',#10318,#10319,#10320);
#10318 = CARTESIAN_POINT('',(20.,-4.615730047226,-3.788030028343));
#10319 = DIRECTION('',(-0.,-0.773009409567,-0.634394556031));
#10320 = DIRECTION('',(0.,0.634394556031,-0.773009409567));
#10321 = ADVANCED_FACE('',(#10322),#10340,.F.);
#10322 = FACE_BOUND('',#10323,.F.);
#10323 = EDGE_LOOP('',(#10324,#10325,#10333,#10339));
#10324 = ORIENTED_EDGE('',*,*,#10279,.T.);
#10325 = ORIENTED_EDGE('',*,*,#10326,.F.);
#10326 = EDGE_CURVE('',#10327,#10272,#10329,.T.);
#10327 = VERTEX_POINT('',#10328);
#10328 = CARTESIAN_POINT('',(15.,-5.543280124664,-2.296099901199));
#10329 = LINE('',#10330,#10331);
#10330 = CARTESIAN_POINT('',(15.,-5.543280124664,-2.296099901199));
#10331 = VECTOR('',#10332,1.);
#10332 = DIRECTION('',(0.,-0.290280659642,0.956941554453));
#10333 = ORIENTED_EDGE('',*,*,#10334,.T.);
#10334 = EDGE_CURVE('',#10327,#9148,#10335,.T.);
#10335 = LINE('',#10336,#10337);
#10336 = CARTESIAN_POINT('',(15.,-5.543280124664,-2.296099901199));
#10337 = VECTOR('',#10338,1.);
#10338 = DIRECTION('',(1.,0.,0.));
#10339 = ORIENTED_EDGE('',*,*,#9145,.F.);
#10340 = PLANE('',#10341);
#10341 = AXIS2_PLACEMENT_3D('',#10342,#10343,#10344);
#10342 = CARTESIAN_POINT('',(20.,-5.713994979858,-1.733319938183));
#10343 = DIRECTION('',(-0.,-0.956941554453,-0.290280659642));
#10344 = DIRECTION('',(0.,0.290280659642,-0.956941554453));
#10345 = ADVANCED_FACE('',(#10346),#10371,.F.);
#10346 = FACE_BOUND('',#10347,.F.);
#10347 = EDGE_LOOP('',(#10348,#10356,#10364,#10370));
#10348 = ORIENTED_EDGE('',*,*,#10349,.T.);
#10349 = EDGE_CURVE('',#9334,#10350,#10352,.T.);
#10350 = VERTEX_POINT('',#10351);
#10351 = CARTESIAN_POINT('',(15.,-4.988820075989,3.333420038223));
#10352 = LINE('',#10353,#10354);
#10353 = CARTESIAN_POINT('',(25.,-4.988820075989,3.333420038223));
#10354 = VECTOR('',#10355,1.);
#10355 = DIRECTION('',(-1.,0.,0.));
#10356 = ORIENTED_EDGE('',*,*,#10357,.F.);
#10357 = EDGE_CURVE('',#10358,#10350,#10360,.T.);
#10358 = VERTEX_POINT('',#10359);
#10359 = CARTESIAN_POINT('',(15.,-5.543280124664,2.296099901199));
#10360 = LINE('',#10361,#10362);
#10361 = CARTESIAN_POINT('',(15.,-5.543280124664,2.296099901199));
#10362 = VECTOR('',#10363,1.);
#10363 = DIRECTION('',(0.,0.471397321313,0.881920951933));
#10364 = ORIENTED_EDGE('',*,*,#10365,.T.);
#10365 = EDGE_CURVE('',#10358,#9342,#10366,.T.);
#10366 = LINE('',#10367,#10368);
#10367 = CARTESIAN_POINT('',(15.,-5.543280124664,2.296099901199));
#10368 = VECTOR('',#10369,1.);
#10369 = DIRECTION('',(1.,0.,0.));
#10370 = ORIENTED_EDGE('',*,*,#9341,.T.);
#10371 = PLANE('',#10372);
#10372 = AXIS2_PLACEMENT_3D('',#10373,#10374,#10375);
#10373 = CARTESIAN_POINT('',(20.,-5.266050100327,2.814759969711));
#10374 = DIRECTION('',(-0.,-0.881920951933,0.471397321313));
#10375 = DIRECTION('',(0.,-0.471397321313,-0.881920951933));
#10376 = ADVANCED_FACE('',(#10377,#10635),#10788,.F.);
#10377 = FACE_BOUND('',#10378,.F.);
#10378 = EDGE_LOOP('',(#10379,#10389,#10397,#10405,#10413,#10421,#10429,
    #10437,#10445,#10453,#10461,#10469,#10477,#10485,#10493,#10501,
    #10509,#10517,#10525,#10533,#10541,#10549,#10557,#10565,#10573,
    #10581,#10589,#10597,#10605,#10613,#10621,#10629));
#10379 = ORIENTED_EDGE('',*,*,#10380,.F.);
#10380 = EDGE_CURVE('',#10381,#10383,#10385,.T.);
#10381 = VERTEX_POINT('',#10382);
#10382 = CARTESIAN_POINT('',(15.,-11.54850006103,-4.783539772034));
#10383 = VERTEX_POINT('',#10384);
#10384 = CARTESIAN_POINT('',(15.,-12.25979995727,-2.438630104065));
#10385 = LINE('',#10386,#10387);
#10386 = CARTESIAN_POINT('',(15.,-11.54850006103,-4.783539772034));
#10387 = VECTOR('',#10388,1.);
#10388 = DIRECTION('',(0.,-0.290276950922,0.956942679456));
#10389 = ORIENTED_EDGE('',*,*,#10390,.T.);
#10390 = EDGE_CURVE('',#10381,#10391,#10393,.T.);
#10391 = VERTEX_POINT('',#10392);
#10392 = CARTESIAN_POINT('',(15.,-10.39340019226,-6.944630146027));
#10393 = LINE('',#10394,#10395);
#10394 = CARTESIAN_POINT('',(15.,-11.54850006103,-4.783539772034));
#10395 = VECTOR('',#10396,1.);
#10396 = DIRECTION('',(0.,0.47138816616,-0.881925845411));
#10397 = ORIENTED_EDGE('',*,*,#10398,.T.);
#10398 = EDGE_CURVE('',#10391,#10399,#10401,.T.);
#10399 = VERTEX_POINT('',#10400);
#10400 = CARTESIAN_POINT('',(15.,-8.838829994202,-8.838829994202));
#10401 = LINE('',#10402,#10403);
#10402 = CARTESIAN_POINT('',(15.,-10.39340019226,-6.944630146027));
#10403 = VECTOR('',#10404,1.);
#10404 = DIRECTION('',(0.,0.634403174021,-0.77300233686));
#10405 = ORIENTED_EDGE('',*,*,#10406,.F.);
#10406 = EDGE_CURVE('',#10407,#10399,#10409,.T.);
#10407 = VERTEX_POINT('',#10408);
#10408 = CARTESIAN_POINT('',(15.,-6.944630146027,-10.39340019226));
#10409 = LINE('',#10410,#10411);
#10410 = CARTESIAN_POINT('',(15.,-6.944630146027,-10.39340019226));
#10411 = VECTOR('',#10412,1.);
#10412 = DIRECTION('',(0.,-0.77300233686,0.634403174021));
#10413 = ORIENTED_EDGE('',*,*,#10414,.F.);
#10414 = EDGE_CURVE('',#10415,#10407,#10417,.T.);
#10415 = VERTEX_POINT('',#10416);
#10416 = CARTESIAN_POINT('',(15.,-4.783539772034,-11.54850006103));
#10417 = LINE('',#10418,#10419);
#10418 = CARTESIAN_POINT('',(15.,-4.783539772034,-11.54850006103));
#10419 = VECTOR('',#10420,1.);
#10420 = DIRECTION('',(0.,-0.881925845411,0.47138816616));
#10421 = ORIENTED_EDGE('',*,*,#10422,.T.);
#10422 = EDGE_CURVE('',#10415,#10423,#10425,.T.);
#10423 = VERTEX_POINT('',#10424);
#10424 = CARTESIAN_POINT('',(15.,-2.438630104065,-12.25979995727));
#10425 = LINE('',#10426,#10427);
#10426 = CARTESIAN_POINT('',(15.,-4.783539772034,-11.54850006103));
#10427 = VECTOR('',#10428,1.);
#10428 = DIRECTION('',(0.,0.956942679456,-0.290276950922));
#10429 = ORIENTED_EDGE('',*,*,#10430,.T.);
#10430 = EDGE_CURVE('',#10423,#10431,#10433,.T.);
#10431 = VERTEX_POINT('',#10432);
#10432 = CARTESIAN_POINT('',(15.,0.,-12.5));
#10433 = LINE('',#10434,#10435);
#10434 = CARTESIAN_POINT('',(15.,-2.438630104065,-12.25979995727));
#10435 = VECTOR('',#10436,1.);
#10436 = DIRECTION('',(0.,0.995184092062,-9.802358341831E-02));
#10437 = ORIENTED_EDGE('',*,*,#10438,.F.);
#10438 = EDGE_CURVE('',#10439,#10431,#10441,.T.);
#10439 = VERTEX_POINT('',#10440);
#10440 = CARTESIAN_POINT('',(15.,2.438630104065,-12.25979995727));
#10441 = LINE('',#10442,#10443);
#10442 = CARTESIAN_POINT('',(15.,2.438630104065,-12.25979995727));
#10443 = VECTOR('',#10444,1.);
#10444 = DIRECTION('',(0.,-0.995184092062,-9.802358341831E-02));
#10445 = ORIENTED_EDGE('',*,*,#10446,.F.);
#10446 = EDGE_CURVE('',#10447,#10439,#10449,.T.);
#10447 = VERTEX_POINT('',#10448);
#10448 = CARTESIAN_POINT('',(15.,4.783539772034,-11.54850006103));
#10449 = LINE('',#10450,#10451);
#10450 = CARTESIAN_POINT('',(15.,4.783539772034,-11.54850006103));
#10451 = VECTOR('',#10452,1.);
#10452 = DIRECTION('',(0.,-0.956942679456,-0.290276950922));
#10453 = ORIENTED_EDGE('',*,*,#10454,.T.);
#10454 = EDGE_CURVE('',#10447,#10455,#10457,.T.);
#10455 = VERTEX_POINT('',#10456);
#10456 = CARTESIAN_POINT('',(15.,6.944630146027,-10.39340019226));
#10457 = LINE('',#10458,#10459);
#10458 = CARTESIAN_POINT('',(15.,4.783539772034,-11.54850006103));
#10459 = VECTOR('',#10460,1.);
#10460 = DIRECTION('',(0.,0.881925845411,0.47138816616));
#10461 = ORIENTED_EDGE('',*,*,#10462,.F.);
#10462 = EDGE_CURVE('',#10463,#10455,#10465,.T.);
#10463 = VERTEX_POINT('',#10464);
#10464 = CARTESIAN_POINT('',(15.,8.838829994202,-8.838829994202));
#10465 = LINE('',#10466,#10467);
#10466 = CARTESIAN_POINT('',(15.,8.838829994202,-8.838829994202));
#10467 = VECTOR('',#10468,1.);
#10468 = DIRECTION('',(0.,-0.77300233686,-0.634403174021));
#10469 = ORIENTED_EDGE('',*,*,#10470,.F.);
#10470 = EDGE_CURVE('',#10471,#10463,#10473,.T.);
#10471 = VERTEX_POINT('',#10472);
#10472 = CARTESIAN_POINT('',(15.,10.393400192261,-6.944630146027));
#10473 = LINE('',#10474,#10475);
#10474 = CARTESIAN_POINT('',(15.,10.393400192261,-6.944630146027));
#10475 = VECTOR('',#10476,1.);
#10476 = DIRECTION('',(0.,-0.634403174021,-0.77300233686));
#10477 = ORIENTED_EDGE('',*,*,#10478,.T.);
#10478 = EDGE_CURVE('',#10471,#10479,#10481,.T.);
#10479 = VERTEX_POINT('',#10480);
#10480 = CARTESIAN_POINT('',(15.,11.548500061035,-4.783539772034));
#10481 = LINE('',#10482,#10483);
#10482 = CARTESIAN_POINT('',(15.,10.393400192261,-6.944630146027));
#10483 = VECTOR('',#10484,1.);
#10484 = DIRECTION('',(0.,0.47138816616,0.881925845411));
#10485 = ORIENTED_EDGE('',*,*,#10486,.T.);
#10486 = EDGE_CURVE('',#10479,#10487,#10489,.T.);
#10487 = VERTEX_POINT('',#10488);
#10488 = CARTESIAN_POINT('',(15.,12.259799957275,-2.438630104065));
#10489 = LINE('',#10490,#10491);
#10490 = CARTESIAN_POINT('',(15.,11.548500061035,-4.783539772034));
#10491 = VECTOR('',#10492,1.);
#10492 = DIRECTION('',(0.,0.290276950922,0.956942679456));
#10493 = ORIENTED_EDGE('',*,*,#10494,.F.);
#10494 = EDGE_CURVE('',#10495,#10487,#10497,.T.);
#10495 = VERTEX_POINT('',#10496);
#10496 = CARTESIAN_POINT('',(15.,12.5,0.));
#10497 = LINE('',#10498,#10499);
#10498 = CARTESIAN_POINT('',(15.,12.5,0.));
#10499 = VECTOR('',#10500,1.);
#10500 = DIRECTION('',(0.,-9.802358341831E-02,-0.995184092062));
#10501 = ORIENTED_EDGE('',*,*,#10502,.T.);
#10502 = EDGE_CURVE('',#10495,#10503,#10505,.T.);
#10503 = VERTEX_POINT('',#10504);
#10504 = CARTESIAN_POINT('',(15.,12.259799957275,2.438630104065));
#10505 = LINE('',#10506,#10507);
#10506 = CARTESIAN_POINT('',(15.,12.5,0.));
#10507 = VECTOR('',#10508,1.);
#10508 = DIRECTION('',(0.,-9.802358341831E-02,0.995184092062));
#10509 = ORIENTED_EDGE('',*,*,#10510,.F.);
#10510 = EDGE_CURVE('',#10511,#10503,#10513,.T.);
#10511 = VERTEX_POINT('',#10512);
#10512 = CARTESIAN_POINT('',(15.,11.548500061035,4.783539772034));
#10513 = LINE('',#10514,#10515);
#10514 = CARTESIAN_POINT('',(15.,11.548500061035,4.783539772034));
#10515 = VECTOR('',#10516,1.);
#10516 = DIRECTION('',(0.,0.290276950922,-0.956942679456));
#10517 = ORIENTED_EDGE('',*,*,#10518,.T.);
#10518 = EDGE_CURVE('',#10511,#10519,#10521,.T.);
#10519 = VERTEX_POINT('',#10520);
#10520 = CARTESIAN_POINT('',(15.,10.393400192261,6.944630146027));
#10521 = LINE('',#10522,#10523);
#10522 = CARTESIAN_POINT('',(15.,11.548500061035,4.783539772034));
#10523 = VECTOR('',#10524,1.);
#10524 = DIRECTION('',(0.,-0.47138816616,0.881925845411));
#10525 = ORIENTED_EDGE('',*,*,#10526,.T.);
#10526 = EDGE_CURVE('',#10519,#10527,#10529,.T.);
#10527 = VERTEX_POINT('',#10528);
#10528 = CARTESIAN_POINT('',(15.,8.838829994202,8.838829994202));
#10529 = LINE('',#10530,#10531);
#10530 = CARTESIAN_POINT('',(15.,10.393400192261,6.944630146027));
#10531 = VECTOR('',#10532,1.);
#10532 = DIRECTION('',(0.,-0.634403174021,0.77300233686));
#10533 = ORIENTED_EDGE('',*,*,#10534,.T.);
#10534 = EDGE_CURVE('',#10527,#10535,#10537,.T.);
#10535 = VERTEX_POINT('',#10536);
#10536 = CARTESIAN_POINT('',(15.,6.944630146027,10.393400192261));
#10537 = LINE('',#10538,#10539);
#10538 = CARTESIAN_POINT('',(15.,8.838829994202,8.838829994202));
#10539 = VECTOR('',#10540,1.);
#10540 = DIRECTION('',(0.,-0.77300233686,0.634403174021));
#10541 = ORIENTED_EDGE('',*,*,#10542,.F.);
#10542 = EDGE_CURVE('',#10543,#10535,#10545,.T.);
#10543 = VERTEX_POINT('',#10544);
#10544 = CARTESIAN_POINT('',(15.,4.783539772034,11.548500061035));
#10545 = LINE('',#10546,#10547);
#10546 = CARTESIAN_POINT('',(15.,4.783539772034,11.548500061035));
#10547 = VECTOR('',#10548,1.);
#10548 = DIRECTION('',(0.,0.881925845411,-0.47138816616));
#10549 = ORIENTED_EDGE('',*,*,#10550,.T.);
#10550 = EDGE_CURVE('',#10543,#10551,#10553,.T.);
#10551 = VERTEX_POINT('',#10552);
#10552 = CARTESIAN_POINT('',(15.,2.438630104065,12.259799957275));
#10553 = LINE('',#10554,#10555);
#10554 = CARTESIAN_POINT('',(15.,4.783539772034,11.548500061035));
#10555 = VECTOR('',#10556,1.);
#10556 = DIRECTION('',(0.,-0.956942679456,0.290276950922));
#10557 = ORIENTED_EDGE('',*,*,#10558,.F.);
#10558 = EDGE_CURVE('',#10559,#10551,#10561,.T.);
#10559 = VERTEX_POINT('',#10560);
#10560 = CARTESIAN_POINT('',(15.,0.,12.5));
#10561 = LINE('',#10562,#10563);
#10562 = CARTESIAN_POINT('',(15.,0.,12.5));
#10563 = VECTOR('',#10564,1.);
#10564 = DIRECTION('',(0.,0.995184092062,-9.802358341831E-02));
#10565 = ORIENTED_EDGE('',*,*,#10566,.F.);
#10566 = EDGE_CURVE('',#10567,#10559,#10569,.T.);
#10567 = VERTEX_POINT('',#10568);
#10568 = CARTESIAN_POINT('',(15.,-2.438630104065,12.259799957275));
#10569 = LINE('',#10570,#10571);
#10570 = CARTESIAN_POINT('',(15.,-2.438630104065,12.259799957275));
#10571 = VECTOR('',#10572,1.);
#10572 = DIRECTION('',(0.,0.995184092062,9.802358341831E-02));
#10573 = ORIENTED_EDGE('',*,*,#10574,.F.);
#10574 = EDGE_CURVE('',#10575,#10567,#10577,.T.);
#10575 = VERTEX_POINT('',#10576);
#10576 = CARTESIAN_POINT('',(15.,-4.783539772034,11.548500061035));
#10577 = LINE('',#10578,#10579);
#10578 = CARTESIAN_POINT('',(15.,-4.783539772034,11.548500061035));
#10579 = VECTOR('',#10580,1.);
#10580 = DIRECTION('',(0.,0.956942679456,0.290276950922));
#10581 = ORIENTED_EDGE('',*,*,#10582,.F.);
#10582 = EDGE_CURVE('',#10583,#10575,#10585,.T.);
#10583 = VERTEX_POINT('',#10584);
#10584 = CARTESIAN_POINT('',(15.,-6.944630146027,10.393400192261));
#10585 = LINE('',#10586,#10587);
#10586 = CARTESIAN_POINT('',(15.,-6.944630146027,10.393400192261));
#10587 = VECTOR('',#10588,1.);
#10588 = DIRECTION('',(0.,0.881925845411,0.47138816616));
#10589 = ORIENTED_EDGE('',*,*,#10590,.T.);
#10590 = EDGE_CURVE('',#10583,#10591,#10593,.T.);
#10591 = VERTEX_POINT('',#10592);
#10592 = CARTESIAN_POINT('',(15.,-8.838829994202,8.838829994202));
#10593 = LINE('',#10594,#10595);
#10594 = CARTESIAN_POINT('',(15.,-6.944630146027,10.393400192261));
#10595 = VECTOR('',#10596,1.);
#10596 = DIRECTION('',(0.,-0.77300233686,-0.634403174021));
#10597 = ORIENTED_EDGE('',*,*,#10598,.F.);
#10598 = EDGE_CURVE('',#10599,#10591,#10601,.T.);
#10599 = VERTEX_POINT('',#10600);
#10600 = CARTESIAN_POINT('',(15.,-10.39340019226,6.944630146027));
#10601 = LINE('',#10602,#10603);
#10602 = CARTESIAN_POINT('',(15.,-10.39340019226,6.944630146027));
#10603 = VECTOR('',#10604,1.);
#10604 = DIRECTION('',(0.,0.634403174021,0.77300233686));
#10605 = ORIENTED_EDGE('',*,*,#10606,.F.);
#10606 = EDGE_CURVE('',#10607,#10599,#10609,.T.);
#10607 = VERTEX_POINT('',#10608);
#10608 = CARTESIAN_POINT('',(15.,-11.54850006103,4.783539772034));
#10609 = LINE('',#10610,#10611);
#10610 = CARTESIAN_POINT('',(15.,-11.54850006103,4.783539772034));
#10611 = VECTOR('',#10612,1.);
#10612 = DIRECTION('',(0.,0.47138816616,0.881925845411));
#10613 = ORIENTED_EDGE('',*,*,#10614,.T.);
#10614 = EDGE_CURVE('',#10607,#10615,#10617,.T.);
#10615 = VERTEX_POINT('',#10616);
#10616 = CARTESIAN_POINT('',(15.,-12.25979995727,2.438630104065));
#10617 = LINE('',#10618,#10619);
#10618 = CARTESIAN_POINT('',(15.,-11.54850006103,4.783539772034));
#10619 = VECTOR('',#10620,1.);
#10620 = DIRECTION('',(0.,-0.290276950922,-0.956942679456));
#10621 = ORIENTED_EDGE('',*,*,#10622,.T.);
#10622 = EDGE_CURVE('',#10615,#10623,#10625,.T.);
#10623 = VERTEX_POINT('',#10624);
#10624 = CARTESIAN_POINT('',(15.,-12.5,0.));
#10625 = LINE('',#10626,#10627);
#10626 = CARTESIAN_POINT('',(15.,-12.25979995727,2.438630104065));
#10627 = VECTOR('',#10628,1.);
#10628 = DIRECTION('',(0.,-9.802358341831E-02,-0.995184092062));
#10629 = ORIENTED_EDGE('',*,*,#10630,.F.);
#10630 = EDGE_CURVE('',#10383,#10623,#10631,.T.);
#10631 = LINE('',#10632,#10633);
#10632 = CARTESIAN_POINT('',(15.,-12.25979995727,-2.438630104065));
#10633 = VECTOR('',#10634,1.);
#10634 = DIRECTION('',(0.,-9.802358341831E-02,0.995184092062));
#10635 = FACE_BOUND('',#10636,.F.);
#10636 = EDGE_LOOP('',(#10637,#10638,#10646,#10652,#10653,#10659,#10660,
    #10668,#10676,#10684,#10692,#10700,#10708,#10714,#10715,#10723,
    #10731,#10739,#10745,#10746,#10747,#10755,#10761,#10762,#10763,
    #10764,#10765,#10766,#10774,#10780,#10781,#10787));
#10637 = ORIENTED_EDGE('',*,*,#10271,.T.);
#10638 = ORIENTED_EDGE('',*,*,#10639,.T.);
#10639 = EDGE_CURVE('',#10264,#10640,#10642,.T.);
#10640 = VERTEX_POINT('',#10641);
#10641 = CARTESIAN_POINT('',(15.,-5.884709835052,1.170539975166));
#10642 = LINE('',#10643,#10644);
#10643 = CARTESIAN_POINT('',(15.,-6.,0.));
#10644 = VECTOR('',#10645,1.);
#10645 = DIRECTION('',(0.,9.801885815031E-02,0.99518455748));
#10646 = ORIENTED_EDGE('',*,*,#10647,.T.);
#10647 = EDGE_CURVE('',#10640,#10358,#10648,.T.);
#10648 = LINE('',#10649,#10650);
#10649 = CARTESIAN_POINT('',(15.,-5.884709835052,1.170539975166));
#10650 = VECTOR('',#10651,1.);
#10651 = DIRECTION('',(0.,0.290280659642,0.956941554453));
#10652 = ORIENTED_EDGE('',*,*,#10357,.T.);
#10653 = ORIENTED_EDGE('',*,*,#10654,.T.);
#10654 = EDGE_CURVE('',#10350,#10132,#10655,.T.);
#10655 = LINE('',#10656,#10657);
#10656 = CARTESIAN_POINT('',(15.,-4.988820075989,3.333420038223));
#10657 = VECTOR('',#10658,1.);
#10658 = DIRECTION('',(0.,0.634394556031,0.773009409567));
#10659 = ORIENTED_EDGE('',*,*,#10131,.T.);
#10660 = ORIENTED_EDGE('',*,*,#10661,.T.);
#10661 = EDGE_CURVE('',#10124,#10662,#10664,.T.);
#10662 = VERTEX_POINT('',#10663);
#10663 = CARTESIAN_POINT('',(15.,-2.296099901199,5.543280124664));
#10664 = LINE('',#10665,#10666);
#10665 = CARTESIAN_POINT('',(15.,-3.333420038223,4.988820075989));
#10666 = VECTOR('',#10667,1.);
#10667 = DIRECTION('',(0.,0.881920951933,0.471397321313));
#10668 = ORIENTED_EDGE('',*,*,#10669,.T.);
#10669 = EDGE_CURVE('',#10662,#10670,#10672,.T.);
#10670 = VERTEX_POINT('',#10671);
#10671 = CARTESIAN_POINT('',(15.,-1.170539975166,5.884709835052));
#10672 = LINE('',#10673,#10674);
#10673 = CARTESIAN_POINT('',(15.,-2.296099901199,5.543280124664));
#10674 = VECTOR('',#10675,1.);
#10675 = DIRECTION('',(0.,0.956941554453,0.290280659642));
#10676 = ORIENTED_EDGE('',*,*,#10677,.T.);
#10677 = EDGE_CURVE('',#10670,#10678,#10680,.T.);
#10678 = VERTEX_POINT('',#10679);
#10679 = CARTESIAN_POINT('',(15.,0.,6.));
#10680 = LINE('',#10681,#10682);
#10681 = CARTESIAN_POINT('',(15.,-1.170539975166,5.884709835052));
#10682 = VECTOR('',#10683,1.);
#10683 = DIRECTION('',(0.,0.99518455748,9.801885815031E-02));
#10684 = ORIENTED_EDGE('',*,*,#10685,.T.);
#10685 = EDGE_CURVE('',#10678,#10686,#10688,.T.);
#10686 = VERTEX_POINT('',#10687);
#10687 = CARTESIAN_POINT('',(15.,1.170539975166,5.884709835052));
#10688 = LINE('',#10689,#10690);
#10689 = CARTESIAN_POINT('',(15.,0.,6.));
#10690 = VECTOR('',#10691,1.);
#10691 = DIRECTION('',(0.,0.99518455748,-9.801885815031E-02));
#10692 = ORIENTED_EDGE('',*,*,#10693,.T.);
#10693 = EDGE_CURVE('',#10686,#10694,#10696,.T.);
#10694 = VERTEX_POINT('',#10695);
#10695 = CARTESIAN_POINT('',(15.,2.296099901199,5.543280124664));
#10696 = LINE('',#10697,#10698);
#10697 = CARTESIAN_POINT('',(15.,1.170539975166,5.884709835052));
#10698 = VECTOR('',#10699,1.);
#10699 = DIRECTION('',(0.,0.956941554453,-0.290280659642));
#10700 = ORIENTED_EDGE('',*,*,#10701,.T.);
#10701 = EDGE_CURVE('',#10694,#10702,#10704,.T.);
#10702 = VERTEX_POINT('',#10703);
#10703 = CARTESIAN_POINT('',(15.,3.333420038223,4.988820075989));
#10704 = LINE('',#10705,#10706);
#10705 = CARTESIAN_POINT('',(15.,2.296099901199,5.543280124664));
#10706 = VECTOR('',#10707,1.);
#10707 = DIRECTION('',(0.,0.881920951933,-0.471397321313));
#10708 = ORIENTED_EDGE('',*,*,#10709,.T.);
#10709 = EDGE_CURVE('',#10702,#10185,#10710,.T.);
#10710 = LINE('',#10711,#10712);
#10711 = CARTESIAN_POINT('',(15.,3.333420038223,4.988820075989));
#10712 = VECTOR('',#10713,1.);
#10713 = DIRECTION('',(0.,0.773009409567,-0.634394556031));
#10714 = ORIENTED_EDGE('',*,*,#10201,.T.);
#10715 = ORIENTED_EDGE('',*,*,#10716,.T.);
#10716 = EDGE_CURVE('',#10194,#10717,#10719,.T.);
#10717 = VERTEX_POINT('',#10718);
#10718 = CARTESIAN_POINT('',(15.,5.543280124664,2.296099901199));
#10719 = LINE('',#10720,#10721);
#10720 = CARTESIAN_POINT('',(15.,4.988820075989,3.333420038223));
#10721 = VECTOR('',#10722,1.);
#10722 = DIRECTION('',(0.,0.471397321313,-0.881920951933));
#10723 = ORIENTED_EDGE('',*,*,#10724,.T.);
#10724 = EDGE_CURVE('',#10717,#10725,#10727,.T.);
#10725 = VERTEX_POINT('',#10726);
#10726 = CARTESIAN_POINT('',(15.,5.884709835052,1.170539975166));
#10727 = LINE('',#10728,#10729);
#10728 = CARTESIAN_POINT('',(15.,5.543280124664,2.296099901199));
#10729 = VECTOR('',#10730,1.);
#10730 = DIRECTION('',(0.,0.290280659642,-0.956941554453));
#10731 = ORIENTED_EDGE('',*,*,#10732,.T.);
#10732 = EDGE_CURVE('',#10725,#10733,#10735,.T.);
#10733 = VERTEX_POINT('',#10734);
#10734 = CARTESIAN_POINT('',(15.,6.,0.));
#10735 = LINE('',#10736,#10737);
#10736 = CARTESIAN_POINT('',(15.,5.884709835052,1.170539975166));
#10737 = VECTOR('',#10738,1.);
#10738 = DIRECTION('',(0.,9.801885815031E-02,-0.99518455748));
#10739 = ORIENTED_EDGE('',*,*,#10740,.T.);
#10740 = EDGE_CURVE('',#10733,#10154,#10741,.T.);
#10741 = LINE('',#10742,#10743);
#10742 = CARTESIAN_POINT('',(15.,6.,0.));
#10743 = VECTOR('',#10744,1.);
#10744 = DIRECTION('',(0.,-9.801885815031E-02,-0.99518455748));
#10745 = ORIENTED_EDGE('',*,*,#10170,.T.);
#10746 = ORIENTED_EDGE('',*,*,#10225,.T.);
#10747 = ORIENTED_EDGE('',*,*,#10748,.T.);
#10748 = EDGE_CURVE('',#10218,#10749,#10751,.T.);
#10749 = VERTEX_POINT('',#10750);
#10750 = CARTESIAN_POINT('',(15.,4.242640018463,-4.242640018463));
#10751 = LINE('',#10752,#10753);
#10752 = CARTESIAN_POINT('',(15.,4.988820075989,-3.333420038223));
#10753 = VECTOR('',#10754,1.);
#10754 = DIRECTION('',(0.,-0.634394556031,-0.773009409567));
#10755 = ORIENTED_EDGE('',*,*,#10756,.T.);
#10756 = EDGE_CURVE('',#10749,#10242,#10757,.T.);
#10757 = LINE('',#10758,#10759);
#10758 = CARTESIAN_POINT('',(15.,4.242640018463,-4.242640018463));
#10759 = VECTOR('',#10760,1.);
#10760 = DIRECTION('',(0.,-0.773009409567,-0.634394556031));
#10761 = ORIENTED_EDGE('',*,*,#10241,.T.);
#10762 = ORIENTED_EDGE('',*,*,#7090,.T.);
#10763 = ORIENTED_EDGE('',*,*,#6998,.T.);
#10764 = ORIENTED_EDGE('',*,*,#6967,.T.);
#10765 = ORIENTED_EDGE('',*,*,#7602,.T.);
#10766 = ORIENTED_EDGE('',*,*,#10767,.T.);
#10767 = EDGE_CURVE('',#7542,#10768,#10770,.T.);
#10768 = VERTEX_POINT('',#10769);
#10769 = CARTESIAN_POINT('',(15.,-3.333420038223,-4.988820075989));
#10770 = LINE('',#10771,#10772);
#10771 = CARTESIAN_POINT('',(15.,-2.296099901199,-5.543280124664));
#10772 = VECTOR('',#10773,1.);
#10773 = DIRECTION('',(0.,-0.881920951933,0.471397321313));
#10774 = ORIENTED_EDGE('',*,*,#10775,.T.);
#10775 = EDGE_CURVE('',#10768,#10303,#10776,.T.);
#10776 = LINE('',#10777,#10778);
#10777 = CARTESIAN_POINT('',(15.,-3.333420038223,-4.988820075989));
#10778 = VECTOR('',#10779,1.);
#10779 = DIRECTION('',(0.,-0.773009409567,0.634394556031));
#10780 = ORIENTED_EDGE('',*,*,#10302,.T.);
#10781 = ORIENTED_EDGE('',*,*,#10782,.T.);
#10782 = EDGE_CURVE('',#10295,#10327,#10783,.T.);
#10783 = LINE('',#10784,#10785);
#10784 = CARTESIAN_POINT('',(15.,-4.988820075989,-3.333420038223));
#10785 = VECTOR('',#10786,1.);
#10786 = DIRECTION('',(0.,-0.471397321313,0.881920951933));
#10787 = ORIENTED_EDGE('',*,*,#10326,.T.);
#10788 = PLANE('',#10789);
#10789 = AXIS2_PLACEMENT_3D('',#10790,#10791,#10792);
#10790 = CARTESIAN_POINT('',(15.,-6.343020698138E-16,-1.833014591042E-16
    ));
#10791 = DIRECTION('',(1.,0.,0.));
#10792 = DIRECTION('',(-0.,0.,1.));
#10793 = ADVANCED_FACE('',(#10794),#10819,.F.);
#10794 = FACE_BOUND('',#10795,.F.);
#10795 = EDGE_LOOP('',(#10796,#10797,#10805,#10813));
#10796 = ORIENTED_EDGE('',*,*,#10574,.T.);
#10797 = ORIENTED_EDGE('',*,*,#10798,.T.);
#10798 = EDGE_CURVE('',#10567,#10799,#10801,.T.);
#10799 = VERTEX_POINT('',#10800);
#10800 = CARTESIAN_POINT('',(-15.,-2.438630104065,12.259799957275));
#10801 = LINE('',#10802,#10803);
#10802 = CARTESIAN_POINT('',(15.,-2.438630104065,12.259799957275));
#10803 = VECTOR('',#10804,1.);
#10804 = DIRECTION('',(-1.,0.,0.));
#10805 = ORIENTED_EDGE('',*,*,#10806,.F.);
#10806 = EDGE_CURVE('',#10807,#10799,#10809,.T.);
#10807 = VERTEX_POINT('',#10808);
#10808 = CARTESIAN_POINT('',(-15.,-4.783539772034,11.548500061035));
#10809 = LINE('',#10810,#10811);
#10810 = CARTESIAN_POINT('',(-15.,-4.783539772034,11.548500061035));
#10811 = VECTOR('',#10812,1.);
#10812 = DIRECTION('',(0.,0.956942679456,0.290276950922));
#10813 = ORIENTED_EDGE('',*,*,#10814,.F.);
#10814 = EDGE_CURVE('',#10575,#10807,#10815,.T.);
#10815 = LINE('',#10816,#10817);
#10816 = CARTESIAN_POINT('',(15.,-4.783539772034,11.548500061035));
#10817 = VECTOR('',#10818,1.);
#10818 = DIRECTION('',(-1.,0.,0.));
#10819 = PLANE('',#10820);
#10820 = AXIS2_PLACEMENT_3D('',#10821,#10822,#10823);
#10821 = CARTESIAN_POINT('',(-4.379251653665E-16,-3.611084938049,
    11.904150009155));
#10822 = DIRECTION('',(0.,-0.290276950922,0.956942679456));
#10823 = DIRECTION('',(0.,0.956942679456,0.290276950922));
#10824 = ADVANCED_FACE('',(#10825,#11074),#11332,.F.);
#10825 = FACE_BOUND('',#10826,.F.);
#10826 = EDGE_LOOP('',(#10827,#10837,#10845,#10853,#10861,#10867,#10868,
    #10876,#10884,#10892,#10900,#10908,#10916,#10924,#10932,#10940,
    #10948,#10956,#10964,#10972,#10980,#10988,#10996,#11004,#11012,
    #11020,#11028,#11036,#11044,#11052,#11060,#11068));
#10827 = ORIENTED_EDGE('',*,*,#10828,.T.);
#10828 = EDGE_CURVE('',#10829,#10831,#10833,.T.);
#10829 = VERTEX_POINT('',#10830);
#10830 = CARTESIAN_POINT('',(-15.,-12.25979995727,2.438630104065));
#10831 = VERTEX_POINT('',#10832);
#10832 = CARTESIAN_POINT('',(-15.,-11.54850006103,4.783539772034));
#10833 = LINE('',#10834,#10835);
#10834 = CARTESIAN_POINT('',(-15.,-12.25979995727,2.438630104065));
#10835 = VECTOR('',#10836,1.);
#10836 = DIRECTION('',(0.,0.290276950922,0.956942679456));
#10837 = ORIENTED_EDGE('',*,*,#10838,.T.);
#10838 = EDGE_CURVE('',#10831,#10839,#10841,.T.);
#10839 = VERTEX_POINT('',#10840);
#10840 = CARTESIAN_POINT('',(-15.,-10.39340019226,6.944630146027));
#10841 = LINE('',#10842,#10843);
#10842 = CARTESIAN_POINT('',(-15.,-11.54850006103,4.783539772034));
#10843 = VECTOR('',#10844,1.);
#10844 = DIRECTION('',(0.,0.47138816616,0.881925845411));
#10845 = ORIENTED_EDGE('',*,*,#10846,.F.);
#10846 = EDGE_CURVE('',#10847,#10839,#10849,.T.);
#10847 = VERTEX_POINT('',#10848);
#10848 = CARTESIAN_POINT('',(-15.,-8.838829994202,8.838829994202));
#10849 = LINE('',#10850,#10851);
#10850 = CARTESIAN_POINT('',(-15.,-8.838829994202,8.838829994202));
#10851 = VECTOR('',#10852,1.);
#10852 = DIRECTION('',(0.,-0.634403174021,-0.77300233686));
#10853 = ORIENTED_EDGE('',*,*,#10854,.T.);
#10854 = EDGE_CURVE('',#10847,#10855,#10857,.T.);
#10855 = VERTEX_POINT('',#10856);
#10856 = CARTESIAN_POINT('',(-15.,-6.944630146027,10.393400192261));
#10857 = LINE('',#10858,#10859);
#10858 = CARTESIAN_POINT('',(-15.,-8.838829994202,8.838829994202));
#10859 = VECTOR('',#10860,1.);
#10860 = DIRECTION('',(0.,0.77300233686,0.634403174021));
#10861 = ORIENTED_EDGE('',*,*,#10862,.F.);
#10862 = EDGE_CURVE('',#10807,#10855,#10863,.T.);
#10863 = LINE('',#10864,#10865);
#10864 = CARTESIAN_POINT('',(-15.,-4.783539772034,11.548500061035));
#10865 = VECTOR('',#10866,1.);
#10866 = DIRECTION('',(0.,-0.881925845411,-0.47138816616));
#10867 = ORIENTED_EDGE('',*,*,#10806,.T.);
#10868 = ORIENTED_EDGE('',*,*,#10869,.T.);
#10869 = EDGE_CURVE('',#10799,#10870,#10872,.T.);
#10870 = VERTEX_POINT('',#10871);
#10871 = CARTESIAN_POINT('',(-15.,0.,12.5));
#10872 = LINE('',#10873,#10874);
#10873 = CARTESIAN_POINT('',(-15.,-2.438630104065,12.259799957275));
#10874 = VECTOR('',#10875,1.);
#10875 = DIRECTION('',(0.,0.995184092062,9.802358341831E-02));
#10876 = ORIENTED_EDGE('',*,*,#10877,.F.);
#10877 = EDGE_CURVE('',#10878,#10870,#10880,.T.);
#10878 = VERTEX_POINT('',#10879);
#10879 = CARTESIAN_POINT('',(-15.,2.438630104065,12.259799957275));
#10880 = LINE('',#10881,#10882);
#10881 = CARTESIAN_POINT('',(-15.,2.438630104065,12.259799957275));
#10882 = VECTOR('',#10883,1.);
#10883 = DIRECTION('',(0.,-0.995184092062,9.802358341831E-02));
#10884 = ORIENTED_EDGE('',*,*,#10885,.T.);
#10885 = EDGE_CURVE('',#10878,#10886,#10888,.T.);
#10886 = VERTEX_POINT('',#10887);
#10887 = CARTESIAN_POINT('',(-15.,4.783539772034,11.548500061035));
#10888 = LINE('',#10889,#10890);
#10889 = CARTESIAN_POINT('',(-15.,2.438630104065,12.259799957275));
#10890 = VECTOR('',#10891,1.);
#10891 = DIRECTION('',(0.,0.956942679456,-0.290276950922));
#10892 = ORIENTED_EDGE('',*,*,#10893,.F.);
#10893 = EDGE_CURVE('',#10894,#10886,#10896,.T.);
#10894 = VERTEX_POINT('',#10895);
#10895 = CARTESIAN_POINT('',(-15.,6.944630146027,10.393400192261));
#10896 = LINE('',#10897,#10898);
#10897 = CARTESIAN_POINT('',(-15.,6.944630146027,10.393400192261));
#10898 = VECTOR('',#10899,1.);
#10899 = DIRECTION('',(0.,-0.881925845411,0.47138816616));
#10900 = ORIENTED_EDGE('',*,*,#10901,.T.);
#10901 = EDGE_CURVE('',#10894,#10902,#10904,.T.);
#10902 = VERTEX_POINT('',#10903);
#10903 = CARTESIAN_POINT('',(-15.,8.838829994202,8.838829994202));
#10904 = LINE('',#10905,#10906);
#10905 = CARTESIAN_POINT('',(-15.,6.944630146027,10.393400192261));
#10906 = VECTOR('',#10907,1.);
#10907 = DIRECTION('',(0.,0.77300233686,-0.634403174021));
#10908 = ORIENTED_EDGE('',*,*,#10909,.T.);
#10909 = EDGE_CURVE('',#10902,#10910,#10912,.T.);
#10910 = VERTEX_POINT('',#10911);
#10911 = CARTESIAN_POINT('',(-15.,10.393400192261,6.944630146027));
#10912 = LINE('',#10913,#10914);
#10913 = CARTESIAN_POINT('',(-15.,8.838829994202,8.838829994202));
#10914 = VECTOR('',#10915,1.);
#10915 = DIRECTION('',(0.,0.634403174021,-0.77300233686));
#10916 = ORIENTED_EDGE('',*,*,#10917,.T.);
#10917 = EDGE_CURVE('',#10910,#10918,#10920,.T.);
#10918 = VERTEX_POINT('',#10919);
#10919 = CARTESIAN_POINT('',(-15.,11.548500061035,4.783539772034));
#10920 = LINE('',#10921,#10922);
#10921 = CARTESIAN_POINT('',(-15.,10.393400192261,6.944630146027));
#10922 = VECTOR('',#10923,1.);
#10923 = DIRECTION('',(0.,0.47138816616,-0.881925845411));
#10924 = ORIENTED_EDGE('',*,*,#10925,.F.);
#10925 = EDGE_CURVE('',#10926,#10918,#10928,.T.);
#10926 = VERTEX_POINT('',#10927);
#10927 = CARTESIAN_POINT('',(-15.,12.259799957275,2.438630104065));
#10928 = LINE('',#10929,#10930);
#10929 = CARTESIAN_POINT('',(-15.,12.259799957275,2.438630104065));
#10930 = VECTOR('',#10931,1.);
#10931 = DIRECTION('',(0.,-0.290276950922,0.956942679456));
#10932 = ORIENTED_EDGE('',*,*,#10933,.T.);
#10933 = EDGE_CURVE('',#10926,#10934,#10936,.T.);
#10934 = VERTEX_POINT('',#10935);
#10935 = CARTESIAN_POINT('',(-15.,12.5,0.));
#10936 = LINE('',#10937,#10938);
#10937 = CARTESIAN_POINT('',(-15.,12.259799957275,2.438630104065));
#10938 = VECTOR('',#10939,1.);
#10939 = DIRECTION('',(0.,9.802358341831E-02,-0.995184092062));
#10940 = ORIENTED_EDGE('',*,*,#10941,.F.);
#10941 = EDGE_CURVE('',#10942,#10934,#10944,.T.);
#10942 = VERTEX_POINT('',#10943);
#10943 = CARTESIAN_POINT('',(-15.,12.259799957275,-2.438630104065));
#10944 = LINE('',#10945,#10946);
#10945 = CARTESIAN_POINT('',(-15.,12.259799957275,-2.438630104065));
#10946 = VECTOR('',#10947,1.);
#10947 = DIRECTION('',(0.,9.802358341831E-02,0.995184092062));
#10948 = ORIENTED_EDGE('',*,*,#10949,.T.);
#10949 = EDGE_CURVE('',#10942,#10950,#10952,.T.);
#10950 = VERTEX_POINT('',#10951);
#10951 = CARTESIAN_POINT('',(-15.,11.548500061035,-4.783539772034));
#10952 = LINE('',#10953,#10954);
#10953 = CARTESIAN_POINT('',(-15.,12.259799957275,-2.438630104065));
#10954 = VECTOR('',#10955,1.);
#10955 = DIRECTION('',(0.,-0.290276950922,-0.956942679456));
#10956 = ORIENTED_EDGE('',*,*,#10957,.T.);
#10957 = EDGE_CURVE('',#10950,#10958,#10960,.T.);
#10958 = VERTEX_POINT('',#10959);
#10959 = CARTESIAN_POINT('',(-15.,10.393400192261,-6.944630146027));
#10960 = LINE('',#10961,#10962);
#10961 = CARTESIAN_POINT('',(-15.,11.548500061035,-4.783539772034));
#10962 = VECTOR('',#10963,1.);
#10963 = DIRECTION('',(0.,-0.47138816616,-0.881925845411));
#10964 = ORIENTED_EDGE('',*,*,#10965,.F.);
#10965 = EDGE_CURVE('',#10966,#10958,#10968,.T.);
#10966 = VERTEX_POINT('',#10967);
#10967 = CARTESIAN_POINT('',(-15.,8.838829994202,-8.838829994202));
#10968 = LINE('',#10969,#10970);
#10969 = CARTESIAN_POINT('',(-15.,8.838829994202,-8.838829994202));
#10970 = VECTOR('',#10971,1.);
#10971 = DIRECTION('',(0.,0.634403174021,0.77300233686));
#10972 = ORIENTED_EDGE('',*,*,#10973,.F.);
#10973 = EDGE_CURVE('',#10974,#10966,#10976,.T.);
#10974 = VERTEX_POINT('',#10975);
#10975 = CARTESIAN_POINT('',(-15.,6.944630146027,-10.39340019226));
#10976 = LINE('',#10977,#10978);
#10977 = CARTESIAN_POINT('',(-15.,6.944630146027,-10.39340019226));
#10978 = VECTOR('',#10979,1.);
#10979 = DIRECTION('',(0.,0.77300233686,0.634403174021));
#10980 = ORIENTED_EDGE('',*,*,#10981,.T.);
#10981 = EDGE_CURVE('',#10974,#10982,#10984,.T.);
#10982 = VERTEX_POINT('',#10983);
#10983 = CARTESIAN_POINT('',(-15.,4.783539772034,-11.54850006103));
#10984 = LINE('',#10985,#10986);
#10985 = CARTESIAN_POINT('',(-15.,6.944630146027,-10.39340019226));
#10986 = VECTOR('',#10987,1.);
#10987 = DIRECTION('',(0.,-0.881925845411,-0.47138816616));
#10988 = ORIENTED_EDGE('',*,*,#10989,.F.);
#10989 = EDGE_CURVE('',#10990,#10982,#10992,.T.);
#10990 = VERTEX_POINT('',#10991);
#10991 = CARTESIAN_POINT('',(-15.,2.438630104065,-12.25979995727));
#10992 = LINE('',#10993,#10994);
#10993 = CARTESIAN_POINT('',(-15.,2.438630104065,-12.25979995727));
#10994 = VECTOR('',#10995,1.);
#10995 = DIRECTION('',(0.,0.956942679456,0.290276950922));
#10996 = ORIENTED_EDGE('',*,*,#10997,.F.);
#10997 = EDGE_CURVE('',#10998,#10990,#11000,.T.);
#10998 = VERTEX_POINT('',#10999);
#10999 = CARTESIAN_POINT('',(-15.,0.,-12.5));
#11000 = LINE('',#11001,#11002);
#11001 = CARTESIAN_POINT('',(-15.,0.,-12.5));
#11002 = VECTOR('',#11003,1.);
#11003 = DIRECTION('',(0.,0.995184092062,9.802358341831E-02));
#11004 = ORIENTED_EDGE('',*,*,#11005,.T.);
#11005 = EDGE_CURVE('',#10998,#11006,#11008,.T.);
#11006 = VERTEX_POINT('',#11007);
#11007 = CARTESIAN_POINT('',(-15.,-2.438630104065,-12.25979995727));
#11008 = LINE('',#11009,#11010);
#11009 = CARTESIAN_POINT('',(-15.,0.,-12.5));
#11010 = VECTOR('',#11011,1.);
#11011 = DIRECTION('',(0.,-0.995184092062,9.802358341831E-02));
#11012 = ORIENTED_EDGE('',*,*,#11013,.T.);
#11013 = EDGE_CURVE('',#11006,#11014,#11016,.T.);
#11014 = VERTEX_POINT('',#11015);
#11015 = CARTESIAN_POINT('',(-15.,-4.783539772034,-11.54850006103));
#11016 = LINE('',#11017,#11018);
#11017 = CARTESIAN_POINT('',(-15.,-2.438630104065,-12.25979995727));
#11018 = VECTOR('',#11019,1.);
#11019 = DIRECTION('',(0.,-0.956942679456,0.290276950922));
#11020 = ORIENTED_EDGE('',*,*,#11021,.F.);
#11021 = EDGE_CURVE('',#11022,#11014,#11024,.T.);
#11022 = VERTEX_POINT('',#11023);
#11023 = CARTESIAN_POINT('',(-15.,-6.944630146027,-10.39340019226));
#11024 = LINE('',#11025,#11026);
#11025 = CARTESIAN_POINT('',(-15.,-6.944630146027,-10.39340019226));
#11026 = VECTOR('',#11027,1.);
#11027 = DIRECTION('',(0.,0.881925845411,-0.47138816616));
#11028 = ORIENTED_EDGE('',*,*,#11029,.F.);
#11029 = EDGE_CURVE('',#11030,#11022,#11032,.T.);
#11030 = VERTEX_POINT('',#11031);
#11031 = CARTESIAN_POINT('',(-15.,-8.838829994202,-8.838829994202));
#11032 = LINE('',#11033,#11034);
#11033 = CARTESIAN_POINT('',(-15.,-8.838829994202,-8.838829994202));
#11034 = VECTOR('',#11035,1.);
#11035 = DIRECTION('',(0.,0.77300233686,-0.634403174021));
#11036 = ORIENTED_EDGE('',*,*,#11037,.T.);
#11037 = EDGE_CURVE('',#11030,#11038,#11040,.T.);
#11038 = VERTEX_POINT('',#11039);
#11039 = CARTESIAN_POINT('',(-15.,-10.39340019226,-6.944630146027));
#11040 = LINE('',#11041,#11042);
#11041 = CARTESIAN_POINT('',(-15.,-8.838829994202,-8.838829994202));
#11042 = VECTOR('',#11043,1.);
#11043 = DIRECTION('',(0.,-0.634403174021,0.77300233686));
#11044 = ORIENTED_EDGE('',*,*,#11045,.T.);
#11045 = EDGE_CURVE('',#11038,#11046,#11048,.T.);
#11046 = VERTEX_POINT('',#11047);
#11047 = CARTESIAN_POINT('',(-15.,-11.54850006103,-4.783539772034));
#11048 = LINE('',#11049,#11050);
#11049 = CARTESIAN_POINT('',(-15.,-10.39340019226,-6.944630146027));
#11050 = VECTOR('',#11051,1.);
#11051 = DIRECTION('',(0.,-0.47138816616,0.881925845411));
#11052 = ORIENTED_EDGE('',*,*,#11053,.F.);
#11053 = EDGE_CURVE('',#11054,#11046,#11056,.T.);
#11054 = VERTEX_POINT('',#11055);
#11055 = CARTESIAN_POINT('',(-15.,-12.25979995727,-2.438630104065));
#11056 = LINE('',#11057,#11058);
#11057 = CARTESIAN_POINT('',(-15.,-12.25979995727,-2.438630104065));
#11058 = VECTOR('',#11059,1.);
#11059 = DIRECTION('',(0.,0.290276950922,-0.956942679456));
#11060 = ORIENTED_EDGE('',*,*,#11061,.F.);
#11061 = EDGE_CURVE('',#11062,#11054,#11064,.T.);
#11062 = VERTEX_POINT('',#11063);
#11063 = CARTESIAN_POINT('',(-15.,-12.5,0.));
#11064 = LINE('',#11065,#11066);
#11065 = CARTESIAN_POINT('',(-15.,-12.5,0.));
#11066 = VECTOR('',#11067,1.);
#11067 = DIRECTION('',(0.,9.802358341831E-02,-0.995184092062));
#11068 = ORIENTED_EDGE('',*,*,#11069,.T.);
#11069 = EDGE_CURVE('',#11062,#10829,#11070,.T.);
#11070 = LINE('',#11071,#11072);
#11071 = CARTESIAN_POINT('',(-15.,-12.5,0.));
#11072 = VECTOR('',#11073,1.);
#11073 = DIRECTION('',(0.,9.802358341831E-02,0.995184092062));
#11074 = FACE_BOUND('',#11075,.F.);
#11075 = EDGE_LOOP('',(#11076,#11086,#11094,#11102,#11110,#11118,#11126,
    #11134,#11142,#11150,#11158,#11166,#11174,#11182,#11190,#11198,
    #11206,#11214,#11222,#11230,#11238,#11246,#11254,#11262,#11270,
    #11278,#11286,#11294,#11302,#11310,#11318,#11326));
#11076 = ORIENTED_EDGE('',*,*,#11077,.T.);
#11077 = EDGE_CURVE('',#11078,#11080,#11082,.T.);
#11078 = VERTEX_POINT('',#11079);
#11079 = CARTESIAN_POINT('',(-15.,-5.884709835052,1.170539975166));
#11080 = VERTEX_POINT('',#11081);
#11081 = CARTESIAN_POINT('',(-15.,-6.,0.));
#11082 = LINE('',#11083,#11084);
#11083 = CARTESIAN_POINT('',(-15.,-5.884709835052,1.170539975166));
#11084 = VECTOR('',#11085,1.);
#11085 = DIRECTION('',(0.,-9.801885815031E-02,-0.99518455748));
#11086 = ORIENTED_EDGE('',*,*,#11087,.T.);
#11087 = EDGE_CURVE('',#11080,#11088,#11090,.T.);
#11088 = VERTEX_POINT('',#11089);
#11089 = CARTESIAN_POINT('',(-15.,-5.884709835052,-1.170539975166));
#11090 = LINE('',#11091,#11092);
#11091 = CARTESIAN_POINT('',(-15.,-6.,0.));
#11092 = VECTOR('',#11093,1.);
#11093 = DIRECTION('',(0.,9.801885815031E-02,-0.99518455748));
#11094 = ORIENTED_EDGE('',*,*,#11095,.T.);
#11095 = EDGE_CURVE('',#11088,#11096,#11098,.T.);
#11096 = VERTEX_POINT('',#11097);
#11097 = CARTESIAN_POINT('',(-15.,-5.543280124664,-2.296099901199));
#11098 = LINE('',#11099,#11100);
#11099 = CARTESIAN_POINT('',(-15.,-5.884709835052,-1.170539975166));
#11100 = VECTOR('',#11101,1.);
#11101 = DIRECTION('',(0.,0.290280659642,-0.956941554453));
#11102 = ORIENTED_EDGE('',*,*,#11103,.T.);
#11103 = EDGE_CURVE('',#11096,#11104,#11106,.T.);
#11104 = VERTEX_POINT('',#11105);
#11105 = CARTESIAN_POINT('',(-15.,-4.988820075989,-3.333420038223));
#11106 = LINE('',#11107,#11108);
#11107 = CARTESIAN_POINT('',(-15.,-5.543280124664,-2.296099901199));
#11108 = VECTOR('',#11109,1.);
#11109 = DIRECTION('',(0.,0.471397321313,-0.881920951933));
#11110 = ORIENTED_EDGE('',*,*,#11111,.T.);
#11111 = EDGE_CURVE('',#11104,#11112,#11114,.T.);
#11112 = VERTEX_POINT('',#11113);
#11113 = CARTESIAN_POINT('',(-15.,-4.242640018463,-4.242640018463));
#11114 = LINE('',#11115,#11116);
#11115 = CARTESIAN_POINT('',(-15.,-4.988820075989,-3.333420038223));
#11116 = VECTOR('',#11117,1.);
#11117 = DIRECTION('',(0.,0.634394556031,-0.773009409567));
#11118 = ORIENTED_EDGE('',*,*,#11119,.T.);
#11119 = EDGE_CURVE('',#11112,#11120,#11122,.T.);
#11120 = VERTEX_POINT('',#11121);
#11121 = CARTESIAN_POINT('',(-15.,-3.333420038223,-4.988820075989));
#11122 = LINE('',#11123,#11124);
#11123 = CARTESIAN_POINT('',(-15.,-4.242640018463,-4.242640018463));
#11124 = VECTOR('',#11125,1.);
#11125 = DIRECTION('',(0.,0.773009409567,-0.634394556031));
#11126 = ORIENTED_EDGE('',*,*,#11127,.T.);
#11127 = EDGE_CURVE('',#11120,#11128,#11130,.T.);
#11128 = VERTEX_POINT('',#11129);
#11129 = CARTESIAN_POINT('',(-15.,-2.296099901199,-5.543280124664));
#11130 = LINE('',#11131,#11132);
#11131 = CARTESIAN_POINT('',(-15.,-3.333420038223,-4.988820075989));
#11132 = VECTOR('',#11133,1.);
#11133 = DIRECTION('',(0.,0.881920951933,-0.471397321313));
#11134 = ORIENTED_EDGE('',*,*,#11135,.T.);
#11135 = EDGE_CURVE('',#11128,#11136,#11138,.T.);
#11136 = VERTEX_POINT('',#11137);
#11137 = CARTESIAN_POINT('',(-15.,-1.170539975166,-5.884709835052));
#11138 = LINE('',#11139,#11140);
#11139 = CARTESIAN_POINT('',(-15.,-2.296099901199,-5.543280124664));
#11140 = VECTOR('',#11141,1.);
#11141 = DIRECTION('',(0.,0.956941554453,-0.290280659642));
#11142 = ORIENTED_EDGE('',*,*,#11143,.T.);
#11143 = EDGE_CURVE('',#11136,#11144,#11146,.T.);
#11144 = VERTEX_POINT('',#11145);
#11145 = CARTESIAN_POINT('',(-15.,0.,-6.));
#11146 = LINE('',#11147,#11148);
#11147 = CARTESIAN_POINT('',(-15.,-1.170539975166,-5.884709835052));
#11148 = VECTOR('',#11149,1.);
#11149 = DIRECTION('',(0.,0.99518455748,-9.801885815031E-02));
#11150 = ORIENTED_EDGE('',*,*,#11151,.T.);
#11151 = EDGE_CURVE('',#11144,#11152,#11154,.T.);
#11152 = VERTEX_POINT('',#11153);
#11153 = CARTESIAN_POINT('',(-15.,1.170539975166,-5.884709835052));
#11154 = LINE('',#11155,#11156);
#11155 = CARTESIAN_POINT('',(-15.,0.,-6.));
#11156 = VECTOR('',#11157,1.);
#11157 = DIRECTION('',(0.,0.99518455748,9.801885815031E-02));
#11158 = ORIENTED_EDGE('',*,*,#11159,.T.);
#11159 = EDGE_CURVE('',#11152,#11160,#11162,.T.);
#11160 = VERTEX_POINT('',#11161);
#11161 = CARTESIAN_POINT('',(-15.,2.296099901199,-5.543280124664));
#11162 = LINE('',#11163,#11164);
#11163 = CARTESIAN_POINT('',(-15.,1.170539975166,-5.884709835052));
#11164 = VECTOR('',#11165,1.);
#11165 = DIRECTION('',(0.,0.956941554453,0.290280659642));
#11166 = ORIENTED_EDGE('',*,*,#11167,.T.);
#11167 = EDGE_CURVE('',#11160,#11168,#11170,.T.);
#11168 = VERTEX_POINT('',#11169);
#11169 = CARTESIAN_POINT('',(-15.,3.333420038223,-4.988820075989));
#11170 = LINE('',#11171,#11172);
#11171 = CARTESIAN_POINT('',(-15.,2.296099901199,-5.543280124664));
#11172 = VECTOR('',#11173,1.);
#11173 = DIRECTION('',(0.,0.881920951933,0.471397321313));
#11174 = ORIENTED_EDGE('',*,*,#11175,.T.);
#11175 = EDGE_CURVE('',#11168,#11176,#11178,.T.);
#11176 = VERTEX_POINT('',#11177);
#11177 = CARTESIAN_POINT('',(-15.,4.242640018463,-4.242640018463));
#11178 = LINE('',#11179,#11180);
#11179 = CARTESIAN_POINT('',(-15.,3.333420038223,-4.988820075989));
#11180 = VECTOR('',#11181,1.);
#11181 = DIRECTION('',(0.,0.773009409567,0.634394556031));
#11182 = ORIENTED_EDGE('',*,*,#11183,.T.);
#11183 = EDGE_CURVE('',#11176,#11184,#11186,.T.);
#11184 = VERTEX_POINT('',#11185);
#11185 = CARTESIAN_POINT('',(-15.,4.988820075989,-3.333420038223));
#11186 = LINE('',#11187,#11188);
#11187 = CARTESIAN_POINT('',(-15.,4.242640018463,-4.242640018463));
#11188 = VECTOR('',#11189,1.);
#11189 = DIRECTION('',(0.,0.634394556031,0.773009409567));
#11190 = ORIENTED_EDGE('',*,*,#11191,.T.);
#11191 = EDGE_CURVE('',#11184,#11192,#11194,.T.);
#11192 = VERTEX_POINT('',#11193);
#11193 = CARTESIAN_POINT('',(-15.,5.543280124664,-2.296099901199));
#11194 = LINE('',#11195,#11196);
#11195 = CARTESIAN_POINT('',(-15.,4.988820075989,-3.333420038223));
#11196 = VECTOR('',#11197,1.);
#11197 = DIRECTION('',(0.,0.471397321313,0.881920951933));
#11198 = ORIENTED_EDGE('',*,*,#11199,.T.);
#11199 = EDGE_CURVE('',#11192,#11200,#11202,.T.);
#11200 = VERTEX_POINT('',#11201);
#11201 = CARTESIAN_POINT('',(-15.,5.884709835052,-1.170539975166));
#11202 = LINE('',#11203,#11204);
#11203 = CARTESIAN_POINT('',(-15.,5.543280124664,-2.296099901199));
#11204 = VECTOR('',#11205,1.);
#11205 = DIRECTION('',(0.,0.290280659642,0.956941554453));
#11206 = ORIENTED_EDGE('',*,*,#11207,.T.);
#11207 = EDGE_CURVE('',#11200,#11208,#11210,.T.);
#11208 = VERTEX_POINT('',#11209);
#11209 = CARTESIAN_POINT('',(-15.,6.,0.));
#11210 = LINE('',#11211,#11212);
#11211 = CARTESIAN_POINT('',(-15.,5.884709835052,-1.170539975166));
#11212 = VECTOR('',#11213,1.);
#11213 = DIRECTION('',(0.,9.801885815031E-02,0.99518455748));
#11214 = ORIENTED_EDGE('',*,*,#11215,.T.);
#11215 = EDGE_CURVE('',#11208,#11216,#11218,.T.);
#11216 = VERTEX_POINT('',#11217);
#11217 = CARTESIAN_POINT('',(-15.,5.884709835052,1.170539975166));
#11218 = LINE('',#11219,#11220);
#11219 = CARTESIAN_POINT('',(-15.,6.,0.));
#11220 = VECTOR('',#11221,1.);
#11221 = DIRECTION('',(0.,-9.801885815031E-02,0.99518455748));
#11222 = ORIENTED_EDGE('',*,*,#11223,.T.);
#11223 = EDGE_CURVE('',#11216,#11224,#11226,.T.);
#11224 = VERTEX_POINT('',#11225);
#11225 = CARTESIAN_POINT('',(-15.,5.543280124664,2.296099901199));
#11226 = LINE('',#11227,#11228);
#11227 = CARTESIAN_POINT('',(-15.,5.884709835052,1.170539975166));
#11228 = VECTOR('',#11229,1.);
#11229 = DIRECTION('',(0.,-0.290280659642,0.956941554453));
#11230 = ORIENTED_EDGE('',*,*,#11231,.T.);
#11231 = EDGE_CURVE('',#11224,#11232,#11234,.T.);
#11232 = VERTEX_POINT('',#11233);
#11233 = CARTESIAN_POINT('',(-15.,4.988820075989,3.333420038223));
#11234 = LINE('',#11235,#11236);
#11235 = CARTESIAN_POINT('',(-15.,5.543280124664,2.296099901199));
#11236 = VECTOR('',#11237,1.);
#11237 = DIRECTION('',(0.,-0.471397321313,0.881920951933));
#11238 = ORIENTED_EDGE('',*,*,#11239,.T.);
#11239 = EDGE_CURVE('',#11232,#11240,#11242,.T.);
#11240 = VERTEX_POINT('',#11241);
#11241 = CARTESIAN_POINT('',(-15.,4.242640018463,4.242640018463));
#11242 = LINE('',#11243,#11244);
#11243 = CARTESIAN_POINT('',(-15.,4.988820075989,3.333420038223));
#11244 = VECTOR('',#11245,1.);
#11245 = DIRECTION('',(0.,-0.634394556031,0.773009409567));
#11246 = ORIENTED_EDGE('',*,*,#11247,.T.);
#11247 = EDGE_CURVE('',#11240,#11248,#11250,.T.);
#11248 = VERTEX_POINT('',#11249);
#11249 = CARTESIAN_POINT('',(-15.,3.333420038223,4.988820075989));
#11250 = LINE('',#11251,#11252);
#11251 = CARTESIAN_POINT('',(-15.,4.242640018463,4.242640018463));
#11252 = VECTOR('',#11253,1.);
#11253 = DIRECTION('',(0.,-0.773009409567,0.634394556031));
#11254 = ORIENTED_EDGE('',*,*,#11255,.T.);
#11255 = EDGE_CURVE('',#11248,#11256,#11258,.T.);
#11256 = VERTEX_POINT('',#11257);
#11257 = CARTESIAN_POINT('',(-15.,2.296099901199,5.543280124664));
#11258 = LINE('',#11259,#11260);
#11259 = CARTESIAN_POINT('',(-15.,3.333420038223,4.988820075989));
#11260 = VECTOR('',#11261,1.);
#11261 = DIRECTION('',(0.,-0.881920951933,0.471397321313));
#11262 = ORIENTED_EDGE('',*,*,#11263,.T.);
#11263 = EDGE_CURVE('',#11256,#11264,#11266,.T.);
#11264 = VERTEX_POINT('',#11265);
#11265 = CARTESIAN_POINT('',(-15.,1.170539975166,5.884709835052));
#11266 = LINE('',#11267,#11268);
#11267 = CARTESIAN_POINT('',(-15.,2.296099901199,5.543280124664));
#11268 = VECTOR('',#11269,1.);
#11269 = DIRECTION('',(0.,-0.956941554453,0.290280659642));
#11270 = ORIENTED_EDGE('',*,*,#11271,.T.);
#11271 = EDGE_CURVE('',#11264,#11272,#11274,.T.);
#11272 = VERTEX_POINT('',#11273);
#11273 = CARTESIAN_POINT('',(-15.,0.,6.));
#11274 = LINE('',#11275,#11276);
#11275 = CARTESIAN_POINT('',(-15.,1.170539975166,5.884709835052));
#11276 = VECTOR('',#11277,1.);
#11277 = DIRECTION('',(0.,-0.99518455748,9.801885815031E-02));
#11278 = ORIENTED_EDGE('',*,*,#11279,.T.);
#11279 = EDGE_CURVE('',#11272,#11280,#11282,.T.);
#11280 = VERTEX_POINT('',#11281);
#11281 = CARTESIAN_POINT('',(-15.,-1.170539975166,5.884709835052));
#11282 = LINE('',#11283,#11284);
#11283 = CARTESIAN_POINT('',(-15.,0.,6.));
#11284 = VECTOR('',#11285,1.);
#11285 = DIRECTION('',(0.,-0.99518455748,-9.801885815031E-02));
#11286 = ORIENTED_EDGE('',*,*,#11287,.T.);
#11287 = EDGE_CURVE('',#11280,#11288,#11290,.T.);
#11288 = VERTEX_POINT('',#11289);
#11289 = CARTESIAN_POINT('',(-15.,-2.296099901199,5.543280124664));
#11290 = LINE('',#11291,#11292);
#11291 = CARTESIAN_POINT('',(-15.,-1.170539975166,5.884709835052));
#11292 = VECTOR('',#11293,1.);
#11293 = DIRECTION('',(0.,-0.956941554453,-0.290280659642));
#11294 = ORIENTED_EDGE('',*,*,#11295,.T.);
#11295 = EDGE_CURVE('',#11288,#11296,#11298,.T.);
#11296 = VERTEX_POINT('',#11297);
#11297 = CARTESIAN_POINT('',(-15.,-3.333420038223,4.988820075989));
#11298 = LINE('',#11299,#11300);
#11299 = CARTESIAN_POINT('',(-15.,-2.296099901199,5.543280124664));
#11300 = VECTOR('',#11301,1.);
#11301 = DIRECTION('',(0.,-0.881920951933,-0.471397321313));
#11302 = ORIENTED_EDGE('',*,*,#11303,.T.);
#11303 = EDGE_CURVE('',#11296,#11304,#11306,.T.);
#11304 = VERTEX_POINT('',#11305);
#11305 = CARTESIAN_POINT('',(-15.,-4.242640018463,4.242640018463));
#11306 = LINE('',#11307,#11308);
#11307 = CARTESIAN_POINT('',(-15.,-3.333420038223,4.988820075989));
#11308 = VECTOR('',#11309,1.);
#11309 = DIRECTION('',(0.,-0.773009409567,-0.634394556031));
#11310 = ORIENTED_EDGE('',*,*,#11311,.T.);
#11311 = EDGE_CURVE('',#11304,#11312,#11314,.T.);
#11312 = VERTEX_POINT('',#11313);
#11313 = CARTESIAN_POINT('',(-15.,-4.988820075989,3.333420038223));
#11314 = LINE('',#11315,#11316);
#11315 = CARTESIAN_POINT('',(-15.,-4.242640018463,4.242640018463));
#11316 = VECTOR('',#11317,1.);
#11317 = DIRECTION('',(0.,-0.634394556031,-0.773009409567));
#11318 = ORIENTED_EDGE('',*,*,#11319,.T.);
#11319 = EDGE_CURVE('',#11312,#11320,#11322,.T.);
#11320 = VERTEX_POINT('',#11321);
#11321 = CARTESIAN_POINT('',(-15.,-5.543280124664,2.296099901199));
#11322 = LINE('',#11323,#11324);
#11323 = CARTESIAN_POINT('',(-15.,-4.988820075989,3.333420038223));
#11324 = VECTOR('',#11325,1.);
#11325 = DIRECTION('',(0.,-0.471397321313,-0.881920951933));
#11326 = ORIENTED_EDGE('',*,*,#11327,.T.);
#11327 = EDGE_CURVE('',#11320,#11078,#11328,.T.);
#11328 = LINE('',#11329,#11330);
#11329 = CARTESIAN_POINT('',(-15.,-5.543280124664,2.296099901199));
#11330 = VECTOR('',#11331,1.);
#11331 = DIRECTION('',(0.,-0.290280659642,-0.956941554453));
#11332 = PLANE('',#11333);
#11333 = AXIS2_PLACEMENT_3D('',#11334,#11335,#11336);
#11334 = CARTESIAN_POINT('',(-15.,3.171510349069E-16,-2.038828081544E-16
    ));
#11335 = DIRECTION('',(-1.,-0.,-0.));
#11336 = DIRECTION('',(0.,0.,-1.));
#11337 = ADVANCED_FACE('',(#11338),#11363,.F.);
#11338 = FACE_BOUND('',#11339,.F.);
#11339 = EDGE_LOOP('',(#11340,#11341,#11349,#11357));
#11340 = ORIENTED_EDGE('',*,*,#11303,.F.);
#11341 = ORIENTED_EDGE('',*,*,#11342,.T.);
#11342 = EDGE_CURVE('',#11296,#11343,#11345,.T.);
#11343 = VERTEX_POINT('',#11344);
#11344 = CARTESIAN_POINT('',(-25.,-3.333420038223,4.988820075989));
#11345 = LINE('',#11346,#11347);
#11346 = CARTESIAN_POINT('',(-15.,-3.333420038223,4.988820075989));
#11347 = VECTOR('',#11348,1.);
#11348 = DIRECTION('',(-1.,0.,0.));
#11349 = ORIENTED_EDGE('',*,*,#11350,.T.);
#11350 = EDGE_CURVE('',#11343,#11351,#11353,.T.);
#11351 = VERTEX_POINT('',#11352);
#11352 = CARTESIAN_POINT('',(-25.,-4.242640018463,4.242640018463));
#11353 = LINE('',#11354,#11355);
#11354 = CARTESIAN_POINT('',(-25.,-3.333420038223,4.988820075989));
#11355 = VECTOR('',#11356,1.);
#11356 = DIRECTION('',(0.,-0.773009409567,-0.634394556031));
#11357 = ORIENTED_EDGE('',*,*,#11358,.T.);
#11358 = EDGE_CURVE('',#11351,#11304,#11359,.T.);
#11359 = LINE('',#11360,#11361);
#11360 = CARTESIAN_POINT('',(-25.,-4.242640018463,4.242640018463));
#11361 = VECTOR('',#11362,1.);
#11362 = DIRECTION('',(1.,0.,0.));
#11363 = PLANE('',#11364);
#11364 = AXIS2_PLACEMENT_3D('',#11365,#11366,#11367);
#11365 = CARTESIAN_POINT('',(-20.,-3.788030028343,4.615730047226));
#11366 = DIRECTION('',(0.,-0.634394556031,0.773009409567));
#11367 = DIRECTION('',(0.,0.773009409567,0.634394556031));
#11368 = ADVANCED_FACE('',(#11369,#11618),#11876,.F.);
#11369 = FACE_BOUND('',#11370,.F.);
#11370 = EDGE_LOOP('',(#11371,#11381,#11389,#11395,#11396,#11404,#11412,
    #11420,#11428,#11436,#11444,#11452,#11460,#11468,#11476,#11484,
    #11492,#11500,#11508,#11516,#11524,#11532,#11540,#11548,#11556,
    #11564,#11572,#11580,#11588,#11596,#11604,#11612));
#11371 = ORIENTED_EDGE('',*,*,#11372,.F.);
#11372 = EDGE_CURVE('',#11373,#11375,#11377,.T.);
#11373 = VERTEX_POINT('',#11374);
#11374 = CARTESIAN_POINT('',(-25.,-5.543280124664,2.296099901199));
#11375 = VERTEX_POINT('',#11376);
#11376 = CARTESIAN_POINT('',(-25.,-5.884709835052,1.170539975166));
#11377 = LINE('',#11378,#11379);
#11378 = CARTESIAN_POINT('',(-25.,-5.543280124664,2.296099901199));
#11379 = VECTOR('',#11380,1.);
#11380 = DIRECTION('',(0.,-0.290280659642,-0.956941554453));
#11381 = ORIENTED_EDGE('',*,*,#11382,.F.);
#11382 = EDGE_CURVE('',#11383,#11373,#11385,.T.);
#11383 = VERTEX_POINT('',#11384);
#11384 = CARTESIAN_POINT('',(-25.,-4.988820075989,3.333420038223));
#11385 = LINE('',#11386,#11387);
#11386 = CARTESIAN_POINT('',(-25.,-4.988820075989,3.333420038223));
#11387 = VECTOR('',#11388,1.);
#11388 = DIRECTION('',(0.,-0.471397321313,-0.881920951933));
#11389 = ORIENTED_EDGE('',*,*,#11390,.F.);
#11390 = EDGE_CURVE('',#11351,#11383,#11391,.T.);
#11391 = LINE('',#11392,#11393);
#11392 = CARTESIAN_POINT('',(-25.,-4.242640018463,4.242640018463));
#11393 = VECTOR('',#11394,1.);
#11394 = DIRECTION('',(0.,-0.634394556031,-0.773009409567));
#11395 = ORIENTED_EDGE('',*,*,#11350,.F.);
#11396 = ORIENTED_EDGE('',*,*,#11397,.F.);
#11397 = EDGE_CURVE('',#11398,#11343,#11400,.T.);
#11398 = VERTEX_POINT('',#11399);
#11399 = CARTESIAN_POINT('',(-25.,-2.296099901199,5.543280124664));
#11400 = LINE('',#11401,#11402);
#11401 = CARTESIAN_POINT('',(-25.,-2.296099901199,5.543280124664));
#11402 = VECTOR('',#11403,1.);
#11403 = DIRECTION('',(0.,-0.881920951933,-0.471397321313));
#11404 = ORIENTED_EDGE('',*,*,#11405,.F.);
#11405 = EDGE_CURVE('',#11406,#11398,#11408,.T.);
#11406 = VERTEX_POINT('',#11407);
#11407 = CARTESIAN_POINT('',(-25.,-1.170539975166,5.884709835052));
#11408 = LINE('',#11409,#11410);
#11409 = CARTESIAN_POINT('',(-25.,-1.170539975166,5.884709835052));
#11410 = VECTOR('',#11411,1.);
#11411 = DIRECTION('',(0.,-0.956941554453,-0.290280659642));
#11412 = ORIENTED_EDGE('',*,*,#11413,.T.);
#11413 = EDGE_CURVE('',#11406,#11414,#11416,.T.);
#11414 = VERTEX_POINT('',#11415);
#11415 = CARTESIAN_POINT('',(-25.,0.,6.));
#11416 = LINE('',#11417,#11418);
#11417 = CARTESIAN_POINT('',(-25.,-1.170539975166,5.884709835052));
#11418 = VECTOR('',#11419,1.);
#11419 = DIRECTION('',(0.,0.99518455748,9.801885815031E-02));
#11420 = ORIENTED_EDGE('',*,*,#11421,.T.);
#11421 = EDGE_CURVE('',#11414,#11422,#11424,.T.);
#11422 = VERTEX_POINT('',#11423);
#11423 = CARTESIAN_POINT('',(-25.,1.170539975166,5.884709835052));
#11424 = LINE('',#11425,#11426);
#11425 = CARTESIAN_POINT('',(-25.,0.,6.));
#11426 = VECTOR('',#11427,1.);
#11427 = DIRECTION('',(0.,0.99518455748,-9.801885815031E-02));
#11428 = ORIENTED_EDGE('',*,*,#11429,.F.);
#11429 = EDGE_CURVE('',#11430,#11422,#11432,.T.);
#11430 = VERTEX_POINT('',#11431);
#11431 = CARTESIAN_POINT('',(-25.,2.296099901199,5.543280124664));
#11432 = LINE('',#11433,#11434);
#11433 = CARTESIAN_POINT('',(-25.,2.296099901199,5.543280124664));
#11434 = VECTOR('',#11435,1.);
#11435 = DIRECTION('',(0.,-0.956941554453,0.290280659642));
#11436 = ORIENTED_EDGE('',*,*,#11437,.T.);
#11437 = EDGE_CURVE('',#11430,#11438,#11440,.T.);
#11438 = VERTEX_POINT('',#11439);
#11439 = CARTESIAN_POINT('',(-25.,3.333420038223,4.988820075989));
#11440 = LINE('',#11441,#11442);
#11441 = CARTESIAN_POINT('',(-25.,2.296099901199,5.543280124664));
#11442 = VECTOR('',#11443,1.);
#11443 = DIRECTION('',(0.,0.881920951933,-0.471397321313));
#11444 = ORIENTED_EDGE('',*,*,#11445,.F.);
#11445 = EDGE_CURVE('',#11446,#11438,#11448,.T.);
#11446 = VERTEX_POINT('',#11447);
#11447 = CARTESIAN_POINT('',(-25.,4.242640018463,4.242640018463));
#11448 = LINE('',#11449,#11450);
#11449 = CARTESIAN_POINT('',(-25.,4.242640018463,4.242640018463));
#11450 = VECTOR('',#11451,1.);
#11451 = DIRECTION('',(0.,-0.773009409567,0.634394556031));
#11452 = ORIENTED_EDGE('',*,*,#11453,.F.);
#11453 = EDGE_CURVE('',#11454,#11446,#11456,.T.);
#11454 = VERTEX_POINT('',#11455);
#11455 = CARTESIAN_POINT('',(-25.,4.988820075989,3.333420038223));
#11456 = LINE('',#11457,#11458);
#11457 = CARTESIAN_POINT('',(-25.,4.988820075989,3.333420038223));
#11458 = VECTOR('',#11459,1.);
#11459 = DIRECTION('',(0.,-0.634394556031,0.773009409567));
#11460 = ORIENTED_EDGE('',*,*,#11461,.F.);
#11461 = EDGE_CURVE('',#11462,#11454,#11464,.T.);
#11462 = VERTEX_POINT('',#11463);
#11463 = CARTESIAN_POINT('',(-25.,5.543280124664,2.296099901199));
#11464 = LINE('',#11465,#11466);
#11465 = CARTESIAN_POINT('',(-25.,5.543280124664,2.296099901199));
#11466 = VECTOR('',#11467,1.);
#11467 = DIRECTION('',(0.,-0.471397321313,0.881920951933));
#11468 = ORIENTED_EDGE('',*,*,#11469,.F.);
#11469 = EDGE_CURVE('',#11470,#11462,#11472,.T.);
#11470 = VERTEX_POINT('',#11471);
#11471 = CARTESIAN_POINT('',(-25.,5.884709835052,1.170539975166));
#11472 = LINE('',#11473,#11474);
#11473 = CARTESIAN_POINT('',(-25.,5.884709835052,1.170539975166));
#11474 = VECTOR('',#11475,1.);
#11475 = DIRECTION('',(0.,-0.290280659642,0.956941554453));
#11476 = ORIENTED_EDGE('',*,*,#11477,.F.);
#11477 = EDGE_CURVE('',#11478,#11470,#11480,.T.);
#11478 = VERTEX_POINT('',#11479);
#11479 = CARTESIAN_POINT('',(-25.,6.,0.));
#11480 = LINE('',#11481,#11482);
#11481 = CARTESIAN_POINT('',(-25.,6.,0.));
#11482 = VECTOR('',#11483,1.);
#11483 = DIRECTION('',(0.,-9.801885815031E-02,0.99518455748));
#11484 = ORIENTED_EDGE('',*,*,#11485,.T.);
#11485 = EDGE_CURVE('',#11478,#11486,#11488,.T.);
#11486 = VERTEX_POINT('',#11487);
#11487 = CARTESIAN_POINT('',(-25.,5.884709835052,-1.170539975166));
#11488 = LINE('',#11489,#11490);
#11489 = CARTESIAN_POINT('',(-25.,6.,0.));
#11490 = VECTOR('',#11491,1.);
#11491 = DIRECTION('',(0.,-9.801885815031E-02,-0.99518455748));
#11492 = ORIENTED_EDGE('',*,*,#11493,.F.);
#11493 = EDGE_CURVE('',#11494,#11486,#11496,.T.);
#11494 = VERTEX_POINT('',#11495);
#11495 = CARTESIAN_POINT('',(-25.,5.543280124664,-2.296099901199));
#11496 = LINE('',#11497,#11498);
#11497 = CARTESIAN_POINT('',(-25.,5.543280124664,-2.296099901199));
#11498 = VECTOR('',#11499,1.);
#11499 = DIRECTION('',(0.,0.290280659642,0.956941554453));
#11500 = ORIENTED_EDGE('',*,*,#11501,.F.);
#11501 = EDGE_CURVE('',#11502,#11494,#11504,.T.);
#11502 = VERTEX_POINT('',#11503);
#11503 = CARTESIAN_POINT('',(-25.,4.988820075989,-3.333420038223));
#11504 = LINE('',#11505,#11506);
#11505 = CARTESIAN_POINT('',(-25.,4.988820075989,-3.333420038223));
#11506 = VECTOR('',#11507,1.);
#11507 = DIRECTION('',(0.,0.471397321313,0.881920951933));
#11508 = ORIENTED_EDGE('',*,*,#11509,.F.);
#11509 = EDGE_CURVE('',#11510,#11502,#11512,.T.);
#11510 = VERTEX_POINT('',#11511);
#11511 = CARTESIAN_POINT('',(-25.,4.242640018463,-4.242640018463));
#11512 = LINE('',#11513,#11514);
#11513 = CARTESIAN_POINT('',(-25.,4.242640018463,-4.242640018463));
#11514 = VECTOR('',#11515,1.);
#11515 = DIRECTION('',(0.,0.634394556031,0.773009409567));
#11516 = ORIENTED_EDGE('',*,*,#11517,.F.);
#11517 = EDGE_CURVE('',#11518,#11510,#11520,.T.);
#11518 = VERTEX_POINT('',#11519);
#11519 = CARTESIAN_POINT('',(-25.,3.333420038223,-4.988820075989));
#11520 = LINE('',#11521,#11522);
#11521 = CARTESIAN_POINT('',(-25.,3.333420038223,-4.988820075989));
#11522 = VECTOR('',#11523,1.);
#11523 = DIRECTION('',(0.,0.773009409567,0.634394556031));
#11524 = ORIENTED_EDGE('',*,*,#11525,.F.);
#11525 = EDGE_CURVE('',#11526,#11518,#11528,.T.);
#11526 = VERTEX_POINT('',#11527);
#11527 = CARTESIAN_POINT('',(-25.,2.296099901199,-5.543280124664));
#11528 = LINE('',#11529,#11530);
#11529 = CARTESIAN_POINT('',(-25.,2.296099901199,-5.543280124664));
#11530 = VECTOR('',#11531,1.);
#11531 = DIRECTION('',(0.,0.881920951933,0.471397321313));
#11532 = ORIENTED_EDGE('',*,*,#11533,.F.);
#11533 = EDGE_CURVE('',#11534,#11526,#11536,.T.);
#11534 = VERTEX_POINT('',#11535);
#11535 = CARTESIAN_POINT('',(-25.,1.170539975166,-5.884709835052));
#11536 = LINE('',#11537,#11538);
#11537 = CARTESIAN_POINT('',(-25.,1.170539975166,-5.884709835052));
#11538 = VECTOR('',#11539,1.);
#11539 = DIRECTION('',(0.,0.956941554453,0.290280659642));
#11540 = ORIENTED_EDGE('',*,*,#11541,.F.);
#11541 = EDGE_CURVE('',#11542,#11534,#11544,.T.);
#11542 = VERTEX_POINT('',#11543);
#11543 = CARTESIAN_POINT('',(-25.,0.,-6.));
#11544 = LINE('',#11545,#11546);
#11545 = CARTESIAN_POINT('',(-25.,0.,-6.));
#11546 = VECTOR('',#11547,1.);
#11547 = DIRECTION('',(0.,0.99518455748,9.801885815031E-02));
#11548 = ORIENTED_EDGE('',*,*,#11549,.F.);
#11549 = EDGE_CURVE('',#11550,#11542,#11552,.T.);
#11550 = VERTEX_POINT('',#11551);
#11551 = CARTESIAN_POINT('',(-25.,-1.170539975166,-5.884709835052));
#11552 = LINE('',#11553,#11554);
#11553 = CARTESIAN_POINT('',(-25.,-1.170539975166,-5.884709835052));
#11554 = VECTOR('',#11555,1.);
#11555 = DIRECTION('',(0.,0.99518455748,-9.801885815031E-02));
#11556 = ORIENTED_EDGE('',*,*,#11557,.F.);
#11557 = EDGE_CURVE('',#11558,#11550,#11560,.T.);
#11558 = VERTEX_POINT('',#11559);
#11559 = CARTESIAN_POINT('',(-25.,-2.296099901199,-5.543280124664));
#11560 = LINE('',#11561,#11562);
#11561 = CARTESIAN_POINT('',(-25.,-2.296099901199,-5.543280124664));
#11562 = VECTOR('',#11563,1.);
#11563 = DIRECTION('',(0.,0.956941554453,-0.290280659642));
#11564 = ORIENTED_EDGE('',*,*,#11565,.F.);
#11565 = EDGE_CURVE('',#11566,#11558,#11568,.T.);
#11566 = VERTEX_POINT('',#11567);
#11567 = CARTESIAN_POINT('',(-25.,-3.333420038223,-4.988820075989));
#11568 = LINE('',#11569,#11570);
#11569 = CARTESIAN_POINT('',(-25.,-3.333420038223,-4.988820075989));
#11570 = VECTOR('',#11571,1.);
#11571 = DIRECTION('',(0.,0.881920951933,-0.471397321313));
#11572 = ORIENTED_EDGE('',*,*,#11573,.F.);
#11573 = EDGE_CURVE('',#11574,#11566,#11576,.T.);
#11574 = VERTEX_POINT('',#11575);
#11575 = CARTESIAN_POINT('',(-25.,-4.242640018463,-4.242640018463));
#11576 = LINE('',#11577,#11578);
#11577 = CARTESIAN_POINT('',(-25.,-4.242640018463,-4.242640018463));
#11578 = VECTOR('',#11579,1.);
#11579 = DIRECTION('',(0.,0.773009409567,-0.634394556031));
#11580 = ORIENTED_EDGE('',*,*,#11581,.F.);
#11581 = EDGE_CURVE('',#11582,#11574,#11584,.T.);
#11582 = VERTEX_POINT('',#11583);
#11583 = CARTESIAN_POINT('',(-25.,-4.988820075989,-3.333420038223));
#11584 = LINE('',#11585,#11586);
#11585 = CARTESIAN_POINT('',(-25.,-4.988820075989,-3.333420038223));
#11586 = VECTOR('',#11587,1.);
#11587 = DIRECTION('',(0.,0.634394556031,-0.773009409567));
#11588 = ORIENTED_EDGE('',*,*,#11589,.F.);
#11589 = EDGE_CURVE('',#11590,#11582,#11592,.T.);
#11590 = VERTEX_POINT('',#11591);
#11591 = CARTESIAN_POINT('',(-25.,-5.543280124664,-2.296099901199));
#11592 = LINE('',#11593,#11594);
#11593 = CARTESIAN_POINT('',(-25.,-5.543280124664,-2.296099901199));
#11594 = VECTOR('',#11595,1.);
#11595 = DIRECTION('',(0.,0.471397321313,-0.881920951933));
#11596 = ORIENTED_EDGE('',*,*,#11597,.F.);
#11597 = EDGE_CURVE('',#11598,#11590,#11600,.T.);
#11598 = VERTEX_POINT('',#11599);
#11599 = CARTESIAN_POINT('',(-25.,-5.884709835052,-1.170539975166));
#11600 = LINE('',#11601,#11602);
#11601 = CARTESIAN_POINT('',(-25.,-5.884709835052,-1.170539975166));
#11602 = VECTOR('',#11603,1.);
#11603 = DIRECTION('',(0.,0.290280659642,-0.956941554453));
#11604 = ORIENTED_EDGE('',*,*,#11605,.F.);
#11605 = EDGE_CURVE('',#11606,#11598,#11608,.T.);
#11606 = VERTEX_POINT('',#11607);
#11607 = CARTESIAN_POINT('',(-25.,-6.,0.));
#11608 = LINE('',#11609,#11610);
#11609 = CARTESIAN_POINT('',(-25.,-6.,0.));
#11610 = VECTOR('',#11611,1.);
#11611 = DIRECTION('',(0.,9.801885815031E-02,-0.99518455748));
#11612 = ORIENTED_EDGE('',*,*,#11613,.T.);
#11613 = EDGE_CURVE('',#11606,#11375,#11614,.T.);
#11614 = LINE('',#11615,#11616);
#11615 = CARTESIAN_POINT('',(-25.,-6.,0.));
#11616 = VECTOR('',#11617,1.);
#11617 = DIRECTION('',(0.,9.801885815031E-02,0.99518455748));
#11618 = FACE_BOUND('',#11619,.F.);
#11619 = EDGE_LOOP('',(#11620,#11630,#11638,#11646,#11654,#11662,#11670,
    #11678,#11686,#11694,#11702,#11710,#11718,#11726,#11734,#11742,
    #11750,#11758,#11766,#11774,#11782,#11790,#11798,#11806,#11814,
    #11822,#11830,#11838,#11846,#11854,#11862,#11870));
#11620 = ORIENTED_EDGE('',*,*,#11621,.T.);
#11621 = EDGE_CURVE('',#11622,#11624,#11626,.T.);
#11622 = VERTEX_POINT('',#11623);
#11623 = CARTESIAN_POINT('',(-25.,-2.550040006638,0.507234990597));
#11624 = VERTEX_POINT('',#11625);
#11625 = CARTESIAN_POINT('',(-25.,-2.599999904633,0.));
#11626 = LINE('',#11627,#11628);
#11627 = CARTESIAN_POINT('',(-25.,-2.550040006638,0.507234990597));
#11628 = VECTOR('',#11629,1.);
#11629 = DIRECTION('',(0.,-9.802027253596E-02,-0.995184418172));
#11630 = ORIENTED_EDGE('',*,*,#11631,.T.);
#11631 = EDGE_CURVE('',#11624,#11632,#11634,.T.);
#11632 = VERTEX_POINT('',#11633);
#11633 = CARTESIAN_POINT('',(-25.,-2.550040006638,-0.507234990597));
#11634 = LINE('',#11635,#11636);
#11635 = CARTESIAN_POINT('',(-25.,-2.599999904633,0.));
#11636 = VECTOR('',#11637,1.);
#11637 = DIRECTION('',(0.,9.802027253596E-02,-0.995184418172));
#11638 = ORIENTED_EDGE('',*,*,#11639,.T.);
#11639 = EDGE_CURVE('',#11632,#11640,#11642,.T.);
#11640 = VERTEX_POINT('',#11641);
#11641 = CARTESIAN_POINT('',(-25.,-2.402090072632,-0.994975984097));
#11642 = LINE('',#11643,#11644);
#11643 = CARTESIAN_POINT('',(-25.,-2.550040006638,-0.507234990597));
#11644 = VECTOR('',#11645,1.);
#11645 = DIRECTION('',(0.,0.290276270962,-0.956942885713));
#11646 = ORIENTED_EDGE('',*,*,#11647,.T.);
#11647 = EDGE_CURVE('',#11640,#11648,#11650,.T.);
#11648 = VERTEX_POINT('',#11649);
#11649 = CARTESIAN_POINT('',(-25.,-2.161819934845,-1.444479942322));
#11650 = LINE('',#11651,#11652);
#11651 = CARTESIAN_POINT('',(-25.,-2.402090072632,-0.994975984097));
#11652 = VECTOR('',#11653,1.);
#11653 = DIRECTION('',(0.,0.471404773413,-0.881916968656));
#11654 = ORIENTED_EDGE('',*,*,#11655,.T.);
#11655 = EDGE_CURVE('',#11648,#11656,#11658,.T.);
#11656 = VERTEX_POINT('',#11657);
#11657 = CARTESIAN_POINT('',(-25.,-1.838479995728,-1.838479995728));
#11658 = LINE('',#11659,#11660);
#11659 = CARTESIAN_POINT('',(-25.,-2.161819934845,-1.444479942322));
#11660 = VECTOR('',#11661,1.);
#11661 = DIRECTION('',(0.,0.63438443474,-0.773017715812));
#11662 = ORIENTED_EDGE('',*,*,#11663,.T.);
#11663 = EDGE_CURVE('',#11656,#11664,#11666,.T.);
#11664 = VERTEX_POINT('',#11665);
#11665 = CARTESIAN_POINT('',(-25.,-1.444479942322,-2.161819934845));
#11666 = LINE('',#11667,#11668);
#11667 = CARTESIAN_POINT('',(-25.,-1.838479995728,-1.838479995728));
#11668 = VECTOR('',#11669,1.);
#11669 = DIRECTION('',(0.,0.773017715812,-0.63438443474));
#11670 = ORIENTED_EDGE('',*,*,#11671,.T.);
#11671 = EDGE_CURVE('',#11664,#11672,#11674,.T.);
#11672 = VERTEX_POINT('',#11673);
#11673 = CARTESIAN_POINT('',(-25.,-0.994975984097,-2.402090072632));
#11674 = LINE('',#11675,#11676);
#11675 = CARTESIAN_POINT('',(-25.,-1.444479942322,-2.161819934845));
#11676 = VECTOR('',#11677,1.);
#11677 = DIRECTION('',(0.,0.881916968656,-0.471404773413));
#11678 = ORIENTED_EDGE('',*,*,#11679,.T.);
#11679 = EDGE_CURVE('',#11672,#11680,#11682,.T.);
#11680 = VERTEX_POINT('',#11681);
#11681 = CARTESIAN_POINT('',(-25.,-0.507234990597,-2.550040006638));
#11682 = LINE('',#11683,#11684);
#11683 = CARTESIAN_POINT('',(-25.,-0.994975984097,-2.402090072632));
#11684 = VECTOR('',#11685,1.);
#11685 = DIRECTION('',(0.,0.956942885713,-0.290276270962));
#11686 = ORIENTED_EDGE('',*,*,#11687,.T.);
#11687 = EDGE_CURVE('',#11680,#11688,#11690,.T.);
#11688 = VERTEX_POINT('',#11689);
#11689 = CARTESIAN_POINT('',(-25.,0.,-2.599999904633));
#11690 = LINE('',#11691,#11692);
#11691 = CARTESIAN_POINT('',(-25.,-0.507234990597,-2.550040006638));
#11692 = VECTOR('',#11693,1.);
#11693 = DIRECTION('',(0.,0.995184418172,-9.802027253596E-02));
#11694 = ORIENTED_EDGE('',*,*,#11695,.T.);
#11695 = EDGE_CURVE('',#11688,#11696,#11698,.T.);
#11696 = VERTEX_POINT('',#11697);
#11697 = CARTESIAN_POINT('',(-25.,0.507234990597,-2.550040006638));
#11698 = LINE('',#11699,#11700);
#11699 = CARTESIAN_POINT('',(-25.,0.,-2.599999904633));
#11700 = VECTOR('',#11701,1.);
#11701 = DIRECTION('',(0.,0.995184418172,9.802027253596E-02));
#11702 = ORIENTED_EDGE('',*,*,#11703,.T.);
#11703 = EDGE_CURVE('',#11696,#11704,#11706,.T.);
#11704 = VERTEX_POINT('',#11705);
#11705 = CARTESIAN_POINT('',(-25.,0.994975984097,-2.402090072632));
#11706 = LINE('',#11707,#11708);
#11707 = CARTESIAN_POINT('',(-25.,0.507234990597,-2.550040006638));
#11708 = VECTOR('',#11709,1.);
#11709 = DIRECTION('',(0.,0.956942885713,0.290276270962));
#11710 = ORIENTED_EDGE('',*,*,#11711,.T.);
#11711 = EDGE_CURVE('',#11704,#11712,#11714,.T.);
#11712 = VERTEX_POINT('',#11713);
#11713 = CARTESIAN_POINT('',(-25.,1.444479942322,-2.161819934845));
#11714 = LINE('',#11715,#11716);
#11715 = CARTESIAN_POINT('',(-25.,0.994975984097,-2.402090072632));
#11716 = VECTOR('',#11717,1.);
#11717 = DIRECTION('',(0.,0.881916968656,0.471404773413));
#11718 = ORIENTED_EDGE('',*,*,#11719,.T.);
#11719 = EDGE_CURVE('',#11712,#11720,#11722,.T.);
#11720 = VERTEX_POINT('',#11721);
#11721 = CARTESIAN_POINT('',(-25.,1.838479995728,-1.838479995728));
#11722 = LINE('',#11723,#11724);
#11723 = CARTESIAN_POINT('',(-25.,1.444479942322,-2.161819934845));
#11724 = VECTOR('',#11725,1.);
#11725 = DIRECTION('',(0.,0.773017715812,0.63438443474));
#11726 = ORIENTED_EDGE('',*,*,#11727,.T.);
#11727 = EDGE_CURVE('',#11720,#11728,#11730,.T.);
#11728 = VERTEX_POINT('',#11729);
#11729 = CARTESIAN_POINT('',(-25.,2.161819934845,-1.444479942322));
#11730 = LINE('',#11731,#11732);
#11731 = CARTESIAN_POINT('',(-25.,1.838479995728,-1.838479995728));
#11732 = VECTOR('',#11733,1.);
#11733 = DIRECTION('',(0.,0.63438443474,0.773017715812));
#11734 = ORIENTED_EDGE('',*,*,#11735,.T.);
#11735 = EDGE_CURVE('',#11728,#11736,#11738,.T.);
#11736 = VERTEX_POINT('',#11737);
#11737 = CARTESIAN_POINT('',(-25.,2.402090072632,-0.994975984097));
#11738 = LINE('',#11739,#11740);
#11739 = CARTESIAN_POINT('',(-25.,2.161819934845,-1.444479942322));
#11740 = VECTOR('',#11741,1.);
#11741 = DIRECTION('',(0.,0.471404773413,0.881916968656));
#11742 = ORIENTED_EDGE('',*,*,#11743,.T.);
#11743 = EDGE_CURVE('',#11736,#11744,#11746,.T.);
#11744 = VERTEX_POINT('',#11745);
#11745 = CARTESIAN_POINT('',(-25.,2.550040006638,-0.507234990597));
#11746 = LINE('',#11747,#11748);
#11747 = CARTESIAN_POINT('',(-25.,2.402090072632,-0.994975984097));
#11748 = VECTOR('',#11749,1.);
#11749 = DIRECTION('',(0.,0.290276270962,0.956942885713));
#11750 = ORIENTED_EDGE('',*,*,#11751,.T.);
#11751 = EDGE_CURVE('',#11744,#11752,#11754,.T.);
#11752 = VERTEX_POINT('',#11753);
#11753 = CARTESIAN_POINT('',(-25.,2.599999904633,0.));
#11754 = LINE('',#11755,#11756);
#11755 = CARTESIAN_POINT('',(-25.,2.550040006638,-0.507234990597));
#11756 = VECTOR('',#11757,1.);
#11757 = DIRECTION('',(0.,9.802027253596E-02,0.995184418172));
#11758 = ORIENTED_EDGE('',*,*,#11759,.T.);
#11759 = EDGE_CURVE('',#11752,#11760,#11762,.T.);
#11760 = VERTEX_POINT('',#11761);
#11761 = CARTESIAN_POINT('',(-25.,2.550040006638,0.507234990597));
#11762 = LINE('',#11763,#11764);
#11763 = CARTESIAN_POINT('',(-25.,2.599999904633,0.));
#11764 = VECTOR('',#11765,1.);
#11765 = DIRECTION('',(0.,-9.802027253596E-02,0.995184418172));
#11766 = ORIENTED_EDGE('',*,*,#11767,.T.);
#11767 = EDGE_CURVE('',#11760,#11768,#11770,.T.);
#11768 = VERTEX_POINT('',#11769);
#11769 = CARTESIAN_POINT('',(-25.,2.402090072632,0.994975984097));
#11770 = LINE('',#11771,#11772);
#11771 = CARTESIAN_POINT('',(-25.,2.550040006638,0.507234990597));
#11772 = VECTOR('',#11773,1.);
#11773 = DIRECTION('',(0.,-0.290276270962,0.956942885713));
#11774 = ORIENTED_EDGE('',*,*,#11775,.T.);
#11775 = EDGE_CURVE('',#11768,#11776,#11778,.T.);
#11776 = VERTEX_POINT('',#11777);
#11777 = CARTESIAN_POINT('',(-25.,2.161819934845,1.444479942322));
#11778 = LINE('',#11779,#11780);
#11779 = CARTESIAN_POINT('',(-25.,2.402090072632,0.994975984097));
#11780 = VECTOR('',#11781,1.);
#11781 = DIRECTION('',(0.,-0.471404773413,0.881916968656));
#11782 = ORIENTED_EDGE('',*,*,#11783,.T.);
#11783 = EDGE_CURVE('',#11776,#11784,#11786,.T.);
#11784 = VERTEX_POINT('',#11785);
#11785 = CARTESIAN_POINT('',(-25.,1.838479995728,1.838479995728));
#11786 = LINE('',#11787,#11788);
#11787 = CARTESIAN_POINT('',(-25.,2.161819934845,1.444479942322));
#11788 = VECTOR('',#11789,1.);
#11789 = DIRECTION('',(0.,-0.63438443474,0.773017715812));
#11790 = ORIENTED_EDGE('',*,*,#11791,.T.);
#11791 = EDGE_CURVE('',#11784,#11792,#11794,.T.);
#11792 = VERTEX_POINT('',#11793);
#11793 = CARTESIAN_POINT('',(-25.,1.444479942322,2.161819934845));
#11794 = LINE('',#11795,#11796);
#11795 = CARTESIAN_POINT('',(-25.,1.838479995728,1.838479995728));
#11796 = VECTOR('',#11797,1.);
#11797 = DIRECTION('',(0.,-0.773017715812,0.63438443474));
#11798 = ORIENTED_EDGE('',*,*,#11799,.T.);
#11799 = EDGE_CURVE('',#11792,#11800,#11802,.T.);
#11800 = VERTEX_POINT('',#11801);
#11801 = CARTESIAN_POINT('',(-25.,0.994975984097,2.402090072632));
#11802 = LINE('',#11803,#11804);
#11803 = CARTESIAN_POINT('',(-25.,1.444479942322,2.161819934845));
#11804 = VECTOR('',#11805,1.);
#11805 = DIRECTION('',(0.,-0.881916968656,0.471404773413));
#11806 = ORIENTED_EDGE('',*,*,#11807,.T.);
#11807 = EDGE_CURVE('',#11800,#11808,#11810,.T.);
#11808 = VERTEX_POINT('',#11809);
#11809 = CARTESIAN_POINT('',(-25.,0.507234990597,2.550040006638));
#11810 = LINE('',#11811,#11812);
#11811 = CARTESIAN_POINT('',(-25.,0.994975984097,2.402090072632));
#11812 = VECTOR('',#11813,1.);
#11813 = DIRECTION('',(0.,-0.956942885713,0.290276270962));
#11814 = ORIENTED_EDGE('',*,*,#11815,.T.);
#11815 = EDGE_CURVE('',#11808,#11816,#11818,.T.);
#11816 = VERTEX_POINT('',#11817);
#11817 = CARTESIAN_POINT('',(-25.,0.,2.599999904633));
#11818 = LINE('',#11819,#11820);
#11819 = CARTESIAN_POINT('',(-25.,0.507234990597,2.550040006638));
#11820 = VECTOR('',#11821,1.);
#11821 = DIRECTION('',(0.,-0.995184418172,9.802027253596E-02));
#11822 = ORIENTED_EDGE('',*,*,#11823,.T.);
#11823 = EDGE_CURVE('',#11816,#11824,#11826,.T.);
#11824 = VERTEX_POINT('',#11825);
#11825 = CARTESIAN_POINT('',(-25.,-0.507234990597,2.550040006638));
#11826 = LINE('',#11827,#11828);
#11827 = CARTESIAN_POINT('',(-25.,0.,2.599999904633));
#11828 = VECTOR('',#11829,1.);
#11829 = DIRECTION('',(0.,-0.995184418172,-9.802027253596E-02));
#11830 = ORIENTED_EDGE('',*,*,#11831,.T.);
#11831 = EDGE_CURVE('',#11824,#11832,#11834,.T.);
#11832 = VERTEX_POINT('',#11833);
#11833 = CARTESIAN_POINT('',(-25.,-0.994975984097,2.402090072632));
#11834 = LINE('',#11835,#11836);
#11835 = CARTESIAN_POINT('',(-25.,-0.507234990597,2.550040006638));
#11836 = VECTOR('',#11837,1.);
#11837 = DIRECTION('',(0.,-0.956942885713,-0.290276270962));
#11838 = ORIENTED_EDGE('',*,*,#11839,.T.);
#11839 = EDGE_CURVE('',#11832,#11840,#11842,.T.);
#11840 = VERTEX_POINT('',#11841);
#11841 = CARTESIAN_POINT('',(-25.,-1.444479942322,2.161819934845));
#11842 = LINE('',#11843,#11844);
#11843 = CARTESIAN_POINT('',(-25.,-0.994975984097,2.402090072632));
#11844 = VECTOR('',#11845,1.);
#11845 = DIRECTION('',(0.,-0.881916968656,-0.471404773413));
#11846 = ORIENTED_EDGE('',*,*,#11847,.T.);
#11847 = EDGE_CURVE('',#11840,#11848,#11850,.T.);
#11848 = VERTEX_POINT('',#11849);
#11849 = CARTESIAN_POINT('',(-25.,-1.838479995728,1.838479995728));
#11850 = LINE('',#11851,#11852);
#11851 = CARTESIAN_POINT('',(-25.,-1.444479942322,2.161819934845));
#11852 = VECTOR('',#11853,1.);
#11853 = DIRECTION('',(0.,-0.773017715812,-0.63438443474));
#11854 = ORIENTED_EDGE('',*,*,#11855,.T.);
#11855 = EDGE_CURVE('',#11848,#11856,#11858,.T.);
#11856 = VERTEX_POINT('',#11857);
#11857 = CARTESIAN_POINT('',(-25.,-2.161819934845,1.444479942322));
#11858 = LINE('',#11859,#11860);
#11859 = CARTESIAN_POINT('',(-25.,-1.838479995728,1.838479995728));
#11860 = VECTOR('',#11861,1.);
#11861 = DIRECTION('',(0.,-0.63438443474,-0.773017715812));
#11862 = ORIENTED_EDGE('',*,*,#11863,.T.);
#11863 = EDGE_CURVE('',#11856,#11864,#11866,.T.);
#11864 = VERTEX_POINT('',#11865);
#11865 = CARTESIAN_POINT('',(-25.,-2.402090072632,0.994975984097));
#11866 = LINE('',#11867,#11868);
#11867 = CARTESIAN_POINT('',(-25.,-2.161819934845,1.444479942322));
#11868 = VECTOR('',#11869,1.);
#11869 = DIRECTION('',(0.,-0.471404773413,-0.881916968656));
#11870 = ORIENTED_EDGE('',*,*,#11871,.T.);
#11871 = EDGE_CURVE('',#11864,#11622,#11872,.T.);
#11872 = LINE('',#11873,#11874);
#11873 = CARTESIAN_POINT('',(-25.,-2.402090072632,0.994975984097));
#11874 = VECTOR('',#11875,1.);
#11875 = DIRECTION('',(0.,-0.290276270962,-0.956942885713));
#11876 = PLANE('',#11877);
#11877 = AXIS2_PLACEMENT_3D('',#11878,#11879,#11880);
#11878 = CARTESIAN_POINT('',(-25.,2.359755170232E-17,-1.769816377674E-16
    ));
#11879 = DIRECTION('',(-1.,-0.,-0.));
#11880 = DIRECTION('',(0.,0.,-1.));
#11881 = ADVANCED_FACE('',(#11882),#11898,.F.);
#11882 = FACE_BOUND('',#11883,.F.);
#11883 = EDGE_LOOP('',(#11884,#11890,#11891,#11897));
#11884 = ORIENTED_EDGE('',*,*,#11885,.T.);
#11885 = EDGE_CURVE('',#11446,#11240,#11886,.T.);
#11886 = LINE('',#11887,#11888);
#11887 = CARTESIAN_POINT('',(-25.,4.242640018463,4.242640018463));
#11888 = VECTOR('',#11889,1.);
#11889 = DIRECTION('',(1.,0.,0.));
#11890 = ORIENTED_EDGE('',*,*,#11239,.F.);
#11891 = ORIENTED_EDGE('',*,*,#11892,.T.);
#11892 = EDGE_CURVE('',#11232,#11454,#11893,.T.);
#11893 = LINE('',#11894,#11895);
#11894 = CARTESIAN_POINT('',(-15.,4.988820075989,3.333420038223));
#11895 = VECTOR('',#11896,1.);
#11896 = DIRECTION('',(-1.,0.,0.));
#11897 = ORIENTED_EDGE('',*,*,#11453,.T.);
#11898 = PLANE('',#11899);
#11899 = AXIS2_PLACEMENT_3D('',#11900,#11901,#11902);
#11900 = CARTESIAN_POINT('',(-20.,4.615730047226,3.788030028343));
#11901 = DIRECTION('',(0.,0.773009409567,0.634394556031));
#11902 = DIRECTION('',(0.,-0.634394556031,0.773009409567));
#11903 = ADVANCED_FACE('',(#11904),#11920,.F.);
#11904 = FACE_BOUND('',#11905,.F.);
#11905 = EDGE_LOOP('',(#11906,#11912,#11913,#11919));
#11906 = ORIENTED_EDGE('',*,*,#11907,.T.);
#11907 = EDGE_CURVE('',#11486,#11200,#11908,.T.);
#11908 = LINE('',#11909,#11910);
#11909 = CARTESIAN_POINT('',(-25.,5.884709835052,-1.170539975166));
#11910 = VECTOR('',#11911,1.);
#11911 = DIRECTION('',(1.,0.,0.));
#11912 = ORIENTED_EDGE('',*,*,#11199,.F.);
#11913 = ORIENTED_EDGE('',*,*,#11914,.F.);
#11914 = EDGE_CURVE('',#11494,#11192,#11915,.T.);
#11915 = LINE('',#11916,#11917);
#11916 = CARTESIAN_POINT('',(-25.,5.543280124664,-2.296099901199));
#11917 = VECTOR('',#11918,1.);
#11918 = DIRECTION('',(1.,0.,0.));
#11919 = ORIENTED_EDGE('',*,*,#11493,.T.);
#11920 = PLANE('',#11921);
#11921 = AXIS2_PLACEMENT_3D('',#11922,#11923,#11924);
#11922 = CARTESIAN_POINT('',(-20.,5.713994979858,-1.733319938183));
#11923 = DIRECTION('',(0.,0.956941554453,-0.290280659642));
#11924 = DIRECTION('',(0.,0.290280659642,0.956941554453));
#11925 = ADVANCED_FACE('',(#11926),#11937,.F.);
#11926 = FACE_BOUND('',#11927,.F.);
#11927 = EDGE_LOOP('',(#11928,#11929,#11930,#11936));
#11928 = ORIENTED_EDGE('',*,*,#11914,.T.);
#11929 = ORIENTED_EDGE('',*,*,#11191,.F.);
#11930 = ORIENTED_EDGE('',*,*,#11931,.T.);
#11931 = EDGE_CURVE('',#11184,#11502,#11932,.T.);
#11932 = LINE('',#11933,#11934);
#11933 = CARTESIAN_POINT('',(-15.,4.988820075989,-3.333420038223));
#11934 = VECTOR('',#11935,1.);
#11935 = DIRECTION('',(-1.,0.,0.));
#11936 = ORIENTED_EDGE('',*,*,#11501,.T.);
#11937 = PLANE('',#11938);
#11938 = AXIS2_PLACEMENT_3D('',#11939,#11940,#11941);
#11939 = CARTESIAN_POINT('',(-20.,5.266050100327,-2.814759969711));
#11940 = DIRECTION('',(0.,0.881920951933,-0.471397321313));
#11941 = DIRECTION('',(0.,0.471397321313,0.881920951933));
#11942 = ADVANCED_FACE('',(#11943),#11977,.F.);
#11943 = FACE_BOUND('',#11944,.F.);
#11944 = EDGE_LOOP('',(#11945,#11955,#11963,#11971));
#11945 = ORIENTED_EDGE('',*,*,#11946,.T.);
#11946 = EDGE_CURVE('',#11947,#11949,#11951,.T.);
#11947 = VERTEX_POINT('',#11948);
#11948 = CARTESIAN_POINT('',(-19.,1.932549953461,4.665589809418));
#11949 = VERTEX_POINT('',#11950);
#11950 = CARTESIAN_POINT('',(-19.,0.985206007957,4.952960014343));
#11951 = LINE('',#11952,#11953);
#11952 = CARTESIAN_POINT('',(-19.,1.932549953461,4.665589809418));
#11953 = VECTOR('',#11954,1.);
#11954 = DIRECTION('',(0.,-0.956941300758,0.290281495972));
#11955 = ORIENTED_EDGE('',*,*,#11956,.T.);
#11956 = EDGE_CURVE('',#11949,#11957,#11959,.T.);
#11957 = VERTEX_POINT('',#11958);
#11958 = CARTESIAN_POINT('',(-23.,0.985206007957,4.952960014343));
#11959 = LINE('',#11960,#11961);
#11960 = CARTESIAN_POINT('',(-19.,0.985206007957,4.952960014343));
#11961 = VECTOR('',#11962,1.);
#11962 = DIRECTION('',(-1.,0.,0.));
#11963 = ORIENTED_EDGE('',*,*,#11964,.F.);
#11964 = EDGE_CURVE('',#11965,#11957,#11967,.T.);
#11965 = VERTEX_POINT('',#11966);
#11966 = CARTESIAN_POINT('',(-23.,1.932549953461,4.665589809418));
#11967 = LINE('',#11968,#11969);
#11968 = CARTESIAN_POINT('',(-23.,1.932549953461,4.665589809418));
#11969 = VECTOR('',#11970,1.);
#11970 = DIRECTION('',(0.,-0.956941300758,0.290281495972));
#11971 = ORIENTED_EDGE('',*,*,#11972,.T.);
#11972 = EDGE_CURVE('',#11965,#11947,#11973,.T.);
#11973 = LINE('',#11974,#11975);
#11974 = CARTESIAN_POINT('',(-23.,1.932549953461,4.665589809418));
#11975 = VECTOR('',#11976,1.);
#11976 = DIRECTION('',(1.,0.,0.));
#11977 = PLANE('',#11978);
#11978 = AXIS2_PLACEMENT_3D('',#11979,#11980,#11981);
#11979 = CARTESIAN_POINT('',(-21.,1.458877980709,4.80927491188));
#11980 = DIRECTION('',(-0.,-0.290281495972,-0.956941300758));
#11981 = DIRECTION('',(0.,-0.956941300758,0.290281495972));
#11982 = ADVANCED_FACE('',(#11983,#12232),#12490,.F.);
#11983 = FACE_BOUND('',#11984,.F.);
#11984 = EDGE_LOOP('',(#11985,#11993,#11994,#12002,#12010,#12018,#12026,
    #12034,#12042,#12050,#12058,#12066,#12074,#12082,#12090,#12098,
    #12106,#12114,#12122,#12130,#12138,#12146,#12154,#12162,#12170,
    #12178,#12186,#12194,#12202,#12210,#12218,#12226));
#11985 = ORIENTED_EDGE('',*,*,#11986,.T.);
#11986 = EDGE_CURVE('',#11987,#11965,#11989,.T.);
#11987 = VERTEX_POINT('',#11988);
#11988 = CARTESIAN_POINT('',(-23.,2.805629968643,4.198919773102));
#11989 = LINE('',#11990,#11991);
#11990 = CARTESIAN_POINT('',(-23.,2.805629968643,4.198919773102));
#11991 = VECTOR('',#11992,1.);
#11992 = DIRECTION('',(0.,-0.881921665133,0.47139598701));
#11993 = ORIENTED_EDGE('',*,*,#11964,.T.);
#11994 = ORIENTED_EDGE('',*,*,#11995,.T.);
#11995 = EDGE_CURVE('',#11957,#11996,#11998,.T.);
#11996 = VERTEX_POINT('',#11997);
#11997 = CARTESIAN_POINT('',(-23.,0.,5.050000190735));
#11998 = LINE('',#11999,#12000);
#11999 = CARTESIAN_POINT('',(-23.,0.985206007957,4.952960014343));
#12000 = VECTOR('',#12001,1.);
#12001 = DIRECTION('',(0.,-0.995184149835,9.802299687793E-02));
#12002 = ORIENTED_EDGE('',*,*,#12003,.T.);
#12003 = EDGE_CURVE('',#11996,#12004,#12006,.T.);
#12004 = VERTEX_POINT('',#12005);
#12005 = CARTESIAN_POINT('',(-23.,-0.985206007957,4.952960014343));
#12006 = LINE('',#12007,#12008);
#12007 = CARTESIAN_POINT('',(-23.,0.,5.050000190735));
#12008 = VECTOR('',#12009,1.);
#12009 = DIRECTION('',(0.,-0.995184149835,-9.802299687793E-02));
#12010 = ORIENTED_EDGE('',*,*,#12011,.T.);
#12011 = EDGE_CURVE('',#12004,#12012,#12014,.T.);
#12012 = VERTEX_POINT('',#12013);
#12013 = CARTESIAN_POINT('',(-23.,-1.932549953461,4.665589809418));
#12014 = LINE('',#12015,#12016);
#12015 = CARTESIAN_POINT('',(-23.,-0.985206007957,4.952960014343));
#12016 = VECTOR('',#12017,1.);
#12017 = DIRECTION('',(0.,-0.956941300758,-0.290281495972));
#12018 = ORIENTED_EDGE('',*,*,#12019,.T.);
#12019 = EDGE_CURVE('',#12012,#12020,#12022,.T.);
#12020 = VERTEX_POINT('',#12021);
#12021 = CARTESIAN_POINT('',(-23.,-2.805629968643,4.198919773102));
#12022 = LINE('',#12023,#12024);
#12023 = CARTESIAN_POINT('',(-23.,-1.932549953461,4.665589809418));
#12024 = VECTOR('',#12025,1.);
#12025 = DIRECTION('',(0.,-0.881921665133,-0.47139598701));
#12026 = ORIENTED_EDGE('',*,*,#12027,.T.);
#12027 = EDGE_CURVE('',#12020,#12028,#12030,.T.);
#12028 = VERTEX_POINT('',#12029);
#12029 = CARTESIAN_POINT('',(-23.,-3.570889949799,3.570889949799));
#12030 = LINE('',#12031,#12032);
#12031 = CARTESIAN_POINT('',(-23.,-2.805629968643,4.198919773102));
#12032 = VECTOR('',#12033,1.);
#12033 = DIRECTION('',(0.,-0.773011846661,-0.634391586421));
#12034 = ORIENTED_EDGE('',*,*,#12035,.T.);
#12035 = EDGE_CURVE('',#12028,#12036,#12038,.T.);
#12036 = VERTEX_POINT('',#12037);
#12037 = CARTESIAN_POINT('',(-23.,-4.198919773102,2.805629968643));
#12038 = LINE('',#12039,#12040);
#12039 = CARTESIAN_POINT('',(-23.,-3.570889949799,3.570889949799));
#12040 = VECTOR('',#12041,1.);
#12041 = DIRECTION('',(0.,-0.634391586421,-0.773011846661));
#12042 = ORIENTED_EDGE('',*,*,#12043,.T.);
#12043 = EDGE_CURVE('',#12036,#12044,#12046,.T.);
#12044 = VERTEX_POINT('',#12045);
#12045 = CARTESIAN_POINT('',(-23.,-4.665589809418,1.932549953461));
#12046 = LINE('',#12047,#12048);
#12047 = CARTESIAN_POINT('',(-23.,-4.198919773102,2.805629968643));
#12048 = VECTOR('',#12049,1.);
#12049 = DIRECTION('',(0.,-0.47139598701,-0.881921665133));
#12050 = ORIENTED_EDGE('',*,*,#12051,.T.);
#12051 = EDGE_CURVE('',#12044,#12052,#12054,.T.);
#12052 = VERTEX_POINT('',#12053);
#12053 = CARTESIAN_POINT('',(-23.,-4.952960014343,0.985206007957));
#12054 = LINE('',#12055,#12056);
#12055 = CARTESIAN_POINT('',(-23.,-4.665589809418,1.932549953461));
#12056 = VECTOR('',#12057,1.);
#12057 = DIRECTION('',(0.,-0.290281495972,-0.956941300758));
#12058 = ORIENTED_EDGE('',*,*,#12059,.F.);
#12059 = EDGE_CURVE('',#12060,#12052,#12062,.T.);
#12060 = VERTEX_POINT('',#12061);
#12061 = CARTESIAN_POINT('',(-23.,-5.050000190735,0.));
#12062 = LINE('',#12063,#12064);
#12063 = CARTESIAN_POINT('',(-23.,-5.050000190735,0.));
#12064 = VECTOR('',#12065,1.);
#12065 = DIRECTION('',(0.,9.802299687793E-02,0.995184149835));
#12066 = ORIENTED_EDGE('',*,*,#12067,.T.);
#12067 = EDGE_CURVE('',#12060,#12068,#12070,.T.);
#12068 = VERTEX_POINT('',#12069);
#12069 = CARTESIAN_POINT('',(-23.,-4.952960014343,-0.985206007957));
#12070 = LINE('',#12071,#12072);
#12071 = CARTESIAN_POINT('',(-23.,-5.050000190735,0.));
#12072 = VECTOR('',#12073,1.);
#12073 = DIRECTION('',(0.,9.802299687793E-02,-0.995184149835));
#12074 = ORIENTED_EDGE('',*,*,#12075,.T.);
#12075 = EDGE_CURVE('',#12068,#12076,#12078,.T.);
#12076 = VERTEX_POINT('',#12077);
#12077 = CARTESIAN_POINT('',(-23.,-4.665589809418,-1.932549953461));
#12078 = LINE('',#12079,#12080);
#12079 = CARTESIAN_POINT('',(-23.,-4.952960014343,-0.985206007957));
#12080 = VECTOR('',#12081,1.);
#12081 = DIRECTION('',(0.,0.290281495972,-0.956941300758));
#12082 = ORIENTED_EDGE('',*,*,#12083,.T.);
#12083 = EDGE_CURVE('',#12076,#12084,#12086,.T.);
#12084 = VERTEX_POINT('',#12085);
#12085 = CARTESIAN_POINT('',(-23.,-4.198919773102,-2.805629968643));
#12086 = LINE('',#12087,#12088);
#12087 = CARTESIAN_POINT('',(-23.,-4.665589809418,-1.932549953461));
#12088 = VECTOR('',#12089,1.);
#12089 = DIRECTION('',(0.,0.47139598701,-0.881921665133));
#12090 = ORIENTED_EDGE('',*,*,#12091,.T.);
#12091 = EDGE_CURVE('',#12084,#12092,#12094,.T.);
#12092 = VERTEX_POINT('',#12093);
#12093 = CARTESIAN_POINT('',(-23.,-3.570889949799,-3.570889949799));
#12094 = LINE('',#12095,#12096);
#12095 = CARTESIAN_POINT('',(-23.,-4.198919773102,-2.805629968643));
#12096 = VECTOR('',#12097,1.);
#12097 = DIRECTION('',(0.,0.634391586421,-0.773011846661));
#12098 = ORIENTED_EDGE('',*,*,#12099,.T.);
#12099 = EDGE_CURVE('',#12092,#12100,#12102,.T.);
#12100 = VERTEX_POINT('',#12101);
#12101 = CARTESIAN_POINT('',(-23.,-2.805629968643,-4.198919773102));
#12102 = LINE('',#12103,#12104);
#12103 = CARTESIAN_POINT('',(-23.,-3.570889949799,-3.570889949799));
#12104 = VECTOR('',#12105,1.);
#12105 = DIRECTION('',(0.,0.773011846661,-0.634391586421));
#12106 = ORIENTED_EDGE('',*,*,#12107,.T.);
#12107 = EDGE_CURVE('',#12100,#12108,#12110,.T.);
#12108 = VERTEX_POINT('',#12109);
#12109 = CARTESIAN_POINT('',(-23.,-1.932549953461,-4.665589809418));
#12110 = LINE('',#12111,#12112);
#12111 = CARTESIAN_POINT('',(-23.,-2.805629968643,-4.198919773102));
#12112 = VECTOR('',#12113,1.);
#12113 = DIRECTION('',(0.,0.881921665133,-0.47139598701));
#12114 = ORIENTED_EDGE('',*,*,#12115,.F.);
#12115 = EDGE_CURVE('',#12116,#12108,#12118,.T.);
#12116 = VERTEX_POINT('',#12117);
#12117 = CARTESIAN_POINT('',(-23.,-0.985206007957,-4.952960014343));
#12118 = LINE('',#12119,#12120);
#12119 = CARTESIAN_POINT('',(-23.,-0.985206007957,-4.952960014343));
#12120 = VECTOR('',#12121,1.);
#12121 = DIRECTION('',(0.,-0.956941300758,0.290281495972));
#12122 = ORIENTED_EDGE('',*,*,#12123,.T.);
#12123 = EDGE_CURVE('',#12116,#12124,#12126,.T.);
#12124 = VERTEX_POINT('',#12125);
#12125 = CARTESIAN_POINT('',(-23.,0.,-5.050000190735));
#12126 = LINE('',#12127,#12128);
#12127 = CARTESIAN_POINT('',(-23.,-0.985206007957,-4.952960014343));
#12128 = VECTOR('',#12129,1.);
#12129 = DIRECTION('',(0.,0.995184149835,-9.802299687793E-02));
#12130 = ORIENTED_EDGE('',*,*,#12131,.T.);
#12131 = EDGE_CURVE('',#12124,#12132,#12134,.T.);
#12132 = VERTEX_POINT('',#12133);
#12133 = CARTESIAN_POINT('',(-23.,0.985206007957,-4.952960014343));
#12134 = LINE('',#12135,#12136);
#12135 = CARTESIAN_POINT('',(-23.,0.,-5.050000190735));
#12136 = VECTOR('',#12137,1.);
#12137 = DIRECTION('',(0.,0.995184149835,9.802299687793E-02));
#12138 = ORIENTED_EDGE('',*,*,#12139,.T.);
#12139 = EDGE_CURVE('',#12132,#12140,#12142,.T.);
#12140 = VERTEX_POINT('',#12141);
#12141 = CARTESIAN_POINT('',(-23.,1.932549953461,-4.665589809418));
#12142 = LINE('',#12143,#12144);
#12143 = CARTESIAN_POINT('',(-23.,0.985206007957,-4.952960014343));
#12144 = VECTOR('',#12145,1.);
#12145 = DIRECTION('',(0.,0.956941300758,0.290281495972));
#12146 = ORIENTED_EDGE('',*,*,#12147,.F.);
#12147 = EDGE_CURVE('',#12148,#12140,#12150,.T.);
#12148 = VERTEX_POINT('',#12149);
#12149 = CARTESIAN_POINT('',(-23.,2.805629968643,-4.198919773102));
#12150 = LINE('',#12151,#12152);
#12151 = CARTESIAN_POINT('',(-23.,2.805629968643,-4.198919773102));
#12152 = VECTOR('',#12153,1.);
#12153 = DIRECTION('',(0.,-0.881921665133,-0.47139598701));
#12154 = ORIENTED_EDGE('',*,*,#12155,.T.);
#12155 = EDGE_CURVE('',#12148,#12156,#12158,.T.);
#12156 = VERTEX_POINT('',#12157);
#12157 = CARTESIAN_POINT('',(-23.,3.570889949799,-3.570889949799));
#12158 = LINE('',#12159,#12160);
#12159 = CARTESIAN_POINT('',(-23.,2.805629968643,-4.198919773102));
#12160 = VECTOR('',#12161,1.);
#12161 = DIRECTION('',(0.,0.773011846661,0.634391586421));
#12162 = ORIENTED_EDGE('',*,*,#12163,.T.);
#12163 = EDGE_CURVE('',#12156,#12164,#12166,.T.);
#12164 = VERTEX_POINT('',#12165);
#12165 = CARTESIAN_POINT('',(-23.,4.198919773102,-2.805629968643));
#12166 = LINE('',#12167,#12168);
#12167 = CARTESIAN_POINT('',(-23.,3.570889949799,-3.570889949799));
#12168 = VECTOR('',#12169,1.);
#12169 = DIRECTION('',(0.,0.634391586421,0.773011846661));
#12170 = ORIENTED_EDGE('',*,*,#12171,.T.);
#12171 = EDGE_CURVE('',#12164,#12172,#12174,.T.);
#12172 = VERTEX_POINT('',#12173);
#12173 = CARTESIAN_POINT('',(-23.,4.665589809418,-1.932549953461));
#12174 = LINE('',#12175,#12176);
#12175 = CARTESIAN_POINT('',(-23.,4.198919773102,-2.805629968643));
#12176 = VECTOR('',#12177,1.);
#12177 = DIRECTION('',(0.,0.47139598701,0.881921665133));
#12178 = ORIENTED_EDGE('',*,*,#12179,.T.);
#12179 = EDGE_CURVE('',#12172,#12180,#12182,.T.);
#12180 = VERTEX_POINT('',#12181);
#12181 = CARTESIAN_POINT('',(-23.,4.952960014343,-0.985206007957));
#12182 = LINE('',#12183,#12184);
#12183 = CARTESIAN_POINT('',(-23.,4.665589809418,-1.932549953461));
#12184 = VECTOR('',#12185,1.);
#12185 = DIRECTION('',(0.,0.290281495972,0.956941300758));
#12186 = ORIENTED_EDGE('',*,*,#12187,.T.);
#12187 = EDGE_CURVE('',#12180,#12188,#12190,.T.);
#12188 = VERTEX_POINT('',#12189);
#12189 = CARTESIAN_POINT('',(-23.,5.050000190735,0.));
#12190 = LINE('',#12191,#12192);
#12191 = CARTESIAN_POINT('',(-23.,4.952960014343,-0.985206007957));
#12192 = VECTOR('',#12193,1.);
#12193 = DIRECTION('',(0.,9.802299687793E-02,0.995184149835));
#12194 = ORIENTED_EDGE('',*,*,#12195,.T.);
#12195 = EDGE_CURVE('',#12188,#12196,#12198,.T.);
#12196 = VERTEX_POINT('',#12197);
#12197 = CARTESIAN_POINT('',(-23.,4.952960014343,0.985206007957));
#12198 = LINE('',#12199,#12200);
#12199 = CARTESIAN_POINT('',(-23.,5.050000190735,0.));
#12200 = VECTOR('',#12201,1.);
#12201 = DIRECTION('',(0.,-9.802299687793E-02,0.995184149835));
#12202 = ORIENTED_EDGE('',*,*,#12203,.T.);
#12203 = EDGE_CURVE('',#12196,#12204,#12206,.T.);
#12204 = VERTEX_POINT('',#12205);
#12205 = CARTESIAN_POINT('',(-23.,4.665589809418,1.932549953461));
#12206 = LINE('',#12207,#12208);
#12207 = CARTESIAN_POINT('',(-23.,4.952960014343,0.985206007957));
#12208 = VECTOR('',#12209,1.);
#12209 = DIRECTION('',(0.,-0.290281495972,0.956941300758));
#12210 = ORIENTED_EDGE('',*,*,#12211,.T.);
#12211 = EDGE_CURVE('',#12204,#12212,#12214,.T.);
#12212 = VERTEX_POINT('',#12213);
#12213 = CARTESIAN_POINT('',(-23.,4.198919773102,2.805629968643));
#12214 = LINE('',#12215,#12216);
#12215 = CARTESIAN_POINT('',(-23.,4.665589809418,1.932549953461));
#12216 = VECTOR('',#12217,1.);
#12217 = DIRECTION('',(0.,-0.47139598701,0.881921665133));
#12218 = ORIENTED_EDGE('',*,*,#12219,.T.);
#12219 = EDGE_CURVE('',#12212,#12220,#12222,.T.);
#12220 = VERTEX_POINT('',#12221);
#12221 = CARTESIAN_POINT('',(-23.,3.570889949799,3.570889949799));
#12222 = LINE('',#12223,#12224);
#12223 = CARTESIAN_POINT('',(-23.,4.198919773102,2.805629968643));
#12224 = VECTOR('',#12225,1.);
#12225 = DIRECTION('',(0.,-0.634391586421,0.773011846661));
#12226 = ORIENTED_EDGE('',*,*,#12227,.T.);
#12227 = EDGE_CURVE('',#12220,#11987,#12228,.T.);
#12228 = LINE('',#12229,#12230);
#12229 = CARTESIAN_POINT('',(-23.,3.570889949799,3.570889949799));
#12230 = VECTOR('',#12231,1.);
#12231 = DIRECTION('',(0.,-0.773011846661,0.634391586421));
#12232 = FACE_BOUND('',#12233,.F.);
#12233 = EDGE_LOOP('',(#12234,#12244,#12252,#12260,#12268,#12276,#12284,
    #12292,#12300,#12308,#12316,#12324,#12332,#12340,#12348,#12356,
    #12364,#12372,#12380,#12388,#12396,#12404,#12412,#12420,#12428,
    #12436,#12444,#12452,#12460,#12468,#12476,#12484));
#12234 = ORIENTED_EDGE('',*,*,#12235,.F.);
#12235 = EDGE_CURVE('',#12236,#12238,#12240,.T.);
#12236 = VERTEX_POINT('',#12237);
#12237 = CARTESIAN_POINT('',(-23.,1.838479995728,1.838479995728));
#12238 = VERTEX_POINT('',#12239);
#12239 = CARTESIAN_POINT('',(-23.,1.444479942322,2.161819934845));
#12240 = LINE('',#12241,#12242);
#12241 = CARTESIAN_POINT('',(-23.,1.838479995728,1.838479995728));
#12242 = VECTOR('',#12243,1.);
#12243 = DIRECTION('',(0.,-0.773017715812,0.63438443474));
#12244 = ORIENTED_EDGE('',*,*,#12245,.F.);
#12245 = EDGE_CURVE('',#12246,#12236,#12248,.T.);
#12246 = VERTEX_POINT('',#12247);
#12247 = CARTESIAN_POINT('',(-23.,2.161819934845,1.444479942322));
#12248 = LINE('',#12249,#12250);
#12249 = CARTESIAN_POINT('',(-23.,2.161819934845,1.444479942322));
#12250 = VECTOR('',#12251,1.);
#12251 = DIRECTION('',(0.,-0.63438443474,0.773017715812));
#12252 = ORIENTED_EDGE('',*,*,#12253,.F.);
#12253 = EDGE_CURVE('',#12254,#12246,#12256,.T.);
#12254 = VERTEX_POINT('',#12255);
#12255 = CARTESIAN_POINT('',(-23.,2.402090072632,0.994975984097));
#12256 = LINE('',#12257,#12258);
#12257 = CARTESIAN_POINT('',(-23.,2.402090072632,0.994975984097));
#12258 = VECTOR('',#12259,1.);
#12259 = DIRECTION('',(0.,-0.471404773413,0.881916968656));
#12260 = ORIENTED_EDGE('',*,*,#12261,.F.);
#12261 = EDGE_CURVE('',#12262,#12254,#12264,.T.);
#12262 = VERTEX_POINT('',#12263);
#12263 = CARTESIAN_POINT('',(-23.,2.550040006638,0.507234990597));
#12264 = LINE('',#12265,#12266);
#12265 = CARTESIAN_POINT('',(-23.,2.550040006638,0.507234990597));
#12266 = VECTOR('',#12267,1.);
#12267 = DIRECTION('',(0.,-0.290276270962,0.956942885713));
#12268 = ORIENTED_EDGE('',*,*,#12269,.F.);
#12269 = EDGE_CURVE('',#12270,#12262,#12272,.T.);
#12270 = VERTEX_POINT('',#12271);
#12271 = CARTESIAN_POINT('',(-23.,2.599999904633,0.));
#12272 = LINE('',#12273,#12274);
#12273 = CARTESIAN_POINT('',(-23.,2.599999904633,0.));
#12274 = VECTOR('',#12275,1.);
#12275 = DIRECTION('',(0.,-9.802027253596E-02,0.995184418172));
#12276 = ORIENTED_EDGE('',*,*,#12277,.F.);
#12277 = EDGE_CURVE('',#12278,#12270,#12280,.T.);
#12278 = VERTEX_POINT('',#12279);
#12279 = CARTESIAN_POINT('',(-23.,2.550040006638,-0.507234990597));
#12280 = LINE('',#12281,#12282);
#12281 = CARTESIAN_POINT('',(-23.,2.550040006638,-0.507234990597));
#12282 = VECTOR('',#12283,1.);
#12283 = DIRECTION('',(0.,9.802027253596E-02,0.995184418172));
#12284 = ORIENTED_EDGE('',*,*,#12285,.F.);
#12285 = EDGE_CURVE('',#12286,#12278,#12288,.T.);
#12286 = VERTEX_POINT('',#12287);
#12287 = CARTESIAN_POINT('',(-23.,2.402090072632,-0.994975984097));
#12288 = LINE('',#12289,#12290);
#12289 = CARTESIAN_POINT('',(-23.,2.402090072632,-0.994975984097));
#12290 = VECTOR('',#12291,1.);
#12291 = DIRECTION('',(0.,0.290276270962,0.956942885713));
#12292 = ORIENTED_EDGE('',*,*,#12293,.F.);
#12293 = EDGE_CURVE('',#12294,#12286,#12296,.T.);
#12294 = VERTEX_POINT('',#12295);
#12295 = CARTESIAN_POINT('',(-23.,2.161819934845,-1.444479942322));
#12296 = LINE('',#12297,#12298);
#12297 = CARTESIAN_POINT('',(-23.,2.161819934845,-1.444479942322));
#12298 = VECTOR('',#12299,1.);
#12299 = DIRECTION('',(0.,0.471404773413,0.881916968656));
#12300 = ORIENTED_EDGE('',*,*,#12301,.F.);
#12301 = EDGE_CURVE('',#12302,#12294,#12304,.T.);
#12302 = VERTEX_POINT('',#12303);
#12303 = CARTESIAN_POINT('',(-23.,1.838479995728,-1.838479995728));
#12304 = LINE('',#12305,#12306);
#12305 = CARTESIAN_POINT('',(-23.,1.838479995728,-1.838479995728));
#12306 = VECTOR('',#12307,1.);
#12307 = DIRECTION('',(0.,0.63438443474,0.773017715812));
#12308 = ORIENTED_EDGE('',*,*,#12309,.F.);
#12309 = EDGE_CURVE('',#12310,#12302,#12312,.T.);
#12310 = VERTEX_POINT('',#12311);
#12311 = CARTESIAN_POINT('',(-23.,1.444479942322,-2.161819934845));
#12312 = LINE('',#12313,#12314);
#12313 = CARTESIAN_POINT('',(-23.,1.444479942322,-2.161819934845));
#12314 = VECTOR('',#12315,1.);
#12315 = DIRECTION('',(0.,0.773017715812,0.63438443474));
#12316 = ORIENTED_EDGE('',*,*,#12317,.F.);
#12317 = EDGE_CURVE('',#12318,#12310,#12320,.T.);
#12318 = VERTEX_POINT('',#12319);
#12319 = CARTESIAN_POINT('',(-23.,0.994975984097,-2.402090072632));
#12320 = LINE('',#12321,#12322);
#12321 = CARTESIAN_POINT('',(-23.,0.994975984097,-2.402090072632));
#12322 = VECTOR('',#12323,1.);
#12323 = DIRECTION('',(0.,0.881916968656,0.471404773413));
#12324 = ORIENTED_EDGE('',*,*,#12325,.F.);
#12325 = EDGE_CURVE('',#12326,#12318,#12328,.T.);
#12326 = VERTEX_POINT('',#12327);
#12327 = CARTESIAN_POINT('',(-23.,0.507234990597,-2.550040006638));
#12328 = LINE('',#12329,#12330);
#12329 = CARTESIAN_POINT('',(-23.,0.507234990597,-2.550040006638));
#12330 = VECTOR('',#12331,1.);
#12331 = DIRECTION('',(0.,0.956942885713,0.290276270962));
#12332 = ORIENTED_EDGE('',*,*,#12333,.F.);
#12333 = EDGE_CURVE('',#12334,#12326,#12336,.T.);
#12334 = VERTEX_POINT('',#12335);
#12335 = CARTESIAN_POINT('',(-23.,0.,-2.599999904633));
#12336 = LINE('',#12337,#12338);
#12337 = CARTESIAN_POINT('',(-23.,0.,-2.599999904633));
#12338 = VECTOR('',#12339,1.);
#12339 = DIRECTION('',(0.,0.995184418172,9.802027253596E-02));
#12340 = ORIENTED_EDGE('',*,*,#12341,.F.);
#12341 = EDGE_CURVE('',#12342,#12334,#12344,.T.);
#12342 = VERTEX_POINT('',#12343);
#12343 = CARTESIAN_POINT('',(-23.,-0.507234990597,-2.550040006638));
#12344 = LINE('',#12345,#12346);
#12345 = CARTESIAN_POINT('',(-23.,-0.507234990597,-2.550040006638));
#12346 = VECTOR('',#12347,1.);
#12347 = DIRECTION('',(0.,0.995184418172,-9.802027253596E-02));
#12348 = ORIENTED_EDGE('',*,*,#12349,.F.);
#12349 = EDGE_CURVE('',#12350,#12342,#12352,.T.);
#12350 = VERTEX_POINT('',#12351);
#12351 = CARTESIAN_POINT('',(-23.,-0.994975984097,-2.402090072632));
#12352 = LINE('',#12353,#12354);
#12353 = CARTESIAN_POINT('',(-23.,-0.994975984097,-2.402090072632));
#12354 = VECTOR('',#12355,1.);
#12355 = DIRECTION('',(0.,0.956942885713,-0.290276270962));
#12356 = ORIENTED_EDGE('',*,*,#12357,.F.);
#12357 = EDGE_CURVE('',#12358,#12350,#12360,.T.);
#12358 = VERTEX_POINT('',#12359);
#12359 = CARTESIAN_POINT('',(-23.,-1.444479942322,-2.161819934845));
#12360 = LINE('',#12361,#12362);
#12361 = CARTESIAN_POINT('',(-23.,-1.444479942322,-2.161819934845));
#12362 = VECTOR('',#12363,1.);
#12363 = DIRECTION('',(0.,0.881916968656,-0.471404773413));
#12364 = ORIENTED_EDGE('',*,*,#12365,.F.);
#12365 = EDGE_CURVE('',#12366,#12358,#12368,.T.);
#12366 = VERTEX_POINT('',#12367);
#12367 = CARTESIAN_POINT('',(-23.,-1.838479995728,-1.838479995728));
#12368 = LINE('',#12369,#12370);
#12369 = CARTESIAN_POINT('',(-23.,-1.838479995728,-1.838479995728));
#12370 = VECTOR('',#12371,1.);
#12371 = DIRECTION('',(0.,0.773017715812,-0.63438443474));
#12372 = ORIENTED_EDGE('',*,*,#12373,.F.);
#12373 = EDGE_CURVE('',#12374,#12366,#12376,.T.);
#12374 = VERTEX_POINT('',#12375);
#12375 = CARTESIAN_POINT('',(-23.,-2.161819934845,-1.444479942322));
#12376 = LINE('',#12377,#12378);
#12377 = CARTESIAN_POINT('',(-23.,-2.161819934845,-1.444479942322));
#12378 = VECTOR('',#12379,1.);
#12379 = DIRECTION('',(0.,0.63438443474,-0.773017715812));
#12380 = ORIENTED_EDGE('',*,*,#12381,.F.);
#12381 = EDGE_CURVE('',#12382,#12374,#12384,.T.);
#12382 = VERTEX_POINT('',#12383);
#12383 = CARTESIAN_POINT('',(-23.,-2.402090072632,-0.994975984097));
#12384 = LINE('',#12385,#12386);
#12385 = CARTESIAN_POINT('',(-23.,-2.402090072632,-0.994975984097));
#12386 = VECTOR('',#12387,1.);
#12387 = DIRECTION('',(0.,0.471404773413,-0.881916968656));
#12388 = ORIENTED_EDGE('',*,*,#12389,.F.);
#12389 = EDGE_CURVE('',#12390,#12382,#12392,.T.);
#12390 = VERTEX_POINT('',#12391);
#12391 = CARTESIAN_POINT('',(-23.,-2.550040006638,-0.507234990597));
#12392 = LINE('',#12393,#12394);
#12393 = CARTESIAN_POINT('',(-23.,-2.550040006638,-0.507234990597));
#12394 = VECTOR('',#12395,1.);
#12395 = DIRECTION('',(0.,0.290276270962,-0.956942885713));
#12396 = ORIENTED_EDGE('',*,*,#12397,.F.);
#12397 = EDGE_CURVE('',#12398,#12390,#12400,.T.);
#12398 = VERTEX_POINT('',#12399);
#12399 = CARTESIAN_POINT('',(-23.,-2.599999904633,0.));
#12400 = LINE('',#12401,#12402);
#12401 = CARTESIAN_POINT('',(-23.,-2.599999904633,0.));
#12402 = VECTOR('',#12403,1.);
#12403 = DIRECTION('',(0.,9.802027253596E-02,-0.995184418172));
#12404 = ORIENTED_EDGE('',*,*,#12405,.F.);
#12405 = EDGE_CURVE('',#12406,#12398,#12408,.T.);
#12406 = VERTEX_POINT('',#12407);
#12407 = CARTESIAN_POINT('',(-23.,-2.550040006638,0.507234990597));
#12408 = LINE('',#12409,#12410);
#12409 = CARTESIAN_POINT('',(-23.,-2.550040006638,0.507234990597));
#12410 = VECTOR('',#12411,1.);
#12411 = DIRECTION('',(0.,-9.802027253596E-02,-0.995184418172));
#12412 = ORIENTED_EDGE('',*,*,#12413,.F.);
#12413 = EDGE_CURVE('',#12414,#12406,#12416,.T.);
#12414 = VERTEX_POINT('',#12415);
#12415 = CARTESIAN_POINT('',(-23.,-2.402090072632,0.994975984097));
#12416 = LINE('',#12417,#12418);
#12417 = CARTESIAN_POINT('',(-23.,-2.402090072632,0.994975984097));
#12418 = VECTOR('',#12419,1.);
#12419 = DIRECTION('',(0.,-0.290276270962,-0.956942885713));
#12420 = ORIENTED_EDGE('',*,*,#12421,.F.);
#12421 = EDGE_CURVE('',#12422,#12414,#12424,.T.);
#12422 = VERTEX_POINT('',#12423);
#12423 = CARTESIAN_POINT('',(-23.,-2.161819934845,1.444479942322));
#12424 = LINE('',#12425,#12426);
#12425 = CARTESIAN_POINT('',(-23.,-2.161819934845,1.444479942322));
#12426 = VECTOR('',#12427,1.);
#12427 = DIRECTION('',(0.,-0.471404773413,-0.881916968656));
#12428 = ORIENTED_EDGE('',*,*,#12429,.F.);
#12429 = EDGE_CURVE('',#12430,#12422,#12432,.T.);
#12430 = VERTEX_POINT('',#12431);
#12431 = CARTESIAN_POINT('',(-23.,-1.838479995728,1.838479995728));
#12432 = LINE('',#12433,#12434);
#12433 = CARTESIAN_POINT('',(-23.,-1.838479995728,1.838479995728));
#12434 = VECTOR('',#12435,1.);
#12435 = DIRECTION('',(0.,-0.63438443474,-0.773017715812));
#12436 = ORIENTED_EDGE('',*,*,#12437,.F.);
#12437 = EDGE_CURVE('',#12438,#12430,#12440,.T.);
#12438 = VERTEX_POINT('',#12439);
#12439 = CARTESIAN_POINT('',(-23.,-1.444479942322,2.161819934845));
#12440 = LINE('',#12441,#12442);
#12441 = CARTESIAN_POINT('',(-23.,-1.444479942322,2.161819934845));
#12442 = VECTOR('',#12443,1.);
#12443 = DIRECTION('',(0.,-0.773017715812,-0.63438443474));
#12444 = ORIENTED_EDGE('',*,*,#12445,.F.);
#12445 = EDGE_CURVE('',#12446,#12438,#12448,.T.);
#12446 = VERTEX_POINT('',#12447);
#12447 = CARTESIAN_POINT('',(-23.,-0.994975984097,2.402090072632));
#12448 = LINE('',#12449,#12450);
#12449 = CARTESIAN_POINT('',(-23.,-0.994975984097,2.402090072632));
#12450 = VECTOR('',#12451,1.);
#12451 = DIRECTION('',(0.,-0.881916968656,-0.471404773413));
#12452 = ORIENTED_EDGE('',*,*,#12453,.F.);
#12453 = EDGE_CURVE('',#12454,#12446,#12456,.T.);
#12454 = VERTEX_POINT('',#12455);
#12455 = CARTESIAN_POINT('',(-23.,-0.507234990597,2.550040006638));
#12456 = LINE('',#12457,#12458);
#12457 = CARTESIAN_POINT('',(-23.,-0.507234990597,2.550040006638));
#12458 = VECTOR('',#12459,1.);
#12459 = DIRECTION('',(0.,-0.956942885713,-0.290276270962));
#12460 = ORIENTED_EDGE('',*,*,#12461,.F.);
#12461 = EDGE_CURVE('',#12462,#12454,#12464,.T.);
#12462 = VERTEX_POINT('',#12463);
#12463 = CARTESIAN_POINT('',(-23.,0.,2.599999904633));
#12464 = LINE('',#12465,#12466);
#12465 = CARTESIAN_POINT('',(-23.,0.,2.599999904633));
#12466 = VECTOR('',#12467,1.);
#12467 = DIRECTION('',(0.,-0.995184418172,-9.802027253596E-02));
#12468 = ORIENTED_EDGE('',*,*,#12469,.F.);
#12469 = EDGE_CURVE('',#12470,#12462,#12472,.T.);
#12470 = VERTEX_POINT('',#12471);
#12471 = CARTESIAN_POINT('',(-23.,0.507234990597,2.550040006638));
#12472 = LINE('',#12473,#12474);
#12473 = CARTESIAN_POINT('',(-23.,0.507234990597,2.550040006638));
#12474 = VECTOR('',#12475,1.);
#12475 = DIRECTION('',(0.,-0.995184418172,9.802027253596E-02));
#12476 = ORIENTED_EDGE('',*,*,#12477,.F.);
#12477 = EDGE_CURVE('',#12478,#12470,#12480,.T.);
#12478 = VERTEX_POINT('',#12479);
#12479 = CARTESIAN_POINT('',(-23.,0.994975984097,2.402090072632));
#12480 = LINE('',#12481,#12482);
#12481 = CARTESIAN_POINT('',(-23.,0.994975984097,2.402090072632));
#12482 = VECTOR('',#12483,1.);
#12483 = DIRECTION('',(0.,-0.956942885713,0.290276270962));
#12484 = ORIENTED_EDGE('',*,*,#12485,.F.);
#12485 = EDGE_CURVE('',#12238,#12478,#12486,.T.);
#12486 = LINE('',#12487,#12488);
#12487 = CARTESIAN_POINT('',(-23.,1.444479942322,2.161819934845));
#12488 = VECTOR('',#12489,1.);
#12489 = DIRECTION('',(0.,-0.881916968656,0.471404773413));
#12490 = PLANE('',#12491);
#12491 = AXIS2_PLACEMENT_3D('',#12492,#12493,#12494);
#12492 = CARTESIAN_POINT('',(-23.,9.812847826873E-17,-1.822386024991E-16
    ));
#12493 = DIRECTION('',(1.,0.,0.));
#12494 = DIRECTION('',(-0.,0.,1.));
#12495 = ADVANCED_FACE('',(#12496),#12521,.F.);
#12496 = FACE_BOUND('',#12497,.F.);
#12497 = EDGE_LOOP('',(#12498,#12508,#12514,#12515));
#12498 = ORIENTED_EDGE('',*,*,#12499,.T.);
#12499 = EDGE_CURVE('',#12500,#12502,#12504,.T.);
#12500 = VERTEX_POINT('',#12501);
#12501 = CARTESIAN_POINT('',(-19.,-2.805629968643,4.198919773102));
#12502 = VERTEX_POINT('',#12503);
#12503 = CARTESIAN_POINT('',(-19.,-3.570889949799,3.570889949799));
#12504 = LINE('',#12505,#12506);
#12505 = CARTESIAN_POINT('',(-19.,-2.805629968643,4.198919773102));
#12506 = VECTOR('',#12507,1.);
#12507 = DIRECTION('',(0.,-0.773011846661,-0.634391586421));
#12508 = ORIENTED_EDGE('',*,*,#12509,.T.);
#12509 = EDGE_CURVE('',#12502,#12028,#12510,.T.);
#12510 = LINE('',#12511,#12512);
#12511 = CARTESIAN_POINT('',(-19.,-3.570889949799,3.570889949799));
#12512 = VECTOR('',#12513,1.);
#12513 = DIRECTION('',(-1.,0.,0.));
#12514 = ORIENTED_EDGE('',*,*,#12027,.F.);
#12515 = ORIENTED_EDGE('',*,*,#12516,.F.);
#12516 = EDGE_CURVE('',#12500,#12020,#12517,.T.);
#12517 = LINE('',#12518,#12519);
#12518 = CARTESIAN_POINT('',(-19.,-2.805629968643,4.198919773102));
#12519 = VECTOR('',#12520,1.);
#12520 = DIRECTION('',(-1.,0.,0.));
#12521 = PLANE('',#12522);
#12522 = AXIS2_PLACEMENT_3D('',#12523,#12524,#12525);
#12523 = CARTESIAN_POINT('',(-21.,-3.188259959221,3.88490486145));
#12524 = DIRECTION('',(-0.,0.634391586421,-0.773011846661));
#12525 = DIRECTION('',(0.,-0.773011846661,-0.634391586421));
#12526 = ADVANCED_FACE('',(#12527),#12545,.F.);
#12527 = FACE_BOUND('',#12528,.F.);
#12528 = EDGE_LOOP('',(#12529,#12537,#12538,#12539));
#12529 = ORIENTED_EDGE('',*,*,#12530,.T.);
#12530 = EDGE_CURVE('',#12531,#12500,#12533,.T.);
#12531 = VERTEX_POINT('',#12532);
#12532 = CARTESIAN_POINT('',(-19.,-1.932549953461,4.665589809418));
#12533 = LINE('',#12534,#12535);
#12534 = CARTESIAN_POINT('',(-19.,-1.932549953461,4.665589809418));
#12535 = VECTOR('',#12536,1.);
#12536 = DIRECTION('',(0.,-0.881921665133,-0.47139598701));
#12537 = ORIENTED_EDGE('',*,*,#12516,.T.);
#12538 = ORIENTED_EDGE('',*,*,#12019,.F.);
#12539 = ORIENTED_EDGE('',*,*,#12540,.T.);
#12540 = EDGE_CURVE('',#12012,#12531,#12541,.T.);
#12541 = LINE('',#12542,#12543);
#12542 = CARTESIAN_POINT('',(-23.,-1.932549953461,4.665589809418));
#12543 = VECTOR('',#12544,1.);
#12544 = DIRECTION('',(1.,0.,0.));
#12545 = PLANE('',#12546);
#12546 = AXIS2_PLACEMENT_3D('',#12547,#12548,#12549);
#12547 = CARTESIAN_POINT('',(-21.,-2.369089961052,4.43225479126));
#12548 = DIRECTION('',(-0.,0.47139598701,-0.881921665133));
#12549 = DIRECTION('',(0.,-0.881921665133,-0.47139598701));
#12550 = ADVANCED_FACE('',(#12551),#12576,.F.);
#12551 = FACE_BOUND('',#12552,.F.);
#12552 = EDGE_LOOP('',(#12553,#12561,#12569,#12575));
#12553 = ORIENTED_EDGE('',*,*,#12554,.T.);
#12554 = EDGE_CURVE('',#12036,#12555,#12557,.T.);
#12555 = VERTEX_POINT('',#12556);
#12556 = CARTESIAN_POINT('',(-19.,-4.198919773102,2.805629968643));
#12557 = LINE('',#12558,#12559);
#12558 = CARTESIAN_POINT('',(-23.,-4.198919773102,2.805629968643));
#12559 = VECTOR('',#12560,1.);
#12560 = DIRECTION('',(1.,0.,0.));
#12561 = ORIENTED_EDGE('',*,*,#12562,.T.);
#12562 = EDGE_CURVE('',#12555,#12563,#12565,.T.);
#12563 = VERTEX_POINT('',#12564);
#12564 = CARTESIAN_POINT('',(-19.,-4.665589809418,1.932549953461));
#12565 = LINE('',#12566,#12567);
#12566 = CARTESIAN_POINT('',(-19.,-4.198919773102,2.805629968643));
#12567 = VECTOR('',#12568,1.);
#12568 = DIRECTION('',(0.,-0.47139598701,-0.881921665133));
#12569 = ORIENTED_EDGE('',*,*,#12570,.T.);
#12570 = EDGE_CURVE('',#12563,#12044,#12571,.T.);
#12571 = LINE('',#12572,#12573);
#12572 = CARTESIAN_POINT('',(-19.,-4.665589809418,1.932549953461));
#12573 = VECTOR('',#12574,1.);
#12574 = DIRECTION('',(-1.,0.,0.));
#12575 = ORIENTED_EDGE('',*,*,#12043,.F.);
#12576 = PLANE('',#12577);
#12577 = AXIS2_PLACEMENT_3D('',#12578,#12579,#12580);
#12578 = CARTESIAN_POINT('',(-21.,-4.43225479126,2.369089961052));
#12579 = DIRECTION('',(0.,0.881921665133,-0.47139598701));
#12580 = DIRECTION('',(0.,0.47139598701,0.881921665133));
#12581 = ADVANCED_FACE('',(#12582),#12607,.F.);
#12582 = FACE_BOUND('',#12583,.F.);
#12583 = EDGE_LOOP('',(#12584,#12592,#12600,#12606));
#12584 = ORIENTED_EDGE('',*,*,#12585,.T.);
#12585 = EDGE_CURVE('',#12068,#12586,#12588,.T.);
#12586 = VERTEX_POINT('',#12587);
#12587 = CARTESIAN_POINT('',(-19.,-4.952960014343,-0.985206007957));
#12588 = LINE('',#12589,#12590);
#12589 = CARTESIAN_POINT('',(-23.,-4.952960014343,-0.985206007957));
#12590 = VECTOR('',#12591,1.);
#12591 = DIRECTION('',(1.,0.,0.));
#12592 = ORIENTED_EDGE('',*,*,#12593,.T.);
#12593 = EDGE_CURVE('',#12586,#12594,#12596,.T.);
#12594 = VERTEX_POINT('',#12595);
#12595 = CARTESIAN_POINT('',(-19.,-4.665589809418,-1.932549953461));
#12596 = LINE('',#12597,#12598);
#12597 = CARTESIAN_POINT('',(-19.,-4.952960014343,-0.985206007957));
#12598 = VECTOR('',#12599,1.);
#12599 = DIRECTION('',(0.,0.290281495972,-0.956941300758));
#12600 = ORIENTED_EDGE('',*,*,#12601,.F.);
#12601 = EDGE_CURVE('',#12076,#12594,#12602,.T.);
#12602 = LINE('',#12603,#12604);
#12603 = CARTESIAN_POINT('',(-23.,-4.665589809418,-1.932549953461));
#12604 = VECTOR('',#12605,1.);
#12605 = DIRECTION('',(1.,0.,0.));
#12606 = ORIENTED_EDGE('',*,*,#12075,.F.);
#12607 = PLANE('',#12608);
#12608 = AXIS2_PLACEMENT_3D('',#12609,#12610,#12611);
#12609 = CARTESIAN_POINT('',(-21.,-4.80927491188,-1.458877980709));
#12610 = DIRECTION('',(0.,0.956941300758,0.290281495972));
#12611 = DIRECTION('',(0.,-0.290281495972,0.956941300758));
#12612 = ADVANCED_FACE('',(#12613),#12631,.F.);
#12613 = FACE_BOUND('',#12614,.F.);
#12614 = EDGE_LOOP('',(#12615,#12616,#12624,#12630));
#12615 = ORIENTED_EDGE('',*,*,#12601,.T.);
#12616 = ORIENTED_EDGE('',*,*,#12617,.T.);
#12617 = EDGE_CURVE('',#12594,#12618,#12620,.T.);
#12618 = VERTEX_POINT('',#12619);
#12619 = CARTESIAN_POINT('',(-19.,-4.198919773102,-2.805629968643));
#12620 = LINE('',#12621,#12622);
#12621 = CARTESIAN_POINT('',(-19.,-4.665589809418,-1.932549953461));
#12622 = VECTOR('',#12623,1.);
#12623 = DIRECTION('',(0.,0.47139598701,-0.881921665133));
#12624 = ORIENTED_EDGE('',*,*,#12625,.T.);
#12625 = EDGE_CURVE('',#12618,#12084,#12626,.T.);
#12626 = LINE('',#12627,#12628);
#12627 = CARTESIAN_POINT('',(-19.,-4.198919773102,-2.805629968643));
#12628 = VECTOR('',#12629,1.);
#12629 = DIRECTION('',(-1.,0.,0.));
#12630 = ORIENTED_EDGE('',*,*,#12083,.F.);
#12631 = PLANE('',#12632);
#12632 = AXIS2_PLACEMENT_3D('',#12633,#12634,#12635);
#12633 = CARTESIAN_POINT('',(-21.,-4.43225479126,-2.369089961052));
#12634 = DIRECTION('',(0.,0.881921665133,0.47139598701));
#12635 = DIRECTION('',(0.,-0.47139598701,0.881921665133));
#12636 = ADVANCED_FACE('',(#12637),#12662,.F.);
#12637 = FACE_BOUND('',#12638,.F.);
#12638 = EDGE_LOOP('',(#12639,#12649,#12655,#12656));
#12639 = ORIENTED_EDGE('',*,*,#12640,.T.);
#12640 = EDGE_CURVE('',#12641,#12643,#12645,.T.);
#12641 = VERTEX_POINT('',#12642);
#12642 = CARTESIAN_POINT('',(-19.,-3.570889949799,-3.570889949799));
#12643 = VERTEX_POINT('',#12644);
#12644 = CARTESIAN_POINT('',(-19.,-2.805629968643,-4.198919773102));
#12645 = LINE('',#12646,#12647);
#12646 = CARTESIAN_POINT('',(-19.,-3.570889949799,-3.570889949799));
#12647 = VECTOR('',#12648,1.);
#12648 = DIRECTION('',(0.,0.773011846661,-0.634391586421));
#12649 = ORIENTED_EDGE('',*,*,#12650,.T.);
#12650 = EDGE_CURVE('',#12643,#12100,#12651,.T.);
#12651 = LINE('',#12652,#12653);
#12652 = CARTESIAN_POINT('',(-19.,-2.805629968643,-4.198919773102));
#12653 = VECTOR('',#12654,1.);
#12654 = DIRECTION('',(-1.,0.,0.));
#12655 = ORIENTED_EDGE('',*,*,#12099,.F.);
#12656 = ORIENTED_EDGE('',*,*,#12657,.T.);
#12657 = EDGE_CURVE('',#12092,#12641,#12658,.T.);
#12658 = LINE('',#12659,#12660);
#12659 = CARTESIAN_POINT('',(-23.,-3.570889949799,-3.570889949799));
#12660 = VECTOR('',#12661,1.);
#12661 = DIRECTION('',(1.,0.,0.));
#12662 = PLANE('',#12663);
#12663 = AXIS2_PLACEMENT_3D('',#12664,#12665,#12666);
#12664 = CARTESIAN_POINT('',(-21.,-3.188259959221,-3.88490486145));
#12665 = DIRECTION('',(0.,0.634391586421,0.773011846661));
#12666 = DIRECTION('',(0.,0.773011846661,-0.634391586421));
#12667 = ADVANCED_FACE('',(#12668),#12694,.F.);
#12668 = FACE_BOUND('',#12669,.F.);
#12669 = EDGE_LOOP('',(#12670,#12680,#12688));
#12670 = ORIENTED_EDGE('',*,*,#12671,.T.);
#12671 = EDGE_CURVE('',#12672,#12674,#12676,.T.);
#12672 = VERTEX_POINT('',#12673);
#12673 = CARTESIAN_POINT('',(-20.6123008728,-1.478209972382,
    -5.791379928589));
#12674 = VERTEX_POINT('',#12675);
#12675 = CARTESIAN_POINT('',(-21.13139915466,-1.131369948387,
    -4.908629894257));
#12676 = LINE('',#12677,#12678);
#12677 = CARTESIAN_POINT('',(-20.6123008728,-1.478209972382,
    -5.791379928589));
#12678 = VECTOR('',#12679,1.);
#12679 = DIRECTION('',(-0.480109974562,0.320789647965,0.816448659797));
#12680 = ORIENTED_EDGE('',*,*,#12681,.T.);
#12681 = EDGE_CURVE('',#12674,#12682,#12684,.T.);
#12682 = VERTEX_POINT('',#12683);
#12683 = CARTESIAN_POINT('',(-20.6123008728,-1.478209972382,
    -4.803410053253));
#12684 = LINE('',#12685,#12686);
#12685 = CARTESIAN_POINT('',(-21.13139915466,-1.131369948387,
    -4.908629894257));
#12686 = VECTOR('',#12687,1.);
#12687 = DIRECTION('',(0.819913933322,-0.547832613292,0.166194373427));
#12688 = ORIENTED_EDGE('',*,*,#12689,.F.);
#12689 = EDGE_CURVE('',#12672,#12682,#12690,.T.);
#12690 = LINE('',#12691,#12692);
#12691 = CARTESIAN_POINT('',(-20.6123008728,-1.478209972382,
    -5.791379928589));
#12692 = VECTOR('',#12693,1.);
#12693 = DIRECTION('',(0.,0.,1.));
#12694 = PLANE('',#12695);
#12695 = AXIS2_PLACEMENT_3D('',#12696,#12697,#12698);
#12696 = CARTESIAN_POINT('',(-20.77695763429,-1.368193127588,
    -5.215035917143));
#12697 = DIRECTION('',(0.555558761782,0.831477277024,0.));
#12698 = DIRECTION('',(0.831477277024,-0.555558761782,0.));
#12699 = ADVANCED_FACE('',(#12700),#12717,.F.);
#12700 = FACE_BOUND('',#12701,.F.);
#12701 = EDGE_LOOP('',(#12702,#12710,#12711));
#12702 = ORIENTED_EDGE('',*,*,#12703,.T.);
#12703 = EDGE_CURVE('',#12704,#12674,#12706,.T.);
#12704 = VERTEX_POINT('',#12705);
#12705 = CARTESIAN_POINT('',(-21.07270050048,-1.170539975166,
    -5.884709835052));
#12706 = LINE('',#12707,#12708);
#12707 = CARTESIAN_POINT('',(-21.07270050048,-1.170539975166,
    -5.884709835052));
#12708 = VECTOR('',#12709,1.);
#12709 = DIRECTION('',(-5.998058649962E-02,4.002546927948E-02,
    0.997396757089));
#12710 = ORIENTED_EDGE('',*,*,#12671,.F.);
#12711 = ORIENTED_EDGE('',*,*,#12712,.F.);
#12712 = EDGE_CURVE('',#12704,#12672,#12713,.T.);
#12713 = LINE('',#12714,#12715);
#12714 = CARTESIAN_POINT('',(-21.07270050048,-1.170539975166,
    -5.884709835052));
#12715 = VECTOR('',#12716,1.);
#12716 = DIRECTION('',(0.819871973949,-0.547893596721,0.166200339964));
#12717 = PLANE('',#12718);
#12718 = AXIS2_PLACEMENT_3D('',#12719,#12720,#12721);
#12719 = CARTESIAN_POINT('',(-20.95150207875,-1.251555056321,
    -5.471973541631));
#12720 = DIRECTION('',(0.555614524448,0.831440014657,4.743175612998E-05)
  );
#12721 = DIRECTION('',(0.831440015592,-0.555614525073,
    -5.400113259695E-22));
#12722 = ADVANCED_FACE('',(#12723),#12749,.F.);
#12723 = FACE_BOUND('',#12724,.F.);
#12724 = EDGE_LOOP('',(#12725,#12735,#12743));
#12725 = ORIENTED_EDGE('',*,*,#12726,.T.);
#12726 = EDGE_CURVE('',#12727,#12729,#12731,.T.);
#12727 = VERTEX_POINT('',#12728);
#12728 = CARTESIAN_POINT('',(-21.13139915466,-1.131369948387,
    -5.888569831848));
#12729 = VERTEX_POINT('',#12730);
#12730 = CARTESIAN_POINT('',(-21.47820091247,-0.61229300499,
    -4.989689826965));
#12731 = LINE('',#12732,#12733);
#12732 = CARTESIAN_POINT('',(-21.13139915466,-1.131369948387,
    -5.888569831848));
#12733 = VECTOR('',#12734,1.);
#12734 = DIRECTION('',(-0.316889391996,0.474305488041,0.821349753305));
#12735 = ORIENTED_EDGE('',*,*,#12736,.T.);
#12736 = EDGE_CURVE('',#12729,#12737,#12739,.T.);
#12737 = VERTEX_POINT('',#12738);
#12738 = CARTESIAN_POINT('',(-21.22900009155,-0.985206007957,
    -4.952960014343));
#12739 = LINE('',#12740,#12741);
#12740 = CARTESIAN_POINT('',(-21.47820091247,-0.61229300499,
    -4.989689826965));
#12741 = VECTOR('',#12742,1.);
#12742 = DIRECTION('',(0.553760137291,-0.82866643439,8.161893690786E-02)
  );
#12743 = ORIENTED_EDGE('',*,*,#12744,.T.);
#12744 = EDGE_CURVE('',#12737,#12727,#12745,.T.);
#12745 = LINE('',#12746,#12747);
#12746 = CARTESIAN_POINT('',(-21.22900009155,-0.985206007957,
    -4.952960014343));
#12747 = VECTOR('',#12748,1.);
#12748 = DIRECTION('',(0.10252473181,-0.153537653125,-0.982809680681));
#12749 = PLANE('',#12750);
#12750 = AXIS2_PLACEMENT_3D('',#12751,#12752,#12753);
#12751 = CARTESIAN_POINT('',(-21.26608185754,-0.92976078515,
    -5.347796715733));
#12752 = DIRECTION('',(0.831443381482,0.555609484458,-6.457668992755E-05
    ));
#12753 = DIRECTION('',(-0.555609485616,0.831443383216,2.081040913304E-21
    ));
#12754 = ADVANCED_FACE('',(#12755),#12770,.F.);
#12755 = FACE_BOUND('',#12756,.F.);
#12756 = EDGE_LOOP('',(#12757,#12758,#12764));
#12757 = ORIENTED_EDGE('',*,*,#12744,.F.);
#12758 = ORIENTED_EDGE('',*,*,#12759,.T.);
#12759 = EDGE_CURVE('',#12737,#12674,#12760,.T.);
#12760 = LINE('',#12761,#12762);
#12761 = CARTESIAN_POINT('',(-21.22900009155,-0.985206007957,
    -4.952960014343));
#12762 = VECTOR('',#12763,1.);
#12763 = DIRECTION('',(0.538459757639,-0.806379553798,0.24456717813));
#12764 = ORIENTED_EDGE('',*,*,#12765,.T.);
#12765 = EDGE_CURVE('',#12674,#12727,#12766,.T.);
#12766 = LINE('',#12767,#12768);
#12767 = CARTESIAN_POINT('',(-21.13139915466,-1.131369948387,
    -4.908629894257));
#12768 = VECTOR('',#12769,1.);
#12769 = DIRECTION('',(0.,0.,-1.));
#12770 = PLANE('',#12771);
#12771 = AXIS2_PLACEMENT_3D('',#12772,#12773,#12774);
#12772 = CARTESIAN_POINT('',(-21.15756943346,-1.092178202957,
    -5.368458709194));
#12773 = DIRECTION('',(0.83163433365,0.555323630953,0.));
#12774 = DIRECTION('',(-0.555323630953,0.83163433365,0.));
#12775 = ADVANCED_FACE('',(#12776),#12791,.F.);
#12776 = FACE_BOUND('',#12777,.F.);
#12777 = EDGE_LOOP('',(#12778,#12784,#12790));
#12778 = ORIENTED_EDGE('',*,*,#12779,.T.);
#12779 = EDGE_CURVE('',#12108,#12737,#12780,.T.);
#12780 = LINE('',#12781,#12782);
#12781 = CARTESIAN_POINT('',(-23.,-1.932549953461,-4.665589809418));
#12782 = VECTOR('',#12783,1.);
#12783 = DIRECTION('',(0.872881688634,0.466922205317,-0.1416376074));
#12784 = ORIENTED_EDGE('',*,*,#12785,.T.);
#12785 = EDGE_CURVE('',#12737,#12116,#12786,.T.);
#12786 = LINE('',#12787,#12788);
#12787 = CARTESIAN_POINT('',(-21.22900009155,-0.985206007957,
    -4.952960014343));
#12788 = VECTOR('',#12789,1.);
#12789 = DIRECTION('',(-1.,0.,0.));
#12790 = ORIENTED_EDGE('',*,*,#12115,.T.);
#12791 = PLANE('',#12792);
#12792 = AXIS2_PLACEMENT_3D('',#12793,#12794,#12795);
#12793 = CARTESIAN_POINT('',(-22.29751478721,-1.283743615978,
    -4.86240070481));
#12794 = DIRECTION('',(0.,0.290281495972,0.956941300758));
#12795 = DIRECTION('',(0.,0.956941300758,-0.290281495972));
#12796 = ADVANCED_FACE('',(#12797),#12807,.F.);
#12797 = FACE_BOUND('',#12798,.F.);
#12798 = EDGE_LOOP('',(#12799,#12800,#12806));
#12799 = ORIENTED_EDGE('',*,*,#12779,.F.);
#12800 = ORIENTED_EDGE('',*,*,#12801,.T.);
#12801 = EDGE_CURVE('',#12108,#12674,#12802,.T.);
#12802 = LINE('',#12803,#12804);
#12803 = CARTESIAN_POINT('',(-23.,-1.932549953461,-4.665589809418));
#12804 = VECTOR('',#12805,1.);
#12805 = DIRECTION('',(0.912585213014,0.391279404276,-0.11869564768));
#12806 = ORIENTED_EDGE('',*,*,#12759,.F.);
#12807 = PLANE('',#12808);
#12808 = AXIS2_PLACEMENT_3D('',#12809,#12810,#12811);
#12809 = CARTESIAN_POINT('',(-22.05125691398,-1.47696993099,
    -4.80378885876));
#12810 = DIRECTION('',(1.985892056434E-05,0.290247499006,0.956951612636)
  );
#12811 = DIRECTION('',(-4.894262151555E-23,0.956951612825,
    -0.290247499063));
#12812 = ADVANCED_FACE('',(#12813),#12830,.F.);
#12813 = FACE_BOUND('',#12814,.F.);
#12814 = EDGE_LOOP('',(#12815,#12816,#12824));
#12815 = ORIENTED_EDGE('',*,*,#12726,.F.);
#12816 = ORIENTED_EDGE('',*,*,#12817,.F.);
#12817 = EDGE_CURVE('',#12818,#12727,#12820,.T.);
#12818 = VERTEX_POINT('',#12819);
#12819 = CARTESIAN_POINT('',(-21.47820091247,-0.61229300499,
    -5.939690113068));
#12820 = LINE('',#12821,#12822);
#12821 = CARTESIAN_POINT('',(-21.47820091247,-0.61229300499,
    -5.939690113068));
#12822 = VECTOR('',#12823,1.);
#12823 = DIRECTION('',(0.553678879948,-0.828721118485,8.161498438403E-02
    ));
#12824 = ORIENTED_EDGE('',*,*,#12825,.T.);
#12825 = EDGE_CURVE('',#12818,#12729,#12826,.T.);
#12826 = LINE('',#12827,#12828);
#12827 = CARTESIAN_POINT('',(-21.47820091247,-0.61229300499,
    -5.939690113068));
#12828 = VECTOR('',#12829,1.);
#12829 = DIRECTION('',(0.,0.,1.));
#12830 = PLANE('',#12831);
#12831 = AXIS2_PLACEMENT_3D('',#12832,#12833,#12834);
#12832 = CARTESIAN_POINT('',(-21.36647959877,-0.779512336272,
    -5.559621226804));
#12833 = DIRECTION('',(0.831495042081,0.555532172781,0.));
#12834 = DIRECTION('',(-0.555532172781,0.831495042081,0.));
#12835 = ADVANCED_FACE('',(#12836),#12851,.F.);
#12836 = FACE_BOUND('',#12837,.F.);
#12837 = EDGE_LOOP('',(#12838,#12844,#12845));
#12838 = ORIENTED_EDGE('',*,*,#12839,.T.);
#12839 = EDGE_CURVE('',#11550,#12818,#12840,.T.);
#12840 = LINE('',#12841,#12842);
#12841 = CARTESIAN_POINT('',(-25.,-1.170539975166,-5.884709835052));
#12842 = VECTOR('',#12843,1.);
#12843 = DIRECTION('',(0.987551501629,0.156538638343,-1.541707938597E-02
    ));
#12844 = ORIENTED_EDGE('',*,*,#12817,.T.);
#12845 = ORIENTED_EDGE('',*,*,#12846,.F.);
#12846 = EDGE_CURVE('',#11550,#12727,#12847,.T.);
#12847 = LINE('',#12848,#12849);
#12848 = CARTESIAN_POINT('',(-25.,-1.170539975166,-5.884709835052));
#12849 = VECTOR('',#12850,1.);
#12850 = DIRECTION('',(0.999948247267,1.012459056624E-02,
    -9.977242896286E-04));
#12851 = PLANE('',#12852);
#12852 = AXIS2_PLACEMENT_3D('',#12853,#12854,#12855);
#12853 = CARTESIAN_POINT('',(-23.00558878239,-1.014452347322,
    -5.900083121171));
#12854 = DIRECTION('',(-6.165762759004E-07,-9.800931627089E-02,
    -0.995185497243));
#12855 = DIRECTION('',(1.059341467762E-23,-0.995185497244,
    9.800931627091E-02));
#12856 = ADVANCED_FACE('',(#12857),#12872,.F.);
#12857 = FACE_BOUND('',#12858,.F.);
#12858 = EDGE_LOOP('',(#12859,#12860,#12866));
#12859 = ORIENTED_EDGE('',*,*,#12846,.T.);
#12860 = ORIENTED_EDGE('',*,*,#12861,.T.);
#12861 = EDGE_CURVE('',#12727,#12704,#12862,.T.);
#12862 = LINE('',#12863,#12864);
#12863 = CARTESIAN_POINT('',(-21.13139915466,-1.131369948387,
    -5.888569831848));
#12864 = VECTOR('',#12865,1.);
#12865 = DIRECTION('',(0.830562767257,-0.554240404531,5.461742973963E-02
    ));
#12866 = ORIENTED_EDGE('',*,*,#12867,.T.);
#12867 = EDGE_CURVE('',#12704,#11550,#12868,.T.);
#12868 = LINE('',#12869,#12870);
#12869 = CARTESIAN_POINT('',(-21.07270050048,-1.170539975166,
    -5.884709835052));
#12870 = VECTOR('',#12871,1.);
#12871 = DIRECTION('',(-1.,0.,0.));
#12872 = PLANE('',#12873);
#12873 = AXIS2_PLACEMENT_3D('',#12874,#12875,#12876);
#12874 = CARTESIAN_POINT('',(-23.03340663123,-1.160732313216,
    -5.885676327721));
#12875 = DIRECTION('',(-0.,-9.806962651029E-02,-0.995179555837));
#12876 = DIRECTION('',(0.,-0.995179555837,9.806962651029E-02));
#12877 = ADVANCED_FACE('',(#12878),#12895,.F.);
#12878 = FACE_BOUND('',#12879,.F.);
#12879 = EDGE_LOOP('',(#12880,#12888,#12894));
#12880 = ORIENTED_EDGE('',*,*,#12881,.T.);
#12881 = EDGE_CURVE('',#11550,#12882,#12884,.T.);
#12882 = VERTEX_POINT('',#12883);
#12883 = CARTESIAN_POINT('',(-21.60000038147,0.,-6.));
#12884 = LINE('',#12885,#12886);
#12885 = CARTESIAN_POINT('',(-25.,-1.170539975166,-5.884709835052));
#12886 = VECTOR('',#12887,1.);
#12887 = DIRECTION('',(0.945047835507,0.325357762947,-3.20455097245E-02)
  );
#12888 = ORIENTED_EDGE('',*,*,#12889,.T.);
#12889 = EDGE_CURVE('',#12882,#12818,#12890,.T.);
#12890 = LINE('',#12891,#12892);
#12891 = CARTESIAN_POINT('',(-21.60000038147,0.,-6.));
#12892 = VECTOR('',#12893,1.);
#12893 = DIRECTION('',(0.194196747712,-0.976238330083,9.615792247594E-02
    ));
#12894 = ORIENTED_EDGE('',*,*,#12839,.F.);
#12895 = PLANE('',#12896);
#12896 = AXIS2_PLACEMENT_3D('',#12897,#12898,#12899);
#12897 = CARTESIAN_POINT('',(-23.13036927446,-0.702931604475,
    -5.930765187479));
#12898 = DIRECTION('',(1.687601334889E-06,-9.802371293103E-02,
    -0.995184079304));
#12899 = DIRECTION('',(-1.338246982718E-24,-0.995184079306,
    9.802371293117E-02));
#12900 = ADVANCED_FACE('',(#12901),#12911,.F.);
#12901 = FACE_BOUND('',#12902,.F.);
#12902 = EDGE_LOOP('',(#12903,#12904,#12905));
#12903 = ORIENTED_EDGE('',*,*,#12881,.F.);
#12904 = ORIENTED_EDGE('',*,*,#11549,.T.);
#12905 = ORIENTED_EDGE('',*,*,#12906,.F.);
#12906 = EDGE_CURVE('',#12882,#11542,#12907,.T.);
#12907 = LINE('',#12908,#12909);
#12908 = CARTESIAN_POINT('',(-21.60000038147,0.,-6.));
#12909 = VECTOR('',#12910,1.);
#12910 = DIRECTION('',(-1.,0.,0.));
#12911 = PLANE('',#12912);
#12912 = AXIS2_PLACEMENT_3D('',#12913,#12914,#12915);
#12913 = CARTESIAN_POINT('',(-23.54462580472,-0.341822354173,
    -5.966332840884));
#12914 = DIRECTION('',(-0.,-9.801885815031E-02,-0.99518455748));
#12915 = DIRECTION('',(0.,-0.99518455748,9.801885815031E-02));
#12916 = ADVANCED_FACE('',(#12917),#12927,.F.);
#12917 = FACE_BOUND('',#12918,.F.);
#12918 = EDGE_LOOP('',(#12919,#12925,#12926));
#12919 = ORIENTED_EDGE('',*,*,#12920,.T.);
#12920 = EDGE_CURVE('',#11534,#12882,#12921,.T.);
#12921 = LINE('',#12922,#12923);
#12922 = CARTESIAN_POINT('',(-25.,1.170539975166,-5.884709835052));
#12923 = VECTOR('',#12924,1.);
#12924 = DIRECTION('',(0.945047835507,-0.325357762947,-3.20455097245E-02
    ));
#12925 = ORIENTED_EDGE('',*,*,#12906,.T.);
#12926 = ORIENTED_EDGE('',*,*,#11541,.T.);
#12927 = PLANE('',#12928);
#12928 = AXIS2_PLACEMENT_3D('',#12929,#12930,#12931);
#12929 = CARTESIAN_POINT('',(-23.54462580472,0.341822354173,
    -5.966332840884));
#12930 = DIRECTION('',(-0.,9.801885815031E-02,-0.99518455748));
#12931 = DIRECTION('',(0.,-0.99518455748,-9.801885815031E-02));
#12932 = ADVANCED_FACE('',(#12933),#12950,.F.);
#12933 = FACE_BOUND('',#12934,.F.);
#12934 = EDGE_LOOP('',(#12935,#12936,#12944));
#12935 = ORIENTED_EDGE('',*,*,#12920,.F.);
#12936 = ORIENTED_EDGE('',*,*,#12937,.T.);
#12937 = EDGE_CURVE('',#11534,#12938,#12940,.T.);
#12938 = VERTEX_POINT('',#12939);
#12939 = CARTESIAN_POINT('',(-21.47820091247,0.61229300499,
    -5.939690113068));
#12940 = LINE('',#12941,#12942);
#12941 = CARTESIAN_POINT('',(-25.,1.170539975166,-5.884709835052));
#12942 = VECTOR('',#12943,1.);
#12943 = DIRECTION('',(0.987551501629,-0.156538638343,
    -1.541707938597E-02));
#12944 = ORIENTED_EDGE('',*,*,#12945,.T.);
#12945 = EDGE_CURVE('',#12938,#12882,#12946,.T.);
#12946 = LINE('',#12947,#12948);
#12947 = CARTESIAN_POINT('',(-21.47820091247,0.61229300499,
    -5.939690113068));
#12948 = VECTOR('',#12949,1.);
#12949 = DIRECTION('',(-0.194196747712,-0.976238330083,
    -9.615792247594E-02));
#12950 = PLANE('',#12951);
#12951 = AXIS2_PLACEMENT_3D('',#12952,#12953,#12954);
#12952 = CARTESIAN_POINT('',(-23.13036927446,0.702931604475,
    -5.930765187479));
#12953 = DIRECTION('',(1.68760133487E-06,9.802371293103E-02,
    -0.995184079304));
#12954 = DIRECTION('',(-1.950789729539E-23,-0.995184079306,
    -9.802371293117E-02));
#12955 = ADVANCED_FACE('',(#12956),#12973,.F.);
#12956 = FACE_BOUND('',#12957,.F.);
#12957 = EDGE_LOOP('',(#12958,#12959,#12967));
#12958 = ORIENTED_EDGE('',*,*,#12937,.F.);
#12959 = ORIENTED_EDGE('',*,*,#12960,.T.);
#12960 = EDGE_CURVE('',#11534,#12961,#12963,.T.);
#12961 = VERTEX_POINT('',#12962);
#12962 = CARTESIAN_POINT('',(-21.13139915466,1.131369948387,
    -5.888569831848));
#12963 = LINE('',#12964,#12965);
#12964 = CARTESIAN_POINT('',(-25.,1.170539975166,-5.884709835052));
#12965 = VECTOR('',#12966,1.);
#12966 = DIRECTION('',(0.999948247267,-1.012459056624E-02,
    -9.977242896286E-04));
#12967 = ORIENTED_EDGE('',*,*,#12968,.T.);
#12968 = EDGE_CURVE('',#12961,#12938,#12969,.T.);
#12969 = LINE('',#12970,#12971);
#12970 = CARTESIAN_POINT('',(-21.13139915466,1.131369948387,
    -5.888569831848));
#12971 = VECTOR('',#12972,1.);
#12972 = DIRECTION('',(-0.553678879948,-0.828721118485,
    -8.161498438403E-02));
#12973 = PLANE('',#12974);
#12974 = AXIS2_PLACEMENT_3D('',#12975,#12976,#12977);
#12975 = CARTESIAN_POINT('',(-23.00558878239,1.014452347322,
    -5.900083121171));
#12976 = DIRECTION('',(-6.165762758957E-07,9.800931627089E-02,
    -0.995185497243));
#12977 = DIRECTION('',(-1.014226753495E-23,-0.995185497244,
    -9.800931627091E-02));
#12978 = ADVANCED_FACE('',(#12979),#12996,.F.);
#12979 = FACE_BOUND('',#12980,.F.);
#12980 = EDGE_LOOP('',(#12981,#12982,#12990));
#12981 = ORIENTED_EDGE('',*,*,#12960,.F.);
#12982 = ORIENTED_EDGE('',*,*,#12983,.T.);
#12983 = EDGE_CURVE('',#11534,#12984,#12986,.T.);
#12984 = VERTEX_POINT('',#12985);
#12985 = CARTESIAN_POINT('',(-21.07270050048,1.170539975166,
    -5.884709835052));
#12986 = LINE('',#12987,#12988);
#12987 = CARTESIAN_POINT('',(-25.,1.170539975166,-5.884709835052));
#12988 = VECTOR('',#12989,1.);
#12989 = DIRECTION('',(1.,0.,0.));
#12990 = ORIENTED_EDGE('',*,*,#12991,.T.);
#12991 = EDGE_CURVE('',#12984,#12961,#12992,.T.);
#12992 = LINE('',#12993,#12994);
#12993 = CARTESIAN_POINT('',(-21.07270050048,1.170539975166,
    -5.884709835052));
#12994 = VECTOR('',#12995,1.);
#12995 = DIRECTION('',(-0.830562767257,-0.554240404531,
    -5.461742973963E-02));
#12996 = PLANE('',#12997);
#12997 = AXIS2_PLACEMENT_3D('',#12998,#12999,#13000);
#12998 = CARTESIAN_POINT('',(-23.03340663123,1.160732313216,
    -5.885676327721));
#12999 = DIRECTION('',(-0.,9.806962651029E-02,-0.995179555837));
#13000 = DIRECTION('',(0.,-0.995179555837,-9.806962651029E-02));
#13001 = ADVANCED_FACE('',(#13002),#13012,.F.);
#13002 = FACE_BOUND('',#13003,.F.);
#13003 = EDGE_LOOP('',(#13004,#13010,#13011));
#13004 = ORIENTED_EDGE('',*,*,#13005,.T.);
#13005 = EDGE_CURVE('',#11526,#12984,#13006,.T.);
#13006 = LINE('',#13007,#13008);
#13007 = CARTESIAN_POINT('',(-25.,2.296099901199,-5.543280124664));
#13008 = VECTOR('',#13009,1.);
#13009 = DIRECTION('',(0.957959400801,-0.274550161617,
    -8.328262227513E-02));
#13010 = ORIENTED_EDGE('',*,*,#12983,.F.);
#13011 = ORIENTED_EDGE('',*,*,#11533,.T.);
#13012 = PLANE('',#13013);
#13013 = AXIS2_PLACEMENT_3D('',#13014,#13015,#13016);
#13014 = CARTESIAN_POINT('',(-23.28731367769,1.493162605811,
    -5.786844809124));
#13015 = DIRECTION('',(-0.,0.290280659642,-0.956941554453));
#13016 = DIRECTION('',(0.,-0.956941554453,-0.290280659642));
#13017 = ADVANCED_FACE('',(#13018),#13035,.F.);
#13018 = FACE_BOUND('',#13019,.F.);
#13019 = EDGE_LOOP('',(#13020,#13021,#13029));
#13020 = ORIENTED_EDGE('',*,*,#13005,.F.);
#13021 = ORIENTED_EDGE('',*,*,#13022,.T.);
#13022 = EDGE_CURVE('',#11526,#13023,#13025,.T.);
#13023 = VERTEX_POINT('',#13024);
#13024 = CARTESIAN_POINT('',(-20.6123008728,1.478209972382,
    -5.791379928589));
#13025 = LINE('',#13026,#13027);
#13026 = CARTESIAN_POINT('',(-25.,2.296099901199,-5.543280124664));
#13027 = VECTOR('',#13028,1.);
#13028 = DIRECTION('',(0.981551302459,-0.182966265832,
    -5.550122709472E-02));
#13029 = ORIENTED_EDGE('',*,*,#13030,.T.);
#13030 = EDGE_CURVE('',#13023,#12984,#13031,.T.);
#13031 = LINE('',#13032,#13033);
#13032 = CARTESIAN_POINT('',(-20.6123008728,1.478209972382,
    -5.791379928589));
#13033 = VECTOR('',#13034,1.);
#13034 = DIRECTION('',(-0.819871973949,-0.547893596721,-0.166200339964)
  );
#13035 = PLANE('',#13036);
#13036 = AXIS2_PLACEMENT_3D('',#13037,#13038,#13039);
#13037 = CARTESIAN_POINT('',(-22.78874343156,1.783479440745,
    -5.698779313709));
#13038 = DIRECTION('',(4.016011847616E-07,0.290281942832,-0.956941165206
    ));
#13039 = DIRECTION('',(-1.16335403902E-24,-0.956941165206,
    -0.290281942832));
#13040 = ADVANCED_FACE('',(#13041),#13058,.F.);
#13041 = FACE_BOUND('',#13042,.F.);
#13042 = EDGE_LOOP('',(#13043,#13044,#13052));
#13043 = ORIENTED_EDGE('',*,*,#13022,.F.);
#13044 = ORIENTED_EDGE('',*,*,#13045,.T.);
#13045 = EDGE_CURVE('',#11526,#13046,#13048,.T.);
#13046 = VERTEX_POINT('',#13047);
#13047 = CARTESIAN_POINT('',(-20.,1.600000023842,-5.75443983078));
#13048 = LINE('',#13049,#13050);
#13049 = CARTESIAN_POINT('',(-25.,2.296099901199,-5.543280124664));
#13050 = VECTOR('',#13051,1.);
#13051 = DIRECTION('',(0.989582217191,-0.137769612004,
    -4.179197803187E-02));
#13052 = ORIENTED_EDGE('',*,*,#13053,.T.);
#13053 = EDGE_CURVE('',#13046,#13023,#13054,.T.);
#13054 = LINE('',#13055,#13056);
#13055 = CARTESIAN_POINT('',(-20.,1.600000023842,-5.75443983078));
#13056 = VECTOR('',#13057,1.);
#13057 = DIRECTION('',(-0.979074093583,-0.194743286409,
    -5.906751792382E-02));
#13058 = PLANE('',#13059);
#13059 = AXIS2_PLACEMENT_3D('',#13060,#13061,#13062);
#13060 = CARTESIAN_POINT('',(-22.49965879367,1.896024923372,
    -5.664640472045));
#13061 = DIRECTION('',(-2.915582095549E-06,0.290265646745,
    -0.956946108363));
#13062 = DIRECTION('',(-1.24891544758E-22,-0.956946108367,
    -0.290265646746));
#13063 = ADVANCED_FACE('',(#13064),#13079,.F.);
#13064 = FACE_BOUND('',#13065,.F.);
#13065 = EDGE_LOOP('',(#13066,#13067,#13073));
#13066 = ORIENTED_EDGE('',*,*,#13045,.F.);
#13067 = ORIENTED_EDGE('',*,*,#13068,.F.);
#13068 = EDGE_CURVE('',#11160,#11526,#13069,.T.);
#13069 = LINE('',#13070,#13071);
#13070 = CARTESIAN_POINT('',(-15.,2.296099901199,-5.543280124664));
#13071 = VECTOR('',#13072,1.);
#13072 = DIRECTION('',(-1.,0.,0.));
#13073 = ORIENTED_EDGE('',*,*,#13074,.F.);
#13074 = EDGE_CURVE('',#13046,#11160,#13075,.T.);
#13075 = LINE('',#13076,#13077);
#13076 = CARTESIAN_POINT('',(-20.,1.600000023842,-5.75443983078));
#13077 = VECTOR('',#13078,1.);
#13078 = DIRECTION('',(0.989582217191,0.137769612004,4.179197803187E-02)
  );
#13079 = PLANE('',#13080);
#13080 = AXIS2_PLACEMENT_3D('',#13081,#13082,#13083);
#13081 = CARTESIAN_POINT('',(-20.,2.121163708228,-5.596346468013));
#13082 = DIRECTION('',(-0.,0.290284824367,-0.956940291106));
#13083 = DIRECTION('',(0.,-0.956940291106,-0.290284824367));
#13084 = ADVANCED_FACE('',(#13085),#13102,.F.);
#13085 = FACE_BOUND('',#13086,.F.);
#13086 = EDGE_LOOP('',(#13087,#13088,#13096));
#13087 = ORIENTED_EDGE('',*,*,#13074,.T.);
#13088 = ORIENTED_EDGE('',*,*,#13089,.F.);
#13089 = EDGE_CURVE('',#13090,#11160,#13092,.T.);
#13090 = VERTEX_POINT('',#13091);
#13091 = CARTESIAN_POINT('',(-19.38769912719,1.478209972382,
    -5.791379928589));
#13092 = LINE('',#13093,#13094);
#13093 = CARTESIAN_POINT('',(-19.38769912719,1.478209972382,
    -5.791379928589));
#13094 = VECTOR('',#13095,1.);
#13095 = DIRECTION('',(0.981551302459,0.182966265832,5.550122709472E-02)
  );
#13096 = ORIENTED_EDGE('',*,*,#13097,.T.);
#13097 = EDGE_CURVE('',#13090,#13046,#13098,.T.);
#13098 = LINE('',#13099,#13100);
#13099 = CARTESIAN_POINT('',(-19.38769912719,1.478209972382,
    -5.791379928589));
#13100 = VECTOR('',#13101,1.);
#13101 = DIRECTION('',(-0.979074093583,0.194743286409,5.906751792382E-02
    ));
#13102 = PLANE('',#13103);
#13103 = AXIS2_PLACEMENT_3D('',#13104,#13105,#13106);
#13104 = CARTESIAN_POINT('',(-17.50034120632,1.896024923372,
    -5.664640472045));
#13105 = DIRECTION('',(2.915582095681E-06,0.290265646745,-0.956946108363
    ));
#13106 = DIRECTION('',(3.11758689188E-23,-0.956946108367,-0.290265646746
    ));
#13107 = ADVANCED_FACE('',(#13108),#13125,.F.);
#13108 = FACE_BOUND('',#13109,.F.);
#13109 = EDGE_LOOP('',(#13110,#13118,#13119));
#13110 = ORIENTED_EDGE('',*,*,#13111,.T.);
#13111 = EDGE_CURVE('',#13112,#11152,#13114,.T.);
#13112 = VERTEX_POINT('',#13113);
#13113 = CARTESIAN_POINT('',(-18.39999961853,0.,-6.));
#13114 = LINE('',#13115,#13116);
#13115 = CARTESIAN_POINT('',(-18.39999961853,0.,-6.));
#13116 = VECTOR('',#13117,1.);
#13117 = DIRECTION('',(0.945047835507,0.325357762947,3.20455097245E-02)
  );
#13118 = ORIENTED_EDGE('',*,*,#11151,.F.);
#13119 = ORIENTED_EDGE('',*,*,#13120,.T.);
#13120 = EDGE_CURVE('',#11144,#13112,#13121,.T.);
#13121 = LINE('',#13122,#13123);
#13122 = CARTESIAN_POINT('',(-15.,0.,-6.));
#13123 = VECTOR('',#13124,1.);
#13124 = DIRECTION('',(-1.,0.,0.));
#13125 = PLANE('',#13126);
#13126 = AXIS2_PLACEMENT_3D('',#13127,#13128,#13129);
#13127 = CARTESIAN_POINT('',(-16.45537419527,0.341822354173,
    -5.966332840884));
#13128 = DIRECTION('',(-0.,9.801885815031E-02,-0.99518455748));
#13129 = DIRECTION('',(0.,-0.99518455748,-9.801885815031E-02));
#13130 = ADVANCED_FACE('',(#13131),#13148,.F.);
#13131 = FACE_BOUND('',#13132,.F.);
#13132 = EDGE_LOOP('',(#13133,#13141,#13142));
#13133 = ORIENTED_EDGE('',*,*,#13134,.T.);
#13134 = EDGE_CURVE('',#13135,#11152,#13137,.T.);
#13135 = VERTEX_POINT('',#13136);
#13136 = CARTESIAN_POINT('',(-18.52179908752,0.61229300499,
    -5.939690113068));
#13137 = LINE('',#13138,#13139);
#13138 = CARTESIAN_POINT('',(-18.52179908752,0.61229300499,
    -5.939690113068));
#13139 = VECTOR('',#13140,1.);
#13140 = DIRECTION('',(0.987551501629,0.156538638343,1.541707938597E-02)
  );
#13141 = ORIENTED_EDGE('',*,*,#13111,.F.);
#13142 = ORIENTED_EDGE('',*,*,#13143,.T.);
#13143 = EDGE_CURVE('',#13112,#13135,#13144,.T.);
#13144 = LINE('',#13145,#13146);
#13145 = CARTESIAN_POINT('',(-18.39999961853,0.,-6.));
#13146 = VECTOR('',#13147,1.);
#13147 = DIRECTION('',(-0.194196747712,0.976238330083,9.615792247594E-02
    ));
#13148 = PLANE('',#13149);
#13149 = AXIS2_PLACEMENT_3D('',#13150,#13151,#13152);
#13150 = CARTESIAN_POINT('',(-16.86963072553,0.702931604475,
    -5.930765187479));
#13151 = DIRECTION('',(-1.687601334846E-06,9.802371293103E-02,
    -0.995184079304));
#13152 = DIRECTION('',(-8.41080728961E-25,-0.995184079306,
    -9.802371293117E-02));
#13153 = ADVANCED_FACE('',(#13154),#13171,.F.);
#13154 = FACE_BOUND('',#13155,.F.);
#13155 = EDGE_LOOP('',(#13156,#13164,#13165));
#13156 = ORIENTED_EDGE('',*,*,#13157,.T.);
#13157 = EDGE_CURVE('',#13158,#11152,#13160,.T.);
#13158 = VERTEX_POINT('',#13159);
#13159 = CARTESIAN_POINT('',(-18.86860084533,1.131369948387,
    -5.888569831848));
#13160 = LINE('',#13161,#13162);
#13161 = CARTESIAN_POINT('',(-18.86860084533,1.131369948387,
    -5.888569831848));
#13162 = VECTOR('',#13163,1.);
#13163 = DIRECTION('',(0.999948247267,1.012459056624E-02,
    9.977242896286E-04));
#13164 = ORIENTED_EDGE('',*,*,#13134,.F.);
#13165 = ORIENTED_EDGE('',*,*,#13166,.T.);
#13166 = EDGE_CURVE('',#13135,#13158,#13167,.T.);
#13167 = LINE('',#13168,#13169);
#13168 = CARTESIAN_POINT('',(-18.52179908752,0.61229300499,
    -5.939690113068));
#13169 = VECTOR('',#13170,1.);
#13170 = DIRECTION('',(-0.553678879948,0.828721118485,8.161498438403E-02
    ));
#13171 = PLANE('',#13172);
#13172 = AXIS2_PLACEMENT_3D('',#13173,#13174,#13175);
#13173 = CARTESIAN_POINT('',(-16.9944112176,1.014452347322,
    -5.900083121171));
#13174 = DIRECTION('',(6.165762759034E-07,9.800931627089E-02,
    -0.995185497243));
#13175 = DIRECTION('',(3.769865621028E-24,-0.995185497244,
    -9.800931627091E-02));
#13176 = ADVANCED_FACE('',(#13177),#13194,.F.);
#13177 = FACE_BOUND('',#13178,.F.);
#13178 = EDGE_LOOP('',(#13179,#13180,#13188));
#13179 = ORIENTED_EDGE('',*,*,#13157,.F.);
#13180 = ORIENTED_EDGE('',*,*,#13181,.T.);
#13181 = EDGE_CURVE('',#13158,#13182,#13184,.T.);
#13182 = VERTEX_POINT('',#13183);
#13183 = CARTESIAN_POINT('',(-18.92729949951,1.170539975166,
    -5.884709835052));
#13184 = LINE('',#13185,#13186);
#13185 = CARTESIAN_POINT('',(-18.86860084533,1.131369948387,
    -5.888569831848));
#13186 = VECTOR('',#13187,1.);
#13187 = DIRECTION('',(-0.830562767257,0.554240404531,5.461742973963E-02
    ));
#13188 = ORIENTED_EDGE('',*,*,#13189,.T.);
#13189 = EDGE_CURVE('',#13182,#11152,#13190,.T.);
#13190 = LINE('',#13191,#13192);
#13191 = CARTESIAN_POINT('',(-18.92729949951,1.170539975166,
    -5.884709835052));
#13192 = VECTOR('',#13193,1.);
#13193 = DIRECTION('',(1.,0.,0.));
#13194 = PLANE('',#13195);
#13195 = AXIS2_PLACEMENT_3D('',#13196,#13197,#13198);
#13196 = CARTESIAN_POINT('',(-16.96659336876,1.160732313216,
    -5.885676327721));
#13197 = DIRECTION('',(-0.,9.806962651029E-02,-0.995179555837));
#13198 = DIRECTION('',(0.,-0.995179555837,-9.806962651029E-02));
#13199 = ADVANCED_FACE('',(#13200),#13210,.F.);
#13200 = FACE_BOUND('',#13201,.F.);
#13201 = EDGE_LOOP('',(#13202,#13208,#13209));
#13202 = ORIENTED_EDGE('',*,*,#13203,.T.);
#13203 = EDGE_CURVE('',#13182,#11160,#13204,.T.);
#13204 = LINE('',#13205,#13206);
#13205 = CARTESIAN_POINT('',(-18.92729949951,1.170539975166,
    -5.884709835052));
#13206 = VECTOR('',#13207,1.);
#13207 = DIRECTION('',(0.957959400801,0.274550161617,8.328262227513E-02)
  );
#13208 = ORIENTED_EDGE('',*,*,#11159,.F.);
#13209 = ORIENTED_EDGE('',*,*,#13189,.F.);
#13210 = PLANE('',#13211);
#13211 = AXIS2_PLACEMENT_3D('',#13212,#13213,#13214);
#13212 = CARTESIAN_POINT('',(-16.7126863223,1.493162605811,
    -5.786844809124));
#13213 = DIRECTION('',(-0.,0.290280659642,-0.956941554453));
#13214 = DIRECTION('',(0.,-0.956941554453,-0.290280659642));
#13215 = ADVANCED_FACE('',(#13216),#13226,.F.);
#13216 = FACE_BOUND('',#13217,.F.);
#13217 = EDGE_LOOP('',(#13218,#13219,#13220));
#13218 = ORIENTED_EDGE('',*,*,#13089,.T.);
#13219 = ORIENTED_EDGE('',*,*,#13203,.F.);
#13220 = ORIENTED_EDGE('',*,*,#13221,.T.);
#13221 = EDGE_CURVE('',#13182,#13090,#13222,.T.);
#13222 = LINE('',#13223,#13224);
#13223 = CARTESIAN_POINT('',(-18.92729949951,1.170539975166,
    -5.884709835052));
#13224 = VECTOR('',#13225,1.);
#13225 = DIRECTION('',(-0.819871973949,0.547893596721,0.166200339964));
#13226 = PLANE('',#13227);
#13227 = AXIS2_PLACEMENT_3D('',#13228,#13229,#13230);
#13228 = CARTESIAN_POINT('',(-17.21125656843,1.783479440745,
    -5.698779313709));
#13229 = DIRECTION('',(-4.016011847616E-07,0.290281942832,
    -0.956941165206));
#13230 = DIRECTION('',(1.16335403902E-24,-0.956941165206,-0.290281942832
    ));
#13231 = ADVANCED_FACE('',(#13232),#13256,.F.);
#13232 = FACE_BOUND('',#13233,.F.);
#13233 = EDGE_LOOP('',(#13234,#13242,#13250));
#13234 = ORIENTED_EDGE('',*,*,#13235,.T.);
#13235 = EDGE_CURVE('',#13236,#13090,#13238,.T.);
#13236 = VERTEX_POINT('',#13237);
#13237 = CARTESIAN_POINT('',(-19.38769912719,1.478209972382,
    -4.803410053253));
#13238 = LINE('',#13239,#13240);
#13239 = CARTESIAN_POINT('',(-19.38769912719,1.478209972382,
    -4.803410053253));
#13240 = VECTOR('',#13241,1.);
#13241 = DIRECTION('',(0.,0.,-1.));
#13242 = ORIENTED_EDGE('',*,*,#13243,.T.);
#13243 = EDGE_CURVE('',#13090,#13244,#13246,.T.);
#13244 = VERTEX_POINT('',#13245);
#13245 = CARTESIAN_POINT('',(-19.,1.219149947166,-4.881999969482));
#13246 = LINE('',#13247,#13248);
#13247 = CARTESIAN_POINT('',(-19.38769912719,1.478209972382,
    -5.791379928589));
#13248 = VECTOR('',#13249,1.);
#13249 = DIRECTION('',(0.379369585748,-0.25349423704,0.889842339517));
#13250 = ORIENTED_EDGE('',*,*,#13251,.T.);
#13251 = EDGE_CURVE('',#13244,#13236,#13252,.T.);
#13252 = LINE('',#13253,#13254);
#13253 = CARTESIAN_POINT('',(-19.,1.219149947166,-4.881999969482));
#13254 = VECTOR('',#13255,1.);
#13255 = DIRECTION('',(-0.81989797251,0.547854701061,0.166200304452));
#13256 = PLANE('',#13257);
#13257 = AXIS2_PLACEMENT_3D('',#13258,#13259,#13260);
#13258 = CARTESIAN_POINT('',(-19.27098763089,1.400223510577,
    -5.22697088571));
#13259 = DIRECTION('',(-0.555581724263,-0.831461933984,-0.));
#13260 = DIRECTION('',(-0.831461933984,0.555581724263,0.));
#13261 = ADVANCED_FACE('',(#13262),#13272,.F.);
#13262 = FACE_BOUND('',#13263,.F.);
#13263 = EDGE_LOOP('',(#13264,#13270,#13271));
#13264 = ORIENTED_EDGE('',*,*,#13265,.T.);
#13265 = EDGE_CURVE('',#13182,#13244,#13266,.T.);
#13266 = LINE('',#13267,#13268);
#13267 = CARTESIAN_POINT('',(-18.92729949951,1.170539975166,
    -5.884709835052));
#13268 = VECTOR('',#13269,1.);
#13269 = DIRECTION('',(-7.222981839705E-02,4.829525830321E-02,
    0.996218059142));
#13270 = ORIENTED_EDGE('',*,*,#13243,.F.);
#13271 = ORIENTED_EDGE('',*,*,#13221,.F.);
#13272 = PLANE('',#13273);
#13273 = AXIS2_PLACEMENT_3D('',#13274,#13275,#13276);
#13274 = CARTESIAN_POINT('',(-19.09650974421,1.283628061025,
    -5.463524799041));
#13275 = DIRECTION('',(-0.555618033857,-0.831437670515,
    2.239206241603E-05));
#13276 = DIRECTION('',(-0.831437670724,0.555618033996,3.196731469857E-22
    ));
#13277 = ADVANCED_FACE('',(#13278),#13288,.F.);
#13278 = FACE_BOUND('',#13279,.F.);
#13279 = EDGE_LOOP('',(#13280,#13286,#13287));
#13280 = ORIENTED_EDGE('',*,*,#13281,.T.);
#13281 = EDGE_CURVE('',#11136,#13112,#13282,.T.);
#13282 = LINE('',#13283,#13284);
#13283 = CARTESIAN_POINT('',(-15.,-1.170539975166,-5.884709835052));
#13284 = VECTOR('',#13285,1.);
#13285 = DIRECTION('',(-0.945047835507,0.325357762947,-3.20455097245E-02
    ));
#13286 = ORIENTED_EDGE('',*,*,#13120,.F.);
#13287 = ORIENTED_EDGE('',*,*,#11143,.F.);
#13288 = PLANE('',#13289);
#13289 = AXIS2_PLACEMENT_3D('',#13290,#13291,#13292);
#13290 = CARTESIAN_POINT('',(-16.45537419527,-0.341822354173,
    -5.966332840884));
#13291 = DIRECTION('',(-0.,-9.801885815031E-02,-0.99518455748));
#13292 = DIRECTION('',(0.,-0.99518455748,9.801885815031E-02));
#13293 = ADVANCED_FACE('',(#13294),#13311,.F.);
#13294 = FACE_BOUND('',#13295,.F.);
#13295 = EDGE_LOOP('',(#13296,#13304,#13310));
#13296 = ORIENTED_EDGE('',*,*,#13297,.T.);
#13297 = EDGE_CURVE('',#11136,#13298,#13300,.T.);
#13298 = VERTEX_POINT('',#13299);
#13299 = CARTESIAN_POINT('',(-18.52179908752,-0.61229300499,
    -5.939690113068));
#13300 = LINE('',#13301,#13302);
#13301 = CARTESIAN_POINT('',(-15.,-1.170539975166,-5.884709835052));
#13302 = VECTOR('',#13303,1.);
#13303 = DIRECTION('',(-0.987551501629,0.156538638343,
    -1.541707938597E-02));
#13304 = ORIENTED_EDGE('',*,*,#13305,.T.);
#13305 = EDGE_CURVE('',#13298,#13112,#13306,.T.);
#13306 = LINE('',#13307,#13308);
#13307 = CARTESIAN_POINT('',(-18.52179908752,-0.61229300499,
    -5.939690113068));
#13308 = VECTOR('',#13309,1.);
#13309 = DIRECTION('',(0.194196747712,0.976238330083,-9.615792247594E-02
    ));
#13310 = ORIENTED_EDGE('',*,*,#13281,.F.);
#13311 = PLANE('',#13312);
#13312 = AXIS2_PLACEMENT_3D('',#13313,#13314,#13315);
#13313 = CARTESIAN_POINT('',(-16.86963072553,-0.702931604475,
    -5.930765187479));
#13314 = DIRECTION('',(-1.687601334921E-06,-9.802371293103E-02,
    -0.995184079304));
#13315 = DIRECTION('',(-7.745882995359E-24,-0.995184079306,
    9.802371293117E-02));
#13316 = ADVANCED_FACE('',(#13317),#13334,.F.);
#13317 = FACE_BOUND('',#13318,.F.);
#13318 = EDGE_LOOP('',(#13319,#13327,#13333));
#13319 = ORIENTED_EDGE('',*,*,#13320,.T.);
#13320 = EDGE_CURVE('',#11136,#13321,#13323,.T.);
#13321 = VERTEX_POINT('',#13322);
#13322 = CARTESIAN_POINT('',(-18.86860084533,-1.131369948387,
    -5.888569831848));
#13323 = LINE('',#13324,#13325);
#13324 = CARTESIAN_POINT('',(-15.,-1.170539975166,-5.884709835052));
#13325 = VECTOR('',#13326,1.);
#13326 = DIRECTION('',(-0.999948247267,1.012459056624E-02,
    -9.977242896286E-04));
#13327 = ORIENTED_EDGE('',*,*,#13328,.T.);
#13328 = EDGE_CURVE('',#13321,#13298,#13329,.T.);
#13329 = LINE('',#13330,#13331);
#13330 = CARTESIAN_POINT('',(-18.86860084533,-1.131369948387,
    -5.888569831848));
#13331 = VECTOR('',#13332,1.);
#13332 = DIRECTION('',(0.553678879948,0.828721118485,-8.161498438403E-02
    ));
#13333 = ORIENTED_EDGE('',*,*,#13297,.F.);
#13334 = PLANE('',#13335);
#13335 = AXIS2_PLACEMENT_3D('',#13336,#13337,#13338);
#13336 = CARTESIAN_POINT('',(-16.9944112176,-1.014452347322,
    -5.900083121171));
#13337 = DIRECTION('',(6.165762759034E-07,-9.800931627089E-02,
    -0.995185497243));
#13338 = DIRECTION('',(-3.769865621028E-24,-0.995185497244,
    9.800931627091E-02));
#13339 = ADVANCED_FACE('',(#13340),#13357,.F.);
#13340 = FACE_BOUND('',#13341,.F.);
#13341 = EDGE_LOOP('',(#13342,#13343,#13351));
#13342 = ORIENTED_EDGE('',*,*,#13320,.F.);
#13343 = ORIENTED_EDGE('',*,*,#13344,.T.);
#13344 = EDGE_CURVE('',#11136,#13345,#13347,.T.);
#13345 = VERTEX_POINT('',#13346);
#13346 = CARTESIAN_POINT('',(-18.92729949951,-1.170539975166,
    -5.884709835052));
#13347 = LINE('',#13348,#13349);
#13348 = CARTESIAN_POINT('',(-15.,-1.170539975166,-5.884709835052));
#13349 = VECTOR('',#13350,1.);
#13350 = DIRECTION('',(-1.,0.,0.));
#13351 = ORIENTED_EDGE('',*,*,#13352,.T.);
#13352 = EDGE_CURVE('',#13345,#13321,#13353,.T.);
#13353 = LINE('',#13354,#13355);
#13354 = CARTESIAN_POINT('',(-18.92729949951,-1.170539975166,
    -5.884709835052));
#13355 = VECTOR('',#13356,1.);
#13356 = DIRECTION('',(0.830562767257,0.554240404531,-5.461742973963E-02
    ));
#13357 = PLANE('',#13358);
#13358 = AXIS2_PLACEMENT_3D('',#13359,#13360,#13361);
#13359 = CARTESIAN_POINT('',(-16.96659336876,-1.160732313216,
    -5.885676327721));
#13360 = DIRECTION('',(-0.,-9.806962651029E-02,-0.995179555837));
#13361 = DIRECTION('',(0.,-0.995179555837,9.806962651029E-02));
#13362 = ADVANCED_FACE('',(#13363),#13380,.F.);
#13363 = FACE_BOUND('',#13364,.F.);
#13364 = EDGE_LOOP('',(#13365,#13373,#13374));
#13365 = ORIENTED_EDGE('',*,*,#13366,.F.);
#13366 = EDGE_CURVE('',#13321,#13367,#13369,.T.);
#13367 = VERTEX_POINT('',#13368);
#13368 = CARTESIAN_POINT('',(-19.,-1.219149947166,-4.881999969482));
#13369 = LINE('',#13370,#13371);
#13370 = CARTESIAN_POINT('',(-18.86860084533,-1.131369948387,
    -5.888569831848));
#13371 = VECTOR('',#13372,1.);
#13372 = DIRECTION('',(-0.128961979319,-8.615186616854E-02,
    0.987900128477));
#13373 = ORIENTED_EDGE('',*,*,#13352,.F.);
#13374 = ORIENTED_EDGE('',*,*,#13375,.F.);
#13375 = EDGE_CURVE('',#13367,#13345,#13376,.T.);
#13376 = LINE('',#13377,#13378);
#13377 = CARTESIAN_POINT('',(-19.,-1.219149947166,-4.881999969482));
#13378 = VECTOR('',#13379,1.);
#13379 = DIRECTION('',(7.222981839705E-02,4.829525830321E-02,
    -0.996218059142));
#13380 = PLANE('',#13381);
#13381 = AXIS2_PLACEMENT_3D('',#13382,#13383,#13384);
#13382 = CARTESIAN_POINT('',(-18.94716800452,-1.183844950699,
    -5.401262214047));
#13383 = DIRECTION('',(-0.555065267545,0.831806793857,8.036442795202E-05
    ));
#13384 = DIRECTION('',(0.831806796543,0.555065269337,2.770624699724E-21)
  );
#13385 = ADVANCED_FACE('',(#13386),#13396,.F.);
#13386 = FACE_BOUND('',#13387,.F.);
#13387 = EDGE_LOOP('',(#13388,#13394,#13395));
#13388 = ORIENTED_EDGE('',*,*,#13389,.T.);
#13389 = EDGE_CURVE('',#11128,#13345,#13390,.T.);
#13390 = LINE('',#13391,#13392);
#13391 = CARTESIAN_POINT('',(-15.,-2.296099901199,-5.543280124664));
#13392 = VECTOR('',#13393,1.);
#13393 = DIRECTION('',(-0.957959400801,0.274550161617,
    -8.328262227513E-02));
#13394 = ORIENTED_EDGE('',*,*,#13344,.F.);
#13395 = ORIENTED_EDGE('',*,*,#11135,.F.);
#13396 = PLANE('',#13397);
#13397 = AXIS2_PLACEMENT_3D('',#13398,#13399,#13400);
#13398 = CARTESIAN_POINT('',(-16.7126863223,-1.493162605811,
    -5.786844809124));
#13399 = DIRECTION('',(-0.,-0.290280659642,-0.956941554453));
#13400 = DIRECTION('',(0.,-0.956941554453,0.290280659642));
#13401 = ADVANCED_FACE('',(#13402),#13419,.F.);
#13402 = FACE_BOUND('',#13403,.F.);
#13403 = EDGE_LOOP('',(#13404,#13412,#13418));
#13404 = ORIENTED_EDGE('',*,*,#13405,.T.);
#13405 = EDGE_CURVE('',#11128,#13406,#13408,.T.);
#13406 = VERTEX_POINT('',#13407);
#13407 = CARTESIAN_POINT('',(-19.38769912719,-1.478209972382,
    -5.791379928589));
#13408 = LINE('',#13409,#13410);
#13409 = CARTESIAN_POINT('',(-15.,-2.296099901199,-5.543280124664));
#13410 = VECTOR('',#13411,1.);
#13411 = DIRECTION('',(-0.981551302459,0.182966265832,
    -5.550122709472E-02));
#13412 = ORIENTED_EDGE('',*,*,#13413,.T.);
#13413 = EDGE_CURVE('',#13406,#13345,#13414,.T.);
#13414 = LINE('',#13415,#13416);
#13415 = CARTESIAN_POINT('',(-19.38769912719,-1.478209972382,
    -5.791379928589));
#13416 = VECTOR('',#13417,1.);
#13417 = DIRECTION('',(0.819871973949,0.547893596721,-0.166200339964));
#13418 = ORIENTED_EDGE('',*,*,#13389,.F.);
#13419 = PLANE('',#13420);
#13420 = AXIS2_PLACEMENT_3D('',#13421,#13422,#13423);
#13421 = CARTESIAN_POINT('',(-17.21125656843,-1.783479440745,
    -5.698779313709));
#13422 = DIRECTION('',(-4.016011845919E-07,-0.290281942832,
    -0.956941165206));
#13423 = DIRECTION('',(1.890675576907E-23,-0.956941165206,0.290281942832
    ));
#13424 = ADVANCED_FACE('',(#13425),#13442,.F.);
#13425 = FACE_BOUND('',#13426,.F.);
#13426 = EDGE_LOOP('',(#13427,#13435,#13441));
#13427 = ORIENTED_EDGE('',*,*,#13428,.T.);
#13428 = EDGE_CURVE('',#11128,#13429,#13431,.T.);
#13429 = VERTEX_POINT('',#13430);
#13430 = CARTESIAN_POINT('',(-20.,-1.600000023842,-5.75443983078));
#13431 = LINE('',#13432,#13433);
#13432 = CARTESIAN_POINT('',(-15.,-2.296099901199,-5.543280124664));
#13433 = VECTOR('',#13434,1.);
#13434 = DIRECTION('',(-0.989582217191,0.137769612004,
    -4.179197803187E-02));
#13435 = ORIENTED_EDGE('',*,*,#13436,.T.);
#13436 = EDGE_CURVE('',#13429,#13406,#13437,.T.);
#13437 = LINE('',#13438,#13439);
#13438 = CARTESIAN_POINT('',(-20.,-1.600000023842,-5.75443983078));
#13439 = VECTOR('',#13440,1.);
#13440 = DIRECTION('',(0.979074093583,0.194743286409,-5.906751792382E-02
    ));
#13441 = ORIENTED_EDGE('',*,*,#13405,.F.);
#13442 = PLANE('',#13443);
#13443 = AXIS2_PLACEMENT_3D('',#13444,#13445,#13446);
#13444 = CARTESIAN_POINT('',(-17.50034120632,-1.896024923372,
    -5.664640472045));
#13445 = DIRECTION('',(2.915582095292E-06,-0.290265646745,
    -0.956946108363));
#13446 = DIRECTION('',(-1.202566484843E-22,-0.956946108367,
    0.290265646746));
#13447 = ADVANCED_FACE('',(#13448),#13463,.F.);
#13448 = FACE_BOUND('',#13449,.F.);
#13449 = EDGE_LOOP('',(#13450,#13456,#13457));
#13450 = ORIENTED_EDGE('',*,*,#13451,.T.);
#13451 = EDGE_CURVE('',#11558,#13429,#13452,.T.);
#13452 = LINE('',#13453,#13454);
#13453 = CARTESIAN_POINT('',(-25.,-2.296099901199,-5.543280124664));
#13454 = VECTOR('',#13455,1.);
#13455 = DIRECTION('',(0.989582217191,0.137769612004,-4.179197803187E-02
    ));
#13456 = ORIENTED_EDGE('',*,*,#13428,.F.);
#13457 = ORIENTED_EDGE('',*,*,#13458,.F.);
#13458 = EDGE_CURVE('',#11558,#11128,#13459,.T.);
#13459 = LINE('',#13460,#13461);
#13460 = CARTESIAN_POINT('',(-25.,-2.296099901199,-5.543280124664));
#13461 = VECTOR('',#13462,1.);
#13462 = DIRECTION('',(1.,0.,0.));
#13463 = PLANE('',#13464);
#13464 = AXIS2_PLACEMENT_3D('',#13465,#13466,#13467);
#13465 = CARTESIAN_POINT('',(-20.,-2.121163708228,-5.596346468013));
#13466 = DIRECTION('',(-0.,-0.290284824367,-0.956940291106));
#13467 = DIRECTION('',(0.,-0.956940291106,0.290284824367));
#13468 = ADVANCED_FACE('',(#13469),#13484,.F.);
#13469 = FACE_BOUND('',#13470,.F.);
#13470 = EDGE_LOOP('',(#13471,#13477,#13483));
#13471 = ORIENTED_EDGE('',*,*,#13472,.T.);
#13472 = EDGE_CURVE('',#11558,#12672,#13473,.T.);
#13473 = LINE('',#13474,#13475);
#13474 = CARTESIAN_POINT('',(-25.,-2.296099901199,-5.543280124664));
#13475 = VECTOR('',#13476,1.);
#13476 = DIRECTION('',(0.981551302459,0.182966265832,-5.550122709472E-02
    ));
#13477 = ORIENTED_EDGE('',*,*,#13478,.T.);
#13478 = EDGE_CURVE('',#12672,#13429,#13479,.T.);
#13479 = LINE('',#13480,#13481);
#13480 = CARTESIAN_POINT('',(-20.6123008728,-1.478209972382,
    -5.791379928589));
#13481 = VECTOR('',#13482,1.);
#13482 = DIRECTION('',(0.979074093583,-0.194743286409,5.906751792382E-02
    ));
#13483 = ORIENTED_EDGE('',*,*,#13451,.F.);
#13484 = PLANE('',#13485);
#13485 = AXIS2_PLACEMENT_3D('',#13486,#13487,#13488);
#13486 = CARTESIAN_POINT('',(-22.49965879367,-1.896024923372,
    -5.664640472045));
#13487 = DIRECTION('',(-2.915582095602E-06,-0.290265646745,
    -0.956946108363));
#13488 = DIRECTION('',(-9.889095151893E-23,-0.956946108367,
    0.290265646746));
#13489 = ADVANCED_FACE('',(#13490),#13500,.F.);
#13490 = FACE_BOUND('',#13491,.F.);
#13491 = EDGE_LOOP('',(#13492,#13498,#13499));
#13492 = ORIENTED_EDGE('',*,*,#13493,.T.);
#13493 = EDGE_CURVE('',#11558,#12704,#13494,.T.);
#13494 = LINE('',#13495,#13496);
#13495 = CARTESIAN_POINT('',(-25.,-2.296099901199,-5.543280124664));
#13496 = VECTOR('',#13497,1.);
#13497 = DIRECTION('',(0.957959400801,0.274550161617,-8.328262227513E-02
    ));
#13498 = ORIENTED_EDGE('',*,*,#12712,.T.);
#13499 = ORIENTED_EDGE('',*,*,#13472,.F.);
#13500 = PLANE('',#13501);
#13501 = AXIS2_PLACEMENT_3D('',#13502,#13503,#13504);
#13502 = CARTESIAN_POINT('',(-22.78874343156,-1.783479440745,
    -5.698779313709));
#13503 = DIRECTION('',(4.016011849304E-07,-0.290281942832,
    -0.956941165206));
#13504 = DIRECTION('',(-6.722354215623E-24,-0.956941165206,
    0.290281942832));
#13505 = ADVANCED_FACE('',(#13506),#13511,.F.);
#13506 = FACE_BOUND('',#13507,.F.);
#13507 = EDGE_LOOP('',(#13508,#13509,#13510));
#13508 = ORIENTED_EDGE('',*,*,#13493,.F.);
#13509 = ORIENTED_EDGE('',*,*,#11557,.T.);
#13510 = ORIENTED_EDGE('',*,*,#12867,.F.);
#13511 = PLANE('',#13512);
#13512 = AXIS2_PLACEMENT_3D('',#13513,#13514,#13515);
#13513 = CARTESIAN_POINT('',(-23.28731367769,-1.493162605811,
    -5.786844809124));
#13514 = DIRECTION('',(-0.,-0.290280659642,-0.956941554453));
#13515 = DIRECTION('',(0.,-0.956941554453,0.290280659642));
#13516 = ADVANCED_FACE('',(#13517),#13527,.F.);
#13517 = FACE_BOUND('',#13518,.F.);
#13518 = EDGE_LOOP('',(#13519,#13525,#13526));
#13519 = ORIENTED_EDGE('',*,*,#13520,.T.);
#13520 = EDGE_CURVE('',#13158,#13244,#13521,.T.);
#13521 = LINE('',#13522,#13523);
#13522 = CARTESIAN_POINT('',(-18.86860084533,1.131369948387,
    -5.888569831848));
#13523 = VECTOR('',#13524,1.);
#13524 = DIRECTION('',(-0.128961979319,8.615186616854E-02,0.987900128477
    ));
#13525 = ORIENTED_EDGE('',*,*,#13265,.F.);
#13526 = ORIENTED_EDGE('',*,*,#13181,.F.);
#13527 = PLANE('',#13528);
#13528 = AXIS2_PLACEMENT_3D('',#13529,#13530,#13531);
#13529 = CARTESIAN_POINT('',(-18.94716800452,1.183844950699,
    -5.401262214047));
#13530 = DIRECTION('',(-0.555065267545,-0.831806793857,
    8.036442795211E-05));
#13531 = DIRECTION('',(-0.831806796543,0.555065269337,
    -5.152774503187E-21));
#13532 = ADVANCED_FACE('',(#13533),#13550,.F.);
#13533 = FACE_BOUND('',#13534,.F.);
#13534 = EDGE_LOOP('',(#13535,#13543,#13544));
#13535 = ORIENTED_EDGE('',*,*,#13536,.T.);
#13536 = EDGE_CURVE('',#13537,#12984,#13539,.T.);
#13537 = VERTEX_POINT('',#13538);
#13538 = CARTESIAN_POINT('',(-21.13139915466,1.131369948387,
    -4.908629894257));
#13539 = LINE('',#13540,#13541);
#13540 = CARTESIAN_POINT('',(-21.13139915466,1.131369948387,
    -4.908629894257));
#13541 = VECTOR('',#13542,1.);
#13542 = DIRECTION('',(5.998058649962E-02,4.002546927948E-02,
    -0.997396757089));
#13543 = ORIENTED_EDGE('',*,*,#13030,.F.);
#13544 = ORIENTED_EDGE('',*,*,#13545,.F.);
#13545 = EDGE_CURVE('',#13537,#13023,#13546,.T.);
#13546 = LINE('',#13547,#13548);
#13547 = CARTESIAN_POINT('',(-21.13139915466,1.131369948387,
    -4.908629894257));
#13548 = VECTOR('',#13549,1.);
#13549 = DIRECTION('',(0.480109974562,0.320789647965,-0.816448659797));
#13550 = PLANE('',#13551);
#13551 = AXIS2_PLACEMENT_3D('',#13552,#13553,#13554);
#13552 = CARTESIAN_POINT('',(-20.95150207875,1.251555056321,
    -5.471973541631));
#13553 = DIRECTION('',(0.555614524448,-0.831440014657,4.743175612994E-05
    ));
#13554 = DIRECTION('',(-0.831440015592,-0.555614525073,
    1.699293895567E-21));
#13555 = ADVANCED_FACE('',(#13556),#13573,.F.);
#13556 = FACE_BOUND('',#13557,.F.);
#13557 = EDGE_LOOP('',(#13558,#13559,#13567));
#13558 = ORIENTED_EDGE('',*,*,#13545,.T.);
#13559 = ORIENTED_EDGE('',*,*,#13560,.T.);
#13560 = EDGE_CURVE('',#13023,#13561,#13563,.T.);
#13561 = VERTEX_POINT('',#13562);
#13562 = CARTESIAN_POINT('',(-20.6123008728,1.478209972382,
    -4.803410053253));
#13563 = LINE('',#13564,#13565);
#13564 = CARTESIAN_POINT('',(-20.6123008728,1.478209972382,
    -5.791379928589));
#13565 = VECTOR('',#13566,1.);
#13566 = DIRECTION('',(0.,0.,1.));
#13567 = ORIENTED_EDGE('',*,*,#13568,.T.);
#13568 = EDGE_CURVE('',#13561,#13537,#13569,.T.);
#13569 = LINE('',#13570,#13571);
#13570 = CARTESIAN_POINT('',(-20.6123008728,1.478209972382,
    -4.803410053253));
#13571 = VECTOR('',#13572,1.);
#13572 = DIRECTION('',(-0.819913933322,-0.547832613292,-0.166194373427)
  );
#13573 = PLANE('',#13574);
#13574 = AXIS2_PLACEMENT_3D('',#13575,#13576,#13577);
#13575 = CARTESIAN_POINT('',(-20.77695763429,1.368193127588,
    -5.215035917143));
#13576 = DIRECTION('',(0.555558761782,-0.831477277024,-0.));
#13577 = DIRECTION('',(-0.831477277024,-0.555558761782,0.));
#13578 = ADVANCED_FACE('',(#13579),#13589,.F.);
#13579 = FACE_BOUND('',#13580,.F.);
#13580 = EDGE_LOOP('',(#13581,#13582,#13588));
#13581 = ORIENTED_EDGE('',*,*,#13536,.F.);
#13582 = ORIENTED_EDGE('',*,*,#13583,.T.);
#13583 = EDGE_CURVE('',#13537,#12961,#13584,.T.);
#13584 = LINE('',#13585,#13586);
#13585 = CARTESIAN_POINT('',(-21.13139915466,1.131369948387,
    -4.908629894257));
#13586 = VECTOR('',#13587,1.);
#13587 = DIRECTION('',(0.,0.,-1.));
#13588 = ORIENTED_EDGE('',*,*,#12991,.F.);
#13589 = PLANE('',#13590);
#13590 = AXIS2_PLACEMENT_3D('',#13591,#13592,#13593);
#13591 = CARTESIAN_POINT('',(-21.11622290021,1.141497170238,
    -5.414666300357));
#13592 = DIRECTION('',(0.555068925838,-0.831804356546,-0.));
#13593 = DIRECTION('',(-0.831804356546,-0.555068925838,0.));
#13594 = ADVANCED_FACE('',(#13595),#13605,.F.);
#13595 = FACE_BOUND('',#13596,.F.);
#13596 = EDGE_LOOP('',(#13597,#13598,#13599));
#13597 = ORIENTED_EDGE('',*,*,#13375,.T.);
#13598 = ORIENTED_EDGE('',*,*,#13413,.F.);
#13599 = ORIENTED_EDGE('',*,*,#13600,.T.);
#13600 = EDGE_CURVE('',#13406,#13367,#13601,.T.);
#13601 = LINE('',#13602,#13603);
#13602 = CARTESIAN_POINT('',(-19.38769912719,-1.478209972382,
    -5.791379928589));
#13603 = VECTOR('',#13604,1.);
#13604 = DIRECTION('',(0.379369585748,0.25349423704,0.889842339517));
#13605 = PLANE('',#13606);
#13606 = AXIS2_PLACEMENT_3D('',#13607,#13608,#13609);
#13607 = CARTESIAN_POINT('',(-19.09650974421,-1.283628061025,
    -5.463524799041));
#13608 = DIRECTION('',(-0.555618033857,0.831437670515,2.239206241603E-05
    ));
#13609 = DIRECTION('',(0.831437670724,0.555618033996,-3.196731469857E-22
    ));
#13610 = ADVANCED_FACE('',(#13611),#13628,.F.);
#13611 = FACE_BOUND('',#13612,.F.);
#13612 = EDGE_LOOP('',(#13613,#13621,#13622));
#13613 = ORIENTED_EDGE('',*,*,#13614,.T.);
#13614 = EDGE_CURVE('',#13615,#13367,#13617,.T.);
#13615 = VERTEX_POINT('',#13616);
#13616 = CARTESIAN_POINT('',(-19.38769912719,-1.478209972382,
    -4.803410053253));
#13617 = LINE('',#13618,#13619);
#13618 = CARTESIAN_POINT('',(-19.38769912719,-1.478209972382,
    -4.803410053253));
#13619 = VECTOR('',#13620,1.);
#13620 = DIRECTION('',(0.81989797251,0.547854701061,-0.166200304452));
#13621 = ORIENTED_EDGE('',*,*,#13600,.F.);
#13622 = ORIENTED_EDGE('',*,*,#13623,.T.);
#13623 = EDGE_CURVE('',#13406,#13615,#13624,.T.);
#13624 = LINE('',#13625,#13626);
#13625 = CARTESIAN_POINT('',(-19.38769912719,-1.478209972382,
    -5.791379928589));
#13626 = VECTOR('',#13627,1.);
#13627 = DIRECTION('',(0.,0.,1.));
#13628 = PLANE('',#13629);
#13629 = AXIS2_PLACEMENT_3D('',#13630,#13631,#13632);
#13630 = CARTESIAN_POINT('',(-19.27098763089,-1.400223510577,
    -5.22697088571));
#13631 = DIRECTION('',(-0.555581724263,0.831461933984,0.));
#13632 = DIRECTION('',(0.831461933984,0.555581724263,0.));
#13633 = ADVANCED_FACE('',(#13634),#13651,.F.);
#13634 = FACE_BOUND('',#13635,.F.);
#13635 = EDGE_LOOP('',(#13636,#13644,#13645));
#13636 = ORIENTED_EDGE('',*,*,#13637,.T.);
#13637 = EDGE_CURVE('',#13638,#12961,#13640,.T.);
#13638 = VERTEX_POINT('',#13639);
#13639 = CARTESIAN_POINT('',(-21.22900009155,0.985206007957,
    -4.952960014343));
#13640 = LINE('',#13641,#13642);
#13641 = CARTESIAN_POINT('',(-21.22900009155,0.985206007957,
    -4.952960014343));
#13642 = VECTOR('',#13643,1.);
#13643 = DIRECTION('',(0.10252473181,0.153537653125,-0.982809680681));
#13644 = ORIENTED_EDGE('',*,*,#13583,.F.);
#13645 = ORIENTED_EDGE('',*,*,#13646,.T.);
#13646 = EDGE_CURVE('',#13537,#13638,#13647,.T.);
#13647 = LINE('',#13648,#13649);
#13648 = CARTESIAN_POINT('',(-21.13139915466,1.131369948387,
    -4.908629894257));
#13649 = VECTOR('',#13650,1.);
#13650 = DIRECTION('',(-0.538459757639,-0.806379553798,-0.24456717813));
#13651 = PLANE('',#13652);
#13652 = AXIS2_PLACEMENT_3D('',#13653,#13654,#13655);
#13653 = CARTESIAN_POINT('',(-21.15756943346,1.092178202957,
    -5.368458709194));
#13654 = DIRECTION('',(0.83163433365,-0.555323630953,0.));
#13655 = DIRECTION('',(0.555323630953,0.83163433365,0.));
#13656 = ADVANCED_FACE('',(#13657),#13674,.F.);
#13657 = FACE_BOUND('',#13658,.F.);
#13658 = EDGE_LOOP('',(#13659,#13667,#13668));
#13659 = ORIENTED_EDGE('',*,*,#13660,.T.);
#13660 = EDGE_CURVE('',#13661,#12961,#13663,.T.);
#13661 = VERTEX_POINT('',#13662);
#13662 = CARTESIAN_POINT('',(-21.47820091247,0.61229300499,
    -4.989689826965));
#13663 = LINE('',#13664,#13665);
#13664 = CARTESIAN_POINT('',(-21.47820091247,0.61229300499,
    -4.989689826965));
#13665 = VECTOR('',#13666,1.);
#13666 = DIRECTION('',(0.316889391996,0.474305488041,-0.821349753305));
#13667 = ORIENTED_EDGE('',*,*,#13637,.F.);
#13668 = ORIENTED_EDGE('',*,*,#13669,.T.);
#13669 = EDGE_CURVE('',#13638,#13661,#13670,.T.);
#13670 = LINE('',#13671,#13672);
#13671 = CARTESIAN_POINT('',(-21.22900009155,0.985206007957,
    -4.952960014343));
#13672 = VECTOR('',#13673,1.);
#13673 = DIRECTION('',(-0.553760137291,-0.82866643439,
    -8.161893690786E-02));
#13674 = PLANE('',#13675);
#13675 = AXIS2_PLACEMENT_3D('',#13676,#13677,#13678);
#13676 = CARTESIAN_POINT('',(-21.26608185754,0.92976078515,
    -5.347796715733));
#13677 = DIRECTION('',(0.831443381482,-0.555609484458,
    -6.457668992741E-05));
#13678 = DIRECTION('',(0.555609485616,0.831443383216,1.471826781989E-21)
  );
#13679 = ADVANCED_FACE('',(#13680),#13690,.F.);
#13680 = FACE_BOUND('',#13681,.F.);
#13681 = EDGE_LOOP('',(#13682,#13683,#13689));
#13682 = ORIENTED_EDGE('',*,*,#13660,.F.);
#13683 = ORIENTED_EDGE('',*,*,#13684,.F.);
#13684 = EDGE_CURVE('',#12938,#13661,#13685,.T.);
#13685 = LINE('',#13686,#13687);
#13686 = CARTESIAN_POINT('',(-21.47820091247,0.61229300499,
    -5.939690113068));
#13687 = VECTOR('',#13688,1.);
#13688 = DIRECTION('',(0.,0.,1.));
#13689 = ORIENTED_EDGE('',*,*,#12968,.F.);
#13690 = PLANE('',#13691);
#13691 = AXIS2_PLACEMENT_3D('',#13692,#13693,#13694);
#13692 = CARTESIAN_POINT('',(-21.36647959877,0.779512336272,
    -5.559621226804));
#13693 = DIRECTION('',(0.831495042081,-0.555532172781,0.));
#13694 = DIRECTION('',(0.555532172781,0.831495042081,0.));
#13695 = ADVANCED_FACE('',(#13696),#13701,.F.);
#13696 = FACE_BOUND('',#13697,.F.);
#13697 = EDGE_LOOP('',(#13698,#13699,#13700));
#13698 = ORIENTED_EDGE('',*,*,#12703,.F.);
#13699 = ORIENTED_EDGE('',*,*,#12861,.F.);
#13700 = ORIENTED_EDGE('',*,*,#12765,.F.);
#13701 = PLANE('',#13702);
#13702 = AXIS2_PLACEMENT_3D('',#13703,#13704,#13705);
#13703 = CARTESIAN_POINT('',(-21.11622290021,-1.141497170238,
    -5.414666300357));
#13704 = DIRECTION('',(0.555068925838,0.831804356546,0.));
#13705 = DIRECTION('',(0.831804356546,-0.555068925838,0.));
#13706 = ADVANCED_FACE('',(#13707),#13724,.F.);
#13707 = FACE_BOUND('',#13708,.F.);
#13708 = EDGE_LOOP('',(#13709,#13717,#13723));
#13709 = ORIENTED_EDGE('',*,*,#13710,.T.);
#13710 = EDGE_CURVE('',#13615,#13711,#13713,.T.);
#13711 = VERTEX_POINT('',#13712);
#13712 = CARTESIAN_POINT('',(-19.,-1.932549953461,-4.665589809418));
#13713 = LINE('',#13714,#13715);
#13714 = CARTESIAN_POINT('',(-19.38769912719,-1.478209972382,
    -4.803410053253));
#13715 = VECTOR('',#13716,1.);
#13716 = DIRECTION('',(0.632494819919,-0.741213132441,0.224840821634));
#13717 = ORIENTED_EDGE('',*,*,#13718,.T.);
#13718 = EDGE_CURVE('',#13711,#13367,#13719,.T.);
#13719 = LINE('',#13720,#13721);
#13720 = CARTESIAN_POINT('',(-19.,-1.932549953461,-4.665589809418));
#13721 = VECTOR('',#13722,1.);
#13722 = DIRECTION('',(0.,0.956939354233,-0.290287912804));
#13723 = ORIENTED_EDGE('',*,*,#13614,.F.);
#13724 = PLANE('',#13725);
#13725 = AXIS2_PLACEMENT_3D('',#13726,#13727,#13728);
#13726 = CARTESIAN_POINT('',(-19.11493697031,-1.560548282333,
    -4.778435482145));
#13727 = DIRECTION('',(9.774783142533E-06,0.29028791279,0.956939354187)
  );
#13728 = DIRECTION('',(1.15308178626E-22,0.956939354233,-0.290287912804)
  );
#13729 = ADVANCED_FACE('',(#13730),#13747,.F.);
#13730 = FACE_BOUND('',#13731,.F.);
#13731 = EDGE_LOOP('',(#13732,#13740,#13741));
#13732 = ORIENTED_EDGE('',*,*,#13733,.T.);
#13733 = EDGE_CURVE('',#13734,#13711,#13736,.T.);
#13734 = VERTEX_POINT('',#13735);
#13735 = CARTESIAN_POINT('',(-20.,-1.600000023842,-4.766469955444));
#13736 = LINE('',#13737,#13738);
#13737 = CARTESIAN_POINT('',(-20.,-1.600000023842,-4.766469955444));
#13738 = VECTOR('',#13739,1.);
#13739 = DIRECTION('',(0.944588112921,-0.314122710471,9.529018676652E-02
    ));
#13740 = ORIENTED_EDGE('',*,*,#13710,.F.);
#13741 = ORIENTED_EDGE('',*,*,#13742,.F.);
#13742 = EDGE_CURVE('',#13734,#13615,#13743,.T.);
#13743 = LINE('',#13744,#13745);
#13744 = CARTESIAN_POINT('',(-20.,-1.600000023842,-4.766469955444));
#13745 = VECTOR('',#13746,1.);
#13746 = DIRECTION('',(0.979074093583,0.194743286409,-5.906751792382E-02
    ));
#13747 = PLANE('',#13748);
#13748 = AXIS2_PLACEMENT_3D('',#13749,#13750,#13751);
#13749 = CARTESIAN_POINT('',(-19.47108019773,-1.688175469677,
    -4.739720199956));
#13750 = DIRECTION('',(-5.208755560698E-06,0.290276204363,0.956942905901
    ));
#13751 = DIRECTION('',(-8.380362439118E-24,0.956942905914,
    -0.290276204367));
#13752 = ADVANCED_FACE('',(#13753),#13763,.F.);
#13753 = FACE_BOUND('',#13754,.F.);
#13754 = EDGE_LOOP('',(#13755,#13756,#13762));
#13755 = ORIENTED_EDGE('',*,*,#12801,.F.);
#13756 = ORIENTED_EDGE('',*,*,#13757,.F.);
#13757 = EDGE_CURVE('',#12682,#12108,#13758,.T.);
#13758 = LINE('',#13759,#13760);
#13759 = CARTESIAN_POINT('',(-20.6123008728,-1.478209972382,
    -4.803410053253));
#13760 = VECTOR('',#13761,1.);
#13761 = DIRECTION('',(-0.98079781682,-0.186629737583,5.661257430962E-02
    ));
#13762 = ORIENTED_EDGE('',*,*,#12681,.F.);
#13763 = PLANE('',#13764);
#13764 = AXIS2_PLACEMENT_3D('',#13765,#13766,#13767);
#13765 = CARTESIAN_POINT('',(-21.79440737656,-1.58637816809,
    -4.770600442464));
#13766 = DIRECTION('',(-3.601016617946E-06,0.290297604394,0.956936414225
    ));
#13767 = DIRECTION('',(-3.128363072771E-23,0.956936414231,
    -0.290297604396));
#13768 = ADVANCED_FACE('',(#13769),#13784,.F.);
#13769 = FACE_BOUND('',#13770,.F.);
#13770 = EDGE_LOOP('',(#13771,#13777,#13783));
#13771 = ORIENTED_EDGE('',*,*,#13772,.T.);
#13772 = EDGE_CURVE('',#12108,#13734,#13773,.T.);
#13773 = LINE('',#13774,#13775);
#13774 = CARTESIAN_POINT('',(-23.,-1.932549953461,-4.665589809418));
#13775 = VECTOR('',#13776,1.);
#13776 = DIRECTION('',(0.99335753788,0.110113659769,-3.340335115933E-02)
  );
#13777 = ORIENTED_EDGE('',*,*,#13778,.F.);
#13778 = EDGE_CURVE('',#12682,#13734,#13779,.T.);
#13779 = LINE('',#13780,#13781);
#13780 = CARTESIAN_POINT('',(-20.6123008728,-1.478209972382,
    -4.803410053253));
#13781 = VECTOR('',#13782,1.);
#13782 = DIRECTION('',(0.979074093583,-0.194743286409,5.906751792382E-02
    ));
#13783 = ORIENTED_EDGE('',*,*,#13757,.T.);
#13784 = PLANE('',#13785);
#13785 = AXIS2_PLACEMENT_3D('',#13786,#13787,#13788);
#13786 = CARTESIAN_POINT('',(-21.49978418036,-1.718524987291,
    -4.730513666585));
#13787 = DIRECTION('',(2.978941344809E-06,0.290265938447,0.956946019882)
  );
#13788 = DIRECTION('',(2.226037029837E-22,0.956946019887,-0.290265938448
    ));
#13789 = ADVANCED_FACE('',(#13790),#13800,.F.);
#13790 = FACE_BOUND('',#13791,.F.);
#13791 = EDGE_LOOP('',(#13792,#13793,#13799));
#13792 = ORIENTED_EDGE('',*,*,#13772,.F.);
#13793 = ORIENTED_EDGE('',*,*,#13794,.T.);
#13794 = EDGE_CURVE('',#12108,#13711,#13795,.T.);
#13795 = LINE('',#13796,#13797);
#13796 = CARTESIAN_POINT('',(-23.,-1.932549953461,-4.665589809418));
#13797 = VECTOR('',#13798,1.);
#13798 = DIRECTION('',(1.,0.,0.));
#13799 = ORIENTED_EDGE('',*,*,#13733,.F.);
#13800 = PLANE('',#13801);
#13801 = AXIS2_PLACEMENT_3D('',#13802,#13803,#13804);
#13802 = CARTESIAN_POINT('',(-20.99034953806,-1.848602337786,
    -4.691055602592));
#13803 = DIRECTION('',(0.,0.290290547572,0.956938554971));
#13804 = DIRECTION('',(0.,0.956938554971,-0.290290547572));
#13805 = ADVANCED_FACE('',(#13806),#13821,.F.);
#13806 = FACE_BOUND('',#13807,.F.);
#13807 = EDGE_LOOP('',(#13808,#13814,#13815));
#13808 = ORIENTED_EDGE('',*,*,#13809,.T.);
#13809 = EDGE_CURVE('',#12132,#13661,#13810,.T.);
#13810 = LINE('',#13811,#13812);
#13811 = CARTESIAN_POINT('',(-23.,0.985206007957,-4.952960014343));
#13812 = VECTOR('',#13813,1.);
#13813 = DIRECTION('',(0.970996990531,-0.237940347435,
    -2.343577270559E-02));
#13814 = ORIENTED_EDGE('',*,*,#13669,.F.);
#13815 = ORIENTED_EDGE('',*,*,#13816,.T.);
#13816 = EDGE_CURVE('',#13638,#12132,#13817,.T.);
#13817 = LINE('',#13818,#13819);
#13818 = CARTESIAN_POINT('',(-21.22900009155,0.985206007957,
    -4.952960014343));
#13819 = VECTOR('',#13820,1.);
#13820 = DIRECTION('',(-1.,0.,0.));
#13821 = PLANE('',#13822);
#13822 = AXIS2_PLACEMENT_3D('',#13823,#13824,#13825);
#13823 = CARTESIAN_POINT('',(-22.07566006853,0.885917120099,
    -4.96273940583));
#13824 = DIRECTION('',(0.,-9.802001497593E-02,0.99518444354));
#13825 = DIRECTION('',(0.,0.99518444354,9.802001497593E-02));
#13826 = ADVANCED_FACE('',(#13827),#13837,.F.);
#13827 = FACE_BOUND('',#13828,.F.);
#13828 = EDGE_LOOP('',(#13829,#13835,#13836));
#13829 = ORIENTED_EDGE('',*,*,#13830,.T.);
#13830 = EDGE_CURVE('',#12124,#13661,#13831,.T.);
#13831 = LINE('',#13832,#13833);
#13832 = CARTESIAN_POINT('',(-23.,0.,-5.050000190735));
#13833 = VECTOR('',#13834,1.);
#13834 = DIRECTION('',(0.927097211671,0.373015822065,3.674175556021E-02)
  );
#13835 = ORIENTED_EDGE('',*,*,#13809,.F.);
#13836 = ORIENTED_EDGE('',*,*,#12131,.F.);
#13837 = PLANE('',#13838);
#13838 = AXIS2_PLACEMENT_3D('',#13839,#13840,#13841);
#13839 = CARTESIAN_POINT('',(-22.41850633366,0.533984265711,
    -4.997403727012));
#13840 = DIRECTION('',(-7.377963124463E-07,-9.80229968779E-02,
    0.995184149835));
#13841 = DIRECTION('',(7.832201602808E-24,0.995184149835,
    9.802299687793E-02));
#13842 = ADVANCED_FACE('',(#13843),#13860,.F.);
#13843 = FACE_BOUND('',#13844,.F.);
#13844 = EDGE_LOOP('',(#13845,#13846,#13854));
#13845 = ORIENTED_EDGE('',*,*,#13830,.F.);
#13846 = ORIENTED_EDGE('',*,*,#13847,.T.);
#13847 = EDGE_CURVE('',#12124,#13848,#13850,.T.);
#13848 = VERTEX_POINT('',#13849);
#13849 = CARTESIAN_POINT('',(-21.60000038147,0.,-5.050000190735));
#13850 = LINE('',#13851,#13852);
#13851 = CARTESIAN_POINT('',(-23.,0.,-5.050000190735));
#13852 = VECTOR('',#13853,1.);
#13853 = DIRECTION('',(1.,0.,0.));
#13854 = ORIENTED_EDGE('',*,*,#13855,.F.);
#13855 = EDGE_CURVE('',#13661,#13848,#13856,.T.);
#13856 = LINE('',#13857,#13858);
#13857 = CARTESIAN_POINT('',(-21.47820091247,0.61229300499,
    -4.989689826965));
#13858 = VECTOR('',#13859,1.);
#13859 = DIRECTION('',(-0.194196733515,-0.976238258714,
    -9.615867571405E-02));
#13860 = PLANE('',#13861);
#13861 = AXIS2_PLACEMENT_3D('',#13862,#13863,#13864);
#13862 = CARTESIAN_POINT('',(-22.14266812592,0.189317824643,
    -5.031352538746));
#13863 = DIRECTION('',(0.,-9.802481298431E-02,0.995183970952));
#13864 = DIRECTION('',(0.,0.995183970952,9.802481298431E-02));
#13865 = ADVANCED_FACE('',(#13866),#13883,.F.);
#13866 = FACE_BOUND('',#13867,.F.);
#13867 = EDGE_LOOP('',(#13868,#13876,#13877));
#13868 = ORIENTED_EDGE('',*,*,#13869,.T.);
#13869 = EDGE_CURVE('',#13870,#13236,#13872,.T.);
#13870 = VERTEX_POINT('',#13871);
#13871 = CARTESIAN_POINT('',(-19.,1.932549953461,-4.665589809418));
#13872 = LINE('',#13873,#13874);
#13873 = CARTESIAN_POINT('',(-19.,1.932549953461,-4.665589809418));
#13874 = VECTOR('',#13875,1.);
#13875 = DIRECTION('',(-0.632494819919,-0.741213132441,-0.224840821634)
  );
#13876 = ORIENTED_EDGE('',*,*,#13251,.F.);
#13877 = ORIENTED_EDGE('',*,*,#13878,.T.);
#13878 = EDGE_CURVE('',#13244,#13870,#13879,.T.);
#13879 = LINE('',#13880,#13881);
#13880 = CARTESIAN_POINT('',(-19.,1.219149947166,-4.881999969482));
#13881 = VECTOR('',#13882,1.);
#13882 = DIRECTION('',(0.,0.956939354233,0.290287912804));
#13883 = PLANE('',#13884);
#13884 = AXIS2_PLACEMENT_3D('',#13885,#13886,#13887);
#13885 = CARTESIAN_POINT('',(-19.11493697031,1.560548282333,
    -4.778435482145));
#13886 = DIRECTION('',(9.774783142492E-06,-0.29028791279,0.956939354187)
  );
#13887 = DIRECTION('',(-3.234124496167E-22,0.956939354233,0.290287912804
    ));
#13888 = ADVANCED_FACE('',(#13889),#13906,.F.);
#13889 = FACE_BOUND('',#13890,.F.);
#13890 = EDGE_LOOP('',(#13891,#13899,#13905));
#13891 = ORIENTED_EDGE('',*,*,#13892,.T.);
#13892 = EDGE_CURVE('',#13870,#13893,#13895,.T.);
#13893 = VERTEX_POINT('',#13894);
#13894 = CARTESIAN_POINT('',(-20.,1.600000023842,-4.766469955444));
#13895 = LINE('',#13896,#13897);
#13896 = CARTESIAN_POINT('',(-19.,1.932549953461,-4.665589809418));
#13897 = VECTOR('',#13898,1.);
#13898 = DIRECTION('',(-0.944588112921,-0.314122710471,
    -9.529018676652E-02));
#13899 = ORIENTED_EDGE('',*,*,#13900,.F.);
#13900 = EDGE_CURVE('',#13236,#13893,#13901,.T.);
#13901 = LINE('',#13902,#13903);
#13902 = CARTESIAN_POINT('',(-19.38769912719,1.478209972382,
    -4.803410053253));
#13903 = VECTOR('',#13904,1.);
#13904 = DIRECTION('',(-0.979074093583,0.194743286409,5.906751792382E-02
    ));
#13905 = ORIENTED_EDGE('',*,*,#13869,.F.);
#13906 = PLANE('',#13907);
#13907 = AXIS2_PLACEMENT_3D('',#13908,#13909,#13910);
#13908 = CARTESIAN_POINT('',(-19.47108019773,1.688175469677,
    -4.739720199956));
#13909 = DIRECTION('',(-5.208755560698E-06,-0.290276204363,
    0.956942905901));
#13910 = DIRECTION('',(8.380362439118E-24,0.956942905914,0.290276204367)
  );
#13911 = ADVANCED_FACE('',(#13912),#13927,.F.);
#13912 = FACE_BOUND('',#13913,.F.);
#13913 = EDGE_LOOP('',(#13914,#13920,#13921));
#13914 = ORIENTED_EDGE('',*,*,#13915,.T.);
#13915 = EDGE_CURVE('',#12140,#13893,#13916,.T.);
#13916 = LINE('',#13917,#13918);
#13917 = CARTESIAN_POINT('',(-23.,1.932549953461,-4.665589809418));
#13918 = VECTOR('',#13919,1.);
#13919 = DIRECTION('',(0.99335753788,-0.110113659769,-3.340335115933E-02
    ));
#13920 = ORIENTED_EDGE('',*,*,#13892,.F.);
#13921 = ORIENTED_EDGE('',*,*,#13922,.F.);
#13922 = EDGE_CURVE('',#12140,#13870,#13923,.T.);
#13923 = LINE('',#13924,#13925);
#13924 = CARTESIAN_POINT('',(-23.,1.932549953461,-4.665589809418));
#13925 = VECTOR('',#13926,1.);
#13926 = DIRECTION('',(1.,0.,0.));
#13927 = PLANE('',#13928);
#13928 = AXIS2_PLACEMENT_3D('',#13929,#13930,#13931);
#13929 = CARTESIAN_POINT('',(-20.99034953806,1.848602337786,
    -4.691055602592));
#13930 = DIRECTION('',(0.,-0.290290547572,0.956938554971));
#13931 = DIRECTION('',(0.,0.956938554971,0.290290547572));
#13932 = ADVANCED_FACE('',(#13933),#13948,.F.);
#13933 = FACE_BOUND('',#13934,.F.);
#13934 = EDGE_LOOP('',(#13935,#13936,#13942));
#13935 = ORIENTED_EDGE('',*,*,#13915,.F.);
#13936 = ORIENTED_EDGE('',*,*,#13937,.T.);
#13937 = EDGE_CURVE('',#12140,#13561,#13938,.T.);
#13938 = LINE('',#13939,#13940);
#13939 = CARTESIAN_POINT('',(-23.,1.932549953461,-4.665589809418));
#13940 = VECTOR('',#13941,1.);
#13941 = DIRECTION('',(0.98079781682,-0.186629737583,-5.661257430962E-02
    ));
#13942 = ORIENTED_EDGE('',*,*,#13943,.F.);
#13943 = EDGE_CURVE('',#13893,#13561,#13944,.T.);
#13944 = LINE('',#13945,#13946);
#13945 = CARTESIAN_POINT('',(-20.,1.600000023842,-4.766469955444));
#13946 = VECTOR('',#13947,1.);
#13947 = DIRECTION('',(-0.979074093583,-0.194743286409,
    -5.906751792382E-02));
#13948 = PLANE('',#13949);
#13949 = AXIS2_PLACEMENT_3D('',#13950,#13951,#13952);
#13950 = CARTESIAN_POINT('',(-21.49978418036,1.718524987291,
    -4.730513666585));
#13951 = DIRECTION('',(2.978941344862E-06,-0.290265938447,0.956946019882
    ));
#13952 = DIRECTION('',(-1.544354290002E-22,0.956946019887,0.290265938448
    ));
#13953 = ADVANCED_FACE('',(#13954),#13964,.F.);
#13954 = FACE_BOUND('',#13955,.F.);
#13955 = EDGE_LOOP('',(#13956,#13962,#13963));
#13956 = ORIENTED_EDGE('',*,*,#13957,.T.);
#13957 = EDGE_CURVE('',#12140,#13537,#13958,.T.);
#13958 = LINE('',#13959,#13960);
#13959 = CARTESIAN_POINT('',(-23.,1.932549953461,-4.665589809418));
#13960 = VECTOR('',#13961,1.);
#13961 = DIRECTION('',(0.912585213014,-0.391279404276,-0.11869564768));
#13962 = ORIENTED_EDGE('',*,*,#13568,.F.);
#13963 = ORIENTED_EDGE('',*,*,#13937,.F.);
#13964 = PLANE('',#13965);
#13965 = AXIS2_PLACEMENT_3D('',#13966,#13967,#13968);
#13966 = CARTESIAN_POINT('',(-21.79440737656,1.58637816809,
    -4.770600442464));
#13967 = DIRECTION('',(-3.601016617812E-06,-0.290297604394,
    0.956936414225));
#13968 = DIRECTION('',(4.803970835262E-23,0.956936414231,0.290297604396)
  );
#13969 = ADVANCED_FACE('',(#13970),#13980,.F.);
#13970 = FACE_BOUND('',#13971,.F.);
#13971 = EDGE_LOOP('',(#13972,#13978,#13979));
#13972 = ORIENTED_EDGE('',*,*,#13973,.T.);
#13973 = EDGE_CURVE('',#12140,#13638,#13974,.T.);
#13974 = LINE('',#13975,#13976);
#13975 = CARTESIAN_POINT('',(-23.,1.932549953461,-4.665589809418));
#13976 = VECTOR('',#13977,1.);
#13977 = DIRECTION('',(0.872881688634,-0.466922205317,-0.1416376074));
#13978 = ORIENTED_EDGE('',*,*,#13646,.F.);
#13979 = ORIENTED_EDGE('',*,*,#13957,.F.);
#13980 = PLANE('',#13981);
#13981 = AXIS2_PLACEMENT_3D('',#13982,#13983,#13984);
#13982 = CARTESIAN_POINT('',(-22.05125691398,1.47696993099,
    -4.80378885876));
#13983 = DIRECTION('',(1.98589205637E-05,-0.290247499006,0.956951612636)
  );
#13984 = DIRECTION('',(2.272815992591E-22,0.956951612825,0.290247499063)
  );
#13985 = ADVANCED_FACE('',(#13986),#13991,.F.);
#13986 = FACE_BOUND('',#13987,.F.);
#13987 = EDGE_LOOP('',(#13988,#13989,#13990));
#13988 = ORIENTED_EDGE('',*,*,#13973,.F.);
#13989 = ORIENTED_EDGE('',*,*,#12139,.F.);
#13990 = ORIENTED_EDGE('',*,*,#13816,.F.);
#13991 = PLANE('',#13992);
#13992 = AXIS2_PLACEMENT_3D('',#13993,#13994,#13995);
#13993 = CARTESIAN_POINT('',(-22.29751478721,1.283743615978,
    -4.86240070481));
#13994 = DIRECTION('',(0.,-0.290281495972,0.956941300758));
#13995 = DIRECTION('',(0.,0.956941300758,0.290281495972));
#13996 = ADVANCED_FACE('',(#13997),#14012,.F.);
#13997 = FACE_BOUND('',#13998,.F.);
#13998 = EDGE_LOOP('',(#13999,#14005,#14011));
#13999 = ORIENTED_EDGE('',*,*,#14000,.T.);
#14000 = EDGE_CURVE('',#12124,#12729,#14001,.T.);
#14001 = LINE('',#14002,#14003);
#14002 = CARTESIAN_POINT('',(-23.,0.,-5.050000190735));
#14003 = VECTOR('',#14004,1.);
#14004 = DIRECTION('',(0.927097211671,-0.373015822065,3.674175556021E-02
    ));
#14005 = ORIENTED_EDGE('',*,*,#14006,.F.);
#14006 = EDGE_CURVE('',#13848,#12729,#14007,.T.);
#14007 = LINE('',#14008,#14009);
#14008 = CARTESIAN_POINT('',(-21.60000038147,0.,-5.050000190735));
#14009 = VECTOR('',#14010,1.);
#14010 = DIRECTION('',(0.194196733515,-0.976238258714,9.615867571405E-02
    ));
#14011 = ORIENTED_EDGE('',*,*,#13847,.F.);
#14012 = PLANE('',#14013);
#14013 = AXIS2_PLACEMENT_3D('',#14014,#14015,#14016);
#14014 = CARTESIAN_POINT('',(-22.14266812592,-0.189317824643,
    -5.031352538746));
#14015 = DIRECTION('',(0.,9.802481298431E-02,0.995183970952));
#14016 = DIRECTION('',(0.,0.995183970952,-9.802481298431E-02));
#14017 = ADVANCED_FACE('',(#14018),#14028,.F.);
#14018 = FACE_BOUND('',#14019,.F.);
#14019 = EDGE_LOOP('',(#14020,#14026,#14027));
#14020 = ORIENTED_EDGE('',*,*,#14021,.T.);
#14021 = EDGE_CURVE('',#12116,#12729,#14022,.T.);
#14022 = LINE('',#14023,#14024);
#14023 = CARTESIAN_POINT('',(-23.,-0.985206007957,-4.952960014343));
#14024 = VECTOR('',#14025,1.);
#14025 = DIRECTION('',(0.970996990531,0.237940347435,-2.343577270559E-02
    ));
#14026 = ORIENTED_EDGE('',*,*,#14000,.F.);
#14027 = ORIENTED_EDGE('',*,*,#12123,.F.);
#14028 = PLANE('',#14029);
#14029 = AXIS2_PLACEMENT_3D('',#14030,#14031,#14032);
#14030 = CARTESIAN_POINT('',(-22.41850633366,-0.533984265711,
    -4.997403727012));
#14031 = DIRECTION('',(-7.377963124471E-07,9.80229968779E-02,
    0.995184149835));
#14032 = DIRECTION('',(-8.527753431591E-25,0.995184149835,
    -9.802299687793E-02));
#14033 = ADVANCED_FACE('',(#14034),#14039,.F.);
#14034 = FACE_BOUND('',#14035,.F.);
#14035 = EDGE_LOOP('',(#14036,#14037,#14038));
#14036 = ORIENTED_EDGE('',*,*,#14021,.F.);
#14037 = ORIENTED_EDGE('',*,*,#12785,.F.);
#14038 = ORIENTED_EDGE('',*,*,#12736,.F.);
#14039 = PLANE('',#14040);
#14040 = AXIS2_PLACEMENT_3D('',#14041,#14042,#14043);
#14041 = CARTESIAN_POINT('',(-22.07566006853,-0.885917120099,
    -4.96273940583));
#14042 = DIRECTION('',(0.,9.802001497593E-02,0.99518444354));
#14043 = DIRECTION('',(0.,0.99518444354,-9.802001497593E-02));
#14044 = ADVANCED_FACE('',(#14045),#14070,.F.);
#14045 = FACE_BOUND('',#14046,.F.);
#14046 = EDGE_LOOP('',(#14047,#14055,#14056,#14064));
#14047 = ORIENTED_EDGE('',*,*,#14048,.T.);
#14048 = EDGE_CURVE('',#14049,#12172,#14051,.T.);
#14049 = VERTEX_POINT('',#14050);
#14050 = CARTESIAN_POINT('',(-19.,4.665589809418,-1.932549953461));
#14051 = LINE('',#14052,#14053);
#14052 = CARTESIAN_POINT('',(-19.,4.665589809418,-1.932549953461));
#14053 = VECTOR('',#14054,1.);
#14054 = DIRECTION('',(-1.,0.,0.));
#14055 = ORIENTED_EDGE('',*,*,#12171,.F.);
#14056 = ORIENTED_EDGE('',*,*,#14057,.T.);
#14057 = EDGE_CURVE('',#12164,#14058,#14060,.T.);
#14058 = VERTEX_POINT('',#14059);
#14059 = CARTESIAN_POINT('',(-19.,4.198919773102,-2.805629968643));
#14060 = LINE('',#14061,#14062);
#14061 = CARTESIAN_POINT('',(-23.,4.198919773102,-2.805629968643));
#14062 = VECTOR('',#14063,1.);
#14063 = DIRECTION('',(1.,0.,0.));
#14064 = ORIENTED_EDGE('',*,*,#14065,.T.);
#14065 = EDGE_CURVE('',#14058,#14049,#14066,.T.);
#14066 = LINE('',#14067,#14068);
#14067 = CARTESIAN_POINT('',(-19.,4.198919773102,-2.805629968643));
#14068 = VECTOR('',#14069,1.);
#14069 = DIRECTION('',(0.,0.47139598701,0.881921665133));
#14070 = PLANE('',#14071);
#14071 = AXIS2_PLACEMENT_3D('',#14072,#14073,#14074);
#14072 = CARTESIAN_POINT('',(-21.,4.43225479126,-2.369089961052));
#14073 = DIRECTION('',(-0.,-0.881921665133,0.47139598701));
#14074 = DIRECTION('',(0.,-0.47139598701,-0.881921665133));
#14075 = ADVANCED_FACE('',(#14076),#14094,.F.);
#14076 = FACE_BOUND('',#14077,.F.);
#14077 = EDGE_LOOP('',(#14078,#14079,#14080,#14088));
#14078 = ORIENTED_EDGE('',*,*,#14057,.F.);
#14079 = ORIENTED_EDGE('',*,*,#12163,.F.);
#14080 = ORIENTED_EDGE('',*,*,#14081,.T.);
#14081 = EDGE_CURVE('',#12156,#14082,#14084,.T.);
#14082 = VERTEX_POINT('',#14083);
#14083 = CARTESIAN_POINT('',(-19.,3.570889949799,-3.570889949799));
#14084 = LINE('',#14085,#14086);
#14085 = CARTESIAN_POINT('',(-23.,3.570889949799,-3.570889949799));
#14086 = VECTOR('',#14087,1.);
#14087 = DIRECTION('',(1.,0.,0.));
#14088 = ORIENTED_EDGE('',*,*,#14089,.T.);
#14089 = EDGE_CURVE('',#14082,#14058,#14090,.T.);
#14090 = LINE('',#14091,#14092);
#14091 = CARTESIAN_POINT('',(-19.,3.570889949799,-3.570889949799));
#14092 = VECTOR('',#14093,1.);
#14093 = DIRECTION('',(0.,0.634391586421,0.773011846661));
#14094 = PLANE('',#14095);
#14095 = AXIS2_PLACEMENT_3D('',#14096,#14097,#14098);
#14096 = CARTESIAN_POINT('',(-21.,3.88490486145,-3.188259959221));
#14097 = DIRECTION('',(-0.,-0.773011846661,0.634391586421));
#14098 = DIRECTION('',(0.,-0.634391586421,-0.773011846661));
#14099 = ADVANCED_FACE('',(#14100),#14118,.F.);
#14100 = FACE_BOUND('',#14101,.F.);
#14101 = EDGE_LOOP('',(#14102,#14110,#14111,#14112));
#14102 = ORIENTED_EDGE('',*,*,#14103,.T.);
#14103 = EDGE_CURVE('',#14104,#14082,#14106,.T.);
#14104 = VERTEX_POINT('',#14105);
#14105 = CARTESIAN_POINT('',(-19.,2.805629968643,-4.198919773102));
#14106 = LINE('',#14107,#14108);
#14107 = CARTESIAN_POINT('',(-19.,2.805629968643,-4.198919773102));
#14108 = VECTOR('',#14109,1.);
#14109 = DIRECTION('',(0.,0.773011846661,0.634391586421));
#14110 = ORIENTED_EDGE('',*,*,#14081,.F.);
#14111 = ORIENTED_EDGE('',*,*,#12155,.F.);
#14112 = ORIENTED_EDGE('',*,*,#14113,.F.);
#14113 = EDGE_CURVE('',#14104,#12148,#14114,.T.);
#14114 = LINE('',#14115,#14116);
#14115 = CARTESIAN_POINT('',(-19.,2.805629968643,-4.198919773102));
#14116 = VECTOR('',#14117,1.);
#14117 = DIRECTION('',(-1.,0.,0.));
#14118 = PLANE('',#14119);
#14119 = AXIS2_PLACEMENT_3D('',#14120,#14121,#14122);
#14120 = CARTESIAN_POINT('',(-21.,3.188259959221,-3.88490486145));
#14121 = DIRECTION('',(0.,-0.634391586421,0.773011846661));
#14122 = DIRECTION('',(0.,0.773011846661,0.634391586421));
#14123 = ADVANCED_FACE('',(#14124),#14149,.F.);
#14124 = FACE_BOUND('',#14125,.F.);
#14125 = EDGE_LOOP('',(#14126,#14134,#14135,#14143));
#14126 = ORIENTED_EDGE('',*,*,#14127,.T.);
#14127 = EDGE_CURVE('',#14128,#12212,#14130,.T.);
#14128 = VERTEX_POINT('',#14129);
#14129 = CARTESIAN_POINT('',(-19.,4.198919773102,2.805629968643));
#14130 = LINE('',#14131,#14132);
#14131 = CARTESIAN_POINT('',(-19.,4.198919773102,2.805629968643));
#14132 = VECTOR('',#14133,1.);
#14133 = DIRECTION('',(-1.,0.,0.));
#14134 = ORIENTED_EDGE('',*,*,#12211,.F.);
#14135 = ORIENTED_EDGE('',*,*,#14136,.T.);
#14136 = EDGE_CURVE('',#12204,#14137,#14139,.T.);
#14137 = VERTEX_POINT('',#14138);
#14138 = CARTESIAN_POINT('',(-19.,4.665589809418,1.932549953461));
#14139 = LINE('',#14140,#14141);
#14140 = CARTESIAN_POINT('',(-23.,4.665589809418,1.932549953461));
#14141 = VECTOR('',#14142,1.);
#14142 = DIRECTION('',(1.,0.,0.));
#14143 = ORIENTED_EDGE('',*,*,#14144,.T.);
#14144 = EDGE_CURVE('',#14137,#14128,#14145,.T.);
#14145 = LINE('',#14146,#14147);
#14146 = CARTESIAN_POINT('',(-19.,4.665589809418,1.932549953461));
#14147 = VECTOR('',#14148,1.);
#14148 = DIRECTION('',(0.,-0.47139598701,0.881921665133));
#14149 = PLANE('',#14150);
#14150 = AXIS2_PLACEMENT_3D('',#14151,#14152,#14153);
#14151 = CARTESIAN_POINT('',(-21.,4.43225479126,2.369089961052));
#14152 = DIRECTION('',(-0.,-0.881921665133,-0.47139598701));
#14153 = DIRECTION('',(0.,0.47139598701,-0.881921665133));
#14154 = ADVANCED_FACE('',(#14155),#14173,.F.);
#14155 = FACE_BOUND('',#14156,.F.);
#14156 = EDGE_LOOP('',(#14157,#14158,#14159,#14167));
#14157 = ORIENTED_EDGE('',*,*,#14136,.F.);
#14158 = ORIENTED_EDGE('',*,*,#12203,.F.);
#14159 = ORIENTED_EDGE('',*,*,#14160,.F.);
#14160 = EDGE_CURVE('',#14161,#12196,#14163,.T.);
#14161 = VERTEX_POINT('',#14162);
#14162 = CARTESIAN_POINT('',(-19.,4.952960014343,0.985206007957));
#14163 = LINE('',#14164,#14165);
#14164 = CARTESIAN_POINT('',(-19.,4.952960014343,0.985206007957));
#14165 = VECTOR('',#14166,1.);
#14166 = DIRECTION('',(-1.,0.,0.));
#14167 = ORIENTED_EDGE('',*,*,#14168,.T.);
#14168 = EDGE_CURVE('',#14161,#14137,#14169,.T.);
#14169 = LINE('',#14170,#14171);
#14170 = CARTESIAN_POINT('',(-19.,4.952960014343,0.985206007957));
#14171 = VECTOR('',#14172,1.);
#14172 = DIRECTION('',(0.,-0.290281495972,0.956941300758));
#14173 = PLANE('',#14174);
#14174 = AXIS2_PLACEMENT_3D('',#14175,#14176,#14177);
#14175 = CARTESIAN_POINT('',(-21.,4.80927491188,1.458877980709));
#14176 = DIRECTION('',(-0.,-0.956941300758,-0.290281495972));
#14177 = DIRECTION('',(0.,0.290281495972,-0.956941300758));
#14178 = ADVANCED_FACE('',(#14179),#14197,.F.);
#14179 = FACE_BOUND('',#14180,.F.);
#14180 = EDGE_LOOP('',(#14181,#14182,#14183,#14191));
#14181 = ORIENTED_EDGE('',*,*,#14160,.T.);
#14182 = ORIENTED_EDGE('',*,*,#12195,.F.);
#14183 = ORIENTED_EDGE('',*,*,#14184,.T.);
#14184 = EDGE_CURVE('',#12188,#14185,#14187,.T.);
#14185 = VERTEX_POINT('',#14186);
#14186 = CARTESIAN_POINT('',(-19.,5.050000190735,0.));
#14187 = LINE('',#14188,#14189);
#14188 = CARTESIAN_POINT('',(-23.,5.050000190735,0.));
#14189 = VECTOR('',#14190,1.);
#14190 = DIRECTION('',(1.,0.,0.));
#14191 = ORIENTED_EDGE('',*,*,#14192,.T.);
#14192 = EDGE_CURVE('',#14185,#14161,#14193,.T.);
#14193 = LINE('',#14194,#14195);
#14194 = CARTESIAN_POINT('',(-19.,5.050000190735,0.));
#14195 = VECTOR('',#14196,1.);
#14196 = DIRECTION('',(0.,-9.802299687793E-02,0.995184149835));
#14197 = PLANE('',#14198);
#14198 = AXIS2_PLACEMENT_3D('',#14199,#14200,#14201);
#14199 = CARTESIAN_POINT('',(-21.,5.001480102539,0.492603003979));
#14200 = DIRECTION('',(-0.,-0.995184149835,-9.802299687793E-02));
#14201 = DIRECTION('',(0.,9.802299687793E-02,-0.995184149835));
#14202 = ADVANCED_FACE('',(#14203),#14221,.F.);
#14203 = FACE_BOUND('',#14204,.F.);
#14204 = EDGE_LOOP('',(#14205,#14206,#14207,#14215));
#14205 = ORIENTED_EDGE('',*,*,#14184,.F.);
#14206 = ORIENTED_EDGE('',*,*,#12187,.F.);
#14207 = ORIENTED_EDGE('',*,*,#14208,.F.);
#14208 = EDGE_CURVE('',#14209,#12180,#14211,.T.);
#14209 = VERTEX_POINT('',#14210);
#14210 = CARTESIAN_POINT('',(-19.,4.952960014343,-0.985206007957));
#14211 = LINE('',#14212,#14213);
#14212 = CARTESIAN_POINT('',(-19.,4.952960014343,-0.985206007957));
#14213 = VECTOR('',#14214,1.);
#14214 = DIRECTION('',(-1.,0.,0.));
#14215 = ORIENTED_EDGE('',*,*,#14216,.T.);
#14216 = EDGE_CURVE('',#14209,#14185,#14217,.T.);
#14217 = LINE('',#14218,#14219);
#14218 = CARTESIAN_POINT('',(-19.,4.952960014343,-0.985206007957));
#14219 = VECTOR('',#14220,1.);
#14220 = DIRECTION('',(0.,9.802299687793E-02,0.995184149835));
#14221 = PLANE('',#14222);
#14222 = AXIS2_PLACEMENT_3D('',#14223,#14224,#14225);
#14223 = CARTESIAN_POINT('',(-21.,5.001480102539,-0.492603003979));
#14224 = DIRECTION('',(-0.,-0.995184149835,9.802299687793E-02));
#14225 = DIRECTION('',(0.,-9.802299687793E-02,-0.995184149835));
#14226 = ADVANCED_FACE('',(#14227),#14252,.F.);
#14227 = FACE_BOUND('',#14228,.F.);
#14228 = EDGE_LOOP('',(#14229,#14239,#14245,#14246));
#14229 = ORIENTED_EDGE('',*,*,#14230,.T.);
#14230 = EDGE_CURVE('',#14231,#14233,#14235,.T.);
#14231 = VERTEX_POINT('',#14232);
#14232 = CARTESIAN_POINT('',(-19.,3.570889949799,3.570889949799));
#14233 = VERTEX_POINT('',#14234);
#14234 = CARTESIAN_POINT('',(-19.,2.805629968643,4.198919773102));
#14235 = LINE('',#14236,#14237);
#14236 = CARTESIAN_POINT('',(-19.,3.570889949799,3.570889949799));
#14237 = VECTOR('',#14238,1.);
#14238 = DIRECTION('',(0.,-0.773011846661,0.634391586421));
#14239 = ORIENTED_EDGE('',*,*,#14240,.F.);
#14240 = EDGE_CURVE('',#11987,#14233,#14241,.T.);
#14241 = LINE('',#14242,#14243);
#14242 = CARTESIAN_POINT('',(-23.,2.805629968643,4.198919773102));
#14243 = VECTOR('',#14244,1.);
#14244 = DIRECTION('',(1.,0.,0.));
#14245 = ORIENTED_EDGE('',*,*,#12227,.F.);
#14246 = ORIENTED_EDGE('',*,*,#14247,.T.);
#14247 = EDGE_CURVE('',#12220,#14231,#14248,.T.);
#14248 = LINE('',#14249,#14250);
#14249 = CARTESIAN_POINT('',(-23.,3.570889949799,3.570889949799));
#14250 = VECTOR('',#14251,1.);
#14251 = DIRECTION('',(1.,0.,0.));
#14252 = PLANE('',#14253);
#14253 = AXIS2_PLACEMENT_3D('',#14254,#14255,#14256);
#14254 = CARTESIAN_POINT('',(-21.,3.188259959221,3.88490486145));
#14255 = DIRECTION('',(-0.,-0.634391586421,-0.773011846661));
#14256 = DIRECTION('',(0.,-0.773011846661,0.634391586421));
#14257 = ADVANCED_FACE('',(#14258),#14283,.F.);
#14258 = FACE_BOUND('',#14259,.F.);
#14259 = EDGE_LOOP('',(#14260,#14268,#14276,#14282));
#14260 = ORIENTED_EDGE('',*,*,#14261,.T.);
#14261 = EDGE_CURVE('',#13367,#14262,#14264,.T.);
#14262 = VERTEX_POINT('',#14263);
#14263 = CARTESIAN_POINT('',(-19.,-1.219149947166,-3.5));
#14264 = LINE('',#14265,#14266);
#14265 = CARTESIAN_POINT('',(-19.,-1.219149947166,-4.881999969482));
#14266 = VECTOR('',#14267,1.);
#14267 = DIRECTION('',(0.,0.,1.));
#14268 = ORIENTED_EDGE('',*,*,#14269,.T.);
#14269 = EDGE_CURVE('',#14262,#14270,#14272,.T.);
#14270 = VERTEX_POINT('',#14271);
#14271 = CARTESIAN_POINT('',(-18.86860084533,-1.131369948387,-3.5));
#14272 = LINE('',#14273,#14274);
#14273 = CARTESIAN_POINT('',(-19.,-1.219149947166,-3.5));
#14274 = VECTOR('',#14275,1.);
#14275 = DIRECTION('',(0.831522546956,0.555491002541,0.));
#14276 = ORIENTED_EDGE('',*,*,#14277,.T.);
#14277 = EDGE_CURVE('',#14270,#13321,#14278,.T.);
#14278 = LINE('',#14279,#14280);
#14279 = CARTESIAN_POINT('',(-18.86860084533,-1.131369948387,-3.5));
#14280 = VECTOR('',#14281,1.);
#14281 = DIRECTION('',(0.,0.,-1.));
#14282 = ORIENTED_EDGE('',*,*,#13366,.T.);
#14283 = PLANE('',#14284);
#14284 = AXIS2_PLACEMENT_3D('',#14285,#14286,#14287);
#14285 = CARTESIAN_POINT('',(-18.92093380505,-1.166330501609,
    -4.657861461045));
#14286 = DIRECTION('',(-0.555491002541,0.831522546956,0.));
#14287 = DIRECTION('',(0.831522546956,0.555491002541,0.));
#14288 = ADVANCED_FACE('',(#14289),#14300,.F.);
#14289 = FACE_BOUND('',#14290,.F.);
#14290 = EDGE_LOOP('',(#14291,#14292,#14298,#14299));
#14291 = ORIENTED_EDGE('',*,*,#13778,.T.);
#14292 = ORIENTED_EDGE('',*,*,#14293,.T.);
#14293 = EDGE_CURVE('',#13734,#13429,#14294,.T.);
#14294 = LINE('',#14295,#14296);
#14295 = CARTESIAN_POINT('',(-20.,-1.600000023842,-4.766469955444));
#14296 = VECTOR('',#14297,1.);
#14297 = DIRECTION('',(0.,0.,-1.));
#14298 = ORIENTED_EDGE('',*,*,#13478,.F.);
#14299 = ORIENTED_EDGE('',*,*,#12689,.T.);
#14300 = PLANE('',#14301);
#14301 = AXIS2_PLACEMENT_3D('',#14302,#14303,#14304);
#14302 = CARTESIAN_POINT('',(-20.3061504364,-1.539104998112,
    -5.278924942017));
#14303 = DIRECTION('',(0.19508390488,0.980786556829,0.));
#14304 = DIRECTION('',(0.980786556829,-0.19508390488,0.));
#14305 = ADVANCED_FACE('',(#14306),#14317,.F.);
#14306 = FACE_BOUND('',#14307,.F.);
#14307 = EDGE_LOOP('',(#14308,#14309,#14315,#14316));
#14308 = ORIENTED_EDGE('',*,*,#13900,.T.);
#14309 = ORIENTED_EDGE('',*,*,#14310,.T.);
#14310 = EDGE_CURVE('',#13893,#13046,#14311,.T.);
#14311 = LINE('',#14312,#14313);
#14312 = CARTESIAN_POINT('',(-20.,1.600000023842,-4.766469955444));
#14313 = VECTOR('',#14314,1.);
#14314 = DIRECTION('',(0.,0.,-1.));
#14315 = ORIENTED_EDGE('',*,*,#13097,.F.);
#14316 = ORIENTED_EDGE('',*,*,#13235,.F.);
#14317 = PLANE('',#14318);
#14318 = AXIS2_PLACEMENT_3D('',#14319,#14320,#14321);
#14319 = CARTESIAN_POINT('',(-19.69384956359,1.539104998112,
    -5.278924942017));
#14320 = DIRECTION('',(-0.19508390488,-0.980786556829,-0.));
#14321 = DIRECTION('',(-0.980786556829,0.19508390488,0.));
#14322 = ADVANCED_FACE('',(#14323),#14334,.F.);
#14323 = FACE_BOUND('',#14324,.F.);
#14324 = EDGE_LOOP('',(#14325,#14326,#14327,#14333));
#14325 = ORIENTED_EDGE('',*,*,#13684,.T.);
#14326 = ORIENTED_EDGE('',*,*,#13855,.T.);
#14327 = ORIENTED_EDGE('',*,*,#14328,.T.);
#14328 = EDGE_CURVE('',#13848,#12882,#14329,.T.);
#14329 = LINE('',#14330,#14331);
#14330 = CARTESIAN_POINT('',(-21.60000038147,0.,-5.050000190735));
#14331 = VECTOR('',#14332,1.);
#14332 = DIRECTION('',(0.,0.,-1.));
#14333 = ORIENTED_EDGE('',*,*,#12945,.F.);
#14334 = PLANE('',#14335);
#14335 = AXIS2_PLACEMENT_3D('',#14336,#14337,#14338);
#14336 = CARTESIAN_POINT('',(-21.53910063776,0.306146548774,
    -5.494845021229));
#14337 = DIRECTION('',(0.980783190713,-0.195100827306,0.));
#14338 = DIRECTION('',(0.195100827306,0.980783190713,0.));
#14339 = ADVANCED_FACE('',(#14340),#14356,.F.);
#14340 = FACE_BOUND('',#14341,.F.);
#14341 = EDGE_LOOP('',(#14342,#14348,#14349,#14355));
#14342 = ORIENTED_EDGE('',*,*,#14343,.T.);
#14343 = EDGE_CURVE('',#12270,#11752,#14344,.T.);
#14344 = LINE('',#14345,#14346);
#14345 = CARTESIAN_POINT('',(-23.,2.599999904633,0.));
#14346 = VECTOR('',#14347,1.);
#14347 = DIRECTION('',(-1.,0.,0.));
#14348 = ORIENTED_EDGE('',*,*,#11751,.F.);
#14349 = ORIENTED_EDGE('',*,*,#14350,.F.);
#14350 = EDGE_CURVE('',#12278,#11744,#14351,.T.);
#14351 = LINE('',#14352,#14353);
#14352 = CARTESIAN_POINT('',(-23.,2.550040006638,-0.507234990597));
#14353 = VECTOR('',#14354,1.);
#14354 = DIRECTION('',(-1.,0.,0.));
#14355 = ORIENTED_EDGE('',*,*,#12277,.T.);
#14356 = PLANE('',#14357);
#14357 = AXIS2_PLACEMENT_3D('',#14358,#14359,#14360);
#14358 = CARTESIAN_POINT('',(-24.,2.575019955635,-0.253617495298));
#14359 = DIRECTION('',(-0.,-0.995184418172,9.802027253596E-02));
#14360 = DIRECTION('',(0.,-9.802027253596E-02,-0.995184418172));
#14361 = ADVANCED_FACE('',(#14362),#14378,.F.);
#14362 = FACE_BOUND('',#14363,.F.);
#14363 = EDGE_LOOP('',(#14364,#14370,#14371,#14377));
#14364 = ORIENTED_EDGE('',*,*,#14365,.T.);
#14365 = EDGE_CURVE('',#11848,#12430,#14366,.T.);
#14366 = LINE('',#14367,#14368);
#14367 = CARTESIAN_POINT('',(-25.,-1.838479995728,1.838479995728));
#14368 = VECTOR('',#14369,1.);
#14369 = DIRECTION('',(1.,0.,0.));
#14370 = ORIENTED_EDGE('',*,*,#12429,.T.);
#14371 = ORIENTED_EDGE('',*,*,#14372,.T.);
#14372 = EDGE_CURVE('',#12422,#11856,#14373,.T.);
#14373 = LINE('',#14374,#14375);
#14374 = CARTESIAN_POINT('',(-23.,-2.161819934845,1.444479942322));
#14375 = VECTOR('',#14376,1.);
#14376 = DIRECTION('',(-1.,0.,0.));
#14377 = ORIENTED_EDGE('',*,*,#11855,.F.);
#14378 = PLANE('',#14379);
#14379 = AXIS2_PLACEMENT_3D('',#14380,#14381,#14382);
#14380 = CARTESIAN_POINT('',(-24.,-2.000149965286,1.641479969025));
#14381 = DIRECTION('',(0.,0.773017715812,-0.63438443474));
#14382 = DIRECTION('',(0.,0.63438443474,0.773017715812));
#14383 = ADVANCED_FACE('',(#14384),#14400,.F.);
#14384 = FACE_BOUND('',#14385,.F.);
#14385 = EDGE_LOOP('',(#14386,#14392,#14393,#14399));
#14386 = ORIENTED_EDGE('',*,*,#14387,.T.);
#14387 = EDGE_CURVE('',#11624,#12398,#14388,.T.);
#14388 = LINE('',#14389,#14390);
#14389 = CARTESIAN_POINT('',(-25.,-2.599999904633,0.));
#14390 = VECTOR('',#14391,1.);
#14391 = DIRECTION('',(1.,0.,0.));
#14392 = ORIENTED_EDGE('',*,*,#12397,.T.);
#14393 = ORIENTED_EDGE('',*,*,#14394,.F.);
#14394 = EDGE_CURVE('',#11632,#12390,#14395,.T.);
#14395 = LINE('',#14396,#14397);
#14396 = CARTESIAN_POINT('',(-25.,-2.550040006638,-0.507234990597));
#14397 = VECTOR('',#14398,1.);
#14398 = DIRECTION('',(1.,0.,0.));
#14399 = ORIENTED_EDGE('',*,*,#11631,.F.);
#14400 = PLANE('',#14401);
#14401 = AXIS2_PLACEMENT_3D('',#14402,#14403,#14404);
#14402 = CARTESIAN_POINT('',(-24.,-2.575019955635,-0.253617495298));
#14403 = DIRECTION('',(0.,0.995184418172,9.802027253596E-02));
#14404 = DIRECTION('',(0.,-9.802027253596E-02,0.995184418172));
#14405 = ADVANCED_FACE('',(#14406),#14422,.F.);
#14406 = FACE_BOUND('',#14407,.F.);
#14407 = EDGE_LOOP('',(#14408,#14409,#14415,#14416));
#14408 = ORIENTED_EDGE('',*,*,#12445,.T.);
#14409 = ORIENTED_EDGE('',*,*,#14410,.T.);
#14410 = EDGE_CURVE('',#12438,#11840,#14411,.T.);
#14411 = LINE('',#14412,#14413);
#14412 = CARTESIAN_POINT('',(-23.,-1.444479942322,2.161819934845));
#14413 = VECTOR('',#14414,1.);
#14414 = DIRECTION('',(-1.,0.,0.));
#14415 = ORIENTED_EDGE('',*,*,#11839,.F.);
#14416 = ORIENTED_EDGE('',*,*,#14417,.F.);
#14417 = EDGE_CURVE('',#12446,#11832,#14418,.T.);
#14418 = LINE('',#14419,#14420);
#14419 = CARTESIAN_POINT('',(-23.,-0.994975984097,2.402090072632));
#14420 = VECTOR('',#14421,1.);
#14421 = DIRECTION('',(-1.,0.,0.));
#14422 = PLANE('',#14423);
#14423 = AXIS2_PLACEMENT_3D('',#14424,#14425,#14426);
#14424 = CARTESIAN_POINT('',(-24.,-1.219727963209,2.281955003738));
#14425 = DIRECTION('',(-0.,0.471404773413,-0.881916968656));
#14426 = DIRECTION('',(0.,-0.881916968656,-0.471404773413));
#14427 = ADVANCED_FACE('',(#14428),#14444,.F.);
#14428 = FACE_BOUND('',#14429,.F.);
#14429 = EDGE_LOOP('',(#14430,#14436,#14437,#14443));
#14430 = ORIENTED_EDGE('',*,*,#14431,.T.);
#14431 = EDGE_CURVE('',#12294,#11728,#14432,.T.);
#14432 = LINE('',#14433,#14434);
#14433 = CARTESIAN_POINT('',(-23.,2.161819934845,-1.444479942322));
#14434 = VECTOR('',#14435,1.);
#14435 = DIRECTION('',(-1.,0.,0.));
#14436 = ORIENTED_EDGE('',*,*,#11727,.F.);
#14437 = ORIENTED_EDGE('',*,*,#14438,.F.);
#14438 = EDGE_CURVE('',#12302,#11720,#14439,.T.);
#14439 = LINE('',#14440,#14441);
#14440 = CARTESIAN_POINT('',(-23.,1.838479995728,-1.838479995728));
#14441 = VECTOR('',#14442,1.);
#14442 = DIRECTION('',(-1.,0.,0.));
#14443 = ORIENTED_EDGE('',*,*,#12301,.T.);
#14444 = PLANE('',#14445);
#14445 = AXIS2_PLACEMENT_3D('',#14446,#14447,#14448);
#14446 = CARTESIAN_POINT('',(-24.,2.000149965286,-1.641479969025));
#14447 = DIRECTION('',(-0.,-0.773017715812,0.63438443474));
#14448 = DIRECTION('',(0.,-0.63438443474,-0.773017715812));
#14449 = ADVANCED_FACE('',(#14450),#14461,.F.);
#14450 = FACE_BOUND('',#14451,.F.);
#14451 = EDGE_LOOP('',(#14452,#14453,#14454,#14460));
#14452 = ORIENTED_EDGE('',*,*,#14394,.T.);
#14453 = ORIENTED_EDGE('',*,*,#12389,.T.);
#14454 = ORIENTED_EDGE('',*,*,#14455,.T.);
#14455 = EDGE_CURVE('',#12382,#11640,#14456,.T.);
#14456 = LINE('',#14457,#14458);
#14457 = CARTESIAN_POINT('',(-23.,-2.402090072632,-0.994975984097));
#14458 = VECTOR('',#14459,1.);
#14459 = DIRECTION('',(-1.,0.,0.));
#14460 = ORIENTED_EDGE('',*,*,#11639,.F.);
#14461 = PLANE('',#14462);
#14462 = AXIS2_PLACEMENT_3D('',#14463,#14464,#14465);
#14463 = CARTESIAN_POINT('',(-24.,-2.476065039635,-0.751105487347));
#14464 = DIRECTION('',(0.,0.956942885713,0.290276270962));
#14465 = DIRECTION('',(0.,-0.290276270962,0.956942885713));
#14466 = ADVANCED_FACE('',(#14467),#14483,.F.);
#14467 = FACE_BOUND('',#14468,.F.);
#14468 = EDGE_LOOP('',(#14469,#14475,#14476,#14482));
#14469 = ORIENTED_EDGE('',*,*,#14470,.T.);
#14470 = EDGE_CURVE('',#11864,#12414,#14471,.T.);
#14471 = LINE('',#14472,#14473);
#14472 = CARTESIAN_POINT('',(-25.,-2.402090072632,0.994975984097));
#14473 = VECTOR('',#14474,1.);
#14474 = DIRECTION('',(1.,0.,0.));
#14475 = ORIENTED_EDGE('',*,*,#12413,.T.);
#14476 = ORIENTED_EDGE('',*,*,#14477,.T.);
#14477 = EDGE_CURVE('',#12406,#11622,#14478,.T.);
#14478 = LINE('',#14479,#14480);
#14479 = CARTESIAN_POINT('',(-23.,-2.550040006638,0.507234990597));
#14480 = VECTOR('',#14481,1.);
#14481 = DIRECTION('',(-1.,0.,0.));
#14482 = ORIENTED_EDGE('',*,*,#11871,.F.);
#14483 = PLANE('',#14484);
#14484 = AXIS2_PLACEMENT_3D('',#14485,#14486,#14487);
#14485 = CARTESIAN_POINT('',(-24.,-2.476065039635,0.751105487347));
#14486 = DIRECTION('',(0.,0.956942885713,-0.290276270962));
#14487 = DIRECTION('',(0.,0.290276270962,0.956942885713));
#14488 = ADVANCED_FACE('',(#14489),#14505,.F.);
#14489 = FACE_BOUND('',#14490,.F.);
#14490 = EDGE_LOOP('',(#14491,#14497,#14498,#14504));
#14491 = ORIENTED_EDGE('',*,*,#14492,.T.);
#14492 = EDGE_CURVE('',#11648,#12374,#14493,.T.);
#14493 = LINE('',#14494,#14495);
#14494 = CARTESIAN_POINT('',(-25.,-2.161819934845,-1.444479942322));
#14495 = VECTOR('',#14496,1.);
#14496 = DIRECTION('',(1.,0.,0.));
#14497 = ORIENTED_EDGE('',*,*,#12373,.T.);
#14498 = ORIENTED_EDGE('',*,*,#14499,.T.);
#14499 = EDGE_CURVE('',#12366,#11656,#14500,.T.);
#14500 = LINE('',#14501,#14502);
#14501 = CARTESIAN_POINT('',(-23.,-1.838479995728,-1.838479995728));
#14502 = VECTOR('',#14503,1.);
#14503 = DIRECTION('',(-1.,0.,0.));
#14504 = ORIENTED_EDGE('',*,*,#11655,.F.);
#14505 = PLANE('',#14506);
#14506 = AXIS2_PLACEMENT_3D('',#14507,#14508,#14509);
#14507 = CARTESIAN_POINT('',(-24.,-2.000149965286,-1.641479969025));
#14508 = DIRECTION('',(0.,0.773017715812,0.63438443474));
#14509 = DIRECTION('',(0.,-0.63438443474,0.773017715812));
#14510 = ADVANCED_FACE('',(#14511),#14527,.F.);
#14511 = FACE_BOUND('',#14512,.F.);
#14512 = EDGE_LOOP('',(#14513,#14519,#14520,#14526));
#14513 = ORIENTED_EDGE('',*,*,#14514,.T.);
#14514 = EDGE_CURVE('',#12254,#11768,#14515,.T.);
#14515 = LINE('',#14516,#14517);
#14516 = CARTESIAN_POINT('',(-23.,2.402090072632,0.994975984097));
#14517 = VECTOR('',#14518,1.);
#14518 = DIRECTION('',(-1.,0.,0.));
#14519 = ORIENTED_EDGE('',*,*,#11767,.F.);
#14520 = ORIENTED_EDGE('',*,*,#14521,.T.);
#14521 = EDGE_CURVE('',#11760,#12262,#14522,.T.);
#14522 = LINE('',#14523,#14524);
#14523 = CARTESIAN_POINT('',(-25.,2.550040006638,0.507234990597));
#14524 = VECTOR('',#14525,1.);
#14525 = DIRECTION('',(1.,0.,0.));
#14526 = ORIENTED_EDGE('',*,*,#12261,.T.);
#14527 = PLANE('',#14528);
#14528 = AXIS2_PLACEMENT_3D('',#14529,#14530,#14531);
#14529 = CARTESIAN_POINT('',(-24.,2.476065039635,0.751105487347));
#14530 = DIRECTION('',(-0.,-0.956942885713,-0.290276270962));
#14531 = DIRECTION('',(0.,0.290276270962,-0.956942885713));
#14532 = ADVANCED_FACE('',(#14533),#14544,.F.);
#14533 = FACE_BOUND('',#14534,.F.);
#14534 = EDGE_LOOP('',(#14535,#14536,#14537,#14538));
#14535 = ORIENTED_EDGE('',*,*,#12453,.T.);
#14536 = ORIENTED_EDGE('',*,*,#14417,.T.);
#14537 = ORIENTED_EDGE('',*,*,#11831,.F.);
#14538 = ORIENTED_EDGE('',*,*,#14539,.T.);
#14539 = EDGE_CURVE('',#11824,#12454,#14540,.T.);
#14540 = LINE('',#14541,#14542);
#14541 = CARTESIAN_POINT('',(-25.,-0.507234990597,2.550040006638));
#14542 = VECTOR('',#14543,1.);
#14543 = DIRECTION('',(1.,0.,0.));
#14544 = PLANE('',#14545);
#14545 = AXIS2_PLACEMENT_3D('',#14546,#14547,#14548);
#14546 = CARTESIAN_POINT('',(-24.,-0.751105487347,2.476065039635));
#14547 = DIRECTION('',(-0.,0.290276270962,-0.956942885713));
#14548 = DIRECTION('',(0.,-0.956942885713,-0.290276270962));
#14549 = ADVANCED_FACE('',(#14550),#14566,.F.);
#14550 = FACE_BOUND('',#14551,.F.);
#14551 = EDGE_LOOP('',(#14552,#14553,#14559,#14560));
#14552 = ORIENTED_EDGE('',*,*,#12333,.T.);
#14553 = ORIENTED_EDGE('',*,*,#14554,.T.);
#14554 = EDGE_CURVE('',#12326,#11696,#14555,.T.);
#14555 = LINE('',#14556,#14557);
#14556 = CARTESIAN_POINT('',(-23.,0.507234990597,-2.550040006638));
#14557 = VECTOR('',#14558,1.);
#14558 = DIRECTION('',(-1.,0.,0.));
#14559 = ORIENTED_EDGE('',*,*,#11695,.F.);
#14560 = ORIENTED_EDGE('',*,*,#14561,.F.);
#14561 = EDGE_CURVE('',#12334,#11688,#14562,.T.);
#14562 = LINE('',#14563,#14564);
#14563 = CARTESIAN_POINT('',(-23.,0.,-2.599999904633));
#14564 = VECTOR('',#14565,1.);
#14565 = DIRECTION('',(-1.,0.,0.));
#14566 = PLANE('',#14567);
#14567 = AXIS2_PLACEMENT_3D('',#14568,#14569,#14570);
#14568 = CARTESIAN_POINT('',(-24.,0.253617495298,-2.575019955635));
#14569 = DIRECTION('',(0.,-9.802027253596E-02,0.995184418172));
#14570 = DIRECTION('',(0.,0.995184418172,9.802027253596E-02));
#14571 = ADVANCED_FACE('',(#14572),#14583,.F.);
#14572 = FACE_BOUND('',#14573,.F.);
#14573 = EDGE_LOOP('',(#14574,#14575,#14576,#14577));
#14574 = ORIENTED_EDGE('',*,*,#12309,.T.);
#14575 = ORIENTED_EDGE('',*,*,#14438,.T.);
#14576 = ORIENTED_EDGE('',*,*,#11719,.F.);
#14577 = ORIENTED_EDGE('',*,*,#14578,.F.);
#14578 = EDGE_CURVE('',#12310,#11712,#14579,.T.);
#14579 = LINE('',#14580,#14581);
#14580 = CARTESIAN_POINT('',(-23.,1.444479942322,-2.161819934845));
#14581 = VECTOR('',#14582,1.);
#14582 = DIRECTION('',(-1.,0.,0.));
#14583 = PLANE('',#14584);
#14584 = AXIS2_PLACEMENT_3D('',#14585,#14586,#14587);
#14585 = CARTESIAN_POINT('',(-24.,1.641479969025,-2.000149965286));
#14586 = DIRECTION('',(0.,-0.63438443474,0.773017715812));
#14587 = DIRECTION('',(0.,0.773017715812,0.63438443474));
#14588 = ADVANCED_FACE('',(#14589),#14605,.F.);
#14589 = FACE_BOUND('',#14590,.F.);
#14590 = EDGE_LOOP('',(#14591,#14597,#14598,#14604));
#14591 = ORIENTED_EDGE('',*,*,#14592,.T.);
#14592 = EDGE_CURVE('',#12236,#11784,#14593,.T.);
#14593 = LINE('',#14594,#14595);
#14594 = CARTESIAN_POINT('',(-23.,1.838479995728,1.838479995728));
#14595 = VECTOR('',#14596,1.);
#14596 = DIRECTION('',(-1.,0.,0.));
#14597 = ORIENTED_EDGE('',*,*,#11783,.F.);
#14598 = ORIENTED_EDGE('',*,*,#14599,.T.);
#14599 = EDGE_CURVE('',#11776,#12246,#14600,.T.);
#14600 = LINE('',#14601,#14602);
#14601 = CARTESIAN_POINT('',(-25.,2.161819934845,1.444479942322));
#14602 = VECTOR('',#14603,1.);
#14603 = DIRECTION('',(1.,0.,0.));
#14604 = ORIENTED_EDGE('',*,*,#12245,.T.);
#14605 = PLANE('',#14606);
#14606 = AXIS2_PLACEMENT_3D('',#14607,#14608,#14609);
#14607 = CARTESIAN_POINT('',(-24.,2.000149965286,1.641479969025));
#14608 = DIRECTION('',(-0.,-0.773017715812,-0.63438443474));
#14609 = DIRECTION('',(0.,0.63438443474,-0.773017715812));
#14610 = ADVANCED_FACE('',(#14611),#14622,.F.);
#14611 = FACE_BOUND('',#14612,.F.);
#14612 = EDGE_LOOP('',(#14613,#14614,#14615,#14616));
#14613 = ORIENTED_EDGE('',*,*,#12341,.T.);
#14614 = ORIENTED_EDGE('',*,*,#14561,.T.);
#14615 = ORIENTED_EDGE('',*,*,#11687,.F.);
#14616 = ORIENTED_EDGE('',*,*,#14617,.T.);
#14617 = EDGE_CURVE('',#11680,#12342,#14618,.T.);
#14618 = LINE('',#14619,#14620);
#14619 = CARTESIAN_POINT('',(-25.,-0.507234990597,-2.550040006638));
#14620 = VECTOR('',#14621,1.);
#14621 = DIRECTION('',(1.,0.,0.));
#14622 = PLANE('',#14623);
#14623 = AXIS2_PLACEMENT_3D('',#14624,#14625,#14626);
#14624 = CARTESIAN_POINT('',(-24.,-0.253617495298,-2.575019955635));
#14625 = DIRECTION('',(0.,9.802027253596E-02,0.995184418172));
#14626 = DIRECTION('',(0.,0.995184418172,-9.802027253596E-02));
#14627 = ADVANCED_FACE('',(#14628),#14639,.F.);
#14628 = FACE_BOUND('',#14629,.F.);
#14629 = EDGE_LOOP('',(#14630,#14631,#14632,#14638));
#14630 = ORIENTED_EDGE('',*,*,#14350,.T.);
#14631 = ORIENTED_EDGE('',*,*,#11743,.F.);
#14632 = ORIENTED_EDGE('',*,*,#14633,.T.);
#14633 = EDGE_CURVE('',#11736,#12286,#14634,.T.);
#14634 = LINE('',#14635,#14636);
#14635 = CARTESIAN_POINT('',(-25.,2.402090072632,-0.994975984097));
#14636 = VECTOR('',#14637,1.);
#14637 = DIRECTION('',(1.,0.,0.));
#14638 = ORIENTED_EDGE('',*,*,#12285,.T.);
#14639 = PLANE('',#14640);
#14640 = AXIS2_PLACEMENT_3D('',#14641,#14642,#14643);
#14641 = CARTESIAN_POINT('',(-24.,2.476065039635,-0.751105487347));
#14642 = DIRECTION('',(-0.,-0.956942885713,0.290276270962));
#14643 = DIRECTION('',(0.,-0.290276270962,-0.956942885713));
#14644 = ADVANCED_FACE('',(#14645),#14656,.F.);
#14645 = FACE_BOUND('',#14646,.F.);
#14646 = EDGE_LOOP('',(#14647,#14648,#14649,#14650));
#14647 = ORIENTED_EDGE('',*,*,#12317,.T.);
#14648 = ORIENTED_EDGE('',*,*,#14578,.T.);
#14649 = ORIENTED_EDGE('',*,*,#11711,.F.);
#14650 = ORIENTED_EDGE('',*,*,#14651,.T.);
#14651 = EDGE_CURVE('',#11704,#12318,#14652,.T.);
#14652 = LINE('',#14653,#14654);
#14653 = CARTESIAN_POINT('',(-25.,0.994975984097,-2.402090072632));
#14654 = VECTOR('',#14655,1.);
#14655 = DIRECTION('',(1.,0.,0.));
#14656 = PLANE('',#14657);
#14657 = AXIS2_PLACEMENT_3D('',#14658,#14659,#14660);
#14658 = CARTESIAN_POINT('',(-24.,1.219727963209,-2.281955003738));
#14659 = DIRECTION('',(0.,-0.471404773413,0.881916968656));
#14660 = DIRECTION('',(0.,0.881916968656,0.471404773413));
#14661 = ADVANCED_FACE('',(#14662),#14678,.F.);
#14662 = FACE_BOUND('',#14663,.F.);
#14663 = EDGE_LOOP('',(#14664,#14665,#14671,#14672));
#14664 = ORIENTED_EDGE('',*,*,#12477,.T.);
#14665 = ORIENTED_EDGE('',*,*,#14666,.T.);
#14666 = EDGE_CURVE('',#12470,#11808,#14667,.T.);
#14667 = LINE('',#14668,#14669);
#14668 = CARTESIAN_POINT('',(-23.,0.507234990597,2.550040006638));
#14669 = VECTOR('',#14670,1.);
#14670 = DIRECTION('',(-1.,0.,0.));
#14671 = ORIENTED_EDGE('',*,*,#11807,.F.);
#14672 = ORIENTED_EDGE('',*,*,#14673,.T.);
#14673 = EDGE_CURVE('',#11800,#12478,#14674,.T.);
#14674 = LINE('',#14675,#14676);
#14675 = CARTESIAN_POINT('',(-25.,0.994975984097,2.402090072632));
#14676 = VECTOR('',#14677,1.);
#14677 = DIRECTION('',(1.,0.,0.));
#14678 = PLANE('',#14679);
#14679 = AXIS2_PLACEMENT_3D('',#14680,#14681,#14682);
#14680 = CARTESIAN_POINT('',(-24.,0.751105487347,2.476065039635));
#14681 = DIRECTION('',(-0.,-0.290276270962,-0.956942885713));
#14682 = DIRECTION('',(0.,-0.956942885713,0.290276270962));
#14683 = ADVANCED_FACE('',(#14684),#14695,.F.);
#14684 = FACE_BOUND('',#14685,.F.);
#14685 = EDGE_LOOP('',(#14686,#14687,#14688,#14689));
#14686 = ORIENTED_EDGE('',*,*,#11167,.F.);
#14687 = ORIENTED_EDGE('',*,*,#13068,.T.);
#14688 = ORIENTED_EDGE('',*,*,#11525,.T.);
#14689 = ORIENTED_EDGE('',*,*,#14690,.T.);
#14690 = EDGE_CURVE('',#11518,#11168,#14691,.T.);
#14691 = LINE('',#14692,#14693);
#14692 = CARTESIAN_POINT('',(-25.,3.333420038223,-4.988820075989));
#14693 = VECTOR('',#14694,1.);
#14694 = DIRECTION('',(1.,0.,0.));
#14695 = PLANE('',#14696);
#14696 = AXIS2_PLACEMENT_3D('',#14697,#14698,#14699);
#14697 = CARTESIAN_POINT('',(-20.,2.814759969711,-5.266050100327));
#14698 = DIRECTION('',(-0.,0.471397321313,-0.881920951933));
#14699 = DIRECTION('',(0.,-0.881920951933,-0.471397321313));
#14700 = ADVANCED_FACE('',(#14701),#14717,.F.);
#14701 = FACE_BOUND('',#14702,.F.);
#14702 = EDGE_LOOP('',(#14703,#14709,#14710,#14716));
#14703 = ORIENTED_EDGE('',*,*,#14704,.T.);
#14704 = EDGE_CURVE('',#11080,#11606,#14705,.T.);
#14705 = LINE('',#14706,#14707);
#14706 = CARTESIAN_POINT('',(-15.,-6.,0.));
#14707 = VECTOR('',#14708,1.);
#14708 = DIRECTION('',(-1.,0.,0.));
#14709 = ORIENTED_EDGE('',*,*,#11605,.T.);
#14710 = ORIENTED_EDGE('',*,*,#14711,.F.);
#14711 = EDGE_CURVE('',#11088,#11598,#14712,.T.);
#14712 = LINE('',#14713,#14714);
#14713 = CARTESIAN_POINT('',(-15.,-5.884709835052,-1.170539975166));
#14714 = VECTOR('',#14715,1.);
#14715 = DIRECTION('',(-1.,0.,0.));
#14716 = ORIENTED_EDGE('',*,*,#11087,.F.);
#14717 = PLANE('',#14718);
#14718 = AXIS2_PLACEMENT_3D('',#14719,#14720,#14721);
#14719 = CARTESIAN_POINT('',(-20.,-5.942354917526,-0.585269987583));
#14720 = DIRECTION('',(-0.,-0.99518455748,-9.801885815031E-02));
#14721 = DIRECTION('',(0.,9.801885815031E-02,-0.99518455748));
#14722 = ADVANCED_FACE('',(#14723),#14739,.F.);
#14723 = FACE_BOUND('',#14724,.F.);
#14724 = EDGE_LOOP('',(#14725,#14731,#14732,#14738));
#14725 = ORIENTED_EDGE('',*,*,#14726,.T.);
#14726 = EDGE_CURVE('',#11104,#11582,#14727,.T.);
#14727 = LINE('',#14728,#14729);
#14728 = CARTESIAN_POINT('',(-15.,-4.988820075989,-3.333420038223));
#14729 = VECTOR('',#14730,1.);
#14730 = DIRECTION('',(-1.,0.,0.));
#14731 = ORIENTED_EDGE('',*,*,#11581,.T.);
#14732 = ORIENTED_EDGE('',*,*,#14733,.T.);
#14733 = EDGE_CURVE('',#11574,#11112,#14734,.T.);
#14734 = LINE('',#14735,#14736);
#14735 = CARTESIAN_POINT('',(-25.,-4.242640018463,-4.242640018463));
#14736 = VECTOR('',#14737,1.);
#14737 = DIRECTION('',(1.,0.,0.));
#14738 = ORIENTED_EDGE('',*,*,#11111,.F.);
#14739 = PLANE('',#14740);
#14740 = AXIS2_PLACEMENT_3D('',#14741,#14742,#14743);
#14741 = CARTESIAN_POINT('',(-20.,-4.615730047226,-3.788030028343));
#14742 = DIRECTION('',(-0.,-0.773009409567,-0.634394556031));
#14743 = DIRECTION('',(0.,0.634394556031,-0.773009409567));
#14744 = ADVANCED_FACE('',(#14745),#14756,.F.);
#14745 = FACE_BOUND('',#14746,.F.);
#14746 = EDGE_LOOP('',(#14747,#14748,#14749,#14755));
#14747 = ORIENTED_EDGE('',*,*,#14711,.T.);
#14748 = ORIENTED_EDGE('',*,*,#11597,.T.);
#14749 = ORIENTED_EDGE('',*,*,#14750,.T.);
#14750 = EDGE_CURVE('',#11590,#11096,#14751,.T.);
#14751 = LINE('',#14752,#14753);
#14752 = CARTESIAN_POINT('',(-25.,-5.543280124664,-2.296099901199));
#14753 = VECTOR('',#14754,1.);
#14754 = DIRECTION('',(1.,0.,0.));
#14755 = ORIENTED_EDGE('',*,*,#11095,.F.);
#14756 = PLANE('',#14757);
#14757 = AXIS2_PLACEMENT_3D('',#14758,#14759,#14760);
#14758 = CARTESIAN_POINT('',(-20.,-5.713994979858,-1.733319938183));
#14759 = DIRECTION('',(-0.,-0.956941554453,-0.290280659642));
#14760 = DIRECTION('',(0.,0.290280659642,-0.956941554453));
#14761 = ADVANCED_FACE('',(#14762),#14778,.F.);
#14762 = FACE_BOUND('',#14763,.F.);
#14763 = EDGE_LOOP('',(#14764,#14770,#14771,#14777));
#14764 = ORIENTED_EDGE('',*,*,#14765,.T.);
#14765 = EDGE_CURVE('',#11312,#11383,#14766,.T.);
#14766 = LINE('',#14767,#14768);
#14767 = CARTESIAN_POINT('',(-15.,-4.988820075989,3.333420038223));
#14768 = VECTOR('',#14769,1.);
#14769 = DIRECTION('',(-1.,0.,0.));
#14770 = ORIENTED_EDGE('',*,*,#11382,.T.);
#14771 = ORIENTED_EDGE('',*,*,#14772,.T.);
#14772 = EDGE_CURVE('',#11373,#11320,#14773,.T.);
#14773 = LINE('',#14774,#14775);
#14774 = CARTESIAN_POINT('',(-25.,-5.543280124664,2.296099901199));
#14775 = VECTOR('',#14776,1.);
#14776 = DIRECTION('',(1.,0.,0.));
#14777 = ORIENTED_EDGE('',*,*,#11319,.F.);
#14778 = PLANE('',#14779);
#14779 = AXIS2_PLACEMENT_3D('',#14780,#14781,#14782);
#14780 = CARTESIAN_POINT('',(-20.,-5.266050100327,2.814759969711));
#14781 = DIRECTION('',(-0.,-0.881920951933,0.471397321313));
#14782 = DIRECTION('',(0.,-0.471397321313,-0.881920951933));
#14783 = ADVANCED_FACE('',(#14784),#14800,.F.);
#14784 = FACE_BOUND('',#14785,.F.);
#14785 = EDGE_LOOP('',(#14786,#14792,#14793,#14799));
#14786 = ORIENTED_EDGE('',*,*,#14787,.T.);
#14787 = EDGE_CURVE('',#10591,#10847,#14788,.T.);
#14788 = LINE('',#14789,#14790);
#14789 = CARTESIAN_POINT('',(15.,-8.838829994202,8.838829994202));
#14790 = VECTOR('',#14791,1.);
#14791 = DIRECTION('',(-1.,0.,0.));
#14792 = ORIENTED_EDGE('',*,*,#10846,.T.);
#14793 = ORIENTED_EDGE('',*,*,#14794,.T.);
#14794 = EDGE_CURVE('',#10839,#10599,#14795,.T.);
#14795 = LINE('',#14796,#14797);
#14796 = CARTESIAN_POINT('',(-15.,-10.39340019226,6.944630146027));
#14797 = VECTOR('',#14798,1.);
#14798 = DIRECTION('',(1.,0.,0.));
#14799 = ORIENTED_EDGE('',*,*,#10598,.T.);
#14800 = PLANE('',#14801);
#14801 = AXIS2_PLACEMENT_3D('',#14802,#14803,#14804);
#14802 = CARTESIAN_POINT('',(2.189624000177E-16,-9.616115093231,
    7.891730070114));
#14803 = DIRECTION('',(-0.,-0.77300233686,0.634403174021));
#14804 = DIRECTION('',(0.,-0.634403174021,-0.77300233686));
#14805 = ADVANCED_FACE('',(#14806),#14817,.F.);
#14806 = FACE_BOUND('',#14807,.F.);
#14807 = EDGE_LOOP('',(#14808,#14809,#14810,#14811));
#14808 = ORIENTED_EDGE('',*,*,#10582,.T.);
#14809 = ORIENTED_EDGE('',*,*,#10814,.T.);
#14810 = ORIENTED_EDGE('',*,*,#10862,.T.);
#14811 = ORIENTED_EDGE('',*,*,#14812,.T.);
#14812 = EDGE_CURVE('',#10855,#10583,#14813,.T.);
#14813 = LINE('',#14814,#14815);
#14814 = CARTESIAN_POINT('',(-15.,-6.944630146027,10.393400192261));
#14815 = VECTOR('',#14816,1.);
#14816 = DIRECTION('',(1.,0.,0.));
#14817 = PLANE('',#14818);
#14818 = AXIS2_PLACEMENT_3D('',#14819,#14820,#14821);
#14819 = CARTESIAN_POINT('',(4.379251146495E-16,-5.86408495903,
    10.970950126648));
#14820 = DIRECTION('',(0.,-0.47138816616,0.881925845411));
#14821 = DIRECTION('',(0.,0.881925845411,0.47138816616));
#14822 = ADVANCED_FACE('',(#14823),#14839,.F.);
#14823 = FACE_BOUND('',#14824,.F.);
#14824 = EDGE_LOOP('',(#14825,#14826,#14832,#14833));
#14825 = ORIENTED_EDGE('',*,*,#10558,.T.);
#14826 = ORIENTED_EDGE('',*,*,#14827,.T.);
#14827 = EDGE_CURVE('',#10551,#10878,#14828,.T.);
#14828 = LINE('',#14829,#14830);
#14829 = CARTESIAN_POINT('',(15.,2.438630104065,12.259799957275));
#14830 = VECTOR('',#14831,1.);
#14831 = DIRECTION('',(-1.,0.,0.));
#14832 = ORIENTED_EDGE('',*,*,#10877,.T.);
#14833 = ORIENTED_EDGE('',*,*,#14834,.T.);
#14834 = EDGE_CURVE('',#10870,#10559,#14835,.T.);
#14835 = LINE('',#14836,#14837);
#14836 = CARTESIAN_POINT('',(-15.,0.,12.5));
#14837 = VECTOR('',#14838,1.);
#14838 = DIRECTION('',(1.,0.,0.));
#14839 = PLANE('',#14840);
#14840 = AXIS2_PLACEMENT_3D('',#14841,#14842,#14843);
#14841 = CARTESIAN_POINT('',(0.,1.219315052032,12.379899978638));
#14842 = DIRECTION('',(0.,9.802358341831E-02,0.995184092062));
#14843 = DIRECTION('',(0.,0.995184092062,-9.802358341831E-02));
#14844 = ADVANCED_FACE('',(#14845),#14861,.F.);
#14845 = FACE_BOUND('',#14846,.F.);
#14846 = EDGE_LOOP('',(#14847,#14848,#14854,#14855));
#14847 = ORIENTED_EDGE('',*,*,#10438,.T.);
#14848 = ORIENTED_EDGE('',*,*,#14849,.T.);
#14849 = EDGE_CURVE('',#10431,#10998,#14850,.T.);
#14850 = LINE('',#14851,#14852);
#14851 = CARTESIAN_POINT('',(15.,0.,-12.5));
#14852 = VECTOR('',#14853,1.);
#14853 = DIRECTION('',(-1.,0.,0.));
#14854 = ORIENTED_EDGE('',*,*,#10997,.T.);
#14855 = ORIENTED_EDGE('',*,*,#14856,.T.);
#14856 = EDGE_CURVE('',#10990,#10439,#14857,.T.);
#14857 = LINE('',#14858,#14859);
#14858 = CARTESIAN_POINT('',(-15.,2.438630104065,-12.25979995727));
#14859 = VECTOR('',#14860,1.);
#14860 = DIRECTION('',(1.,0.,0.));
#14861 = PLANE('',#14862);
#14862 = AXIS2_PLACEMENT_3D('',#14863,#14864,#14865);
#14863 = CARTESIAN_POINT('',(0.,1.219315052032,-12.37989997863));
#14864 = DIRECTION('',(-0.,9.802358341831E-02,-0.995184092062));
#14865 = DIRECTION('',(0.,-0.995184092062,-9.802358341831E-02));
#14866 = ADVANCED_FACE('',(#14867),#14878,.F.);
#14867 = FACE_BOUND('',#14868,.F.);
#14868 = EDGE_LOOP('',(#14869,#14870,#14871,#14872));
#14869 = ORIENTED_EDGE('',*,*,#10446,.T.);
#14870 = ORIENTED_EDGE('',*,*,#14856,.F.);
#14871 = ORIENTED_EDGE('',*,*,#10989,.T.);
#14872 = ORIENTED_EDGE('',*,*,#14873,.T.);
#14873 = EDGE_CURVE('',#10982,#10447,#14874,.T.);
#14874 = LINE('',#14875,#14876);
#14875 = CARTESIAN_POINT('',(-15.,4.783539772034,-11.54850006103));
#14876 = VECTOR('',#14877,1.);
#14877 = DIRECTION('',(1.,0.,0.));
#14878 = PLANE('',#14879);
#14879 = AXIS2_PLACEMENT_3D('',#14880,#14881,#14882);
#14880 = CARTESIAN_POINT('',(0.,3.611084938049,-11.90415000915));
#14881 = DIRECTION('',(-0.,0.290276950922,-0.956942679456));
#14882 = DIRECTION('',(0.,-0.956942679456,-0.290276950922));
#14883 = ADVANCED_FACE('',(#14884),#14900,.F.);
#14884 = FACE_BOUND('',#14885,.F.);
#14885 = EDGE_LOOP('',(#14886,#14887,#14893,#14894));
#14886 = ORIENTED_EDGE('',*,*,#10462,.T.);
#14887 = ORIENTED_EDGE('',*,*,#14888,.T.);
#14888 = EDGE_CURVE('',#10455,#10974,#14889,.T.);
#14889 = LINE('',#14890,#14891);
#14890 = CARTESIAN_POINT('',(15.,6.944630146027,-10.39340019226));
#14891 = VECTOR('',#14892,1.);
#14892 = DIRECTION('',(-1.,0.,0.));
#14893 = ORIENTED_EDGE('',*,*,#10973,.T.);
#14894 = ORIENTED_EDGE('',*,*,#14895,.F.);
#14895 = EDGE_CURVE('',#10463,#10966,#14896,.T.);
#14896 = LINE('',#14897,#14898);
#14897 = CARTESIAN_POINT('',(15.,8.838829994202,-8.838829994202));
#14898 = VECTOR('',#14899,1.);
#14899 = DIRECTION('',(-1.,0.,0.));
#14900 = PLANE('',#14901);
#14901 = AXIS2_PLACEMENT_3D('',#14902,#14903,#14904);
#14902 = CARTESIAN_POINT('',(0.,7.891730070114,-9.616115093231));
#14903 = DIRECTION('',(-0.,0.634403174021,-0.77300233686));
#14904 = DIRECTION('',(0.,-0.77300233686,-0.634403174021));
#14905 = ADVANCED_FACE('',(#14906),#14917,.F.);
#14906 = FACE_BOUND('',#14907,.F.);
#14907 = EDGE_LOOP('',(#14908,#14914,#14915,#14916));
#14908 = ORIENTED_EDGE('',*,*,#14909,.T.);
#14909 = EDGE_CURVE('',#10958,#10471,#14910,.T.);
#14910 = LINE('',#14911,#14912);
#14911 = CARTESIAN_POINT('',(-15.,10.393400192261,-6.944630146027));
#14912 = VECTOR('',#14913,1.);
#14913 = DIRECTION('',(1.,0.,0.));
#14914 = ORIENTED_EDGE('',*,*,#10470,.T.);
#14915 = ORIENTED_EDGE('',*,*,#14895,.T.);
#14916 = ORIENTED_EDGE('',*,*,#10965,.T.);
#14917 = PLANE('',#14918);
#14918 = AXIS2_PLACEMENT_3D('',#14919,#14920,#14921);
#14919 = CARTESIAN_POINT('',(-2.189624000177E-16,9.616115093231,
    -7.891730070114));
#14920 = DIRECTION('',(0.,0.77300233686,-0.634403174021));
#14921 = DIRECTION('',(0.,0.634403174021,0.77300233686));
#14922 = ADVANCED_FACE('',(#14923),#14939,.F.);
#14923 = FACE_BOUND('',#14924,.F.);
#14924 = EDGE_LOOP('',(#14925,#14931,#14932,#14938));
#14925 = ORIENTED_EDGE('',*,*,#14926,.T.);
#14926 = EDGE_CURVE('',#10934,#10495,#14927,.T.);
#14927 = LINE('',#14928,#14929);
#14928 = CARTESIAN_POINT('',(-15.,12.5,0.));
#14929 = VECTOR('',#14930,1.);
#14930 = DIRECTION('',(1.,0.,0.));
#14931 = ORIENTED_EDGE('',*,*,#10494,.T.);
#14932 = ORIENTED_EDGE('',*,*,#14933,.T.);
#14933 = EDGE_CURVE('',#10487,#10942,#14934,.T.);
#14934 = LINE('',#14935,#14936);
#14935 = CARTESIAN_POINT('',(15.,12.259799957275,-2.438630104065));
#14936 = VECTOR('',#14937,1.);
#14937 = DIRECTION('',(-1.,0.,0.));
#14938 = ORIENTED_EDGE('',*,*,#10941,.T.);
#14939 = PLANE('',#14940);
#14940 = AXIS2_PLACEMENT_3D('',#14941,#14942,#14943);
#14941 = CARTESIAN_POINT('',(0.,12.379899978638,-1.219315052032));
#14942 = DIRECTION('',(0.,0.995184092062,-9.802358341831E-02));
#14943 = DIRECTION('',(0.,9.802358341831E-02,0.995184092062));
#14944 = ADVANCED_FACE('',(#14945),#14961,.F.);
#14945 = FACE_BOUND('',#14946,.F.);
#14946 = EDGE_LOOP('',(#14947,#14953,#14954,#14960));
#14947 = ORIENTED_EDGE('',*,*,#14948,.T.);
#14948 = EDGE_CURVE('',#10918,#10511,#14949,.T.);
#14949 = LINE('',#14950,#14951);
#14950 = CARTESIAN_POINT('',(-15.,11.548500061035,4.783539772034));
#14951 = VECTOR('',#14952,1.);
#14952 = DIRECTION('',(1.,0.,0.));
#14953 = ORIENTED_EDGE('',*,*,#10510,.T.);
#14954 = ORIENTED_EDGE('',*,*,#14955,.T.);
#14955 = EDGE_CURVE('',#10503,#10926,#14956,.T.);
#14956 = LINE('',#14957,#14958);
#14957 = CARTESIAN_POINT('',(15.,12.259799957275,2.438630104065));
#14958 = VECTOR('',#14959,1.);
#14959 = DIRECTION('',(-1.,0.,0.));
#14960 = ORIENTED_EDGE('',*,*,#10925,.T.);
#14961 = PLANE('',#14962);
#14962 = AXIS2_PLACEMENT_3D('',#14963,#14964,#14965);
#14963 = CARTESIAN_POINT('',(-3.284438740249E-16,11.904150009155,
    3.611084938049));
#14964 = DIRECTION('',(0.,0.956942679456,0.290276950922));
#14965 = DIRECTION('',(0.,-0.290276950922,0.956942679456));
#14966 = ADVANCED_FACE('',(#14967),#14983,.F.);
#14967 = FACE_BOUND('',#14968,.F.);
#14968 = EDGE_LOOP('',(#14969,#14970,#14976,#14977));
#14969 = ORIENTED_EDGE('',*,*,#10406,.T.);
#14970 = ORIENTED_EDGE('',*,*,#14971,.T.);
#14971 = EDGE_CURVE('',#10399,#11030,#14972,.T.);
#14972 = LINE('',#14973,#14974);
#14973 = CARTESIAN_POINT('',(15.,-8.838829994202,-8.838829994202));
#14974 = VECTOR('',#14975,1.);
#14975 = DIRECTION('',(-1.,0.,0.));
#14976 = ORIENTED_EDGE('',*,*,#11029,.T.);
#14977 = ORIENTED_EDGE('',*,*,#14978,.T.);
#14978 = EDGE_CURVE('',#11022,#10407,#14979,.T.);
#14979 = LINE('',#14980,#14981);
#14980 = CARTESIAN_POINT('',(-15.,-6.944630146027,-10.39340019226));
#14981 = VECTOR('',#14982,1.);
#14982 = DIRECTION('',(1.,0.,0.));
#14983 = PLANE('',#14984);
#14984 = AXIS2_PLACEMENT_3D('',#14985,#14986,#14987);
#14985 = CARTESIAN_POINT('',(0.,-7.891730070114,-9.616115093231));
#14986 = DIRECTION('',(-0.,-0.634403174021,-0.77300233686));
#14987 = DIRECTION('',(0.,-0.77300233686,0.634403174021));
#14988 = ADVANCED_FACE('',(#14989),#15000,.F.);
#14989 = FACE_BOUND('',#14990,.F.);
#14990 = EDGE_LOOP('',(#14991,#14992,#14993,#14994));
#14991 = ORIENTED_EDGE('',*,*,#10414,.T.);
#14992 = ORIENTED_EDGE('',*,*,#14978,.F.);
#14993 = ORIENTED_EDGE('',*,*,#11021,.T.);
#14994 = ORIENTED_EDGE('',*,*,#14995,.T.);
#14995 = EDGE_CURVE('',#11014,#10415,#14996,.T.);
#14996 = LINE('',#14997,#14998);
#14997 = CARTESIAN_POINT('',(-15.,-4.783539772034,-11.54850006103));
#14998 = VECTOR('',#14999,1.);
#14999 = DIRECTION('',(1.,0.,0.));
#15000 = PLANE('',#15001);
#15001 = AXIS2_PLACEMENT_3D('',#15002,#15003,#15004);
#15002 = CARTESIAN_POINT('',(0.,-5.86408495903,-10.97095012664));
#15003 = DIRECTION('',(-0.,-0.47138816616,-0.881925845411));
#15004 = DIRECTION('',(0.,-0.881925845411,0.47138816616));
#15005 = ADVANCED_FACE('',(#15006),#15022,.F.);
#15006 = FACE_BOUND('',#15007,.F.);
#15007 = EDGE_LOOP('',(#15008,#15009,#15015,#15016));
#15008 = ORIENTED_EDGE('',*,*,#10542,.T.);
#15009 = ORIENTED_EDGE('',*,*,#15010,.T.);
#15010 = EDGE_CURVE('',#10535,#10894,#15011,.T.);
#15011 = LINE('',#15012,#15013);
#15012 = CARTESIAN_POINT('',(15.,6.944630146027,10.393400192261));
#15013 = VECTOR('',#15014,1.);
#15014 = DIRECTION('',(-1.,0.,0.));
#15015 = ORIENTED_EDGE('',*,*,#10893,.T.);
#15016 = ORIENTED_EDGE('',*,*,#15017,.T.);
#15017 = EDGE_CURVE('',#10886,#10543,#15018,.T.);
#15018 = LINE('',#15019,#15020);
#15019 = CARTESIAN_POINT('',(-15.,4.783539772034,11.548500061035));
#15020 = VECTOR('',#15021,1.);
#15021 = DIRECTION('',(1.,0.,0.));
#15022 = PLANE('',#15023);
#15023 = AXIS2_PLACEMENT_3D('',#15024,#15025,#15026);
#15024 = CARTESIAN_POINT('',(4.379251146495E-16,5.86408495903,
    10.970950126648));
#15025 = DIRECTION('',(0.,0.47138816616,0.881925845411));
#15026 = DIRECTION('',(0.,0.881925845411,-0.47138816616));
#15027 = ADVANCED_FACE('',(#15028),#15044,.F.);
#15028 = FACE_BOUND('',#15029,.F.);
#15029 = EDGE_LOOP('',(#15030,#15036,#15037,#15043));
#15030 = ORIENTED_EDGE('',*,*,#15031,.T.);
#15031 = EDGE_CURVE('',#10623,#11062,#15032,.T.);
#15032 = LINE('',#15033,#15034);
#15033 = CARTESIAN_POINT('',(15.,-12.5,0.));
#15034 = VECTOR('',#15035,1.);
#15035 = DIRECTION('',(-1.,0.,0.));
#15036 = ORIENTED_EDGE('',*,*,#11061,.T.);
#15037 = ORIENTED_EDGE('',*,*,#15038,.T.);
#15038 = EDGE_CURVE('',#11054,#10383,#15039,.T.);
#15039 = LINE('',#15040,#15041);
#15040 = CARTESIAN_POINT('',(-15.,-12.25979995727,-2.438630104065));
#15041 = VECTOR('',#15042,1.);
#15042 = DIRECTION('',(1.,0.,0.));
#15043 = ORIENTED_EDGE('',*,*,#10630,.T.);
#15044 = PLANE('',#15045);
#15045 = AXIS2_PLACEMENT_3D('',#15046,#15047,#15048);
#15046 = CARTESIAN_POINT('',(0.,-12.37989997863,-1.219315052032));
#15047 = DIRECTION('',(-0.,-0.995184092062,-9.802358341831E-02));
#15048 = DIRECTION('',(0.,9.802358341831E-02,-0.995184092062));
#15049 = ADVANCED_FACE('',(#15050),#15061,.F.);
#15050 = FACE_BOUND('',#15051,.F.);
#15051 = EDGE_LOOP('',(#15052,#15053,#15054,#15060));
#15052 = ORIENTED_EDGE('',*,*,#15038,.F.);
#15053 = ORIENTED_EDGE('',*,*,#11053,.T.);
#15054 = ORIENTED_EDGE('',*,*,#15055,.T.);
#15055 = EDGE_CURVE('',#11046,#10381,#15056,.T.);
#15056 = LINE('',#15057,#15058);
#15057 = CARTESIAN_POINT('',(-15.,-11.54850006103,-4.783539772034));
#15058 = VECTOR('',#15059,1.);
#15059 = DIRECTION('',(1.,0.,0.));
#15060 = ORIENTED_EDGE('',*,*,#10380,.T.);
#15061 = PLANE('',#15062);
#15062 = AXIS2_PLACEMENT_3D('',#15063,#15064,#15065);
#15063 = CARTESIAN_POINT('',(3.284438740249E-16,-11.90415000915,
    -3.611084938049));
#15064 = DIRECTION('',(-0.,-0.956942679456,-0.290276950922));
#15065 = DIRECTION('',(0.,0.290276950922,-0.956942679456));
#15066 = ADVANCED_FACE('',(#15067),#15078,.F.);
#15067 = FACE_BOUND('',#15068,.F.);
#15068 = EDGE_LOOP('',(#15069,#15070,#15071,#15077));
#15069 = ORIENTED_EDGE('',*,*,#14794,.F.);
#15070 = ORIENTED_EDGE('',*,*,#10838,.F.);
#15071 = ORIENTED_EDGE('',*,*,#15072,.T.);
#15072 = EDGE_CURVE('',#10831,#10607,#15073,.T.);
#15073 = LINE('',#15074,#15075);
#15074 = CARTESIAN_POINT('',(-15.,-11.54850006103,4.783539772034));
#15075 = VECTOR('',#15076,1.);
#15076 = DIRECTION('',(1.,0.,0.));
#15077 = ORIENTED_EDGE('',*,*,#10606,.T.);
#15078 = PLANE('',#15079);
#15079 = AXIS2_PLACEMENT_3D('',#15080,#15081,#15082);
#15080 = CARTESIAN_POINT('',(-3.284438359871E-16,-10.97095012664,
    5.86408495903));
#15081 = DIRECTION('',(-0.,-0.881925845411,0.47138816616));
#15082 = DIRECTION('',(0.,-0.47138816616,-0.881925845411));
#15083 = ADVANCED_FACE('',(#15084),#15090,.F.);
#15084 = FACE_BOUND('',#15085,.F.);
#15085 = EDGE_LOOP('',(#15086,#15087,#15088,#15089));
#15086 = ORIENTED_EDGE('',*,*,#10566,.T.);
#15087 = ORIENTED_EDGE('',*,*,#14834,.F.);
#15088 = ORIENTED_EDGE('',*,*,#10869,.F.);
#15089 = ORIENTED_EDGE('',*,*,#10798,.F.);
#15090 = PLANE('',#15091);
#15091 = AXIS2_PLACEMENT_3D('',#15092,#15093,#15094);
#15092 = CARTESIAN_POINT('',(0.,-1.219315052032,12.379899978638));
#15093 = DIRECTION('',(0.,-9.802358341831E-02,0.995184092062));
#15094 = DIRECTION('',(0.,0.995184092062,9.802358341831E-02));
#15095 = ADVANCED_FACE('',(#15096),#15107,.F.);
#15096 = FACE_BOUND('',#15097,.F.);
#15097 = EDGE_LOOP('',(#15098,#15099,#15100,#15106));
#15098 = ORIENTED_EDGE('',*,*,#15055,.F.);
#15099 = ORIENTED_EDGE('',*,*,#11045,.F.);
#15100 = ORIENTED_EDGE('',*,*,#15101,.T.);
#15101 = EDGE_CURVE('',#11038,#10391,#15102,.T.);
#15102 = LINE('',#15103,#15104);
#15103 = CARTESIAN_POINT('',(-15.,-10.39340019226,-6.944630146027));
#15104 = VECTOR('',#15105,1.);
#15105 = DIRECTION('',(1.,0.,0.));
#15106 = ORIENTED_EDGE('',*,*,#10390,.F.);
#15107 = PLANE('',#15108);
#15108 = AXIS2_PLACEMENT_3D('',#15109,#15110,#15111);
#15109 = CARTESIAN_POINT('',(-3.284438359871E-16,-10.97095012664,
    -5.86408495903));
#15110 = DIRECTION('',(-0.,-0.881925845411,-0.47138816616));
#15111 = DIRECTION('',(0.,0.47138816616,-0.881925845411));
#15112 = ADVANCED_FACE('',(#15113),#15124,.F.);
#15113 = FACE_BOUND('',#15114,.F.);
#15114 = EDGE_LOOP('',(#15115,#15121,#15122,#15123));
#15115 = ORIENTED_EDGE('',*,*,#15116,.T.);
#15116 = EDGE_CURVE('',#10950,#10479,#15117,.T.);
#15117 = LINE('',#15118,#15119);
#15118 = CARTESIAN_POINT('',(-15.,11.548500061035,-4.783539772034));
#15119 = VECTOR('',#15120,1.);
#15120 = DIRECTION('',(1.,0.,0.));
#15121 = ORIENTED_EDGE('',*,*,#10478,.F.);
#15122 = ORIENTED_EDGE('',*,*,#14909,.F.);
#15123 = ORIENTED_EDGE('',*,*,#10957,.F.);
#15124 = PLANE('',#15125);
#15125 = AXIS2_PLACEMENT_3D('',#15126,#15127,#15128);
#15126 = CARTESIAN_POINT('',(-1.094812786624E-16,10.970950126648,
    -5.86408495903));
#15127 = DIRECTION('',(0.,0.881925845411,-0.47138816616));
#15128 = DIRECTION('',(0.,0.47138816616,0.881925845411));
#15129 = ADVANCED_FACE('',(#15130),#15146,.F.);
#15130 = FACE_BOUND('',#15131,.F.);
#15131 = EDGE_LOOP('',(#15132,#15138,#15139,#15145));
#15132 = ORIENTED_EDGE('',*,*,#15133,.T.);
#15133 = EDGE_CURVE('',#10902,#10527,#15134,.T.);
#15134 = LINE('',#15135,#15136);
#15135 = CARTESIAN_POINT('',(-15.,8.838829994202,8.838829994202));
#15136 = VECTOR('',#15137,1.);
#15137 = DIRECTION('',(1.,0.,0.));
#15138 = ORIENTED_EDGE('',*,*,#10526,.F.);
#15139 = ORIENTED_EDGE('',*,*,#15140,.T.);
#15140 = EDGE_CURVE('',#10519,#10910,#15141,.T.);
#15141 = LINE('',#15142,#15143);
#15142 = CARTESIAN_POINT('',(15.,10.393400192261,6.944630146027));
#15143 = VECTOR('',#15144,1.);
#15144 = DIRECTION('',(-1.,0.,0.));
#15145 = ORIENTED_EDGE('',*,*,#10909,.F.);
#15146 = PLANE('',#15147);
#15147 = AXIS2_PLACEMENT_3D('',#15148,#15149,#15150);
#15148 = CARTESIAN_POINT('',(-2.189624000177E-16,9.616115093231,
    7.891730070114));
#15149 = DIRECTION('',(0.,0.77300233686,0.634403174021));
#15150 = DIRECTION('',(0.,-0.634403174021,0.77300233686));
#15151 = ADVANCED_FACE('',(#15152),#15158,.F.);
#15152 = FACE_BOUND('',#15153,.F.);
#15153 = EDGE_LOOP('',(#15154,#15155,#15156,#15157));
#15154 = ORIENTED_EDGE('',*,*,#15140,.F.);
#15155 = ORIENTED_EDGE('',*,*,#10518,.F.);
#15156 = ORIENTED_EDGE('',*,*,#14948,.F.);
#15157 = ORIENTED_EDGE('',*,*,#10917,.F.);
#15158 = PLANE('',#15159);
#15159 = AXIS2_PLACEMENT_3D('',#15160,#15161,#15162);
#15160 = CARTESIAN_POINT('',(-1.094812786624E-16,10.970950126648,
    5.86408495903));
#15161 = DIRECTION('',(0.,0.881925845411,0.47138816616));
#15162 = DIRECTION('',(0.,-0.47138816616,0.881925845411));
#15163 = ADVANCED_FACE('',(#15164),#15170,.F.);
#15164 = FACE_BOUND('',#15165,.F.);
#15165 = EDGE_LOOP('',(#15166,#15167,#15168,#15169));
#15166 = ORIENTED_EDGE('',*,*,#10550,.F.);
#15167 = ORIENTED_EDGE('',*,*,#15017,.F.);
#15168 = ORIENTED_EDGE('',*,*,#10885,.F.);
#15169 = ORIENTED_EDGE('',*,*,#14827,.F.);
#15170 = PLANE('',#15171);
#15171 = AXIS2_PLACEMENT_3D('',#15172,#15173,#15174);
#15172 = CARTESIAN_POINT('',(0.,3.611084938049,11.904150009155));
#15173 = DIRECTION('',(0.,0.290276950922,0.956942679456));
#15174 = DIRECTION('',(0.,0.956942679456,-0.290276950922));
#15175 = ADVANCED_FACE('',(#15176),#15187,.F.);
#15176 = FACE_BOUND('',#15177,.F.);
#15177 = EDGE_LOOP('',(#15178,#15179,#15180,#15181));
#15178 = ORIENTED_EDGE('',*,*,#10422,.F.);
#15179 = ORIENTED_EDGE('',*,*,#14995,.F.);
#15180 = ORIENTED_EDGE('',*,*,#11013,.F.);
#15181 = ORIENTED_EDGE('',*,*,#15182,.T.);
#15182 = EDGE_CURVE('',#11006,#10423,#15183,.T.);
#15183 = LINE('',#15184,#15185);
#15184 = CARTESIAN_POINT('',(-15.,-2.438630104065,-12.25979995727));
#15185 = VECTOR('',#15186,1.);
#15186 = DIRECTION('',(1.,0.,0.));
#15187 = PLANE('',#15188);
#15188 = AXIS2_PLACEMENT_3D('',#15189,#15190,#15191);
#15189 = CARTESIAN_POINT('',(0.,-3.611084938049,-11.90415000915));
#15190 = DIRECTION('',(-0.,-0.290276950922,-0.956942679456));
#15191 = DIRECTION('',(0.,-0.956942679456,0.290276950922));
#15192 = ADVANCED_FACE('',(#15193),#15199,.F.);
#15193 = FACE_BOUND('',#15194,.F.);
#15194 = EDGE_LOOP('',(#15195,#15196,#15197,#15198));
#15195 = ORIENTED_EDGE('',*,*,#10454,.F.);
#15196 = ORIENTED_EDGE('',*,*,#14873,.F.);
#15197 = ORIENTED_EDGE('',*,*,#10981,.F.);
#15198 = ORIENTED_EDGE('',*,*,#14888,.F.);
#15199 = PLANE('',#15200);
#15200 = AXIS2_PLACEMENT_3D('',#15201,#15202,#15203);
#15201 = CARTESIAN_POINT('',(0.,5.86408495903,-10.97095012664));
#15202 = DIRECTION('',(-0.,0.47138816616,-0.881925845411));
#15203 = DIRECTION('',(0.,-0.881925845411,-0.47138816616));
#15204 = ADVANCED_FACE('',(#15205),#15211,.F.);
#15205 = FACE_BOUND('',#15206,.F.);
#15206 = EDGE_LOOP('',(#15207,#15208,#15209,#15210));
#15207 = ORIENTED_EDGE('',*,*,#14955,.F.);
#15208 = ORIENTED_EDGE('',*,*,#10502,.F.);
#15209 = ORIENTED_EDGE('',*,*,#14926,.F.);
#15210 = ORIENTED_EDGE('',*,*,#10933,.F.);
#15211 = PLANE('',#15212);
#15212 = AXIS2_PLACEMENT_3D('',#15213,#15214,#15215);
#15213 = CARTESIAN_POINT('',(0.,12.379899978638,1.219315052032));
#15214 = DIRECTION('',(0.,0.995184092062,9.802358341831E-02));
#15215 = DIRECTION('',(0.,-9.802358341831E-02,0.995184092062));
#15216 = ADVANCED_FACE('',(#15217),#15223,.F.);
#15217 = FACE_BOUND('',#15218,.F.);
#15218 = EDGE_LOOP('',(#15219,#15220,#15221,#15222));
#15219 = ORIENTED_EDGE('',*,*,#10534,.F.);
#15220 = ORIENTED_EDGE('',*,*,#15133,.F.);
#15221 = ORIENTED_EDGE('',*,*,#10901,.F.);
#15222 = ORIENTED_EDGE('',*,*,#15010,.F.);
#15223 = PLANE('',#15224);
#15224 = AXIS2_PLACEMENT_3D('',#15225,#15226,#15227);
#15225 = CARTESIAN_POINT('',(0.,7.891730070114,9.616115093231));
#15226 = DIRECTION('',(0.,0.634403174021,0.77300233686));
#15227 = DIRECTION('',(0.,0.77300233686,-0.634403174021));
#15228 = ADVANCED_FACE('',(#15229),#15235,.F.);
#15229 = FACE_BOUND('',#15230,.F.);
#15230 = EDGE_LOOP('',(#15231,#15232,#15233,#15234));
#15231 = ORIENTED_EDGE('',*,*,#10430,.F.);
#15232 = ORIENTED_EDGE('',*,*,#15182,.F.);
#15233 = ORIENTED_EDGE('',*,*,#11005,.F.);
#15234 = ORIENTED_EDGE('',*,*,#14849,.F.);
#15235 = PLANE('',#15236);
#15236 = AXIS2_PLACEMENT_3D('',#15237,#15238,#15239);
#15237 = CARTESIAN_POINT('',(0.,-1.219315052032,-12.37989997863));
#15238 = DIRECTION('',(-0.,-9.802358341831E-02,-0.995184092062));
#15239 = DIRECTION('',(0.,-0.995184092062,9.802358341831E-02));
#15240 = ADVANCED_FACE('',(#15241),#15247,.F.);
#15241 = FACE_BOUND('',#15242,.F.);
#15242 = EDGE_LOOP('',(#15243,#15244,#15245,#15246));
#15243 = ORIENTED_EDGE('',*,*,#10590,.F.);
#15244 = ORIENTED_EDGE('',*,*,#14812,.F.);
#15245 = ORIENTED_EDGE('',*,*,#10854,.F.);
#15246 = ORIENTED_EDGE('',*,*,#14787,.F.);
#15247 = PLANE('',#15248);
#15248 = AXIS2_PLACEMENT_3D('',#15249,#15250,#15251);
#15249 = CARTESIAN_POINT('',(0.,-7.891730070114,9.616115093231));
#15250 = DIRECTION('',(0.,-0.634403174021,0.77300233686));
#15251 = DIRECTION('',(0.,0.77300233686,0.634403174021));
#15252 = ADVANCED_FACE('',(#15253),#15259,.F.);
#15253 = FACE_BOUND('',#15254,.F.);
#15254 = EDGE_LOOP('',(#15255,#15256,#15257,#15258));
#15255 = ORIENTED_EDGE('',*,*,#15101,.F.);
#15256 = ORIENTED_EDGE('',*,*,#11037,.F.);
#15257 = ORIENTED_EDGE('',*,*,#14971,.F.);
#15258 = ORIENTED_EDGE('',*,*,#10398,.F.);
#15259 = PLANE('',#15260);
#15260 = AXIS2_PLACEMENT_3D('',#15261,#15262,#15263);
#15261 = CARTESIAN_POINT('',(2.189624000177E-16,-9.616115093231,
    -7.891730070114));
#15262 = DIRECTION('',(-0.,-0.77300233686,-0.634403174021));
#15263 = DIRECTION('',(0.,0.634403174021,-0.77300233686));
#15264 = ADVANCED_FACE('',(#15265),#15276,.F.);
#15265 = FACE_BOUND('',#15266,.F.);
#15266 = EDGE_LOOP('',(#15267,#15268,#15269,#15275));
#15267 = ORIENTED_EDGE('',*,*,#15072,.F.);
#15268 = ORIENTED_EDGE('',*,*,#10828,.F.);
#15269 = ORIENTED_EDGE('',*,*,#15270,.T.);
#15270 = EDGE_CURVE('',#10829,#10615,#15271,.T.);
#15271 = LINE('',#15272,#15273);
#15272 = CARTESIAN_POINT('',(-15.,-12.25979995727,2.438630104065));
#15273 = VECTOR('',#15274,1.);
#15274 = DIRECTION('',(1.,0.,0.));
#15275 = ORIENTED_EDGE('',*,*,#10614,.F.);
#15276 = PLANE('',#15277);
#15277 = AXIS2_PLACEMENT_3D('',#15278,#15279,#15280);
#15278 = CARTESIAN_POINT('',(3.284438740249E-16,-11.90415000915,
    3.611084938049));
#15279 = DIRECTION('',(-0.,-0.956942679456,0.290276950922));
#15280 = DIRECTION('',(0.,-0.290276950922,-0.956942679456));
#15281 = ADVANCED_FACE('',(#15282),#15288,.F.);
#15282 = FACE_BOUND('',#15283,.F.);
#15283 = EDGE_LOOP('',(#15284,#15285,#15286,#15287));
#15284 = ORIENTED_EDGE('',*,*,#14933,.F.);
#15285 = ORIENTED_EDGE('',*,*,#10486,.F.);
#15286 = ORIENTED_EDGE('',*,*,#15116,.F.);
#15287 = ORIENTED_EDGE('',*,*,#10949,.F.);
#15288 = PLANE('',#15289);
#15289 = AXIS2_PLACEMENT_3D('',#15290,#15291,#15292);
#15290 = CARTESIAN_POINT('',(1.094812913416E-16,11.904150009155,
    -3.611084938049));
#15291 = DIRECTION('',(0.,0.956942679456,-0.290276950922));
#15292 = DIRECTION('',(0.,0.290276950922,0.956942679456));
#15293 = ADVANCED_FACE('',(#15294),#15300,.F.);
#15294 = FACE_BOUND('',#15295,.F.);
#15295 = EDGE_LOOP('',(#15296,#15297,#15298,#15299));
#15296 = ORIENTED_EDGE('',*,*,#15270,.F.);
#15297 = ORIENTED_EDGE('',*,*,#11069,.F.);
#15298 = ORIENTED_EDGE('',*,*,#15031,.F.);
#15299 = ORIENTED_EDGE('',*,*,#10622,.F.);
#15300 = PLANE('',#15301);
#15301 = AXIS2_PLACEMENT_3D('',#15302,#15303,#15304);
#15302 = CARTESIAN_POINT('',(0.,-12.37989997863,1.219315052032));
#15303 = DIRECTION('',(-0.,-0.995184092062,9.802358341831E-02));
#15304 = DIRECTION('',(0.,-9.802358341831E-02,-0.995184092062));
#15305 = ADVANCED_FACE('',(#15306),#15317,.F.);
#15306 = FACE_BOUND('',#15307,.F.);
#15307 = EDGE_LOOP('',(#15308,#15309,#15310,#15311));
#15308 = ORIENTED_EDGE('',*,*,#11175,.F.);
#15309 = ORIENTED_EDGE('',*,*,#14690,.F.);
#15310 = ORIENTED_EDGE('',*,*,#11517,.T.);
#15311 = ORIENTED_EDGE('',*,*,#15312,.T.);
#15312 = EDGE_CURVE('',#11510,#11176,#15313,.T.);
#15313 = LINE('',#15314,#15315);
#15314 = CARTESIAN_POINT('',(-25.,4.242640018463,-4.242640018463));
#15315 = VECTOR('',#15316,1.);
#15316 = DIRECTION('',(1.,0.,0.));
#15317 = PLANE('',#15318);
#15318 = AXIS2_PLACEMENT_3D('',#15319,#15320,#15321);
#15319 = CARTESIAN_POINT('',(-20.,3.788030028343,-4.615730047226));
#15320 = DIRECTION('',(-0.,0.634394556031,-0.773009409567));
#15321 = DIRECTION('',(0.,-0.773009409567,-0.634394556031));
#15322 = ADVANCED_FACE('',(#15323),#15334,.F.);
#15323 = FACE_BOUND('',#15324,.F.);
#15324 = EDGE_LOOP('',(#15325,#15326,#15327,#15328));
#15325 = ORIENTED_EDGE('',*,*,#9197,.T.);
#15326 = ORIENTED_EDGE('',*,*,#10249,.F.);
#15327 = ORIENTED_EDGE('',*,*,#10756,.F.);
#15328 = ORIENTED_EDGE('',*,*,#15329,.T.);
#15329 = EDGE_CURVE('',#10749,#9198,#15330,.T.);
#15330 = LINE('',#15331,#15332);
#15331 = CARTESIAN_POINT('',(15.,4.242640018463,-4.242640018463));
#15332 = VECTOR('',#15333,1.);
#15333 = DIRECTION('',(1.,0.,0.));
#15334 = PLANE('',#15335);
#15335 = AXIS2_PLACEMENT_3D('',#15336,#15337,#15338);
#15336 = CARTESIAN_POINT('',(20.,3.788030028343,-4.615730047226));
#15337 = DIRECTION('',(-0.,0.634394556031,-0.773009409567));
#15338 = DIRECTION('',(0.,-0.773009409567,-0.634394556031));
#15339 = ADVANCED_FACE('',(#15340),#15351,.F.);
#15340 = FACE_BOUND('',#15341,.F.);
#15341 = EDGE_LOOP('',(#15342,#15343,#15344,#15345));
#15342 = ORIENTED_EDGE('',*,*,#11247,.F.);
#15343 = ORIENTED_EDGE('',*,*,#11885,.F.);
#15344 = ORIENTED_EDGE('',*,*,#11445,.T.);
#15345 = ORIENTED_EDGE('',*,*,#15346,.T.);
#15346 = EDGE_CURVE('',#11438,#11248,#15347,.T.);
#15347 = LINE('',#15348,#15349);
#15348 = CARTESIAN_POINT('',(-25.,3.333420038223,4.988820075989));
#15349 = VECTOR('',#15350,1.);
#15350 = DIRECTION('',(1.,0.,0.));
#15351 = PLANE('',#15352);
#15352 = AXIS2_PLACEMENT_3D('',#15353,#15354,#15355);
#15353 = CARTESIAN_POINT('',(-20.,3.788030028343,4.615730047226));
#15354 = DIRECTION('',(0.,0.634394556031,0.773009409567));
#15355 = DIRECTION('',(0.,0.773009409567,-0.634394556031));
#15356 = ADVANCED_FACE('',(#15357),#15368,.F.);
#15357 = FACE_BOUND('',#15358,.F.);
#15358 = EDGE_LOOP('',(#15359,#15360,#15361,#15362));
#15359 = ORIENTED_EDGE('',*,*,#9269,.T.);
#15360 = ORIENTED_EDGE('',*,*,#10184,.F.);
#15361 = ORIENTED_EDGE('',*,*,#10709,.F.);
#15362 = ORIENTED_EDGE('',*,*,#15363,.T.);
#15363 = EDGE_CURVE('',#10702,#9270,#15364,.T.);
#15364 = LINE('',#15365,#15366);
#15365 = CARTESIAN_POINT('',(15.,3.333420038223,4.988820075989));
#15366 = VECTOR('',#15367,1.);
#15367 = DIRECTION('',(1.,0.,0.));
#15368 = PLANE('',#15369);
#15369 = AXIS2_PLACEMENT_3D('',#15370,#15371,#15372);
#15370 = CARTESIAN_POINT('',(20.,3.788030028343,4.615730047226));
#15371 = DIRECTION('',(0.,0.634394556031,0.773009409567));
#15372 = DIRECTION('',(0.,0.773009409567,-0.634394556031));
#15373 = ADVANCED_FACE('',(#15374),#15385,.F.);
#15374 = FACE_BOUND('',#15375,.F.);
#15375 = EDGE_LOOP('',(#15376,#15377,#15383,#15384));
#15376 = ORIENTED_EDGE('',*,*,#11295,.F.);
#15377 = ORIENTED_EDGE('',*,*,#15378,.T.);
#15378 = EDGE_CURVE('',#11288,#11398,#15379,.T.);
#15379 = LINE('',#15380,#15381);
#15380 = CARTESIAN_POINT('',(-15.,-2.296099901199,5.543280124664));
#15381 = VECTOR('',#15382,1.);
#15382 = DIRECTION('',(-1.,0.,0.));
#15383 = ORIENTED_EDGE('',*,*,#11397,.T.);
#15384 = ORIENTED_EDGE('',*,*,#11342,.F.);
#15385 = PLANE('',#15386);
#15386 = AXIS2_PLACEMENT_3D('',#15387,#15388,#15389);
#15387 = CARTESIAN_POINT('',(-20.,-2.814759969711,5.266050100327));
#15388 = DIRECTION('',(0.,-0.471397321313,0.881920951933));
#15389 = DIRECTION('',(0.,0.881920951933,0.471397321313));
#15390 = ADVANCED_FACE('',(#15391),#15402,.F.);
#15391 = FACE_BOUND('',#15392,.F.);
#15392 = EDGE_LOOP('',(#15393,#15394,#15400,#15401));
#15393 = ORIENTED_EDGE('',*,*,#9317,.F.);
#15394 = ORIENTED_EDGE('',*,*,#15395,.T.);
#15395 = EDGE_CURVE('',#9310,#10662,#15396,.T.);
#15396 = LINE('',#15397,#15398);
#15397 = CARTESIAN_POINT('',(25.,-2.296099901199,5.543280124664));
#15398 = VECTOR('',#15399,1.);
#15399 = DIRECTION('',(-1.,0.,0.));
#15400 = ORIENTED_EDGE('',*,*,#10661,.F.);
#15401 = ORIENTED_EDGE('',*,*,#10123,.F.);
#15402 = PLANE('',#15403);
#15403 = AXIS2_PLACEMENT_3D('',#15404,#15405,#15406);
#15404 = CARTESIAN_POINT('',(20.,-2.814759969711,5.266050100327));
#15405 = DIRECTION('',(0.,-0.471397321313,0.881920951933));
#15406 = DIRECTION('',(0.,0.881920951933,0.471397321313));
#15407 = ADVANCED_FACE('',(#15408),#15419,.F.);
#15408 = FACE_BOUND('',#15409,.F.);
#15409 = EDGE_LOOP('',(#15410,#15411,#15417,#15418));
#15410 = ORIENTED_EDGE('',*,*,#11127,.F.);
#15411 = ORIENTED_EDGE('',*,*,#15412,.T.);
#15412 = EDGE_CURVE('',#11120,#11566,#15413,.T.);
#15413 = LINE('',#15414,#15415);
#15414 = CARTESIAN_POINT('',(-15.,-3.333420038223,-4.988820075989));
#15415 = VECTOR('',#15416,1.);
#15416 = DIRECTION('',(-1.,0.,0.));
#15417 = ORIENTED_EDGE('',*,*,#11565,.T.);
#15418 = ORIENTED_EDGE('',*,*,#13458,.T.);
#15419 = PLANE('',#15420);
#15420 = AXIS2_PLACEMENT_3D('',#15421,#15422,#15423);
#15421 = CARTESIAN_POINT('',(-20.,-2.814759969711,-5.266050100327));
#15422 = DIRECTION('',(-0.,-0.471397321313,-0.881920951933));
#15423 = DIRECTION('',(0.,-0.881920951933,0.471397321313));
#15424 = ADVANCED_FACE('',(#15425),#15436,.F.);
#15425 = FACE_BOUND('',#15426,.F.);
#15426 = EDGE_LOOP('',(#15427,#15428,#15434,#15435));
#15427 = ORIENTED_EDGE('',*,*,#9179,.F.);
#15428 = ORIENTED_EDGE('',*,*,#15429,.T.);
#15429 = EDGE_CURVE('',#9172,#10768,#15430,.T.);
#15430 = LINE('',#15431,#15432);
#15431 = CARTESIAN_POINT('',(25.,-3.333420038223,-4.988820075989));
#15432 = VECTOR('',#15433,1.);
#15433 = DIRECTION('',(-1.,0.,0.));
#15434 = ORIENTED_EDGE('',*,*,#10767,.F.);
#15435 = ORIENTED_EDGE('',*,*,#7550,.T.);
#15436 = PLANE('',#15437);
#15437 = AXIS2_PLACEMENT_3D('',#15438,#15439,#15440);
#15438 = CARTESIAN_POINT('',(20.,-2.814759969711,-5.266050100327));
#15439 = DIRECTION('',(-0.,-0.471397321313,-0.881920951933));
#15440 = DIRECTION('',(0.,-0.881920951933,0.471397321313));
#15441 = ADVANCED_FACE('',(#15442),#15458,.F.);
#15442 = FACE_BOUND('',#15443,.F.);
#15443 = EDGE_LOOP('',(#15444,#15450,#15451,#15457));
#15444 = ORIENTED_EDGE('',*,*,#15445,.T.);
#15445 = EDGE_CURVE('',#11462,#11224,#15446,.T.);
#15446 = LINE('',#15447,#15448);
#15447 = CARTESIAN_POINT('',(-25.,5.543280124664,2.296099901199));
#15448 = VECTOR('',#15449,1.);
#15449 = DIRECTION('',(1.,0.,0.));
#15450 = ORIENTED_EDGE('',*,*,#11223,.F.);
#15451 = ORIENTED_EDGE('',*,*,#15452,.T.);
#15452 = EDGE_CURVE('',#11216,#11470,#15453,.T.);
#15453 = LINE('',#15454,#15455);
#15454 = CARTESIAN_POINT('',(-15.,5.884709835052,1.170539975166));
#15455 = VECTOR('',#15456,1.);
#15456 = DIRECTION('',(-1.,0.,0.));
#15457 = ORIENTED_EDGE('',*,*,#11469,.T.);
#15458 = PLANE('',#15459);
#15459 = AXIS2_PLACEMENT_3D('',#15460,#15461,#15462);
#15460 = CARTESIAN_POINT('',(-20.,5.713994979858,1.733319938183));
#15461 = DIRECTION('',(0.,0.956941554453,0.290280659642));
#15462 = DIRECTION('',(0.,-0.290280659642,0.956941554453));
#15463 = ADVANCED_FACE('',(#15464),#15480,.F.);
#15464 = FACE_BOUND('',#15465,.F.);
#15465 = EDGE_LOOP('',(#15466,#15472,#15473,#15479));
#15466 = ORIENTED_EDGE('',*,*,#15467,.T.);
#15467 = EDGE_CURVE('',#10717,#9246,#15468,.T.);
#15468 = LINE('',#15469,#15470);
#15469 = CARTESIAN_POINT('',(15.,5.543280124664,2.296099901199));
#15470 = VECTOR('',#15471,1.);
#15471 = DIRECTION('',(1.,0.,0.));
#15472 = ORIENTED_EDGE('',*,*,#9245,.F.);
#15473 = ORIENTED_EDGE('',*,*,#15474,.T.);
#15474 = EDGE_CURVE('',#9238,#10725,#15475,.T.);
#15475 = LINE('',#15476,#15477);
#15476 = CARTESIAN_POINT('',(25.,5.884709835052,1.170539975166));
#15477 = VECTOR('',#15478,1.);
#15478 = DIRECTION('',(-1.,0.,0.));
#15479 = ORIENTED_EDGE('',*,*,#10724,.F.);
#15480 = PLANE('',#15481);
#15481 = AXIS2_PLACEMENT_3D('',#15482,#15483,#15484);
#15482 = CARTESIAN_POINT('',(20.,5.713994979858,1.733319938183));
#15483 = DIRECTION('',(0.,0.956941554453,0.290280659642));
#15484 = DIRECTION('',(0.,-0.290280659642,0.956941554453));
#15485 = ADVANCED_FACE('',(#15486),#15492,.F.);
#15486 = FACE_BOUND('',#15487,.F.);
#15487 = EDGE_LOOP('',(#15488,#15489,#15490,#15491));
#15488 = ORIENTED_EDGE('',*,*,#11931,.F.);
#15489 = ORIENTED_EDGE('',*,*,#11183,.F.);
#15490 = ORIENTED_EDGE('',*,*,#15312,.F.);
#15491 = ORIENTED_EDGE('',*,*,#11509,.T.);
#15492 = PLANE('',#15493);
#15493 = AXIS2_PLACEMENT_3D('',#15494,#15495,#15496);
#15494 = CARTESIAN_POINT('',(-20.,4.615730047226,-3.788030028343));
#15495 = DIRECTION('',(0.,0.773009409567,-0.634394556031));
#15496 = DIRECTION('',(0.,0.634394556031,0.773009409567));
#15497 = ADVANCED_FACE('',(#15498),#15504,.F.);
#15498 = FACE_BOUND('',#15499,.F.);
#15499 = EDGE_LOOP('',(#15500,#15501,#15502,#15503));
#15500 = ORIENTED_EDGE('',*,*,#10217,.F.);
#15501 = ORIENTED_EDGE('',*,*,#9205,.F.);
#15502 = ORIENTED_EDGE('',*,*,#15329,.F.);
#15503 = ORIENTED_EDGE('',*,*,#10748,.F.);
#15504 = PLANE('',#15505);
#15505 = AXIS2_PLACEMENT_3D('',#15506,#15507,#15508);
#15506 = CARTESIAN_POINT('',(20.,4.615730047226,-3.788030028343));
#15507 = DIRECTION('',(0.,0.773009409567,-0.634394556031));
#15508 = DIRECTION('',(0.,0.634394556031,0.773009409567));
#15509 = ADVANCED_FACE('',(#15510),#15521,.F.);
#15510 = FACE_BOUND('',#15511,.F.);
#15511 = EDGE_LOOP('',(#15512,#15513,#15514,#15520));
#15512 = ORIENTED_EDGE('',*,*,#15452,.F.);
#15513 = ORIENTED_EDGE('',*,*,#11215,.F.);
#15514 = ORIENTED_EDGE('',*,*,#15515,.T.);
#15515 = EDGE_CURVE('',#11208,#11478,#15516,.T.);
#15516 = LINE('',#15517,#15518);
#15517 = CARTESIAN_POINT('',(-15.,6.,0.));
#15518 = VECTOR('',#15519,1.);
#15519 = DIRECTION('',(-1.,0.,0.));
#15520 = ORIENTED_EDGE('',*,*,#11477,.T.);
#15521 = PLANE('',#15522);
#15522 = AXIS2_PLACEMENT_3D('',#15523,#15524,#15525);
#15523 = CARTESIAN_POINT('',(-20.,5.942354917526,0.585269987583));
#15524 = DIRECTION('',(0.,0.99518455748,9.801885815031E-02));
#15525 = DIRECTION('',(0.,-9.801885815031E-02,0.99518455748));
#15526 = ADVANCED_FACE('',(#15527),#15538,.F.);
#15527 = FACE_BOUND('',#15528,.F.);
#15528 = EDGE_LOOP('',(#15529,#15530,#15531,#15537));
#15529 = ORIENTED_EDGE('',*,*,#15474,.F.);
#15530 = ORIENTED_EDGE('',*,*,#9237,.F.);
#15531 = ORIENTED_EDGE('',*,*,#15532,.T.);
#15532 = EDGE_CURVE('',#9230,#10733,#15533,.T.);
#15533 = LINE('',#15534,#15535);
#15534 = CARTESIAN_POINT('',(25.,6.,0.));
#15535 = VECTOR('',#15536,1.);
#15536 = DIRECTION('',(-1.,0.,0.));
#15537 = ORIENTED_EDGE('',*,*,#10732,.F.);
#15538 = PLANE('',#15539);
#15539 = AXIS2_PLACEMENT_3D('',#15540,#15541,#15542);
#15540 = CARTESIAN_POINT('',(20.,5.942354917526,0.585269987583));
#15541 = DIRECTION('',(0.,0.99518455748,9.801885815031E-02));
#15542 = DIRECTION('',(0.,-9.801885815031E-02,0.99518455748));
#15543 = ADVANCED_FACE('',(#15544),#15550,.F.);
#15544 = FACE_BOUND('',#15545,.F.);
#15545 = EDGE_LOOP('',(#15546,#15547,#15548,#15549));
#15546 = ORIENTED_EDGE('',*,*,#14750,.F.);
#15547 = ORIENTED_EDGE('',*,*,#11589,.T.);
#15548 = ORIENTED_EDGE('',*,*,#14726,.F.);
#15549 = ORIENTED_EDGE('',*,*,#11103,.F.);
#15550 = PLANE('',#15551);
#15551 = AXIS2_PLACEMENT_3D('',#15552,#15553,#15554);
#15552 = CARTESIAN_POINT('',(-20.,-5.266050100327,-2.814759969711));
#15553 = DIRECTION('',(-0.,-0.881920951933,-0.471397321313));
#15554 = DIRECTION('',(0.,0.471397321313,-0.881920951933));
#15555 = ADVANCED_FACE('',(#15556),#15562,.F.);
#15556 = FACE_BOUND('',#15557,.F.);
#15557 = EDGE_LOOP('',(#15558,#15559,#15560,#15561));
#15558 = ORIENTED_EDGE('',*,*,#10334,.F.);
#15559 = ORIENTED_EDGE('',*,*,#10782,.F.);
#15560 = ORIENTED_EDGE('',*,*,#10294,.F.);
#15561 = ORIENTED_EDGE('',*,*,#9155,.F.);
#15562 = PLANE('',#15563);
#15563 = AXIS2_PLACEMENT_3D('',#15564,#15565,#15566);
#15564 = CARTESIAN_POINT('',(20.,-5.266050100327,-2.814759969711));
#15565 = DIRECTION('',(-0.,-0.881920951933,-0.471397321313));
#15566 = DIRECTION('',(0.,0.471397321313,-0.881920951933));
#15567 = ADVANCED_FACE('',(#15568),#15574,.F.);
#15568 = FACE_BOUND('',#15569,.F.);
#15569 = EDGE_LOOP('',(#15570,#15571,#15572,#15573));
#15570 = ORIENTED_EDGE('',*,*,#11358,.F.);
#15571 = ORIENTED_EDGE('',*,*,#11390,.T.);
#15572 = ORIENTED_EDGE('',*,*,#14765,.F.);
#15573 = ORIENTED_EDGE('',*,*,#11311,.F.);
#15574 = PLANE('',#15575);
#15575 = AXIS2_PLACEMENT_3D('',#15576,#15577,#15578);
#15576 = CARTESIAN_POINT('',(-20.,-4.615730047226,3.788030028343));
#15577 = DIRECTION('',(-0.,-0.773009409567,0.634394556031));
#15578 = DIRECTION('',(0.,-0.634394556031,-0.773009409567));
#15579 = ADVANCED_FACE('',(#15580),#15586,.F.);
#15580 = FACE_BOUND('',#15581,.F.);
#15581 = EDGE_LOOP('',(#15582,#15583,#15584,#15585));
#15582 = ORIENTED_EDGE('',*,*,#10139,.F.);
#15583 = ORIENTED_EDGE('',*,*,#10654,.F.);
#15584 = ORIENTED_EDGE('',*,*,#10349,.F.);
#15585 = ORIENTED_EDGE('',*,*,#9333,.F.);
#15586 = PLANE('',#15587);
#15587 = AXIS2_PLACEMENT_3D('',#15588,#15589,#15590);
#15588 = CARTESIAN_POINT('',(20.,-4.615730047226,3.788030028343));
#15589 = DIRECTION('',(-0.,-0.773009409567,0.634394556031));
#15590 = DIRECTION('',(0.,-0.634394556031,-0.773009409567));
#15591 = ADVANCED_FACE('',(#15592),#15598,.F.);
#15592 = FACE_BOUND('',#15593,.F.);
#15593 = EDGE_LOOP('',(#15594,#15595,#15596,#15597));
#15594 = ORIENTED_EDGE('',*,*,#11119,.F.);
#15595 = ORIENTED_EDGE('',*,*,#14733,.F.);
#15596 = ORIENTED_EDGE('',*,*,#11573,.T.);
#15597 = ORIENTED_EDGE('',*,*,#15412,.F.);
#15598 = PLANE('',#15599);
#15599 = AXIS2_PLACEMENT_3D('',#15600,#15601,#15602);
#15600 = CARTESIAN_POINT('',(-20.,-3.788030028343,-4.615730047226));
#15601 = DIRECTION('',(-0.,-0.634394556031,-0.773009409567));
#15602 = DIRECTION('',(0.,-0.773009409567,0.634394556031));
#15603 = ADVANCED_FACE('',(#15604),#15610,.F.);
#15604 = FACE_BOUND('',#15605,.F.);
#15605 = EDGE_LOOP('',(#15606,#15607,#15608,#15609));
#15606 = ORIENTED_EDGE('',*,*,#9171,.F.);
#15607 = ORIENTED_EDGE('',*,*,#10310,.F.);
#15608 = ORIENTED_EDGE('',*,*,#10775,.F.);
#15609 = ORIENTED_EDGE('',*,*,#15429,.F.);
#15610 = PLANE('',#15611);
#15611 = AXIS2_PLACEMENT_3D('',#15612,#15613,#15614);
#15612 = CARTESIAN_POINT('',(20.,-3.788030028343,-4.615730047226));
#15613 = DIRECTION('',(-0.,-0.634394556031,-0.773009409567));
#15614 = DIRECTION('',(0.,-0.773009409567,0.634394556031));
#15615 = ADVANCED_FACE('',(#15616),#15627,.F.);
#15616 = FACE_BOUND('',#15617,.F.);
#15617 = EDGE_LOOP('',(#15618,#15619,#15620,#15626));
#15618 = ORIENTED_EDGE('',*,*,#14772,.F.);
#15619 = ORIENTED_EDGE('',*,*,#11372,.T.);
#15620 = ORIENTED_EDGE('',*,*,#15621,.T.);
#15621 = EDGE_CURVE('',#11375,#11078,#15622,.T.);
#15622 = LINE('',#15623,#15624);
#15623 = CARTESIAN_POINT('',(-25.,-5.884709835052,1.170539975166));
#15624 = VECTOR('',#15625,1.);
#15625 = DIRECTION('',(1.,0.,0.));
#15626 = ORIENTED_EDGE('',*,*,#11327,.F.);
#15627 = PLANE('',#15628);
#15628 = AXIS2_PLACEMENT_3D('',#15629,#15630,#15631);
#15629 = CARTESIAN_POINT('',(-20.,-5.713994979858,1.733319938183));
#15630 = DIRECTION('',(-0.,-0.956941554453,0.290280659642));
#15631 = DIRECTION('',(0.,-0.290280659642,-0.956941554453));
#15632 = ADVANCED_FACE('',(#15633),#15644,.F.);
#15633 = FACE_BOUND('',#15634,.F.);
#15634 = EDGE_LOOP('',(#15635,#15636,#15637,#15643));
#15635 = ORIENTED_EDGE('',*,*,#10365,.F.);
#15636 = ORIENTED_EDGE('',*,*,#10647,.F.);
#15637 = ORIENTED_EDGE('',*,*,#15638,.T.);
#15638 = EDGE_CURVE('',#10640,#9350,#15639,.T.);
#15639 = LINE('',#15640,#15641);
#15640 = CARTESIAN_POINT('',(15.,-5.884709835052,1.170539975166));
#15641 = VECTOR('',#15642,1.);
#15642 = DIRECTION('',(1.,0.,0.));
#15643 = ORIENTED_EDGE('',*,*,#9349,.F.);
#15644 = PLANE('',#15645);
#15645 = AXIS2_PLACEMENT_3D('',#15646,#15647,#15648);
#15646 = CARTESIAN_POINT('',(20.,-5.713994979858,1.733319938183));
#15647 = DIRECTION('',(-0.,-0.956941554453,0.290280659642));
#15648 = DIRECTION('',(0.,-0.290280659642,-0.956941554453));
#15649 = ADVANCED_FACE('',(#15650),#15661,.F.);
#15650 = FACE_BOUND('',#15651,.F.);
#15651 = EDGE_LOOP('',(#15652,#15653,#15659,#15660));
#15652 = ORIENTED_EDGE('',*,*,#11287,.F.);
#15653 = ORIENTED_EDGE('',*,*,#15654,.T.);
#15654 = EDGE_CURVE('',#11280,#11406,#15655,.T.);
#15655 = LINE('',#15656,#15657);
#15656 = CARTESIAN_POINT('',(-15.,-1.170539975166,5.884709835052));
#15657 = VECTOR('',#15658,1.);
#15658 = DIRECTION('',(-1.,0.,0.));
#15659 = ORIENTED_EDGE('',*,*,#11405,.T.);
#15660 = ORIENTED_EDGE('',*,*,#15378,.F.);
#15661 = PLANE('',#15662);
#15662 = AXIS2_PLACEMENT_3D('',#15663,#15664,#15665);
#15663 = CARTESIAN_POINT('',(-20.,-1.733319938183,5.713994979858));
#15664 = DIRECTION('',(0.,-0.290280659642,0.956941554453));
#15665 = DIRECTION('',(0.,0.956941554453,0.290280659642));
#15666 = ADVANCED_FACE('',(#15667),#15678,.F.);
#15667 = FACE_BOUND('',#15668,.F.);
#15668 = EDGE_LOOP('',(#15669,#15670,#15676,#15677));
#15669 = ORIENTED_EDGE('',*,*,#9309,.F.);
#15670 = ORIENTED_EDGE('',*,*,#15671,.T.);
#15671 = EDGE_CURVE('',#9302,#10670,#15672,.T.);
#15672 = LINE('',#15673,#15674);
#15673 = CARTESIAN_POINT('',(25.,-1.170539975166,5.884709835052));
#15674 = VECTOR('',#15675,1.);
#15675 = DIRECTION('',(-1.,0.,0.));
#15676 = ORIENTED_EDGE('',*,*,#10669,.F.);
#15677 = ORIENTED_EDGE('',*,*,#15395,.F.);
#15678 = PLANE('',#15679);
#15679 = AXIS2_PLACEMENT_3D('',#15680,#15681,#15682);
#15680 = CARTESIAN_POINT('',(20.,-1.733319938183,5.713994979858));
#15681 = DIRECTION('',(0.,-0.290280659642,0.956941554453));
#15682 = DIRECTION('',(0.,0.956941554453,0.290280659642));
#15683 = ADVANCED_FACE('',(#15684),#15690,.F.);
#15684 = FACE_BOUND('',#15685,.F.);
#15685 = EDGE_LOOP('',(#15686,#15687,#15688,#15689));
#15686 = ORIENTED_EDGE('',*,*,#11892,.F.);
#15687 = ORIENTED_EDGE('',*,*,#11231,.F.);
#15688 = ORIENTED_EDGE('',*,*,#15445,.F.);
#15689 = ORIENTED_EDGE('',*,*,#11461,.T.);
#15690 = PLANE('',#15691);
#15691 = AXIS2_PLACEMENT_3D('',#15692,#15693,#15694);
#15692 = CARTESIAN_POINT('',(-20.,5.266050100327,2.814759969711));
#15693 = DIRECTION('',(0.,0.881920951933,0.471397321313));
#15694 = DIRECTION('',(0.,-0.471397321313,0.881920951933));
#15695 = ADVANCED_FACE('',(#15696),#15702,.F.);
#15696 = FACE_BOUND('',#15697,.F.);
#15697 = EDGE_LOOP('',(#15698,#15699,#15700,#15701));
#15698 = ORIENTED_EDGE('',*,*,#10193,.F.);
#15699 = ORIENTED_EDGE('',*,*,#9253,.F.);
#15700 = ORIENTED_EDGE('',*,*,#15467,.F.);
#15701 = ORIENTED_EDGE('',*,*,#10716,.F.);
#15702 = PLANE('',#15703);
#15703 = AXIS2_PLACEMENT_3D('',#15704,#15705,#15706);
#15704 = CARTESIAN_POINT('',(20.,5.266050100327,2.814759969711));
#15705 = DIRECTION('',(0.,0.881920951933,0.471397321313));
#15706 = DIRECTION('',(0.,-0.471397321313,0.881920951933));
#15707 = ADVANCED_FACE('',(#15708),#15724,.F.);
#15708 = FACE_BOUND('',#15709,.F.);
#15709 = EDGE_LOOP('',(#15710,#15711,#15717,#15718));
#15710 = ORIENTED_EDGE('',*,*,#11263,.F.);
#15711 = ORIENTED_EDGE('',*,*,#15712,.T.);
#15712 = EDGE_CURVE('',#11256,#11430,#15713,.T.);
#15713 = LINE('',#15714,#15715);
#15714 = CARTESIAN_POINT('',(-15.,2.296099901199,5.543280124664));
#15715 = VECTOR('',#15716,1.);
#15716 = DIRECTION('',(-1.,0.,0.));
#15717 = ORIENTED_EDGE('',*,*,#11429,.T.);
#15718 = ORIENTED_EDGE('',*,*,#15719,.T.);
#15719 = EDGE_CURVE('',#11422,#11264,#15720,.T.);
#15720 = LINE('',#15721,#15722);
#15721 = CARTESIAN_POINT('',(-25.,1.170539975166,5.884709835052));
#15722 = VECTOR('',#15723,1.);
#15723 = DIRECTION('',(1.,0.,0.));
#15724 = PLANE('',#15725);
#15725 = AXIS2_PLACEMENT_3D('',#15726,#15727,#15728);
#15726 = CARTESIAN_POINT('',(-20.,1.733319938183,5.713994979858));
#15727 = DIRECTION('',(0.,0.290280659642,0.956941554453));
#15728 = DIRECTION('',(0.,0.956941554453,-0.290280659642));
#15729 = ADVANCED_FACE('',(#15730),#15746,.F.);
#15730 = FACE_BOUND('',#15731,.F.);
#15731 = EDGE_LOOP('',(#15732,#15733,#15739,#15740));
#15732 = ORIENTED_EDGE('',*,*,#9285,.F.);
#15733 = ORIENTED_EDGE('',*,*,#15734,.T.);
#15734 = EDGE_CURVE('',#9278,#10694,#15735,.T.);
#15735 = LINE('',#15736,#15737);
#15736 = CARTESIAN_POINT('',(25.,2.296099901199,5.543280124664));
#15737 = VECTOR('',#15738,1.);
#15738 = DIRECTION('',(-1.,0.,0.));
#15739 = ORIENTED_EDGE('',*,*,#10693,.F.);
#15740 = ORIENTED_EDGE('',*,*,#15741,.F.);
#15741 = EDGE_CURVE('',#9286,#10686,#15742,.T.);
#15742 = LINE('',#15743,#15744);
#15743 = CARTESIAN_POINT('',(25.,1.170539975166,5.884709835052));
#15744 = VECTOR('',#15745,1.);
#15745 = DIRECTION('',(-1.,0.,0.));
#15746 = PLANE('',#15747);
#15747 = AXIS2_PLACEMENT_3D('',#15748,#15749,#15750);
#15748 = CARTESIAN_POINT('',(20.,1.733319938183,5.713994979858));
#15749 = DIRECTION('',(0.,0.290280659642,0.956941554453));
#15750 = DIRECTION('',(0.,0.956941554453,-0.290280659642));
#15751 = ADVANCED_FACE('',(#15752),#15758,.F.);
#15752 = FACE_BOUND('',#15753,.F.);
#15753 = EDGE_LOOP('',(#15754,#15755,#15756,#15757));
#15754 = ORIENTED_EDGE('',*,*,#11255,.F.);
#15755 = ORIENTED_EDGE('',*,*,#15346,.F.);
#15756 = ORIENTED_EDGE('',*,*,#11437,.F.);
#15757 = ORIENTED_EDGE('',*,*,#15712,.F.);
#15758 = PLANE('',#15759);
#15759 = AXIS2_PLACEMENT_3D('',#15760,#15761,#15762);
#15760 = CARTESIAN_POINT('',(-20.,2.814759969711,5.266050100327));
#15761 = DIRECTION('',(0.,0.471397321313,0.881920951933));
#15762 = DIRECTION('',(0.,0.881920951933,-0.471397321313));
#15763 = ADVANCED_FACE('',(#15764),#15770,.F.);
#15764 = FACE_BOUND('',#15765,.F.);
#15765 = EDGE_LOOP('',(#15766,#15767,#15768,#15769));
#15766 = ORIENTED_EDGE('',*,*,#9277,.F.);
#15767 = ORIENTED_EDGE('',*,*,#15363,.F.);
#15768 = ORIENTED_EDGE('',*,*,#10701,.F.);
#15769 = ORIENTED_EDGE('',*,*,#15734,.F.);
#15770 = PLANE('',#15771);
#15771 = AXIS2_PLACEMENT_3D('',#15772,#15773,#15774);
#15772 = CARTESIAN_POINT('',(20.,2.814759969711,5.266050100327));
#15773 = DIRECTION('',(0.,0.471397321313,0.881920951933));
#15774 = DIRECTION('',(0.,0.881920951933,-0.471397321313));
#15775 = ADVANCED_FACE('',(#15776),#15787,.F.);
#15776 = FACE_BOUND('',#15777,.F.);
#15777 = EDGE_LOOP('',(#15778,#15779,#15785,#15786));
#15778 = ORIENTED_EDGE('',*,*,#11279,.F.);
#15779 = ORIENTED_EDGE('',*,*,#15780,.T.);
#15780 = EDGE_CURVE('',#11272,#11414,#15781,.T.);
#15781 = LINE('',#15782,#15783);
#15782 = CARTESIAN_POINT('',(-15.,0.,6.));
#15783 = VECTOR('',#15784,1.);
#15784 = DIRECTION('',(-1.,0.,0.));
#15785 = ORIENTED_EDGE('',*,*,#11413,.F.);
#15786 = ORIENTED_EDGE('',*,*,#15654,.F.);
#15787 = PLANE('',#15788);
#15788 = AXIS2_PLACEMENT_3D('',#15789,#15790,#15791);
#15789 = CARTESIAN_POINT('',(-20.,-0.585269987583,5.942354917526));
#15790 = DIRECTION('',(0.,-9.801885815031E-02,0.99518455748));
#15791 = DIRECTION('',(0.,0.99518455748,9.801885815031E-02));
#15792 = ADVANCED_FACE('',(#15793),#15804,.F.);
#15793 = FACE_BOUND('',#15794,.F.);
#15794 = EDGE_LOOP('',(#15795,#15796,#15802,#15803));
#15795 = ORIENTED_EDGE('',*,*,#9301,.F.);
#15796 = ORIENTED_EDGE('',*,*,#15797,.F.);
#15797 = EDGE_CURVE('',#10678,#9294,#15798,.T.);
#15798 = LINE('',#15799,#15800);
#15799 = CARTESIAN_POINT('',(15.,0.,6.));
#15800 = VECTOR('',#15801,1.);
#15801 = DIRECTION('',(1.,0.,0.));
#15802 = ORIENTED_EDGE('',*,*,#10677,.F.);
#15803 = ORIENTED_EDGE('',*,*,#15671,.F.);
#15804 = PLANE('',#15805);
#15805 = AXIS2_PLACEMENT_3D('',#15806,#15807,#15808);
#15806 = CARTESIAN_POINT('',(20.,-0.585269987583,5.942354917526));
#15807 = DIRECTION('',(0.,-9.801885815031E-02,0.99518455748));
#15808 = DIRECTION('',(0.,0.99518455748,9.801885815031E-02));
#15809 = ADVANCED_FACE('',(#15810),#15816,.F.);
#15810 = FACE_BOUND('',#15811,.F.);
#15811 = EDGE_LOOP('',(#15812,#15813,#15814,#15815));
#15812 = ORIENTED_EDGE('',*,*,#15515,.F.);
#15813 = ORIENTED_EDGE('',*,*,#11207,.F.);
#15814 = ORIENTED_EDGE('',*,*,#11907,.F.);
#15815 = ORIENTED_EDGE('',*,*,#11485,.F.);
#15816 = PLANE('',#15817);
#15817 = AXIS2_PLACEMENT_3D('',#15818,#15819,#15820);
#15818 = CARTESIAN_POINT('',(-20.,5.942354917526,-0.585269987583));
#15819 = DIRECTION('',(0.,0.99518455748,-9.801885815031E-02));
#15820 = DIRECTION('',(0.,9.801885815031E-02,0.99518455748));
#15821 = ADVANCED_FACE('',(#15822),#15828,.F.);
#15822 = FACE_BOUND('',#15823,.F.);
#15823 = EDGE_LOOP('',(#15824,#15825,#15826,#15827));
#15824 = ORIENTED_EDGE('',*,*,#15532,.F.);
#15825 = ORIENTED_EDGE('',*,*,#9229,.F.);
#15826 = ORIENTED_EDGE('',*,*,#10153,.F.);
#15827 = ORIENTED_EDGE('',*,*,#10740,.F.);
#15828 = PLANE('',#15829);
#15829 = AXIS2_PLACEMENT_3D('',#15830,#15831,#15832);
#15830 = CARTESIAN_POINT('',(20.,5.942354917526,-0.585269987583));
#15831 = DIRECTION('',(0.,0.99518455748,-9.801885815031E-02));
#15832 = DIRECTION('',(0.,9.801885815031E-02,0.99518455748));
#15833 = ADVANCED_FACE('',(#15834),#15840,.F.);
#15834 = FACE_BOUND('',#15835,.F.);
#15835 = EDGE_LOOP('',(#15836,#15837,#15838,#15839));
#15836 = ORIENTED_EDGE('',*,*,#11271,.F.);
#15837 = ORIENTED_EDGE('',*,*,#15719,.F.);
#15838 = ORIENTED_EDGE('',*,*,#11421,.F.);
#15839 = ORIENTED_EDGE('',*,*,#15780,.F.);
#15840 = PLANE('',#15841);
#15841 = AXIS2_PLACEMENT_3D('',#15842,#15843,#15844);
#15842 = CARTESIAN_POINT('',(-20.,0.585269987583,5.942354917526));
#15843 = DIRECTION('',(0.,9.801885815031E-02,0.99518455748));
#15844 = DIRECTION('',(0.,0.99518455748,-9.801885815031E-02));
#15845 = ADVANCED_FACE('',(#15846),#15852,.F.);
#15846 = FACE_BOUND('',#15847,.F.);
#15847 = EDGE_LOOP('',(#15848,#15849,#15850,#15851));
#15848 = ORIENTED_EDGE('',*,*,#9293,.F.);
#15849 = ORIENTED_EDGE('',*,*,#15741,.T.);
#15850 = ORIENTED_EDGE('',*,*,#10685,.F.);
#15851 = ORIENTED_EDGE('',*,*,#15797,.T.);
#15852 = PLANE('',#15853);
#15853 = AXIS2_PLACEMENT_3D('',#15854,#15855,#15856);
#15854 = CARTESIAN_POINT('',(20.,0.585269987583,5.942354917526));
#15855 = DIRECTION('',(0.,9.801885815031E-02,0.99518455748));
#15856 = DIRECTION('',(0.,0.99518455748,-9.801885815031E-02));
#15857 = ADVANCED_FACE('',(#15858),#15864,.F.);
#15858 = FACE_BOUND('',#15859,.F.);
#15859 = EDGE_LOOP('',(#15860,#15861,#15862,#15863));
#15860 = ORIENTED_EDGE('',*,*,#15621,.F.);
#15861 = ORIENTED_EDGE('',*,*,#11613,.F.);
#15862 = ORIENTED_EDGE('',*,*,#14704,.F.);
#15863 = ORIENTED_EDGE('',*,*,#11077,.F.);
#15864 = PLANE('',#15865);
#15865 = AXIS2_PLACEMENT_3D('',#15866,#15867,#15868);
#15866 = CARTESIAN_POINT('',(-20.,-5.942354917526,0.585269987583));
#15867 = DIRECTION('',(-0.,-0.99518455748,9.801885815031E-02));
#15868 = DIRECTION('',(0.,-9.801885815031E-02,-0.99518455748));
#15869 = ADVANCED_FACE('',(#15870),#15876,.F.);
#15870 = FACE_BOUND('',#15871,.F.);
#15871 = EDGE_LOOP('',(#15872,#15873,#15874,#15875));
#15872 = ORIENTED_EDGE('',*,*,#15638,.F.);
#15873 = ORIENTED_EDGE('',*,*,#10639,.F.);
#15874 = ORIENTED_EDGE('',*,*,#10263,.F.);
#15875 = ORIENTED_EDGE('',*,*,#9357,.F.);
#15876 = PLANE('',#15877);
#15877 = AXIS2_PLACEMENT_3D('',#15878,#15879,#15880);
#15878 = CARTESIAN_POINT('',(20.,-5.942354917526,0.585269987583));
#15879 = DIRECTION('',(-0.,-0.99518455748,9.801885815031E-02));
#15880 = DIRECTION('',(0.,-9.801885815031E-02,-0.99518455748));
#15881 = ADVANCED_FACE('',(#15882),#15893,.F.);
#15882 = FACE_BOUND('',#15883,.F.);
#15883 = EDGE_LOOP('',(#15884,#15885,#15886,#15887));
#15884 = ORIENTED_EDGE('',*,*,#12485,.T.);
#15885 = ORIENTED_EDGE('',*,*,#14673,.F.);
#15886 = ORIENTED_EDGE('',*,*,#11799,.F.);
#15887 = ORIENTED_EDGE('',*,*,#15888,.T.);
#15888 = EDGE_CURVE('',#11792,#12238,#15889,.T.);
#15889 = LINE('',#15890,#15891);
#15890 = CARTESIAN_POINT('',(-25.,1.444479942322,2.161819934845));
#15891 = VECTOR('',#15892,1.);
#15892 = DIRECTION('',(1.,0.,0.));
#15893 = PLANE('',#15894);
#15894 = AXIS2_PLACEMENT_3D('',#15895,#15896,#15897);
#15895 = CARTESIAN_POINT('',(-24.,1.219727963209,2.281955003738));
#15896 = DIRECTION('',(-0.,-0.471404773413,-0.881916968656));
#15897 = DIRECTION('',(0.,-0.881916968656,0.471404773413));
#15898 = ADVANCED_FACE('',(#15899),#15917,.F.);
#15899 = FACE_BOUND('',#15900,.F.);
#15900 = EDGE_LOOP('',(#15901,#15902,#15903,#15911));
#15901 = ORIENTED_EDGE('',*,*,#9463,.F.);
#15902 = ORIENTED_EDGE('',*,*,#9826,.F.);
#15903 = ORIENTED_EDGE('',*,*,#15904,.T.);
#15904 = EDGE_CURVE('',#9819,#15905,#15907,.T.);
#15905 = VERTEX_POINT('',#15906);
#15906 = CARTESIAN_POINT('',(23.,1.444479942322,2.161819934845));
#15907 = LINE('',#15908,#15909);
#15908 = CARTESIAN_POINT('',(23.,0.994975984097,2.402090072632));
#15909 = VECTOR('',#15910,1.);
#15910 = DIRECTION('',(0.,0.881916968656,-0.471404773413));
#15911 = ORIENTED_EDGE('',*,*,#15912,.T.);
#15912 = EDGE_CURVE('',#15905,#9464,#15913,.T.);
#15913 = LINE('',#15914,#15915);
#15914 = CARTESIAN_POINT('',(23.,1.444479942322,2.161819934845));
#15915 = VECTOR('',#15916,1.);
#15916 = DIRECTION('',(1.,0.,0.));
#15917 = PLANE('',#15918);
#15918 = AXIS2_PLACEMENT_3D('',#15919,#15920,#15921);
#15919 = CARTESIAN_POINT('',(24.,1.219727963209,2.281955003738));
#15920 = DIRECTION('',(-0.,-0.471404773413,-0.881916968656));
#15921 = DIRECTION('',(0.,-0.881916968656,0.471404773413));
#15922 = ADVANCED_FACE('',(#15923),#15941,.F.);
#15923 = FACE_BOUND('',#15924,.F.);
#15924 = EDGE_LOOP('',(#15925,#15926,#15927,#15935));
#15925 = ORIENTED_EDGE('',*,*,#6699,.T.);
#15926 = ORIENTED_EDGE('',*,*,#9131,.F.);
#15927 = ORIENTED_EDGE('',*,*,#15928,.T.);
#15928 = EDGE_CURVE('',#9124,#15929,#15931,.T.);
#15929 = VERTEX_POINT('',#15930);
#15930 = CARTESIAN_POINT('',(12.,1.444479942322,2.161819934845));
#15931 = LINE('',#15932,#15933);
#15932 = CARTESIAN_POINT('',(12.,0.994975984097,2.402090072632));
#15933 = VECTOR('',#15934,1.);
#15934 = DIRECTION('',(0.,0.881916968656,-0.471404773413));
#15935 = ORIENTED_EDGE('',*,*,#15936,.T.);
#15936 = EDGE_CURVE('',#15929,#6452,#15937,.T.);
#15937 = LINE('',#15938,#15939);
#15938 = CARTESIAN_POINT('',(12.,1.444479942322,2.161819934845));
#15939 = VECTOR('',#15940,1.);
#15940 = DIRECTION('',(1.,0.,0.));
#15941 = PLANE('',#15942);
#15942 = AXIS2_PLACEMENT_3D('',#15943,#15944,#15945);
#15943 = CARTESIAN_POINT('',(15.5,1.219727963209,2.281955003738));
#15944 = DIRECTION('',(-0.,-0.471404773413,-0.881916968656));
#15945 = DIRECTION('',(0.,-0.881916968656,0.471404773413));
#15946 = ADVANCED_FACE('',(#15947),#15958,.F.);
#15947 = FACE_BOUND('',#15948,.F.);
#15948 = EDGE_LOOP('',(#15949,#15950,#15951,#15952));
#15949 = ORIENTED_EDGE('',*,*,#12349,.T.);
#15950 = ORIENTED_EDGE('',*,*,#14617,.F.);
#15951 = ORIENTED_EDGE('',*,*,#11679,.F.);
#15952 = ORIENTED_EDGE('',*,*,#15953,.T.);
#15953 = EDGE_CURVE('',#11672,#12350,#15954,.T.);
#15954 = LINE('',#15955,#15956);
#15955 = CARTESIAN_POINT('',(-25.,-0.994975984097,-2.402090072632));
#15956 = VECTOR('',#15957,1.);
#15957 = DIRECTION('',(1.,0.,0.));
#15958 = PLANE('',#15959);
#15959 = AXIS2_PLACEMENT_3D('',#15960,#15961,#15962);
#15960 = CARTESIAN_POINT('',(-24.,-0.751105487347,-2.476065039635));
#15961 = DIRECTION('',(0.,0.290276270962,0.956942885713));
#15962 = DIRECTION('',(0.,0.956942885713,-0.290276270962));
#15963 = ADVANCED_FACE('',(#15964),#15982,.F.);
#15964 = FACE_BOUND('',#15965,.F.);
#15965 = EDGE_LOOP('',(#15966,#15967,#15968,#15976));
#15966 = ORIENTED_EDGE('',*,*,#9583,.F.);
#15967 = ORIENTED_EDGE('',*,*,#10077,.F.);
#15968 = ORIENTED_EDGE('',*,*,#15969,.T.);
#15969 = EDGE_CURVE('',#10070,#15970,#15972,.T.);
#15970 = VERTEX_POINT('',#15971);
#15971 = CARTESIAN_POINT('',(23.,-0.994975984097,-2.402090072632));
#15972 = LINE('',#15973,#15974);
#15973 = CARTESIAN_POINT('',(23.,-0.507234990597,-2.550040006638));
#15974 = VECTOR('',#15975,1.);
#15975 = DIRECTION('',(0.,-0.956942885713,0.290276270962));
#15976 = ORIENTED_EDGE('',*,*,#15977,.T.);
#15977 = EDGE_CURVE('',#15970,#9584,#15978,.T.);
#15978 = LINE('',#15979,#15980);
#15979 = CARTESIAN_POINT('',(23.,-0.994975984097,-2.402090072632));
#15980 = VECTOR('',#15981,1.);
#15981 = DIRECTION('',(1.,0.,0.));
#15982 = PLANE('',#15983);
#15983 = AXIS2_PLACEMENT_3D('',#15984,#15985,#15986);
#15984 = CARTESIAN_POINT('',(24.,-0.751105487347,-2.476065039635));
#15985 = DIRECTION('',(0.,0.290276270962,0.956942885713));
#15986 = DIRECTION('',(0.,0.956942885713,-0.290276270962));
#15987 = ADVANCED_FACE('',(#15988),#16006,.F.);
#15988 = FACE_BOUND('',#15989,.F.);
#15989 = EDGE_LOOP('',(#15990,#15991,#15992,#16000));
#15990 = ORIENTED_EDGE('',*,*,#6563,.T.);
#15991 = ORIENTED_EDGE('',*,*,#9052,.F.);
#15992 = ORIENTED_EDGE('',*,*,#15993,.T.);
#15993 = EDGE_CURVE('',#9045,#15994,#15996,.T.);
#15994 = VERTEX_POINT('',#15995);
#15995 = CARTESIAN_POINT('',(12.,-0.994975984097,-2.402090072632));
#15996 = LINE('',#15997,#15998);
#15997 = CARTESIAN_POINT('',(12.,-0.507234990597,-2.550040006638));
#15998 = VECTOR('',#15999,1.);
#15999 = DIRECTION('',(0.,-0.956942885713,0.290276270962));
#16000 = ORIENTED_EDGE('',*,*,#16001,.T.);
#16001 = EDGE_CURVE('',#15994,#6564,#16002,.T.);
#16002 = LINE('',#16003,#16004);
#16003 = CARTESIAN_POINT('',(12.,-0.994975984097,-2.402090072632));
#16004 = VECTOR('',#16005,1.);
#16005 = DIRECTION('',(1.,0.,0.));
#16006 = PLANE('',#16007);
#16007 = AXIS2_PLACEMENT_3D('',#16008,#16009,#16010);
#16008 = CARTESIAN_POINT('',(15.5,-0.751105487347,-2.476065039635));
#16009 = DIRECTION('',(0.,0.290276270962,0.956942885713));
#16010 = DIRECTION('',(0.,0.956942885713,-0.290276270962));
#16011 = ADVANCED_FACE('',(#16012),#16018,.F.);
#16012 = FACE_BOUND('',#16013,.F.);
#16013 = EDGE_LOOP('',(#16014,#16015,#16016,#16017));
#16014 = ORIENTED_EDGE('',*,*,#14599,.F.);
#16015 = ORIENTED_EDGE('',*,*,#11775,.F.);
#16016 = ORIENTED_EDGE('',*,*,#14514,.F.);
#16017 = ORIENTED_EDGE('',*,*,#12253,.T.);
#16018 = PLANE('',#16019);
#16019 = AXIS2_PLACEMENT_3D('',#16020,#16021,#16022);
#16020 = CARTESIAN_POINT('',(-24.,2.281955003738,1.219727963209));
#16021 = DIRECTION('',(-0.,-0.881916968656,-0.471404773413));
#16022 = DIRECTION('',(0.,0.471404773413,-0.881916968656));
#16023 = ADVANCED_FACE('',(#16024),#16035,.F.);
#16024 = FACE_BOUND('',#16025,.F.);
#16025 = EDGE_LOOP('',(#16026,#16027,#16033,#16034));
#16026 = ORIENTED_EDGE('',*,*,#9856,.F.);
#16027 = ORIENTED_EDGE('',*,*,#16028,.T.);
#16028 = EDGE_CURVE('',#9849,#9872,#16029,.T.);
#16029 = LINE('',#16030,#16031);
#16030 = CARTESIAN_POINT('',(23.,2.161819934845,1.444479942322));
#16031 = VECTOR('',#16032,1.);
#16032 = DIRECTION('',(0.,0.471404773413,-0.881916968656));
#16033 = ORIENTED_EDGE('',*,*,#9871,.F.);
#16034 = ORIENTED_EDGE('',*,*,#9487,.F.);
#16035 = PLANE('',#16036);
#16036 = AXIS2_PLACEMENT_3D('',#16037,#16038,#16039);
#16037 = CARTESIAN_POINT('',(24.,2.281955003738,1.219727963209));
#16038 = DIRECTION('',(-0.,-0.881916968656,-0.471404773413));
#16039 = DIRECTION('',(0.,0.471404773413,-0.881916968656));
#16040 = ADVANCED_FACE('',(#16041),#16052,.F.);
#16041 = FACE_BOUND('',#16042,.F.);
#16042 = EDGE_LOOP('',(#16043,#16044,#16050,#16051));
#16043 = ORIENTED_EDGE('',*,*,#9027,.F.);
#16044 = ORIENTED_EDGE('',*,*,#16045,.T.);
#16045 = EDGE_CURVE('',#9020,#8902,#16046,.T.);
#16046 = LINE('',#16047,#16048);
#16047 = CARTESIAN_POINT('',(12.,2.161819934845,1.444479942322));
#16048 = VECTOR('',#16049,1.);
#16049 = DIRECTION('',(0.,0.471404773413,-0.881916968656));
#16050 = ORIENTED_EDGE('',*,*,#8901,.F.);
#16051 = ORIENTED_EDGE('',*,*,#6467,.T.);
#16052 = PLANE('',#16053);
#16053 = AXIS2_PLACEMENT_3D('',#16054,#16055,#16056);
#16054 = CARTESIAN_POINT('',(15.5,2.281955003738,1.219727963209));
#16055 = DIRECTION('',(-0.,-0.881916968656,-0.471404773413));
#16056 = DIRECTION('',(0.,0.471404773413,-0.881916968656));
#16057 = ADVANCED_FACE('',(#16058),#16069,.F.);
#16058 = FACE_BOUND('',#16059,.F.);
#16059 = EDGE_LOOP('',(#16060,#16061,#16062,#16063));
#16060 = ORIENTED_EDGE('',*,*,#12461,.T.);
#16061 = ORIENTED_EDGE('',*,*,#14539,.F.);
#16062 = ORIENTED_EDGE('',*,*,#11823,.F.);
#16063 = ORIENTED_EDGE('',*,*,#16064,.T.);
#16064 = EDGE_CURVE('',#11816,#12462,#16065,.T.);
#16065 = LINE('',#16066,#16067);
#16066 = CARTESIAN_POINT('',(-25.,0.,2.599999904633));
#16067 = VECTOR('',#16068,1.);
#16068 = DIRECTION('',(1.,0.,0.));
#16069 = PLANE('',#16070);
#16070 = AXIS2_PLACEMENT_3D('',#16071,#16072,#16073);
#16071 = CARTESIAN_POINT('',(-24.,-0.253617495298,2.575019955635));
#16072 = DIRECTION('',(-0.,9.802027253596E-02,-0.995184418172));
#16073 = DIRECTION('',(0.,-0.995184418172,-9.802027253596E-02));
#16074 = ADVANCED_FACE('',(#16075),#16093,.F.);
#16075 = FACE_BOUND('',#16076,.F.);
#16076 = EDGE_LOOP('',(#16077,#16078,#16079,#16087));
#16077 = ORIENTED_EDGE('',*,*,#9439,.F.);
#16078 = ORIENTED_EDGE('',*,*,#9795,.F.);
#16079 = ORIENTED_EDGE('',*,*,#16080,.T.);
#16080 = EDGE_CURVE('',#9788,#16081,#16083,.T.);
#16081 = VERTEX_POINT('',#16082);
#16082 = CARTESIAN_POINT('',(23.,0.,2.599999904633));
#16083 = LINE('',#16084,#16085);
#16084 = CARTESIAN_POINT('',(23.,-0.507234990597,2.550040006638));
#16085 = VECTOR('',#16086,1.);
#16086 = DIRECTION('',(0.,0.995184418172,9.802027253596E-02));
#16087 = ORIENTED_EDGE('',*,*,#16088,.T.);
#16088 = EDGE_CURVE('',#16081,#9440,#16089,.T.);
#16089 = LINE('',#16090,#16091);
#16090 = CARTESIAN_POINT('',(23.,0.,2.599999904633));
#16091 = VECTOR('',#16092,1.);
#16092 = DIRECTION('',(1.,0.,0.));
#16093 = PLANE('',#16094);
#16094 = AXIS2_PLACEMENT_3D('',#16095,#16096,#16097);
#16095 = CARTESIAN_POINT('',(24.,-0.253617495298,2.575019955635));
#16096 = DIRECTION('',(-0.,9.802027253596E-02,-0.995184418172));
#16097 = DIRECTION('',(0.,-0.995184418172,-9.802027253596E-02));
#16098 = ADVANCED_FACE('',(#16099),#16117,.F.);
#16099 = FACE_BOUND('',#16100,.F.);
#16100 = EDGE_LOOP('',(#16101,#16102,#16103,#16111));
#16101 = ORIENTED_EDGE('',*,*,#6675,.T.);
#16102 = ORIENTED_EDGE('',*,*,#8942,.F.);
#16103 = ORIENTED_EDGE('',*,*,#16104,.T.);
#16104 = EDGE_CURVE('',#8935,#16105,#16107,.T.);
#16105 = VERTEX_POINT('',#16106);
#16106 = CARTESIAN_POINT('',(12.,0.,2.599999904633));
#16107 = LINE('',#16108,#16109);
#16108 = CARTESIAN_POINT('',(12.,-0.507234990597,2.550040006638));
#16109 = VECTOR('',#16110,1.);
#16110 = DIRECTION('',(0.,0.995184418172,9.802027253596E-02));
#16111 = ORIENTED_EDGE('',*,*,#16112,.T.);
#16112 = EDGE_CURVE('',#16105,#6676,#16113,.T.);
#16113 = LINE('',#16114,#16115);
#16114 = CARTESIAN_POINT('',(12.,0.,2.599999904633));
#16115 = VECTOR('',#16116,1.);
#16116 = DIRECTION('',(1.,0.,0.));
#16117 = PLANE('',#16118);
#16118 = AXIS2_PLACEMENT_3D('',#16119,#16120,#16121);
#16119 = CARTESIAN_POINT('',(15.5,-0.253617495298,2.575019955635));
#16120 = DIRECTION('',(-0.,9.802027253596E-02,-0.995184418172));
#16121 = DIRECTION('',(0.,-0.995184418172,-9.802027253596E-02));
#16122 = ADVANCED_FACE('',(#16123),#16129,.F.);
#16123 = FACE_BOUND('',#16124,.F.);
#16124 = EDGE_LOOP('',(#16125,#16126,#16127,#16128));
#16125 = ORIENTED_EDGE('',*,*,#12325,.T.);
#16126 = ORIENTED_EDGE('',*,*,#14651,.F.);
#16127 = ORIENTED_EDGE('',*,*,#11703,.F.);
#16128 = ORIENTED_EDGE('',*,*,#14554,.F.);
#16129 = PLANE('',#16130);
#16130 = AXIS2_PLACEMENT_3D('',#16131,#16132,#16133);
#16131 = CARTESIAN_POINT('',(-24.,0.751105487347,-2.476065039635));
#16132 = DIRECTION('',(0.,-0.290276270962,0.956942885713));
#16133 = DIRECTION('',(0.,0.956942885713,0.290276270962));
#16134 = ADVANCED_FACE('',(#16135),#16146,.F.);
#16135 = FACE_BOUND('',#16136,.F.);
#16136 = EDGE_LOOP('',(#16137,#16138,#16139,#16145));
#16137 = ORIENTED_EDGE('',*,*,#9559,.F.);
#16138 = ORIENTED_EDGE('',*,*,#10022,.F.);
#16139 = ORIENTED_EDGE('',*,*,#16140,.T.);
#16140 = EDGE_CURVE('',#10015,#10038,#16141,.T.);
#16141 = LINE('',#16142,#16143);
#16142 = CARTESIAN_POINT('',(23.,0.994975984097,-2.402090072632));
#16143 = VECTOR('',#16144,1.);
#16144 = DIRECTION('',(0.,-0.956942885713,-0.290276270962));
#16145 = ORIENTED_EDGE('',*,*,#10037,.F.);
#16146 = PLANE('',#16147);
#16147 = AXIS2_PLACEMENT_3D('',#16148,#16149,#16150);
#16148 = CARTESIAN_POINT('',(24.,0.751105487347,-2.476065039635));
#16149 = DIRECTION('',(0.,-0.290276270962,0.956942885713));
#16150 = DIRECTION('',(0.,0.956942885713,0.290276270962));
#16151 = ADVANCED_FACE('',(#16152),#16163,.F.);
#16152 = FACE_BOUND('',#16153,.F.);
#16153 = EDGE_LOOP('',(#16154,#16155,#16156,#16162));
#16154 = ORIENTED_EDGE('',*,*,#6539,.T.);
#16155 = ORIENTED_EDGE('',*,*,#9100,.F.);
#16156 = ORIENTED_EDGE('',*,*,#16157,.T.);
#16157 = EDGE_CURVE('',#9093,#8958,#16158,.T.);
#16158 = LINE('',#16159,#16160);
#16159 = CARTESIAN_POINT('',(12.,0.994975984097,-2.402090072632));
#16160 = VECTOR('',#16161,1.);
#16161 = DIRECTION('',(0.,-0.956942885713,-0.290276270962));
#16162 = ORIENTED_EDGE('',*,*,#8957,.F.);
#16163 = PLANE('',#16164);
#16164 = AXIS2_PLACEMENT_3D('',#16165,#16166,#16167);
#16165 = CARTESIAN_POINT('',(15.5,0.751105487347,-2.476065039635));
#16166 = DIRECTION('',(0.,-0.290276270962,0.956942885713));
#16167 = DIRECTION('',(0.,0.956942885713,0.290276270962));
#16168 = ADVANCED_FACE('',(#16169),#16175,.F.);
#16169 = FACE_BOUND('',#16170,.F.);
#16170 = EDGE_LOOP('',(#16171,#16172,#16173,#16174));
#16171 = ORIENTED_EDGE('',*,*,#12235,.T.);
#16172 = ORIENTED_EDGE('',*,*,#15888,.F.);
#16173 = ORIENTED_EDGE('',*,*,#11791,.F.);
#16174 = ORIENTED_EDGE('',*,*,#14592,.F.);
#16175 = PLANE('',#16176);
#16176 = AXIS2_PLACEMENT_3D('',#16177,#16178,#16179);
#16177 = CARTESIAN_POINT('',(-24.,1.641479969025,2.000149965286));
#16178 = DIRECTION('',(-0.,-0.63438443474,-0.773017715812));
#16179 = DIRECTION('',(0.,-0.773017715812,0.63438443474));
#16180 = ADVANCED_FACE('',(#16181),#16192,.F.);
#16181 = FACE_BOUND('',#16182,.F.);
#16182 = EDGE_LOOP('',(#16183,#16184,#16185,#16191));
#16183 = ORIENTED_EDGE('',*,*,#9471,.F.);
#16184 = ORIENTED_EDGE('',*,*,#15912,.F.);
#16185 = ORIENTED_EDGE('',*,*,#16186,.T.);
#16186 = EDGE_CURVE('',#15905,#9841,#16187,.T.);
#16187 = LINE('',#16188,#16189);
#16188 = CARTESIAN_POINT('',(23.,1.444479942322,2.161819934845));
#16189 = VECTOR('',#16190,1.);
#16190 = DIRECTION('',(0.,0.773017715812,-0.63438443474));
#16191 = ORIENTED_EDGE('',*,*,#9840,.F.);
#16192 = PLANE('',#16193);
#16193 = AXIS2_PLACEMENT_3D('',#16194,#16195,#16196);
#16194 = CARTESIAN_POINT('',(24.,1.641479969025,2.000149965286));
#16195 = DIRECTION('',(-0.,-0.63438443474,-0.773017715812));
#16196 = DIRECTION('',(0.,-0.773017715812,0.63438443474));
#16197 = ADVANCED_FACE('',(#16198),#16209,.F.);
#16198 = FACE_BOUND('',#16199,.F.);
#16199 = EDGE_LOOP('',(#16200,#16201,#16202,#16208));
#16200 = ORIENTED_EDGE('',*,*,#6449,.T.);
#16201 = ORIENTED_EDGE('',*,*,#15936,.F.);
#16202 = ORIENTED_EDGE('',*,*,#16203,.T.);
#16203 = EDGE_CURVE('',#15929,#9012,#16204,.T.);
#16204 = LINE('',#16205,#16206);
#16205 = CARTESIAN_POINT('',(12.,1.444479942322,2.161819934845));
#16206 = VECTOR('',#16207,1.);
#16207 = DIRECTION('',(0.,0.773017715812,-0.63438443474));
#16208 = ORIENTED_EDGE('',*,*,#9011,.F.);
#16209 = PLANE('',#16210);
#16210 = AXIS2_PLACEMENT_3D('',#16211,#16212,#16213);
#16211 = CARTESIAN_POINT('',(15.5,1.641479969025,2.000149965286));
#16212 = DIRECTION('',(-0.,-0.63438443474,-0.773017715812));
#16213 = DIRECTION('',(0.,-0.773017715812,0.63438443474));
#16214 = ADVANCED_FACE('',(#16215),#16226,.F.);
#16215 = FACE_BOUND('',#16216,.F.);
#16216 = EDGE_LOOP('',(#16217,#16218,#16219,#16220));
#16217 = ORIENTED_EDGE('',*,*,#12357,.T.);
#16218 = ORIENTED_EDGE('',*,*,#15953,.F.);
#16219 = ORIENTED_EDGE('',*,*,#11671,.F.);
#16220 = ORIENTED_EDGE('',*,*,#16221,.T.);
#16221 = EDGE_CURVE('',#11664,#12358,#16222,.T.);
#16222 = LINE('',#16223,#16224);
#16223 = CARTESIAN_POINT('',(-25.,-1.444479942322,-2.161819934845));
#16224 = VECTOR('',#16225,1.);
#16225 = DIRECTION('',(1.,0.,0.));
#16226 = PLANE('',#16227);
#16227 = AXIS2_PLACEMENT_3D('',#16228,#16229,#16230);
#16228 = CARTESIAN_POINT('',(-24.,-1.219727963209,-2.281955003738));
#16229 = DIRECTION('',(0.,0.471404773413,0.881916968656));
#16230 = DIRECTION('',(0.,0.881916968656,-0.471404773413));
#16231 = ADVANCED_FACE('',(#16232),#16250,.F.);
#16232 = FACE_BOUND('',#16233,.F.);
#16233 = EDGE_LOOP('',(#16234,#16235,#16236,#16244));
#16234 = ORIENTED_EDGE('',*,*,#9591,.F.);
#16235 = ORIENTED_EDGE('',*,*,#15977,.F.);
#16236 = ORIENTED_EDGE('',*,*,#16237,.T.);
#16237 = EDGE_CURVE('',#15970,#16238,#16240,.T.);
#16238 = VERTEX_POINT('',#16239);
#16239 = CARTESIAN_POINT('',(23.,-1.444479942322,-2.161819934845));
#16240 = LINE('',#16241,#16242);
#16241 = CARTESIAN_POINT('',(23.,-0.994975984097,-2.402090072632));
#16242 = VECTOR('',#16243,1.);
#16243 = DIRECTION('',(0.,-0.881916968656,0.471404773413));
#16244 = ORIENTED_EDGE('',*,*,#16245,.T.);
#16245 = EDGE_CURVE('',#16238,#9592,#16246,.T.);
#16246 = LINE('',#16247,#16248);
#16247 = CARTESIAN_POINT('',(23.,-1.444479942322,-2.161819934845));
#16248 = VECTOR('',#16249,1.);
#16249 = DIRECTION('',(1.,0.,0.));
#16250 = PLANE('',#16251);
#16251 = AXIS2_PLACEMENT_3D('',#16252,#16253,#16254);
#16252 = CARTESIAN_POINT('',(24.,-1.219727963209,-2.281955003738));
#16253 = DIRECTION('',(0.,0.471404773413,0.881916968656));
#16254 = DIRECTION('',(0.,0.881916968656,-0.471404773413));
#16255 = ADVANCED_FACE('',(#16256),#16274,.F.);
#16256 = FACE_BOUND('',#16257,.F.);
#16257 = EDGE_LOOP('',(#16258,#16259,#16260,#16268));
#16258 = ORIENTED_EDGE('',*,*,#6571,.T.);
#16259 = ORIENTED_EDGE('',*,*,#16001,.F.);
#16260 = ORIENTED_EDGE('',*,*,#16261,.T.);
#16261 = EDGE_CURVE('',#15994,#16262,#16264,.T.);
#16262 = VERTEX_POINT('',#16263);
#16263 = CARTESIAN_POINT('',(12.,-1.444479942322,-2.161819934845));
#16264 = LINE('',#16265,#16266);
#16265 = CARTESIAN_POINT('',(12.,-0.994975984097,-2.402090072632));
#16266 = VECTOR('',#16267,1.);
#16267 = DIRECTION('',(0.,-0.881916968656,0.471404773413));
#16268 = ORIENTED_EDGE('',*,*,#16269,.T.);
#16269 = EDGE_CURVE('',#16262,#6572,#16270,.T.);
#16270 = LINE('',#16271,#16272);
#16271 = CARTESIAN_POINT('',(12.,-1.444479942322,-2.161819934845));
#16272 = VECTOR('',#16273,1.);
#16273 = DIRECTION('',(1.,0.,0.));
#16274 = PLANE('',#16275);
#16275 = AXIS2_PLACEMENT_3D('',#16276,#16277,#16278);
#16276 = CARTESIAN_POINT('',(15.5,-1.219727963209,-2.281955003738));
#16277 = DIRECTION('',(0.,0.471404773413,0.881916968656));
#16278 = DIRECTION('',(0.,0.881916968656,-0.471404773413));
#16279 = ADVANCED_FACE('',(#16280),#16286,.F.);
#16280 = FACE_BOUND('',#16281,.F.);
#16281 = EDGE_LOOP('',(#16282,#16283,#16284,#16285));
#16282 = ORIENTED_EDGE('',*,*,#14633,.F.);
#16283 = ORIENTED_EDGE('',*,*,#11735,.F.);
#16284 = ORIENTED_EDGE('',*,*,#14431,.F.);
#16285 = ORIENTED_EDGE('',*,*,#12293,.T.);
#16286 = PLANE('',#16287);
#16287 = AXIS2_PLACEMENT_3D('',#16288,#16289,#16290);
#16288 = CARTESIAN_POINT('',(-24.,2.281955003738,-1.219727963209));
#16289 = DIRECTION('',(-0.,-0.881916968656,0.471404773413));
#16290 = DIRECTION('',(0.,-0.471404773413,-0.881916968656));
#16291 = ADVANCED_FACE('',(#16292),#16303,.F.);
#16292 = FACE_BOUND('',#16293,.F.);
#16293 = EDGE_LOOP('',(#16294,#16295,#16301,#16302));
#16294 = ORIENTED_EDGE('',*,*,#9942,.F.);
#16295 = ORIENTED_EDGE('',*,*,#16296,.T.);
#16296 = EDGE_CURVE('',#9935,#9958,#16297,.T.);
#16297 = LINE('',#16298,#16299);
#16298 = CARTESIAN_POINT('',(23.,2.402090072632,-0.994975984097));
#16299 = VECTOR('',#16300,1.);
#16300 = DIRECTION('',(0.,-0.471404773413,-0.881916968656));
#16301 = ORIENTED_EDGE('',*,*,#9957,.F.);
#16302 = ORIENTED_EDGE('',*,*,#9527,.F.);
#16303 = PLANE('',#16304);
#16304 = AXIS2_PLACEMENT_3D('',#16305,#16306,#16307);
#16305 = CARTESIAN_POINT('',(24.,2.281955003738,-1.219727963209));
#16306 = DIRECTION('',(-0.,-0.881916968656,0.471404773413));
#16307 = DIRECTION('',(0.,-0.471404773413,-0.881916968656));
#16308 = ADVANCED_FACE('',(#16309),#16320,.F.);
#16309 = FACE_BOUND('',#16310,.F.);
#16310 = EDGE_LOOP('',(#16311,#16312,#16318,#16319));
#16311 = ORIENTED_EDGE('',*,*,#9075,.F.);
#16312 = ORIENTED_EDGE('',*,*,#16313,.T.);
#16313 = EDGE_CURVE('',#9068,#8785,#16314,.T.);
#16314 = LINE('',#16315,#16316);
#16315 = CARTESIAN_POINT('',(12.,2.402090072632,-0.994975984097));
#16316 = VECTOR('',#16317,1.);
#16317 = DIRECTION('',(0.,-0.471404773413,-0.881916968656));
#16318 = ORIENTED_EDGE('',*,*,#8784,.F.);
#16319 = ORIENTED_EDGE('',*,*,#6507,.T.);
#16320 = PLANE('',#16321);
#16321 = AXIS2_PLACEMENT_3D('',#16322,#16323,#16324);
#16322 = CARTESIAN_POINT('',(15.5,2.281955003738,-1.219727963209));
#16323 = DIRECTION('',(-0.,-0.881916968656,0.471404773413));
#16324 = DIRECTION('',(0.,-0.471404773413,-0.881916968656));
#16325 = ADVANCED_FACE('',(#16326),#16332,.F.);
#16326 = FACE_BOUND('',#16327,.F.);
#16327 = EDGE_LOOP('',(#16328,#16329,#16330,#16331));
#16328 = ORIENTED_EDGE('',*,*,#12365,.T.);
#16329 = ORIENTED_EDGE('',*,*,#16221,.F.);
#16330 = ORIENTED_EDGE('',*,*,#11663,.F.);
#16331 = ORIENTED_EDGE('',*,*,#14499,.F.);
#16332 = PLANE('',#16333);
#16333 = AXIS2_PLACEMENT_3D('',#16334,#16335,#16336);
#16334 = CARTESIAN_POINT('',(-24.,-1.641479969025,-2.000149965286));
#16335 = DIRECTION('',(0.,0.63438443474,0.773017715812));
#16336 = DIRECTION('',(0.,0.773017715812,-0.63438443474));
#16337 = ADVANCED_FACE('',(#16338),#16349,.F.);
#16338 = FACE_BOUND('',#16339,.F.);
#16339 = EDGE_LOOP('',(#16340,#16341,#16342,#16348));
#16340 = ORIENTED_EDGE('',*,*,#9599,.F.);
#16341 = ORIENTED_EDGE('',*,*,#16245,.F.);
#16342 = ORIENTED_EDGE('',*,*,#16343,.T.);
#16343 = EDGE_CURVE('',#16238,#10101,#16344,.T.);
#16344 = LINE('',#16345,#16346);
#16345 = CARTESIAN_POINT('',(23.,-1.444479942322,-2.161819934845));
#16346 = VECTOR('',#16347,1.);
#16347 = DIRECTION('',(0.,-0.773017715812,0.63438443474));
#16348 = ORIENTED_EDGE('',*,*,#10100,.F.);
#16349 = PLANE('',#16350);
#16350 = AXIS2_PLACEMENT_3D('',#16351,#16352,#16353);
#16351 = CARTESIAN_POINT('',(24.,-1.641479969025,-2.000149965286));
#16352 = DIRECTION('',(0.,0.63438443474,0.773017715812));
#16353 = DIRECTION('',(0.,0.773017715812,-0.63438443474));
#16354 = ADVANCED_FACE('',(#16355),#16366,.F.);
#16355 = FACE_BOUND('',#16356,.F.);
#16356 = EDGE_LOOP('',(#16357,#16358,#16359,#16365));
#16357 = ORIENTED_EDGE('',*,*,#6579,.T.);
#16358 = ORIENTED_EDGE('',*,*,#16269,.F.);
#16359 = ORIENTED_EDGE('',*,*,#16360,.T.);
#16360 = EDGE_CURVE('',#16262,#8880,#16361,.T.);
#16361 = LINE('',#16362,#16363);
#16362 = CARTESIAN_POINT('',(12.,-1.444479942322,-2.161819934845));
#16363 = VECTOR('',#16364,1.);
#16364 = DIRECTION('',(0.,-0.773017715812,0.63438443474));
#16365 = ORIENTED_EDGE('',*,*,#8879,.F.);
#16366 = PLANE('',#16367);
#16367 = AXIS2_PLACEMENT_3D('',#16368,#16369,#16370);
#16368 = CARTESIAN_POINT('',(15.5,-1.641479969025,-2.000149965286));
#16369 = DIRECTION('',(0.,0.63438443474,0.773017715812));
#16370 = DIRECTION('',(0.,0.773017715812,-0.63438443474));
#16371 = ADVANCED_FACE('',(#16372),#16378,.F.);
#16372 = FACE_BOUND('',#16373,.F.);
#16373 = EDGE_LOOP('',(#16374,#16375,#16376,#16377));
#16374 = ORIENTED_EDGE('',*,*,#12437,.T.);
#16375 = ORIENTED_EDGE('',*,*,#14365,.F.);
#16376 = ORIENTED_EDGE('',*,*,#11847,.F.);
#16377 = ORIENTED_EDGE('',*,*,#14410,.F.);
#16378 = PLANE('',#16379);
#16379 = AXIS2_PLACEMENT_3D('',#16380,#16381,#16382);
#16380 = CARTESIAN_POINT('',(-24.,-1.641479969025,2.000149965286));
#16381 = DIRECTION('',(-0.,0.63438443474,-0.773017715812));
#16382 = DIRECTION('',(0.,-0.773017715812,-0.63438443474));
#16383 = ADVANCED_FACE('',(#16384),#16395,.F.);
#16384 = FACE_BOUND('',#16385,.F.);
#16385 = EDGE_LOOP('',(#16386,#16387,#16388,#16394));
#16386 = ORIENTED_EDGE('',*,*,#9415,.F.);
#16387 = ORIENTED_EDGE('',*,*,#9723,.F.);
#16388 = ORIENTED_EDGE('',*,*,#16389,.T.);
#16389 = EDGE_CURVE('',#9724,#9756,#16390,.T.);
#16390 = LINE('',#16391,#16392);
#16391 = CARTESIAN_POINT('',(23.,-1.838479995728,1.838479995728));
#16392 = VECTOR('',#16393,1.);
#16393 = DIRECTION('',(0.,0.773017715812,0.63438443474));
#16394 = ORIENTED_EDGE('',*,*,#9755,.F.);
#16395 = PLANE('',#16396);
#16396 = AXIS2_PLACEMENT_3D('',#16397,#16398,#16399);
#16397 = CARTESIAN_POINT('',(24.,-1.641479969025,2.000149965286));
#16398 = DIRECTION('',(-0.,0.63438443474,-0.773017715812));
#16399 = DIRECTION('',(0.,-0.773017715812,-0.63438443474));
#16400 = ADVANCED_FACE('',(#16401),#16412,.F.);
#16401 = FACE_BOUND('',#16402,.F.);
#16402 = EDGE_LOOP('',(#16403,#16404,#16405,#16411));
#16403 = ORIENTED_EDGE('',*,*,#6651,.T.);
#16404 = ORIENTED_EDGE('',*,*,#8691,.F.);
#16405 = ORIENTED_EDGE('',*,*,#16406,.T.);
#16406 = EDGE_CURVE('',#8692,#8755,#16407,.T.);
#16407 = LINE('',#16408,#16409);
#16408 = CARTESIAN_POINT('',(12.,-1.838479995728,1.838479995728));
#16409 = VECTOR('',#16410,1.);
#16410 = DIRECTION('',(0.,0.773017715812,0.63438443474));
#16411 = ORIENTED_EDGE('',*,*,#8754,.F.);
#16412 = PLANE('',#16413);
#16413 = AXIS2_PLACEMENT_3D('',#16414,#16415,#16416);
#16414 = CARTESIAN_POINT('',(15.5,-1.641479969025,2.000149965286));
#16415 = DIRECTION('',(-0.,0.63438443474,-0.773017715812));
#16416 = DIRECTION('',(0.,-0.773017715812,-0.63438443474));
#16417 = ADVANCED_FACE('',(#16418),#16424,.F.);
#16418 = FACE_BOUND('',#16419,.F.);
#16419 = EDGE_LOOP('',(#16420,#16421,#16422,#16423));
#16420 = ORIENTED_EDGE('',*,*,#14455,.F.);
#16421 = ORIENTED_EDGE('',*,*,#12381,.T.);
#16422 = ORIENTED_EDGE('',*,*,#14492,.F.);
#16423 = ORIENTED_EDGE('',*,*,#11647,.F.);
#16424 = PLANE('',#16425);
#16425 = AXIS2_PLACEMENT_3D('',#16426,#16427,#16428);
#16426 = CARTESIAN_POINT('',(-24.,-2.281955003738,-1.219727963209));
#16427 = DIRECTION('',(0.,0.881916968656,0.471404773413));
#16428 = DIRECTION('',(0.,-0.471404773413,0.881916968656));
#16429 = ADVANCED_FACE('',(#16430),#16441,.F.);
#16430 = FACE_BOUND('',#16431,.F.);
#16431 = EDGE_LOOP('',(#16432,#16433,#16434,#16435));
#16432 = ORIENTED_EDGE('',*,*,#9670,.F.);
#16433 = ORIENTED_EDGE('',*,*,#9615,.F.);
#16434 = ORIENTED_EDGE('',*,*,#10091,.F.);
#16435 = ORIENTED_EDGE('',*,*,#16436,.T.);
#16436 = EDGE_CURVE('',#10092,#9671,#16437,.T.);
#16437 = LINE('',#16438,#16439);
#16438 = CARTESIAN_POINT('',(23.,-2.161819934845,-1.444479942322));
#16439 = VECTOR('',#16440,1.);
#16440 = DIRECTION('',(0.,-0.471404773413,0.881916968656));
#16441 = PLANE('',#16442);
#16442 = AXIS2_PLACEMENT_3D('',#16443,#16444,#16445);
#16443 = CARTESIAN_POINT('',(24.,-2.281955003738,-1.219727963209));
#16444 = DIRECTION('',(0.,0.881916968656,0.471404773413));
#16445 = DIRECTION('',(0.,-0.471404773413,0.881916968656));
#16446 = ADVANCED_FACE('',(#16447),#16458,.F.);
#16447 = FACE_BOUND('',#16448,.F.);
#16448 = EDGE_LOOP('',(#16449,#16450,#16451,#16452));
#16449 = ORIENTED_EDGE('',*,*,#8817,.F.);
#16450 = ORIENTED_EDGE('',*,*,#6595,.T.);
#16451 = ORIENTED_EDGE('',*,*,#8870,.F.);
#16452 = ORIENTED_EDGE('',*,*,#16453,.T.);
#16453 = EDGE_CURVE('',#8871,#8818,#16454,.T.);
#16454 = LINE('',#16455,#16456);
#16455 = CARTESIAN_POINT('',(12.,-2.161819934845,-1.444479942322));
#16456 = VECTOR('',#16457,1.);
#16457 = DIRECTION('',(0.,-0.471404773413,0.881916968656));
#16458 = PLANE('',#16459);
#16459 = AXIS2_PLACEMENT_3D('',#16460,#16461,#16462);
#16460 = CARTESIAN_POINT('',(15.5,-2.281955003738,-1.219727963209));
#16461 = DIRECTION('',(0.,0.881916968656,0.471404773413));
#16462 = DIRECTION('',(0.,-0.471404773413,0.881916968656));
#16463 = ADVANCED_FACE('',(#16464),#16470,.F.);
#16464 = FACE_BOUND('',#16465,.F.);
#16465 = EDGE_LOOP('',(#16466,#16467,#16468,#16469));
#16466 = ORIENTED_EDGE('',*,*,#12469,.T.);
#16467 = ORIENTED_EDGE('',*,*,#16064,.F.);
#16468 = ORIENTED_EDGE('',*,*,#11815,.F.);
#16469 = ORIENTED_EDGE('',*,*,#14666,.F.);
#16470 = PLANE('',#16471);
#16471 = AXIS2_PLACEMENT_3D('',#16472,#16473,#16474);
#16472 = CARTESIAN_POINT('',(-24.,0.253617495298,2.575019955635));
#16473 = DIRECTION('',(-0.,-9.802027253596E-02,-0.995184418172));
#16474 = DIRECTION('',(0.,-0.995184418172,9.802027253596E-02));
#16475 = ADVANCED_FACE('',(#16476),#16487,.F.);
#16476 = FACE_BOUND('',#16477,.F.);
#16477 = EDGE_LOOP('',(#16478,#16479,#16480,#16486));
#16478 = ORIENTED_EDGE('',*,*,#9447,.F.);
#16479 = ORIENTED_EDGE('',*,*,#16088,.F.);
#16480 = ORIENTED_EDGE('',*,*,#16481,.T.);
#16481 = EDGE_CURVE('',#16081,#9811,#16482,.T.);
#16482 = LINE('',#16483,#16484);
#16483 = CARTESIAN_POINT('',(23.,0.,2.599999904633));
#16484 = VECTOR('',#16485,1.);
#16485 = DIRECTION('',(0.,0.995184418172,-9.802027253596E-02));
#16486 = ORIENTED_EDGE('',*,*,#9810,.F.);
#16487 = PLANE('',#16488);
#16488 = AXIS2_PLACEMENT_3D('',#16489,#16490,#16491);
#16489 = CARTESIAN_POINT('',(24.,0.253617495298,2.575019955635));
#16490 = DIRECTION('',(-0.,-9.802027253596E-02,-0.995184418172));
#16491 = DIRECTION('',(0.,-0.995184418172,9.802027253596E-02));
#16492 = ADVANCED_FACE('',(#16493),#16504,.F.);
#16493 = FACE_BOUND('',#16494,.F.);
#16494 = EDGE_LOOP('',(#16495,#16496,#16497,#16503));
#16495 = ORIENTED_EDGE('',*,*,#6683,.T.);
#16496 = ORIENTED_EDGE('',*,*,#16112,.F.);
#16497 = ORIENTED_EDGE('',*,*,#16498,.T.);
#16498 = EDGE_CURVE('',#16105,#9116,#16499,.T.);
#16499 = LINE('',#16500,#16501);
#16500 = CARTESIAN_POINT('',(12.,0.,2.599999904633));
#16501 = VECTOR('',#16502,1.);
#16502 = DIRECTION('',(0.,0.995184418172,-9.802027253596E-02));
#16503 = ORIENTED_EDGE('',*,*,#9115,.F.);
#16504 = PLANE('',#16505);
#16505 = AXIS2_PLACEMENT_3D('',#16506,#16507,#16508);
#16506 = CARTESIAN_POINT('',(15.5,0.253617495298,2.575019955635));
#16507 = DIRECTION('',(-0.,-9.802027253596E-02,-0.995184418172));
#16508 = DIRECTION('',(0.,-0.995184418172,9.802027253596E-02));
#16509 = ADVANCED_FACE('',(#16510),#16516,.F.);
#16510 = FACE_BOUND('',#16511,.F.);
#16511 = EDGE_LOOP('',(#16512,#16513,#16514,#16515));
#16512 = ORIENTED_EDGE('',*,*,#14521,.F.);
#16513 = ORIENTED_EDGE('',*,*,#11759,.F.);
#16514 = ORIENTED_EDGE('',*,*,#14343,.F.);
#16515 = ORIENTED_EDGE('',*,*,#12269,.T.);
#16516 = PLANE('',#16517);
#16517 = AXIS2_PLACEMENT_3D('',#16518,#16519,#16520);
#16518 = CARTESIAN_POINT('',(-24.,2.575019955635,0.253617495298));
#16519 = DIRECTION('',(-0.,-0.995184418172,-9.802027253596E-02));
#16520 = DIRECTION('',(0.,9.802027253596E-02,-0.995184418172));
#16521 = ADVANCED_FACE('',(#16522),#16533,.F.);
#16522 = FACE_BOUND('',#16523,.F.);
#16523 = EDGE_LOOP('',(#16524,#16525,#16531,#16532));
#16524 = ORIENTED_EDGE('',*,*,#9887,.F.);
#16525 = ORIENTED_EDGE('',*,*,#16526,.T.);
#16526 = EDGE_CURVE('',#9880,#9903,#16527,.T.);
#16527 = LINE('',#16528,#16529);
#16528 = CARTESIAN_POINT('',(23.,2.550040006638,0.507234990597));
#16529 = VECTOR('',#16530,1.);
#16530 = DIRECTION('',(0.,9.802027253596E-02,-0.995184418172));
#16531 = ORIENTED_EDGE('',*,*,#9902,.F.);
#16532 = ORIENTED_EDGE('',*,*,#9503,.F.);
#16533 = PLANE('',#16534);
#16534 = AXIS2_PLACEMENT_3D('',#16535,#16536,#16537);
#16535 = CARTESIAN_POINT('',(24.,2.575019955635,0.253617495298));
#16536 = DIRECTION('',(-0.,-0.995184418172,-9.802027253596E-02));
#16537 = DIRECTION('',(0.,9.802027253596E-02,-0.995184418172));
#16538 = ADVANCED_FACE('',(#16539),#16550,.F.);
#16539 = FACE_BOUND('',#16540,.F.);
#16540 = EDGE_LOOP('',(#16541,#16542,#16548,#16549));
#16541 = ORIENTED_EDGE('',*,*,#8917,.F.);
#16542 = ORIENTED_EDGE('',*,*,#16543,.T.);
#16543 = EDGE_CURVE('',#8910,#8661,#16544,.T.);
#16544 = LINE('',#16545,#16546);
#16545 = CARTESIAN_POINT('',(12.,2.550040006638,0.507234990597));
#16546 = VECTOR('',#16547,1.);
#16547 = DIRECTION('',(0.,9.802027253596E-02,-0.995184418172));
#16548 = ORIENTED_EDGE('',*,*,#8660,.F.);
#16549 = ORIENTED_EDGE('',*,*,#6483,.T.);
#16550 = PLANE('',#16551);
#16551 = AXIS2_PLACEMENT_3D('',#16552,#16553,#16554);
#16552 = CARTESIAN_POINT('',(15.5,2.575019955635,0.253617495298));
#16553 = DIRECTION('',(-0.,-0.995184418172,-9.802027253596E-02));
#16554 = DIRECTION('',(0.,9.802027253596E-02,-0.995184418172));
#16555 = ADVANCED_FACE('',(#16556),#16562,.F.);
#16556 = FACE_BOUND('',#16557,.F.);
#16557 = EDGE_LOOP('',(#16558,#16559,#16560,#16561));
#16558 = ORIENTED_EDGE('',*,*,#14477,.F.);
#16559 = ORIENTED_EDGE('',*,*,#12405,.T.);
#16560 = ORIENTED_EDGE('',*,*,#14387,.F.);
#16561 = ORIENTED_EDGE('',*,*,#11621,.F.);
#16562 = PLANE('',#16563);
#16563 = AXIS2_PLACEMENT_3D('',#16564,#16565,#16566);
#16564 = CARTESIAN_POINT('',(-24.,-2.575019955635,0.253617495298));
#16565 = DIRECTION('',(0.,0.995184418172,-9.802027253596E-02));
#16566 = DIRECTION('',(0.,9.802027253596E-02,0.995184418172));
#16567 = ADVANCED_FACE('',(#16568),#16579,.F.);
#16568 = FACE_BOUND('',#16569,.F.);
#16569 = EDGE_LOOP('',(#16570,#16571,#16572,#16573));
#16570 = ORIENTED_EDGE('',*,*,#9701,.F.);
#16571 = ORIENTED_EDGE('',*,*,#9383,.F.);
#16572 = ORIENTED_EDGE('',*,*,#9637,.F.);
#16573 = ORIENTED_EDGE('',*,*,#16574,.T.);
#16574 = EDGE_CURVE('',#9638,#9702,#16575,.T.);
#16575 = LINE('',#16576,#16577);
#16576 = CARTESIAN_POINT('',(23.,-2.599999904633,0.));
#16577 = VECTOR('',#16578,1.);
#16578 = DIRECTION('',(0.,9.802027253596E-02,0.995184418172));
#16579 = PLANE('',#16580);
#16580 = AXIS2_PLACEMENT_3D('',#16581,#16582,#16583);
#16581 = CARTESIAN_POINT('',(24.,-2.575019955635,0.253617495298));
#16582 = DIRECTION('',(0.,0.995184418172,-9.802027253596E-02));
#16583 = DIRECTION('',(0.,9.802027253596E-02,0.995184418172));
#16584 = ADVANCED_FACE('',(#16585),#16596,.F.);
#16585 = FACE_BOUND('',#16586,.F.);
#16586 = EDGE_LOOP('',(#16587,#16588,#16589,#16590));
#16587 = ORIENTED_EDGE('',*,*,#8848,.F.);
#16588 = ORIENTED_EDGE('',*,*,#6619,.T.);
#16589 = ORIENTED_EDGE('',*,*,#8722,.F.);
#16590 = ORIENTED_EDGE('',*,*,#16591,.T.);
#16591 = EDGE_CURVE('',#8723,#8849,#16592,.T.);
#16592 = LINE('',#16593,#16594);
#16593 = CARTESIAN_POINT('',(12.,-2.599999904633,0.));
#16594 = VECTOR('',#16595,1.);
#16595 = DIRECTION('',(0.,9.802027253596E-02,0.995184418172));
#16596 = PLANE('',#16597);
#16597 = AXIS2_PLACEMENT_3D('',#16598,#16599,#16600);
#16598 = CARTESIAN_POINT('',(15.5,-2.575019955635,0.253617495298));
#16599 = DIRECTION('',(0.,0.995184418172,-9.802027253596E-02));
#16600 = DIRECTION('',(0.,9.802027253596E-02,0.995184418172));
#16601 = ADVANCED_FACE('',(#16602),#16608,.F.);
#16602 = FACE_BOUND('',#16603,.F.);
#16603 = EDGE_LOOP('',(#16604,#16605,#16606,#16607));
#16604 = ORIENTED_EDGE('',*,*,#14372,.F.);
#16605 = ORIENTED_EDGE('',*,*,#12421,.T.);
#16606 = ORIENTED_EDGE('',*,*,#14470,.F.);
#16607 = ORIENTED_EDGE('',*,*,#11863,.F.);
#16608 = PLANE('',#16609);
#16609 = AXIS2_PLACEMENT_3D('',#16610,#16611,#16612);
#16610 = CARTESIAN_POINT('',(-24.,-2.281955003738,1.219727963209));
#16611 = DIRECTION('',(0.,0.881916968656,-0.471404773413));
#16612 = DIRECTION('',(0.,0.471404773413,0.881916968656));
#16613 = ADVANCED_FACE('',(#16614),#16625,.F.);
#16614 = FACE_BOUND('',#16615,.F.);
#16615 = EDGE_LOOP('',(#16616,#16617,#16618,#16619));
#16616 = ORIENTED_EDGE('',*,*,#9732,.F.);
#16617 = ORIENTED_EDGE('',*,*,#9399,.F.);
#16618 = ORIENTED_EDGE('',*,*,#9692,.F.);
#16619 = ORIENTED_EDGE('',*,*,#16620,.T.);
#16620 = EDGE_CURVE('',#9693,#9733,#16621,.T.);
#16621 = LINE('',#16622,#16623);
#16622 = CARTESIAN_POINT('',(23.,-2.402090072632,0.994975984097));
#16623 = VECTOR('',#16624,1.);
#16624 = DIRECTION('',(0.,0.471404773413,0.881916968656));
#16625 = PLANE('',#16626);
#16626 = AXIS2_PLACEMENT_3D('',#16627,#16628,#16629);
#16627 = CARTESIAN_POINT('',(24.,-2.281955003738,1.219727963209));
#16628 = DIRECTION('',(0.,0.881916968656,-0.471404773413));
#16629 = DIRECTION('',(0.,0.471404773413,0.881916968656));
#16630 = ADVANCED_FACE('',(#16631),#16642,.F.);
#16631 = FACE_BOUND('',#16632,.F.);
#16632 = EDGE_LOOP('',(#16633,#16634,#16635,#16636));
#16633 = ORIENTED_EDGE('',*,*,#8700,.F.);
#16634 = ORIENTED_EDGE('',*,*,#6635,.T.);
#16635 = ORIENTED_EDGE('',*,*,#8839,.F.);
#16636 = ORIENTED_EDGE('',*,*,#16637,.T.);
#16637 = EDGE_CURVE('',#8840,#8701,#16638,.T.);
#16638 = LINE('',#16639,#16640);
#16639 = CARTESIAN_POINT('',(12.,-2.402090072632,0.994975984097));
#16640 = VECTOR('',#16641,1.);
#16641 = DIRECTION('',(0.,0.471404773413,0.881916968656));
#16642 = PLANE('',#16643);
#16643 = AXIS2_PLACEMENT_3D('',#16644,#16645,#16646);
#16644 = CARTESIAN_POINT('',(15.5,-2.281955003738,1.219727963209));
#16645 = DIRECTION('',(0.,0.881916968656,-0.471404773413));
#16646 = DIRECTION('',(0.,0.471404773413,0.881916968656));
#16647 = ADVANCED_FACE('',(#16648),#16673,.F.);
#16648 = FACE_BOUND('',#16649,.F.);
#16649 = EDGE_LOOP('',(#16650,#16651,#16659,#16667));
#16650 = ORIENTED_EDGE('',*,*,#13520,.F.);
#16651 = ORIENTED_EDGE('',*,*,#16652,.T.);
#16652 = EDGE_CURVE('',#13158,#16653,#16655,.T.);
#16653 = VERTEX_POINT('',#16654);
#16654 = CARTESIAN_POINT('',(-18.86860084533,1.131369948387,-3.5));
#16655 = LINE('',#16656,#16657);
#16656 = CARTESIAN_POINT('',(-18.86860084533,1.131369948387,
    -5.888569831848));
#16657 = VECTOR('',#16658,1.);
#16658 = DIRECTION('',(0.,0.,1.));
#16659 = ORIENTED_EDGE('',*,*,#16660,.T.);
#16660 = EDGE_CURVE('',#16653,#16661,#16663,.T.);
#16661 = VERTEX_POINT('',#16662);
#16662 = CARTESIAN_POINT('',(-19.,1.219149947166,-3.5));
#16663 = LINE('',#16664,#16665);
#16664 = CARTESIAN_POINT('',(-18.86860084533,1.131369948387,-3.5));
#16665 = VECTOR('',#16666,1.);
#16666 = DIRECTION('',(-0.831522546956,0.555491002541,0.));
#16667 = ORIENTED_EDGE('',*,*,#16668,.T.);
#16668 = EDGE_CURVE('',#16661,#13244,#16669,.T.);
#16669 = LINE('',#16670,#16671);
#16670 = CARTESIAN_POINT('',(-19.,1.219149947166,-3.5));
#16671 = VECTOR('',#16672,1.);
#16672 = DIRECTION('',(0.,0.,-1.));
#16673 = PLANE('',#16674);
#16674 = AXIS2_PLACEMENT_3D('',#16675,#16676,#16677);
#16675 = CARTESIAN_POINT('',(-18.92093380505,1.166330501609,
    -4.657861461045));
#16676 = DIRECTION('',(-0.555491002541,-0.831522546956,-0.));
#16677 = DIRECTION('',(-0.831522546956,0.555491002541,0.));
#16678 = ADVANCED_FACE('',(#16679),#16697,.F.);
#16679 = FACE_BOUND('',#16680,.F.);
#16680 = EDGE_LOOP('',(#16681,#16682,#16690,#16696));
#16681 = ORIENTED_EDGE('',*,*,#13166,.F.);
#16682 = ORIENTED_EDGE('',*,*,#16683,.T.);
#16683 = EDGE_CURVE('',#13135,#16684,#16686,.T.);
#16684 = VERTEX_POINT('',#16685);
#16685 = CARTESIAN_POINT('',(-18.52179908752,0.61229300499,-3.5));
#16686 = LINE('',#16687,#16688);
#16687 = CARTESIAN_POINT('',(-18.52179908752,0.61229300499,
    -5.939690113068));
#16688 = VECTOR('',#16689,1.);
#16689 = DIRECTION('',(0.,0.,1.));
#16690 = ORIENTED_EDGE('',*,*,#16691,.T.);
#16691 = EDGE_CURVE('',#16684,#16653,#16692,.T.);
#16692 = LINE('',#16693,#16694);
#16693 = CARTESIAN_POINT('',(-18.52179908752,0.61229300499,-3.5));
#16694 = VECTOR('',#16695,1.);
#16695 = DIRECTION('',(-0.555532172781,0.831495042081,0.));
#16696 = ORIENTED_EDGE('',*,*,#16652,.F.);
#16697 = PLANE('',#16698);
#16698 = AXIS2_PLACEMENT_3D('',#16699,#16700,#16701);
#16699 = CARTESIAN_POINT('',(-18.69374175547,0.869648893494,
    -4.707587380219));
#16700 = DIRECTION('',(-0.831495042081,-0.555532172781,-0.));
#16701 = DIRECTION('',(0.555532172781,-0.831495042081,0.));
#16702 = ADVANCED_FACE('',(#16703),#16721,.F.);
#16703 = FACE_BOUND('',#16704,.F.);
#16704 = EDGE_LOOP('',(#16705,#16706,#16714,#16720));
#16705 = ORIENTED_EDGE('',*,*,#13143,.F.);
#16706 = ORIENTED_EDGE('',*,*,#16707,.T.);
#16707 = EDGE_CURVE('',#13112,#16708,#16710,.T.);
#16708 = VERTEX_POINT('',#16709);
#16709 = CARTESIAN_POINT('',(-18.39999961853,0.,-3.5));
#16710 = LINE('',#16711,#16712);
#16711 = CARTESIAN_POINT('',(-18.39999961853,0.,-6.));
#16712 = VECTOR('',#16713,1.);
#16713 = DIRECTION('',(0.,0.,1.));
#16714 = ORIENTED_EDGE('',*,*,#16715,.T.);
#16715 = EDGE_CURVE('',#16708,#16684,#16716,.T.);
#16716 = LINE('',#16717,#16718);
#16717 = CARTESIAN_POINT('',(-18.39999961853,0.,-3.5));
#16718 = VECTOR('',#16719,1.);
#16719 = DIRECTION('',(-0.195100827306,0.980783190713,0.));
#16720 = ORIENTED_EDGE('',*,*,#16683,.F.);
#16721 = PLANE('',#16722);
#16722 = AXIS2_PLACEMENT_3D('',#16723,#16724,#16725);
#16723 = CARTESIAN_POINT('',(-18.46030611258,0.303164248345,
    -4.735649120928));
#16724 = DIRECTION('',(-0.980783190713,-0.195100827306,-0.));
#16725 = DIRECTION('',(0.195100827306,-0.980783190713,0.));
#16726 = ADVANCED_FACE('',(#16727),#16733,.F.);
#16727 = FACE_BOUND('',#16728,.F.);
#16728 = EDGE_LOOP('',(#16729,#16730,#16731,#16732));
#16729 = ORIENTED_EDGE('',*,*,#14310,.F.);
#16730 = ORIENTED_EDGE('',*,*,#13943,.T.);
#16731 = ORIENTED_EDGE('',*,*,#13560,.F.);
#16732 = ORIENTED_EDGE('',*,*,#13053,.F.);
#16733 = PLANE('',#16734);
#16734 = AXIS2_PLACEMENT_3D('',#16735,#16736,#16737);
#16735 = CARTESIAN_POINT('',(-20.3061504364,1.539104998112,
    -5.278924942017));
#16736 = DIRECTION('',(0.19508390488,-0.980786556829,-0.));
#16737 = DIRECTION('',(-0.980786556829,-0.19508390488,0.));
#16738 = ADVANCED_FACE('',(#16739),#16757,.F.);
#16739 = FACE_BOUND('',#16740,.F.);
#16740 = EDGE_LOOP('',(#16741,#16742,#16743,#16751));
#16741 = ORIENTED_EDGE('',*,*,#16707,.F.);
#16742 = ORIENTED_EDGE('',*,*,#13305,.F.);
#16743 = ORIENTED_EDGE('',*,*,#16744,.T.);
#16744 = EDGE_CURVE('',#13298,#16745,#16747,.T.);
#16745 = VERTEX_POINT('',#16746);
#16746 = CARTESIAN_POINT('',(-18.52179908752,-0.61229300499,-3.5));
#16747 = LINE('',#16748,#16749);
#16748 = CARTESIAN_POINT('',(-18.52179908752,-0.61229300499,
    -5.939690113068));
#16749 = VECTOR('',#16750,1.);
#16750 = DIRECTION('',(0.,0.,1.));
#16751 = ORIENTED_EDGE('',*,*,#16752,.T.);
#16752 = EDGE_CURVE('',#16745,#16708,#16753,.T.);
#16753 = LINE('',#16754,#16755);
#16754 = CARTESIAN_POINT('',(-18.52179908752,-0.61229300499,-3.5));
#16755 = VECTOR('',#16756,1.);
#16756 = DIRECTION('',(0.195100827306,0.980783190713,0.));
#16757 = PLANE('',#16758);
#16758 = AXIS2_PLACEMENT_3D('',#16759,#16760,#16761);
#16759 = CARTESIAN_POINT('',(-18.46030611258,-0.303164248345,
    -4.735649120928));
#16760 = DIRECTION('',(-0.980783190713,0.195100827306,-0.));
#16761 = DIRECTION('',(-0.195100827306,-0.980783190713,0.));
#16762 = ADVANCED_FACE('',(#16763),#16774,.F.);
#16763 = FACE_BOUND('',#16764,.F.);
#16764 = EDGE_LOOP('',(#16765,#16766,#16767,#16768));
#16765 = ORIENTED_EDGE('',*,*,#16744,.F.);
#16766 = ORIENTED_EDGE('',*,*,#13328,.F.);
#16767 = ORIENTED_EDGE('',*,*,#14277,.F.);
#16768 = ORIENTED_EDGE('',*,*,#16769,.T.);
#16769 = EDGE_CURVE('',#14270,#16745,#16770,.T.);
#16770 = LINE('',#16771,#16772);
#16771 = CARTESIAN_POINT('',(-18.86860084533,-1.131369948387,-3.5));
#16772 = VECTOR('',#16773,1.);
#16773 = DIRECTION('',(0.555532172781,0.831495042081,0.));
#16774 = PLANE('',#16775);
#16775 = AXIS2_PLACEMENT_3D('',#16776,#16777,#16778);
#16776 = CARTESIAN_POINT('',(-18.69374175547,-0.869648893494,
    -4.707587380219));
#16777 = DIRECTION('',(-0.831495042081,0.555532172781,-0.));
#16778 = DIRECTION('',(-0.555532172781,-0.831495042081,0.));
#16779 = ADVANCED_FACE('',(#16780),#16794,.F.);
#16780 = FACE_BOUND('',#16781,.F.);
#16781 = EDGE_LOOP('',(#16782,#16783,#16784,#16785,#16791,#16792,#16793)
  );
#16782 = ORIENTED_EDGE('',*,*,#16752,.F.);
#16783 = ORIENTED_EDGE('',*,*,#16769,.F.);
#16784 = ORIENTED_EDGE('',*,*,#14269,.F.);
#16785 = ORIENTED_EDGE('',*,*,#16786,.T.);
#16786 = EDGE_CURVE('',#14262,#16661,#16787,.T.);
#16787 = LINE('',#16788,#16789);
#16788 = CARTESIAN_POINT('',(-19.,-1.219149947166,-3.5));
#16789 = VECTOR('',#16790,1.);
#16790 = DIRECTION('',(0.,1.,0.));
#16791 = ORIENTED_EDGE('',*,*,#16660,.F.);
#16792 = ORIENTED_EDGE('',*,*,#16691,.F.);
#16793 = ORIENTED_EDGE('',*,*,#16715,.F.);
#16794 = PLANE('',#16795);
#16795 = AXIS2_PLACEMENT_3D('',#16796,#16797,#16798);
#16796 = CARTESIAN_POINT('',(-18.79540391108,2.642651624582E-17,-3.5));
#16797 = DIRECTION('',(-0.,-0.,-1.));
#16798 = DIRECTION('',(-1.,0.,0.));
#16799 = ADVANCED_FACE('',(#16800),#16826,.F.);
#16800 = FACE_BOUND('',#16801,.F.);
#16801 = EDGE_LOOP('',(#16802,#16808,#16809,#16817,#16823,#16824,#16825)
  );
#16802 = ORIENTED_EDGE('',*,*,#16803,.T.);
#16803 = EDGE_CURVE('',#6330,#8550,#16804,.T.);
#16804 = LINE('',#16805,#16806);
#16805 = CARTESIAN_POINT('',(19.,-1.219149947166,-3.5));
#16806 = VECTOR('',#16807,1.);
#16807 = DIRECTION('',(-0.831522546956,0.555491002541,0.));
#16808 = ORIENTED_EDGE('',*,*,#8547,.F.);
#16809 = ORIENTED_EDGE('',*,*,#16810,.T.);
#16810 = EDGE_CURVE('',#8548,#16811,#16813,.T.);
#16811 = VERTEX_POINT('',#16812);
#16812 = CARTESIAN_POINT('',(18.39999961853,0.,-3.5));
#16813 = LINE('',#16814,#16815);
#16814 = CARTESIAN_POINT('',(18.521799087524,-0.61229300499,-3.5));
#16815 = VECTOR('',#16816,1.);
#16816 = DIRECTION('',(-0.195100827306,0.980783190713,0.));
#16817 = ORIENTED_EDGE('',*,*,#16818,.F.);
#16818 = EDGE_CURVE('',#8638,#16811,#16819,.T.);
#16819 = LINE('',#16820,#16821);
#16820 = CARTESIAN_POINT('',(18.521799087524,0.61229300499,-3.5));
#16821 = VECTOR('',#16822,1.);
#16822 = DIRECTION('',(-0.195100827306,-0.980783190713,0.));
#16823 = ORIENTED_EDGE('',*,*,#8637,.F.);
#16824 = ORIENTED_EDGE('',*,*,#8579,.F.);
#16825 = ORIENTED_EDGE('',*,*,#6337,.T.);
#16826 = PLANE('',#16827);
#16827 = AXIS2_PLACEMENT_3D('',#16828,#16829,#16830);
#16828 = CARTESIAN_POINT('',(18.795403911084,0.,-3.5));
#16829 = DIRECTION('',(-0.,-0.,-1.));
#16830 = DIRECTION('',(-1.,0.,0.));
#16831 = ADVANCED_FACE('',(#16832),#16838,.F.);
#16832 = FACE_BOUND('',#16833,.F.);
#16833 = EDGE_LOOP('',(#16834,#16835,#16836,#16837));
#16834 = ORIENTED_EDGE('',*,*,#14293,.F.);
#16835 = ORIENTED_EDGE('',*,*,#13742,.T.);
#16836 = ORIENTED_EDGE('',*,*,#13623,.F.);
#16837 = ORIENTED_EDGE('',*,*,#13436,.F.);
#16838 = PLANE('',#16839);
#16839 = AXIS2_PLACEMENT_3D('',#16840,#16841,#16842);
#16840 = CARTESIAN_POINT('',(-19.69384956359,-1.539104998112,
    -5.278924942017));
#16841 = DIRECTION('',(-0.19508390488,0.980786556829,0.));
#16842 = DIRECTION('',(0.980786556829,0.19508390488,0.));
#16843 = ADVANCED_FACE('',(#16844),#16850,.F.);
#16844 = FACE_BOUND('',#16845,.F.);
#16845 = EDGE_LOOP('',(#16846,#16847,#16848,#16849));
#16846 = ORIENTED_EDGE('',*,*,#14006,.T.);
#16847 = ORIENTED_EDGE('',*,*,#12825,.F.);
#16848 = ORIENTED_EDGE('',*,*,#12889,.F.);
#16849 = ORIENTED_EDGE('',*,*,#14328,.F.);
#16850 = PLANE('',#16851);
#16851 = AXIS2_PLACEMENT_3D('',#16852,#16853,#16854);
#16852 = CARTESIAN_POINT('',(-21.53910063776,-0.306146548774,
    -5.494845021229));
#16853 = DIRECTION('',(0.980783190713,0.195100827306,0.));
#16854 = DIRECTION('',(-0.195100827306,0.980783190713,0.));
#16855 = ADVANCED_FACE('',(#16856),#16867,.F.);
#16856 = FACE_BOUND('',#16857,.F.);
#16857 = EDGE_LOOP('',(#16858,#16859,#16865,#16866));
#16858 = ORIENTED_EDGE('',*,*,#7214,.F.);
#16859 = ORIENTED_EDGE('',*,*,#16860,.T.);
#16860 = EDGE_CURVE('',#7174,#6747,#16861,.T.);
#16861 = LINE('',#16862,#16863);
#16862 = CARTESIAN_POINT('',(21.60000038147,0.,-6.));
#16863 = VECTOR('',#16864,1.);
#16864 = DIRECTION('',(0.,0.,1.));
#16865 = ORIENTED_EDGE('',*,*,#6746,.T.);
#16866 = ORIENTED_EDGE('',*,*,#7624,.F.);
#16867 = PLANE('',#16868);
#16868 = AXIS2_PLACEMENT_3D('',#16869,#16870,#16871);
#16869 = CARTESIAN_POINT('',(21.539100637767,0.306146548774,
    -5.494845021229));
#16870 = DIRECTION('',(-0.980783190713,-0.195100827306,-0.));
#16871 = DIRECTION('',(0.195100827306,-0.980783190713,0.));
#16872 = ADVANCED_FACE('',(#16873),#16879,.F.);
#16873 = FACE_BOUND('',#16874,.F.);
#16874 = EDGE_LOOP('',(#16875,#16876,#16877,#16878));
#16875 = ORIENTED_EDGE('',*,*,#16860,.F.);
#16876 = ORIENTED_EDGE('',*,*,#7411,.F.);
#16877 = ORIENTED_EDGE('',*,*,#7699,.F.);
#16878 = ORIENTED_EDGE('',*,*,#6777,.T.);
#16879 = PLANE('',#16880);
#16880 = AXIS2_PLACEMENT_3D('',#16881,#16882,#16883);
#16881 = CARTESIAN_POINT('',(21.539100637767,-0.306146548774,
    -5.494845021229));
#16882 = DIRECTION('',(-0.980783190713,0.195100827306,-0.));
#16883 = DIRECTION('',(-0.195100827306,-0.980783190713,0.));
#16884 = ADVANCED_FACE('',(#16885),#16891,.F.);
#16885 = FACE_BOUND('',#16886,.F.);
#16886 = EDGE_LOOP('',(#16887,#16888,#16889,#16890));
#16887 = ORIENTED_EDGE('',*,*,#8137,.T.);
#16888 = ORIENTED_EDGE('',*,*,#8619,.F.);
#16889 = ORIENTED_EDGE('',*,*,#7570,.F.);
#16890 = ORIENTED_EDGE('',*,*,#6837,.T.);
#16891 = PLANE('',#16892);
#16892 = AXIS2_PLACEMENT_3D('',#16893,#16894,#16895);
#16893 = CARTESIAN_POINT('',(19.693849563599,-1.539104998112,
    -5.278924942017));
#16894 = DIRECTION('',(0.19508390488,0.980786556829,0.));
#16895 = DIRECTION('',(0.980786556829,-0.19508390488,0.));
#16896 = ADVANCED_FACE('',(#16897),#16908,.F.);
#16897 = FACE_BOUND('',#16898,.F.);
#16898 = EDGE_LOOP('',(#16899,#16900,#16901,#16907));
#16899 = ORIENTED_EDGE('',*,*,#8645,.F.);
#16900 = ORIENTED_EDGE('',*,*,#16818,.T.);
#16901 = ORIENTED_EDGE('',*,*,#16902,.T.);
#16902 = EDGE_CURVE('',#16811,#6944,#16903,.T.);
#16903 = LINE('',#16904,#16905);
#16904 = CARTESIAN_POINT('',(18.39999961853,0.,-3.5));
#16905 = VECTOR('',#16906,1.);
#16906 = DIRECTION('',(0.,0.,-1.));
#16907 = ORIENTED_EDGE('',*,*,#7021,.F.);
#16908 = PLANE('',#16909);
#16909 = AXIS2_PLACEMENT_3D('',#16910,#16911,#16912);
#16910 = CARTESIAN_POINT('',(18.460306112587,0.303164248345,
    -4.735649120928));
#16911 = DIRECTION('',(0.980783190713,-0.195100827306,0.));
#16912 = DIRECTION('',(0.195100827306,0.980783190713,0.));
#16913 = ADVANCED_FACE('',(#16914),#16920,.F.);
#16914 = FACE_BOUND('',#16915,.F.);
#16915 = EDGE_LOOP('',(#16916,#16917,#16918,#16919));
#16916 = ORIENTED_EDGE('',*,*,#8603,.F.);
#16917 = ORIENTED_EDGE('',*,*,#7994,.T.);
#16918 = ORIENTED_EDGE('',*,*,#7799,.F.);
#16919 = ORIENTED_EDGE('',*,*,#7136,.F.);
#16920 = PLANE('',#16921);
#16921 = AXIS2_PLACEMENT_3D('',#16922,#16923,#16924);
#16922 = CARTESIAN_POINT('',(19.693849563599,1.539104998112,
    -5.278924942017));
#16923 = DIRECTION('',(0.19508390488,-0.980786556829,-0.));
#16924 = DIRECTION('',(-0.980786556829,-0.19508390488,0.));
#16925 = ADVANCED_FACE('',(#16926),#16932,.F.);
#16926 = FACE_BOUND('',#16927,.F.);
#16927 = EDGE_LOOP('',(#16928,#16929,#16930,#16931));
#16928 = ORIENTED_EDGE('',*,*,#16810,.F.);
#16929 = ORIENTED_EDGE('',*,*,#8564,.F.);
#16930 = ORIENTED_EDGE('',*,*,#6951,.F.);
#16931 = ORIENTED_EDGE('',*,*,#16902,.F.);
#16932 = PLANE('',#16933);
#16933 = AXIS2_PLACEMENT_3D('',#16934,#16935,#16936);
#16934 = CARTESIAN_POINT('',(18.460306112587,-0.303164248345,
    -4.735649120928));
#16935 = DIRECTION('',(0.980783190713,0.195100827306,0.));
#16936 = DIRECTION('',(-0.195100827306,0.980783190713,0.));
#16937 = ADVANCED_FACE('',(#16938),#16944,.F.);
#16938 = FACE_BOUND('',#16939,.F.);
#16939 = EDGE_LOOP('',(#16940,#16941,#16942,#16943));
#16940 = ORIENTED_EDGE('',*,*,#16803,.F.);
#16941 = ORIENTED_EDGE('',*,*,#6329,.T.);
#16942 = ORIENTED_EDGE('',*,*,#7868,.F.);
#16943 = ORIENTED_EDGE('',*,*,#8557,.F.);
#16944 = PLANE('',#16945);
#16945 = AXIS2_PLACEMENT_3D('',#16946,#16947,#16948);
#16946 = CARTESIAN_POINT('',(18.920933805052,-1.166330501609,
    -4.657861461045));
#16947 = DIRECTION('',(0.555491002541,0.831522546956,0.));
#16948 = DIRECTION('',(0.831522546956,-0.555491002541,0.));
#16949 = ADVANCED_FACE('',(#16950),#16961,.F.);
#16950 = FACE_BOUND('',#16951,.F.);
#16951 = EDGE_LOOP('',(#16952,#16958,#16959,#16960));
#16952 = ORIENTED_EDGE('',*,*,#16953,.T.);
#16953 = EDGE_CURVE('',#13870,#14104,#16954,.T.);
#16954 = LINE('',#16955,#16956);
#16955 = CARTESIAN_POINT('',(-19.,1.932549953461,-4.665589809418));
#16956 = VECTOR('',#16957,1.);
#16957 = DIRECTION('',(0.,0.881921665133,0.47139598701));
#16958 = ORIENTED_EDGE('',*,*,#14113,.T.);
#16959 = ORIENTED_EDGE('',*,*,#12147,.T.);
#16960 = ORIENTED_EDGE('',*,*,#13922,.T.);
#16961 = PLANE('',#16962);
#16962 = AXIS2_PLACEMENT_3D('',#16963,#16964,#16965);
#16963 = CARTESIAN_POINT('',(-21.,2.369089961052,-4.43225479126));
#16964 = DIRECTION('',(0.,-0.47139598701,0.881921665133));
#16965 = DIRECTION('',(0.,0.881921665133,0.47139598701));
#16966 = ADVANCED_FACE('',(#16967),#16978,.F.);
#16967 = FACE_BOUND('',#16968,.F.);
#16968 = EDGE_LOOP('',(#16969,#16975,#16976,#16977));
#16969 = ORIENTED_EDGE('',*,*,#16970,.T.);
#16970 = EDGE_CURVE('',#7885,#8352,#16971,.T.);
#16971 = LINE('',#16972,#16973);
#16972 = CARTESIAN_POINT('',(23.,1.932549953461,-4.665589809418));
#16973 = VECTOR('',#16974,1.);
#16974 = DIRECTION('',(0.,0.881921665133,0.47139598701));
#16975 = ORIENTED_EDGE('',*,*,#8361,.T.);
#16976 = ORIENTED_EDGE('',*,*,#6361,.T.);
#16977 = ORIENTED_EDGE('',*,*,#7974,.T.);
#16978 = PLANE('',#16979);
#16979 = AXIS2_PLACEMENT_3D('',#16980,#16981,#16982);
#16980 = CARTESIAN_POINT('',(21.,2.369089961052,-4.43225479126));
#16981 = DIRECTION('',(0.,-0.47139598701,0.881921665133));
#16982 = DIRECTION('',(0.,0.881921665133,0.47139598701));
#16983 = ADVANCED_FACE('',(#16984),#17009,.F.);
#16984 = FACE_BOUND('',#16985,.F.);
#16985 = EDGE_LOOP('',(#16986,#16994,#17002,#17008));
#16986 = ORIENTED_EDGE('',*,*,#16987,.T.);
#16987 = EDGE_CURVE('',#12052,#16988,#16990,.T.);
#16988 = VERTEX_POINT('',#16989);
#16989 = CARTESIAN_POINT('',(-19.,-4.952960014343,0.985206007957));
#16990 = LINE('',#16991,#16992);
#16991 = CARTESIAN_POINT('',(-23.,-4.952960014343,0.985206007957));
#16992 = VECTOR('',#16993,1.);
#16993 = DIRECTION('',(1.,0.,0.));
#16994 = ORIENTED_EDGE('',*,*,#16995,.T.);
#16995 = EDGE_CURVE('',#16988,#16996,#16998,.T.);
#16996 = VERTEX_POINT('',#16997);
#16997 = CARTESIAN_POINT('',(-19.,-5.050000190735,0.));
#16998 = LINE('',#16999,#17000);
#16999 = CARTESIAN_POINT('',(-19.,-4.952960014343,0.985206007957));
#17000 = VECTOR('',#17001,1.);
#17001 = DIRECTION('',(0.,-9.802299687793E-02,-0.995184149835));
#17002 = ORIENTED_EDGE('',*,*,#17003,.T.);
#17003 = EDGE_CURVE('',#16996,#12060,#17004,.T.);
#17004 = LINE('',#17005,#17006);
#17005 = CARTESIAN_POINT('',(-19.,-5.050000190735,0.));
#17006 = VECTOR('',#17007,1.);
#17007 = DIRECTION('',(-1.,0.,0.));
#17008 = ORIENTED_EDGE('',*,*,#12059,.T.);
#17009 = PLANE('',#17010);
#17010 = AXIS2_PLACEMENT_3D('',#17011,#17012,#17013);
#17011 = CARTESIAN_POINT('',(-21.,-5.001480102539,0.492603003979));
#17012 = DIRECTION('',(0.,0.995184149835,-9.802299687793E-02));
#17013 = DIRECTION('',(0.,9.802299687793E-02,0.995184149835));
#17014 = ADVANCED_FACE('',(#17015),#17040,.F.);
#17015 = FACE_BOUND('',#17016,.F.);
#17016 = EDGE_LOOP('',(#17017,#17025,#17033,#17039));
#17017 = ORIENTED_EDGE('',*,*,#17018,.F.);
#17018 = EDGE_CURVE('',#17019,#6267,#17021,.T.);
#17019 = VERTEX_POINT('',#17020);
#17020 = CARTESIAN_POINT('',(23.,-4.952960014343,0.985206007957));
#17021 = LINE('',#17022,#17023);
#17022 = CARTESIAN_POINT('',(23.,-4.952960014343,0.985206007957));
#17023 = VECTOR('',#17024,1.);
#17024 = DIRECTION('',(-1.,0.,0.));
#17025 = ORIENTED_EDGE('',*,*,#17026,.F.);
#17026 = EDGE_CURVE('',#17027,#17019,#17029,.T.);
#17027 = VERTEX_POINT('',#17028);
#17028 = CARTESIAN_POINT('',(23.,-5.050000190735,0.));
#17029 = LINE('',#17030,#17031);
#17030 = CARTESIAN_POINT('',(23.,-5.050000190735,0.));
#17031 = VECTOR('',#17032,1.);
#17032 = DIRECTION('',(0.,9.802299687793E-02,0.995184149835));
#17033 = ORIENTED_EDGE('',*,*,#17034,.F.);
#17034 = EDGE_CURVE('',#6275,#17027,#17035,.T.);
#17035 = LINE('',#17036,#17037);
#17036 = CARTESIAN_POINT('',(19.,-5.050000190735,0.));
#17037 = VECTOR('',#17038,1.);
#17038 = DIRECTION('',(1.,0.,0.));
#17039 = ORIENTED_EDGE('',*,*,#6274,.F.);
#17040 = PLANE('',#17041);
#17041 = AXIS2_PLACEMENT_3D('',#17042,#17043,#17044);
#17042 = CARTESIAN_POINT('',(21.,-5.001480102539,0.492603003979));
#17043 = DIRECTION('',(0.,0.995184149835,-9.802299687793E-02));
#17044 = DIRECTION('',(0.,9.802299687793E-02,0.995184149835));
#17045 = ADVANCED_FACE('',(#17046),#17057,.F.);
#17046 = FACE_BOUND('',#17047,.F.);
#17047 = EDGE_LOOP('',(#17048,#17054,#17055,#17056));
#17048 = ORIENTED_EDGE('',*,*,#17049,.T.);
#17049 = EDGE_CURVE('',#14233,#11947,#17050,.T.);
#17050 = LINE('',#17051,#17052);
#17051 = CARTESIAN_POINT('',(-19.,2.805629968643,4.198919773102));
#17052 = VECTOR('',#17053,1.);
#17053 = DIRECTION('',(0.,-0.881921665133,0.47139598701));
#17054 = ORIENTED_EDGE('',*,*,#11972,.F.);
#17055 = ORIENTED_EDGE('',*,*,#11986,.F.);
#17056 = ORIENTED_EDGE('',*,*,#14240,.T.);
#17057 = PLANE('',#17058);
#17058 = AXIS2_PLACEMENT_3D('',#17059,#17060,#17061);
#17059 = CARTESIAN_POINT('',(-21.,2.369089961052,4.43225479126));
#17060 = DIRECTION('',(-0.,-0.47139598701,-0.881921665133));
#17061 = DIRECTION('',(0.,-0.881921665133,0.47139598701));
#17062 = ADVANCED_FACE('',(#17063),#17074,.F.);
#17063 = FACE_BOUND('',#17064,.F.);
#17064 = EDGE_LOOP('',(#17065,#17071,#17072,#17073));
#17065 = ORIENTED_EDGE('',*,*,#17066,.T.);
#17066 = EDGE_CURVE('',#8165,#8517,#17067,.T.);
#17067 = LINE('',#17068,#17069);
#17068 = CARTESIAN_POINT('',(23.,2.805629968643,4.198919773102));
#17069 = VECTOR('',#17070,1.);
#17070 = DIRECTION('',(0.,-0.881921665133,0.47139598701));
#17071 = ORIENTED_EDGE('',*,*,#8533,.F.);
#17072 = ORIENTED_EDGE('',*,*,#6192,.F.);
#17073 = ORIENTED_EDGE('',*,*,#8172,.F.);
#17074 = PLANE('',#17075);
#17075 = AXIS2_PLACEMENT_3D('',#17076,#17077,#17078);
#17076 = CARTESIAN_POINT('',(21.,2.369089961052,4.43225479126));
#17077 = DIRECTION('',(-0.,-0.47139598701,-0.881921665133));
#17078 = DIRECTION('',(0.,-0.881921665133,0.47139598701));
#17079 = ADVANCED_FACE('',(#17080),#17091,.F.);
#17080 = FACE_BOUND('',#17081,.F.);
#17081 = EDGE_LOOP('',(#17082,#17083,#17084,#17085));
#17082 = ORIENTED_EDGE('',*,*,#14208,.T.);
#17083 = ORIENTED_EDGE('',*,*,#12179,.F.);
#17084 = ORIENTED_EDGE('',*,*,#14048,.F.);
#17085 = ORIENTED_EDGE('',*,*,#17086,.T.);
#17086 = EDGE_CURVE('',#14049,#14209,#17087,.T.);
#17087 = LINE('',#17088,#17089);
#17088 = CARTESIAN_POINT('',(-19.,4.665589809418,-1.932549953461));
#17089 = VECTOR('',#17090,1.);
#17090 = DIRECTION('',(0.,0.290281495972,0.956941300758));
#17091 = PLANE('',#17092);
#17092 = AXIS2_PLACEMENT_3D('',#17093,#17094,#17095);
#17093 = CARTESIAN_POINT('',(-21.,4.80927491188,-1.458877980709));
#17094 = DIRECTION('',(-0.,-0.956941300758,0.290281495972));
#17095 = DIRECTION('',(0.,-0.290281495972,-0.956941300758));
#17096 = ADVANCED_FACE('',(#17097),#17108,.F.);
#17097 = FACE_BOUND('',#17098,.F.);
#17098 = EDGE_LOOP('',(#17099,#17100,#17101,#17102));
#17099 = ORIENTED_EDGE('',*,*,#8274,.F.);
#17100 = ORIENTED_EDGE('',*,*,#6393,.F.);
#17101 = ORIENTED_EDGE('',*,*,#8296,.F.);
#17102 = ORIENTED_EDGE('',*,*,#17103,.T.);
#17103 = EDGE_CURVE('',#8297,#8275,#17104,.T.);
#17104 = LINE('',#17105,#17106);
#17105 = CARTESIAN_POINT('',(23.,4.665589809418,-1.932549953461));
#17106 = VECTOR('',#17107,1.);
#17107 = DIRECTION('',(0.,0.290281495972,0.956941300758));
#17108 = PLANE('',#17109);
#17109 = AXIS2_PLACEMENT_3D('',#17110,#17111,#17112);
#17110 = CARTESIAN_POINT('',(21.,4.80927491188,-1.458877980709));
#17111 = DIRECTION('',(-0.,-0.956941300758,0.290281495972));
#17112 = DIRECTION('',(0.,-0.290281495972,-0.956941300758));
#17113 = ADVANCED_FACE('',(#17114),#17125,.F.);
#17114 = FACE_BOUND('',#17115,.F.);
#17115 = EDGE_LOOP('',(#17116,#17122,#17123,#17124));
#17116 = ORIENTED_EDGE('',*,*,#17117,.T.);
#17117 = EDGE_CURVE('',#12643,#13711,#17118,.T.);
#17118 = LINE('',#17119,#17120);
#17119 = CARTESIAN_POINT('',(-19.,-2.805629968643,-4.198919773102));
#17120 = VECTOR('',#17121,1.);
#17121 = DIRECTION('',(0.,0.881921665133,-0.47139598701));
#17122 = ORIENTED_EDGE('',*,*,#13794,.F.);
#17123 = ORIENTED_EDGE('',*,*,#12107,.F.);
#17124 = ORIENTED_EDGE('',*,*,#12650,.F.);
#17125 = PLANE('',#17126);
#17126 = AXIS2_PLACEMENT_3D('',#17127,#17128,#17129);
#17127 = CARTESIAN_POINT('',(-21.,-2.369089961052,-4.43225479126));
#17128 = DIRECTION('',(0.,0.47139598701,0.881921665133));
#17129 = DIRECTION('',(0.,0.881921665133,-0.47139598701));
#17130 = ADVANCED_FACE('',(#17131),#17142,.F.);
#17131 = FACE_BOUND('',#17132,.F.);
#17132 = EDGE_LOOP('',(#17133,#17139,#17140,#17141));
#17133 = ORIENTED_EDGE('',*,*,#17134,.T.);
#17134 = EDGE_CURVE('',#6155,#8032,#17135,.T.);
#17135 = LINE('',#17136,#17137);
#17136 = CARTESIAN_POINT('',(23.,-2.805629968643,-4.198919773102));
#17137 = VECTOR('',#17138,1.);
#17138 = DIRECTION('',(0.,0.881921665133,-0.47139598701));
#17139 = ORIENTED_EDGE('',*,*,#8115,.F.);
#17140 = ORIENTED_EDGE('',*,*,#6313,.F.);
#17141 = ORIENTED_EDGE('',*,*,#6162,.F.);
#17142 = PLANE('',#17143);
#17143 = AXIS2_PLACEMENT_3D('',#17144,#17145,#17146);
#17144 = CARTESIAN_POINT('',(21.,-2.369089961052,-4.43225479126));
#17145 = DIRECTION('',(0.,0.47139598701,0.881921665133));
#17146 = DIRECTION('',(0.,0.881921665133,-0.47139598701));
#17147 = ADVANCED_FACE('',(#17148),#17166,.F.);
#17148 = FACE_BOUND('',#17149,.F.);
#17149 = EDGE_LOOP('',(#17150,#17158,#17159,#17160));
#17150 = ORIENTED_EDGE('',*,*,#17151,.T.);
#17151 = EDGE_CURVE('',#17152,#12531,#17154,.T.);
#17152 = VERTEX_POINT('',#17153);
#17153 = CARTESIAN_POINT('',(-19.,-0.985206007957,4.952960014343));
#17154 = LINE('',#17155,#17156);
#17155 = CARTESIAN_POINT('',(-19.,-0.985206007957,4.952960014343));
#17156 = VECTOR('',#17157,1.);
#17157 = DIRECTION('',(0.,-0.956941300758,-0.290281495972));
#17158 = ORIENTED_EDGE('',*,*,#12540,.F.);
#17159 = ORIENTED_EDGE('',*,*,#12011,.F.);
#17160 = ORIENTED_EDGE('',*,*,#17161,.T.);
#17161 = EDGE_CURVE('',#12004,#17152,#17162,.T.);
#17162 = LINE('',#17163,#17164);
#17163 = CARTESIAN_POINT('',(-23.,-0.985206007957,4.952960014343));
#17164 = VECTOR('',#17165,1.);
#17165 = DIRECTION('',(1.,0.,0.));
#17166 = PLANE('',#17167);
#17167 = AXIS2_PLACEMENT_3D('',#17168,#17169,#17170);
#17168 = CARTESIAN_POINT('',(-21.,-1.458877980709,4.80927491188));
#17169 = DIRECTION('',(-0.,0.290281495972,-0.956941300758));
#17170 = DIRECTION('',(0.,-0.956941300758,-0.290281495972));
#17171 = ADVANCED_FACE('',(#17172),#17190,.F.);
#17172 = FACE_BOUND('',#17173,.F.);
#17173 = EDGE_LOOP('',(#17174,#17182,#17183,#17184));
#17174 = ORIENTED_EDGE('',*,*,#17175,.T.);
#17175 = EDGE_CURVE('',#17176,#8469,#17178,.T.);
#17176 = VERTEX_POINT('',#17177);
#17177 = CARTESIAN_POINT('',(23.,-0.985206007957,4.952960014343));
#17178 = LINE('',#17179,#17180);
#17179 = CARTESIAN_POINT('',(23.,-0.985206007957,4.952960014343));
#17180 = VECTOR('',#17181,1.);
#17181 = DIRECTION('',(0.,-0.956941300758,-0.290281495972));
#17182 = ORIENTED_EDGE('',*,*,#8478,.F.);
#17183 = ORIENTED_EDGE('',*,*,#6226,.F.);
#17184 = ORIENTED_EDGE('',*,*,#17185,.F.);
#17185 = EDGE_CURVE('',#17176,#6219,#17186,.T.);
#17186 = LINE('',#17187,#17188);
#17187 = CARTESIAN_POINT('',(23.,-0.985206007957,4.952960014343));
#17188 = VECTOR('',#17189,1.);
#17189 = DIRECTION('',(-1.,0.,0.));
#17190 = PLANE('',#17191);
#17191 = AXIS2_PLACEMENT_3D('',#17192,#17193,#17194);
#17192 = CARTESIAN_POINT('',(21.,-1.458877980709,4.80927491188));
#17193 = DIRECTION('',(-0.,0.290281495972,-0.956941300758));
#17194 = DIRECTION('',(0.,-0.956941300758,-0.290281495972));
#17195 = ADVANCED_FACE('',(#17196),#17207,.F.);
#17196 = FACE_BOUND('',#17197,.F.);
#17197 = EDGE_LOOP('',(#17198,#17199,#17205,#17206));
#17198 = ORIENTED_EDGE('',*,*,#12625,.F.);
#17199 = ORIENTED_EDGE('',*,*,#17200,.T.);
#17200 = EDGE_CURVE('',#12618,#12641,#17201,.T.);
#17201 = LINE('',#17202,#17203);
#17202 = CARTESIAN_POINT('',(-19.,-4.198919773102,-2.805629968643));
#17203 = VECTOR('',#17204,1.);
#17204 = DIRECTION('',(0.,0.634391586421,-0.773011846661));
#17205 = ORIENTED_EDGE('',*,*,#12657,.F.);
#17206 = ORIENTED_EDGE('',*,*,#12091,.F.);
#17207 = PLANE('',#17208);
#17208 = AXIS2_PLACEMENT_3D('',#17209,#17210,#17211);
#17209 = CARTESIAN_POINT('',(-21.,-3.88490486145,-3.188259959221));
#17210 = DIRECTION('',(0.,0.773011846661,0.634391586421));
#17211 = DIRECTION('',(0.,-0.634391586421,0.773011846661));
#17212 = ADVANCED_FACE('',(#17213),#17224,.F.);
#17213 = FACE_BOUND('',#17214,.F.);
#17214 = EDGE_LOOP('',(#17215,#17216,#17222,#17223));
#17215 = ORIENTED_EDGE('',*,*,#8501,.F.);
#17216 = ORIENTED_EDGE('',*,*,#17217,.T.);
#17217 = EDGE_CURVE('',#8494,#6153,#17218,.T.);
#17218 = LINE('',#17219,#17220);
#17219 = CARTESIAN_POINT('',(23.,-4.198919773102,-2.805629968643));
#17220 = VECTOR('',#17221,1.);
#17221 = DIRECTION('',(0.,0.634391586421,-0.773011846661));
#17222 = ORIENTED_EDGE('',*,*,#6178,.T.);
#17223 = ORIENTED_EDGE('',*,*,#6306,.T.);
#17224 = PLANE('',#17225);
#17225 = AXIS2_PLACEMENT_3D('',#17226,#17227,#17228);
#17226 = CARTESIAN_POINT('',(21.,-3.88490486145,-3.188259959221));
#17227 = DIRECTION('',(0.,0.773011846661,0.634391586421));
#17228 = DIRECTION('',(0.,-0.634391586421,0.773011846661));
#17229 = ADVANCED_FACE('',(#17230),#17241,.F.);
#17230 = FACE_BOUND('',#17231,.F.);
#17231 = EDGE_LOOP('',(#17232,#17233,#17234,#17235));
#17232 = ORIENTED_EDGE('',*,*,#14247,.F.);
#17233 = ORIENTED_EDGE('',*,*,#12219,.F.);
#17234 = ORIENTED_EDGE('',*,*,#14127,.F.);
#17235 = ORIENTED_EDGE('',*,*,#17236,.T.);
#17236 = EDGE_CURVE('',#14128,#14231,#17237,.T.);
#17237 = LINE('',#17238,#17239);
#17238 = CARTESIAN_POINT('',(-19.,4.198919773102,2.805629968643));
#17239 = VECTOR('',#17240,1.);
#17240 = DIRECTION('',(0.,-0.634391586421,0.773011846661));
#17241 = PLANE('',#17242);
#17242 = AXIS2_PLACEMENT_3D('',#17243,#17244,#17245);
#17243 = CARTESIAN_POINT('',(-21.,3.88490486145,3.188259959221));
#17244 = DIRECTION('',(-0.,-0.773011846661,-0.634391586421));
#17245 = DIRECTION('',(0.,0.634391586421,-0.773011846661));
#17246 = ADVANCED_FACE('',(#17247),#17258,.F.);
#17247 = FACE_BOUND('',#17248,.F.);
#17248 = EDGE_LOOP('',(#17249,#17250,#17251,#17252));
#17249 = ORIENTED_EDGE('',*,*,#8179,.F.);
#17250 = ORIENTED_EDGE('',*,*,#6433,.F.);
#17251 = ORIENTED_EDGE('',*,*,#8193,.F.);
#17252 = ORIENTED_EDGE('',*,*,#17253,.T.);
#17253 = EDGE_CURVE('',#8194,#8163,#17254,.T.);
#17254 = LINE('',#17255,#17256);
#17255 = CARTESIAN_POINT('',(23.,4.198919773102,2.805629968643));
#17256 = VECTOR('',#17257,1.);
#17257 = DIRECTION('',(0.,-0.634391586421,0.773011846661));
#17258 = PLANE('',#17259);
#17259 = AXIS2_PLACEMENT_3D('',#17260,#17261,#17262);
#17260 = CARTESIAN_POINT('',(21.,3.88490486145,3.188259959221));
#17261 = DIRECTION('',(-0.,-0.773011846661,-0.634391586421));
#17262 = DIRECTION('',(0.,0.634391586421,-0.773011846661));
#17263 = ADVANCED_FACE('',(#17264),#17275,.F.);
#17264 = FACE_BOUND('',#17265,.F.);
#17265 = EDGE_LOOP('',(#17266,#17267,#17273,#17274));
#17266 = ORIENTED_EDGE('',*,*,#17003,.F.);
#17267 = ORIENTED_EDGE('',*,*,#17268,.T.);
#17268 = EDGE_CURVE('',#16996,#12586,#17269,.T.);
#17269 = LINE('',#17270,#17271);
#17270 = CARTESIAN_POINT('',(-19.,-5.050000190735,0.));
#17271 = VECTOR('',#17272,1.);
#17272 = DIRECTION('',(0.,9.802299687793E-02,-0.995184149835));
#17273 = ORIENTED_EDGE('',*,*,#12585,.F.);
#17274 = ORIENTED_EDGE('',*,*,#12067,.F.);
#17275 = PLANE('',#17276);
#17276 = AXIS2_PLACEMENT_3D('',#17277,#17278,#17279);
#17277 = CARTESIAN_POINT('',(-21.,-5.001480102539,-0.492603003979));
#17278 = DIRECTION('',(0.,0.995184149835,9.802299687793E-02));
#17279 = DIRECTION('',(0.,-9.802299687793E-02,0.995184149835));
#17280 = ADVANCED_FACE('',(#17281),#17292,.F.);
#17281 = FACE_BOUND('',#17282,.F.);
#17282 = EDGE_LOOP('',(#17283,#17284,#17290,#17291));
#17283 = ORIENTED_EDGE('',*,*,#17034,.T.);
#17284 = ORIENTED_EDGE('',*,*,#17285,.T.);
#17285 = EDGE_CURVE('',#17027,#8438,#17286,.T.);
#17286 = LINE('',#17287,#17288);
#17287 = CARTESIAN_POINT('',(23.,-5.050000190735,0.));
#17288 = VECTOR('',#17289,1.);
#17289 = DIRECTION('',(0.,9.802299687793E-02,-0.995184149835));
#17290 = ORIENTED_EDGE('',*,*,#8437,.F.);
#17291 = ORIENTED_EDGE('',*,*,#6282,.T.);
#17292 = PLANE('',#17293);
#17293 = AXIS2_PLACEMENT_3D('',#17294,#17295,#17296);
#17294 = CARTESIAN_POINT('',(21.,-5.001480102539,-0.492603003979));
#17295 = DIRECTION('',(0.,0.995184149835,9.802299687793E-02));
#17296 = DIRECTION('',(0.,-9.802299687793E-02,0.995184149835));
#17297 = ADVANCED_FACE('',(#17298,#17355),#17613,.F.);
#17298 = FACE_BOUND('',#17299,.F.);
#17299 = EDGE_LOOP('',(#17300,#17301,#17302,#17303,#17304,#17305,#17306,
    #17307,#17308,#17309,#17315,#17316,#17322,#17323,#17324,#17325,
    #17333,#17339,#17340,#17341,#17342,#17343,#17344,#17345,#17346,
    #17347,#17348,#17349,#17350,#17351,#17352,#17353,#17354));
#17300 = ORIENTED_EDGE('',*,*,#14261,.F.);
#17301 = ORIENTED_EDGE('',*,*,#13718,.F.);
#17302 = ORIENTED_EDGE('',*,*,#17117,.F.);
#17303 = ORIENTED_EDGE('',*,*,#12640,.F.);
#17304 = ORIENTED_EDGE('',*,*,#17200,.F.);
#17305 = ORIENTED_EDGE('',*,*,#12617,.F.);
#17306 = ORIENTED_EDGE('',*,*,#12593,.F.);
#17307 = ORIENTED_EDGE('',*,*,#17268,.F.);
#17308 = ORIENTED_EDGE('',*,*,#16995,.F.);
#17309 = ORIENTED_EDGE('',*,*,#17310,.T.);
#17310 = EDGE_CURVE('',#16988,#12563,#17311,.T.);
#17311 = LINE('',#17312,#17313);
#17312 = CARTESIAN_POINT('',(-19.,-4.952960014343,0.985206007957));
#17313 = VECTOR('',#17314,1.);
#17314 = DIRECTION('',(0.,0.290281495972,0.956941300758));
#17315 = ORIENTED_EDGE('',*,*,#12562,.F.);
#17316 = ORIENTED_EDGE('',*,*,#17317,.T.);
#17317 = EDGE_CURVE('',#12555,#12502,#17318,.T.);
#17318 = LINE('',#17319,#17320);
#17319 = CARTESIAN_POINT('',(-19.,-4.198919773102,2.805629968643));
#17320 = VECTOR('',#17321,1.);
#17321 = DIRECTION('',(0.,0.634391586421,0.773011846661));
#17322 = ORIENTED_EDGE('',*,*,#12499,.F.);
#17323 = ORIENTED_EDGE('',*,*,#12530,.F.);
#17324 = ORIENTED_EDGE('',*,*,#17151,.F.);
#17325 = ORIENTED_EDGE('',*,*,#17326,.T.);
#17326 = EDGE_CURVE('',#17152,#17327,#17329,.T.);
#17327 = VERTEX_POINT('',#17328);
#17328 = CARTESIAN_POINT('',(-19.,0.,5.050000190735));
#17329 = LINE('',#17330,#17331);
#17330 = CARTESIAN_POINT('',(-19.,-0.985206007957,4.952960014343));
#17331 = VECTOR('',#17332,1.);
#17332 = DIRECTION('',(0.,0.995184149835,9.802299687793E-02));
#17333 = ORIENTED_EDGE('',*,*,#17334,.T.);
#17334 = EDGE_CURVE('',#17327,#11949,#17335,.T.);
#17335 = LINE('',#17336,#17337);
#17336 = CARTESIAN_POINT('',(-19.,0.,5.050000190735));
#17337 = VECTOR('',#17338,1.);
#17338 = DIRECTION('',(0.,0.995184149835,-9.802299687793E-02));
#17339 = ORIENTED_EDGE('',*,*,#11946,.F.);
#17340 = ORIENTED_EDGE('',*,*,#17049,.F.);
#17341 = ORIENTED_EDGE('',*,*,#14230,.F.);
#17342 = ORIENTED_EDGE('',*,*,#17236,.F.);
#17343 = ORIENTED_EDGE('',*,*,#14144,.F.);
#17344 = ORIENTED_EDGE('',*,*,#14168,.F.);
#17345 = ORIENTED_EDGE('',*,*,#14192,.F.);
#17346 = ORIENTED_EDGE('',*,*,#14216,.F.);
#17347 = ORIENTED_EDGE('',*,*,#17086,.F.);
#17348 = ORIENTED_EDGE('',*,*,#14065,.F.);
#17349 = ORIENTED_EDGE('',*,*,#14089,.F.);
#17350 = ORIENTED_EDGE('',*,*,#14103,.F.);
#17351 = ORIENTED_EDGE('',*,*,#16953,.F.);
#17352 = ORIENTED_EDGE('',*,*,#13878,.F.);
#17353 = ORIENTED_EDGE('',*,*,#16668,.F.);
#17354 = ORIENTED_EDGE('',*,*,#16786,.F.);
#17355 = FACE_BOUND('',#17356,.F.);
#17356 = EDGE_LOOP('',(#17357,#17367,#17375,#17383,#17391,#17399,#17407,
    #17415,#17423,#17431,#17439,#17447,#17455,#17463,#17471,#17479,
    #17487,#17495,#17503,#17511,#17519,#17527,#17535,#17543,#17551,
    #17559,#17567,#17575,#17583,#17591,#17599,#17607));
#17357 = ORIENTED_EDGE('',*,*,#17358,.F.);
#17358 = EDGE_CURVE('',#17359,#17361,#17363,.T.);
#17359 = VERTEX_POINT('',#17360);
#17360 = CARTESIAN_POINT('',(-19.,-1.444479942322,-2.161819934845));
#17361 = VERTEX_POINT('',#17362);
#17362 = CARTESIAN_POINT('',(-19.,-1.838479995728,-1.838479995728));
#17363 = LINE('',#17364,#17365);
#17364 = CARTESIAN_POINT('',(-19.,-1.444479942322,-2.161819934845));
#17365 = VECTOR('',#17366,1.);
#17366 = DIRECTION('',(0.,-0.773017715812,0.63438443474));
#17367 = ORIENTED_EDGE('',*,*,#17368,.F.);
#17368 = EDGE_CURVE('',#17369,#17359,#17371,.T.);
#17369 = VERTEX_POINT('',#17370);
#17370 = CARTESIAN_POINT('',(-19.,-0.994975984097,-2.402090072632));
#17371 = LINE('',#17372,#17373);
#17372 = CARTESIAN_POINT('',(-19.,-0.994975984097,-2.402090072632));
#17373 = VECTOR('',#17374,1.);
#17374 = DIRECTION('',(0.,-0.881916968656,0.471404773413));
#17375 = ORIENTED_EDGE('',*,*,#17376,.F.);
#17376 = EDGE_CURVE('',#17377,#17369,#17379,.T.);
#17377 = VERTEX_POINT('',#17378);
#17378 = CARTESIAN_POINT('',(-19.,-0.507234990597,-2.550040006638));
#17379 = LINE('',#17380,#17381);
#17380 = CARTESIAN_POINT('',(-19.,-0.507234990597,-2.550040006638));
#17381 = VECTOR('',#17382,1.);
#17382 = DIRECTION('',(0.,-0.956942885713,0.290276270962));
#17383 = ORIENTED_EDGE('',*,*,#17384,.F.);
#17384 = EDGE_CURVE('',#17385,#17377,#17387,.T.);
#17385 = VERTEX_POINT('',#17386);
#17386 = CARTESIAN_POINT('',(-19.,0.,-2.599999904633));
#17387 = LINE('',#17388,#17389);
#17388 = CARTESIAN_POINT('',(-19.,0.,-2.599999904633));
#17389 = VECTOR('',#17390,1.);
#17390 = DIRECTION('',(0.,-0.995184418172,9.802027253596E-02));
#17391 = ORIENTED_EDGE('',*,*,#17392,.F.);
#17392 = EDGE_CURVE('',#17393,#17385,#17395,.T.);
#17393 = VERTEX_POINT('',#17394);
#17394 = CARTESIAN_POINT('',(-19.,0.507234990597,-2.550040006638));
#17395 = LINE('',#17396,#17397);
#17396 = CARTESIAN_POINT('',(-19.,0.507234990597,-2.550040006638));
#17397 = VECTOR('',#17398,1.);
#17398 = DIRECTION('',(0.,-0.995184418172,-9.802027253596E-02));
#17399 = ORIENTED_EDGE('',*,*,#17400,.F.);
#17400 = EDGE_CURVE('',#17401,#17393,#17403,.T.);
#17401 = VERTEX_POINT('',#17402);
#17402 = CARTESIAN_POINT('',(-19.,0.994975984097,-2.402090072632));
#17403 = LINE('',#17404,#17405);
#17404 = CARTESIAN_POINT('',(-19.,0.994975984097,-2.402090072632));
#17405 = VECTOR('',#17406,1.);
#17406 = DIRECTION('',(0.,-0.956942885713,-0.290276270962));
#17407 = ORIENTED_EDGE('',*,*,#17408,.F.);
#17408 = EDGE_CURVE('',#17409,#17401,#17411,.T.);
#17409 = VERTEX_POINT('',#17410);
#17410 = CARTESIAN_POINT('',(-19.,1.444479942322,-2.161819934845));
#17411 = LINE('',#17412,#17413);
#17412 = CARTESIAN_POINT('',(-19.,1.444479942322,-2.161819934845));
#17413 = VECTOR('',#17414,1.);
#17414 = DIRECTION('',(0.,-0.881916968656,-0.471404773413));
#17415 = ORIENTED_EDGE('',*,*,#17416,.F.);
#17416 = EDGE_CURVE('',#17417,#17409,#17419,.T.);
#17417 = VERTEX_POINT('',#17418);
#17418 = CARTESIAN_POINT('',(-19.,1.838479995728,-1.838479995728));
#17419 = LINE('',#17420,#17421);
#17420 = CARTESIAN_POINT('',(-19.,1.838479995728,-1.838479995728));
#17421 = VECTOR('',#17422,1.);
#17422 = DIRECTION('',(0.,-0.773017715812,-0.63438443474));
#17423 = ORIENTED_EDGE('',*,*,#17424,.F.);
#17424 = EDGE_CURVE('',#17425,#17417,#17427,.T.);
#17425 = VERTEX_POINT('',#17426);
#17426 = CARTESIAN_POINT('',(-19.,2.161819934845,-1.444479942322));
#17427 = LINE('',#17428,#17429);
#17428 = CARTESIAN_POINT('',(-19.,2.161819934845,-1.444479942322));
#17429 = VECTOR('',#17430,1.);
#17430 = DIRECTION('',(0.,-0.63438443474,-0.773017715812));
#17431 = ORIENTED_EDGE('',*,*,#17432,.F.);
#17432 = EDGE_CURVE('',#17433,#17425,#17435,.T.);
#17433 = VERTEX_POINT('',#17434);
#17434 = CARTESIAN_POINT('',(-19.,2.402090072632,-0.994975984097));
#17435 = LINE('',#17436,#17437);
#17436 = CARTESIAN_POINT('',(-19.,2.402090072632,-0.994975984097));
#17437 = VECTOR('',#17438,1.);
#17438 = DIRECTION('',(0.,-0.471404773413,-0.881916968656));
#17439 = ORIENTED_EDGE('',*,*,#17440,.F.);
#17440 = EDGE_CURVE('',#17441,#17433,#17443,.T.);
#17441 = VERTEX_POINT('',#17442);
#17442 = CARTESIAN_POINT('',(-19.,2.550040006638,-0.507234990597));
#17443 = LINE('',#17444,#17445);
#17444 = CARTESIAN_POINT('',(-19.,2.550040006638,-0.507234990597));
#17445 = VECTOR('',#17446,1.);
#17446 = DIRECTION('',(0.,-0.290276270962,-0.956942885713));
#17447 = ORIENTED_EDGE('',*,*,#17448,.F.);
#17448 = EDGE_CURVE('',#17449,#17441,#17451,.T.);
#17449 = VERTEX_POINT('',#17450);
#17450 = CARTESIAN_POINT('',(-19.,2.599999904633,0.));
#17451 = LINE('',#17452,#17453);
#17452 = CARTESIAN_POINT('',(-19.,2.599999904633,0.));
#17453 = VECTOR('',#17454,1.);
#17454 = DIRECTION('',(0.,-9.802027253596E-02,-0.995184418172));
#17455 = ORIENTED_EDGE('',*,*,#17456,.F.);
#17456 = EDGE_CURVE('',#17457,#17449,#17459,.T.);
#17457 = VERTEX_POINT('',#17458);
#17458 = CARTESIAN_POINT('',(-19.,2.550040006638,0.507234990597));
#17459 = LINE('',#17460,#17461);
#17460 = CARTESIAN_POINT('',(-19.,2.550040006638,0.507234990597));
#17461 = VECTOR('',#17462,1.);
#17462 = DIRECTION('',(0.,9.802027253596E-02,-0.995184418172));
#17463 = ORIENTED_EDGE('',*,*,#17464,.F.);
#17464 = EDGE_CURVE('',#17465,#17457,#17467,.T.);
#17465 = VERTEX_POINT('',#17466);
#17466 = CARTESIAN_POINT('',(-19.,2.402090072632,0.994975984097));
#17467 = LINE('',#17468,#17469);
#17468 = CARTESIAN_POINT('',(-19.,2.402090072632,0.994975984097));
#17469 = VECTOR('',#17470,1.);
#17470 = DIRECTION('',(0.,0.290276270962,-0.956942885713));
#17471 = ORIENTED_EDGE('',*,*,#17472,.F.);
#17472 = EDGE_CURVE('',#17473,#17465,#17475,.T.);
#17473 = VERTEX_POINT('',#17474);
#17474 = CARTESIAN_POINT('',(-19.,2.161819934845,1.444479942322));
#17475 = LINE('',#17476,#17477);
#17476 = CARTESIAN_POINT('',(-19.,2.161819934845,1.444479942322));
#17477 = VECTOR('',#17478,1.);
#17478 = DIRECTION('',(0.,0.471404773413,-0.881916968656));
#17479 = ORIENTED_EDGE('',*,*,#17480,.F.);
#17480 = EDGE_CURVE('',#17481,#17473,#17483,.T.);
#17481 = VERTEX_POINT('',#17482);
#17482 = CARTESIAN_POINT('',(-19.,1.838479995728,1.838479995728));
#17483 = LINE('',#17484,#17485);
#17484 = CARTESIAN_POINT('',(-19.,1.838479995728,1.838479995728));
#17485 = VECTOR('',#17486,1.);
#17486 = DIRECTION('',(0.,0.63438443474,-0.773017715812));
#17487 = ORIENTED_EDGE('',*,*,#17488,.F.);
#17488 = EDGE_CURVE('',#17489,#17481,#17491,.T.);
#17489 = VERTEX_POINT('',#17490);
#17490 = CARTESIAN_POINT('',(-19.,1.444479942322,2.161819934845));
#17491 = LINE('',#17492,#17493);
#17492 = CARTESIAN_POINT('',(-19.,1.444479942322,2.161819934845));
#17493 = VECTOR('',#17494,1.);
#17494 = DIRECTION('',(0.,0.773017715812,-0.63438443474));
#17495 = ORIENTED_EDGE('',*,*,#17496,.F.);
#17496 = EDGE_CURVE('',#17497,#17489,#17499,.T.);
#17497 = VERTEX_POINT('',#17498);
#17498 = CARTESIAN_POINT('',(-19.,0.994975984097,2.402090072632));
#17499 = LINE('',#17500,#17501);
#17500 = CARTESIAN_POINT('',(-19.,0.994975984097,2.402090072632));
#17501 = VECTOR('',#17502,1.);
#17502 = DIRECTION('',(0.,0.881916968656,-0.471404773413));
#17503 = ORIENTED_EDGE('',*,*,#17504,.F.);
#17504 = EDGE_CURVE('',#17505,#17497,#17507,.T.);
#17505 = VERTEX_POINT('',#17506);
#17506 = CARTESIAN_POINT('',(-19.,0.507234990597,2.550040006638));
#17507 = LINE('',#17508,#17509);
#17508 = CARTESIAN_POINT('',(-19.,0.507234990597,2.550040006638));
#17509 = VECTOR('',#17510,1.);
#17510 = DIRECTION('',(0.,0.956942885713,-0.290276270962));
#17511 = ORIENTED_EDGE('',*,*,#17512,.F.);
#17512 = EDGE_CURVE('',#17513,#17505,#17515,.T.);
#17513 = VERTEX_POINT('',#17514);
#17514 = CARTESIAN_POINT('',(-19.,0.,2.599999904633));
#17515 = LINE('',#17516,#17517);
#17516 = CARTESIAN_POINT('',(-19.,0.,2.599999904633));
#17517 = VECTOR('',#17518,1.);
#17518 = DIRECTION('',(0.,0.995184418172,-9.802027253596E-02));
#17519 = ORIENTED_EDGE('',*,*,#17520,.F.);
#17520 = EDGE_CURVE('',#17521,#17513,#17523,.T.);
#17521 = VERTEX_POINT('',#17522);
#17522 = CARTESIAN_POINT('',(-19.,-0.507234990597,2.550040006638));
#17523 = LINE('',#17524,#17525);
#17524 = CARTESIAN_POINT('',(-19.,-0.507234990597,2.550040006638));
#17525 = VECTOR('',#17526,1.);
#17526 = DIRECTION('',(0.,0.995184418172,9.802027253596E-02));
#17527 = ORIENTED_EDGE('',*,*,#17528,.F.);
#17528 = EDGE_CURVE('',#17529,#17521,#17531,.T.);
#17529 = VERTEX_POINT('',#17530);
#17530 = CARTESIAN_POINT('',(-19.,-0.994975984097,2.402090072632));
#17531 = LINE('',#17532,#17533);
#17532 = CARTESIAN_POINT('',(-19.,-0.994975984097,2.402090072632));
#17533 = VECTOR('',#17534,1.);
#17534 = DIRECTION('',(0.,0.956942885713,0.290276270962));
#17535 = ORIENTED_EDGE('',*,*,#17536,.F.);
#17536 = EDGE_CURVE('',#17537,#17529,#17539,.T.);
#17537 = VERTEX_POINT('',#17538);
#17538 = CARTESIAN_POINT('',(-19.,-1.444479942322,2.161819934845));
#17539 = LINE('',#17540,#17541);
#17540 = CARTESIAN_POINT('',(-19.,-1.444479942322,2.161819934845));
#17541 = VECTOR('',#17542,1.);
#17542 = DIRECTION('',(0.,0.881916968656,0.471404773413));
#17543 = ORIENTED_EDGE('',*,*,#17544,.F.);
#17544 = EDGE_CURVE('',#17545,#17537,#17547,.T.);
#17545 = VERTEX_POINT('',#17546);
#17546 = CARTESIAN_POINT('',(-19.,-1.838479995728,1.838479995728));
#17547 = LINE('',#17548,#17549);
#17548 = CARTESIAN_POINT('',(-19.,-1.838479995728,1.838479995728));
#17549 = VECTOR('',#17550,1.);
#17550 = DIRECTION('',(0.,0.773017715812,0.63438443474));
#17551 = ORIENTED_EDGE('',*,*,#17552,.F.);
#17552 = EDGE_CURVE('',#17553,#17545,#17555,.T.);
#17553 = VERTEX_POINT('',#17554);
#17554 = CARTESIAN_POINT('',(-19.,-2.161819934845,1.444479942322));
#17555 = LINE('',#17556,#17557);
#17556 = CARTESIAN_POINT('',(-19.,-2.161819934845,1.444479942322));
#17557 = VECTOR('',#17558,1.);
#17558 = DIRECTION('',(0.,0.63438443474,0.773017715812));
#17559 = ORIENTED_EDGE('',*,*,#17560,.F.);
#17560 = EDGE_CURVE('',#17561,#17553,#17563,.T.);
#17561 = VERTEX_POINT('',#17562);
#17562 = CARTESIAN_POINT('',(-19.,-2.402090072632,0.994975984097));
#17563 = LINE('',#17564,#17565);
#17564 = CARTESIAN_POINT('',(-19.,-2.402090072632,0.994975984097));
#17565 = VECTOR('',#17566,1.);
#17566 = DIRECTION('',(0.,0.471404773413,0.881916968656));
#17567 = ORIENTED_EDGE('',*,*,#17568,.F.);
#17568 = EDGE_CURVE('',#17569,#17561,#17571,.T.);
#17569 = VERTEX_POINT('',#17570);
#17570 = CARTESIAN_POINT('',(-19.,-2.550040006638,0.507234990597));
#17571 = LINE('',#17572,#17573);
#17572 = CARTESIAN_POINT('',(-19.,-2.550040006638,0.507234990597));
#17573 = VECTOR('',#17574,1.);
#17574 = DIRECTION('',(0.,0.290276270962,0.956942885713));
#17575 = ORIENTED_EDGE('',*,*,#17576,.F.);
#17576 = EDGE_CURVE('',#17577,#17569,#17579,.T.);
#17577 = VERTEX_POINT('',#17578);
#17578 = CARTESIAN_POINT('',(-19.,-2.599999904633,0.));
#17579 = LINE('',#17580,#17581);
#17580 = CARTESIAN_POINT('',(-19.,-2.599999904633,0.));
#17581 = VECTOR('',#17582,1.);
#17582 = DIRECTION('',(0.,9.802027253596E-02,0.995184418172));
#17583 = ORIENTED_EDGE('',*,*,#17584,.F.);
#17584 = EDGE_CURVE('',#17585,#17577,#17587,.T.);
#17585 = VERTEX_POINT('',#17586);
#17586 = CARTESIAN_POINT('',(-19.,-2.550040006638,-0.507234990597));
#17587 = LINE('',#17588,#17589);
#17588 = CARTESIAN_POINT('',(-19.,-2.550040006638,-0.507234990597));
#17589 = VECTOR('',#17590,1.);
#17590 = DIRECTION('',(0.,-9.802027253596E-02,0.995184418172));
#17591 = ORIENTED_EDGE('',*,*,#17592,.F.);
#17592 = EDGE_CURVE('',#17593,#17585,#17595,.T.);
#17593 = VERTEX_POINT('',#17594);
#17594 = CARTESIAN_POINT('',(-19.,-2.402090072632,-0.994975984097));
#17595 = LINE('',#17596,#17597);
#17596 = CARTESIAN_POINT('',(-19.,-2.402090072632,-0.994975984097));
#17597 = VECTOR('',#17598,1.);
#17598 = DIRECTION('',(0.,-0.290276270962,0.956942885713));
#17599 = ORIENTED_EDGE('',*,*,#17600,.F.);
#17600 = EDGE_CURVE('',#17601,#17593,#17603,.T.);
#17601 = VERTEX_POINT('',#17602);
#17602 = CARTESIAN_POINT('',(-19.,-2.161819934845,-1.444479942322));
#17603 = LINE('',#17604,#17605);
#17604 = CARTESIAN_POINT('',(-19.,-2.161819934845,-1.444479942322));
#17605 = VECTOR('',#17606,1.);
#17606 = DIRECTION('',(0.,-0.471404773413,0.881916968656));
#17607 = ORIENTED_EDGE('',*,*,#17608,.F.);
#17608 = EDGE_CURVE('',#17361,#17601,#17609,.T.);
#17609 = LINE('',#17610,#17611);
#17610 = CARTESIAN_POINT('',(-19.,-1.838479995728,-1.838479995728));
#17611 = VECTOR('',#17612,1.);
#17612 = DIRECTION('',(0.,-0.63438443474,0.773017715812));
#17613 = PLANE('',#17614);
#17614 = AXIS2_PLACEMENT_3D('',#17615,#17616,#17617);
#17615 = CARTESIAN_POINT('',(-19.,2.968119034314E-16,-0.226980300889));
#17616 = DIRECTION('',(-1.,-0.,-0.));
#17617 = DIRECTION('',(0.,0.,-1.));
#17618 = ADVANCED_FACE('',(#17619),#17635,.F.);
#17619 = FACE_BOUND('',#17620,.F.);
#17620 = EDGE_LOOP('',(#17621,#17627,#17628,#17634));
#17621 = ORIENTED_EDGE('',*,*,#17622,.T.);
#17622 = EDGE_CURVE('',#17561,#4897,#17623,.T.);
#17623 = LINE('',#17624,#17625);
#17624 = CARTESIAN_POINT('',(-19.,-2.402090072632,0.994975984097));
#17625 = VECTOR('',#17626,1.);
#17626 = DIRECTION('',(1.,0.,0.));
#17627 = ORIENTED_EDGE('',*,*,#4896,.T.);
#17628 = ORIENTED_EDGE('',*,*,#17629,.T.);
#17629 = EDGE_CURVE('',#4889,#17569,#17630,.T.);
#17630 = LINE('',#17631,#17632);
#17631 = CARTESIAN_POINT('',(-12.,-2.550040006638,0.507234990597));
#17632 = VECTOR('',#17633,1.);
#17633 = DIRECTION('',(-1.,0.,0.));
#17634 = ORIENTED_EDGE('',*,*,#17568,.T.);
#17635 = PLANE('',#17636);
#17636 = AXIS2_PLACEMENT_3D('',#17637,#17638,#17639);
#17637 = CARTESIAN_POINT('',(-15.5,-2.476065039635,0.751105487347));
#17638 = DIRECTION('',(0.,0.956942885713,-0.290276270962));
#17639 = DIRECTION('',(0.,0.290276270962,0.956942885713));
#17640 = ADVANCED_FACE('',(#17641),#17652,.F.);
#17641 = FACE_BOUND('',#17642,.F.);
#17642 = EDGE_LOOP('',(#17643,#17644,#17645,#17651));
#17643 = ORIENTED_EDGE('',*,*,#17629,.F.);
#17644 = ORIENTED_EDGE('',*,*,#4888,.T.);
#17645 = ORIENTED_EDGE('',*,*,#17646,.F.);
#17646 = EDGE_CURVE('',#17577,#4881,#17647,.T.);
#17647 = LINE('',#17648,#17649);
#17648 = CARTESIAN_POINT('',(-19.,-2.599999904633,0.));
#17649 = VECTOR('',#17650,1.);
#17650 = DIRECTION('',(1.,0.,0.));
#17651 = ORIENTED_EDGE('',*,*,#17576,.T.);
#17652 = PLANE('',#17653);
#17653 = AXIS2_PLACEMENT_3D('',#17654,#17655,#17656);
#17654 = CARTESIAN_POINT('',(-15.5,-2.575019955635,0.253617495298));
#17655 = DIRECTION('',(0.,0.995184418172,-9.802027253596E-02));
#17656 = DIRECTION('',(0.,9.802027253596E-02,0.995184418172));
#17657 = ADVANCED_FACE('',(#17658),#17674,.F.);
#17658 = FACE_BOUND('',#17659,.F.);
#17659 = EDGE_LOOP('',(#17660,#17666,#17667,#17673));
#17660 = ORIENTED_EDGE('',*,*,#17661,.T.);
#17661 = EDGE_CURVE('',#17545,#4913,#17662,.T.);
#17662 = LINE('',#17663,#17664);
#17663 = CARTESIAN_POINT('',(-19.,-1.838479995728,1.838479995728));
#17664 = VECTOR('',#17665,1.);
#17665 = DIRECTION('',(1.,0.,0.));
#17666 = ORIENTED_EDGE('',*,*,#4912,.T.);
#17667 = ORIENTED_EDGE('',*,*,#17668,.T.);
#17668 = EDGE_CURVE('',#4905,#17553,#17669,.T.);
#17669 = LINE('',#17670,#17671);
#17670 = CARTESIAN_POINT('',(-12.,-2.161819934845,1.444479942322));
#17671 = VECTOR('',#17672,1.);
#17672 = DIRECTION('',(-1.,0.,0.));
#17673 = ORIENTED_EDGE('',*,*,#17552,.T.);
#17674 = PLANE('',#17675);
#17675 = AXIS2_PLACEMENT_3D('',#17676,#17677,#17678);
#17676 = CARTESIAN_POINT('',(-15.5,-2.000149965286,1.641479969025));
#17677 = DIRECTION('',(0.,0.773017715812,-0.63438443474));
#17678 = DIRECTION('',(0.,0.63438443474,0.773017715812));
#17679 = ADVANCED_FACE('',(#17680),#17691,.F.);
#17680 = FACE_BOUND('',#17681,.F.);
#17681 = EDGE_LOOP('',(#17682,#17683,#17684,#17685));
#17682 = ORIENTED_EDGE('',*,*,#4920,.T.);
#17683 = ORIENTED_EDGE('',*,*,#17661,.F.);
#17684 = ORIENTED_EDGE('',*,*,#17544,.T.);
#17685 = ORIENTED_EDGE('',*,*,#17686,.F.);
#17686 = EDGE_CURVE('',#4921,#17537,#17687,.T.);
#17687 = LINE('',#17688,#17689);
#17688 = CARTESIAN_POINT('',(-12.,-1.444479942322,2.161819934845));
#17689 = VECTOR('',#17690,1.);
#17690 = DIRECTION('',(-1.,0.,0.));
#17691 = PLANE('',#17692);
#17692 = AXIS2_PLACEMENT_3D('',#17693,#17694,#17695);
#17693 = CARTESIAN_POINT('',(-15.5,-1.641479969025,2.000149965286));
#17694 = DIRECTION('',(-0.,0.63438443474,-0.773017715812));
#17695 = DIRECTION('',(0.,-0.773017715812,-0.63438443474));
#17696 = ADVANCED_FACE('',(#17697),#17708,.F.);
#17697 = FACE_BOUND('',#17698,.F.);
#17698 = EDGE_LOOP('',(#17699,#17700,#17701,#17702));
#17699 = ORIENTED_EDGE('',*,*,#4928,.T.);
#17700 = ORIENTED_EDGE('',*,*,#17686,.T.);
#17701 = ORIENTED_EDGE('',*,*,#17536,.T.);
#17702 = ORIENTED_EDGE('',*,*,#17703,.F.);
#17703 = EDGE_CURVE('',#4929,#17529,#17704,.T.);
#17704 = LINE('',#17705,#17706);
#17705 = CARTESIAN_POINT('',(-12.,-0.994975984097,2.402090072632));
#17706 = VECTOR('',#17707,1.);
#17707 = DIRECTION('',(-1.,0.,0.));
#17708 = PLANE('',#17709);
#17709 = AXIS2_PLACEMENT_3D('',#17710,#17711,#17712);
#17710 = CARTESIAN_POINT('',(-15.5,-1.219727963209,2.281955003738));
#17711 = DIRECTION('',(-0.,0.471404773413,-0.881916968656));
#17712 = DIRECTION('',(0.,-0.881916968656,-0.471404773413));
#17713 = ADVANCED_FACE('',(#17714),#17725,.F.);
#17714 = FACE_BOUND('',#17715,.F.);
#17715 = EDGE_LOOP('',(#17716,#17717,#17718,#17719));
#17716 = ORIENTED_EDGE('',*,*,#4936,.T.);
#17717 = ORIENTED_EDGE('',*,*,#17703,.T.);
#17718 = ORIENTED_EDGE('',*,*,#17528,.T.);
#17719 = ORIENTED_EDGE('',*,*,#17720,.T.);
#17720 = EDGE_CURVE('',#17521,#4937,#17721,.T.);
#17721 = LINE('',#17722,#17723);
#17722 = CARTESIAN_POINT('',(-19.,-0.507234990597,2.550040006638));
#17723 = VECTOR('',#17724,1.);
#17724 = DIRECTION('',(1.,0.,0.));
#17725 = PLANE('',#17726);
#17726 = AXIS2_PLACEMENT_3D('',#17727,#17728,#17729);
#17727 = CARTESIAN_POINT('',(-15.5,-0.751105487347,2.476065039635));
#17728 = DIRECTION('',(-0.,0.290276270962,-0.956942885713));
#17729 = DIRECTION('',(0.,-0.956942885713,-0.290276270962));
#17730 = ADVANCED_FACE('',(#17731),#17742,.F.);
#17731 = FACE_BOUND('',#17732,.F.);
#17732 = EDGE_LOOP('',(#17733,#17734,#17735,#17736));
#17733 = ORIENTED_EDGE('',*,*,#4944,.T.);
#17734 = ORIENTED_EDGE('',*,*,#17720,.F.);
#17735 = ORIENTED_EDGE('',*,*,#17520,.T.);
#17736 = ORIENTED_EDGE('',*,*,#17737,.T.);
#17737 = EDGE_CURVE('',#17513,#4945,#17738,.T.);
#17738 = LINE('',#17739,#17740);
#17739 = CARTESIAN_POINT('',(-19.,0.,2.599999904633));
#17740 = VECTOR('',#17741,1.);
#17741 = DIRECTION('',(1.,0.,0.));
#17742 = PLANE('',#17743);
#17743 = AXIS2_PLACEMENT_3D('',#17744,#17745,#17746);
#17744 = CARTESIAN_POINT('',(-15.5,-0.253617495298,2.575019955635));
#17745 = DIRECTION('',(-0.,9.802027253596E-02,-0.995184418172));
#17746 = DIRECTION('',(0.,-0.995184418172,-9.802027253596E-02));
#17747 = ADVANCED_FACE('',(#17748),#17759,.F.);
#17748 = FACE_BOUND('',#17749,.F.);
#17749 = EDGE_LOOP('',(#17750,#17751,#17752,#17753));
#17750 = ORIENTED_EDGE('',*,*,#4952,.T.);
#17751 = ORIENTED_EDGE('',*,*,#17737,.F.);
#17752 = ORIENTED_EDGE('',*,*,#17512,.T.);
#17753 = ORIENTED_EDGE('',*,*,#17754,.F.);
#17754 = EDGE_CURVE('',#4953,#17505,#17755,.T.);
#17755 = LINE('',#17756,#17757);
#17756 = CARTESIAN_POINT('',(-12.,0.507234990597,2.550040006638));
#17757 = VECTOR('',#17758,1.);
#17758 = DIRECTION('',(-1.,0.,0.));
#17759 = PLANE('',#17760);
#17760 = AXIS2_PLACEMENT_3D('',#17761,#17762,#17763);
#17761 = CARTESIAN_POINT('',(-15.5,0.253617495298,2.575019955635));
#17762 = DIRECTION('',(-0.,-9.802027253596E-02,-0.995184418172));
#17763 = DIRECTION('',(0.,-0.995184418172,9.802027253596E-02));
#17764 = ADVANCED_FACE('',(#17765),#17776,.F.);
#17765 = FACE_BOUND('',#17766,.F.);
#17766 = EDGE_LOOP('',(#17767,#17768,#17769,#17770));
#17767 = ORIENTED_EDGE('',*,*,#4960,.T.);
#17768 = ORIENTED_EDGE('',*,*,#17754,.T.);
#17769 = ORIENTED_EDGE('',*,*,#17504,.T.);
#17770 = ORIENTED_EDGE('',*,*,#17771,.T.);
#17771 = EDGE_CURVE('',#17497,#4961,#17772,.T.);
#17772 = LINE('',#17773,#17774);
#17773 = CARTESIAN_POINT('',(-19.,0.994975984097,2.402090072632));
#17774 = VECTOR('',#17775,1.);
#17775 = DIRECTION('',(1.,0.,0.));
#17776 = PLANE('',#17777);
#17777 = AXIS2_PLACEMENT_3D('',#17778,#17779,#17780);
#17778 = CARTESIAN_POINT('',(-15.5,0.751105487347,2.476065039635));
#17779 = DIRECTION('',(-0.,-0.290276270962,-0.956942885713));
#17780 = DIRECTION('',(0.,-0.956942885713,0.290276270962));
#17781 = ADVANCED_FACE('',(#17782),#17793,.F.);
#17782 = FACE_BOUND('',#17783,.F.);
#17783 = EDGE_LOOP('',(#17784,#17785,#17786,#17787));
#17784 = ORIENTED_EDGE('',*,*,#4968,.T.);
#17785 = ORIENTED_EDGE('',*,*,#17771,.F.);
#17786 = ORIENTED_EDGE('',*,*,#17496,.T.);
#17787 = ORIENTED_EDGE('',*,*,#17788,.T.);
#17788 = EDGE_CURVE('',#17489,#4969,#17789,.T.);
#17789 = LINE('',#17790,#17791);
#17790 = CARTESIAN_POINT('',(-19.,1.444479942322,2.161819934845));
#17791 = VECTOR('',#17792,1.);
#17792 = DIRECTION('',(1.,0.,0.));
#17793 = PLANE('',#17794);
#17794 = AXIS2_PLACEMENT_3D('',#17795,#17796,#17797);
#17795 = CARTESIAN_POINT('',(-15.5,1.219727963209,2.281955003738));
#17796 = DIRECTION('',(-0.,-0.471404773413,-0.881916968656));
#17797 = DIRECTION('',(0.,-0.881916968656,0.471404773413));
#17798 = ADVANCED_FACE('',(#17799),#17810,.F.);
#17799 = FACE_BOUND('',#17800,.F.);
#17800 = EDGE_LOOP('',(#17801,#17802,#17803,#17804));
#17801 = ORIENTED_EDGE('',*,*,#4976,.T.);
#17802 = ORIENTED_EDGE('',*,*,#17788,.F.);
#17803 = ORIENTED_EDGE('',*,*,#17488,.T.);
#17804 = ORIENTED_EDGE('',*,*,#17805,.F.);
#17805 = EDGE_CURVE('',#4977,#17481,#17806,.T.);
#17806 = LINE('',#17807,#17808);
#17807 = CARTESIAN_POINT('',(-12.,1.838479995728,1.838479995728));
#17808 = VECTOR('',#17809,1.);
#17809 = DIRECTION('',(-1.,0.,0.));
#17810 = PLANE('',#17811);
#17811 = AXIS2_PLACEMENT_3D('',#17812,#17813,#17814);
#17812 = CARTESIAN_POINT('',(-15.5,1.641479969025,2.000149965286));
#17813 = DIRECTION('',(-0.,-0.63438443474,-0.773017715812));
#17814 = DIRECTION('',(0.,-0.773017715812,0.63438443474));
#17815 = ADVANCED_FACE('',(#17816),#17827,.F.);
#17816 = FACE_BOUND('',#17817,.F.);
#17817 = EDGE_LOOP('',(#17818,#17819,#17820,#17826));
#17818 = ORIENTED_EDGE('',*,*,#17805,.T.);
#17819 = ORIENTED_EDGE('',*,*,#17480,.T.);
#17820 = ORIENTED_EDGE('',*,*,#17821,.T.);
#17821 = EDGE_CURVE('',#17473,#4985,#17822,.T.);
#17822 = LINE('',#17823,#17824);
#17823 = CARTESIAN_POINT('',(-19.,2.161819934845,1.444479942322));
#17824 = VECTOR('',#17825,1.);
#17825 = DIRECTION('',(1.,0.,0.));
#17826 = ORIENTED_EDGE('',*,*,#4984,.T.);
#17827 = PLANE('',#17828);
#17828 = AXIS2_PLACEMENT_3D('',#17829,#17830,#17831);
#17829 = CARTESIAN_POINT('',(-15.5,2.000149965286,1.641479969025));
#17830 = DIRECTION('',(-0.,-0.773017715812,-0.63438443474));
#17831 = DIRECTION('',(0.,0.63438443474,-0.773017715812));
#17832 = ADVANCED_FACE('',(#17833),#17844,.F.);
#17833 = FACE_BOUND('',#17834,.F.);
#17834 = EDGE_LOOP('',(#17835,#17836,#17837,#17843));
#17835 = ORIENTED_EDGE('',*,*,#17821,.F.);
#17836 = ORIENTED_EDGE('',*,*,#17472,.T.);
#17837 = ORIENTED_EDGE('',*,*,#17838,.F.);
#17838 = EDGE_CURVE('',#4993,#17465,#17839,.T.);
#17839 = LINE('',#17840,#17841);
#17840 = CARTESIAN_POINT('',(-12.,2.402090072632,0.994975984097));
#17841 = VECTOR('',#17842,1.);
#17842 = DIRECTION('',(-1.,0.,0.));
#17843 = ORIENTED_EDGE('',*,*,#4992,.T.);
#17844 = PLANE('',#17845);
#17845 = AXIS2_PLACEMENT_3D('',#17846,#17847,#17848);
#17846 = CARTESIAN_POINT('',(-15.5,2.281955003738,1.219727963209));
#17847 = DIRECTION('',(-0.,-0.881916968656,-0.471404773413));
#17848 = DIRECTION('',(0.,0.471404773413,-0.881916968656));
#17849 = ADVANCED_FACE('',(#17850),#17861,.F.);
#17850 = FACE_BOUND('',#17851,.F.);
#17851 = EDGE_LOOP('',(#17852,#17853,#17854,#17860));
#17852 = ORIENTED_EDGE('',*,*,#17838,.T.);
#17853 = ORIENTED_EDGE('',*,*,#17464,.T.);
#17854 = ORIENTED_EDGE('',*,*,#17855,.T.);
#17855 = EDGE_CURVE('',#17457,#5001,#17856,.T.);
#17856 = LINE('',#17857,#17858);
#17857 = CARTESIAN_POINT('',(-19.,2.550040006638,0.507234990597));
#17858 = VECTOR('',#17859,1.);
#17859 = DIRECTION('',(1.,0.,0.));
#17860 = ORIENTED_EDGE('',*,*,#5000,.T.);
#17861 = PLANE('',#17862);
#17862 = AXIS2_PLACEMENT_3D('',#17863,#17864,#17865);
#17863 = CARTESIAN_POINT('',(-15.5,2.476065039635,0.751105487347));
#17864 = DIRECTION('',(-0.,-0.956942885713,-0.290276270962));
#17865 = DIRECTION('',(0.,0.290276270962,-0.956942885713));
#17866 = ADVANCED_FACE('',(#17867),#17878,.F.);
#17867 = FACE_BOUND('',#17868,.F.);
#17868 = EDGE_LOOP('',(#17869,#17870,#17871,#17877));
#17869 = ORIENTED_EDGE('',*,*,#17855,.F.);
#17870 = ORIENTED_EDGE('',*,*,#17456,.T.);
#17871 = ORIENTED_EDGE('',*,*,#17872,.F.);
#17872 = EDGE_CURVE('',#4761,#17449,#17873,.T.);
#17873 = LINE('',#17874,#17875);
#17874 = CARTESIAN_POINT('',(-12.,2.599999904633,0.));
#17875 = VECTOR('',#17876,1.);
#17876 = DIRECTION('',(-1.,0.,0.));
#17877 = ORIENTED_EDGE('',*,*,#5008,.T.);
#17878 = PLANE('',#17879);
#17879 = AXIS2_PLACEMENT_3D('',#17880,#17881,#17882);
#17880 = CARTESIAN_POINT('',(-15.5,2.575019955635,0.253617495298));
#17881 = DIRECTION('',(-0.,-0.995184418172,-9.802027253596E-02));
#17882 = DIRECTION('',(0.,9.802027253596E-02,-0.995184418172));
#17883 = ADVANCED_FACE('',(#17884),#17895,.F.);
#17884 = FACE_BOUND('',#17885,.F.);
#17885 = EDGE_LOOP('',(#17886,#17887,#17888,#17894));
#17886 = ORIENTED_EDGE('',*,*,#17646,.T.);
#17887 = ORIENTED_EDGE('',*,*,#4880,.T.);
#17888 = ORIENTED_EDGE('',*,*,#17889,.F.);
#17889 = EDGE_CURVE('',#17585,#4873,#17890,.T.);
#17890 = LINE('',#17891,#17892);
#17891 = CARTESIAN_POINT('',(-19.,-2.550040006638,-0.507234990597));
#17892 = VECTOR('',#17893,1.);
#17893 = DIRECTION('',(1.,0.,0.));
#17894 = ORIENTED_EDGE('',*,*,#17584,.T.);
#17895 = PLANE('',#17896);
#17896 = AXIS2_PLACEMENT_3D('',#17897,#17898,#17899);
#17897 = CARTESIAN_POINT('',(-15.5,-2.575019955635,-0.253617495298));
#17898 = DIRECTION('',(0.,0.995184418172,9.802027253596E-02));
#17899 = DIRECTION('',(0.,-9.802027253596E-02,0.995184418172));
#17900 = ADVANCED_FACE('',(#17901),#17912,.F.);
#17901 = FACE_BOUND('',#17902,.F.);
#17902 = EDGE_LOOP('',(#17903,#17904,#17905,#17911));
#17903 = ORIENTED_EDGE('',*,*,#17889,.T.);
#17904 = ORIENTED_EDGE('',*,*,#4872,.T.);
#17905 = ORIENTED_EDGE('',*,*,#17906,.T.);
#17906 = EDGE_CURVE('',#4865,#17593,#17907,.T.);
#17907 = LINE('',#17908,#17909);
#17908 = CARTESIAN_POINT('',(-12.,-2.402090072632,-0.994975984097));
#17909 = VECTOR('',#17910,1.);
#17910 = DIRECTION('',(-1.,0.,0.));
#17911 = ORIENTED_EDGE('',*,*,#17592,.T.);
#17912 = PLANE('',#17913);
#17913 = AXIS2_PLACEMENT_3D('',#17914,#17915,#17916);
#17914 = CARTESIAN_POINT('',(-15.5,-2.476065039635,-0.751105487347));
#17915 = DIRECTION('',(0.,0.956942885713,0.290276270962));
#17916 = DIRECTION('',(0.,-0.290276270962,0.956942885713));
#17917 = ADVANCED_FACE('',(#17918),#17929,.F.);
#17918 = FACE_BOUND('',#17919,.F.);
#17919 = EDGE_LOOP('',(#17920,#17921,#17922,#17928));
#17920 = ORIENTED_EDGE('',*,*,#17906,.F.);
#17921 = ORIENTED_EDGE('',*,*,#4864,.T.);
#17922 = ORIENTED_EDGE('',*,*,#17923,.F.);
#17923 = EDGE_CURVE('',#17601,#4857,#17924,.T.);
#17924 = LINE('',#17925,#17926);
#17925 = CARTESIAN_POINT('',(-19.,-2.161819934845,-1.444479942322));
#17926 = VECTOR('',#17927,1.);
#17927 = DIRECTION('',(1.,0.,0.));
#17928 = ORIENTED_EDGE('',*,*,#17600,.T.);
#17929 = PLANE('',#17930);
#17930 = AXIS2_PLACEMENT_3D('',#17931,#17932,#17933);
#17931 = CARTESIAN_POINT('',(-15.5,-2.281955003738,-1.219727963209));
#17932 = DIRECTION('',(0.,0.881916968656,0.471404773413));
#17933 = DIRECTION('',(0.,-0.471404773413,0.881916968656));
#17934 = ADVANCED_FACE('',(#17935),#17946,.F.);
#17935 = FACE_BOUND('',#17936,.F.);
#17936 = EDGE_LOOP('',(#17937,#17938,#17939,#17945));
#17937 = ORIENTED_EDGE('',*,*,#17872,.T.);
#17938 = ORIENTED_EDGE('',*,*,#17448,.T.);
#17939 = ORIENTED_EDGE('',*,*,#17940,.F.);
#17940 = EDGE_CURVE('',#4759,#17441,#17941,.T.);
#17941 = LINE('',#17942,#17943);
#17942 = CARTESIAN_POINT('',(-12.,2.550040006638,-0.507234990597));
#17943 = VECTOR('',#17944,1.);
#17944 = DIRECTION('',(-1.,0.,0.));
#17945 = ORIENTED_EDGE('',*,*,#4758,.T.);
#17946 = PLANE('',#17947);
#17947 = AXIS2_PLACEMENT_3D('',#17948,#17949,#17950);
#17948 = CARTESIAN_POINT('',(-15.5,2.575019955635,-0.253617495298));
#17949 = DIRECTION('',(-0.,-0.995184418172,9.802027253596E-02));
#17950 = DIRECTION('',(0.,-9.802027253596E-02,-0.995184418172));
#17951 = ADVANCED_FACE('',(#17952),#17963,.F.);
#17952 = FACE_BOUND('',#17953,.F.);
#17953 = EDGE_LOOP('',(#17954,#17955,#17956,#17962));
#17954 = ORIENTED_EDGE('',*,*,#17940,.T.);
#17955 = ORIENTED_EDGE('',*,*,#17440,.T.);
#17956 = ORIENTED_EDGE('',*,*,#17957,.T.);
#17957 = EDGE_CURVE('',#17433,#4769,#17958,.T.);
#17958 = LINE('',#17959,#17960);
#17959 = CARTESIAN_POINT('',(-19.,2.402090072632,-0.994975984097));
#17960 = VECTOR('',#17961,1.);
#17961 = DIRECTION('',(1.,0.,0.));
#17962 = ORIENTED_EDGE('',*,*,#4768,.T.);
#17963 = PLANE('',#17964);
#17964 = AXIS2_PLACEMENT_3D('',#17965,#17966,#17967);
#17965 = CARTESIAN_POINT('',(-15.5,2.476065039635,-0.751105487347));
#17966 = DIRECTION('',(-0.,-0.956942885713,0.290276270962));
#17967 = DIRECTION('',(0.,-0.290276270962,-0.956942885713));
#17968 = ADVANCED_FACE('',(#17969),#17980,.F.);
#17969 = FACE_BOUND('',#17970,.F.);
#17970 = EDGE_LOOP('',(#17971,#17972,#17973,#17979));
#17971 = ORIENTED_EDGE('',*,*,#17957,.F.);
#17972 = ORIENTED_EDGE('',*,*,#17432,.T.);
#17973 = ORIENTED_EDGE('',*,*,#17974,.F.);
#17974 = EDGE_CURVE('',#4777,#17425,#17975,.T.);
#17975 = LINE('',#17976,#17977);
#17976 = CARTESIAN_POINT('',(-12.,2.161819934845,-1.444479942322));
#17977 = VECTOR('',#17978,1.);
#17978 = DIRECTION('',(-1.,0.,0.));
#17979 = ORIENTED_EDGE('',*,*,#4776,.T.);
#17980 = PLANE('',#17981);
#17981 = AXIS2_PLACEMENT_3D('',#17982,#17983,#17984);
#17982 = CARTESIAN_POINT('',(-15.5,2.281955003738,-1.219727963209));
#17983 = DIRECTION('',(-0.,-0.881916968656,0.471404773413));
#17984 = DIRECTION('',(0.,-0.471404773413,-0.881916968656));
#17985 = ADVANCED_FACE('',(#17986),#17997,.F.);
#17986 = FACE_BOUND('',#17987,.F.);
#17987 = EDGE_LOOP('',(#17988,#17989,#17990,#17996));
#17988 = ORIENTED_EDGE('',*,*,#17974,.T.);
#17989 = ORIENTED_EDGE('',*,*,#17424,.T.);
#17990 = ORIENTED_EDGE('',*,*,#17991,.F.);
#17991 = EDGE_CURVE('',#4785,#17417,#17992,.T.);
#17992 = LINE('',#17993,#17994);
#17993 = CARTESIAN_POINT('',(-12.,1.838479995728,-1.838479995728));
#17994 = VECTOR('',#17995,1.);
#17995 = DIRECTION('',(-1.,0.,0.));
#17996 = ORIENTED_EDGE('',*,*,#4784,.T.);
#17997 = PLANE('',#17998);
#17998 = AXIS2_PLACEMENT_3D('',#17999,#18000,#18001);
#17999 = CARTESIAN_POINT('',(-15.5,2.000149965286,-1.641479969025));
#18000 = DIRECTION('',(-0.,-0.773017715812,0.63438443474));
#18001 = DIRECTION('',(0.,-0.63438443474,-0.773017715812));
#18002 = ADVANCED_FACE('',(#18003),#18014,.F.);
#18003 = FACE_BOUND('',#18004,.F.);
#18004 = EDGE_LOOP('',(#18005,#18006,#18007,#18008));
#18005 = ORIENTED_EDGE('',*,*,#4792,.T.);
#18006 = ORIENTED_EDGE('',*,*,#17991,.T.);
#18007 = ORIENTED_EDGE('',*,*,#17416,.T.);
#18008 = ORIENTED_EDGE('',*,*,#18009,.F.);
#18009 = EDGE_CURVE('',#4793,#17409,#18010,.T.);
#18010 = LINE('',#18011,#18012);
#18011 = CARTESIAN_POINT('',(-12.,1.444479942322,-2.161819934845));
#18012 = VECTOR('',#18013,1.);
#18013 = DIRECTION('',(-1.,0.,0.));
#18014 = PLANE('',#18015);
#18015 = AXIS2_PLACEMENT_3D('',#18016,#18017,#18018);
#18016 = CARTESIAN_POINT('',(-15.5,1.641479969025,-2.000149965286));
#18017 = DIRECTION('',(0.,-0.63438443474,0.773017715812));
#18018 = DIRECTION('',(0.,0.773017715812,0.63438443474));
#18019 = ADVANCED_FACE('',(#18020),#18031,.F.);
#18020 = FACE_BOUND('',#18021,.F.);
#18021 = EDGE_LOOP('',(#18022,#18023,#18024,#18025));
#18022 = ORIENTED_EDGE('',*,*,#4800,.T.);
#18023 = ORIENTED_EDGE('',*,*,#18009,.T.);
#18024 = ORIENTED_EDGE('',*,*,#17408,.T.);
#18025 = ORIENTED_EDGE('',*,*,#18026,.T.);
#18026 = EDGE_CURVE('',#17401,#4801,#18027,.T.);
#18027 = LINE('',#18028,#18029);
#18028 = CARTESIAN_POINT('',(-19.,0.994975984097,-2.402090072632));
#18029 = VECTOR('',#18030,1.);
#18030 = DIRECTION('',(1.,0.,0.));
#18031 = PLANE('',#18032);
#18032 = AXIS2_PLACEMENT_3D('',#18033,#18034,#18035);
#18033 = CARTESIAN_POINT('',(-15.5,1.219727963209,-2.281955003738));
#18034 = DIRECTION('',(0.,-0.471404773413,0.881916968656));
#18035 = DIRECTION('',(0.,0.881916968656,0.471404773413));
#18036 = ADVANCED_FACE('',(#18037),#18048,.F.);
#18037 = FACE_BOUND('',#18038,.F.);
#18038 = EDGE_LOOP('',(#18039,#18040,#18041,#18042));
#18039 = ORIENTED_EDGE('',*,*,#4808,.T.);
#18040 = ORIENTED_EDGE('',*,*,#18026,.F.);
#18041 = ORIENTED_EDGE('',*,*,#17400,.T.);
#18042 = ORIENTED_EDGE('',*,*,#18043,.F.);
#18043 = EDGE_CURVE('',#4809,#17393,#18044,.T.);
#18044 = LINE('',#18045,#18046);
#18045 = CARTESIAN_POINT('',(-12.,0.507234990597,-2.550040006638));
#18046 = VECTOR('',#18047,1.);
#18047 = DIRECTION('',(-1.,0.,0.));
#18048 = PLANE('',#18049);
#18049 = AXIS2_PLACEMENT_3D('',#18050,#18051,#18052);
#18050 = CARTESIAN_POINT('',(-15.5,0.751105487347,-2.476065039635));
#18051 = DIRECTION('',(0.,-0.290276270962,0.956942885713));
#18052 = DIRECTION('',(0.,0.956942885713,0.290276270962));
#18053 = ADVANCED_FACE('',(#18054),#18065,.F.);
#18054 = FACE_BOUND('',#18055,.F.);
#18055 = EDGE_LOOP('',(#18056,#18057,#18058,#18059));
#18056 = ORIENTED_EDGE('',*,*,#4816,.T.);
#18057 = ORIENTED_EDGE('',*,*,#18043,.T.);
#18058 = ORIENTED_EDGE('',*,*,#17392,.T.);
#18059 = ORIENTED_EDGE('',*,*,#18060,.F.);
#18060 = EDGE_CURVE('',#4817,#17385,#18061,.T.);
#18061 = LINE('',#18062,#18063);
#18062 = CARTESIAN_POINT('',(-12.,0.,-2.599999904633));
#18063 = VECTOR('',#18064,1.);
#18064 = DIRECTION('',(-1.,0.,0.));
#18065 = PLANE('',#18066);
#18066 = AXIS2_PLACEMENT_3D('',#18067,#18068,#18069);
#18067 = CARTESIAN_POINT('',(-15.5,0.253617495298,-2.575019955635));
#18068 = DIRECTION('',(0.,-9.802027253596E-02,0.995184418172));
#18069 = DIRECTION('',(0.,0.995184418172,9.802027253596E-02));
#18070 = ADVANCED_FACE('',(#18071),#18082,.F.);
#18071 = FACE_BOUND('',#18072,.F.);
#18072 = EDGE_LOOP('',(#18073,#18074,#18075,#18076));
#18073 = ORIENTED_EDGE('',*,*,#4824,.T.);
#18074 = ORIENTED_EDGE('',*,*,#18060,.T.);
#18075 = ORIENTED_EDGE('',*,*,#17384,.T.);
#18076 = ORIENTED_EDGE('',*,*,#18077,.T.);
#18077 = EDGE_CURVE('',#17377,#4825,#18078,.T.);
#18078 = LINE('',#18079,#18080);
#18079 = CARTESIAN_POINT('',(-19.,-0.507234990597,-2.550040006638));
#18080 = VECTOR('',#18081,1.);
#18081 = DIRECTION('',(1.,0.,0.));
#18082 = PLANE('',#18083);
#18083 = AXIS2_PLACEMENT_3D('',#18084,#18085,#18086);
#18084 = CARTESIAN_POINT('',(-15.5,-0.253617495298,-2.575019955635));
#18085 = DIRECTION('',(0.,9.802027253596E-02,0.995184418172));
#18086 = DIRECTION('',(0.,0.995184418172,-9.802027253596E-02));
#18087 = ADVANCED_FACE('',(#18088),#18099,.F.);
#18088 = FACE_BOUND('',#18089,.F.);
#18089 = EDGE_LOOP('',(#18090,#18091,#18092,#18093));
#18090 = ORIENTED_EDGE('',*,*,#4832,.T.);
#18091 = ORIENTED_EDGE('',*,*,#18077,.F.);
#18092 = ORIENTED_EDGE('',*,*,#17376,.T.);
#18093 = ORIENTED_EDGE('',*,*,#18094,.T.);
#18094 = EDGE_CURVE('',#17369,#4833,#18095,.T.);
#18095 = LINE('',#18096,#18097);
#18096 = CARTESIAN_POINT('',(-19.,-0.994975984097,-2.402090072632));
#18097 = VECTOR('',#18098,1.);
#18098 = DIRECTION('',(1.,0.,0.));
#18099 = PLANE('',#18100);
#18100 = AXIS2_PLACEMENT_3D('',#18101,#18102,#18103);
#18101 = CARTESIAN_POINT('',(-15.5,-0.751105487347,-2.476065039635));
#18102 = DIRECTION('',(0.,0.290276270962,0.956942885713));
#18103 = DIRECTION('',(0.,0.956942885713,-0.290276270962));
#18104 = ADVANCED_FACE('',(#18105),#18116,.F.);
#18105 = FACE_BOUND('',#18106,.F.);
#18106 = EDGE_LOOP('',(#18107,#18108,#18109,#18110));
#18107 = ORIENTED_EDGE('',*,*,#4840,.T.);
#18108 = ORIENTED_EDGE('',*,*,#18094,.F.);
#18109 = ORIENTED_EDGE('',*,*,#17368,.T.);
#18110 = ORIENTED_EDGE('',*,*,#18111,.T.);
#18111 = EDGE_CURVE('',#17359,#4841,#18112,.T.);
#18112 = LINE('',#18113,#18114);
#18113 = CARTESIAN_POINT('',(-19.,-1.444479942322,-2.161819934845));
#18114 = VECTOR('',#18115,1.);
#18115 = DIRECTION('',(1.,0.,0.));
#18116 = PLANE('',#18117);
#18117 = AXIS2_PLACEMENT_3D('',#18118,#18119,#18120);
#18118 = CARTESIAN_POINT('',(-15.5,-1.219727963209,-2.281955003738));
#18119 = DIRECTION('',(0.,0.471404773413,0.881916968656));
#18120 = DIRECTION('',(0.,0.881916968656,-0.471404773413));
#18121 = ADVANCED_FACE('',(#18122),#18133,.F.);
#18122 = FACE_BOUND('',#18123,.F.);
#18123 = EDGE_LOOP('',(#18124,#18125,#18126,#18127));
#18124 = ORIENTED_EDGE('',*,*,#4848,.T.);
#18125 = ORIENTED_EDGE('',*,*,#18111,.F.);
#18126 = ORIENTED_EDGE('',*,*,#17358,.T.);
#18127 = ORIENTED_EDGE('',*,*,#18128,.F.);
#18128 = EDGE_CURVE('',#4849,#17361,#18129,.T.);
#18129 = LINE('',#18130,#18131);
#18130 = CARTESIAN_POINT('',(-12.,-1.838479995728,-1.838479995728));
#18131 = VECTOR('',#18132,1.);
#18132 = DIRECTION('',(-1.,0.,0.));
#18133 = PLANE('',#18134);
#18134 = AXIS2_PLACEMENT_3D('',#18135,#18136,#18137);
#18135 = CARTESIAN_POINT('',(-15.5,-1.641479969025,-2.000149965286));
#18136 = DIRECTION('',(0.,0.63438443474,0.773017715812));
#18137 = DIRECTION('',(0.,0.773017715812,-0.63438443474));
#18138 = ADVANCED_FACE('',(#18139),#18145,.F.);
#18139 = FACE_BOUND('',#18140,.F.);
#18140 = EDGE_LOOP('',(#18141,#18142,#18143,#18144));
#18141 = ORIENTED_EDGE('',*,*,#17923,.T.);
#18142 = ORIENTED_EDGE('',*,*,#4856,.T.);
#18143 = ORIENTED_EDGE('',*,*,#18128,.T.);
#18144 = ORIENTED_EDGE('',*,*,#17608,.T.);
#18145 = PLANE('',#18146);
#18146 = AXIS2_PLACEMENT_3D('',#18147,#18148,#18149);
#18147 = CARTESIAN_POINT('',(-15.5,-2.000149965286,-1.641479969025));
#18148 = DIRECTION('',(0.,0.773017715812,0.63438443474));
#18149 = DIRECTION('',(0.,-0.63438443474,0.773017715812));
#18150 = ADVANCED_FACE('',(#18151),#18157,.F.);
#18151 = FACE_BOUND('',#18152,.F.);
#18152 = EDGE_LOOP('',(#18153,#18154,#18155,#18156));
#18153 = ORIENTED_EDGE('',*,*,#17668,.F.);
#18154 = ORIENTED_EDGE('',*,*,#4904,.T.);
#18155 = ORIENTED_EDGE('',*,*,#17622,.F.);
#18156 = ORIENTED_EDGE('',*,*,#17560,.T.);
#18157 = PLANE('',#18158);
#18158 = AXIS2_PLACEMENT_3D('',#18159,#18160,#18161);
#18159 = CARTESIAN_POINT('',(-15.5,-2.281955003738,1.219727963209));
#18160 = DIRECTION('',(0.,0.881916968656,-0.471404773413));
#18161 = DIRECTION('',(0.,0.471404773413,0.881916968656));
#18162 = ADVANCED_FACE('',(#18163),#18188,.F.);
#18163 = FACE_BOUND('',#18164,.F.);
#18164 = EDGE_LOOP('',(#18165,#18173,#18174,#18182));
#18165 = ORIENTED_EDGE('',*,*,#18166,.T.);
#18166 = EDGE_CURVE('',#18167,#4743,#18169,.T.);
#18167 = VERTEX_POINT('',#18168);
#18168 = CARTESIAN_POINT('',(12.,8.827070236206,-1.755810022354));
#18169 = LINE('',#18170,#18171);
#18170 = CARTESIAN_POINT('',(12.,8.827070236206,-1.755810022354));
#18171 = VECTOR('',#18172,1.);
#18172 = DIRECTION('',(-1.,0.,0.));
#18173 = ORIENTED_EDGE('',*,*,#4742,.T.);
#18174 = ORIENTED_EDGE('',*,*,#18175,.T.);
#18175 = EDGE_CURVE('',#4735,#18176,#18178,.T.);
#18176 = VERTEX_POINT('',#18177);
#18177 = CARTESIAN_POINT('',(12.,8.314920425415,-3.444149971008));
#18178 = LINE('',#18179,#18180);
#18179 = CARTESIAN_POINT('',(-12.,8.314920425415,-3.444149971008));
#18180 = VECTOR('',#18181,1.);
#18181 = DIRECTION('',(1.,0.,0.));
#18182 = ORIENTED_EDGE('',*,*,#18183,.T.);
#18183 = EDGE_CURVE('',#18176,#18167,#18184,.T.);
#18184 = LINE('',#18185,#18186);
#18185 = CARTESIAN_POINT('',(12.,8.314920425415,-3.444149971008));
#18186 = VECTOR('',#18187,1.);
#18187 = DIRECTION('',(0.,0.290283372699,0.956940731464));
#18188 = PLANE('',#18189);
#18189 = AXIS2_PLACEMENT_3D('',#18190,#18191,#18192);
#18190 = CARTESIAN_POINT('',(6.894641659115E-17,8.570995330811,
    -2.599979996681));
#18191 = DIRECTION('',(-0.,-0.956940731464,0.290283372699));
#18192 = DIRECTION('',(0.,-0.290283372699,-0.956940731464));
#18193 = ADVANCED_FACE('',(#18194),#18212,.F.);
#18194 = FACE_BOUND('',#18195,.F.);
#18195 = EDGE_LOOP('',(#18196,#18197,#18198,#18206));
#18196 = ORIENTED_EDGE('',*,*,#18175,.F.);
#18197 = ORIENTED_EDGE('',*,*,#4734,.T.);
#18198 = ORIENTED_EDGE('',*,*,#18199,.T.);
#18199 = EDGE_CURVE('',#4727,#18200,#18202,.T.);
#18200 = VERTEX_POINT('',#18201);
#18201 = CARTESIAN_POINT('',(12.,7.483230113983,-5.000130176544));
#18202 = LINE('',#18203,#18204);
#18203 = CARTESIAN_POINT('',(-12.,7.483230113983,-5.000130176544));
#18204 = VECTOR('',#18205,1.);
#18205 = DIRECTION('',(1.,0.,0.));
#18206 = ORIENTED_EDGE('',*,*,#18207,.T.);
#18207 = EDGE_CURVE('',#18200,#18176,#18208,.T.);
#18208 = LINE('',#18209,#18210);
#18209 = CARTESIAN_POINT('',(12.,7.483230113983,-5.000130176544));
#18210 = VECTOR('',#18211,1.);
#18211 = DIRECTION('',(0.,0.471397426418,0.881920895753));
#18212 = PLANE('',#18213);
#18213 = AXIS2_PLACEMENT_3D('',#18214,#18215,#18216);
#18214 = CARTESIAN_POINT('',(-2.06839263508E-16,7.899075269699,
    -4.222140073776));
#18215 = DIRECTION('',(-0.,-0.881920895753,0.471397426418));
#18216 = DIRECTION('',(0.,-0.471397426418,-0.881920895753));
#18217 = ADVANCED_FACE('',(#18218),#18236,.F.);
#18218 = FACE_BOUND('',#18219,.F.);
#18219 = EDGE_LOOP('',(#18220,#18228,#18234,#18235));
#18220 = ORIENTED_EDGE('',*,*,#18221,.T.);
#18221 = EDGE_CURVE('',#3506,#18222,#18224,.T.);
#18222 = VERTEX_POINT('',#18223);
#18223 = CARTESIAN_POINT('',(12.,-3.444149971008,8.314920425415));
#18224 = LINE('',#18225,#18226);
#18225 = CARTESIAN_POINT('',(12.,-1.755810022354,8.827070236206));
#18226 = VECTOR('',#18227,1.);
#18227 = DIRECTION('',(0.,-0.956940731464,-0.290283372699));
#18228 = ORIENTED_EDGE('',*,*,#18229,.T.);
#18229 = EDGE_CURVE('',#18222,#4575,#18230,.T.);
#18230 = LINE('',#18231,#18232);
#18231 = CARTESIAN_POINT('',(12.,-3.444149971008,8.314920425415));
#18232 = VECTOR('',#18233,1.);
#18233 = DIRECTION('',(-1.,0.,0.));
#18234 = ORIENTED_EDGE('',*,*,#4574,.T.);
#18235 = ORIENTED_EDGE('',*,*,#3895,.T.);
#18236 = PLANE('',#18237);
#18237 = AXIS2_PLACEMENT_3D('',#18238,#18239,#18240);
#18238 = CARTESIAN_POINT('',(0.,-2.599979996681,8.570995330811));
#18239 = DIRECTION('',(-0.,0.290283372699,-0.956940731464));
#18240 = DIRECTION('',(0.,-0.956940731464,-0.290283372699));
#18241 = ADVANCED_FACE('',(#18242),#18267,.F.);
#18242 = FACE_BOUND('',#18243,.F.);
#18243 = EDGE_LOOP('',(#18244,#18254,#18260,#18261));
#18244 = ORIENTED_EDGE('',*,*,#18245,.T.);
#18245 = EDGE_CURVE('',#18246,#18248,#18250,.T.);
#18246 = VERTEX_POINT('',#18247);
#18247 = CARTESIAN_POINT('',(12.,3.444149971008,-8.314920425415));
#18248 = VERTEX_POINT('',#18249);
#18249 = CARTESIAN_POINT('',(12.,5.000130176544,-7.483230113983));
#18250 = LINE('',#18251,#18252);
#18251 = CARTESIAN_POINT('',(12.,3.444149971008,-8.314920425415));
#18252 = VECTOR('',#18253,1.);
#18253 = DIRECTION('',(0.,0.881920895753,0.471397426418));
#18254 = ORIENTED_EDGE('',*,*,#18255,.T.);
#18255 = EDGE_CURVE('',#18248,#4711,#18256,.T.);
#18256 = LINE('',#18257,#18258);
#18257 = CARTESIAN_POINT('',(12.,5.000130176544,-7.483230113983));
#18258 = VECTOR('',#18259,1.);
#18259 = DIRECTION('',(-1.,0.,0.));
#18260 = ORIENTED_EDGE('',*,*,#4710,.T.);
#18261 = ORIENTED_EDGE('',*,*,#18262,.F.);
#18262 = EDGE_CURVE('',#18246,#4703,#18263,.T.);
#18263 = LINE('',#18264,#18265);
#18264 = CARTESIAN_POINT('',(12.,3.444149971008,-8.314920425415));
#18265 = VECTOR('',#18266,1.);
#18266 = DIRECTION('',(-1.,0.,0.));
#18267 = PLANE('',#18268);
#18268 = AXIS2_PLACEMENT_3D('',#18269,#18270,#18271);
#18269 = CARTESIAN_POINT('',(0.,4.222140073776,-7.899075269699));
#18270 = DIRECTION('',(0.,-0.471397426418,0.881920895753));
#18271 = DIRECTION('',(0.,0.881920895753,0.471397426418));
#18272 = ADVANCED_FACE('',(#18273),#18284,.F.);
#18273 = FACE_BOUND('',#18274,.F.);
#18274 = EDGE_LOOP('',(#18275,#18281,#18282,#18283));
#18275 = ORIENTED_EDGE('',*,*,#18276,.T.);
#18276 = EDGE_CURVE('',#5271,#18246,#18277,.T.);
#18277 = LINE('',#18278,#18279);
#18278 = CARTESIAN_POINT('',(12.,1.755810022354,-8.827070236206));
#18279 = VECTOR('',#18280,1.);
#18280 = DIRECTION('',(0.,0.956940731464,0.290283372699));
#18281 = ORIENTED_EDGE('',*,*,#18262,.T.);
#18282 = ORIENTED_EDGE('',*,*,#4702,.T.);
#18283 = ORIENTED_EDGE('',*,*,#5704,.T.);
#18284 = PLANE('',#18285);
#18285 = AXIS2_PLACEMENT_3D('',#18286,#18287,#18288);
#18286 = CARTESIAN_POINT('',(0.,2.599979996681,-8.570995330811));
#18287 = DIRECTION('',(0.,-0.290283372699,0.956940731464));
#18288 = DIRECTION('',(0.,0.956940731464,0.290283372699));
#18289 = ADVANCED_FACE('',(#18290),#18315,.F.);
#18290 = FACE_BOUND('',#18291,.F.);
#18291 = EDGE_LOOP('',(#18292,#18300,#18308,#18314));
#18292 = ORIENTED_EDGE('',*,*,#18293,.T.);
#18293 = EDGE_CURVE('',#4599,#18294,#18296,.T.);
#18294 = VERTEX_POINT('',#18295);
#18295 = CARTESIAN_POINT('',(12.,-7.483230113983,5.000130176544));
#18296 = LINE('',#18297,#18298);
#18297 = CARTESIAN_POINT('',(-12.,-7.483230113983,5.000130176544));
#18298 = VECTOR('',#18299,1.);
#18299 = DIRECTION('',(1.,0.,0.));
#18300 = ORIENTED_EDGE('',*,*,#18301,.T.);
#18301 = EDGE_CURVE('',#18294,#18302,#18304,.T.);
#18302 = VERTEX_POINT('',#18303);
#18303 = CARTESIAN_POINT('',(12.,-8.314920425415,3.444149971008));
#18304 = LINE('',#18305,#18306);
#18305 = CARTESIAN_POINT('',(12.,-7.483230113983,5.000130176544));
#18306 = VECTOR('',#18307,1.);
#18307 = DIRECTION('',(0.,-0.471397426418,-0.881920895753));
#18308 = ORIENTED_EDGE('',*,*,#18309,.F.);
#18309 = EDGE_CURVE('',#4607,#18302,#18310,.T.);
#18310 = LINE('',#18311,#18312);
#18311 = CARTESIAN_POINT('',(-12.,-8.314920425415,3.444149971008));
#18312 = VECTOR('',#18313,1.);
#18313 = DIRECTION('',(1.,0.,0.));
#18314 = ORIENTED_EDGE('',*,*,#4606,.T.);
#18315 = PLANE('',#18316);
#18316 = AXIS2_PLACEMENT_3D('',#18317,#18318,#18319);
#18317 = CARTESIAN_POINT('',(-6.894642116933E-17,-7.899075269699,
    4.222140073776));
#18318 = DIRECTION('',(0.,0.881920895753,-0.471397426418));
#18319 = DIRECTION('',(0.,0.471397426418,0.881920895753));
#18320 = ADVANCED_FACE('',(#18321),#18339,.F.);
#18321 = FACE_BOUND('',#18322,.F.);
#18322 = EDGE_LOOP('',(#18323,#18324,#18332,#18338));
#18323 = ORIENTED_EDGE('',*,*,#18309,.T.);
#18324 = ORIENTED_EDGE('',*,*,#18325,.T.);
#18325 = EDGE_CURVE('',#18302,#18326,#18328,.T.);
#18326 = VERTEX_POINT('',#18327);
#18327 = CARTESIAN_POINT('',(12.,-8.827070236206,1.755810022354));
#18328 = LINE('',#18329,#18330);
#18329 = CARTESIAN_POINT('',(12.,-8.314920425415,3.444149971008));
#18330 = VECTOR('',#18331,1.);
#18331 = DIRECTION('',(0.,-0.290283372699,-0.956940731464));
#18332 = ORIENTED_EDGE('',*,*,#18333,.T.);
#18333 = EDGE_CURVE('',#18326,#4615,#18334,.T.);
#18334 = LINE('',#18335,#18336);
#18335 = CARTESIAN_POINT('',(12.,-8.827070236206,1.755810022354));
#18336 = VECTOR('',#18337,1.);
#18337 = DIRECTION('',(-1.,0.,0.));
#18338 = ORIENTED_EDGE('',*,*,#4614,.T.);
#18339 = PLANE('',#18340);
#18340 = AXIS2_PLACEMENT_3D('',#18341,#18342,#18343);
#18341 = CARTESIAN_POINT('',(-6.894641659115E-17,-8.570995330811,
    2.599979996681));
#18342 = DIRECTION('',(0.,0.956940731464,-0.290283372699));
#18343 = DIRECTION('',(0.,0.290283372699,0.956940731464));
#18344 = ADVANCED_FACE('',(#18345),#18363,.F.);
#18345 = FACE_BOUND('',#18346,.F.);
#18346 = EDGE_LOOP('',(#18347,#18348,#18356,#18362));
#18347 = ORIENTED_EDGE('',*,*,#18333,.F.);
#18348 = ORIENTED_EDGE('',*,*,#18349,.T.);
#18349 = EDGE_CURVE('',#18326,#18350,#18352,.T.);
#18350 = VERTEX_POINT('',#18351);
#18351 = CARTESIAN_POINT('',(12.,-9.,0.));
#18352 = LINE('',#18353,#18354);
#18353 = CARTESIAN_POINT('',(12.,-8.827070236206,1.755810022354));
#18354 = VECTOR('',#18355,1.);
#18355 = DIRECTION('',(0.,-9.801577662181E-02,-0.995184860985));
#18356 = ORIENTED_EDGE('',*,*,#18357,.F.);
#18357 = EDGE_CURVE('',#4623,#18350,#18358,.T.);
#18358 = LINE('',#18359,#18360);
#18359 = CARTESIAN_POINT('',(-12.,-9.,0.));
#18360 = VECTOR('',#18361,1.);
#18361 = DIRECTION('',(1.,0.,0.));
#18362 = ORIENTED_EDGE('',*,*,#4622,.T.);
#18363 = PLANE('',#18364);
#18364 = AXIS2_PLACEMENT_3D('',#18365,#18366,#18367);
#18365 = CARTESIAN_POINT('',(0.,-8.913535118103,0.877905011177));
#18366 = DIRECTION('',(0.,0.995184860985,-9.801577662181E-02));
#18367 = DIRECTION('',(0.,9.801577662181E-02,0.995184860985));
#18368 = ADVANCED_FACE('',(#18369),#18387,.F.);
#18369 = FACE_BOUND('',#18370,.F.);
#18370 = EDGE_LOOP('',(#18371,#18372,#18380,#18386));
#18371 = ORIENTED_EDGE('',*,*,#18357,.T.);
#18372 = ORIENTED_EDGE('',*,*,#18373,.T.);
#18373 = EDGE_CURVE('',#18350,#18374,#18376,.T.);
#18374 = VERTEX_POINT('',#18375);
#18375 = CARTESIAN_POINT('',(12.,-8.827070236206,-1.755810022354));
#18376 = LINE('',#18377,#18378);
#18377 = CARTESIAN_POINT('',(12.,-9.,0.));
#18378 = VECTOR('',#18379,1.);
#18379 = DIRECTION('',(0.,9.801577662181E-02,-0.995184860985));
#18380 = ORIENTED_EDGE('',*,*,#18381,.F.);
#18381 = EDGE_CURVE('',#4631,#18374,#18382,.T.);
#18382 = LINE('',#18383,#18384);
#18383 = CARTESIAN_POINT('',(-12.,-8.827070236206,-1.755810022354));
#18384 = VECTOR('',#18385,1.);
#18385 = DIRECTION('',(1.,0.,0.));
#18386 = ORIENTED_EDGE('',*,*,#4630,.T.);
#18387 = PLANE('',#18388);
#18388 = AXIS2_PLACEMENT_3D('',#18389,#18390,#18391);
#18389 = CARTESIAN_POINT('',(0.,-8.913535118103,-0.877905011177));
#18390 = DIRECTION('',(0.,0.995184860985,9.801577662181E-02));
#18391 = DIRECTION('',(0.,-9.801577662181E-02,0.995184860985));
#18392 = ADVANCED_FACE('',(#18393),#18411,.F.);
#18393 = FACE_BOUND('',#18394,.F.);
#18394 = EDGE_LOOP('',(#18395,#18396,#18404,#18410));
#18395 = ORIENTED_EDGE('',*,*,#18381,.T.);
#18396 = ORIENTED_EDGE('',*,*,#18397,.T.);
#18397 = EDGE_CURVE('',#18374,#18398,#18400,.T.);
#18398 = VERTEX_POINT('',#18399);
#18399 = CARTESIAN_POINT('',(12.,-8.314920425415,-3.444149971008));
#18400 = LINE('',#18401,#18402);
#18401 = CARTESIAN_POINT('',(12.,-8.827070236206,-1.755810022354));
#18402 = VECTOR('',#18403,1.);
#18403 = DIRECTION('',(0.,0.290283372699,-0.956940731464));
#18404 = ORIENTED_EDGE('',*,*,#18405,.T.);
#18405 = EDGE_CURVE('',#18398,#4639,#18406,.T.);
#18406 = LINE('',#18407,#18408);
#18407 = CARTESIAN_POINT('',(12.,-8.314920425415,-3.444149971008));
#18408 = VECTOR('',#18409,1.);
#18409 = DIRECTION('',(-1.,0.,0.));
#18410 = ORIENTED_EDGE('',*,*,#4638,.T.);
#18411 = PLANE('',#18412);
#18412 = AXIS2_PLACEMENT_3D('',#18413,#18414,#18415);
#18413 = CARTESIAN_POINT('',(-6.894641659115E-17,-8.570995330811,
    -2.599979996681));
#18414 = DIRECTION('',(0.,0.956940731464,0.290283372699));
#18415 = DIRECTION('',(0.,-0.290283372699,0.956940731464));
#18416 = ADVANCED_FACE('',(#18417),#18435,.F.);
#18417 = FACE_BOUND('',#18418,.F.);
#18418 = EDGE_LOOP('',(#18419,#18420,#18428,#18434));
#18419 = ORIENTED_EDGE('',*,*,#18405,.F.);
#18420 = ORIENTED_EDGE('',*,*,#18421,.T.);
#18421 = EDGE_CURVE('',#18398,#18422,#18424,.T.);
#18422 = VERTEX_POINT('',#18423);
#18423 = CARTESIAN_POINT('',(12.,-7.483230113983,-5.000130176544));
#18424 = LINE('',#18425,#18426);
#18425 = CARTESIAN_POINT('',(12.,-8.314920425415,-3.444149971008));
#18426 = VECTOR('',#18427,1.);
#18427 = DIRECTION('',(0.,0.471397426418,-0.881920895753));
#18428 = ORIENTED_EDGE('',*,*,#18429,.F.);
#18429 = EDGE_CURVE('',#4647,#18422,#18430,.T.);
#18430 = LINE('',#18431,#18432);
#18431 = CARTESIAN_POINT('',(-12.,-7.483230113983,-5.000130176544));
#18432 = VECTOR('',#18433,1.);
#18433 = DIRECTION('',(1.,0.,0.));
#18434 = ORIENTED_EDGE('',*,*,#4646,.T.);
#18435 = PLANE('',#18436);
#18436 = AXIS2_PLACEMENT_3D('',#18437,#18438,#18439);
#18437 = CARTESIAN_POINT('',(-6.894642116933E-17,-7.899075269699,
    -4.222140073776));
#18438 = DIRECTION('',(0.,0.881920895753,0.471397426418));
#18439 = DIRECTION('',(0.,-0.471397426418,0.881920895753));
#18440 = ADVANCED_FACE('',(#18441),#18459,.F.);
#18441 = FACE_BOUND('',#18442,.F.);
#18442 = EDGE_LOOP('',(#18443,#18444,#18452,#18458));
#18443 = ORIENTED_EDGE('',*,*,#18429,.T.);
#18444 = ORIENTED_EDGE('',*,*,#18445,.T.);
#18445 = EDGE_CURVE('',#18422,#18446,#18448,.T.);
#18446 = VERTEX_POINT('',#18447);
#18447 = CARTESIAN_POINT('',(12.,-6.363959789276,-6.363959789276));
#18448 = LINE('',#18449,#18450);
#18449 = CARTESIAN_POINT('',(12.,-7.483230113983,-5.000130176544));
#18450 = VECTOR('',#18451,1.);
#18451 = DIRECTION('',(0.,0.634394736182,-0.77300926172));
#18452 = ORIENTED_EDGE('',*,*,#18453,.T.);
#18453 = EDGE_CURVE('',#18446,#4655,#18454,.T.);
#18454 = LINE('',#18455,#18456);
#18455 = CARTESIAN_POINT('',(12.,-6.363959789276,-6.363959789276));
#18456 = VECTOR('',#18457,1.);
#18457 = DIRECTION('',(-1.,0.,0.));
#18458 = ORIENTED_EDGE('',*,*,#4654,.T.);
#18459 = PLANE('',#18460);
#18460 = AXIS2_PLACEMENT_3D('',#18461,#18462,#18463);
#18461 = CARTESIAN_POINT('',(-6.894641047751E-17,-6.92359495163,
    -5.68204498291));
#18462 = DIRECTION('',(0.,0.77300926172,0.634394736182));
#18463 = DIRECTION('',(0.,-0.634394736182,0.77300926172));
#18464 = ADVANCED_FACE('',(#18465),#18490,.F.);
#18465 = FACE_BOUND('',#18466,.F.);
#18466 = EDGE_LOOP('',(#18467,#18477,#18483,#18484));
#18467 = ORIENTED_EDGE('',*,*,#18468,.T.);
#18468 = EDGE_CURVE('',#18469,#18471,#18473,.T.);
#18469 = VERTEX_POINT('',#18470);
#18470 = CARTESIAN_POINT('',(12.,-5.000130176544,-7.483230113983));
#18471 = VERTEX_POINT('',#18472);
#18472 = CARTESIAN_POINT('',(12.,-3.444149971008,-8.314920425415));
#18473 = LINE('',#18474,#18475);
#18474 = CARTESIAN_POINT('',(12.,-5.000130176544,-7.483230113983));
#18475 = VECTOR('',#18476,1.);
#18476 = DIRECTION('',(0.,0.881920895753,-0.471397426418));
#18477 = ORIENTED_EDGE('',*,*,#18478,.T.);
#18478 = EDGE_CURVE('',#18471,#4671,#18479,.T.);
#18479 = LINE('',#18480,#18481);
#18480 = CARTESIAN_POINT('',(12.,-3.444149971008,-8.314920425415));
#18481 = VECTOR('',#18482,1.);
#18482 = DIRECTION('',(-1.,0.,0.));
#18483 = ORIENTED_EDGE('',*,*,#4670,.T.);
#18484 = ORIENTED_EDGE('',*,*,#18485,.T.);
#18485 = EDGE_CURVE('',#4663,#18469,#18486,.T.);
#18486 = LINE('',#18487,#18488);
#18487 = CARTESIAN_POINT('',(-12.,-5.000130176544,-7.483230113983));
#18488 = VECTOR('',#18489,1.);
#18489 = DIRECTION('',(1.,0.,0.));
#18490 = PLANE('',#18491);
#18491 = AXIS2_PLACEMENT_3D('',#18492,#18493,#18494);
#18492 = CARTESIAN_POINT('',(0.,-4.222140073776,-7.899075269699));
#18493 = DIRECTION('',(0.,0.471397426418,0.881920895753));
#18494 = DIRECTION('',(0.,0.881920895753,-0.471397426418));
#18495 = ADVANCED_FACE('',(#18496),#18514,.F.);
#18496 = FACE_BOUND('',#18497,.F.);
#18497 = EDGE_LOOP('',(#18498,#18499,#18500,#18508));
#18498 = ORIENTED_EDGE('',*,*,#18199,.F.);
#18499 = ORIENTED_EDGE('',*,*,#4726,.F.);
#18500 = ORIENTED_EDGE('',*,*,#18501,.T.);
#18501 = EDGE_CURVE('',#4719,#18502,#18504,.T.);
#18502 = VERTEX_POINT('',#18503);
#18503 = CARTESIAN_POINT('',(12.,6.363959789276,-6.363959789276));
#18504 = LINE('',#18505,#18506);
#18505 = CARTESIAN_POINT('',(-12.,6.363959789276,-6.363959789276));
#18506 = VECTOR('',#18507,1.);
#18507 = DIRECTION('',(1.,0.,0.));
#18508 = ORIENTED_EDGE('',*,*,#18509,.T.);
#18509 = EDGE_CURVE('',#18502,#18200,#18510,.T.);
#18510 = LINE('',#18511,#18512);
#18511 = CARTESIAN_POINT('',(12.,6.363959789276,-6.363959789276));
#18512 = VECTOR('',#18513,1.);
#18513 = DIRECTION('',(0.,0.634394736182,0.77300926172));
#18514 = PLANE('',#18515);
#18515 = AXIS2_PLACEMENT_3D('',#18516,#18517,#18518);
#18516 = CARTESIAN_POINT('',(6.894641047751E-17,6.92359495163,
    -5.68204498291));
#18517 = DIRECTION('',(-0.,-0.77300926172,0.634394736182));
#18518 = DIRECTION('',(0.,-0.634394736182,-0.77300926172));
#18519 = ADVANCED_FACE('',(#18520),#18531,.F.);
#18520 = FACE_BOUND('',#18521,.F.);
#18521 = EDGE_LOOP('',(#18522,#18528,#18529,#18530));
#18522 = ORIENTED_EDGE('',*,*,#18523,.T.);
#18523 = EDGE_CURVE('',#18248,#18502,#18524,.T.);
#18524 = LINE('',#18525,#18526);
#18525 = CARTESIAN_POINT('',(12.,5.000130176544,-7.483230113983));
#18526 = VECTOR('',#18527,1.);
#18527 = DIRECTION('',(0.,0.77300926172,0.634394736182));
#18528 = ORIENTED_EDGE('',*,*,#18501,.F.);
#18529 = ORIENTED_EDGE('',*,*,#4718,.F.);
#18530 = ORIENTED_EDGE('',*,*,#18255,.F.);
#18531 = PLANE('',#18532);
#18532 = AXIS2_PLACEMENT_3D('',#18533,#18534,#18535);
#18533 = CARTESIAN_POINT('',(0.,5.68204498291,-6.92359495163));
#18534 = DIRECTION('',(0.,-0.634394736182,0.77300926172));
#18535 = DIRECTION('',(0.,0.77300926172,0.634394736182));
#18536 = ADVANCED_FACE('',(#18537),#18548,.F.);
#18537 = FACE_BOUND('',#18538,.F.);
#18538 = EDGE_LOOP('',(#18539,#18545,#18546,#18547));
#18539 = ORIENTED_EDGE('',*,*,#18540,.T.);
#18540 = EDGE_CURVE('',#18471,#5340,#18541,.T.);
#18541 = LINE('',#18542,#18543);
#18542 = CARTESIAN_POINT('',(12.,-3.444149971008,-8.314920425415));
#18543 = VECTOR('',#18544,1.);
#18544 = DIRECTION('',(0.,0.956940731464,-0.290283372699));
#18545 = ORIENTED_EDGE('',*,*,#5521,.F.);
#18546 = ORIENTED_EDGE('',*,*,#4678,.F.);
#18547 = ORIENTED_EDGE('',*,*,#18478,.F.);
#18548 = PLANE('',#18549);
#18549 = AXIS2_PLACEMENT_3D('',#18550,#18551,#18552);
#18550 = CARTESIAN_POINT('',(0.,-2.599979996681,-8.570995330811));
#18551 = DIRECTION('',(0.,0.290283372699,0.956940731464));
#18552 = DIRECTION('',(0.,0.956940731464,-0.290283372699));
#18553 = ADVANCED_FACE('',(#18554),#18565,.F.);
#18554 = FACE_BOUND('',#18555,.F.);
#18555 = EDGE_LOOP('',(#18556,#18557,#18558,#18559));
#18556 = ORIENTED_EDGE('',*,*,#4543,.F.);
#18557 = ORIENTED_EDGE('',*,*,#4750,.F.);
#18558 = ORIENTED_EDGE('',*,*,#18166,.F.);
#18559 = ORIENTED_EDGE('',*,*,#18560,.T.);
#18560 = EDGE_CURVE('',#18167,#4544,#18561,.T.);
#18561 = LINE('',#18562,#18563);
#18562 = CARTESIAN_POINT('',(12.,8.827070236206,-1.755810022354));
#18563 = VECTOR('',#18564,1.);
#18564 = DIRECTION('',(0.,9.801577662181E-02,0.995184860985));
#18565 = PLANE('',#18566);
#18566 = AXIS2_PLACEMENT_3D('',#18567,#18568,#18569);
#18567 = CARTESIAN_POINT('',(0.,8.913535118103,-0.877905011177));
#18568 = DIRECTION('',(-0.,-0.995184860985,9.801577662181E-02));
#18569 = DIRECTION('',(0.,-9.801577662181E-02,-0.995184860985));
#18570 = ADVANCED_FACE('',(#18571),#18582,.F.);
#18571 = FACE_BOUND('',#18572,.F.);
#18572 = EDGE_LOOP('',(#18573,#18579,#18580,#18581));
#18573 = ORIENTED_EDGE('',*,*,#18574,.T.);
#18574 = EDGE_CURVE('',#18222,#5023,#18575,.T.);
#18575 = LINE('',#18576,#18577);
#18576 = CARTESIAN_POINT('',(12.,-3.444149971008,8.314920425415));
#18577 = VECTOR('',#18578,1.);
#18578 = DIRECTION('',(0.,-0.881920895753,-0.471397426418));
#18579 = ORIENTED_EDGE('',*,*,#5039,.F.);
#18580 = ORIENTED_EDGE('',*,*,#4582,.F.);
#18581 = ORIENTED_EDGE('',*,*,#18229,.F.);
#18582 = PLANE('',#18583);
#18583 = AXIS2_PLACEMENT_3D('',#18584,#18585,#18586);
#18584 = CARTESIAN_POINT('',(0.,-4.222140073776,7.899075269699));
#18585 = DIRECTION('',(-0.,0.471397426418,-0.881920895753));
#18586 = DIRECTION('',(0.,-0.881920895753,-0.471397426418));
#18587 = ADVANCED_FACE('',(#18588),#18599,.F.);
#18588 = FACE_BOUND('',#18589,.F.);
#18589 = EDGE_LOOP('',(#18590,#18591,#18597,#18598));
#18590 = ORIENTED_EDGE('',*,*,#5032,.F.);
#18591 = ORIENTED_EDGE('',*,*,#18592,.T.);
#18592 = EDGE_CURVE('',#5025,#18294,#18593,.T.);
#18593 = LINE('',#18594,#18595);
#18594 = CARTESIAN_POINT('',(12.,-6.363959789276,6.363959789276));
#18595 = VECTOR('',#18596,1.);
#18596 = DIRECTION('',(0.,-0.634394736182,-0.77300926172));
#18597 = ORIENTED_EDGE('',*,*,#18293,.F.);
#18598 = ORIENTED_EDGE('',*,*,#4598,.F.);
#18599 = PLANE('',#18600);
#18600 = AXIS2_PLACEMENT_3D('',#18601,#18602,#18603);
#18601 = CARTESIAN_POINT('',(-6.894641047751E-17,-6.92359495163,
    5.68204498291));
#18602 = DIRECTION('',(0.,0.77300926172,-0.634394736182));
#18603 = DIRECTION('',(0.,0.634394736182,0.77300926172));
#18604 = ADVANCED_FACE('',(#18605),#18616,.F.);
#18605 = FACE_BOUND('',#18606,.F.);
#18606 = EDGE_LOOP('',(#18607,#18613,#18614,#18615));
#18607 = ORIENTED_EDGE('',*,*,#18608,.T.);
#18608 = EDGE_CURVE('',#18446,#18469,#18609,.T.);
#18609 = LINE('',#18610,#18611);
#18610 = CARTESIAN_POINT('',(12.,-6.363959789276,-6.363959789276));
#18611 = VECTOR('',#18612,1.);
#18612 = DIRECTION('',(0.,0.77300926172,-0.634394736182));
#18613 = ORIENTED_EDGE('',*,*,#18485,.F.);
#18614 = ORIENTED_EDGE('',*,*,#4662,.F.);
#18615 = ORIENTED_EDGE('',*,*,#18453,.F.);
#18616 = PLANE('',#18617);
#18617 = AXIS2_PLACEMENT_3D('',#18618,#18619,#18620);
#18618 = CARTESIAN_POINT('',(0.,-5.68204498291,-6.92359495163));
#18619 = DIRECTION('',(0.,0.634394736182,0.77300926172));
#18620 = DIRECTION('',(0.,0.77300926172,-0.634394736182));
#18621 = ADVANCED_FACE('',(#18622,#18656),#18690,.F.);
#18622 = FACE_BOUND('',#18623,.F.);
#18623 = EDGE_LOOP('',(#18624,#18625,#18626,#18627,#18628,#18629,#18630,
    #18631,#18632,#18633,#18634,#18635,#18636,#18637,#18638,#18639,
    #18640,#18641,#18642,#18643,#18644,#18645,#18646,#18647,#18648,
    #18649,#18650,#18651,#18652,#18653,#18654,#18655));
#18624 = ORIENTED_EDGE('',*,*,#18560,.F.);
#18625 = ORIENTED_EDGE('',*,*,#18183,.F.);
#18626 = ORIENTED_EDGE('',*,*,#18207,.F.);
#18627 = ORIENTED_EDGE('',*,*,#18509,.F.);
#18628 = ORIENTED_EDGE('',*,*,#18523,.F.);
#18629 = ORIENTED_EDGE('',*,*,#18245,.F.);
#18630 = ORIENTED_EDGE('',*,*,#18276,.F.);
#18631 = ORIENTED_EDGE('',*,*,#5270,.F.);
#18632 = ORIENTED_EDGE('',*,*,#5347,.F.);
#18633 = ORIENTED_EDGE('',*,*,#18540,.F.);
#18634 = ORIENTED_EDGE('',*,*,#18468,.F.);
#18635 = ORIENTED_EDGE('',*,*,#18608,.F.);
#18636 = ORIENTED_EDGE('',*,*,#18445,.F.);
#18637 = ORIENTED_EDGE('',*,*,#18421,.F.);
#18638 = ORIENTED_EDGE('',*,*,#18397,.F.);
#18639 = ORIENTED_EDGE('',*,*,#18373,.F.);
#18640 = ORIENTED_EDGE('',*,*,#18349,.F.);
#18641 = ORIENTED_EDGE('',*,*,#18325,.F.);
#18642 = ORIENTED_EDGE('',*,*,#18301,.F.);
#18643 = ORIENTED_EDGE('',*,*,#18592,.F.);
#18644 = ORIENTED_EDGE('',*,*,#5022,.F.);
#18645 = ORIENTED_EDGE('',*,*,#18574,.F.);
#18646 = ORIENTED_EDGE('',*,*,#18221,.F.);
#18647 = ORIENTED_EDGE('',*,*,#3505,.F.);
#18648 = ORIENTED_EDGE('',*,*,#3580,.F.);
#18649 = ORIENTED_EDGE('',*,*,#4348,.F.);
#18650 = ORIENTED_EDGE('',*,*,#4379,.F.);
#18651 = ORIENTED_EDGE('',*,*,#4410,.F.);
#18652 = ORIENTED_EDGE('',*,*,#4458,.F.);
#18653 = ORIENTED_EDGE('',*,*,#4489,.F.);
#18654 = ORIENTED_EDGE('',*,*,#4520,.F.);
#18655 = ORIENTED_EDGE('',*,*,#4551,.F.);
#18656 = FACE_BOUND('',#18657,.F.);
#18657 = EDGE_LOOP('',(#18658,#18659,#18660,#18661,#18662,#18663,#18664,
    #18665,#18666,#18667,#18668,#18669,#18670,#18671,#18672,#18673,
    #18674,#18675,#18676,#18677,#18678,#18679,#18680,#18681,#18682,
    #18683,#18684,#18685,#18686,#18687,#18688,#18689));
#18658 = ORIENTED_EDGE('',*,*,#16543,.F.);
#18659 = ORIENTED_EDGE('',*,*,#8909,.F.);
#18660 = ORIENTED_EDGE('',*,*,#16045,.F.);
#18661 = ORIENTED_EDGE('',*,*,#9019,.F.);
#18662 = ORIENTED_EDGE('',*,*,#16203,.F.);
#18663 = ORIENTED_EDGE('',*,*,#15928,.F.);
#18664 = ORIENTED_EDGE('',*,*,#9123,.F.);
#18665 = ORIENTED_EDGE('',*,*,#16498,.F.);
#18666 = ORIENTED_EDGE('',*,*,#16104,.F.);
#18667 = ORIENTED_EDGE('',*,*,#8934,.F.);
#18668 = ORIENTED_EDGE('',*,*,#8762,.F.);
#18669 = ORIENTED_EDGE('',*,*,#16406,.F.);
#18670 = ORIENTED_EDGE('',*,*,#8708,.F.);
#18671 = ORIENTED_EDGE('',*,*,#16637,.F.);
#18672 = ORIENTED_EDGE('',*,*,#8856,.F.);
#18673 = ORIENTED_EDGE('',*,*,#16591,.F.);
#18674 = ORIENTED_EDGE('',*,*,#8739,.F.);
#18675 = ORIENTED_EDGE('',*,*,#8825,.F.);
#18676 = ORIENTED_EDGE('',*,*,#16453,.F.);
#18677 = ORIENTED_EDGE('',*,*,#8887,.F.);
#18678 = ORIENTED_EDGE('',*,*,#16360,.F.);
#18679 = ORIENTED_EDGE('',*,*,#16261,.F.);
#18680 = ORIENTED_EDGE('',*,*,#15993,.F.);
#18681 = ORIENTED_EDGE('',*,*,#9044,.F.);
#18682 = ORIENTED_EDGE('',*,*,#8965,.F.);
#18683 = ORIENTED_EDGE('',*,*,#16157,.F.);
#18684 = ORIENTED_EDGE('',*,*,#9092,.F.);
#18685 = ORIENTED_EDGE('',*,*,#8989,.F.);
#18686 = ORIENTED_EDGE('',*,*,#8792,.F.);
#18687 = ORIENTED_EDGE('',*,*,#16313,.F.);
#18688 = ORIENTED_EDGE('',*,*,#9067,.F.);
#18689 = ORIENTED_EDGE('',*,*,#8668,.F.);
#18690 = PLANE('',#18691);
#18691 = AXIS2_PLACEMENT_3D('',#18692,#18693,#18694);
#18692 = CARTESIAN_POINT('',(12.,1.258535896649E-16,3.224998235163E-16)
  );
#18693 = DIRECTION('',(-1.,-0.,-0.));
#18694 = DIRECTION('',(0.,0.,-1.));
#18695 = ADVANCED_FACE('',(#18696),#18714,.F.);
#18696 = FACE_BOUND('',#18697,.F.);
#18697 = EDGE_LOOP('',(#18698,#18706,#18707,#18708));
#18698 = ORIENTED_EDGE('',*,*,#18699,.T.);
#18699 = EDGE_CURVE('',#18700,#6098,#18702,.T.);
#18700 = VERTEX_POINT('',#18701);
#18701 = CARTESIAN_POINT('',(1.247200012207,0.833355009556,-10.));
#18702 = LINE('',#18703,#18704);
#18703 = CARTESIAN_POINT('',(1.247200012207,0.833355009556,-10.));
#18704 = VECTOR('',#18705,1.);
#18705 = DIRECTION('',(0.471409216098,-0.881914593925,0.));
#18706 = ORIENTED_EDGE('',*,*,#6107,.F.);
#18707 = ORIENTED_EDGE('',*,*,#5567,.F.);
#18708 = ORIENTED_EDGE('',*,*,#18709,.T.);
#18709 = EDGE_CURVE('',#5560,#18700,#18710,.T.);
#18710 = LINE('',#18711,#18712);
#18711 = CARTESIAN_POINT('',(1.247200012207,0.833355009556,
    -8.91792011261));
#18712 = VECTOR('',#18713,1.);
#18713 = DIRECTION('',(0.,0.,-1.));
#18714 = PLANE('',#18715);
#18715 = AXIS2_PLACEMENT_3D('',#18716,#18717,#18718);
#18716 = CARTESIAN_POINT('',(1.315861081536,0.704903555897,
    -9.465068374207));
#18717 = DIRECTION('',(-0.881914593925,-0.471409216098,-0.));
#18718 = DIRECTION('',(0.471409216098,-0.881914593925,0.));
#18719 = ADVANCED_FACE('',(#18720),#18738,.F.);
#18720 = FACE_BOUND('',#18721,.F.);
#18721 = EDGE_LOOP('',(#18722,#18730,#18731,#18732));
#18722 = ORIENTED_EDGE('',*,*,#18723,.T.);
#18723 = EDGE_CURVE('',#18724,#3618,#18726,.T.);
#18724 = VERTEX_POINT('',#18725);
#18725 = CARTESIAN_POINT('',(1.247200012207,0.833355009556,10.));
#18726 = LINE('',#18727,#18728);
#18727 = CARTESIAN_POINT('',(1.247200012207,0.833355009556,10.));
#18728 = VECTOR('',#18729,1.);
#18729 = DIRECTION('',(0.,0.,-1.));
#18730 = ORIENTED_EDGE('',*,*,#3626,.F.);
#18731 = ORIENTED_EDGE('',*,*,#4293,.F.);
#18732 = ORIENTED_EDGE('',*,*,#18733,.T.);
#18733 = EDGE_CURVE('',#4294,#18724,#18734,.T.);
#18734 = LINE('',#18735,#18736);
#18735 = CARTESIAN_POINT('',(1.385820031166,0.574024021626,10.));
#18736 = VECTOR('',#18737,1.);
#18737 = DIRECTION('',(-0.471409216098,0.881914593925,0.));
#18738 = PLANE('',#18739);
#18739 = AXIS2_PLACEMENT_3D('',#18740,#18741,#18742);
#18740 = CARTESIAN_POINT('',(1.315861081536,0.704903555897,
    9.465068374207));
#18741 = DIRECTION('',(-0.881914593925,-0.471409216098,-0.));
#18742 = DIRECTION('',(0.471409216098,-0.881914593925,0.));
#18743 = ADVANCED_FACE('',(#18744),#18925,.F.);
#18744 = FACE_BOUND('',#18745,.F.);
#18745 = EDGE_LOOP('',(#18746,#18754,#18755,#18756,#18757,#18765,#18771,
    #18772,#18778,#18779,#18787,#18793,#18794,#18802,#18808,#18809,
    #18817,#18825,#18831,#18832,#18840,#18848,#18856,#18864,#18872,
    #18880,#18888,#18894,#18895,#18903,#18911,#18919));
#18746 = ORIENTED_EDGE('',*,*,#18747,.T.);
#18747 = EDGE_CURVE('',#18748,#6069,#18750,.T.);
#18748 = VERTEX_POINT('',#18749);
#18749 = CARTESIAN_POINT('',(1.471179962158,-0.292634993792,-10.));
#18750 = LINE('',#18751,#18752);
#18751 = CARTESIAN_POINT('',(1.471179962158,-0.292634993792,-10.));
#18752 = VECTOR('',#18753,1.);
#18753 = DIRECTION('',(9.80104264616E-02,0.995185387908,0.));
#18754 = ORIENTED_EDGE('',*,*,#6066,.F.);
#18755 = ORIENTED_EDGE('',*,*,#6097,.F.);
#18756 = ORIENTED_EDGE('',*,*,#18699,.F.);
#18757 = ORIENTED_EDGE('',*,*,#18758,.T.);
#18758 = EDGE_CURVE('',#18700,#18759,#18761,.T.);
#18759 = VERTEX_POINT('',#18760);
#18760 = CARTESIAN_POINT('',(1.060660004616,1.060660004616,-10.));
#18761 = LINE('',#18762,#18763);
#18762 = CARTESIAN_POINT('',(1.247200012207,0.833355009556,-10.));
#18763 = VECTOR('',#18764,1.);
#18764 = DIRECTION('',(-0.634384381561,0.773017759454,0.));
#18765 = ORIENTED_EDGE('',*,*,#18766,.T.);
#18766 = EDGE_CURVE('',#18759,#5952,#18767,.T.);
#18767 = LINE('',#18768,#18769);
#18768 = CARTESIAN_POINT('',(1.060660004616,1.060660004616,-10.));
#18769 = VECTOR('',#18770,1.);
#18770 = DIRECTION('',(-0.773017759454,0.634384381561,0.));
#18771 = ORIENTED_EDGE('',*,*,#5951,.T.);
#18772 = ORIENTED_EDGE('',*,*,#18773,.T.);
#18773 = EDGE_CURVE('',#5944,#5921,#18774,.T.);
#18774 = LINE('',#18775,#18776);
#18775 = CARTESIAN_POINT('',(0.574024021626,1.385820031166,-10.));
#18776 = VECTOR('',#18777,1.);
#18777 = DIRECTION('',(-0.956938916245,0.290289356636,0.));
#18778 = ORIENTED_EDGE('',*,*,#5920,.T.);
#18779 = ORIENTED_EDGE('',*,*,#18780,.T.);
#18780 = EDGE_CURVE('',#5913,#18781,#18783,.T.);
#18781 = VERTEX_POINT('',#18782);
#18782 = CARTESIAN_POINT('',(-0.292634993792,1.471179962158,-10.));
#18783 = LINE('',#18784,#18785);
#18784 = CARTESIAN_POINT('',(0.,1.5,-10.));
#18785 = VECTOR('',#18786,1.);
#18786 = DIRECTION('',(-0.995185387908,-9.80104264616E-02,0.));
#18787 = ORIENTED_EDGE('',*,*,#18788,.T.);
#18788 = EDGE_CURVE('',#18781,#6130,#18789,.T.);
#18789 = LINE('',#18790,#18791);
#18790 = CARTESIAN_POINT('',(-0.292634993792,1.471179962158,-10.));
#18791 = VECTOR('',#18792,1.);
#18792 = DIRECTION('',(-0.956938916245,-0.290289356636,0.));
#18793 = ORIENTED_EDGE('',*,*,#6129,.F.);
#18794 = ORIENTED_EDGE('',*,*,#18795,.T.);
#18795 = EDGE_CURVE('',#6122,#18796,#18798,.T.);
#18796 = VERTEX_POINT('',#18797);
#18797 = CARTESIAN_POINT('',(-1.060660004616,1.060660004616,-10.));
#18798 = LINE('',#18799,#18800);
#18799 = CARTESIAN_POINT('',(-0.833355009556,1.247200012207,-10.));
#18800 = VECTOR('',#18801,1.);
#18801 = DIRECTION('',(-0.773017759454,-0.634384381561,0.));
#18802 = ORIENTED_EDGE('',*,*,#18803,.T.);
#18803 = EDGE_CURVE('',#18796,#5974,#18804,.T.);
#18804 = LINE('',#18805,#18806);
#18805 = CARTESIAN_POINT('',(-1.060660004616,1.060660004616,-10.));
#18806 = VECTOR('',#18807,1.);
#18807 = DIRECTION('',(-0.634384381561,-0.773017759454,0.));
#18808 = ORIENTED_EDGE('',*,*,#5990,.T.);
#18809 = ORIENTED_EDGE('',*,*,#18810,.T.);
#18810 = EDGE_CURVE('',#5983,#18811,#18813,.T.);
#18811 = VERTEX_POINT('',#18812);
#18812 = CARTESIAN_POINT('',(-1.471179962158,0.292634993792,-10.));
#18813 = LINE('',#18814,#18815);
#18814 = CARTESIAN_POINT('',(-1.385820031166,0.574024021626,-10.));
#18815 = VECTOR('',#18816,1.);
#18816 = DIRECTION('',(-0.290289356636,-0.956938916245,0.));
#18817 = ORIENTED_EDGE('',*,*,#18818,.T.);
#18818 = EDGE_CURVE('',#18811,#18819,#18821,.T.);
#18819 = VERTEX_POINT('',#18820);
#18820 = CARTESIAN_POINT('',(-1.5,0.,-10.));
#18821 = LINE('',#18822,#18823);
#18822 = CARTESIAN_POINT('',(-1.471179962158,0.292634993792,-10.));
#18823 = VECTOR('',#18824,1.);
#18824 = DIRECTION('',(-9.80104264616E-02,-0.995185387908,0.));
#18825 = ORIENTED_EDGE('',*,*,#18826,.T.);
#18826 = EDGE_CURVE('',#18819,#6045,#18827,.T.);
#18827 = LINE('',#18828,#18829);
#18828 = CARTESIAN_POINT('',(-1.5,0.,-10.));
#18829 = VECTOR('',#18830,1.);
#18830 = DIRECTION('',(9.80104264616E-02,-0.995185387908,0.));
#18831 = ORIENTED_EDGE('',*,*,#6044,.T.);
#18832 = ORIENTED_EDGE('',*,*,#18833,.T.);
#18833 = EDGE_CURVE('',#6037,#18834,#18836,.T.);
#18834 = VERTEX_POINT('',#18835);
#18835 = CARTESIAN_POINT('',(-1.247200012207,-0.833355009556,-10.));
#18836 = LINE('',#18837,#18838);
#18837 = CARTESIAN_POINT('',(-1.385820031166,-0.574024021626,-10.));
#18838 = VECTOR('',#18839,1.);
#18839 = DIRECTION('',(0.471409216098,-0.881914593925,0.));
#18840 = ORIENTED_EDGE('',*,*,#18841,.T.);
#18841 = EDGE_CURVE('',#18834,#18842,#18844,.T.);
#18842 = VERTEX_POINT('',#18843);
#18843 = CARTESIAN_POINT('',(-1.060660004616,-1.060660004616,-10.));
#18844 = LINE('',#18845,#18846);
#18845 = CARTESIAN_POINT('',(-1.247200012207,-0.833355009556,-10.));
#18846 = VECTOR('',#18847,1.);
#18847 = DIRECTION('',(0.634384381561,-0.773017759454,0.));
#18848 = ORIENTED_EDGE('',*,*,#18849,.T.);
#18849 = EDGE_CURVE('',#18842,#18850,#18852,.T.);
#18850 = VERTEX_POINT('',#18851);
#18851 = CARTESIAN_POINT('',(-0.833355009556,-1.247200012207,-10.));
#18852 = LINE('',#18853,#18854);
#18853 = CARTESIAN_POINT('',(-1.060660004616,-1.060660004616,-10.));
#18854 = VECTOR('',#18855,1.);
#18855 = DIRECTION('',(0.773017759454,-0.634384381561,0.));
#18856 = ORIENTED_EDGE('',*,*,#18857,.T.);
#18857 = EDGE_CURVE('',#18850,#18858,#18860,.T.);
#18858 = VERTEX_POINT('',#18859);
#18859 = CARTESIAN_POINT('',(-0.574024021626,-1.385820031166,-10.));
#18860 = LINE('',#18861,#18862);
#18861 = CARTESIAN_POINT('',(-0.833355009556,-1.247200012207,-10.));
#18862 = VECTOR('',#18863,1.);
#18863 = DIRECTION('',(0.881914593925,-0.471409216098,0.));
#18864 = ORIENTED_EDGE('',*,*,#18865,.T.);
#18865 = EDGE_CURVE('',#18858,#18866,#18868,.T.);
#18866 = VERTEX_POINT('',#18867);
#18867 = CARTESIAN_POINT('',(-0.292634993792,-1.471179962158,-10.));
#18868 = LINE('',#18869,#18870);
#18869 = CARTESIAN_POINT('',(-0.574024021626,-1.385820031166,-10.));
#18870 = VECTOR('',#18871,1.);
#18871 = DIRECTION('',(0.956938916245,-0.290289356636,0.));
#18872 = ORIENTED_EDGE('',*,*,#18873,.T.);
#18873 = EDGE_CURVE('',#18866,#18874,#18876,.T.);
#18874 = VERTEX_POINT('',#18875);
#18875 = CARTESIAN_POINT('',(0.,-1.5,-10.));
#18876 = LINE('',#18877,#18878);
#18877 = CARTESIAN_POINT('',(-0.292634993792,-1.471179962158,-10.));
#18878 = VECTOR('',#18879,1.);
#18879 = DIRECTION('',(0.995185387908,-9.80104264616E-02,0.));
#18880 = ORIENTED_EDGE('',*,*,#18881,.T.);
#18881 = EDGE_CURVE('',#18874,#18882,#18884,.T.);
#18882 = VERTEX_POINT('',#18883);
#18883 = CARTESIAN_POINT('',(0.292634993792,-1.471179962158,-10.));
#18884 = LINE('',#18885,#18886);
#18885 = CARTESIAN_POINT('',(0.,-1.5,-10.));
#18886 = VECTOR('',#18887,1.);
#18887 = DIRECTION('',(0.995185387908,9.80104264616E-02,0.));
#18888 = ORIENTED_EDGE('',*,*,#18889,.T.);
#18889 = EDGE_CURVE('',#18882,#6013,#18890,.T.);
#18890 = LINE('',#18891,#18892);
#18891 = CARTESIAN_POINT('',(0.292634993792,-1.471179962158,-10.));
#18892 = VECTOR('',#18893,1.);
#18893 = DIRECTION('',(0.956938916245,0.290289356636,0.));
#18894 = ORIENTED_EDGE('',*,*,#6012,.T.);
#18895 = ORIENTED_EDGE('',*,*,#18896,.T.);
#18896 = EDGE_CURVE('',#6005,#18897,#18899,.T.);
#18897 = VERTEX_POINT('',#18898);
#18898 = CARTESIAN_POINT('',(1.060660004616,-1.060660004616,-10.));
#18899 = LINE('',#18900,#18901);
#18900 = CARTESIAN_POINT('',(0.833355009556,-1.247200012207,-10.));
#18901 = VECTOR('',#18902,1.);
#18902 = DIRECTION('',(0.773017759454,0.634384381561,0.));
#18903 = ORIENTED_EDGE('',*,*,#18904,.T.);
#18904 = EDGE_CURVE('',#18897,#18905,#18907,.T.);
#18905 = VERTEX_POINT('',#18906);
#18906 = CARTESIAN_POINT('',(1.247200012207,-0.833355009556,-10.));
#18907 = LINE('',#18908,#18909);
#18908 = CARTESIAN_POINT('',(1.060660004616,-1.060660004616,-10.));
#18909 = VECTOR('',#18910,1.);
#18910 = DIRECTION('',(0.634384381561,0.773017759454,0.));
#18911 = ORIENTED_EDGE('',*,*,#18912,.T.);
#18912 = EDGE_CURVE('',#18905,#18913,#18915,.T.);
#18913 = VERTEX_POINT('',#18914);
#18914 = CARTESIAN_POINT('',(1.385820031166,-0.574024021626,-10.));
#18915 = LINE('',#18916,#18917);
#18916 = CARTESIAN_POINT('',(1.247200012207,-0.833355009556,-10.));
#18917 = VECTOR('',#18918,1.);
#18918 = DIRECTION('',(0.471409216098,0.881914593925,0.));
#18919 = ORIENTED_EDGE('',*,*,#18920,.T.);
#18920 = EDGE_CURVE('',#18913,#18748,#18921,.T.);
#18921 = LINE('',#18922,#18923);
#18922 = CARTESIAN_POINT('',(1.385820031166,-0.574024021626,-10.));
#18923 = VECTOR('',#18924,1.);
#18924 = DIRECTION('',(0.290289356636,0.956938916245,0.));
#18925 = PLANE('',#18926);
#18926 = AXIS2_PLACEMENT_3D('',#18927,#18928,#18929);
#18927 = CARTESIAN_POINT('',(0.,-3.539633977921E-17,-10.));
#18928 = DIRECTION('',(0.,0.,1.));
#18929 = DIRECTION('',(1.,0.,-0.));
#18930 = ADVANCED_FACE('',(#18931),#18942,.F.);
#18931 = FACE_BOUND('',#18932,.F.);
#18932 = EDGE_LOOP('',(#18933,#18934,#18935,#18936));
#18933 = ORIENTED_EDGE('',*,*,#18758,.F.);
#18934 = ORIENTED_EDGE('',*,*,#18709,.F.);
#18935 = ORIENTED_EDGE('',*,*,#5590,.F.);
#18936 = ORIENTED_EDGE('',*,*,#18937,.T.);
#18937 = EDGE_CURVE('',#5583,#18759,#18938,.T.);
#18938 = LINE('',#18939,#18940);
#18939 = CARTESIAN_POINT('',(1.060660004616,1.060660004616,
    -8.895529747009));
#18940 = VECTOR('',#18941,1.);
#18941 = DIRECTION('',(0.,0.,-1.));
#18942 = PLANE('',#18943);
#18943 = AXIS2_PLACEMENT_3D('',#18944,#18945,#18946);
#18944 = CARTESIAN_POINT('',(1.153177585365,0.947924358752,
    -9.453149658487));
#18945 = DIRECTION('',(-0.773017759454,-0.634384381561,-0.));
#18946 = DIRECTION('',(0.634384381561,-0.773017759454,0.));
#18947 = ADVANCED_FACE('',(#18948),#18966,.F.);
#18948 = FACE_BOUND('',#18949,.F.);
#18949 = EDGE_LOOP('',(#18950,#18958,#18959,#18960));
#18950 = ORIENTED_EDGE('',*,*,#18951,.T.);
#18951 = EDGE_CURVE('',#18952,#3641,#18954,.T.);
#18952 = VERTEX_POINT('',#18953);
#18953 = CARTESIAN_POINT('',(1.060660004616,1.060660004616,10.));
#18954 = LINE('',#18955,#18956);
#18955 = CARTESIAN_POINT('',(1.060660004616,1.060660004616,10.));
#18956 = VECTOR('',#18957,1.);
#18957 = DIRECTION('',(0.,0.,-1.));
#18958 = ORIENTED_EDGE('',*,*,#3649,.F.);
#18959 = ORIENTED_EDGE('',*,*,#18723,.F.);
#18960 = ORIENTED_EDGE('',*,*,#18961,.T.);
#18961 = EDGE_CURVE('',#18724,#18952,#18962,.T.);
#18962 = LINE('',#18963,#18964);
#18963 = CARTESIAN_POINT('',(1.247200012207,0.833355009556,10.));
#18964 = VECTOR('',#18965,1.);
#18965 = DIRECTION('',(-0.634384381561,0.773017759454,0.));
#18966 = PLANE('',#18967);
#18967 = AXIS2_PLACEMENT_3D('',#18968,#18969,#18970);
#18968 = CARTESIAN_POINT('',(1.153177585365,0.947924358752,
    9.453149658487));
#18969 = DIRECTION('',(-0.773017759454,-0.634384381561,-0.));
#18970 = DIRECTION('',(0.634384381561,-0.773017759454,0.));
#18971 = ADVANCED_FACE('',(#18972),#18988,.F.);
#18972 = FACE_BOUND('',#18973,.F.);
#18973 = EDGE_LOOP('',(#18974,#18980,#18981,#18987));
#18974 = ORIENTED_EDGE('',*,*,#18975,.T.);
#18975 = EDGE_CURVE('',#5316,#18748,#18976,.T.);
#18976 = LINE('',#18977,#18978);
#18977 = CARTESIAN_POINT('',(1.471179962158,-0.292634993792,
    -8.971179962158));
#18978 = VECTOR('',#18979,1.);
#18979 = DIRECTION('',(0.,0.,-1.));
#18980 = ORIENTED_EDGE('',*,*,#18920,.F.);
#18981 = ORIENTED_EDGE('',*,*,#18982,.T.);
#18982 = EDGE_CURVE('',#18913,#5362,#18983,.T.);
#18983 = LINE('',#18984,#18985);
#18984 = CARTESIAN_POINT('',(1.385820031166,-0.574024021626,-10.));
#18985 = VECTOR('',#18986,1.);
#18986 = DIRECTION('',(0.,0.,1.));
#18987 = ORIENTED_EDGE('',*,*,#5370,.F.);
#18988 = PLANE('',#18989);
#18989 = AXIS2_PLACEMENT_3D('',#18990,#18991,#18992);
#18990 = CARTESIAN_POINT('',(1.428057689789,-0.434787572395,
    -9.478334197808));
#18991 = DIRECTION('',(-0.956938916245,0.290289356636,-0.));
#18992 = DIRECTION('',(-0.290289356636,-0.956938916245,0.));
#18993 = ADVANCED_FACE('',(#18994),#19019,.F.);
#18994 = FACE_BOUND('',#18995,.F.);
#18995 = EDGE_LOOP('',(#18996,#18997,#19005,#19013));
#18996 = ORIENTED_EDGE('',*,*,#3733,.F.);
#18997 = ORIENTED_EDGE('',*,*,#18998,.T.);
#18998 = EDGE_CURVE('',#3726,#18999,#19001,.T.);
#18999 = VERTEX_POINT('',#19000);
#19000 = CARTESIAN_POINT('',(1.385820031166,-0.574024021626,10.));
#19001 = LINE('',#19002,#19003);
#19002 = CARTESIAN_POINT('',(1.385820031166,-0.574024021626,
    8.943460464478));
#19003 = VECTOR('',#19004,1.);
#19004 = DIRECTION('',(0.,0.,1.));
#19005 = ORIENTED_EDGE('',*,*,#19006,.T.);
#19006 = EDGE_CURVE('',#18999,#19007,#19009,.T.);
#19007 = VERTEX_POINT('',#19008);
#19008 = CARTESIAN_POINT('',(1.471179962158,-0.292634993792,10.));
#19009 = LINE('',#19010,#19011);
#19010 = CARTESIAN_POINT('',(1.385820031166,-0.574024021626,10.));
#19011 = VECTOR('',#19012,1.);
#19012 = DIRECTION('',(0.290289356636,0.956938916245,0.));
#19013 = ORIENTED_EDGE('',*,*,#19014,.T.);
#19014 = EDGE_CURVE('',#19007,#3496,#19015,.T.);
#19015 = LINE('',#19016,#19017);
#19016 = CARTESIAN_POINT('',(1.471179962158,-0.292634993792,10.));
#19017 = VECTOR('',#19018,1.);
#19018 = DIRECTION('',(0.,0.,-1.));
#19019 = PLANE('',#19020);
#19020 = AXIS2_PLACEMENT_3D('',#19021,#19022,#19023);
#19021 = CARTESIAN_POINT('',(1.428057689789,-0.434787572395,
    9.478334197808));
#19022 = DIRECTION('',(-0.956938916245,0.290289356636,-0.));
#19023 = DIRECTION('',(-0.290289356636,-0.956938916245,0.));
#19024 = ADVANCED_FACE('',(#19025),#19036,.F.);
#19025 = FACE_BOUND('',#19026,.F.);
#19026 = EDGE_LOOP('',(#19027,#19028,#19034,#19035));
#19027 = ORIENTED_EDGE('',*,*,#5131,.F.);
#19028 = ORIENTED_EDGE('',*,*,#19029,.T.);
#19029 = EDGE_CURVE('',#5124,#18834,#19030,.T.);
#19030 = LINE('',#19031,#19032);
#19031 = CARTESIAN_POINT('',(-1.247200012207,-0.833355009556,
    -8.91792011261));
#19032 = VECTOR('',#19033,1.);
#19033 = DIRECTION('',(0.,0.,-1.));
#19034 = ORIENTED_EDGE('',*,*,#18833,.F.);
#19035 = ORIENTED_EDGE('',*,*,#6036,.F.);
#19036 = PLANE('',#19037);
#19037 = AXIS2_PLACEMENT_3D('',#19038,#19039,#19040);
#19038 = CARTESIAN_POINT('',(-1.315861081536,-0.704903555897,
    -9.465068374207));
#19039 = DIRECTION('',(0.881914593925,0.471409216098,0.));
#19040 = DIRECTION('',(-0.471409216098,0.881914593925,0.));
#19041 = ADVANCED_FACE('',(#19042),#19060,.F.);
#19042 = FACE_BOUND('',#19043,.F.);
#19043 = EDGE_LOOP('',(#19044,#19045,#19053,#19059));
#19044 = ORIENTED_EDGE('',*,*,#4247,.F.);
#19045 = ORIENTED_EDGE('',*,*,#19046,.T.);
#19046 = EDGE_CURVE('',#4240,#19047,#19049,.T.);
#19047 = VERTEX_POINT('',#19048);
#19048 = CARTESIAN_POINT('',(-1.247200012207,-0.833355009556,10.));
#19049 = LINE('',#19050,#19051);
#19050 = CARTESIAN_POINT('',(-1.385820031166,-0.574024021626,10.));
#19051 = VECTOR('',#19052,1.);
#19052 = DIRECTION('',(0.471409216098,-0.881914593925,0.));
#19053 = ORIENTED_EDGE('',*,*,#19054,.T.);
#19054 = EDGE_CURVE('',#19047,#4002,#19055,.T.);
#19055 = LINE('',#19056,#19057);
#19056 = CARTESIAN_POINT('',(-1.247200012207,-0.833355009556,10.));
#19057 = VECTOR('',#19058,1.);
#19058 = DIRECTION('',(0.,0.,-1.));
#19059 = ORIENTED_EDGE('',*,*,#4032,.F.);
#19060 = PLANE('',#19061);
#19061 = AXIS2_PLACEMENT_3D('',#19062,#19063,#19064);
#19062 = CARTESIAN_POINT('',(-1.315861081536,-0.704903555897,
    9.465068374207));
#19063 = DIRECTION('',(0.881914593925,0.471409216098,0.));
#19064 = DIRECTION('',(-0.471409216098,0.881914593925,0.));
#19065 = ADVANCED_FACE('',(#19066),#19077,.F.);
#19066 = FACE_BOUND('',#19067,.F.);
#19067 = EDGE_LOOP('',(#19068,#19069,#19070,#19076));
#19068 = ORIENTED_EDGE('',*,*,#3528,.F.);
#19069 = ORIENTED_EDGE('',*,*,#19014,.F.);
#19070 = ORIENTED_EDGE('',*,*,#19071,.T.);
#19071 = EDGE_CURVE('',#19007,#4272,#19072,.T.);
#19072 = LINE('',#19073,#19074);
#19073 = CARTESIAN_POINT('',(1.471179962158,-0.292634993792,10.));
#19074 = VECTOR('',#19075,1.);
#19075 = DIRECTION('',(9.80104264616E-02,0.995185387908,0.));
#19076 = ORIENTED_EDGE('',*,*,#4271,.F.);
#19077 = PLANE('',#19078);
#19078 = AXIS2_PLACEMENT_3D('',#19079,#19080,#19081);
#19079 = CARTESIAN_POINT('',(1.485431369591,-0.147928017744,
    9.492442751399));
#19080 = DIRECTION('',(-0.995185387908,9.80104264616E-02,-0.));
#19081 = DIRECTION('',(-9.80104264616E-02,-0.995185387908,0.));
#19082 = ADVANCED_FACE('',(#19083),#19089,.F.);
#19083 = FACE_BOUND('',#19084,.F.);
#19084 = EDGE_LOOP('',(#19085,#19086,#19087,#19088));
#19085 = ORIENTED_EDGE('',*,*,#6076,.F.);
#19086 = ORIENTED_EDGE('',*,*,#18747,.F.);
#19087 = ORIENTED_EDGE('',*,*,#18975,.F.);
#19088 = ORIENTED_EDGE('',*,*,#5324,.F.);
#19089 = PLANE('',#19090);
#19090 = AXIS2_PLACEMENT_3D('',#19091,#19092,#19093);
#19091 = CARTESIAN_POINT('',(1.485431369591,-0.147928017744,
    -9.492442751399));
#19092 = DIRECTION('',(-0.995185387908,9.80104264616E-02,-0.));
#19093 = DIRECTION('',(-9.80104264616E-02,-0.995185387908,0.));
#19094 = ADVANCED_FACE('',(#19095),#19106,.F.);
#19095 = FACE_BOUND('',#19096,.F.);
#19096 = EDGE_LOOP('',(#19097,#19098,#19104,#19105));
#19097 = ORIENTED_EDGE('',*,*,#18951,.F.);
#19098 = ORIENTED_EDGE('',*,*,#19099,.T.);
#19099 = EDGE_CURVE('',#18952,#4139,#19100,.T.);
#19100 = LINE('',#19101,#19102);
#19101 = CARTESIAN_POINT('',(1.060660004616,1.060660004616,10.));
#19102 = VECTOR('',#19103,1.);
#19103 = DIRECTION('',(-0.773017759454,0.634384381561,0.));
#19104 = ORIENTED_EDGE('',*,*,#4138,.F.);
#19105 = ORIENTED_EDGE('',*,*,#3672,.F.);
#19106 = PLANE('',#19107);
#19107 = AXIS2_PLACEMENT_3D('',#19108,#19109,#19110);
#19108 = CARTESIAN_POINT('',(0.946266110286,1.154538442751,9.44302914687
    ));
#19109 = DIRECTION('',(-0.634384381561,-0.773017759454,-0.));
#19110 = DIRECTION('',(-0.773017759454,0.634384381561,0.));
#19111 = ADVANCED_FACE('',(#19112),#19118,.F.);
#19112 = FACE_BOUND('',#19113,.F.);
#19113 = EDGE_LOOP('',(#19114,#19115,#19116,#19117));
#19114 = ORIENTED_EDGE('',*,*,#5613,.F.);
#19115 = ORIENTED_EDGE('',*,*,#5959,.F.);
#19116 = ORIENTED_EDGE('',*,*,#18766,.F.);
#19117 = ORIENTED_EDGE('',*,*,#18937,.F.);
#19118 = PLANE('',#19119);
#19119 = AXIS2_PLACEMENT_3D('',#19120,#19121,#19122);
#19120 = CARTESIAN_POINT('',(0.946266110286,1.154538442751,
    -9.44302914687));
#19121 = DIRECTION('',(-0.634384381561,-0.773017759454,-0.));
#19122 = DIRECTION('',(-0.773017759454,0.634384381561,0.));
#19123 = ADVANCED_FACE('',(#19124),#19272,.F.);
#19124 = FACE_BOUND('',#19125,.F.);
#19125 = EDGE_LOOP('',(#19126,#19127,#19128,#19129,#19137,#19145,#19151,
    #19152,#19160,#19168,#19176,#19184,#19192,#19200,#19206,#19207,
    #19208,#19216,#19224,#19230,#19231,#19239,#19245,#19246,#19254,
    #19260,#19261,#19267,#19268,#19269,#19270,#19271));
#19126 = ORIENTED_EDGE('',*,*,#4279,.F.);
#19127 = ORIENTED_EDGE('',*,*,#19071,.F.);
#19128 = ORIENTED_EDGE('',*,*,#19006,.F.);
#19129 = ORIENTED_EDGE('',*,*,#19130,.T.);
#19130 = EDGE_CURVE('',#18999,#19131,#19133,.T.);
#19131 = VERTEX_POINT('',#19132);
#19132 = CARTESIAN_POINT('',(1.247200012207,-0.833355009556,10.));
#19133 = LINE('',#19134,#19135);
#19134 = CARTESIAN_POINT('',(1.385820031166,-0.574024021626,10.));
#19135 = VECTOR('',#19136,1.);
#19136 = DIRECTION('',(-0.471409216098,-0.881914593925,0.));
#19137 = ORIENTED_EDGE('',*,*,#19138,.T.);
#19138 = EDGE_CURVE('',#19131,#19139,#19141,.T.);
#19139 = VERTEX_POINT('',#19140);
#19140 = CARTESIAN_POINT('',(1.060660004616,-1.060660004616,10.));
#19141 = LINE('',#19142,#19143);
#19142 = CARTESIAN_POINT('',(1.247200012207,-0.833355009556,10.));
#19143 = VECTOR('',#19144,1.);
#19144 = DIRECTION('',(-0.634384381561,-0.773017759454,0.));
#19145 = ORIENTED_EDGE('',*,*,#19146,.T.);
#19146 = EDGE_CURVE('',#19139,#4203,#19147,.T.);
#19147 = LINE('',#19148,#19149);
#19148 = CARTESIAN_POINT('',(1.060660004616,-1.060660004616,10.));
#19149 = VECTOR('',#19150,1.);
#19150 = DIRECTION('',(-0.773017759454,-0.634384381561,0.));
#19151 = ORIENTED_EDGE('',*,*,#4200,.F.);
#19152 = ORIENTED_EDGE('',*,*,#19153,.T.);
#19153 = EDGE_CURVE('',#4201,#19154,#19156,.T.);
#19154 = VERTEX_POINT('',#19155);
#19155 = CARTESIAN_POINT('',(0.292634993792,-1.471179962158,10.));
#19156 = LINE('',#19157,#19158);
#19157 = CARTESIAN_POINT('',(0.574024021626,-1.385820031166,10.));
#19158 = VECTOR('',#19159,1.);
#19159 = DIRECTION('',(-0.956938916245,-0.290289356636,0.));
#19160 = ORIENTED_EDGE('',*,*,#19161,.T.);
#19161 = EDGE_CURVE('',#19154,#19162,#19164,.T.);
#19162 = VERTEX_POINT('',#19163);
#19163 = CARTESIAN_POINT('',(0.,-1.5,10.));
#19164 = LINE('',#19165,#19166);
#19165 = CARTESIAN_POINT('',(0.292634993792,-1.471179962158,10.));
#19166 = VECTOR('',#19167,1.);
#19167 = DIRECTION('',(-0.995185387908,-9.80104264616E-02,0.));
#19168 = ORIENTED_EDGE('',*,*,#19169,.T.);
#19169 = EDGE_CURVE('',#19162,#19170,#19172,.T.);
#19170 = VERTEX_POINT('',#19171);
#19171 = CARTESIAN_POINT('',(-0.292634993792,-1.471179962158,10.));
#19172 = LINE('',#19173,#19174);
#19173 = CARTESIAN_POINT('',(0.,-1.5,10.));
#19174 = VECTOR('',#19175,1.);
#19175 = DIRECTION('',(-0.995185387908,9.80104264616E-02,0.));
#19176 = ORIENTED_EDGE('',*,*,#19177,.T.);
#19177 = EDGE_CURVE('',#19170,#19178,#19180,.T.);
#19178 = VERTEX_POINT('',#19179);
#19179 = CARTESIAN_POINT('',(-0.574024021626,-1.385820031166,10.));
#19180 = LINE('',#19181,#19182);
#19181 = CARTESIAN_POINT('',(-0.292634993792,-1.471179962158,10.));
#19182 = VECTOR('',#19183,1.);
#19183 = DIRECTION('',(-0.956938916245,0.290289356636,0.));
#19184 = ORIENTED_EDGE('',*,*,#19185,.T.);
#19185 = EDGE_CURVE('',#19178,#19186,#19188,.T.);
#19186 = VERTEX_POINT('',#19187);
#19187 = CARTESIAN_POINT('',(-0.833355009556,-1.247200012207,10.));
#19188 = LINE('',#19189,#19190);
#19189 = CARTESIAN_POINT('',(-0.574024021626,-1.385820031166,10.));
#19190 = VECTOR('',#19191,1.);
#19191 = DIRECTION('',(-0.881914593925,0.471409216098,0.));
#19192 = ORIENTED_EDGE('',*,*,#19193,.T.);
#19193 = EDGE_CURVE('',#19186,#19194,#19196,.T.);
#19194 = VERTEX_POINT('',#19195);
#19195 = CARTESIAN_POINT('',(-1.060660004616,-1.060660004616,10.));
#19196 = LINE('',#19197,#19198);
#19197 = CARTESIAN_POINT('',(-0.833355009556,-1.247200012207,10.));
#19198 = VECTOR('',#19199,1.);
#19199 = DIRECTION('',(-0.773017759454,0.634384381561,0.));
#19200 = ORIENTED_EDGE('',*,*,#19201,.T.);
#19201 = EDGE_CURVE('',#19194,#19047,#19202,.T.);
#19202 = LINE('',#19203,#19204);
#19203 = CARTESIAN_POINT('',(-1.060660004616,-1.060660004616,10.));
#19204 = VECTOR('',#19205,1.);
#19205 = DIRECTION('',(-0.634384381561,0.773017759454,0.));
#19206 = ORIENTED_EDGE('',*,*,#19046,.F.);
#19207 = ORIENTED_EDGE('',*,*,#4239,.F.);
#19208 = ORIENTED_EDGE('',*,*,#19209,.T.);
#19209 = EDGE_CURVE('',#4232,#19210,#19212,.T.);
#19210 = VERTEX_POINT('',#19211);
#19211 = CARTESIAN_POINT('',(-1.5,0.,10.));
#19212 = LINE('',#19213,#19214);
#19213 = CARTESIAN_POINT('',(-1.471179962158,-0.292634993792,10.));
#19214 = VECTOR('',#19215,1.);
#19215 = DIRECTION('',(-9.80104264616E-02,0.995185387908,0.));
#19216 = ORIENTED_EDGE('',*,*,#19217,.T.);
#19217 = EDGE_CURVE('',#19210,#19218,#19220,.T.);
#19218 = VERTEX_POINT('',#19219);
#19219 = CARTESIAN_POINT('',(-1.471179962158,0.292634993792,10.));
#19220 = LINE('',#19221,#19222);
#19221 = CARTESIAN_POINT('',(-1.5,0.,10.));
#19222 = VECTOR('',#19223,1.);
#19223 = DIRECTION('',(9.80104264616E-02,0.995185387908,0.));
#19224 = ORIENTED_EDGE('',*,*,#19225,.T.);
#19225 = EDGE_CURVE('',#19218,#4172,#19226,.T.);
#19226 = LINE('',#19227,#19228);
#19227 = CARTESIAN_POINT('',(-1.471179962158,0.292634993792,10.));
#19228 = VECTOR('',#19229,1.);
#19229 = DIRECTION('',(0.290289356636,0.956938916245,0.));
#19230 = ORIENTED_EDGE('',*,*,#4169,.F.);
#19231 = ORIENTED_EDGE('',*,*,#19232,.T.);
#19232 = EDGE_CURVE('',#4170,#19233,#19235,.T.);
#19233 = VERTEX_POINT('',#19234);
#19234 = CARTESIAN_POINT('',(-1.060660004616,1.060660004616,10.));
#19235 = LINE('',#19236,#19237);
#19236 = CARTESIAN_POINT('',(-1.247200012207,0.833355009556,10.));
#19237 = VECTOR('',#19238,1.);
#19238 = DIRECTION('',(0.634384381561,0.773017759454,0.));
#19239 = ORIENTED_EDGE('',*,*,#19240,.T.);
#19240 = EDGE_CURVE('',#19233,#4320,#19241,.T.);
#19241 = LINE('',#19242,#19243);
#19242 = CARTESIAN_POINT('',(-1.060660004616,1.060660004616,10.));
#19243 = VECTOR('',#19244,1.);
#19244 = DIRECTION('',(0.773017759454,0.634384381561,0.));
#19245 = ORIENTED_EDGE('',*,*,#4317,.F.);
#19246 = ORIENTED_EDGE('',*,*,#19247,.T.);
#19247 = EDGE_CURVE('',#4318,#19248,#19250,.T.);
#19248 = VERTEX_POINT('',#19249);
#19249 = CARTESIAN_POINT('',(-0.292634993792,1.471179962158,10.));
#19250 = LINE('',#19251,#19252);
#19251 = CARTESIAN_POINT('',(-0.574024021626,1.385820031166,10.));
#19252 = VECTOR('',#19253,1.);
#19253 = DIRECTION('',(0.956938916245,0.290289356636,0.));
#19254 = ORIENTED_EDGE('',*,*,#19255,.T.);
#19255 = EDGE_CURVE('',#19248,#4116,#19256,.T.);
#19256 = LINE('',#19257,#19258);
#19257 = CARTESIAN_POINT('',(-0.292634993792,1.471179962158,10.));
#19258 = VECTOR('',#19259,1.);
#19259 = DIRECTION('',(0.995185387908,9.80104264616E-02,0.));
#19260 = ORIENTED_EDGE('',*,*,#4115,.F.);
#19261 = ORIENTED_EDGE('',*,*,#19262,.T.);
#19262 = EDGE_CURVE('',#4108,#4147,#19263,.T.);
#19263 = LINE('',#19264,#19265);
#19264 = CARTESIAN_POINT('',(0.292634993792,1.471179962158,10.));
#19265 = VECTOR('',#19266,1.);
#19266 = DIRECTION('',(0.956938916245,-0.290289356636,0.));
#19267 = ORIENTED_EDGE('',*,*,#4146,.F.);
#19268 = ORIENTED_EDGE('',*,*,#19099,.F.);
#19269 = ORIENTED_EDGE('',*,*,#18961,.F.);
#19270 = ORIENTED_EDGE('',*,*,#18733,.F.);
#19271 = ORIENTED_EDGE('',*,*,#4303,.F.);
#19272 = PLANE('',#19273);
#19273 = AXIS2_PLACEMENT_3D('',#19274,#19275,#19276);
#19274 = CARTESIAN_POINT('',(0.,4.129572974242E-17,10.));
#19275 = DIRECTION('',(-0.,-0.,-1.));
#19276 = DIRECTION('',(-1.,0.,0.));
#19277 = ADVANCED_FACE('',(#19278),#19294,.F.);
#19278 = FACE_BOUND('',#19279,.F.);
#19279 = EDGE_LOOP('',(#19280,#19281,#19287,#19288));
#19280 = ORIENTED_EDGE('',*,*,#5506,.F.);
#19281 = ORIENTED_EDGE('',*,*,#19282,.T.);
#19282 = EDGE_CURVE('',#5477,#18882,#19283,.T.);
#19283 = LINE('',#19284,#19285);
#19284 = CARTESIAN_POINT('',(0.292634993792,-1.471179962158,
    -8.85509967804));
#19285 = VECTOR('',#19286,1.);
#19286 = DIRECTION('',(0.,0.,-1.));
#19287 = ORIENTED_EDGE('',*,*,#18881,.F.);
#19288 = ORIENTED_EDGE('',*,*,#19289,.T.);
#19289 = EDGE_CURVE('',#18874,#5239,#19290,.T.);
#19290 = LINE('',#19291,#19292);
#19291 = CARTESIAN_POINT('',(0.,-1.5,-10.));
#19292 = VECTOR('',#19293,1.);
#19293 = DIRECTION('',(0.,0.,1.));
#19294 = PLANE('',#19295);
#19295 = AXIS2_PLACEMENT_3D('',#19296,#19297,#19298);
#19296 = CARTESIAN_POINT('',(0.146173247306,-1.485604187441,
    -9.426836399809));
#19297 = DIRECTION('',(-9.80104264616E-02,0.995185387908,0.));
#19298 = DIRECTION('',(0.995185387908,9.80104264616E-02,0.));
#19299 = ADVANCED_FACE('',(#19300),#19316,.F.);
#19300 = FACE_BOUND('',#19301,.F.);
#19301 = EDGE_LOOP('',(#19302,#19303,#19309,#19310));
#19302 = ORIENTED_EDGE('',*,*,#19161,.F.);
#19303 = ORIENTED_EDGE('',*,*,#19304,.T.);
#19304 = EDGE_CURVE('',#19154,#3841,#19305,.T.);
#19305 = LINE('',#19306,#19307);
#19306 = CARTESIAN_POINT('',(0.292634993792,-1.471179962158,10.));
#19307 = VECTOR('',#19308,1.);
#19308 = DIRECTION('',(0.,0.,-1.));
#19309 = ORIENTED_EDGE('',*,*,#3871,.F.);
#19310 = ORIENTED_EDGE('',*,*,#19311,.T.);
#19311 = EDGE_CURVE('',#3864,#19162,#19312,.T.);
#19312 = LINE('',#19313,#19314);
#19313 = CARTESIAN_POINT('',(0.,-1.5,8.852259635925));
#19314 = VECTOR('',#19315,1.);
#19315 = DIRECTION('',(0.,0.,1.));
#19316 = PLANE('',#19317);
#19317 = AXIS2_PLACEMENT_3D('',#19318,#19319,#19320);
#19318 = CARTESIAN_POINT('',(0.146173247306,-1.485604187441,
    9.426836399809));
#19319 = DIRECTION('',(-9.80104264616E-02,0.995185387908,0.));
#19320 = DIRECTION('',(0.995185387908,9.80104264616E-02,0.));
#19321 = ADVANCED_FACE('',(#19322),#19338,.F.);
#19322 = FACE_BOUND('',#19323,.F.);
#19323 = EDGE_LOOP('',(#19324,#19325,#19331,#19332));
#19324 = ORIENTED_EDGE('',*,*,#5200,.F.);
#19325 = ORIENTED_EDGE('',*,*,#19326,.T.);
#19326 = EDGE_CURVE('',#5193,#18858,#19327,.T.);
#19327 = LINE('',#19328,#19329);
#19328 = CARTESIAN_POINT('',(-0.574024021626,-1.385820031166,
    -8.863510131836));
#19329 = VECTOR('',#19330,1.);
#19330 = DIRECTION('',(0.,0.,-1.));
#19331 = ORIENTED_EDGE('',*,*,#18857,.F.);
#19332 = ORIENTED_EDGE('',*,*,#19333,.T.);
#19333 = EDGE_CURVE('',#18850,#5170,#19334,.T.);
#19334 = LINE('',#19335,#19336);
#19335 = CARTESIAN_POINT('',(-0.833355009556,-1.247200012207,-10.));
#19336 = VECTOR('',#19337,1.);
#19337 = DIRECTION('',(0.,0.,1.));
#19338 = PLANE('',#19339);
#19339 = AXIS2_PLACEMENT_3D('',#19340,#19341,#19342);
#19340 = CARTESIAN_POINT('',(-0.703067999359,-1.316842240341,
    -9.435088390295));
#19341 = DIRECTION('',(0.471409216098,0.881914593925,0.));
#19342 = DIRECTION('',(0.881914593925,-0.471409216098,0.));
#19343 = ADVANCED_FACE('',(#19344),#19360,.F.);
#19344 = FACE_BOUND('',#19345,.F.);
#19345 = EDGE_LOOP('',(#19346,#19352,#19353,#19359));
#19346 = ORIENTED_EDGE('',*,*,#19347,.T.);
#19347 = EDGE_CURVE('',#3956,#19186,#19348,.T.);
#19348 = LINE('',#19349,#19350);
#19349 = CARTESIAN_POINT('',(-0.833355009556,-1.247200012207,
    8.877160072327));
#19350 = VECTOR('',#19351,1.);
#19351 = DIRECTION('',(0.,0.,1.));
#19352 = ORIENTED_EDGE('',*,*,#19185,.F.);
#19353 = ORIENTED_EDGE('',*,*,#19354,.T.);
#19354 = EDGE_CURVE('',#19178,#3933,#19355,.T.);
#19355 = LINE('',#19356,#19357);
#19356 = CARTESIAN_POINT('',(-0.574024021626,-1.385820031166,10.));
#19357 = VECTOR('',#19358,1.);
#19358 = DIRECTION('',(0.,0.,-1.));
#19359 = ORIENTED_EDGE('',*,*,#3963,.F.);
#19360 = PLANE('',#19361);
#19361 = AXIS2_PLACEMENT_3D('',#19362,#19363,#19364);
#19362 = CARTESIAN_POINT('',(-0.703067999359,-1.316842240341,
    9.435088390295));
#19363 = DIRECTION('',(0.471409216098,0.881914593925,0.));
#19364 = DIRECTION('',(0.881914593925,-0.471409216098,0.));
#19365 = ADVANCED_FACE('',(#19366),#19377,.F.);
#19366 = FACE_BOUND('',#19367,.F.);
#19367 = EDGE_LOOP('',(#19368,#19369,#19370,#19376));
#19368 = ORIENTED_EDGE('',*,*,#19354,.F.);
#19369 = ORIENTED_EDGE('',*,*,#19177,.F.);
#19370 = ORIENTED_EDGE('',*,*,#19371,.T.);
#19371 = EDGE_CURVE('',#19170,#3910,#19372,.T.);
#19372 = LINE('',#19373,#19374);
#19373 = CARTESIAN_POINT('',(-0.292634993792,-1.471179962158,10.));
#19374 = VECTOR('',#19375,1.);
#19375 = DIRECTION('',(0.,0.,-1.));
#19376 = ORIENTED_EDGE('',*,*,#3940,.F.);
#19377 = PLANE('',#19378);
#19378 = AXIS2_PLACEMENT_3D('',#19379,#19380,#19381);
#19379 = CARTESIAN_POINT('',(-0.432917150788,-1.428625085969,
    9.429622389135));
#19380 = DIRECTION('',(0.290289356636,0.956938916245,0.));
#19381 = DIRECTION('',(0.956938916245,-0.290289356636,0.));
#19382 = ADVANCED_FACE('',(#19383),#19394,.F.);
#19383 = FACE_BOUND('',#19384,.F.);
#19384 = EDGE_LOOP('',(#19385,#19386,#19392,#19393));
#19385 = ORIENTED_EDGE('',*,*,#5223,.F.);
#19386 = ORIENTED_EDGE('',*,*,#19387,.T.);
#19387 = EDGE_CURVE('',#5216,#18866,#19388,.T.);
#19388 = LINE('',#19389,#19390);
#19389 = CARTESIAN_POINT('',(-0.292634993792,-1.471179962158,
    -8.85509967804));
#19390 = VECTOR('',#19391,1.);
#19391 = DIRECTION('',(0.,0.,-1.));
#19392 = ORIENTED_EDGE('',*,*,#18865,.F.);
#19393 = ORIENTED_EDGE('',*,*,#19326,.F.);
#19394 = PLANE('',#19395);
#19395 = AXIS2_PLACEMENT_3D('',#19396,#19397,#19398);
#19396 = CARTESIAN_POINT('',(-0.432917150788,-1.428625085969,
    -9.429622389135));
#19397 = DIRECTION('',(0.290289356636,0.956938916245,0.));
#19398 = DIRECTION('',(0.956938916245,-0.290289356636,0.));
#19399 = ADVANCED_FACE('',(#19400),#19416,.F.);
#19400 = FACE_BOUND('',#19401,.F.);
#19401 = EDGE_LOOP('',(#19402,#19403,#19409,#19410));
#19402 = ORIENTED_EDGE('',*,*,#3779,.F.);
#19403 = ORIENTED_EDGE('',*,*,#19404,.T.);
#19404 = EDGE_CURVE('',#3772,#19139,#19405,.T.);
#19405 = LINE('',#19406,#19407);
#19406 = CARTESIAN_POINT('',(1.060660004616,-1.060660004616,
    8.895529747009));
#19407 = VECTOR('',#19408,1.);
#19408 = DIRECTION('',(0.,0.,1.));
#19409 = ORIENTED_EDGE('',*,*,#19138,.F.);
#19410 = ORIENTED_EDGE('',*,*,#19411,.T.);
#19411 = EDGE_CURVE('',#19131,#3749,#19412,.T.);
#19412 = LINE('',#19413,#19414);
#19413 = CARTESIAN_POINT('',(1.247200012207,-0.833355009556,10.));
#19414 = VECTOR('',#19415,1.);
#19415 = DIRECTION('',(0.,0.,-1.));
#19416 = PLANE('',#19417);
#19417 = AXIS2_PLACEMENT_3D('',#19418,#19419,#19420);
#19418 = CARTESIAN_POINT('',(1.153177585365,-0.947924358752,
    9.453149658487));
#19419 = DIRECTION('',(-0.773017759454,0.634384381561,-0.));
#19420 = DIRECTION('',(-0.634384381561,-0.773017759454,0.));
#19421 = ADVANCED_FACE('',(#19422),#19438,.F.);
#19422 = FACE_BOUND('',#19423,.F.);
#19423 = EDGE_LOOP('',(#19424,#19430,#19431,#19437));
#19424 = ORIENTED_EDGE('',*,*,#19425,.T.);
#19425 = EDGE_CURVE('',#5385,#18905,#19426,.T.);
#19426 = LINE('',#19427,#19428);
#19427 = CARTESIAN_POINT('',(1.247200012207,-0.833355009556,
    -8.91792011261));
#19428 = VECTOR('',#19429,1.);
#19429 = DIRECTION('',(0.,0.,-1.));
#19430 = ORIENTED_EDGE('',*,*,#18904,.F.);
#19431 = ORIENTED_EDGE('',*,*,#19432,.T.);
#19432 = EDGE_CURVE('',#18897,#5408,#19433,.T.);
#19433 = LINE('',#19434,#19435);
#19434 = CARTESIAN_POINT('',(1.060660004616,-1.060660004616,-10.));
#19435 = VECTOR('',#19436,1.);
#19436 = DIRECTION('',(0.,0.,1.));
#19437 = ORIENTED_EDGE('',*,*,#5416,.F.);
#19438 = PLANE('',#19439);
#19439 = AXIS2_PLACEMENT_3D('',#19440,#19441,#19442);
#19440 = CARTESIAN_POINT('',(1.153177585365,-0.947924358752,
    -9.453149658487));
#19441 = DIRECTION('',(-0.773017759454,0.634384381561,-0.));
#19442 = DIRECTION('',(-0.634384381561,-0.773017759454,0.));
#19443 = ADVANCED_FACE('',(#19444),#19450,.F.);
#19444 = FACE_BOUND('',#19445,.F.);
#19445 = EDGE_LOOP('',(#19446,#19447,#19448,#19449));
#19446 = ORIENTED_EDGE('',*,*,#19432,.F.);
#19447 = ORIENTED_EDGE('',*,*,#18896,.F.);
#19448 = ORIENTED_EDGE('',*,*,#6004,.F.);
#19449 = ORIENTED_EDGE('',*,*,#5439,.F.);
#19450 = PLANE('',#19451);
#19451 = AXIS2_PLACEMENT_3D('',#19452,#19453,#19454);
#19452 = CARTESIAN_POINT('',(0.946266110286,-1.154538442751,
    -9.44302914687));
#19453 = DIRECTION('',(-0.634384381561,0.773017759454,0.));
#19454 = DIRECTION('',(0.773017759454,0.634384381561,0.));
#19455 = ADVANCED_FACE('',(#19456),#19462,.F.);
#19456 = FACE_BOUND('',#19457,.F.);
#19457 = EDGE_LOOP('',(#19458,#19459,#19460,#19461));
#19458 = ORIENTED_EDGE('',*,*,#19146,.F.);
#19459 = ORIENTED_EDGE('',*,*,#19404,.F.);
#19460 = ORIENTED_EDGE('',*,*,#3802,.F.);
#19461 = ORIENTED_EDGE('',*,*,#4210,.F.);
#19462 = PLANE('',#19463);
#19463 = AXIS2_PLACEMENT_3D('',#19464,#19465,#19466);
#19464 = CARTESIAN_POINT('',(0.946266110286,-1.154538442751,
    9.44302914687));
#19465 = DIRECTION('',(-0.634384381561,0.773017759454,0.));
#19466 = DIRECTION('',(0.773017759454,0.634384381561,0.));
#19467 = ADVANCED_FACE('',(#19468),#19479,.F.);
#19468 = FACE_BOUND('',#19469,.F.);
#19469 = EDGE_LOOP('',(#19470,#19476,#19477,#19478));
#19470 = ORIENTED_EDGE('',*,*,#19471,.T.);
#19471 = EDGE_CURVE('',#18796,#5788,#19472,.T.);
#19472 = LINE('',#19473,#19474);
#19473 = CARTESIAN_POINT('',(-1.060660004616,1.060660004616,-10.));
#19474 = VECTOR('',#19475,1.);
#19475 = DIRECTION('',(0.,0.,1.));
#19476 = ORIENTED_EDGE('',*,*,#5818,.F.);
#19477 = ORIENTED_EDGE('',*,*,#5973,.F.);
#19478 = ORIENTED_EDGE('',*,*,#18803,.F.);
#19479 = PLANE('',#19480);
#19480 = AXIS2_PLACEMENT_3D('',#19481,#19482,#19483);
#19481 = CARTESIAN_POINT('',(-1.153177585365,0.947924358752,
    -9.453149658487));
#19482 = DIRECTION('',(0.773017759454,-0.634384381561,0.));
#19483 = DIRECTION('',(0.634384381561,0.773017759454,0.));
#19484 = ADVANCED_FACE('',(#19485),#19496,.F.);
#19485 = FACE_BOUND('',#19486,.F.);
#19486 = EDGE_LOOP('',(#19487,#19488,#19489,#19490));
#19487 = ORIENTED_EDGE('',*,*,#19232,.F.);
#19488 = ORIENTED_EDGE('',*,*,#4186,.F.);
#19489 = ORIENTED_EDGE('',*,*,#3343,.F.);
#19490 = ORIENTED_EDGE('',*,*,#19491,.T.);
#19491 = EDGE_CURVE('',#3336,#19233,#19492,.T.);
#19492 = LINE('',#19493,#19494);
#19493 = CARTESIAN_POINT('',(-1.060660004616,1.060660004616,
    8.895529747009));
#19494 = VECTOR('',#19495,1.);
#19495 = DIRECTION('',(0.,0.,1.));
#19496 = PLANE('',#19497);
#19497 = AXIS2_PLACEMENT_3D('',#19498,#19499,#19500);
#19498 = CARTESIAN_POINT('',(-1.153177585365,0.947924358752,
    9.453149658487));
#19499 = DIRECTION('',(0.773017759454,-0.634384381561,0.));
#19500 = DIRECTION('',(0.634384381561,0.773017759454,0.));
#19501 = ADVANCED_FACE('',(#19502),#19508,.F.);
#19502 = FACE_BOUND('',#19503,.F.);
#19503 = EDGE_LOOP('',(#19504,#19505,#19506,#19507));
#19504 = ORIENTED_EDGE('',*,*,#4154,.F.);
#19505 = ORIENTED_EDGE('',*,*,#19262,.F.);
#19506 = ORIENTED_EDGE('',*,*,#4107,.F.);
#19507 = ORIENTED_EDGE('',*,*,#3711,.F.);
#19508 = PLANE('',#19509);
#19509 = AXIS2_PLACEMENT_3D('',#19510,#19511,#19512);
#19510 = CARTESIAN_POINT('',(0.432917150788,1.428625085969,
    9.429622389135));
#19511 = DIRECTION('',(-0.290289356636,-0.956938916245,-0.));
#19512 = DIRECTION('',(-0.956938916245,0.290289356636,0.));
#19513 = ADVANCED_FACE('',(#19514),#19520,.F.);
#19514 = FACE_BOUND('',#19515,.F.);
#19515 = EDGE_LOOP('',(#19516,#19517,#19518,#19519));
#19516 = ORIENTED_EDGE('',*,*,#5659,.F.);
#19517 = ORIENTED_EDGE('',*,*,#5928,.F.);
#19518 = ORIENTED_EDGE('',*,*,#18773,.F.);
#19519 = ORIENTED_EDGE('',*,*,#5943,.F.);
#19520 = PLANE('',#19521);
#19521 = AXIS2_PLACEMENT_3D('',#19522,#19523,#19524);
#19522 = CARTESIAN_POINT('',(0.432917150788,1.428625085969,
    -9.429622389135));
#19523 = DIRECTION('',(-0.290289356636,-0.956938916245,-0.));
#19524 = DIRECTION('',(-0.956938916245,0.290289356636,0.));
#19525 = ADVANCED_FACE('',(#19526),#19532,.F.);
#19526 = FACE_BOUND('',#19527,.F.);
#19527 = EDGE_LOOP('',(#19528,#19529,#19530,#19531));
#19528 = ORIENTED_EDGE('',*,*,#19471,.F.);
#19529 = ORIENTED_EDGE('',*,*,#18795,.F.);
#19530 = ORIENTED_EDGE('',*,*,#6121,.F.);
#19531 = ORIENTED_EDGE('',*,*,#5795,.F.);
#19532 = PLANE('',#19533);
#19533 = AXIS2_PLACEMENT_3D('',#19534,#19535,#19536);
#19534 = CARTESIAN_POINT('',(-0.946266110286,1.154538442751,
    -9.44302914687));
#19535 = DIRECTION('',(0.634384381561,-0.773017759454,-0.));
#19536 = DIRECTION('',(-0.773017759454,-0.634384381561,0.));
#19537 = ADVANCED_FACE('',(#19538),#19544,.F.);
#19538 = FACE_BOUND('',#19539,.F.);
#19539 = EDGE_LOOP('',(#19540,#19541,#19542,#19543));
#19540 = ORIENTED_EDGE('',*,*,#19240,.F.);
#19541 = ORIENTED_EDGE('',*,*,#19491,.F.);
#19542 = ORIENTED_EDGE('',*,*,#3366,.F.);
#19543 = ORIENTED_EDGE('',*,*,#4327,.F.);
#19544 = PLANE('',#19545);
#19545 = AXIS2_PLACEMENT_3D('',#19546,#19547,#19548);
#19546 = CARTESIAN_POINT('',(-0.946266110286,1.154538442751,
    9.44302914687));
#19547 = DIRECTION('',(0.634384381561,-0.773017759454,-0.));
#19548 = DIRECTION('',(-0.773017759454,-0.634384381561,0.));
#19549 = ADVANCED_FACE('',(#19550),#19561,.F.);
#19550 = FACE_BOUND('',#19551,.F.);
#19551 = EDGE_LOOP('',(#19552,#19553,#19559,#19560));
#19552 = ORIENTED_EDGE('',*,*,#5726,.F.);
#19553 = ORIENTED_EDGE('',*,*,#19554,.T.);
#19554 = EDGE_CURVE('',#5719,#18781,#19555,.T.);
#19555 = LINE('',#19556,#19557);
#19556 = CARTESIAN_POINT('',(-0.292634993792,1.471179962158,
    -8.85509967804));
#19557 = VECTOR('',#19558,1.);
#19558 = DIRECTION('',(0.,0.,-1.));
#19559 = ORIENTED_EDGE('',*,*,#18780,.F.);
#19560 = ORIENTED_EDGE('',*,*,#5912,.F.);
#19561 = PLANE('',#19562);
#19562 = AXIS2_PLACEMENT_3D('',#19563,#19564,#19565);
#19563 = CARTESIAN_POINT('',(-0.146173247306,1.485604187441,
    -9.426836399809));
#19564 = DIRECTION('',(9.80104264616E-02,-0.995185387908,-0.));
#19565 = DIRECTION('',(-0.995185387908,-9.80104264616E-02,0.));
#19566 = ADVANCED_FACE('',(#19567),#19578,.F.);
#19567 = FACE_BOUND('',#19568,.F.);
#19568 = EDGE_LOOP('',(#19569,#19570,#19576,#19577));
#19569 = ORIENTED_EDGE('',*,*,#19255,.F.);
#19570 = ORIENTED_EDGE('',*,*,#19571,.T.);
#19571 = EDGE_CURVE('',#19248,#3405,#19572,.T.);
#19572 = LINE('',#19573,#19574);
#19573 = CARTESIAN_POINT('',(-0.292634993792,1.471179962158,10.));
#19574 = VECTOR('',#19575,1.);
#19575 = DIRECTION('',(0.,0.,-1.));
#19576 = ORIENTED_EDGE('',*,*,#3435,.F.);
#19577 = ORIENTED_EDGE('',*,*,#4123,.F.);
#19578 = PLANE('',#19579);
#19579 = AXIS2_PLACEMENT_3D('',#19580,#19581,#19582);
#19580 = CARTESIAN_POINT('',(-0.146173247306,1.485604187441,
    9.426836399809));
#19581 = DIRECTION('',(9.80104264616E-02,-0.995185387908,-0.));
#19582 = DIRECTION('',(-0.995185387908,-9.80104264616E-02,0.));
#19583 = ADVANCED_FACE('',(#19584),#19590,.F.);
#19584 = FACE_BOUND('',#19585,.F.);
#19585 = EDGE_LOOP('',(#19586,#19587,#19588,#19589));
#19586 = ORIENTED_EDGE('',*,*,#19247,.F.);
#19587 = ORIENTED_EDGE('',*,*,#4334,.F.);
#19588 = ORIENTED_EDGE('',*,*,#3412,.F.);
#19589 = ORIENTED_EDGE('',*,*,#19571,.F.);
#19590 = PLANE('',#19591);
#19591 = AXIS2_PLACEMENT_3D('',#19592,#19593,#19594);
#19592 = CARTESIAN_POINT('',(-0.432917150788,1.428625085969,
    9.429622389135));
#19593 = DIRECTION('',(0.290289356636,-0.956938916245,-0.));
#19594 = DIRECTION('',(-0.956938916245,-0.290289356636,0.));
#19595 = ADVANCED_FACE('',(#19596),#19602,.F.);
#19596 = FACE_BOUND('',#19597,.F.);
#19597 = EDGE_LOOP('',(#19598,#19599,#19600,#19601));
#19598 = ORIENTED_EDGE('',*,*,#6137,.F.);
#19599 = ORIENTED_EDGE('',*,*,#18788,.F.);
#19600 = ORIENTED_EDGE('',*,*,#19554,.F.);
#19601 = ORIENTED_EDGE('',*,*,#5749,.F.);
#19602 = PLANE('',#19603);
#19603 = AXIS2_PLACEMENT_3D('',#19604,#19605,#19606);
#19604 = CARTESIAN_POINT('',(-0.432917150788,1.428625085969,
    -9.429622389135));
#19605 = DIRECTION('',(0.290289356636,-0.956938916245,-0.));
#19606 = DIRECTION('',(-0.956938916245,-0.290289356636,0.));
#19607 = ADVANCED_FACE('',(#19608),#19614,.F.);
#19608 = FACE_BOUND('',#19609,.F.);
#19609 = EDGE_LOOP('',(#19610,#19611,#19612,#19613));
#19610 = ORIENTED_EDGE('',*,*,#3756,.F.);
#19611 = ORIENTED_EDGE('',*,*,#19411,.F.);
#19612 = ORIENTED_EDGE('',*,*,#19130,.F.);
#19613 = ORIENTED_EDGE('',*,*,#18998,.F.);
#19614 = PLANE('',#19615);
#19615 = AXIS2_PLACEMENT_3D('',#19616,#19617,#19618);
#19616 = CARTESIAN_POINT('',(1.315861081536,-0.704903555897,
    9.465068374207));
#19617 = DIRECTION('',(-0.881914593925,0.471409216098,-0.));
#19618 = DIRECTION('',(-0.471409216098,-0.881914593925,0.));
#19619 = ADVANCED_FACE('',(#19620),#19626,.F.);
#19620 = FACE_BOUND('',#19621,.F.);
#19621 = EDGE_LOOP('',(#19622,#19623,#19624,#19625));
#19622 = ORIENTED_EDGE('',*,*,#18982,.F.);
#19623 = ORIENTED_EDGE('',*,*,#18912,.F.);
#19624 = ORIENTED_EDGE('',*,*,#19425,.F.);
#19625 = ORIENTED_EDGE('',*,*,#5393,.F.);
#19626 = PLANE('',#19627);
#19627 = AXIS2_PLACEMENT_3D('',#19628,#19629,#19630);
#19628 = CARTESIAN_POINT('',(1.315861081536,-0.704903555897,
    -9.465068374207));
#19629 = DIRECTION('',(-0.881914593925,0.471409216098,-0.));
#19630 = DIRECTION('',(-0.471409216098,-0.881914593925,0.));
#19631 = ADVANCED_FACE('',(#19632),#19643,.F.);
#19632 = FACE_BOUND('',#19633,.F.);
#19633 = EDGE_LOOP('',(#19634,#19635,#19641,#19642));
#19634 = ORIENTED_EDGE('',*,*,#5154,.F.);
#19635 = ORIENTED_EDGE('',*,*,#19636,.T.);
#19636 = EDGE_CURVE('',#5147,#18842,#19637,.T.);
#19637 = LINE('',#19638,#19639);
#19638 = CARTESIAN_POINT('',(-1.060660004616,-1.060660004616,
    -8.895529747009));
#19639 = VECTOR('',#19640,1.);
#19640 = DIRECTION('',(0.,0.,-1.));
#19641 = ORIENTED_EDGE('',*,*,#18841,.F.);
#19642 = ORIENTED_EDGE('',*,*,#19029,.F.);
#19643 = PLANE('',#19644);
#19644 = AXIS2_PLACEMENT_3D('',#19645,#19646,#19647);
#19645 = CARTESIAN_POINT('',(-1.153177585365,-0.947924358752,
    -9.453149658487));
#19646 = DIRECTION('',(0.773017759454,0.634384381561,0.));
#19647 = DIRECTION('',(-0.634384381561,0.773017759454,0.));
#19648 = ADVANCED_FACE('',(#19649),#19660,.F.);
#19649 = FACE_BOUND('',#19650,.F.);
#19650 = EDGE_LOOP('',(#19651,#19652,#19653,#19659));
#19651 = ORIENTED_EDGE('',*,*,#19054,.F.);
#19652 = ORIENTED_EDGE('',*,*,#19201,.F.);
#19653 = ORIENTED_EDGE('',*,*,#19654,.T.);
#19654 = EDGE_CURVE('',#19194,#3979,#19655,.T.);
#19655 = LINE('',#19656,#19657);
#19656 = CARTESIAN_POINT('',(-1.060660004616,-1.060660004616,10.));
#19657 = VECTOR('',#19658,1.);
#19658 = DIRECTION('',(0.,0.,-1.));
#19659 = ORIENTED_EDGE('',*,*,#4009,.F.);
#19660 = PLANE('',#19661);
#19661 = AXIS2_PLACEMENT_3D('',#19662,#19663,#19664);
#19662 = CARTESIAN_POINT('',(-1.153177585365,-0.947924358752,
    9.453149658487));
#19663 = DIRECTION('',(0.773017759454,0.634384381561,0.));
#19664 = DIRECTION('',(-0.634384381561,0.773017759454,0.));
#19665 = ADVANCED_FACE('',(#19666),#19672,.F.);
#19666 = FACE_BOUND('',#19667,.F.);
#19667 = EDGE_LOOP('',(#19668,#19669,#19670,#19671));
#19668 = ORIENTED_EDGE('',*,*,#5246,.F.);
#19669 = ORIENTED_EDGE('',*,*,#19289,.F.);
#19670 = ORIENTED_EDGE('',*,*,#18873,.F.);
#19671 = ORIENTED_EDGE('',*,*,#19387,.F.);
#19672 = PLANE('',#19673);
#19673 = AXIS2_PLACEMENT_3D('',#19674,#19675,#19676);
#19674 = CARTESIAN_POINT('',(-0.146173247306,-1.485604187441,
    -9.426836399809));
#19675 = DIRECTION('',(9.80104264616E-02,0.995185387908,0.));
#19676 = DIRECTION('',(0.995185387908,-9.80104264616E-02,0.));
#19677 = ADVANCED_FACE('',(#19678),#19684,.F.);
#19678 = FACE_BOUND('',#19679,.F.);
#19679 = EDGE_LOOP('',(#19680,#19681,#19682,#19683));
#19680 = ORIENTED_EDGE('',*,*,#19371,.F.);
#19681 = ORIENTED_EDGE('',*,*,#19169,.F.);
#19682 = ORIENTED_EDGE('',*,*,#19311,.F.);
#19683 = ORIENTED_EDGE('',*,*,#3917,.F.);
#19684 = PLANE('',#19685);
#19685 = AXIS2_PLACEMENT_3D('',#19686,#19687,#19688);
#19686 = CARTESIAN_POINT('',(-0.146173247306,-1.485604187441,
    9.426836399809));
#19687 = DIRECTION('',(9.80104264616E-02,0.995185387908,0.));
#19688 = DIRECTION('',(0.995185387908,-9.80104264616E-02,0.));
#19689 = ADVANCED_FACE('',(#19690),#19701,.F.);
#19690 = FACE_BOUND('',#19691,.F.);
#19691 = EDGE_LOOP('',(#19692,#19693,#19694,#19695));
#19692 = ORIENTED_EDGE('',*,*,#5061,.F.);
#19693 = ORIENTED_EDGE('',*,*,#6052,.F.);
#19694 = ORIENTED_EDGE('',*,*,#18826,.F.);
#19695 = ORIENTED_EDGE('',*,*,#19696,.T.);
#19696 = EDGE_CURVE('',#18819,#5062,#19697,.T.);
#19697 = LINE('',#19698,#19699);
#19698 = CARTESIAN_POINT('',(-1.5,0.,-10.));
#19699 = VECTOR('',#19700,1.);
#19700 = DIRECTION('',(0.,0.,1.));
#19701 = PLANE('',#19702);
#19702 = AXIS2_PLACEMENT_3D('',#19703,#19704,#19705);
#19703 = CARTESIAN_POINT('',(-1.485431369591,-0.147928017744,
    -9.492442751399));
#19704 = DIRECTION('',(0.995185387908,9.80104264616E-02,0.));
#19705 = DIRECTION('',(-9.80104264616E-02,0.995185387908,0.));
#19706 = ADVANCED_FACE('',(#19707),#19718,.F.);
#19707 = FACE_BOUND('',#19708,.F.);
#19708 = EDGE_LOOP('',(#19709,#19715,#19716,#19717));
#19709 = ORIENTED_EDGE('',*,*,#19710,.T.);
#19710 = EDGE_CURVE('',#3244,#19210,#19711,.T.);
#19711 = LINE('',#19712,#19713);
#19712 = CARTESIAN_POINT('',(-1.5,0.,9.));
#19713 = VECTOR('',#19714,1.);
#19714 = DIRECTION('',(0.,0.,1.));
#19715 = ORIENTED_EDGE('',*,*,#19209,.F.);
#19716 = ORIENTED_EDGE('',*,*,#4231,.F.);
#19717 = ORIENTED_EDGE('',*,*,#4093,.F.);
#19718 = PLANE('',#19719);
#19719 = AXIS2_PLACEMENT_3D('',#19720,#19721,#19722);
#19720 = CARTESIAN_POINT('',(-1.485431369591,-0.147928017744,
    9.492442751399));
#19721 = DIRECTION('',(0.995185387908,9.80104264616E-02,0.));
#19722 = DIRECTION('',(-9.80104264616E-02,0.995185387908,0.));
#19723 = ADVANCED_FACE('',(#19724),#19730,.F.);
#19724 = FACE_BOUND('',#19725,.F.);
#19725 = EDGE_LOOP('',(#19726,#19727,#19728,#19729));
#19726 = ORIENTED_EDGE('',*,*,#5177,.F.);
#19727 = ORIENTED_EDGE('',*,*,#19333,.F.);
#19728 = ORIENTED_EDGE('',*,*,#18849,.F.);
#19729 = ORIENTED_EDGE('',*,*,#19636,.F.);
#19730 = PLANE('',#19731);
#19731 = AXIS2_PLACEMENT_3D('',#19732,#19733,#19734);
#19732 = CARTESIAN_POINT('',(-0.946266110286,-1.154538442751,
    -9.44302914687));
#19733 = DIRECTION('',(0.634384381561,0.773017759454,0.));
#19734 = DIRECTION('',(0.773017759454,-0.634384381561,0.));
#19735 = ADVANCED_FACE('',(#19736),#19742,.F.);
#19736 = FACE_BOUND('',#19737,.F.);
#19737 = EDGE_LOOP('',(#19738,#19739,#19740,#19741));
#19738 = ORIENTED_EDGE('',*,*,#19654,.F.);
#19739 = ORIENTED_EDGE('',*,*,#19193,.F.);
#19740 = ORIENTED_EDGE('',*,*,#19347,.F.);
#19741 = ORIENTED_EDGE('',*,*,#3986,.F.);
#19742 = PLANE('',#19743);
#19743 = AXIS2_PLACEMENT_3D('',#19744,#19745,#19746);
#19744 = CARTESIAN_POINT('',(-0.946266110286,-1.154538442751,
    9.44302914687));
#19745 = DIRECTION('',(0.634384381561,0.773017759454,0.));
#19746 = DIRECTION('',(0.773017759454,-0.634384381561,0.));
#19747 = ADVANCED_FACE('',(#19748),#19754,.F.);
#19748 = FACE_BOUND('',#19749,.F.);
#19749 = EDGE_LOOP('',(#19750,#19751,#19752,#19753));
#19750 = ORIENTED_EDGE('',*,*,#6020,.F.);
#19751 = ORIENTED_EDGE('',*,*,#18889,.F.);
#19752 = ORIENTED_EDGE('',*,*,#19282,.F.);
#19753 = ORIENTED_EDGE('',*,*,#5485,.F.);
#19754 = PLANE('',#19755);
#19755 = AXIS2_PLACEMENT_3D('',#19756,#19757,#19758);
#19756 = CARTESIAN_POINT('',(0.432917150788,-1.428625085969,
    -9.429622389135));
#19757 = DIRECTION('',(-0.290289356636,0.956938916245,0.));
#19758 = DIRECTION('',(0.956938916245,0.290289356636,0.));
#19759 = ADVANCED_FACE('',(#19760),#19766,.F.);
#19760 = FACE_BOUND('',#19761,.F.);
#19761 = EDGE_LOOP('',(#19762,#19763,#19764,#19765));
#19762 = ORIENTED_EDGE('',*,*,#19153,.F.);
#19763 = ORIENTED_EDGE('',*,*,#4217,.F.);
#19764 = ORIENTED_EDGE('',*,*,#3848,.F.);
#19765 = ORIENTED_EDGE('',*,*,#19304,.F.);
#19766 = PLANE('',#19767);
#19767 = AXIS2_PLACEMENT_3D('',#19768,#19769,#19770);
#19768 = CARTESIAN_POINT('',(0.432917150788,-1.428625085969,
    9.429622389135));
#19769 = DIRECTION('',(-0.290289356636,0.956938916245,0.));
#19770 = DIRECTION('',(0.956938916245,0.290289356636,0.));
#19771 = ADVANCED_FACE('',(#19772),#19783,.F.);
#19772 = FACE_BOUND('',#19773,.F.);
#19773 = EDGE_LOOP('',(#19774,#19775,#19781,#19782));
#19774 = ORIENTED_EDGE('',*,*,#19225,.F.);
#19775 = ORIENTED_EDGE('',*,*,#19776,.T.);
#19776 = EDGE_CURVE('',#19218,#3236,#19777,.T.);
#19777 = LINE('',#19778,#19779);
#19778 = CARTESIAN_POINT('',(-1.471179962158,0.292634993792,10.));
#19779 = VECTOR('',#19780,1.);
#19780 = DIRECTION('',(0.,0.,-1.));
#19781 = ORIENTED_EDGE('',*,*,#3297,.F.);
#19782 = ORIENTED_EDGE('',*,*,#4179,.F.);
#19783 = PLANE('',#19784);
#19784 = AXIS2_PLACEMENT_3D('',#19785,#19786,#19787);
#19785 = CARTESIAN_POINT('',(-1.428057689789,0.434787572395,
    9.478334197808));
#19786 = DIRECTION('',(0.956938916245,-0.290289356636,0.));
#19787 = DIRECTION('',(0.290289356636,0.956938916245,0.));
#19788 = ADVANCED_FACE('',(#19789),#19800,.F.);
#19789 = FACE_BOUND('',#19790,.F.);
#19790 = EDGE_LOOP('',(#19791,#19792,#19793,#19799));
#19791 = ORIENTED_EDGE('',*,*,#5982,.F.);
#19792 = ORIENTED_EDGE('',*,*,#5864,.F.);
#19793 = ORIENTED_EDGE('',*,*,#19794,.T.);
#19794 = EDGE_CURVE('',#5857,#18811,#19795,.T.);
#19795 = LINE('',#19796,#19797);
#19796 = CARTESIAN_POINT('',(-1.471179962158,0.292634993792,
    -8.971179962158));
#19797 = VECTOR('',#19798,1.);
#19798 = DIRECTION('',(0.,0.,-1.));
#19799 = ORIENTED_EDGE('',*,*,#18810,.F.);
#19800 = PLANE('',#19801);
#19801 = AXIS2_PLACEMENT_3D('',#19802,#19803,#19804);
#19802 = CARTESIAN_POINT('',(-1.428057689789,0.434787572395,
    -9.478334197808));
#19803 = DIRECTION('',(0.956938916245,-0.290289356636,0.));
#19804 = DIRECTION('',(0.290289356636,0.956938916245,0.));
#19805 = ADVANCED_FACE('',(#19806),#19812,.F.);
#19806 = FACE_BOUND('',#19807,.F.);
#19807 = EDGE_LOOP('',(#19808,#19809,#19810,#19811));
#19808 = ORIENTED_EDGE('',*,*,#19217,.F.);
#19809 = ORIENTED_EDGE('',*,*,#19710,.F.);
#19810 = ORIENTED_EDGE('',*,*,#3243,.F.);
#19811 = ORIENTED_EDGE('',*,*,#19776,.F.);
#19812 = PLANE('',#19813);
#19813 = AXIS2_PLACEMENT_3D('',#19814,#19815,#19816);
#19814 = CARTESIAN_POINT('',(-1.485431369591,0.147928017744,
    9.492442751399));
#19815 = DIRECTION('',(0.995185387908,-9.80104264616E-02,0.));
#19816 = DIRECTION('',(9.80104264616E-02,0.995185387908,0.));
#19817 = ADVANCED_FACE('',(#19818),#19824,.F.);
#19818 = FACE_BOUND('',#19819,.F.);
#19819 = EDGE_LOOP('',(#19820,#19821,#19822,#19823));
#19820 = ORIENTED_EDGE('',*,*,#19794,.F.);
#19821 = ORIENTED_EDGE('',*,*,#5897,.F.);
#19822 = ORIENTED_EDGE('',*,*,#19696,.F.);
#19823 = ORIENTED_EDGE('',*,*,#18818,.F.);
#19824 = PLANE('',#19825);
#19825 = AXIS2_PLACEMENT_3D('',#19826,#19827,#19828);
#19826 = CARTESIAN_POINT('',(-1.485431369591,0.147928017744,
    -9.492442751399));
#19827 = DIRECTION('',(0.995185387908,-9.80104264616E-02,0.));
#19828 = DIRECTION('',(9.80104264616E-02,0.995185387908,0.));
#19829 = ADVANCED_FACE('',(#19830),#19841,.F.);
#19830 = FACE_BOUND('',#19831,.F.);
#19831 = EDGE_LOOP('',(#19832,#19833,#19834,#19835));
#19832 = ORIENTED_EDGE('',*,*,#17326,.F.);
#19833 = ORIENTED_EDGE('',*,*,#17161,.F.);
#19834 = ORIENTED_EDGE('',*,*,#12003,.F.);
#19835 = ORIENTED_EDGE('',*,*,#19836,.T.);
#19836 = EDGE_CURVE('',#11996,#17327,#19837,.T.);
#19837 = LINE('',#19838,#19839);
#19838 = CARTESIAN_POINT('',(-23.,0.,5.050000190735));
#19839 = VECTOR('',#19840,1.);
#19840 = DIRECTION('',(1.,0.,0.));
#19841 = PLANE('',#19842);
#19842 = AXIS2_PLACEMENT_3D('',#19843,#19844,#19845);
#19843 = CARTESIAN_POINT('',(-21.,-0.492603003979,5.001480102539));
#19844 = DIRECTION('',(-0.,9.802299687793E-02,-0.995184149835));
#19845 = DIRECTION('',(0.,-0.995184149835,-9.802299687793E-02));
#19846 = ADVANCED_FACE('',(#19847),#19865,.F.);
#19847 = FACE_BOUND('',#19848,.F.);
#19848 = EDGE_LOOP('',(#19849,#19857,#19858,#19859));
#19849 = ORIENTED_EDGE('',*,*,#19850,.T.);
#19850 = EDGE_CURVE('',#19851,#17176,#19853,.T.);
#19851 = VERTEX_POINT('',#19852);
#19852 = CARTESIAN_POINT('',(23.,0.,5.050000190735));
#19853 = LINE('',#19854,#19855);
#19854 = CARTESIAN_POINT('',(23.,0.,5.050000190735));
#19855 = VECTOR('',#19856,1.);
#19856 = DIRECTION('',(0.,-0.995184149835,-9.802299687793E-02));
#19857 = ORIENTED_EDGE('',*,*,#17185,.T.);
#19858 = ORIENTED_EDGE('',*,*,#6218,.T.);
#19859 = ORIENTED_EDGE('',*,*,#19860,.F.);
#19860 = EDGE_CURVE('',#19851,#6211,#19861,.T.);
#19861 = LINE('',#19862,#19863);
#19862 = CARTESIAN_POINT('',(23.,0.,5.050000190735));
#19863 = VECTOR('',#19864,1.);
#19864 = DIRECTION('',(-1.,0.,0.));
#19865 = PLANE('',#19866);
#19866 = AXIS2_PLACEMENT_3D('',#19867,#19868,#19869);
#19867 = CARTESIAN_POINT('',(21.,-0.492603003979,5.001480102539));
#19868 = DIRECTION('',(-0.,9.802299687793E-02,-0.995184149835));
#19869 = DIRECTION('',(0.,-0.995184149835,-9.802299687793E-02));
#19870 = ADVANCED_FACE('',(#19871),#19877,.F.);
#19871 = FACE_BOUND('',#19872,.F.);
#19872 = EDGE_LOOP('',(#19873,#19874,#19875,#19876));
#19873 = ORIENTED_EDGE('',*,*,#12509,.F.);
#19874 = ORIENTED_EDGE('',*,*,#17317,.F.);
#19875 = ORIENTED_EDGE('',*,*,#12554,.F.);
#19876 = ORIENTED_EDGE('',*,*,#12035,.F.);
#19877 = PLANE('',#19878);
#19878 = AXIS2_PLACEMENT_3D('',#19879,#19880,#19881);
#19879 = CARTESIAN_POINT('',(-21.,-3.88490486145,3.188259959221));
#19880 = DIRECTION('',(0.,0.773011846661,-0.634391586421));
#19881 = DIRECTION('',(0.,0.634391586421,0.773011846661));
#19882 = ADVANCED_FACE('',(#19883),#19894,.F.);
#19883 = FACE_BOUND('',#19884,.F.);
#19884 = EDGE_LOOP('',(#19885,#19886,#19892,#19893));
#19885 = ORIENTED_EDGE('',*,*,#8385,.T.);
#19886 = ORIENTED_EDGE('',*,*,#19887,.T.);
#19887 = EDGE_CURVE('',#8378,#8407,#19888,.T.);
#19888 = LINE('',#19889,#19890);
#19889 = CARTESIAN_POINT('',(23.,-3.570889949799,3.570889949799));
#19890 = VECTOR('',#19891,1.);
#19891 = DIRECTION('',(0.,-0.634391586421,-0.773011846661));
#19892 = ORIENTED_EDGE('',*,*,#8406,.T.);
#19893 = ORIENTED_EDGE('',*,*,#6250,.T.);
#19894 = PLANE('',#19895);
#19895 = AXIS2_PLACEMENT_3D('',#19896,#19897,#19898);
#19896 = CARTESIAN_POINT('',(21.,-3.88490486145,3.188259959221));
#19897 = DIRECTION('',(0.,0.773011846661,-0.634391586421));
#19898 = DIRECTION('',(0.,0.634391586421,0.773011846661));
#19899 = ADVANCED_FACE('',(#19900),#19906,.F.);
#19900 = FACE_BOUND('',#19901,.F.);
#19901 = EDGE_LOOP('',(#19902,#19903,#19904,#19905));
#19902 = ORIENTED_EDGE('',*,*,#17334,.F.);
#19903 = ORIENTED_EDGE('',*,*,#19836,.F.);
#19904 = ORIENTED_EDGE('',*,*,#11995,.F.);
#19905 = ORIENTED_EDGE('',*,*,#11956,.F.);
#19906 = PLANE('',#19907);
#19907 = AXIS2_PLACEMENT_3D('',#19908,#19909,#19910);
#19908 = CARTESIAN_POINT('',(-21.,0.492603003979,5.001480102539));
#19909 = DIRECTION('',(-0.,-9.802299687793E-02,-0.995184149835));
#19910 = DIRECTION('',(0.,-0.995184149835,9.802299687793E-02));
#19911 = ADVANCED_FACE('',(#19912),#19923,.F.);
#19912 = FACE_BOUND('',#19913,.F.);
#19913 = EDGE_LOOP('',(#19914,#19920,#19921,#19922));
#19914 = ORIENTED_EDGE('',*,*,#19915,.T.);
#19915 = EDGE_CURVE('',#8519,#19851,#19916,.T.);
#19916 = LINE('',#19917,#19918);
#19917 = CARTESIAN_POINT('',(23.,0.985206007957,4.952960014343));
#19918 = VECTOR('',#19919,1.);
#19919 = DIRECTION('',(0.,-0.995184149835,9.802299687793E-02));
#19920 = ORIENTED_EDGE('',*,*,#19860,.T.);
#19921 = ORIENTED_EDGE('',*,*,#6210,.T.);
#19922 = ORIENTED_EDGE('',*,*,#8526,.F.);
#19923 = PLANE('',#19924);
#19924 = AXIS2_PLACEMENT_3D('',#19925,#19926,#19927);
#19925 = CARTESIAN_POINT('',(21.,0.492603003979,5.001480102539));
#19926 = DIRECTION('',(-0.,-9.802299687793E-02,-0.995184149835));
#19927 = DIRECTION('',(0.,-0.995184149835,9.802299687793E-02));
#19928 = ADVANCED_FACE('',(#19929),#19935,.F.);
#19929 = FACE_BOUND('',#19930,.F.);
#19930 = EDGE_LOOP('',(#19931,#19932,#19933,#19934));
#19931 = ORIENTED_EDGE('',*,*,#12570,.F.);
#19932 = ORIENTED_EDGE('',*,*,#17310,.F.);
#19933 = ORIENTED_EDGE('',*,*,#16987,.F.);
#19934 = ORIENTED_EDGE('',*,*,#12051,.F.);
#19935 = PLANE('',#19936);
#19936 = AXIS2_PLACEMENT_3D('',#19937,#19938,#19939);
#19937 = CARTESIAN_POINT('',(-21.,-4.80927491188,1.458877980709));
#19938 = DIRECTION('',(0.,0.956941300758,-0.290281495972));
#19939 = DIRECTION('',(0.,0.290281495972,0.956941300758));
#19940 = ADVANCED_FACE('',(#19941),#19952,.F.);
#19941 = FACE_BOUND('',#19942,.F.);
#19942 = EDGE_LOOP('',(#19943,#19944,#19950,#19951));
#19943 = ORIENTED_EDGE('',*,*,#8422,.T.);
#19944 = ORIENTED_EDGE('',*,*,#19945,.T.);
#19945 = EDGE_CURVE('',#8415,#17019,#19946,.T.);
#19946 = LINE('',#19947,#19948);
#19947 = CARTESIAN_POINT('',(23.,-4.665589809418,1.932549953461));
#19948 = VECTOR('',#19949,1.);
#19949 = DIRECTION('',(0.,-0.290281495972,-0.956941300758));
#19950 = ORIENTED_EDGE('',*,*,#17018,.T.);
#19951 = ORIENTED_EDGE('',*,*,#6266,.T.);
#19952 = PLANE('',#19953);
#19953 = AXIS2_PLACEMENT_3D('',#19954,#19955,#19956);
#19954 = CARTESIAN_POINT('',(21.,-4.80927491188,1.458877980709));
#19955 = DIRECTION('',(0.,0.956941300758,-0.290281495972));
#19956 = DIRECTION('',(0.,0.290281495972,0.956941300758));
#19957 = ADVANCED_FACE('',(#19958,#19992),#20026,.F.);
#19958 = FACE_BOUND('',#19959,.F.);
#19959 = EDGE_LOOP('',(#19960,#19961,#19962,#19963,#19964,#19965,#19966,
    #19967,#19968,#19969,#19970,#19971,#19972,#19973,#19974,#19975,
    #19976,#19977,#19978,#19979,#19980,#19981,#19982,#19983,#19984,
    #19985,#19986,#19987,#19988,#19989,#19990,#19991));
#19960 = ORIENTED_EDGE('',*,*,#8282,.F.);
#19961 = ORIENTED_EDGE('',*,*,#17103,.F.);
#19962 = ORIENTED_EDGE('',*,*,#8313,.F.);
#19963 = ORIENTED_EDGE('',*,*,#8337,.F.);
#19964 = ORIENTED_EDGE('',*,*,#8351,.F.);
#19965 = ORIENTED_EDGE('',*,*,#16970,.F.);
#19966 = ORIENTED_EDGE('',*,*,#7914,.F.);
#19967 = ORIENTED_EDGE('',*,*,#6723,.F.);
#19968 = ORIENTED_EDGE('',*,*,#6800,.F.);
#19969 = ORIENTED_EDGE('',*,*,#8039,.F.);
#19970 = ORIENTED_EDGE('',*,*,#17134,.F.);
#19971 = ORIENTED_EDGE('',*,*,#6152,.F.);
#19972 = ORIENTED_EDGE('',*,*,#17217,.F.);
#19973 = ORIENTED_EDGE('',*,*,#8493,.F.);
#19974 = ORIENTED_EDGE('',*,*,#8445,.F.);
#19975 = ORIENTED_EDGE('',*,*,#17285,.F.);
#19976 = ORIENTED_EDGE('',*,*,#17026,.T.);
#19977 = ORIENTED_EDGE('',*,*,#19945,.F.);
#19978 = ORIENTED_EDGE('',*,*,#8414,.F.);
#19979 = ORIENTED_EDGE('',*,*,#19887,.F.);
#19980 = ORIENTED_EDGE('',*,*,#8375,.F.);
#19981 = ORIENTED_EDGE('',*,*,#8468,.F.);
#19982 = ORIENTED_EDGE('',*,*,#17175,.F.);
#19983 = ORIENTED_EDGE('',*,*,#19850,.F.);
#19984 = ORIENTED_EDGE('',*,*,#19915,.F.);
#19985 = ORIENTED_EDGE('',*,*,#8516,.F.);
#19986 = ORIENTED_EDGE('',*,*,#17066,.F.);
#19987 = ORIENTED_EDGE('',*,*,#8162,.F.);
#19988 = ORIENTED_EDGE('',*,*,#17253,.F.);
#19989 = ORIENTED_EDGE('',*,*,#8210,.F.);
#19990 = ORIENTED_EDGE('',*,*,#8234,.F.);
#19991 = ORIENTED_EDGE('',*,*,#8258,.F.);
#19992 = FACE_BOUND('',#19993,.F.);
#19993 = EDGE_LOOP('',(#19994,#19995,#19996,#19997,#19998,#19999,#20000,
    #20001,#20002,#20003,#20004,#20005,#20006,#20007,#20008,#20009,
    #20010,#20011,#20012,#20013,#20014,#20015,#20016,#20017,#20018,
    #20019,#20020,#20021,#20022,#20023,#20024,#20025));
#19994 = ORIENTED_EDGE('',*,*,#16526,.F.);
#19995 = ORIENTED_EDGE('',*,*,#9879,.F.);
#19996 = ORIENTED_EDGE('',*,*,#16028,.F.);
#19997 = ORIENTED_EDGE('',*,*,#9848,.F.);
#19998 = ORIENTED_EDGE('',*,*,#16186,.F.);
#19999 = ORIENTED_EDGE('',*,*,#15904,.F.);
#20000 = ORIENTED_EDGE('',*,*,#9818,.F.);
#20001 = ORIENTED_EDGE('',*,*,#16481,.F.);
#20002 = ORIENTED_EDGE('',*,*,#16080,.F.);
#20003 = ORIENTED_EDGE('',*,*,#9787,.F.);
#20004 = ORIENTED_EDGE('',*,*,#9763,.F.);
#20005 = ORIENTED_EDGE('',*,*,#16389,.F.);
#20006 = ORIENTED_EDGE('',*,*,#9740,.F.);
#20007 = ORIENTED_EDGE('',*,*,#16620,.F.);
#20008 = ORIENTED_EDGE('',*,*,#9709,.F.);
#20009 = ORIENTED_EDGE('',*,*,#16574,.F.);
#20010 = ORIENTED_EDGE('',*,*,#9654,.F.);
#20011 = ORIENTED_EDGE('',*,*,#9678,.F.);
#20012 = ORIENTED_EDGE('',*,*,#16436,.F.);
#20013 = ORIENTED_EDGE('',*,*,#10108,.F.);
#20014 = ORIENTED_EDGE('',*,*,#16343,.F.);
#20015 = ORIENTED_EDGE('',*,*,#16237,.F.);
#20016 = ORIENTED_EDGE('',*,*,#15969,.F.);
#20017 = ORIENTED_EDGE('',*,*,#10069,.F.);
#20018 = ORIENTED_EDGE('',*,*,#10045,.F.);
#20019 = ORIENTED_EDGE('',*,*,#16140,.F.);
#20020 = ORIENTED_EDGE('',*,*,#10014,.F.);
#20021 = ORIENTED_EDGE('',*,*,#9990,.F.);
#20022 = ORIENTED_EDGE('',*,*,#9965,.F.);
#20023 = ORIENTED_EDGE('',*,*,#16296,.F.);
#20024 = ORIENTED_EDGE('',*,*,#9934,.F.);
#20025 = ORIENTED_EDGE('',*,*,#9910,.F.);
#20026 = PLANE('',#20027);
#20027 = AXIS2_PLACEMENT_3D('',#20028,#20029,#20030);
#20028 = CARTESIAN_POINT('',(23.,4.205506211517E-17,4.205506211517E-17)
  );
#20029 = DIRECTION('',(-1.,-0.,-0.));
#20030 = DIRECTION('',(0.,0.,-1.));
#20031 = ( GEOMETRIC_REPRESENTATION_CONTEXT(3) 
GLOBAL_UNCERTAINTY_ASSIGNED_CONTEXT((#20035)) 
GLOBAL_UNIT_ASSIGNED_CONTEXT((#20032,#20033,#20034)) 
REPRESENTATION_CONTEXT('Context #1',
  '3D Context with UNIT and UNCERTAINTY') );
#20032 = ( LENGTH_UNIT() NAMED_UNIT(*) SI_UNIT(.MILLI.,.METRE.) );
#20033 = ( NAMED_UNIT(*) PLANE_ANGLE_UNIT() SI_UNIT($,.RADIAN.) );
#20034 = ( NAMED_UNIT(*) SI_UNIT($,.STERADIAN.) SOLID_ANGLE_UNIT() );
#20035 = UNCERTAINTY_MEASURE_WITH_UNIT(LENGTH_MEASURE(1.E-07),#20032,
  'distance_accuracy_value','confusion accuracy');
#20036 = PRODUCT_RELATED_PRODUCT_CATEGORY('part',$,(#7));
ENDSEC;
END-ISO-10303-21;
