ISO-10303-21;
HEADER;
FILE_DESCRIPTION(('FreeCAD Model'),'2;1');
FILE_NAME('Open CASCADE Shape Model','2026-01-24T08:58:23',('FreeCAD'),(
    'FreeCAD'),'Open CASCADE STEP processor 7.8','FreeCAD','Unknown');
FILE_SCHEMA(('AUTOMOTIVE_DESIGN { 1 0 10303 214 1 1 1 1 }'));
ENDSEC;
DATA;
#1 = APPLICATION_PROTOCOL_DEFINITION('international standard',
  'automotive_design',2000,#2);
#2 = APPLICATION_CONTEXT(
  'core data for automotive mechanical design processes');
#3 = SHAPE_DEFINITION_REPRESENTATION(#4,#10);
#4 = PRODUCT_DEFINITION_SHAPE('','',#5);
#5 = PRODUCT_DEFINITION('design','',#6,#9);
#6 = PRODUCT_DEFINITION_FORMATION('','',#7);
#7 = PRODUCT('Open CASCADE STEP translator 7.8 1',
  'Open CASCADE STEP translator 7.8 1','',(#8));
#8 = PRODUCT_CONTEXT('',#2,'mechanical');
#9 = PRODUCT_DEFINITION_CONTEXT('part definition',#2,'design');
#10 = ADVANCED_BREP_SHAPE_REPRESENTATION('',(#11,#15),#6376);
#11 = AXIS2_PLACEMENT_3D('',#12,#13,#14);
#12 = CARTESIAN_POINT('',(0.,0.,0.));
#13 = DIRECTION('',(0.,0.,1.));
#14 = DIRECTION('',(1.,0.,-0.));
#15 = MANIFOLD_SOLID_BREP('',#16);
#16 = CLOSED_SHELL('',(#17,#57,#1604,#1658,#3141,#3186,#3208,#3230,#3242
    ,#3254,#3285,#3307,#3329,#3341,#3353,#3365,#3377,#3399,#3421,#3438,
    #3455,#3472,#3494,#3506,#3518,#3540,#3557,#3574,#3596,#3618,#3640,
    #3657,#3679,#3696,#3713,#3725,#3737,#3749,#3766,#3778,#3790,#3812,
    #3829,#3846,#3868,#3890,#3912,#3929,#3951,#3968,#3985,#3997,#4009,
    #4021,#4038,#4050,#4062,#4084,#4101,#4118,#4140,#4162,#4184,#4201,
    #4223,#4240,#4257,#4269,#4281,#4293,#4310,#4322,#4334,#4356,#4373,
    #4390,#4412,#4434,#4456,#4473,#4495,#4512,#4529,#4541,#4553,#4565,
    #4582,#4594,#4606,#4628,#4645,#4662,#4684,#4706,#4728,#4745,#4767,
    #4784,#4801,#4813,#4825,#4837,#4854,#4866,#4878,#4900,#4917,#4934,
    #4956,#4978,#5000,#5017,#5039,#5056,#5073,#5085,#5097,#5109,#5126,
    #5138,#5150,#5172,#5189,#5206,#5228,#5250,#5272,#5289,#5311,#5328,
    #5345,#5357,#5369,#5381,#5398,#5410,#5422,#5444,#5461,#5478,#5500,
    #5522,#5544,#5561,#5583,#5600,#5617,#5629,#5641,#5653,#5670,#5682,
    #5694,#5706,#5718,#5735,#5752,#5774,#5791,#5808,#5825,#5847,#5859,
    #5876,#5893,#5915,#5937,#5959,#5981,#5998,#6020,#6032,#6049,#6061,
    #6078,#6090,#6107,#6119,#6131,#6153,#6175,#6197,#6219,#6241,#6258,
    #6275,#6287,#6304,#6316,#6328,#6340,#6352,#6364));
#17 = ADVANCED_FACE('',(#18),#52,.T.);
#18 = FACE_BOUND('',#19,.T.);
#19 = EDGE_LOOP('',(#20,#30,#38,#46));
#20 = ORIENTED_EDGE('',*,*,#21,.T.);
#21 = EDGE_CURVE('',#22,#24,#26,.T.);
#22 = VERTEX_POINT('',#23);
#23 = CARTESIAN_POINT('',(79.,62.,3.));
#24 = VERTEX_POINT('',#25);
#25 = CARTESIAN_POINT('',(79.,62.,8.));
#26 = LINE('',#27,#28);
#27 = CARTESIAN_POINT('',(79.,62.,3.));
#28 = VECTOR('',#29,1.);
#29 = DIRECTION('',(0.,0.,1.));
#30 = ORIENTED_EDGE('',*,*,#31,.T.);
#31 = EDGE_CURVE('',#24,#32,#34,.T.);
#32 = VERTEX_POINT('',#33);
#33 = CARTESIAN_POINT('',(79.,18.,8.));
#34 = LINE('',#35,#36);
#35 = CARTESIAN_POINT('',(79.,62.,8.));
#36 = VECTOR('',#37,1.);
#37 = DIRECTION('',(0.,-1.,0.));
#38 = ORIENTED_EDGE('',*,*,#39,.T.);
#39 = EDGE_CURVE('',#32,#40,#42,.T.);
#40 = VERTEX_POINT('',#41);
#41 = CARTESIAN_POINT('',(79.,18.,3.));
#42 = LINE('',#43,#44);
#43 = CARTESIAN_POINT('',(79.,18.,8.));
#44 = VECTOR('',#45,1.);
#45 = DIRECTION('',(0.,0.,-1.));
#46 = ORIENTED_EDGE('',*,*,#47,.F.);
#47 = EDGE_CURVE('',#22,#40,#48,.T.);
#48 = LINE('',#49,#50);
#49 = CARTESIAN_POINT('',(79.,62.,3.));
#50 = VECTOR('',#51,1.);
#51 = DIRECTION('',(0.,-1.,0.));
#52 = PLANE('',#53);
#53 = AXIS2_PLACEMENT_3D('',#54,#55,#56);
#54 = CARTESIAN_POINT('',(79.,40.,5.5));
#55 = DIRECTION('',(1.,0.,0.));
#56 = DIRECTION('',(-0.,0.,1.));
#57 = ADVANCED_FACE('',(#58,#92,#470,#559,#689,#819,#949,#1079,#1209,
    #1339,#1469),#1599,.T.);
#58 = FACE_BOUND('',#59,.T.);
#59 = EDGE_LOOP('',(#60,#70,#78,#86));
#60 = ORIENTED_EDGE('',*,*,#61,.T.);
#61 = EDGE_CURVE('',#62,#64,#66,.T.);
#62 = VERTEX_POINT('',#63);
#63 = CARTESIAN_POINT('',(0.,0.,3.));
#64 = VERTEX_POINT('',#65);
#65 = CARTESIAN_POINT('',(160.,0.,3.));
#66 = LINE('',#67,#68);
#67 = CARTESIAN_POINT('',(0.,0.,3.));
#68 = VECTOR('',#69,1.);
#69 = DIRECTION('',(1.,0.,0.));
#70 = ORIENTED_EDGE('',*,*,#71,.F.);
#71 = EDGE_CURVE('',#72,#64,#74,.T.);
#72 = VERTEX_POINT('',#73);
#73 = CARTESIAN_POINT('',(160.,80.,3.));
#74 = LINE('',#75,#76);
#75 = CARTESIAN_POINT('',(160.,80.,3.));
#76 = VECTOR('',#77,1.);
#77 = DIRECTION('',(0.,-1.,0.));
#78 = ORIENTED_EDGE('',*,*,#79,.T.);
#79 = EDGE_CURVE('',#72,#80,#82,.T.);
#80 = VERTEX_POINT('',#81);
#81 = CARTESIAN_POINT('',(0.,80.,3.));
#82 = LINE('',#83,#84);
#83 = CARTESIAN_POINT('',(160.,80.,3.));
#84 = VECTOR('',#85,1.);
#85 = DIRECTION('',(-1.,0.,0.));
#86 = ORIENTED_EDGE('',*,*,#87,.T.);
#87 = EDGE_CURVE('',#80,#62,#88,.T.);
#88 = LINE('',#89,#90);
#89 = CARTESIAN_POINT('',(0.,80.,3.));
#90 = VECTOR('',#91,1.);
#91 = DIRECTION('',(0.,-1.,0.));
#92 = FACE_BOUND('',#93,.T.);
#93 = EDGE_LOOP('',(#94,#104,#112,#120,#128,#136,#144,#152,#160,#168,
    #176,#184,#192,#200,#208,#216,#224,#232,#240,#248,#256,#264,#272,
    #280,#288,#296,#304,#312,#320,#328,#336,#344,#352,#360,#368,#376,
    #384,#392,#400,#408,#416,#424,#432,#440,#448,#456,#464));
#94 = ORIENTED_EDGE('',*,*,#95,.T.);
#95 = EDGE_CURVE('',#96,#98,#100,.T.);
#96 = VERTEX_POINT('',#97);
#97 = CARTESIAN_POINT('',(114.,10.,3.));
#98 = VERTEX_POINT('',#99);
#99 = CARTESIAN_POINT('',(90.,10.,3.));
#100 = LINE('',#101,#102);
#101 = CARTESIAN_POINT('',(114.,10.,3.));
#102 = VECTOR('',#103,1.);
#103 = DIRECTION('',(-1.,0.,0.));
#104 = ORIENTED_EDGE('',*,*,#105,.T.);
#105 = EDGE_CURVE('',#98,#106,#108,.T.);
#106 = VERTEX_POINT('',#107);
#107 = CARTESIAN_POINT('',(88.851997375488,10.228400230408,3.));
#108 = LINE('',#109,#110);
#109 = CARTESIAN_POINT('',(90.,10.,3.));
#110 = VECTOR('',#111,1.);
#111 = DIRECTION('',(-0.98077738228,0.195130024364,0.));
#112 = ORIENTED_EDGE('',*,*,#113,.T.);
#113 = EDGE_CURVE('',#106,#114,#116,.T.);
#114 = VERTEX_POINT('',#115);
#115 = CARTESIAN_POINT('',(87.878700256348,10.878700256348,3.));
#116 = LINE('',#117,#118);
#117 = CARTESIAN_POINT('',(88.851997375488,10.228400230408,3.));
#118 = VECTOR('',#119,1.);
#119 = DIRECTION('',(-0.83148394409,0.555548783385,0.));
#120 = ORIENTED_EDGE('',*,*,#121,.T.);
#121 = EDGE_CURVE('',#114,#122,#124,.T.);
#122 = VERTEX_POINT('',#123);
#123 = CARTESIAN_POINT('',(87.228401184082,11.851900100708,3.));
#124 = LINE('',#125,#126);
#125 = CARTESIAN_POINT('',(87.878700256348,10.878700256348,3.));
#126 = VECTOR('',#127,1.);
#127 = DIRECTION('',(-0.555586609223,0.83145866984,0.));
#128 = ORIENTED_EDGE('',*,*,#129,.T.);
#129 = EDGE_CURVE('',#122,#130,#132,.T.);
#130 = VERTEX_POINT('',#131);
#131 = CARTESIAN_POINT('',(87.,13.,3.));
#132 = LINE('',#133,#134);
#133 = CARTESIAN_POINT('',(87.228401184082,11.851900100708,3.));
#134 = VECTOR('',#135,1.);
#135 = DIRECTION('',(-0.195114904724,0.980780390278,0.));
#136 = ORIENTED_EDGE('',*,*,#137,.T.);
#137 = EDGE_CURVE('',#130,#138,#140,.T.);
#138 = VERTEX_POINT('',#139);
#139 = CARTESIAN_POINT('',(87.,27.,3.));
#140 = LINE('',#141,#142);
#141 = CARTESIAN_POINT('',(87.,13.,3.));
#142 = VECTOR('',#143,1.);
#143 = DIRECTION('',(0.,1.,0.));
#144 = ORIENTED_EDGE('',*,*,#145,.T.);
#145 = EDGE_CURVE('',#138,#146,#148,.T.);
#146 = VERTEX_POINT('',#147);
#147 = CARTESIAN_POINT('',(87.228401184082,28.148000717163,3.));
#148 = LINE('',#149,#150);
#149 = CARTESIAN_POINT('',(87.,27.,3.));
#150 = VECTOR('',#151,1.);
#151 = DIRECTION('',(0.195131119954,0.980777164307,0.));
#152 = ORIENTED_EDGE('',*,*,#153,.T.);
#153 = EDGE_CURVE('',#146,#154,#156,.T.);
#154 = VERTEX_POINT('',#155);
#155 = CARTESIAN_POINT('',(87.878700256348,29.121299743652,3.));
#156 = LINE('',#157,#158);
#157 = CARTESIAN_POINT('',(87.228401184082,28.148000717163,3.));
#158 = VECTOR('',#159,1.);
#159 = DIRECTION('',(0.555547467428,0.831484823333,0.));
#160 = ORIENTED_EDGE('',*,*,#161,.T.);
#161 = EDGE_CURVE('',#154,#162,#164,.T.);
#162 = VERTEX_POINT('',#163);
#163 = CARTESIAN_POINT('',(88.851997375488,29.771600723267,3.));
#164 = LINE('',#165,#166);
#165 = CARTESIAN_POINT('',(87.878700256348,29.121299743652,3.));
#166 = VECTOR('',#167,1.);
#167 = DIRECTION('',(0.831483567746,0.555549346654,0.));
#168 = ORIENTED_EDGE('',*,*,#169,.T.);
#169 = EDGE_CURVE('',#162,#170,#172,.T.);
#170 = VERTEX_POINT('',#171);
#171 = CARTESIAN_POINT('',(90.,30.,3.));
#172 = LINE('',#173,#174);
#173 = CARTESIAN_POINT('',(88.851997375488,29.771600723267,3.));
#174 = VECTOR('',#175,1.);
#175 = DIRECTION('',(0.980777538207,0.195129240631,0.));
#176 = ORIENTED_EDGE('',*,*,#177,.T.);
#177 = EDGE_CURVE('',#170,#178,#180,.T.);
#178 = VERTEX_POINT('',#179);
#179 = CARTESIAN_POINT('',(114.,30.,3.));
#180 = LINE('',#181,#182);
#181 = CARTESIAN_POINT('',(90.,30.,3.));
#182 = VECTOR('',#183,1.);
#183 = DIRECTION('',(1.,0.,0.));
#184 = ORIENTED_EDGE('',*,*,#185,.T.);
#185 = EDGE_CURVE('',#178,#186,#188,.T.);
#186 = VERTEX_POINT('',#187);
#187 = CARTESIAN_POINT('',(115.,29.801099777222,3.));
#188 = LINE('',#189,#190);
#189 = CARTESIAN_POINT('',(114.,30.,3.));
#190 = VECTOR('',#191,1.);
#191 = DIRECTION('',(0.98078755946,-0.195078864075,0.));
#192 = ORIENTED_EDGE('',*,*,#193,.T.);
#193 = EDGE_CURVE('',#186,#194,#196,.T.);
#194 = VERTEX_POINT('',#195);
#195 = CARTESIAN_POINT('',(115.,50.19889831543,3.));
#196 = LINE('',#197,#198);
#197 = CARTESIAN_POINT('',(115.,29.801099777222,3.));
#198 = VECTOR('',#199,1.);
#199 = DIRECTION('',(0.,1.,0.));
#200 = ORIENTED_EDGE('',*,*,#201,.T.);
#201 = EDGE_CURVE('',#194,#202,#204,.T.);
#202 = VERTEX_POINT('',#203);
#203 = CARTESIAN_POINT('',(114.,50.,3.));
#204 = LINE('',#205,#206);
#205 = CARTESIAN_POINT('',(115.,50.19889831543,3.));
#206 = VECTOR('',#207,1.);
#207 = DIRECTION('',(-0.980787917382,-0.195077064561,0.));
#208 = ORIENTED_EDGE('',*,*,#209,.T.);
#209 = EDGE_CURVE('',#202,#210,#212,.T.);
#210 = VERTEX_POINT('',#211);
#211 = CARTESIAN_POINT('',(90.,50.,3.));
#212 = LINE('',#213,#214);
#213 = CARTESIAN_POINT('',(114.,50.,3.));
#214 = VECTOR('',#215,1.);
#215 = DIRECTION('',(-1.,0.,0.));
#216 = ORIENTED_EDGE('',*,*,#217,.T.);
#217 = EDGE_CURVE('',#210,#218,#220,.T.);
#218 = VERTEX_POINT('',#219);
#219 = CARTESIAN_POINT('',(88.851997375488,50.228401184082,3.));
#220 = LINE('',#221,#222);
#221 = CARTESIAN_POINT('',(90.,50.,3.));
#222 = VECTOR('',#223,1.);
#223 = DIRECTION('',(-0.980777226352,0.195130808098,0.));
#224 = ORIENTED_EDGE('',*,*,#225,.T.);
#225 = EDGE_CURVE('',#218,#226,#228,.T.);
#226 = VERTEX_POINT('',#227);
#227 = CARTESIAN_POINT('',(87.878700256348,50.878700256348,3.));
#228 = LINE('',#229,#230);
#229 = CARTESIAN_POINT('',(88.851997375488,50.228401184082,3.));
#230 = VECTOR('',#231,1.);
#231 = DIRECTION('',(-0.831484320434,0.555548220115,0.));
#232 = ORIENTED_EDGE('',*,*,#233,.T.);
#233 = EDGE_CURVE('',#226,#234,#236,.T.);
#234 = VERTEX_POINT('',#235);
#235 = CARTESIAN_POINT('',(87.228401184082,51.852001190186,3.));
#236 = LINE('',#237,#238);
#237 = CARTESIAN_POINT('',(87.878700256348,50.878700256348,3.));
#238 = VECTOR('',#239,1.);
#239 = DIRECTION('',(-0.555546714744,0.831485326231,0.));
#240 = ORIENTED_EDGE('',*,*,#241,.T.);
#241 = EDGE_CURVE('',#234,#242,#244,.T.);
#242 = VERTEX_POINT('',#243);
#243 = CARTESIAN_POINT('',(87.,53.,3.));
#244 = LINE('',#245,#246);
#245 = CARTESIAN_POINT('',(87.228401184082,51.852001190186,3.));
#246 = VECTOR('',#247,1.);
#247 = DIRECTION('',(-0.195131431811,0.980777102261,0.));
#248 = ORIENTED_EDGE('',*,*,#249,.T.);
#249 = EDGE_CURVE('',#242,#250,#252,.T.);
#250 = VERTEX_POINT('',#251);
#251 = CARTESIAN_POINT('',(87.,67.,3.));
#252 = LINE('',#253,#254);
#253 = CARTESIAN_POINT('',(87.,53.,3.));
#254 = VECTOR('',#255,1.);
#255 = DIRECTION('',(0.,1.,0.));
#256 = ORIENTED_EDGE('',*,*,#257,.T.);
#257 = EDGE_CURVE('',#250,#258,#260,.T.);
#258 = VERTEX_POINT('',#259);
#259 = CARTESIAN_POINT('',(87.228401184082,68.148002624512,3.));
#260 = LINE('',#261,#262);
#261 = CARTESIAN_POINT('',(87.,67.,3.));
#262 = VECTOR('',#263,1.);
#263 = DIRECTION('',(0.195130808098,0.980777226352,0.));
#264 = ORIENTED_EDGE('',*,*,#265,.T.);
#265 = EDGE_CURVE('',#258,#266,#268,.T.);
#266 = VERTEX_POINT('',#267);
#267 = CARTESIAN_POINT('',(87.878700256348,69.121299743652,3.));
#268 = LINE('',#269,#270);
#269 = CARTESIAN_POINT('',(87.228401184082,68.148002624512,3.));
#270 = VECTOR('',#271,1.);
#271 = DIRECTION('',(0.555548220115,0.831484320434,0.));
#272 = ORIENTED_EDGE('',*,*,#273,.T.);
#273 = EDGE_CURVE('',#266,#274,#276,.T.);
#274 = VERTEX_POINT('',#275);
#275 = CARTESIAN_POINT('',(88.851997375488,69.771598815918,3.));
#276 = LINE('',#277,#278);
#277 = CARTESIAN_POINT('',(87.878700256348,69.121299743652,3.));
#278 = VECTOR('',#279,1.);
#279 = DIRECTION('',(0.831484320434,0.555548220115,0.));
#280 = ORIENTED_EDGE('',*,*,#281,.T.);
#281 = EDGE_CURVE('',#274,#282,#284,.T.);
#282 = VERTEX_POINT('',#283);
#283 = CARTESIAN_POINT('',(90.,70.,3.));
#284 = LINE('',#285,#286);
#285 = CARTESIAN_POINT('',(88.851997375488,69.771598815918,3.));
#286 = VECTOR('',#287,1.);
#287 = DIRECTION('',(0.980777226352,0.195130808098,0.));
#288 = ORIENTED_EDGE('',*,*,#289,.T.);
#289 = EDGE_CURVE('',#282,#290,#292,.T.);
#290 = VERTEX_POINT('',#291);
#291 = CARTESIAN_POINT('',(114.,70.,3.));
#292 = LINE('',#293,#294);
#293 = CARTESIAN_POINT('',(90.,70.,3.));
#294 = VECTOR('',#295,1.);
#295 = DIRECTION('',(1.,0.,0.));
#296 = ORIENTED_EDGE('',*,*,#297,.T.);
#297 = EDGE_CURVE('',#290,#298,#300,.T.);
#298 = VERTEX_POINT('',#299);
#299 = CARTESIAN_POINT('',(115.14800262451,69.771598815918,3.));
#300 = LINE('',#301,#302);
#301 = CARTESIAN_POINT('',(114.,70.,3.));
#302 = VECTOR('',#303,1.);
#303 = DIRECTION('',(0.980777226352,-0.195130808098,0.));
#304 = ORIENTED_EDGE('',*,*,#305,.T.);
#305 = EDGE_CURVE('',#298,#306,#308,.T.);
#306 = VERTEX_POINT('',#307);
#307 = CARTESIAN_POINT('',(116.12100219726,69.121299743652,3.));
#308 = LINE('',#309,#310);
#309 = CARTESIAN_POINT('',(115.14800262451,69.771598815918,3.));
#310 = VECTOR('',#311,1.);
#311 = DIRECTION('',(0.831405843048,-0.555665658598,0.));
#312 = ORIENTED_EDGE('',*,*,#313,.T.);
#313 = EDGE_CURVE('',#306,#314,#316,.T.);
#314 = VERTEX_POINT('',#315);
#315 = CARTESIAN_POINT('',(116.77200317382,68.148002624512,3.));
#316 = LINE('',#317,#318);
#317 = CARTESIAN_POINT('',(116.12100219726,69.121299743652,3.));
#318 = VECTOR('',#319,1.);
#319 = DIRECTION('',(0.555962579931,-0.831207320539,0.));
#320 = ORIENTED_EDGE('',*,*,#321,.T.);
#321 = EDGE_CURVE('',#314,#322,#324,.T.);
#322 = VERTEX_POINT('',#323);
#323 = CARTESIAN_POINT('',(117.,67.,3.));
#324 = LINE('',#325,#326);
#325 = CARTESIAN_POINT('',(116.77200317382,68.148002624512,3.));
#326 = VECTOR('',#327,1.);
#327 = DIRECTION('',(0.194798471575,-0.980843287927,0.));
#328 = ORIENTED_EDGE('',*,*,#329,.T.);
#329 = EDGE_CURVE('',#322,#330,#332,.T.);
#330 = VERTEX_POINT('',#331);
#331 = CARTESIAN_POINT('',(117.,65.,3.));
#332 = LINE('',#333,#334);
#333 = CARTESIAN_POINT('',(117.,67.,3.));
#334 = VECTOR('',#335,1.);
#335 = DIRECTION('',(0.,-1.,0.));
#336 = ORIENTED_EDGE('',*,*,#337,.T.);
#337 = EDGE_CURVE('',#330,#338,#340,.T.);
#338 = VERTEX_POINT('',#339);
#339 = CARTESIAN_POINT('',(145.,65.,3.));
#340 = LINE('',#341,#342);
#341 = CARTESIAN_POINT('',(117.,65.,3.));
#342 = VECTOR('',#343,1.);
#343 = DIRECTION('',(1.,0.,0.));
#344 = ORIENTED_EDGE('',*,*,#345,.T.);
#345 = EDGE_CURVE('',#338,#346,#348,.T.);
#346 = VERTEX_POINT('',#347);
#347 = CARTESIAN_POINT('',(145.,41.500499725342,3.));
#348 = LINE('',#349,#350);
#349 = CARTESIAN_POINT('',(145.,65.,3.));
#350 = VECTOR('',#351,1.);
#351 = DIRECTION('',(0.,-1.,0.));
#352 = ORIENTED_EDGE('',*,*,#353,.T.);
#353 = EDGE_CURVE('',#346,#354,#356,.T.);
#354 = VERTEX_POINT('',#355);
#355 = CARTESIAN_POINT('',(145.11199951171,41.478199005127,3.));
#356 = LINE('',#357,#358);
#357 = CARTESIAN_POINT('',(145.,41.500499725342,3.));
#358 = VECTOR('',#359,1.);
#359 = DIRECTION('',(0.98074734109,-0.195280958992,0.));
#360 = ORIENTED_EDGE('',*,*,#361,.T.);
#361 = EDGE_CURVE('',#354,#362,#364,.T.);
#362 = VERTEX_POINT('',#363);
#363 = CARTESIAN_POINT('',(145.6309967041,41.131401062012,3.));
#364 = LINE('',#365,#366);
#365 = CARTESIAN_POINT('',(145.11199951171,41.478199005127,3.));
#366 = VECTOR('',#367,1.);
#367 = DIRECTION('',(0.831458432925,-0.555586963776,0.));
#368 = ORIENTED_EDGE('',*,*,#369,.T.);
#369 = EDGE_CURVE('',#362,#370,#372,.T.);
#370 = VERTEX_POINT('',#371);
#371 = CARTESIAN_POINT('',(145.97799682617,40.612300872803,3.));
#372 = LINE('',#373,#374);
#373 = CARTESIAN_POINT('',(145.6309967041,41.131401062012,3.));
#374 = VECTOR('',#375,1.);
#375 = DIRECTION('',(0.555734603982,-0.831359759633,0.));
#376 = ORIENTED_EDGE('',*,*,#377,.T.);
#377 = EDGE_CURVE('',#370,#378,#380,.T.);
#378 = VERTEX_POINT('',#379);
#379 = CARTESIAN_POINT('',(146.10000610351,40.,3.));
#380 = LINE('',#381,#382);
#381 = CARTESIAN_POINT('',(145.97799682617,40.612300872803,3.));
#382 = VECTOR('',#383,1.);
#383 = DIRECTION('',(0.195421663011,-0.980719314394,0.));
#384 = ORIENTED_EDGE('',*,*,#385,.T.);
#385 = EDGE_CURVE('',#378,#386,#388,.T.);
#386 = VERTEX_POINT('',#387);
#387 = CARTESIAN_POINT('',(145.97799682617,39.387699127197,3.));
#388 = LINE('',#389,#390);
#389 = CARTESIAN_POINT('',(146.10000610351,40.,3.));
#390 = VECTOR('',#391,1.);
#391 = DIRECTION('',(-0.195421663011,-0.980719314394,0.));
#392 = ORIENTED_EDGE('',*,*,#393,.T.);
#393 = EDGE_CURVE('',#386,#394,#396,.T.);
#394 = VERTEX_POINT('',#395);
#395 = CARTESIAN_POINT('',(145.6309967041,38.868598937988,3.));
#396 = LINE('',#397,#398);
#397 = CARTESIAN_POINT('',(145.97799682617,39.387699127197,3.));
#398 = VECTOR('',#399,1.);
#399 = DIRECTION('',(-0.555734603982,-0.831359759633,0.));
#400 = ORIENTED_EDGE('',*,*,#401,.T.);
#401 = EDGE_CURVE('',#394,#402,#404,.T.);
#402 = VERTEX_POINT('',#403);
#403 = CARTESIAN_POINT('',(145.11199951171,38.521800994873,3.));
#404 = LINE('',#405,#406);
#405 = CARTESIAN_POINT('',(145.6309967041,38.868598937988,3.));
#406 = VECTOR('',#407,1.);
#407 = DIRECTION('',(-0.831458432925,-0.555586963776,0.));
#408 = ORIENTED_EDGE('',*,*,#409,.T.);
#409 = EDGE_CURVE('',#402,#410,#412,.T.);
#410 = VERTEX_POINT('',#411);
#411 = CARTESIAN_POINT('',(145.,38.499500274658,3.));
#412 = LINE('',#413,#414);
#413 = CARTESIAN_POINT('',(145.11199951171,38.521800994873,3.));
#414 = VECTOR('',#415,1.);
#415 = DIRECTION('',(-0.98074734109,-0.195280958992,0.));
#416 = ORIENTED_EDGE('',*,*,#417,.T.);
#417 = EDGE_CURVE('',#410,#418,#420,.T.);
#418 = VERTEX_POINT('',#419);
#419 = CARTESIAN_POINT('',(145.,15.,3.));
#420 = LINE('',#421,#422);
#421 = CARTESIAN_POINT('',(145.,38.499500274658,3.));
#422 = VECTOR('',#423,1.);
#423 = DIRECTION('',(0.,-1.,0.));
#424 = ORIENTED_EDGE('',*,*,#425,.T.);
#425 = EDGE_CURVE('',#418,#426,#428,.T.);
#426 = VERTEX_POINT('',#427);
#427 = CARTESIAN_POINT('',(117.,15.,3.));
#428 = LINE('',#429,#430);
#429 = CARTESIAN_POINT('',(145.,15.,3.));
#430 = VECTOR('',#431,1.);
#431 = DIRECTION('',(-1.,0.,0.));
#432 = ORIENTED_EDGE('',*,*,#433,.T.);
#433 = EDGE_CURVE('',#426,#434,#436,.T.);
#434 = VERTEX_POINT('',#435);
#435 = CARTESIAN_POINT('',(117.,13.,3.));
#436 = LINE('',#437,#438);
#437 = CARTESIAN_POINT('',(117.,15.,3.));
#438 = VECTOR('',#439,1.);
#439 = DIRECTION('',(0.,-1.,0.));
#440 = ORIENTED_EDGE('',*,*,#441,.T.);
#441 = EDGE_CURVE('',#434,#442,#444,.T.);
#442 = VERTEX_POINT('',#443);
#443 = CARTESIAN_POINT('',(116.77200317382,11.851900100708,3.));
#444 = LINE('',#445,#446);
#445 = CARTESIAN_POINT('',(117.,13.,3.));
#446 = VECTOR('',#447,1.);
#447 = DIRECTION('',(-0.194782593149,-0.980846441298,0.));
#448 = ORIENTED_EDGE('',*,*,#449,.T.);
#449 = EDGE_CURVE('',#442,#450,#452,.T.);
#450 = VERTEX_POINT('',#451);
#451 = CARTESIAN_POINT('',(116.12100219726,10.878700256348,3.));
#452 = LINE('',#453,#454);
#453 = CARTESIAN_POINT('',(116.77200317382,11.851900100708,3.));
#454 = VECTOR('',#455,1.);
#455 = DIRECTION('',(-0.556000972076,-0.831181640227,0.));
#456 = ORIENTED_EDGE('',*,*,#457,.T.);
#457 = EDGE_CURVE('',#450,#458,#460,.T.);
#458 = VERTEX_POINT('',#459);
#459 = CARTESIAN_POINT('',(115.14800262451,10.228400230408,3.));
#460 = LINE('',#461,#462);
#461 = CARTESIAN_POINT('',(116.12100219726,10.878700256348,3.));
#462 = VECTOR('',#463,1.);
#463 = DIRECTION('',(-0.831405466581,-0.555666221881,0.));
#464 = ORIENTED_EDGE('',*,*,#465,.T.);
#465 = EDGE_CURVE('',#458,#96,#466,.T.);
#466 = LINE('',#467,#468);
#467 = CARTESIAN_POINT('',(115.14800262451,10.228400230408,3.));
#468 = VECTOR('',#469,1.);
#469 = DIRECTION('',(-0.98077738228,-0.195130024364,0.));
#470 = FACE_BOUND('',#471,.T.);
#471 = EDGE_LOOP('',(#472,#473,#481,#489,#497,#505,#513,#521,#529,#537,
    #545,#553));
#472 = ORIENTED_EDGE('',*,*,#47,.T.);
#473 = ORIENTED_EDGE('',*,*,#474,.T.);
#474 = EDGE_CURVE('',#40,#475,#477,.T.);
#475 = VERTEX_POINT('',#476);
#476 = CARTESIAN_POINT('',(77.,18.,3.));
#477 = LINE('',#478,#479);
#478 = CARTESIAN_POINT('',(79.,18.,3.));
#479 = VECTOR('',#480,1.);
#480 = DIRECTION('',(-1.,0.,0.));
#481 = ORIENTED_EDGE('',*,*,#482,.T.);
#482 = EDGE_CURVE('',#475,#483,#485,.T.);
#483 = VERTEX_POINT('',#484);
#484 = CARTESIAN_POINT('',(77.,20.,3.));
#485 = LINE('',#486,#487);
#486 = CARTESIAN_POINT('',(77.,18.,3.));
#487 = VECTOR('',#488,1.);
#488 = DIRECTION('',(0.,1.,0.));
#489 = ORIENTED_EDGE('',*,*,#490,.T.);
#490 = EDGE_CURVE('',#483,#491,#493,.T.);
#491 = VERTEX_POINT('',#492);
#492 = CARTESIAN_POINT('',(10.,20.,3.));
#493 = LINE('',#494,#495);
#494 = CARTESIAN_POINT('',(77.,20.,3.));
#495 = VECTOR('',#496,1.);
#496 = DIRECTION('',(-1.,0.,0.));
#497 = ORIENTED_EDGE('',*,*,#498,.T.);
#498 = EDGE_CURVE('',#491,#499,#501,.T.);
#499 = VERTEX_POINT('',#500);
#500 = CARTESIAN_POINT('',(10.,18.,3.));
#501 = LINE('',#502,#503);
#502 = CARTESIAN_POINT('',(10.,20.,3.));
#503 = VECTOR('',#504,1.);
#504 = DIRECTION('',(0.,-1.,0.));
#505 = ORIENTED_EDGE('',*,*,#506,.T.);
#506 = EDGE_CURVE('',#499,#507,#509,.T.);
#507 = VERTEX_POINT('',#508);
#508 = CARTESIAN_POINT('',(8.,18.,3.));
#509 = LINE('',#510,#511);
#510 = CARTESIAN_POINT('',(10.,18.,3.));
#511 = VECTOR('',#512,1.);
#512 = DIRECTION('',(-1.,0.,0.));
#513 = ORIENTED_EDGE('',*,*,#514,.T.);
#514 = EDGE_CURVE('',#507,#515,#517,.T.);
#515 = VERTEX_POINT('',#516);
#516 = CARTESIAN_POINT('',(8.,62.,3.));
#517 = LINE('',#518,#519);
#518 = CARTESIAN_POINT('',(8.,18.,3.));
#519 = VECTOR('',#520,1.);
#520 = DIRECTION('',(0.,1.,0.));
#521 = ORIENTED_EDGE('',*,*,#522,.T.);
#522 = EDGE_CURVE('',#515,#523,#525,.T.);
#523 = VERTEX_POINT('',#524);
#524 = CARTESIAN_POINT('',(10.,62.,3.));
#525 = LINE('',#526,#527);
#526 = CARTESIAN_POINT('',(8.,62.,3.));
#527 = VECTOR('',#528,1.);
#528 = DIRECTION('',(1.,0.,0.));
#529 = ORIENTED_EDGE('',*,*,#530,.T.);
#530 = EDGE_CURVE('',#523,#531,#533,.T.);
#531 = VERTEX_POINT('',#532);
#532 = CARTESIAN_POINT('',(10.,60.,3.));
#533 = LINE('',#534,#535);
#534 = CARTESIAN_POINT('',(10.,62.,3.));
#535 = VECTOR('',#536,1.);
#536 = DIRECTION('',(0.,-1.,0.));
#537 = ORIENTED_EDGE('',*,*,#538,.T.);
#538 = EDGE_CURVE('',#531,#539,#541,.T.);
#539 = VERTEX_POINT('',#540);
#540 = CARTESIAN_POINT('',(77.,60.,3.));
#541 = LINE('',#542,#543);
#542 = CARTESIAN_POINT('',(10.,60.,3.));
#543 = VECTOR('',#544,1.);
#544 = DIRECTION('',(1.,0.,0.));
#545 = ORIENTED_EDGE('',*,*,#546,.T.);
#546 = EDGE_CURVE('',#539,#547,#549,.T.);
#547 = VERTEX_POINT('',#548);
#548 = CARTESIAN_POINT('',(77.,62.,3.));
#549 = LINE('',#550,#551);
#550 = CARTESIAN_POINT('',(77.,60.,3.));
#551 = VECTOR('',#552,1.);
#552 = DIRECTION('',(0.,1.,0.));
#553 = ORIENTED_EDGE('',*,*,#554,.T.);
#554 = EDGE_CURVE('',#547,#22,#555,.T.);
#555 = LINE('',#556,#557);
#556 = CARTESIAN_POINT('',(77.,62.,3.));
#557 = VECTOR('',#558,1.);
#558 = DIRECTION('',(1.,0.,0.));
#559 = FACE_BOUND('',#560,.T.);
#560 = EDGE_LOOP('',(#561,#571,#579,#587,#595,#603,#611,#619,#627,#635,
    #643,#651,#659,#667,#675,#683));
#561 = ORIENTED_EDGE('',*,*,#562,.T.);
#562 = EDGE_CURVE('',#563,#565,#567,.T.);
#563 = VERTEX_POINT('',#564);
#564 = CARTESIAN_POINT('',(153.1309967041,9.131369590759,3.));
#565 = VERTEX_POINT('',#566);
#566 = CARTESIAN_POINT('',(153.47799682617,8.612290382385,3.));
#567 = LINE('',#568,#569);
#568 = CARTESIAN_POINT('',(153.1309967041,9.131369590759,3.));
#569 = VECTOR('',#570,1.);
#570 = DIRECTION('',(0.555750128797,-0.831349381633,0.));
#571 = ORIENTED_EDGE('',*,*,#572,.T.);
#572 = EDGE_CURVE('',#565,#573,#575,.T.);
#573 = VERTEX_POINT('',#574);
#574 = CARTESIAN_POINT('',(153.60000610351,8.,3.));
#575 = LINE('',#576,#577);
#576 = CARTESIAN_POINT('',(153.47799682617,8.612290382385,3.));
#577 = VECTOR('',#578,1.);
#578 = DIRECTION('',(0.195424883317,-0.980718672699,0.));
#579 = ORIENTED_EDGE('',*,*,#580,.T.);
#580 = EDGE_CURVE('',#573,#581,#583,.T.);
#581 = VERTEX_POINT('',#582);
#582 = CARTESIAN_POINT('',(153.47799682617,7.387710094452,3.));
#583 = LINE('',#584,#585);
#584 = CARTESIAN_POINT('',(153.60000610351,8.,3.));
#585 = VECTOR('',#586,1.);
#586 = DIRECTION('',(-0.195425029697,-0.98071864353,0.));
#587 = ORIENTED_EDGE('',*,*,#588,.T.);
#588 = EDGE_CURVE('',#581,#589,#591,.T.);
#589 = VERTEX_POINT('',#590);
#590 = CARTESIAN_POINT('',(153.1309967041,6.868629932404,3.));
#591 = LINE('',#592,#593);
#592 = CARTESIAN_POINT('',(153.47799682617,7.387710094452,3.));
#593 = VECTOR('',#594,1.);
#594 = DIRECTION('',(-0.555749423109,-0.831349853379,0.));
#595 = ORIENTED_EDGE('',*,*,#596,.T.);
#596 = EDGE_CURVE('',#589,#597,#599,.T.);
#597 = VERTEX_POINT('',#598);
#598 = CARTESIAN_POINT('',(152.61199951171,6.521790027618,3.));
#599 = LINE('',#600,#601);
#600 = CARTESIAN_POINT('',(153.1309967041,6.868629932404,3.));
#601 = VECTOR('',#602,1.);
#602 = DIRECTION('',(-0.831427378548,-0.555633435101,0.));
#603 = ORIENTED_EDGE('',*,*,#604,.T.);
#604 = EDGE_CURVE('',#597,#605,#607,.T.);
#605 = VERTEX_POINT('',#606);
#606 = CARTESIAN_POINT('',(152.,6.400000095367,3.));
#607 = LINE('',#608,#609);
#608 = CARTESIAN_POINT('',(152.61199951171,6.521790027618,3.));
#609 = VECTOR('',#610,1.);
#610 = DIRECTION('',(-0.980768209053,-0.195176125875,0.));
#611 = ORIENTED_EDGE('',*,*,#612,.T.);
#612 = EDGE_CURVE('',#605,#613,#615,.T.);
#613 = VERTEX_POINT('',#614);
#614 = CARTESIAN_POINT('',(151.38800048828,6.521790027618,3.));
#615 = LINE('',#616,#617);
#616 = CARTESIAN_POINT('',(152.,6.400000095367,3.));
#617 = VECTOR('',#618,1.);
#618 = DIRECTION('',(-0.980768209053,0.195176125875,0.));
#619 = ORIENTED_EDGE('',*,*,#620,.T.);
#620 = EDGE_CURVE('',#613,#621,#623,.T.);
#621 = VERTEX_POINT('',#622);
#622 = CARTESIAN_POINT('',(150.86900329589,6.868629932404,3.));
#623 = LINE('',#624,#625);
#624 = CARTESIAN_POINT('',(151.38800048828,6.521790027618,3.));
#625 = VECTOR('',#626,1.);
#626 = DIRECTION('',(-0.831427378548,0.555633435101,0.));
#627 = ORIENTED_EDGE('',*,*,#628,.T.);
#628 = EDGE_CURVE('',#621,#629,#631,.T.);
#629 = VERTEX_POINT('',#630);
#630 = CARTESIAN_POINT('',(150.52200317382,7.387710094452,3.));
#631 = LINE('',#632,#633);
#632 = CARTESIAN_POINT('',(150.86900329589,6.868629932404,3.));
#633 = VECTOR('',#634,1.);
#634 = DIRECTION('',(-0.555749423109,0.831349853379,0.));
#635 = ORIENTED_EDGE('',*,*,#636,.T.);
#636 = EDGE_CURVE('',#629,#637,#639,.T.);
#637 = VERTEX_POINT('',#638);
#638 = CARTESIAN_POINT('',(150.39999389648,8.,3.));
#639 = LINE('',#640,#641);
#640 = CARTESIAN_POINT('',(150.52200317382,7.387710094452,3.));
#641 = VECTOR('',#642,1.);
#642 = DIRECTION('',(-0.195425029697,0.98071864353,0.));
#643 = ORIENTED_EDGE('',*,*,#644,.T.);
#644 = EDGE_CURVE('',#637,#645,#647,.T.);
#645 = VERTEX_POINT('',#646);
#646 = CARTESIAN_POINT('',(150.52200317382,8.612290382385,3.));
#647 = LINE('',#648,#649);
#648 = CARTESIAN_POINT('',(150.39999389648,8.,3.));
#649 = VECTOR('',#650,1.);
#650 = DIRECTION('',(0.195424883317,0.980718672699,0.));
#651 = ORIENTED_EDGE('',*,*,#652,.T.);
#652 = EDGE_CURVE('',#645,#653,#655,.T.);
#653 = VERTEX_POINT('',#654);
#654 = CARTESIAN_POINT('',(150.86900329589,9.131369590759,3.));
#655 = LINE('',#656,#657);
#656 = CARTESIAN_POINT('',(150.52200317382,8.612290382385,3.));
#657 = VECTOR('',#658,1.);
#658 = DIRECTION('',(0.555750128797,0.831349381633,0.));
#659 = ORIENTED_EDGE('',*,*,#660,.T.);
#660 = EDGE_CURVE('',#653,#661,#663,.T.);
#661 = VERTEX_POINT('',#662);
#662 = CARTESIAN_POINT('',(151.38800048828,9.478210449219,3.));
#663 = LINE('',#664,#665);
#664 = CARTESIAN_POINT('',(150.86900329589,9.131369590759,3.));
#665 = VECTOR('',#666,1.);
#666 = DIRECTION('',(0.831426672763,0.555634491206,0.));
#667 = ORIENTED_EDGE('',*,*,#668,.T.);
#668 = EDGE_CURVE('',#661,#669,#671,.T.);
#669 = VERTEX_POINT('',#670);
#670 = CARTESIAN_POINT('',(152.,9.60000038147,3.));
#671 = LINE('',#672,#673);
#672 = CARTESIAN_POINT('',(151.38800048828,9.478210449219,3.));
#673 = VECTOR('',#674,1.);
#674 = DIRECTION('',(0.980768209053,0.195176125875,0.));
#675 = ORIENTED_EDGE('',*,*,#676,.T.);
#676 = EDGE_CURVE('',#669,#677,#679,.T.);
#677 = VERTEX_POINT('',#678);
#678 = CARTESIAN_POINT('',(152.61199951171,9.478210449219,3.));
#679 = LINE('',#680,#681);
#680 = CARTESIAN_POINT('',(152.,9.60000038147,3.));
#681 = VECTOR('',#682,1.);
#682 = DIRECTION('',(0.980768209053,-0.195176125875,0.));
#683 = ORIENTED_EDGE('',*,*,#684,.T.);
#684 = EDGE_CURVE('',#677,#563,#685,.T.);
#685 = LINE('',#686,#687);
#686 = CARTESIAN_POINT('',(152.61199951171,9.478210449219,3.));
#687 = VECTOR('',#688,1.);
#688 = DIRECTION('',(0.831426672763,-0.555634491206,0.));
#689 = FACE_BOUND('',#690,.T.);
#690 = EDGE_LOOP('',(#691,#701,#709,#717,#725,#733,#741,#749,#757,#765,
    #773,#781,#789,#797,#805,#813));
#691 = ORIENTED_EDGE('',*,*,#692,.T.);
#692 = EDGE_CURVE('',#693,#695,#697,.T.);
#693 = VERTEX_POINT('',#694);
#694 = CARTESIAN_POINT('',(150.86900329589,73.131401062012,3.));
#695 = VERTEX_POINT('',#696);
#696 = CARTESIAN_POINT('',(151.38800048828,73.478202819824,3.));
#697 = LINE('',#698,#699);
#698 = CARTESIAN_POINT('',(150.86900329589,73.131401062012,3.));
#699 = VECTOR('',#700,1.);
#700 = DIRECTION('',(0.831455609811,0.555591188657,0.));
#701 = ORIENTED_EDGE('',*,*,#702,.T.);
#702 = EDGE_CURVE('',#695,#703,#705,.T.);
#703 = VERTEX_POINT('',#704);
#704 = CARTESIAN_POINT('',(152.,73.599998474121,3.));
#705 = LINE('',#706,#707);
#706 = CARTESIAN_POINT('',(151.38800048828,73.478202819824,3.));
#707 = VECTOR('',#708,1.);
#708 = DIRECTION('',(0.980766453682,0.195184946477,0.));
#709 = ORIENTED_EDGE('',*,*,#710,.T.);
#710 = EDGE_CURVE('',#703,#711,#713,.T.);
#711 = VERTEX_POINT('',#712);
#712 = CARTESIAN_POINT('',(152.61199951171,73.478202819824,3.));
#713 = LINE('',#714,#715);
#714 = CARTESIAN_POINT('',(152.,73.599998474121,3.));
#715 = VECTOR('',#716,1.);
#716 = DIRECTION('',(0.980766453682,-0.195184946477,0.));
#717 = ORIENTED_EDGE('',*,*,#718,.T.);
#718 = EDGE_CURVE('',#711,#719,#721,.T.);
#719 = VERTEX_POINT('',#720);
#720 = CARTESIAN_POINT('',(153.1309967041,73.131401062012,3.));
#721 = LINE('',#722,#723);
#722 = CARTESIAN_POINT('',(152.61199951171,73.478202819824,3.));
#723 = VECTOR('',#724,1.);
#724 = DIRECTION('',(0.831455609811,-0.555591188657,0.));
#725 = ORIENTED_EDGE('',*,*,#726,.T.);
#726 = EDGE_CURVE('',#719,#727,#729,.T.);
#727 = VERTEX_POINT('',#728);
#728 = CARTESIAN_POINT('',(153.47799682617,72.612297058105,3.));
#729 = LINE('',#730,#731);
#730 = CARTESIAN_POINT('',(153.1309967041,73.131401062012,3.));
#731 = VECTOR('',#732,1.);
#732 = DIRECTION('',(0.555731781361,-0.831361646449,0.));
#733 = ORIENTED_EDGE('',*,*,#734,.T.);
#734 = EDGE_CURVE('',#727,#735,#737,.T.);
#735 = VERTEX_POINT('',#736);
#736 = CARTESIAN_POINT('',(153.60000610351,72.,3.));
#737 = LINE('',#738,#739);
#738 = CARTESIAN_POINT('',(153.47799682617,72.612297058105,3.));
#739 = VECTOR('',#740,1.);
#740 = DIRECTION('',(0.195422834019,-0.980719081054,0.));
#741 = ORIENTED_EDGE('',*,*,#742,.T.);
#742 = EDGE_CURVE('',#735,#743,#745,.T.);
#743 = VERTEX_POINT('',#744);
#744 = CARTESIAN_POINT('',(153.47799682617,71.387702941895,3.));
#745 = LINE('',#746,#747);
#746 = CARTESIAN_POINT('',(153.60000610351,72.,3.));
#747 = VECTOR('',#748,1.);
#748 = DIRECTION('',(-0.195422834019,-0.980719081054,0.));
#749 = ORIENTED_EDGE('',*,*,#750,.T.);
#750 = EDGE_CURVE('',#743,#751,#753,.T.);
#751 = VERTEX_POINT('',#752);
#752 = CARTESIAN_POINT('',(153.1309967041,70.868598937988,3.));
#753 = LINE('',#754,#755);
#754 = CARTESIAN_POINT('',(153.47799682617,71.387702941895,3.));
#755 = VECTOR('',#756,1.);
#756 = DIRECTION('',(-0.555731781361,-0.831361646449,0.));
#757 = ORIENTED_EDGE('',*,*,#758,.T.);
#758 = EDGE_CURVE('',#751,#759,#761,.T.);
#759 = VERTEX_POINT('',#760);
#760 = CARTESIAN_POINT('',(152.61199951171,70.521797180176,3.));
#761 = LINE('',#762,#763);
#762 = CARTESIAN_POINT('',(153.1309967041,70.868598937988,3.));
#763 = VECTOR('',#764,1.);
#764 = DIRECTION('',(-0.831455609811,-0.555591188657,0.));
#765 = ORIENTED_EDGE('',*,*,#766,.T.);
#766 = EDGE_CURVE('',#759,#767,#769,.T.);
#767 = VERTEX_POINT('',#768);
#768 = CARTESIAN_POINT('',(152.,70.400001525879,3.));
#769 = LINE('',#770,#771);
#770 = CARTESIAN_POINT('',(152.61199951171,70.521797180176,3.));
#771 = VECTOR('',#772,1.);
#772 = DIRECTION('',(-0.980766453682,-0.195184946477,0.));
#773 = ORIENTED_EDGE('',*,*,#774,.T.);
#774 = EDGE_CURVE('',#767,#775,#777,.T.);
#775 = VERTEX_POINT('',#776);
#776 = CARTESIAN_POINT('',(151.38800048828,70.521797180176,3.));
#777 = LINE('',#778,#779);
#778 = CARTESIAN_POINT('',(152.,70.400001525879,3.));
#779 = VECTOR('',#780,1.);
#780 = DIRECTION('',(-0.980766453682,0.195184946477,0.));
#781 = ORIENTED_EDGE('',*,*,#782,.T.);
#782 = EDGE_CURVE('',#775,#783,#785,.T.);
#783 = VERTEX_POINT('',#784);
#784 = CARTESIAN_POINT('',(150.86900329589,70.868598937988,3.));
#785 = LINE('',#786,#787);
#786 = CARTESIAN_POINT('',(151.38800048828,70.521797180176,3.));
#787 = VECTOR('',#788,1.);
#788 = DIRECTION('',(-0.831455609811,0.555591188657,0.));
#789 = ORIENTED_EDGE('',*,*,#790,.T.);
#790 = EDGE_CURVE('',#783,#791,#793,.T.);
#791 = VERTEX_POINT('',#792);
#792 = CARTESIAN_POINT('',(150.52200317382,71.387702941895,3.));
#793 = LINE('',#794,#795);
#794 = CARTESIAN_POINT('',(150.86900329589,70.868598937988,3.));
#795 = VECTOR('',#796,1.);
#796 = DIRECTION('',(-0.555731781361,0.831361646449,0.));
#797 = ORIENTED_EDGE('',*,*,#798,.T.);
#798 = EDGE_CURVE('',#791,#799,#801,.T.);
#799 = VERTEX_POINT('',#800);
#800 = CARTESIAN_POINT('',(150.39999389648,72.,3.));
#801 = LINE('',#802,#803);
#802 = CARTESIAN_POINT('',(150.52200317382,71.387702941895,3.));
#803 = VECTOR('',#804,1.);
#804 = DIRECTION('',(-0.195422834019,0.980719081054,0.));
#805 = ORIENTED_EDGE('',*,*,#806,.T.);
#806 = EDGE_CURVE('',#799,#807,#809,.T.);
#807 = VERTEX_POINT('',#808);
#808 = CARTESIAN_POINT('',(150.52200317382,72.612297058105,3.));
#809 = LINE('',#810,#811);
#810 = CARTESIAN_POINT('',(150.39999389648,72.,3.));
#811 = VECTOR('',#812,1.);
#812 = DIRECTION('',(0.195422834019,0.980719081054,0.));
#813 = ORIENTED_EDGE('',*,*,#814,.T.);
#814 = EDGE_CURVE('',#807,#693,#815,.T.);
#815 = LINE('',#816,#817);
#816 = CARTESIAN_POINT('',(150.52200317382,72.612297058105,3.));
#817 = VECTOR('',#818,1.);
#818 = DIRECTION('',(0.555731781361,0.831361646449,0.));
#819 = FACE_BOUND('',#820,.T.);
#820 = EDGE_LOOP('',(#821,#831,#839,#847,#855,#863,#871,#879,#887,#895,
    #903,#911,#919,#927,#935,#943));
#821 = ORIENTED_EDGE('',*,*,#822,.T.);
#822 = EDGE_CURVE('',#823,#825,#827,.T.);
#823 = VERTEX_POINT('',#824);
#824 = CARTESIAN_POINT('',(15.612299919128,13.521800041199,3.));
#825 = VERTEX_POINT('',#826);
#826 = CARTESIAN_POINT('',(15.,13.39999961853,3.));
#827 = LINE('',#828,#829);
#828 = CARTESIAN_POINT('',(15.612299919128,13.521800041199,3.));
#829 = VECTOR('',#830,1.);
#830 = DIRECTION('',(-0.98078331997,-0.195100177522,0.));
#831 = ORIENTED_EDGE('',*,*,#832,.T.);
#832 = EDGE_CURVE('',#825,#833,#835,.T.);
#833 = VERTEX_POINT('',#834);
#834 = CARTESIAN_POINT('',(14.387700080872,13.521800041199,3.));
#835 = LINE('',#836,#837);
#836 = CARTESIAN_POINT('',(15.,13.39999961853,3.));
#837 = VECTOR('',#838,1.);
#838 = DIRECTION('',(-0.98078331997,0.195100177522,0.));
#839 = ORIENTED_EDGE('',*,*,#840,.T.);
#840 = EDGE_CURVE('',#833,#841,#843,.T.);
#841 = VERTEX_POINT('',#842);
#842 = CARTESIAN_POINT('',(13.868599891663,13.868599891663,3.));
#843 = LINE('',#844,#845);
#844 = CARTESIAN_POINT('',(14.387700080872,13.521800041199,3.));
#845 = VECTOR('',#846,1.);
#846 = DIRECTION('',(-0.831507944683,0.555512860273,0.));
#847 = ORIENTED_EDGE('',*,*,#848,.T.);
#848 = EDGE_CURVE('',#841,#849,#851,.T.);
#849 = VERTEX_POINT('',#850);
#850 = CARTESIAN_POINT('',(13.521800041199,14.387700080872,3.));
#851 = LINE('',#852,#853);
#852 = CARTESIAN_POINT('',(13.868599891663,13.868599891663,3.));
#853 = VECTOR('',#854,1.);
#854 = DIRECTION('',(-0.555512860273,0.831507944683,0.));
#855 = ORIENTED_EDGE('',*,*,#856,.T.);
#856 = EDGE_CURVE('',#849,#857,#859,.T.);
#857 = VERTEX_POINT('',#858);
#858 = CARTESIAN_POINT('',(13.39999961853,15.,3.));
#859 = LINE('',#860,#861);
#860 = CARTESIAN_POINT('',(13.521800041199,14.387700080872,3.));
#861 = VECTOR('',#862,1.);
#862 = DIRECTION('',(-0.195100177522,0.98078331997,0.));
#863 = ORIENTED_EDGE('',*,*,#864,.T.);
#864 = EDGE_CURVE('',#857,#865,#867,.T.);
#865 = VERTEX_POINT('',#866);
#866 = CARTESIAN_POINT('',(13.521800041199,15.612299919128,3.));
#867 = LINE('',#868,#869);
#868 = CARTESIAN_POINT('',(13.39999961853,15.,3.));
#869 = VECTOR('',#870,1.);
#870 = DIRECTION('',(0.195100177522,0.98078331997,0.));
#871 = ORIENTED_EDGE('',*,*,#872,.T.);
#872 = EDGE_CURVE('',#865,#873,#875,.T.);
#873 = VERTEX_POINT('',#874);
#874 = CARTESIAN_POINT('',(13.868599891663,16.131399154663,3.));
#875 = LINE('',#876,#877);
#876 = CARTESIAN_POINT('',(13.521800041199,15.612299919128,3.));
#877 = VECTOR('',#878,1.);
#878 = DIRECTION('',(0.555513565902,0.831507473267,0.));
#879 = ORIENTED_EDGE('',*,*,#880,.T.);
#880 = EDGE_CURVE('',#873,#881,#883,.T.);
#881 = VERTEX_POINT('',#882);
#882 = CARTESIAN_POINT('',(14.387700080872,16.478200912476,3.));
#883 = LINE('',#884,#885);
#884 = CARTESIAN_POINT('',(13.868599891663,16.131399154663,3.));
#885 = VECTOR('',#886,1.);
#886 = DIRECTION('',(0.831506533427,0.555514972677,0.));
#887 = ORIENTED_EDGE('',*,*,#888,.T.);
#888 = EDGE_CURVE('',#881,#889,#891,.T.);
#889 = VERTEX_POINT('',#890);
#890 = CARTESIAN_POINT('',(15.,16.60000038147,3.));
#891 = LINE('',#892,#893);
#892 = CARTESIAN_POINT('',(14.387700080872,16.478200912476,3.));
#893 = VECTOR('',#894,1.);
#894 = DIRECTION('',(0.980783612276,0.19509870807,0.));
#895 = ORIENTED_EDGE('',*,*,#896,.T.);
#896 = EDGE_CURVE('',#889,#897,#899,.T.);
#897 = VERTEX_POINT('',#898);
#898 = CARTESIAN_POINT('',(15.612299919128,16.478200912476,3.));
#899 = LINE('',#900,#901);
#900 = CARTESIAN_POINT('',(15.,16.60000038147,3.));
#901 = VECTOR('',#902,1.);
#902 = DIRECTION('',(0.980783612276,-0.19509870807,0.));
#903 = ORIENTED_EDGE('',*,*,#904,.T.);
#904 = EDGE_CURVE('',#897,#905,#907,.T.);
#905 = VERTEX_POINT('',#906);
#906 = CARTESIAN_POINT('',(16.131399154663,16.131399154663,3.));
#907 = LINE('',#908,#909);
#908 = CARTESIAN_POINT('',(15.612299919128,16.478200912476,3.));
#909 = VECTOR('',#910,1.);
#910 = DIRECTION('',(0.831506062008,-0.555515678306,0.));
#911 = ORIENTED_EDGE('',*,*,#912,.T.);
#912 = EDGE_CURVE('',#905,#913,#915,.T.);
#913 = VERTEX_POINT('',#914);
#914 = CARTESIAN_POINT('',(16.478200912476,15.612299919128,3.));
#915 = LINE('',#916,#917);
#916 = CARTESIAN_POINT('',(16.131399154663,16.131399154663,3.));
#917 = VECTOR('',#918,1.);
#918 = DIRECTION('',(0.555515678306,-0.831506062008,0.));
#919 = ORIENTED_EDGE('',*,*,#920,.T.);
#920 = EDGE_CURVE('',#913,#921,#923,.T.);
#921 = VERTEX_POINT('',#922);
#922 = CARTESIAN_POINT('',(16.60000038147,15.,3.));
#923 = LINE('',#924,#925);
#924 = CARTESIAN_POINT('',(16.478200912476,15.612299919128,3.));
#925 = VECTOR('',#926,1.);
#926 = DIRECTION('',(0.19509870807,-0.980783612276,0.));
#927 = ORIENTED_EDGE('',*,*,#928,.T.);
#928 = EDGE_CURVE('',#921,#929,#931,.T.);
#929 = VERTEX_POINT('',#930);
#930 = CARTESIAN_POINT('',(16.478200912476,14.387700080872,3.));
#931 = LINE('',#932,#933);
#932 = CARTESIAN_POINT('',(16.60000038147,15.,3.));
#933 = VECTOR('',#934,1.);
#934 = DIRECTION('',(-0.19509870807,-0.980783612276,0.));
#935 = ORIENTED_EDGE('',*,*,#936,.T.);
#936 = EDGE_CURVE('',#929,#937,#939,.T.);
#937 = VERTEX_POINT('',#938);
#938 = CARTESIAN_POINT('',(16.131399154663,13.868599891663,3.));
#939 = LINE('',#940,#941);
#940 = CARTESIAN_POINT('',(16.478200912476,14.387700080872,3.));
#941 = VECTOR('',#942,1.);
#942 = DIRECTION('',(-0.555514972677,-0.831506533427,0.));
#943 = ORIENTED_EDGE('',*,*,#944,.T.);
#944 = EDGE_CURVE('',#937,#823,#945,.T.);
#945 = LINE('',#946,#947);
#946 = CARTESIAN_POINT('',(16.131399154663,13.868599891663,3.));
#947 = VECTOR('',#948,1.);
#948 = DIRECTION('',(-0.831507473267,-0.555513565902,0.));
#949 = FACE_BOUND('',#950,.T.);
#950 = EDGE_LOOP('',(#951,#961,#969,#977,#985,#993,#1001,#1009,#1017,
    #1025,#1033,#1041,#1049,#1057,#1065,#1073));
#951 = ORIENTED_EDGE('',*,*,#952,.T.);
#952 = EDGE_CURVE('',#953,#955,#957,.T.);
#953 = VERTEX_POINT('',#954);
#954 = CARTESIAN_POINT('',(9.478210449219,7.387710094452,3.));
#955 = VERTEX_POINT('',#956);
#956 = CARTESIAN_POINT('',(9.131369590759,6.868629932404,3.));
#957 = LINE('',#958,#959);
#958 = CARTESIAN_POINT('',(9.478210449219,7.387710094452,3.));
#959 = VECTOR('',#960,1.);
#960 = DIRECTION('',(-0.555573093216,-0.831467701173,0.));
#961 = ORIENTED_EDGE('',*,*,#962,.T.);
#962 = EDGE_CURVE('',#955,#963,#965,.T.);
#963 = VERTEX_POINT('',#964);
#964 = CARTESIAN_POINT('',(8.612290382385,6.521790027618,3.));
#965 = LINE('',#966,#967);
#966 = CARTESIAN_POINT('',(9.131369590759,6.868629932404,3.));
#967 = VECTOR('',#968,1.);
#968 = DIRECTION('',(-0.831467935324,-0.555572742787,0.));
#969 = ORIENTED_EDGE('',*,*,#970,.T.);
#970 = EDGE_CURVE('',#963,#971,#973,.T.);
#971 = VERTEX_POINT('',#972);
#972 = CARTESIAN_POINT('',(8.,6.400000095367,3.));
#973 = LINE('',#974,#975);
#974 = CARTESIAN_POINT('',(8.612290382385,6.521790027618,3.));
#975 = VECTOR('',#976,1.);
#976 = DIRECTION('',(-0.980785953843,-0.195086936375,0.));
#977 = ORIENTED_EDGE('',*,*,#978,.T.);
#978 = EDGE_CURVE('',#971,#979,#981,.T.);
#979 = VERTEX_POINT('',#980);
#980 = CARTESIAN_POINT('',(7.387710094452,6.521790027618,3.));
#981 = LINE('',#982,#983);
#982 = CARTESIAN_POINT('',(8.,6.400000095367,3.));
#983 = VECTOR('',#984,1.);
#984 = DIRECTION('',(-0.980785924773,0.195087082522,0.));
#985 = ORIENTED_EDGE('',*,*,#986,.T.);
#986 = EDGE_CURVE('',#979,#987,#989,.T.);
#987 = VERTEX_POINT('',#988);
#988 = CARTESIAN_POINT('',(6.868629932404,6.868629932404,3.));
#989 = LINE('',#990,#991);
#990 = CARTESIAN_POINT('',(7.387710094452,6.521790027618,3.));
#991 = VECTOR('',#992,1.);
#992 = DIRECTION('',(-0.831468406837,0.555572037123,0.));
#993 = ORIENTED_EDGE('',*,*,#994,.T.);
#994 = EDGE_CURVE('',#987,#995,#997,.T.);
#995 = VERTEX_POINT('',#996);
#996 = CARTESIAN_POINT('',(6.521790027618,7.387710094452,3.));
#997 = LINE('',#998,#999);
#998 = CARTESIAN_POINT('',(6.868629932404,6.868629932404,3.));
#999 = VECTOR('',#1000,1.);
#1000 = DIRECTION('',(-0.555572037123,0.831468406837,0.));
#1001 = ORIENTED_EDGE('',*,*,#1002,.T.);
#1002 = EDGE_CURVE('',#995,#1003,#1005,.T.);
#1003 = VERTEX_POINT('',#1004);
#1004 = CARTESIAN_POINT('',(6.400000095367,8.,3.));
#1005 = LINE('',#1006,#1007);
#1006 = CARTESIAN_POINT('',(6.521790027618,7.387710094452,3.));
#1007 = VECTOR('',#1008,1.);
#1008 = DIRECTION('',(-0.195087082522,0.980785924773,0.));
#1009 = ORIENTED_EDGE('',*,*,#1010,.T.);
#1010 = EDGE_CURVE('',#1003,#1011,#1013,.T.);
#1011 = VERTEX_POINT('',#1012);
#1012 = CARTESIAN_POINT('',(6.521790027618,8.612290382385,3.));
#1013 = LINE('',#1014,#1015);
#1014 = CARTESIAN_POINT('',(6.400000095367,8.,3.));
#1015 = VECTOR('',#1016,1.);
#1016 = DIRECTION('',(0.195086936375,0.980785953843,0.));
#1017 = ORIENTED_EDGE('',*,*,#1018,.T.);
#1018 = EDGE_CURVE('',#1011,#1019,#1021,.T.);
#1019 = VERTEX_POINT('',#1020);
#1020 = CARTESIAN_POINT('',(6.868629932404,9.131369590759,3.));
#1021 = LINE('',#1022,#1023);
#1022 = CARTESIAN_POINT('',(6.521790027618,8.612290382385,3.));
#1023 = VECTOR('',#1024,1.);
#1024 = DIRECTION('',(0.555572742787,0.831467935324,0.));
#1025 = ORIENTED_EDGE('',*,*,#1026,.T.);
#1026 = EDGE_CURVE('',#1019,#1027,#1029,.T.);
#1027 = VERTEX_POINT('',#1028);
#1028 = CARTESIAN_POINT('',(7.387710094452,9.478210449219,3.));
#1029 = LINE('',#1030,#1031);
#1030 = CARTESIAN_POINT('',(6.868629932404,9.131369590759,3.));
#1031 = VECTOR('',#1032,1.);
#1032 = DIRECTION('',(0.831467701173,0.555573093216,0.));
#1033 = ORIENTED_EDGE('',*,*,#1034,.T.);
#1034 = EDGE_CURVE('',#1027,#1035,#1037,.T.);
#1035 = VERTEX_POINT('',#1036);
#1036 = CARTESIAN_POINT('',(8.,9.60000038147,3.));
#1037 = LINE('',#1038,#1039);
#1038 = CARTESIAN_POINT('',(7.387710094452,9.478210449219,3.));
#1039 = VECTOR('',#1040,1.);
#1040 = DIRECTION('',(0.980785924773,0.195087082522,0.));
#1041 = ORIENTED_EDGE('',*,*,#1042,.T.);
#1042 = EDGE_CURVE('',#1035,#1043,#1045,.T.);
#1043 = VERTEX_POINT('',#1044);
#1044 = CARTESIAN_POINT('',(8.612290382385,9.478210449219,3.));
#1045 = LINE('',#1046,#1047);
#1046 = CARTESIAN_POINT('',(8.,9.60000038147,3.));
#1047 = VECTOR('',#1048,1.);
#1048 = DIRECTION('',(0.980785953843,-0.195086936375,0.));
#1049 = ORIENTED_EDGE('',*,*,#1050,.T.);
#1050 = EDGE_CURVE('',#1043,#1051,#1053,.T.);
#1051 = VERTEX_POINT('',#1052);
#1052 = CARTESIAN_POINT('',(9.131369590759,9.131369590759,3.));
#1053 = LINE('',#1054,#1055);
#1054 = CARTESIAN_POINT('',(8.612290382385,9.478210449219,3.));
#1055 = VECTOR('',#1056,1.);
#1056 = DIRECTION('',(0.83146722966,-0.55557379888,0.));
#1057 = ORIENTED_EDGE('',*,*,#1058,.T.);
#1058 = EDGE_CURVE('',#1051,#1059,#1061,.T.);
#1059 = VERTEX_POINT('',#1060);
#1060 = CARTESIAN_POINT('',(9.478210449219,8.612290382385,3.));
#1061 = LINE('',#1062,#1063);
#1062 = CARTESIAN_POINT('',(9.131369590759,9.131369590759,3.));
#1063 = VECTOR('',#1064,1.);
#1064 = DIRECTION('',(0.55557379888,-0.83146722966,0.));
#1065 = ORIENTED_EDGE('',*,*,#1066,.T.);
#1066 = EDGE_CURVE('',#1059,#1067,#1069,.T.);
#1067 = VERTEX_POINT('',#1068);
#1068 = CARTESIAN_POINT('',(9.60000038147,8.,3.));
#1069 = LINE('',#1070,#1071);
#1070 = CARTESIAN_POINT('',(9.478210449219,8.612290382385,3.));
#1071 = VECTOR('',#1072,1.);
#1072 = DIRECTION('',(0.195086936375,-0.980785953843,0.));
#1073 = ORIENTED_EDGE('',*,*,#1074,.T.);
#1074 = EDGE_CURVE('',#1067,#953,#1075,.T.);
#1075 = LINE('',#1076,#1077);
#1076 = CARTESIAN_POINT('',(9.60000038147,8.,3.));
#1077 = VECTOR('',#1078,1.);
#1078 = DIRECTION('',(-0.195087082522,-0.980785924773,0.));
#1079 = FACE_BOUND('',#1080,.T.);
#1080 = EDGE_LOOP('',(#1081,#1091,#1099,#1107,#1115,#1123,#1131,#1139,
    #1147,#1155,#1163,#1171,#1179,#1187,#1195,#1203));
#1081 = ORIENTED_EDGE('',*,*,#1082,.T.);
#1082 = EDGE_CURVE('',#1083,#1085,#1087,.T.);
#1083 = VERTEX_POINT('',#1084);
#1084 = CARTESIAN_POINT('',(13.521800041199,65.612297058105,3.));
#1085 = VERTEX_POINT('',#1086);
#1086 = CARTESIAN_POINT('',(13.868599891663,66.131401062012,3.));
#1087 = LINE('',#1088,#1089);
#1088 = CARTESIAN_POINT('',(13.521800041199,65.612297058105,3.));
#1089 = VECTOR('',#1090,1.);
#1090 = DIRECTION('',(0.555510037772,0.83150983033,0.));
#1091 = ORIENTED_EDGE('',*,*,#1092,.T.);
#1092 = EDGE_CURVE('',#1085,#1093,#1095,.T.);
#1093 = VERTEX_POINT('',#1094);
#1094 = CARTESIAN_POINT('',(14.387700080872,66.478202819824,3.));
#1095 = LINE('',#1096,#1097);
#1096 = CARTESIAN_POINT('',(13.868599891663,66.131401062012,3.));
#1097 = VECTOR('',#1098,1.);
#1098 = DIRECTION('',(0.831506533427,0.555514972677,0.));
#1099 = ORIENTED_EDGE('',*,*,#1100,.T.);
#1100 = EDGE_CURVE('',#1093,#1101,#1103,.T.);
#1101 = VERTEX_POINT('',#1102);
#1102 = CARTESIAN_POINT('',(15.,66.599998474121,3.));
#1103 = LINE('',#1104,#1105);
#1104 = CARTESIAN_POINT('',(14.387700080872,66.478202819824,3.));
#1105 = VECTOR('',#1106,1.);
#1106 = DIRECTION('',(0.980784781481,0.19509283025,0.));
#1107 = ORIENTED_EDGE('',*,*,#1108,.T.);
#1108 = EDGE_CURVE('',#1101,#1109,#1111,.T.);
#1109 = VERTEX_POINT('',#1110);
#1110 = CARTESIAN_POINT('',(15.612299919128,66.478202819824,3.));
#1111 = LINE('',#1112,#1113);
#1112 = CARTESIAN_POINT('',(15.,66.599998474121,3.));
#1113 = VECTOR('',#1114,1.);
#1114 = DIRECTION('',(0.980784781481,-0.19509283025,0.));
#1115 = ORIENTED_EDGE('',*,*,#1116,.T.);
#1116 = EDGE_CURVE('',#1109,#1117,#1119,.T.);
#1117 = VERTEX_POINT('',#1118);
#1118 = CARTESIAN_POINT('',(16.131399154663,66.131401062012,3.));
#1119 = LINE('',#1120,#1121);
#1120 = CARTESIAN_POINT('',(15.612299919128,66.478202819824,3.));
#1121 = VECTOR('',#1122,1.);
#1122 = DIRECTION('',(0.831506062008,-0.555515678306,0.));
#1123 = ORIENTED_EDGE('',*,*,#1124,.T.);
#1124 = EDGE_CURVE('',#1117,#1125,#1127,.T.);
#1125 = VERTEX_POINT('',#1126);
#1126 = CARTESIAN_POINT('',(16.478200912476,65.612297058105,3.));
#1127 = LINE('',#1128,#1129);
#1128 = CARTESIAN_POINT('',(16.131399154663,66.131401062012,3.));
#1129 = VECTOR('',#1130,1.);
#1130 = DIRECTION('',(0.555512150175,-0.831508419084,0.));
#1131 = ORIENTED_EDGE('',*,*,#1132,.T.);
#1132 = EDGE_CURVE('',#1125,#1133,#1135,.T.);
#1133 = VERTEX_POINT('',#1134);
#1134 = CARTESIAN_POINT('',(16.60000038147,65.,3.));
#1135 = LINE('',#1136,#1137);
#1136 = CARTESIAN_POINT('',(16.478200912476,65.612297058105,3.));
#1137 = VECTOR('',#1138,1.);
#1138 = DIRECTION('',(0.19509958499,-0.980783437838,0.));
#1139 = ORIENTED_EDGE('',*,*,#1140,.T.);
#1140 = EDGE_CURVE('',#1133,#1141,#1143,.T.);
#1141 = VERTEX_POINT('',#1142);
#1142 = CARTESIAN_POINT('',(16.478200912476,64.387702941895,3.));
#1143 = LINE('',#1144,#1145);
#1144 = CARTESIAN_POINT('',(16.60000038147,65.,3.));
#1145 = VECTOR('',#1146,1.);
#1146 = DIRECTION('',(-0.19509958499,-0.980783437838,0.));
#1147 = ORIENTED_EDGE('',*,*,#1148,.T.);
#1148 = EDGE_CURVE('',#1141,#1149,#1151,.T.);
#1149 = VERTEX_POINT('',#1150);
#1150 = CARTESIAN_POINT('',(16.131399154663,63.868598937988,3.));
#1151 = LINE('',#1152,#1153);
#1152 = CARTESIAN_POINT('',(16.478200912476,64.387702941895,3.));
#1153 = VECTOR('',#1154,1.);
#1154 = DIRECTION('',(-0.555512150175,-0.831508419084,0.));
#1155 = ORIENTED_EDGE('',*,*,#1156,.T.);
#1156 = EDGE_CURVE('',#1149,#1157,#1159,.T.);
#1157 = VERTEX_POINT('',#1158);
#1158 = CARTESIAN_POINT('',(15.612299919128,63.521800994873,3.));
#1159 = LINE('',#1160,#1161);
#1160 = CARTESIAN_POINT('',(16.131399154663,63.868598937988,3.));
#1161 = VECTOR('',#1162,1.);
#1162 = DIRECTION('',(-0.831508884526,-0.555511453486,0.));
#1163 = ORIENTED_EDGE('',*,*,#1164,.T.);
#1164 = EDGE_CURVE('',#1157,#1165,#1167,.T.);
#1165 = VERTEX_POINT('',#1166);
#1166 = CARTESIAN_POINT('',(15.,63.400001525879,3.));
#1167 = LINE('',#1168,#1169);
#1168 = CARTESIAN_POINT('',(15.612299919128,63.521800994873,3.));
#1169 = VECTOR('',#1170,1.);
#1170 = DIRECTION('',(-0.980783612276,-0.19509870807,0.));
#1171 = ORIENTED_EDGE('',*,*,#1172,.T.);
#1172 = EDGE_CURVE('',#1165,#1173,#1175,.T.);
#1173 = VERTEX_POINT('',#1174);
#1174 = CARTESIAN_POINT('',(14.387700080872,63.521800994873,3.));
#1175 = LINE('',#1176,#1177);
#1176 = CARTESIAN_POINT('',(15.,63.400001525879,3.));
#1177 = VECTOR('',#1178,1.);
#1178 = DIRECTION('',(-0.980783612276,0.19509870807,0.));
#1179 = ORIENTED_EDGE('',*,*,#1180,.T.);
#1180 = EDGE_CURVE('',#1173,#1181,#1183,.T.);
#1181 = VERTEX_POINT('',#1182);
#1182 = CARTESIAN_POINT('',(13.868599891663,63.868598937988,3.));
#1183 = LINE('',#1184,#1185);
#1184 = CARTESIAN_POINT('',(14.387700080872,63.521800994873,3.));
#1185 = VECTOR('',#1186,1.);
#1186 = DIRECTION('',(-0.831509355939,0.555510747858,0.));
#1187 = ORIENTED_EDGE('',*,*,#1188,.T.);
#1188 = EDGE_CURVE('',#1181,#1189,#1191,.T.);
#1189 = VERTEX_POINT('',#1190);
#1190 = CARTESIAN_POINT('',(13.521800041199,64.387702941895,3.));
#1191 = LINE('',#1192,#1193);
#1192 = CARTESIAN_POINT('',(13.868599891663,63.868598937988,3.));
#1193 = VECTOR('',#1194,1.);
#1194 = DIRECTION('',(-0.555510037772,0.83150983033,0.));
#1195 = ORIENTED_EDGE('',*,*,#1196,.T.);
#1196 = EDGE_CURVE('',#1189,#1197,#1199,.T.);
#1197 = VERTEX_POINT('',#1198);
#1198 = CARTESIAN_POINT('',(13.39999961853,65.,3.));
#1199 = LINE('',#1200,#1201);
#1200 = CARTESIAN_POINT('',(13.521800041199,64.387702941895,3.));
#1201 = VECTOR('',#1202,1.);
#1202 = DIRECTION('',(-0.195101054448,0.980783145529,0.));
#1203 = ORIENTED_EDGE('',*,*,#1204,.T.);
#1204 = EDGE_CURVE('',#1197,#1083,#1205,.T.);
#1205 = LINE('',#1206,#1207);
#1206 = CARTESIAN_POINT('',(13.39999961853,65.,3.));
#1207 = VECTOR('',#1208,1.);
#1208 = DIRECTION('',(0.195101054448,0.980783145529,0.));
#1209 = FACE_BOUND('',#1210,.T.);
#1210 = EDGE_LOOP('',(#1211,#1221,#1229,#1237,#1245,#1253,#1261,#1269,
    #1277,#1285,#1293,#1301,#1309,#1317,#1325,#1333));
#1211 = ORIENTED_EDGE('',*,*,#1212,.T.);
#1212 = EDGE_CURVE('',#1213,#1215,#1217,.T.);
#1213 = VERTEX_POINT('',#1214);
#1214 = CARTESIAN_POINT('',(8.,73.599998474121,3.));
#1215 = VERTEX_POINT('',#1216);
#1216 = CARTESIAN_POINT('',(8.612290382385,73.478202819824,3.));
#1217 = LINE('',#1218,#1219);
#1218 = CARTESIAN_POINT('',(8.,73.599998474121,3.));
#1219 = VECTOR('',#1220,1.);
#1220 = DIRECTION('',(0.980784200045,-0.195095753265,0.));
#1221 = ORIENTED_EDGE('',*,*,#1222,.T.);
#1222 = EDGE_CURVE('',#1215,#1223,#1225,.T.);
#1223 = VERTEX_POINT('',#1224);
#1224 = CARTESIAN_POINT('',(9.131369590759,73.131401062012,3.));
#1225 = LINE('',#1226,#1227);
#1226 = CARTESIAN_POINT('',(8.612290382385,73.478202819824,3.));
#1227 = VECTOR('',#1228,1.);
#1228 = DIRECTION('',(0.831496161798,-0.555530496837,0.));
#1229 = ORIENTED_EDGE('',*,*,#1230,.T.);
#1230 = EDGE_CURVE('',#1223,#1231,#1233,.T.);
#1231 = VERTEX_POINT('',#1232);
#1232 = CARTESIAN_POINT('',(9.478210449219,72.612297058105,3.));
#1233 = LINE('',#1234,#1235);
#1234 = CARTESIAN_POINT('',(9.131369590759,73.131401062012,3.));
#1235 = VECTOR('',#1236,1.);
#1236 = DIRECTION('',(0.555555452065,-0.831479488431,0.));
#1237 = ORIENTED_EDGE('',*,*,#1238,.T.);
#1238 = EDGE_CURVE('',#1231,#1239,#1241,.T.);
#1239 = VERTEX_POINT('',#1240);
#1240 = CARTESIAN_POINT('',(9.60000038147,72.,3.));
#1241 = LINE('',#1242,#1243);
#1242 = CARTESIAN_POINT('',(9.478210449219,72.612297058105,3.));
#1243 = VECTOR('',#1244,1.);
#1244 = DIRECTION('',(0.195084890341,-0.980786360815,0.));
#1245 = ORIENTED_EDGE('',*,*,#1246,.T.);
#1246 = EDGE_CURVE('',#1239,#1247,#1249,.T.);
#1247 = VERTEX_POINT('',#1248);
#1248 = CARTESIAN_POINT('',(9.478210449219,71.387702941895,3.));
#1249 = LINE('',#1250,#1251);
#1250 = CARTESIAN_POINT('',(9.60000038147,72.,3.));
#1251 = VECTOR('',#1252,1.);
#1252 = DIRECTION('',(-0.195084890341,-0.980786360815,0.));
#1253 = ORIENTED_EDGE('',*,*,#1254,.T.);
#1254 = EDGE_CURVE('',#1247,#1255,#1257,.T.);
#1255 = VERTEX_POINT('',#1256);
#1256 = CARTESIAN_POINT('',(9.131369590759,70.868598937988,3.));
#1257 = LINE('',#1258,#1259);
#1258 = CARTESIAN_POINT('',(9.478210449219,71.387702941895,3.));
#1259 = VECTOR('',#1260,1.);
#1260 = DIRECTION('',(-0.555555452065,-0.831479488431,0.));
#1261 = ORIENTED_EDGE('',*,*,#1262,.T.);
#1262 = EDGE_CURVE('',#1255,#1263,#1265,.T.);
#1263 = VERTEX_POINT('',#1264);
#1264 = CARTESIAN_POINT('',(8.612290382385,70.521797180176,3.));
#1265 = LINE('',#1266,#1267);
#1266 = CARTESIAN_POINT('',(9.131369590759,70.868598937988,3.));
#1267 = VECTOR('',#1268,1.);
#1268 = DIRECTION('',(-0.831496161798,-0.555530496837,0.));
#1269 = ORIENTED_EDGE('',*,*,#1270,.T.);
#1270 = EDGE_CURVE('',#1263,#1271,#1273,.T.);
#1271 = VERTEX_POINT('',#1272);
#1272 = CARTESIAN_POINT('',(8.,70.400001525879,3.));
#1273 = LINE('',#1274,#1275);
#1274 = CARTESIAN_POINT('',(8.612290382385,70.521797180176,3.));
#1275 = VECTOR('',#1276,1.);
#1276 = DIRECTION('',(-0.980784200045,-0.195095753265,0.));
#1277 = ORIENTED_EDGE('',*,*,#1278,.T.);
#1278 = EDGE_CURVE('',#1271,#1279,#1281,.T.);
#1279 = VERTEX_POINT('',#1280);
#1280 = CARTESIAN_POINT('',(7.387710094452,70.521797180176,3.));
#1281 = LINE('',#1282,#1283);
#1282 = CARTESIAN_POINT('',(8.,70.400001525879,3.));
#1283 = VECTOR('',#1284,1.);
#1284 = DIRECTION('',(-0.980784170972,0.195095899418,0.));
#1285 = ORIENTED_EDGE('',*,*,#1286,.T.);
#1286 = EDGE_CURVE('',#1279,#1287,#1289,.T.);
#1287 = VERTEX_POINT('',#1288);
#1288 = CARTESIAN_POINT('',(6.868629932404,70.868598937988,3.));
#1289 = LINE('',#1290,#1291);
#1290 = CARTESIAN_POINT('',(7.387710094452,70.521797180176,3.));
#1291 = VECTOR('',#1292,1.);
#1292 = DIRECTION('',(-0.831496633254,0.555529791179,0.));
#1293 = ORIENTED_EDGE('',*,*,#1294,.T.);
#1294 = EDGE_CURVE('',#1287,#1295,#1297,.T.);
#1295 = VERTEX_POINT('',#1296);
#1296 = CARTESIAN_POINT('',(6.521790027618,71.387702941895,3.));
#1297 = LINE('',#1298,#1299);
#1298 = CARTESIAN_POINT('',(6.868629932404,70.868598937988,3.));
#1299 = VECTOR('',#1300,1.);
#1300 = DIRECTION('',(-0.555554395975,0.831480194059,0.));
#1301 = ORIENTED_EDGE('',*,*,#1302,.T.);
#1302 = EDGE_CURVE('',#1295,#1303,#1305,.T.);
#1303 = VERTEX_POINT('',#1304);
#1304 = CARTESIAN_POINT('',(6.400000095367,72.,3.));
#1305 = LINE('',#1306,#1307);
#1306 = CARTESIAN_POINT('',(6.521790027618,71.387702941895,3.));
#1307 = VECTOR('',#1308,1.);
#1308 = DIRECTION('',(-0.195084890341,0.980786360815,0.));
#1309 = ORIENTED_EDGE('',*,*,#1310,.T.);
#1310 = EDGE_CURVE('',#1303,#1311,#1313,.T.);
#1311 = VERTEX_POINT('',#1312);
#1312 = CARTESIAN_POINT('',(6.521790027618,72.612297058105,3.));
#1313 = LINE('',#1314,#1315);
#1314 = CARTESIAN_POINT('',(6.400000095367,72.,3.));
#1315 = VECTOR('',#1316,1.);
#1316 = DIRECTION('',(0.195084890341,0.980786360815,0.));
#1317 = ORIENTED_EDGE('',*,*,#1318,.T.);
#1318 = EDGE_CURVE('',#1311,#1319,#1321,.T.);
#1319 = VERTEX_POINT('',#1320);
#1320 = CARTESIAN_POINT('',(6.868629932404,73.131401062012,3.));
#1321 = LINE('',#1322,#1323);
#1322 = CARTESIAN_POINT('',(6.521790027618,72.612297058105,3.));
#1323 = VECTOR('',#1324,1.);
#1324 = DIRECTION('',(0.555554395975,0.831480194059,0.));
#1325 = ORIENTED_EDGE('',*,*,#1326,.T.);
#1326 = EDGE_CURVE('',#1319,#1327,#1329,.T.);
#1327 = VERTEX_POINT('',#1328);
#1328 = CARTESIAN_POINT('',(7.387710094452,73.478202819824,3.));
#1329 = LINE('',#1330,#1331);
#1330 = CARTESIAN_POINT('',(6.868629932404,73.131401062012,3.));
#1331 = VECTOR('',#1332,1.);
#1332 = DIRECTION('',(0.831496633254,0.555529791179,0.));
#1333 = ORIENTED_EDGE('',*,*,#1334,.T.);
#1334 = EDGE_CURVE('',#1327,#1213,#1335,.T.);
#1335 = LINE('',#1336,#1337);
#1336 = CARTESIAN_POINT('',(7.387710094452,73.478202819824,3.));
#1337 = VECTOR('',#1338,1.);
#1338 = DIRECTION('',(0.980784170972,0.195095899418,0.));
#1339 = FACE_BOUND('',#1340,.T.);
#1340 = EDGE_LOOP('',(#1341,#1351,#1359,#1367,#1375,#1383,#1391,#1399,
    #1407,#1415,#1423,#1431,#1439,#1447,#1455,#1463));
#1341 = ORIENTED_EDGE('',*,*,#1342,.T.);
#1342 = EDGE_CURVE('',#1343,#1345,#1347,.T.);
#1343 = VERTEX_POINT('',#1344);
#1344 = CARTESIAN_POINT('',(79.387702941895,6.521790027618,3.));
#1345 = VERTEX_POINT('',#1346);
#1346 = CARTESIAN_POINT('',(78.868598937988,6.868629932404,3.));
#1347 = LINE('',#1348,#1349);
#1348 = CARTESIAN_POINT('',(79.387702941895,6.521790027618,3.));
#1349 = VECTOR('',#1350,1.);
#1350 = DIRECTION('',(-0.831480194059,0.555554395975,0.));
#1351 = ORIENTED_EDGE('',*,*,#1352,.T.);
#1352 = EDGE_CURVE('',#1345,#1353,#1355,.T.);
#1353 = VERTEX_POINT('',#1354);
#1354 = CARTESIAN_POINT('',(78.521797180176,7.387710094452,3.));
#1355 = LINE('',#1356,#1357);
#1356 = CARTESIAN_POINT('',(78.868598937988,6.868629932404,3.));
#1357 = VECTOR('',#1358,1.);
#1358 = DIRECTION('',(-0.555529791179,0.831496633254,0.));
#1359 = ORIENTED_EDGE('',*,*,#1360,.T.);
#1360 = EDGE_CURVE('',#1353,#1361,#1363,.T.);
#1361 = VERTEX_POINT('',#1362);
#1362 = CARTESIAN_POINT('',(78.400001525879,8.,3.));
#1363 = LINE('',#1364,#1365);
#1364 = CARTESIAN_POINT('',(78.521797180176,7.387710094452,3.));
#1365 = VECTOR('',#1366,1.);
#1366 = DIRECTION('',(-0.195095899418,0.980784170972,0.));
#1367 = ORIENTED_EDGE('',*,*,#1368,.T.);
#1368 = EDGE_CURVE('',#1361,#1369,#1371,.T.);
#1369 = VERTEX_POINT('',#1370);
#1370 = CARTESIAN_POINT('',(78.521797180176,8.612290382385,3.));
#1371 = LINE('',#1372,#1373);
#1372 = CARTESIAN_POINT('',(78.400001525879,8.,3.));
#1373 = VECTOR('',#1374,1.);
#1374 = DIRECTION('',(0.195095753265,0.980784200045,0.));
#1375 = ORIENTED_EDGE('',*,*,#1376,.T.);
#1376 = EDGE_CURVE('',#1369,#1377,#1379,.T.);
#1377 = VERTEX_POINT('',#1378);
#1378 = CARTESIAN_POINT('',(78.868598937988,9.131369590759,3.));
#1379 = LINE('',#1380,#1381);
#1380 = CARTESIAN_POINT('',(78.521797180176,8.612290382385,3.));
#1381 = VECTOR('',#1382,1.);
#1382 = DIRECTION('',(0.555530496837,0.831496161798,0.));
#1383 = ORIENTED_EDGE('',*,*,#1384,.T.);
#1384 = EDGE_CURVE('',#1377,#1385,#1387,.T.);
#1385 = VERTEX_POINT('',#1386);
#1386 = CARTESIAN_POINT('',(79.387702941895,9.478210449219,3.));
#1387 = LINE('',#1388,#1389);
#1388 = CARTESIAN_POINT('',(78.868598937988,9.131369590759,3.));
#1389 = VECTOR('',#1390,1.);
#1390 = DIRECTION('',(0.831479488431,0.555555452065,0.));
#1391 = ORIENTED_EDGE('',*,*,#1392,.T.);
#1392 = EDGE_CURVE('',#1385,#1393,#1395,.T.);
#1393 = VERTEX_POINT('',#1394);
#1394 = CARTESIAN_POINT('',(80.,9.60000038147,3.));
#1395 = LINE('',#1396,#1397);
#1396 = CARTESIAN_POINT('',(79.387702941895,9.478210449219,3.));
#1397 = VECTOR('',#1398,1.);
#1398 = DIRECTION('',(0.980786360815,0.195084890341,0.));
#1399 = ORIENTED_EDGE('',*,*,#1400,.T.);
#1400 = EDGE_CURVE('',#1393,#1401,#1403,.T.);
#1401 = VERTEX_POINT('',#1402);
#1402 = CARTESIAN_POINT('',(80.612297058105,9.478210449219,3.));
#1403 = LINE('',#1404,#1405);
#1404 = CARTESIAN_POINT('',(80.,9.60000038147,3.));
#1405 = VECTOR('',#1406,1.);
#1406 = DIRECTION('',(0.980786360815,-0.195084890341,0.));
#1407 = ORIENTED_EDGE('',*,*,#1408,.T.);
#1408 = EDGE_CURVE('',#1401,#1409,#1411,.T.);
#1409 = VERTEX_POINT('',#1410);
#1410 = CARTESIAN_POINT('',(81.131401062012,9.131369590759,3.));
#1411 = LINE('',#1412,#1413);
#1412 = CARTESIAN_POINT('',(80.612297058105,9.478210449219,3.));
#1413 = VECTOR('',#1414,1.);
#1414 = DIRECTION('',(0.831479488431,-0.555555452065,0.));
#1415 = ORIENTED_EDGE('',*,*,#1416,.T.);
#1416 = EDGE_CURVE('',#1409,#1417,#1419,.T.);
#1417 = VERTEX_POINT('',#1418);
#1418 = CARTESIAN_POINT('',(81.478202819824,8.612290382385,3.));
#1419 = LINE('',#1420,#1421);
#1420 = CARTESIAN_POINT('',(81.131401062012,9.131369590759,3.));
#1421 = VECTOR('',#1422,1.);
#1422 = DIRECTION('',(0.555530496837,-0.831496161798,0.));
#1423 = ORIENTED_EDGE('',*,*,#1424,.T.);
#1424 = EDGE_CURVE('',#1417,#1425,#1427,.T.);
#1425 = VERTEX_POINT('',#1426);
#1426 = CARTESIAN_POINT('',(81.599998474121,8.,3.));
#1427 = LINE('',#1428,#1429);
#1428 = CARTESIAN_POINT('',(81.478202819824,8.612290382385,3.));
#1429 = VECTOR('',#1430,1.);
#1430 = DIRECTION('',(0.195095753265,-0.980784200045,0.));
#1431 = ORIENTED_EDGE('',*,*,#1432,.T.);
#1432 = EDGE_CURVE('',#1425,#1433,#1435,.T.);
#1433 = VERTEX_POINT('',#1434);
#1434 = CARTESIAN_POINT('',(81.478202819824,7.387710094452,3.));
#1435 = LINE('',#1436,#1437);
#1436 = CARTESIAN_POINT('',(81.599998474121,8.,3.));
#1437 = VECTOR('',#1438,1.);
#1438 = DIRECTION('',(-0.195095899418,-0.980784170972,0.));
#1439 = ORIENTED_EDGE('',*,*,#1440,.T.);
#1440 = EDGE_CURVE('',#1433,#1441,#1443,.T.);
#1441 = VERTEX_POINT('',#1442);
#1442 = CARTESIAN_POINT('',(81.131401062012,6.868629932404,3.));
#1443 = LINE('',#1444,#1445);
#1444 = CARTESIAN_POINT('',(81.478202819824,7.387710094452,3.));
#1445 = VECTOR('',#1446,1.);
#1446 = DIRECTION('',(-0.555529791179,-0.831496633254,0.));
#1447 = ORIENTED_EDGE('',*,*,#1448,.T.);
#1448 = EDGE_CURVE('',#1441,#1449,#1451,.T.);
#1449 = VERTEX_POINT('',#1450);
#1450 = CARTESIAN_POINT('',(80.612297058105,6.521790027618,3.));
#1451 = LINE('',#1452,#1453);
#1452 = CARTESIAN_POINT('',(81.131401062012,6.868629932404,3.));
#1453 = VECTOR('',#1454,1.);
#1454 = DIRECTION('',(-0.831480194059,-0.555554395975,0.));
#1455 = ORIENTED_EDGE('',*,*,#1456,.T.);
#1456 = EDGE_CURVE('',#1449,#1457,#1459,.T.);
#1457 = VERTEX_POINT('',#1458);
#1458 = CARTESIAN_POINT('',(80.,6.400000095367,3.));
#1459 = LINE('',#1460,#1461);
#1460 = CARTESIAN_POINT('',(80.612297058105,6.521790027618,3.));
#1461 = VECTOR('',#1462,1.);
#1462 = DIRECTION('',(-0.980786360815,-0.195084890341,0.));
#1463 = ORIENTED_EDGE('',*,*,#1464,.T.);
#1464 = EDGE_CURVE('',#1457,#1343,#1465,.T.);
#1465 = LINE('',#1466,#1467);
#1466 = CARTESIAN_POINT('',(80.,6.400000095367,3.));
#1467 = VECTOR('',#1468,1.);
#1468 = DIRECTION('',(-0.980786360815,0.195084890341,0.));
#1469 = FACE_BOUND('',#1470,.T.);
#1470 = EDGE_LOOP('',(#1471,#1481,#1489,#1497,#1505,#1513,#1521,#1529,
    #1537,#1545,#1553,#1561,#1569,#1577,#1585,#1593));
#1471 = ORIENTED_EDGE('',*,*,#1472,.T.);
#1472 = EDGE_CURVE('',#1473,#1475,#1477,.T.);
#1473 = VERTEX_POINT('',#1474);
#1474 = CARTESIAN_POINT('',(81.599998474121,72.,3.));
#1475 = VERTEX_POINT('',#1476);
#1476 = CARTESIAN_POINT('',(81.478202819824,71.387702941895,3.));
#1477 = LINE('',#1478,#1479);
#1478 = CARTESIAN_POINT('',(81.599998474121,72.,3.));
#1479 = VECTOR('',#1480,1.);
#1480 = DIRECTION('',(-0.195093707146,-0.980784607053,0.));
#1481 = ORIENTED_EDGE('',*,*,#1482,.T.);
#1482 = EDGE_CURVE('',#1475,#1483,#1485,.T.);
#1483 = VERTEX_POINT('',#1484);
#1484 = CARTESIAN_POINT('',(81.131401062012,70.868598937988,3.));
#1485 = LINE('',#1486,#1487);
#1486 = CARTESIAN_POINT('',(81.478202819824,71.387702941895,3.));
#1487 = VECTOR('',#1488,1.);
#1488 = DIRECTION('',(-0.555512150175,-0.831508419084,0.));
#1489 = ORIENTED_EDGE('',*,*,#1490,.T.);
#1490 = EDGE_CURVE('',#1483,#1491,#1493,.T.);
#1491 = VERTEX_POINT('',#1492);
#1492 = CARTESIAN_POINT('',(80.612297058105,70.521797180176,3.));
#1493 = LINE('',#1494,#1495);
#1494 = CARTESIAN_POINT('',(81.131401062012,70.868598937988,3.));
#1495 = VECTOR('',#1496,1.);
#1496 = DIRECTION('',(-0.831508419084,-0.555512150175,0.));
#1497 = ORIENTED_EDGE('',*,*,#1498,.T.);
#1498 = EDGE_CURVE('',#1491,#1499,#1501,.T.);
#1499 = VERTEX_POINT('',#1500);
#1500 = CARTESIAN_POINT('',(80.,70.400001525879,3.));
#1501 = LINE('',#1502,#1503);
#1502 = CARTESIAN_POINT('',(80.612297058105,70.521797180176,3.));
#1503 = VECTOR('',#1504,1.);
#1504 = DIRECTION('',(-0.980784607053,-0.195093707146,0.));
#1505 = ORIENTED_EDGE('',*,*,#1506,.T.);
#1506 = EDGE_CURVE('',#1499,#1507,#1509,.T.);
#1507 = VERTEX_POINT('',#1508);
#1508 = CARTESIAN_POINT('',(79.387702941895,70.521797180176,3.));
#1509 = LINE('',#1510,#1511);
#1510 = CARTESIAN_POINT('',(80.,70.400001525879,3.));
#1511 = VECTOR('',#1512,1.);
#1512 = DIRECTION('',(-0.980784607053,0.195093707146,0.));
#1513 = ORIENTED_EDGE('',*,*,#1514,.T.);
#1514 = EDGE_CURVE('',#1507,#1515,#1517,.T.);
#1515 = VERTEX_POINT('',#1516);
#1516 = CARTESIAN_POINT('',(78.868598937988,70.868598937988,3.));
#1517 = LINE('',#1518,#1519);
#1518 = CARTESIAN_POINT('',(79.387702941895,70.521797180176,3.));
#1519 = VECTOR('',#1520,1.);
#1520 = DIRECTION('',(-0.831508419084,0.555512150175,0.));
#1521 = ORIENTED_EDGE('',*,*,#1522,.T.);
#1522 = EDGE_CURVE('',#1515,#1523,#1525,.T.);
#1523 = VERTEX_POINT('',#1524);
#1524 = CARTESIAN_POINT('',(78.521797180176,71.387702941895,3.));
#1525 = LINE('',#1526,#1527);
#1526 = CARTESIAN_POINT('',(78.868598937988,70.868598937988,3.));
#1527 = VECTOR('',#1528,1.);
#1528 = DIRECTION('',(-0.555512150175,0.831508419084,0.));
#1529 = ORIENTED_EDGE('',*,*,#1530,.T.);
#1530 = EDGE_CURVE('',#1523,#1531,#1533,.T.);
#1531 = VERTEX_POINT('',#1532);
#1532 = CARTESIAN_POINT('',(78.400001525879,72.,3.));
#1533 = LINE('',#1534,#1535);
#1534 = CARTESIAN_POINT('',(78.521797180176,71.387702941895,3.));
#1535 = VECTOR('',#1536,1.);
#1536 = DIRECTION('',(-0.195093707146,0.980784607053,0.));
#1537 = ORIENTED_EDGE('',*,*,#1538,.T.);
#1538 = EDGE_CURVE('',#1531,#1539,#1541,.T.);
#1539 = VERTEX_POINT('',#1540);
#1540 = CARTESIAN_POINT('',(78.521797180176,72.612297058105,3.));
#1541 = LINE('',#1542,#1543);
#1542 = CARTESIAN_POINT('',(78.400001525879,72.,3.));
#1543 = VECTOR('',#1544,1.);
#1544 = DIRECTION('',(0.195093707146,0.980784607053,0.));
#1545 = ORIENTED_EDGE('',*,*,#1546,.T.);
#1546 = EDGE_CURVE('',#1539,#1547,#1549,.T.);
#1547 = VERTEX_POINT('',#1548);
#1548 = CARTESIAN_POINT('',(78.868598937988,73.131401062012,3.));
#1549 = LINE('',#1550,#1551);
#1550 = CARTESIAN_POINT('',(78.521797180176,72.612297058105,3.));
#1551 = VECTOR('',#1552,1.);
#1552 = DIRECTION('',(0.555512150175,0.831508419084,0.));
#1553 = ORIENTED_EDGE('',*,*,#1554,.T.);
#1554 = EDGE_CURVE('',#1547,#1555,#1557,.T.);
#1555 = VERTEX_POINT('',#1556);
#1556 = CARTESIAN_POINT('',(79.387702941895,73.478202819824,3.));
#1557 = LINE('',#1558,#1559);
#1558 = CARTESIAN_POINT('',(78.868598937988,73.131401062012,3.));
#1559 = VECTOR('',#1560,1.);
#1560 = DIRECTION('',(0.831508419084,0.555512150175,0.));
#1561 = ORIENTED_EDGE('',*,*,#1562,.T.);
#1562 = EDGE_CURVE('',#1555,#1563,#1565,.T.);
#1563 = VERTEX_POINT('',#1564);
#1564 = CARTESIAN_POINT('',(80.,73.599998474121,3.));
#1565 = LINE('',#1566,#1567);
#1566 = CARTESIAN_POINT('',(79.387702941895,73.478202819824,3.));
#1567 = VECTOR('',#1568,1.);
#1568 = DIRECTION('',(0.980784607053,0.195093707146,0.));
#1569 = ORIENTED_EDGE('',*,*,#1570,.T.);
#1570 = EDGE_CURVE('',#1563,#1571,#1573,.T.);
#1571 = VERTEX_POINT('',#1572);
#1572 = CARTESIAN_POINT('',(80.612297058105,73.478202819824,3.));
#1573 = LINE('',#1574,#1575);
#1574 = CARTESIAN_POINT('',(80.,73.599998474121,3.));
#1575 = VECTOR('',#1576,1.);
#1576 = DIRECTION('',(0.980784607053,-0.195093707146,0.));
#1577 = ORIENTED_EDGE('',*,*,#1578,.T.);
#1578 = EDGE_CURVE('',#1571,#1579,#1581,.T.);
#1579 = VERTEX_POINT('',#1580);
#1580 = CARTESIAN_POINT('',(81.131401062012,73.131401062012,3.));
#1581 = LINE('',#1582,#1583);
#1582 = CARTESIAN_POINT('',(80.612297058105,73.478202819824,3.));
#1583 = VECTOR('',#1584,1.);
#1584 = DIRECTION('',(0.831508419084,-0.555512150175,0.));
#1585 = ORIENTED_EDGE('',*,*,#1586,.T.);
#1586 = EDGE_CURVE('',#1579,#1587,#1589,.T.);
#1587 = VERTEX_POINT('',#1588);
#1588 = CARTESIAN_POINT('',(81.478202819824,72.612297058105,3.));
#1589 = LINE('',#1590,#1591);
#1590 = CARTESIAN_POINT('',(81.131401062012,73.131401062012,3.));
#1591 = VECTOR('',#1592,1.);
#1592 = DIRECTION('',(0.555512150175,-0.831508419084,0.));
#1593 = ORIENTED_EDGE('',*,*,#1594,.T.);
#1594 = EDGE_CURVE('',#1587,#1473,#1595,.T.);
#1595 = LINE('',#1596,#1597);
#1596 = CARTESIAN_POINT('',(81.478202819824,72.612297058105,3.));
#1597 = VECTOR('',#1598,1.);
#1598 = DIRECTION('',(0.195093707146,-0.980784607053,0.));
#1599 = PLANE('',#1600);
#1600 = AXIS2_PLACEMENT_3D('',#1601,#1602,#1603);
#1601 = CARTESIAN_POINT('',(80.,40.,3.));
#1602 = DIRECTION('',(0.,0.,1.));
#1603 = DIRECTION('',(1.,0.,-0.));
#1604 = ADVANCED_FACE('',(#1605),#1653,.T.);
#1605 = FACE_BOUND('',#1606,.T.);
#1606 = EDGE_LOOP('',(#1607,#1615,#1623,#1629,#1630,#1638,#1646,#1652));
#1607 = ORIENTED_EDGE('',*,*,#1608,.T.);
#1608 = EDGE_CURVE('',#539,#1609,#1611,.T.);
#1609 = VERTEX_POINT('',#1610);
#1610 = CARTESIAN_POINT('',(77.,60.,0.));
#1611 = LINE('',#1612,#1613);
#1612 = CARTESIAN_POINT('',(77.,60.,3.));
#1613 = VECTOR('',#1614,1.);
#1614 = DIRECTION('',(0.,0.,-1.));
#1615 = ORIENTED_EDGE('',*,*,#1616,.F.);
#1616 = EDGE_CURVE('',#1617,#1609,#1619,.T.);
#1617 = VERTEX_POINT('',#1618);
#1618 = CARTESIAN_POINT('',(77.,20.,0.));
#1619 = LINE('',#1620,#1621);
#1620 = CARTESIAN_POINT('',(77.,20.,0.));
#1621 = VECTOR('',#1622,1.);
#1622 = DIRECTION('',(0.,1.,0.));
#1623 = ORIENTED_EDGE('',*,*,#1624,.T.);
#1624 = EDGE_CURVE('',#1617,#483,#1625,.T.);
#1625 = LINE('',#1626,#1627);
#1626 = CARTESIAN_POINT('',(77.,20.,0.));
#1627 = VECTOR('',#1628,1.);
#1628 = DIRECTION('',(0.,0.,1.));
#1629 = ORIENTED_EDGE('',*,*,#482,.F.);
#1630 = ORIENTED_EDGE('',*,*,#1631,.T.);
#1631 = EDGE_CURVE('',#475,#1632,#1634,.T.);
#1632 = VERTEX_POINT('',#1633);
#1633 = CARTESIAN_POINT('',(77.,18.,8.));
#1634 = LINE('',#1635,#1636);
#1635 = CARTESIAN_POINT('',(77.,18.,3.));
#1636 = VECTOR('',#1637,1.);
#1637 = DIRECTION('',(0.,0.,1.));
#1638 = ORIENTED_EDGE('',*,*,#1639,.F.);
#1639 = EDGE_CURVE('',#1640,#1632,#1642,.T.);
#1640 = VERTEX_POINT('',#1641);
#1641 = CARTESIAN_POINT('',(77.,62.,8.));
#1642 = LINE('',#1643,#1644);
#1643 = CARTESIAN_POINT('',(77.,62.,8.));
#1644 = VECTOR('',#1645,1.);
#1645 = DIRECTION('',(0.,-1.,0.));
#1646 = ORIENTED_EDGE('',*,*,#1647,.T.);
#1647 = EDGE_CURVE('',#1640,#547,#1648,.T.);
#1648 = LINE('',#1649,#1650);
#1649 = CARTESIAN_POINT('',(77.,62.,8.));
#1650 = VECTOR('',#1651,1.);
#1651 = DIRECTION('',(0.,0.,-1.));
#1652 = ORIENTED_EDGE('',*,*,#546,.F.);
#1653 = PLANE('',#1654);
#1654 = AXIS2_PLACEMENT_3D('',#1655,#1656,#1657);
#1655 = CARTESIAN_POINT('',(77.,40.,4.115384615385));
#1656 = DIRECTION('',(-1.,-0.,-0.));
#1657 = DIRECTION('',(0.,0.,-1.));
#1658 = ADVANCED_FACE('',(#1659,#1693,#2071,#2096,#2226,#2356,#2486,
    #2616,#2746,#2876,#3006),#3136,.T.);
#1659 = FACE_BOUND('',#1660,.T.);
#1660 = EDGE_LOOP('',(#1661,#1671,#1679,#1687));
#1661 = ORIENTED_EDGE('',*,*,#1662,.T.);
#1662 = EDGE_CURVE('',#1663,#1665,#1667,.T.);
#1663 = VERTEX_POINT('',#1664);
#1664 = CARTESIAN_POINT('',(160.,0.,0.));
#1665 = VERTEX_POINT('',#1666);
#1666 = CARTESIAN_POINT('',(0.,0.,0.));
#1667 = LINE('',#1668,#1669);
#1668 = CARTESIAN_POINT('',(160.,0.,0.));
#1669 = VECTOR('',#1670,1.);
#1670 = DIRECTION('',(-1.,0.,0.));
#1671 = ORIENTED_EDGE('',*,*,#1672,.T.);
#1672 = EDGE_CURVE('',#1665,#1673,#1675,.T.);
#1673 = VERTEX_POINT('',#1674);
#1674 = CARTESIAN_POINT('',(0.,80.,0.));
#1675 = LINE('',#1676,#1677);
#1676 = CARTESIAN_POINT('',(0.,0.,0.));
#1677 = VECTOR('',#1678,1.);
#1678 = DIRECTION('',(0.,1.,0.));
#1679 = ORIENTED_EDGE('',*,*,#1680,.T.);
#1680 = EDGE_CURVE('',#1673,#1681,#1683,.T.);
#1681 = VERTEX_POINT('',#1682);
#1682 = CARTESIAN_POINT('',(160.,80.,0.));
#1683 = LINE('',#1684,#1685);
#1684 = CARTESIAN_POINT('',(0.,80.,0.));
#1685 = VECTOR('',#1686,1.);
#1686 = DIRECTION('',(1.,0.,0.));
#1687 = ORIENTED_EDGE('',*,*,#1688,.F.);
#1688 = EDGE_CURVE('',#1663,#1681,#1689,.T.);
#1689 = LINE('',#1690,#1691);
#1690 = CARTESIAN_POINT('',(160.,0.,0.));
#1691 = VECTOR('',#1692,1.);
#1692 = DIRECTION('',(0.,1.,0.));
#1693 = FACE_BOUND('',#1694,.T.);
#1694 = EDGE_LOOP('',(#1695,#1705,#1713,#1721,#1729,#1737,#1745,#1753,
    #1761,#1769,#1777,#1785,#1793,#1801,#1809,#1817,#1825,#1833,#1841,
    #1849,#1857,#1865,#1873,#1881,#1889,#1897,#1905,#1913,#1921,#1929,
    #1937,#1945,#1953,#1961,#1969,#1977,#1985,#1993,#2001,#2009,#2017,
    #2025,#2033,#2041,#2049,#2057,#2065));
#1695 = ORIENTED_EDGE('',*,*,#1696,.T.);
#1696 = EDGE_CURVE('',#1697,#1699,#1701,.T.);
#1697 = VERTEX_POINT('',#1698);
#1698 = CARTESIAN_POINT('',(90.,10.,0.));
#1699 = VERTEX_POINT('',#1700);
#1700 = CARTESIAN_POINT('',(114.,10.,0.));
#1701 = LINE('',#1702,#1703);
#1702 = CARTESIAN_POINT('',(90.,10.,0.));
#1703 = VECTOR('',#1704,1.);
#1704 = DIRECTION('',(1.,0.,0.));
#1705 = ORIENTED_EDGE('',*,*,#1706,.T.);
#1706 = EDGE_CURVE('',#1699,#1707,#1709,.T.);
#1707 = VERTEX_POINT('',#1708);
#1708 = CARTESIAN_POINT('',(115.14800262451,10.228400230408,0.));
#1709 = LINE('',#1710,#1711);
#1710 = CARTESIAN_POINT('',(114.,10.,0.));
#1711 = VECTOR('',#1712,1.);
#1712 = DIRECTION('',(0.98077738228,0.195130024364,0.));
#1713 = ORIENTED_EDGE('',*,*,#1714,.T.);
#1714 = EDGE_CURVE('',#1707,#1715,#1717,.T.);
#1715 = VERTEX_POINT('',#1716);
#1716 = CARTESIAN_POINT('',(116.12100219726,10.878700256348,0.));
#1717 = LINE('',#1718,#1719);
#1718 = CARTESIAN_POINT('',(115.14800262451,10.228400230408,0.));
#1719 = VECTOR('',#1720,1.);
#1720 = DIRECTION('',(0.831405466581,0.555666221881,0.));
#1721 = ORIENTED_EDGE('',*,*,#1722,.T.);
#1722 = EDGE_CURVE('',#1715,#1723,#1725,.T.);
#1723 = VERTEX_POINT('',#1724);
#1724 = CARTESIAN_POINT('',(116.77200317382,11.851900100708,0.));
#1725 = LINE('',#1726,#1727);
#1726 = CARTESIAN_POINT('',(116.12100219726,10.878700256348,0.));
#1727 = VECTOR('',#1728,1.);
#1728 = DIRECTION('',(0.556000972076,0.831181640227,0.));
#1729 = ORIENTED_EDGE('',*,*,#1730,.T.);
#1730 = EDGE_CURVE('',#1723,#1731,#1733,.T.);
#1731 = VERTEX_POINT('',#1732);
#1732 = CARTESIAN_POINT('',(117.,13.,0.));
#1733 = LINE('',#1734,#1735);
#1734 = CARTESIAN_POINT('',(116.77200317382,11.851900100708,0.));
#1735 = VECTOR('',#1736,1.);
#1736 = DIRECTION('',(0.194782593149,0.980846441298,0.));
#1737 = ORIENTED_EDGE('',*,*,#1738,.T.);
#1738 = EDGE_CURVE('',#1731,#1739,#1741,.T.);
#1739 = VERTEX_POINT('',#1740);
#1740 = CARTESIAN_POINT('',(117.,15.,0.));
#1741 = LINE('',#1742,#1743);
#1742 = CARTESIAN_POINT('',(117.,13.,0.));
#1743 = VECTOR('',#1744,1.);
#1744 = DIRECTION('',(0.,1.,0.));
#1745 = ORIENTED_EDGE('',*,*,#1746,.T.);
#1746 = EDGE_CURVE('',#1739,#1747,#1749,.T.);
#1747 = VERTEX_POINT('',#1748);
#1748 = CARTESIAN_POINT('',(145.,15.,0.));
#1749 = LINE('',#1750,#1751);
#1750 = CARTESIAN_POINT('',(117.,15.,0.));
#1751 = VECTOR('',#1752,1.);
#1752 = DIRECTION('',(1.,0.,0.));
#1753 = ORIENTED_EDGE('',*,*,#1754,.T.);
#1754 = EDGE_CURVE('',#1747,#1755,#1757,.T.);
#1755 = VERTEX_POINT('',#1756);
#1756 = CARTESIAN_POINT('',(145.,38.499500274658,0.));
#1757 = LINE('',#1758,#1759);
#1758 = CARTESIAN_POINT('',(145.,15.,0.));
#1759 = VECTOR('',#1760,1.);
#1760 = DIRECTION('',(0.,1.,0.));
#1761 = ORIENTED_EDGE('',*,*,#1762,.T.);
#1762 = EDGE_CURVE('',#1755,#1763,#1765,.T.);
#1763 = VERTEX_POINT('',#1764);
#1764 = CARTESIAN_POINT('',(145.11199951171,38.521800994873,0.));
#1765 = LINE('',#1766,#1767);
#1766 = CARTESIAN_POINT('',(145.,38.499500274658,0.));
#1767 = VECTOR('',#1768,1.);
#1768 = DIRECTION('',(0.98074734109,0.195280958992,0.));
#1769 = ORIENTED_EDGE('',*,*,#1770,.T.);
#1770 = EDGE_CURVE('',#1763,#1771,#1773,.T.);
#1771 = VERTEX_POINT('',#1772);
#1772 = CARTESIAN_POINT('',(145.6309967041,38.868598937988,0.));
#1773 = LINE('',#1774,#1775);
#1774 = CARTESIAN_POINT('',(145.11199951171,38.521800994873,0.));
#1775 = VECTOR('',#1776,1.);
#1776 = DIRECTION('',(0.831458432925,0.555586963776,0.));
#1777 = ORIENTED_EDGE('',*,*,#1778,.T.);
#1778 = EDGE_CURVE('',#1771,#1779,#1781,.T.);
#1779 = VERTEX_POINT('',#1780);
#1780 = CARTESIAN_POINT('',(145.97799682617,39.387699127197,0.));
#1781 = LINE('',#1782,#1783);
#1782 = CARTESIAN_POINT('',(145.6309967041,38.868598937988,0.));
#1783 = VECTOR('',#1784,1.);
#1784 = DIRECTION('',(0.555734603982,0.831359759633,0.));
#1785 = ORIENTED_EDGE('',*,*,#1786,.T.);
#1786 = EDGE_CURVE('',#1779,#1787,#1789,.T.);
#1787 = VERTEX_POINT('',#1788);
#1788 = CARTESIAN_POINT('',(146.10000610351,40.,0.));
#1789 = LINE('',#1790,#1791);
#1790 = CARTESIAN_POINT('',(145.97799682617,39.387699127197,0.));
#1791 = VECTOR('',#1792,1.);
#1792 = DIRECTION('',(0.195421663011,0.980719314394,0.));
#1793 = ORIENTED_EDGE('',*,*,#1794,.T.);
#1794 = EDGE_CURVE('',#1787,#1795,#1797,.T.);
#1795 = VERTEX_POINT('',#1796);
#1796 = CARTESIAN_POINT('',(145.97799682617,40.612300872803,0.));
#1797 = LINE('',#1798,#1799);
#1798 = CARTESIAN_POINT('',(146.10000610351,40.,0.));
#1799 = VECTOR('',#1800,1.);
#1800 = DIRECTION('',(-0.195421663011,0.980719314394,0.));
#1801 = ORIENTED_EDGE('',*,*,#1802,.T.);
#1802 = EDGE_CURVE('',#1795,#1803,#1805,.T.);
#1803 = VERTEX_POINT('',#1804);
#1804 = CARTESIAN_POINT('',(145.6309967041,41.131401062012,0.));
#1805 = LINE('',#1806,#1807);
#1806 = CARTESIAN_POINT('',(145.97799682617,40.612300872803,0.));
#1807 = VECTOR('',#1808,1.);
#1808 = DIRECTION('',(-0.555734603982,0.831359759633,0.));
#1809 = ORIENTED_EDGE('',*,*,#1810,.T.);
#1810 = EDGE_CURVE('',#1803,#1811,#1813,.T.);
#1811 = VERTEX_POINT('',#1812);
#1812 = CARTESIAN_POINT('',(145.11199951171,41.478199005127,0.));
#1813 = LINE('',#1814,#1815);
#1814 = CARTESIAN_POINT('',(145.6309967041,41.131401062012,0.));
#1815 = VECTOR('',#1816,1.);
#1816 = DIRECTION('',(-0.831458432925,0.555586963776,0.));
#1817 = ORIENTED_EDGE('',*,*,#1818,.T.);
#1818 = EDGE_CURVE('',#1811,#1819,#1821,.T.);
#1819 = VERTEX_POINT('',#1820);
#1820 = CARTESIAN_POINT('',(145.,41.500499725342,0.));
#1821 = LINE('',#1822,#1823);
#1822 = CARTESIAN_POINT('',(145.11199951171,41.478199005127,0.));
#1823 = VECTOR('',#1824,1.);
#1824 = DIRECTION('',(-0.98074734109,0.195280958992,0.));
#1825 = ORIENTED_EDGE('',*,*,#1826,.T.);
#1826 = EDGE_CURVE('',#1819,#1827,#1829,.T.);
#1827 = VERTEX_POINT('',#1828);
#1828 = CARTESIAN_POINT('',(145.,65.,0.));
#1829 = LINE('',#1830,#1831);
#1830 = CARTESIAN_POINT('',(145.,41.500499725342,0.));
#1831 = VECTOR('',#1832,1.);
#1832 = DIRECTION('',(0.,1.,0.));
#1833 = ORIENTED_EDGE('',*,*,#1834,.T.);
#1834 = EDGE_CURVE('',#1827,#1835,#1837,.T.);
#1835 = VERTEX_POINT('',#1836);
#1836 = CARTESIAN_POINT('',(117.,65.,0.));
#1837 = LINE('',#1838,#1839);
#1838 = CARTESIAN_POINT('',(145.,65.,0.));
#1839 = VECTOR('',#1840,1.);
#1840 = DIRECTION('',(-1.,0.,0.));
#1841 = ORIENTED_EDGE('',*,*,#1842,.T.);
#1842 = EDGE_CURVE('',#1835,#1843,#1845,.T.);
#1843 = VERTEX_POINT('',#1844);
#1844 = CARTESIAN_POINT('',(117.,67.,0.));
#1845 = LINE('',#1846,#1847);
#1846 = CARTESIAN_POINT('',(117.,65.,0.));
#1847 = VECTOR('',#1848,1.);
#1848 = DIRECTION('',(0.,1.,0.));
#1849 = ORIENTED_EDGE('',*,*,#1850,.T.);
#1850 = EDGE_CURVE('',#1843,#1851,#1853,.T.);
#1851 = VERTEX_POINT('',#1852);
#1852 = CARTESIAN_POINT('',(116.77200317382,68.148002624512,0.));
#1853 = LINE('',#1854,#1855);
#1854 = CARTESIAN_POINT('',(117.,67.,0.));
#1855 = VECTOR('',#1856,1.);
#1856 = DIRECTION('',(-0.194798471575,0.980843287927,0.));
#1857 = ORIENTED_EDGE('',*,*,#1858,.T.);
#1858 = EDGE_CURVE('',#1851,#1859,#1861,.T.);
#1859 = VERTEX_POINT('',#1860);
#1860 = CARTESIAN_POINT('',(116.12100219726,69.121299743652,0.));
#1861 = LINE('',#1862,#1863);
#1862 = CARTESIAN_POINT('',(116.77200317382,68.148002624512,0.));
#1863 = VECTOR('',#1864,1.);
#1864 = DIRECTION('',(-0.555962579931,0.831207320539,0.));
#1865 = ORIENTED_EDGE('',*,*,#1866,.T.);
#1866 = EDGE_CURVE('',#1859,#1867,#1869,.T.);
#1867 = VERTEX_POINT('',#1868);
#1868 = CARTESIAN_POINT('',(115.14800262451,69.771598815918,0.));
#1869 = LINE('',#1870,#1871);
#1870 = CARTESIAN_POINT('',(116.12100219726,69.121299743652,0.));
#1871 = VECTOR('',#1872,1.);
#1872 = DIRECTION('',(-0.831405843048,0.555665658598,0.));
#1873 = ORIENTED_EDGE('',*,*,#1874,.T.);
#1874 = EDGE_CURVE('',#1867,#1875,#1877,.T.);
#1875 = VERTEX_POINT('',#1876);
#1876 = CARTESIAN_POINT('',(114.,70.,0.));
#1877 = LINE('',#1878,#1879);
#1878 = CARTESIAN_POINT('',(115.14800262451,69.771598815918,0.));
#1879 = VECTOR('',#1880,1.);
#1880 = DIRECTION('',(-0.980777226352,0.195130808098,0.));
#1881 = ORIENTED_EDGE('',*,*,#1882,.T.);
#1882 = EDGE_CURVE('',#1875,#1883,#1885,.T.);
#1883 = VERTEX_POINT('',#1884);
#1884 = CARTESIAN_POINT('',(90.,70.,0.));
#1885 = LINE('',#1886,#1887);
#1886 = CARTESIAN_POINT('',(114.,70.,0.));
#1887 = VECTOR('',#1888,1.);
#1888 = DIRECTION('',(-1.,0.,0.));
#1889 = ORIENTED_EDGE('',*,*,#1890,.T.);
#1890 = EDGE_CURVE('',#1883,#1891,#1893,.T.);
#1891 = VERTEX_POINT('',#1892);
#1892 = CARTESIAN_POINT('',(88.851997375488,69.771598815918,0.));
#1893 = LINE('',#1894,#1895);
#1894 = CARTESIAN_POINT('',(90.,70.,0.));
#1895 = VECTOR('',#1896,1.);
#1896 = DIRECTION('',(-0.980777226352,-0.195130808098,0.));
#1897 = ORIENTED_EDGE('',*,*,#1898,.T.);
#1898 = EDGE_CURVE('',#1891,#1899,#1901,.T.);
#1899 = VERTEX_POINT('',#1900);
#1900 = CARTESIAN_POINT('',(87.878700256348,69.121299743652,0.));
#1901 = LINE('',#1902,#1903);
#1902 = CARTESIAN_POINT('',(88.851997375488,69.771598815918,0.));
#1903 = VECTOR('',#1904,1.);
#1904 = DIRECTION('',(-0.831484320434,-0.555548220115,0.));
#1905 = ORIENTED_EDGE('',*,*,#1906,.T.);
#1906 = EDGE_CURVE('',#1899,#1907,#1909,.T.);
#1907 = VERTEX_POINT('',#1908);
#1908 = CARTESIAN_POINT('',(87.228401184082,68.148002624512,0.));
#1909 = LINE('',#1910,#1911);
#1910 = CARTESIAN_POINT('',(87.878700256348,69.121299743652,0.));
#1911 = VECTOR('',#1912,1.);
#1912 = DIRECTION('',(-0.555548220115,-0.831484320434,0.));
#1913 = ORIENTED_EDGE('',*,*,#1914,.T.);
#1914 = EDGE_CURVE('',#1907,#1915,#1917,.T.);
#1915 = VERTEX_POINT('',#1916);
#1916 = CARTESIAN_POINT('',(87.,67.,0.));
#1917 = LINE('',#1918,#1919);
#1918 = CARTESIAN_POINT('',(87.228401184082,68.148002624512,0.));
#1919 = VECTOR('',#1920,1.);
#1920 = DIRECTION('',(-0.195130808098,-0.980777226352,0.));
#1921 = ORIENTED_EDGE('',*,*,#1922,.T.);
#1922 = EDGE_CURVE('',#1915,#1923,#1925,.T.);
#1923 = VERTEX_POINT('',#1924);
#1924 = CARTESIAN_POINT('',(87.,53.,0.));
#1925 = LINE('',#1926,#1927);
#1926 = CARTESIAN_POINT('',(87.,67.,0.));
#1927 = VECTOR('',#1928,1.);
#1928 = DIRECTION('',(0.,-1.,0.));
#1929 = ORIENTED_EDGE('',*,*,#1930,.T.);
#1930 = EDGE_CURVE('',#1923,#1931,#1933,.T.);
#1931 = VERTEX_POINT('',#1932);
#1932 = CARTESIAN_POINT('',(87.228401184082,51.852001190186,0.));
#1933 = LINE('',#1934,#1935);
#1934 = CARTESIAN_POINT('',(87.,53.,0.));
#1935 = VECTOR('',#1936,1.);
#1936 = DIRECTION('',(0.195131431811,-0.980777102261,0.));
#1937 = ORIENTED_EDGE('',*,*,#1938,.T.);
#1938 = EDGE_CURVE('',#1931,#1939,#1941,.T.);
#1939 = VERTEX_POINT('',#1940);
#1940 = CARTESIAN_POINT('',(87.878700256348,50.878700256348,0.));
#1941 = LINE('',#1942,#1943);
#1942 = CARTESIAN_POINT('',(87.228401184082,51.852001190186,0.));
#1943 = VECTOR('',#1944,1.);
#1944 = DIRECTION('',(0.555546714744,-0.831485326231,0.));
#1945 = ORIENTED_EDGE('',*,*,#1946,.T.);
#1946 = EDGE_CURVE('',#1939,#1947,#1949,.T.);
#1947 = VERTEX_POINT('',#1948);
#1948 = CARTESIAN_POINT('',(88.851997375488,50.228401184082,0.));
#1949 = LINE('',#1950,#1951);
#1950 = CARTESIAN_POINT('',(87.878700256348,50.878700256348,0.));
#1951 = VECTOR('',#1952,1.);
#1952 = DIRECTION('',(0.831484320434,-0.555548220115,0.));
#1953 = ORIENTED_EDGE('',*,*,#1954,.T.);
#1954 = EDGE_CURVE('',#1947,#1955,#1957,.T.);
#1955 = VERTEX_POINT('',#1956);
#1956 = CARTESIAN_POINT('',(90.,50.,0.));
#1957 = LINE('',#1958,#1959);
#1958 = CARTESIAN_POINT('',(88.851997375488,50.228401184082,0.));
#1959 = VECTOR('',#1960,1.);
#1960 = DIRECTION('',(0.980777226352,-0.195130808098,0.));
#1961 = ORIENTED_EDGE('',*,*,#1962,.T.);
#1962 = EDGE_CURVE('',#1955,#1963,#1965,.T.);
#1963 = VERTEX_POINT('',#1964);
#1964 = CARTESIAN_POINT('',(114.,50.,0.));
#1965 = LINE('',#1966,#1967);
#1966 = CARTESIAN_POINT('',(90.,50.,0.));
#1967 = VECTOR('',#1968,1.);
#1968 = DIRECTION('',(1.,0.,0.));
#1969 = ORIENTED_EDGE('',*,*,#1970,.T.);
#1970 = EDGE_CURVE('',#1963,#1971,#1973,.T.);
#1971 = VERTEX_POINT('',#1972);
#1972 = CARTESIAN_POINT('',(115.,50.19889831543,0.));
#1973 = LINE('',#1974,#1975);
#1974 = CARTESIAN_POINT('',(114.,50.,0.));
#1975 = VECTOR('',#1976,1.);
#1976 = DIRECTION('',(0.980787917382,0.195077064561,0.));
#1977 = ORIENTED_EDGE('',*,*,#1978,.T.);
#1978 = EDGE_CURVE('',#1971,#1979,#1981,.T.);
#1979 = VERTEX_POINT('',#1980);
#1980 = CARTESIAN_POINT('',(115.,29.801099777222,0.));
#1981 = LINE('',#1982,#1983);
#1982 = CARTESIAN_POINT('',(115.,50.19889831543,0.));
#1983 = VECTOR('',#1984,1.);
#1984 = DIRECTION('',(0.,-1.,0.));
#1985 = ORIENTED_EDGE('',*,*,#1986,.T.);
#1986 = EDGE_CURVE('',#1979,#1987,#1989,.T.);
#1987 = VERTEX_POINT('',#1988);
#1988 = CARTESIAN_POINT('',(114.,30.,0.));
#1989 = LINE('',#1990,#1991);
#1990 = CARTESIAN_POINT('',(115.,29.801099777222,0.));
#1991 = VECTOR('',#1992,1.);
#1992 = DIRECTION('',(-0.98078755946,0.195078864075,0.));
#1993 = ORIENTED_EDGE('',*,*,#1994,.T.);
#1994 = EDGE_CURVE('',#1987,#1995,#1997,.T.);
#1995 = VERTEX_POINT('',#1996);
#1996 = CARTESIAN_POINT('',(90.,30.,0.));
#1997 = LINE('',#1998,#1999);
#1998 = CARTESIAN_POINT('',(114.,30.,0.));
#1999 = VECTOR('',#2000,1.);
#2000 = DIRECTION('',(-1.,0.,0.));
#2001 = ORIENTED_EDGE('',*,*,#2002,.T.);
#2002 = EDGE_CURVE('',#1995,#2003,#2005,.T.);
#2003 = VERTEX_POINT('',#2004);
#2004 = CARTESIAN_POINT('',(88.851997375488,29.771600723267,0.));
#2005 = LINE('',#2006,#2007);
#2006 = CARTESIAN_POINT('',(90.,30.,0.));
#2007 = VECTOR('',#2008,1.);
#2008 = DIRECTION('',(-0.980777538207,-0.195129240631,0.));
#2009 = ORIENTED_EDGE('',*,*,#2010,.T.);
#2010 = EDGE_CURVE('',#2003,#2011,#2013,.T.);
#2011 = VERTEX_POINT('',#2012);
#2012 = CARTESIAN_POINT('',(87.878700256348,29.121299743652,0.));
#2013 = LINE('',#2014,#2015);
#2014 = CARTESIAN_POINT('',(88.851997375488,29.771600723267,0.));
#2015 = VECTOR('',#2016,1.);
#2016 = DIRECTION('',(-0.831483567746,-0.555549346654,0.));
#2017 = ORIENTED_EDGE('',*,*,#2018,.T.);
#2018 = EDGE_CURVE('',#2011,#2019,#2021,.T.);
#2019 = VERTEX_POINT('',#2020);
#2020 = CARTESIAN_POINT('',(87.228401184082,28.148000717163,0.));
#2021 = LINE('',#2022,#2023);
#2022 = CARTESIAN_POINT('',(87.878700256348,29.121299743652,0.));
#2023 = VECTOR('',#2024,1.);
#2024 = DIRECTION('',(-0.555547467428,-0.831484823333,0.));
#2025 = ORIENTED_EDGE('',*,*,#2026,.T.);
#2026 = EDGE_CURVE('',#2019,#2027,#2029,.T.);
#2027 = VERTEX_POINT('',#2028);
#2028 = CARTESIAN_POINT('',(87.,27.,0.));
#2029 = LINE('',#2030,#2031);
#2030 = CARTESIAN_POINT('',(87.228401184082,28.148000717163,0.));
#2031 = VECTOR('',#2032,1.);
#2032 = DIRECTION('',(-0.195131119954,-0.980777164307,0.));
#2033 = ORIENTED_EDGE('',*,*,#2034,.T.);
#2034 = EDGE_CURVE('',#2027,#2035,#2037,.T.);
#2035 = VERTEX_POINT('',#2036);
#2036 = CARTESIAN_POINT('',(87.,13.,0.));
#2037 = LINE('',#2038,#2039);
#2038 = CARTESIAN_POINT('',(87.,27.,0.));
#2039 = VECTOR('',#2040,1.);
#2040 = DIRECTION('',(0.,-1.,0.));
#2041 = ORIENTED_EDGE('',*,*,#2042,.T.);
#2042 = EDGE_CURVE('',#2035,#2043,#2045,.T.);
#2043 = VERTEX_POINT('',#2044);
#2044 = CARTESIAN_POINT('',(87.228401184082,11.851900100708,0.));
#2045 = LINE('',#2046,#2047);
#2046 = CARTESIAN_POINT('',(87.,13.,0.));
#2047 = VECTOR('',#2048,1.);
#2048 = DIRECTION('',(0.195114904724,-0.980780390278,0.));
#2049 = ORIENTED_EDGE('',*,*,#2050,.T.);
#2050 = EDGE_CURVE('',#2043,#2051,#2053,.T.);
#2051 = VERTEX_POINT('',#2052);
#2052 = CARTESIAN_POINT('',(87.878700256348,10.878700256348,0.));
#2053 = LINE('',#2054,#2055);
#2054 = CARTESIAN_POINT('',(87.228401184082,11.851900100708,0.));
#2055 = VECTOR('',#2056,1.);
#2056 = DIRECTION('',(0.555586609223,-0.83145866984,0.));
#2057 = ORIENTED_EDGE('',*,*,#2058,.T.);
#2058 = EDGE_CURVE('',#2051,#2059,#2061,.T.);
#2059 = VERTEX_POINT('',#2060);
#2060 = CARTESIAN_POINT('',(88.851997375488,10.228400230408,0.));
#2061 = LINE('',#2062,#2063);
#2062 = CARTESIAN_POINT('',(87.878700256348,10.878700256348,0.));
#2063 = VECTOR('',#2064,1.);
#2064 = DIRECTION('',(0.83148394409,-0.555548783385,0.));
#2065 = ORIENTED_EDGE('',*,*,#2066,.T.);
#2066 = EDGE_CURVE('',#2059,#1697,#2067,.T.);
#2067 = LINE('',#2068,#2069);
#2068 = CARTESIAN_POINT('',(88.851997375488,10.228400230408,0.));
#2069 = VECTOR('',#2070,1.);
#2070 = DIRECTION('',(0.98077738228,-0.195130024364,0.));
#2071 = FACE_BOUND('',#2072,.T.);
#2072 = EDGE_LOOP('',(#2073,#2081,#2082,#2090));
#2073 = ORIENTED_EDGE('',*,*,#2074,.T.);
#2074 = EDGE_CURVE('',#2075,#1617,#2077,.T.);
#2075 = VERTEX_POINT('',#2076);
#2076 = CARTESIAN_POINT('',(10.,20.,0.));
#2077 = LINE('',#2078,#2079);
#2078 = CARTESIAN_POINT('',(10.,20.,0.));
#2079 = VECTOR('',#2080,1.);
#2080 = DIRECTION('',(1.,0.,0.));
#2081 = ORIENTED_EDGE('',*,*,#1616,.T.);
#2082 = ORIENTED_EDGE('',*,*,#2083,.T.);
#2083 = EDGE_CURVE('',#1609,#2084,#2086,.T.);
#2084 = VERTEX_POINT('',#2085);
#2085 = CARTESIAN_POINT('',(10.,60.,0.));
#2086 = LINE('',#2087,#2088);
#2087 = CARTESIAN_POINT('',(77.,60.,0.));
#2088 = VECTOR('',#2089,1.);
#2089 = DIRECTION('',(-1.,0.,0.));
#2090 = ORIENTED_EDGE('',*,*,#2091,.T.);
#2091 = EDGE_CURVE('',#2084,#2075,#2092,.T.);
#2092 = LINE('',#2093,#2094);
#2093 = CARTESIAN_POINT('',(10.,60.,0.));
#2094 = VECTOR('',#2095,1.);
#2095 = DIRECTION('',(0.,-1.,0.));
#2096 = FACE_BOUND('',#2097,.T.);
#2097 = EDGE_LOOP('',(#2098,#2108,#2116,#2124,#2132,#2140,#2148,#2156,
    #2164,#2172,#2180,#2188,#2196,#2204,#2212,#2220));
#2098 = ORIENTED_EDGE('',*,*,#2099,.T.);
#2099 = EDGE_CURVE('',#2100,#2102,#2104,.T.);
#2100 = VERTEX_POINT('',#2101);
#2101 = CARTESIAN_POINT('',(153.60000610351,8.,0.));
#2102 = VERTEX_POINT('',#2103);
#2103 = CARTESIAN_POINT('',(153.47799682617,8.612290382385,0.));
#2104 = LINE('',#2105,#2106);
#2105 = CARTESIAN_POINT('',(153.60000610351,8.,0.));
#2106 = VECTOR('',#2107,1.);
#2107 = DIRECTION('',(-0.195424883317,0.980718672699,0.));
#2108 = ORIENTED_EDGE('',*,*,#2109,.T.);
#2109 = EDGE_CURVE('',#2102,#2110,#2112,.T.);
#2110 = VERTEX_POINT('',#2111);
#2111 = CARTESIAN_POINT('',(153.1309967041,9.131369590759,0.));
#2112 = LINE('',#2113,#2114);
#2113 = CARTESIAN_POINT('',(153.47799682617,8.612290382385,0.));
#2114 = VECTOR('',#2115,1.);
#2115 = DIRECTION('',(-0.555750128797,0.831349381633,0.));
#2116 = ORIENTED_EDGE('',*,*,#2117,.T.);
#2117 = EDGE_CURVE('',#2110,#2118,#2120,.T.);
#2118 = VERTEX_POINT('',#2119);
#2119 = CARTESIAN_POINT('',(152.61199951171,9.478210449219,0.));
#2120 = LINE('',#2121,#2122);
#2121 = CARTESIAN_POINT('',(153.1309967041,9.131369590759,0.));
#2122 = VECTOR('',#2123,1.);
#2123 = DIRECTION('',(-0.831426672763,0.555634491206,0.));
#2124 = ORIENTED_EDGE('',*,*,#2125,.T.);
#2125 = EDGE_CURVE('',#2118,#2126,#2128,.T.);
#2126 = VERTEX_POINT('',#2127);
#2127 = CARTESIAN_POINT('',(152.,9.60000038147,0.));
#2128 = LINE('',#2129,#2130);
#2129 = CARTESIAN_POINT('',(152.61199951171,9.478210449219,0.));
#2130 = VECTOR('',#2131,1.);
#2131 = DIRECTION('',(-0.980768209053,0.195176125875,0.));
#2132 = ORIENTED_EDGE('',*,*,#2133,.T.);
#2133 = EDGE_CURVE('',#2126,#2134,#2136,.T.);
#2134 = VERTEX_POINT('',#2135);
#2135 = CARTESIAN_POINT('',(151.38800048828,9.478210449219,0.));
#2136 = LINE('',#2137,#2138);
#2137 = CARTESIAN_POINT('',(152.,9.60000038147,0.));
#2138 = VECTOR('',#2139,1.);
#2139 = DIRECTION('',(-0.980768209053,-0.195176125875,0.));
#2140 = ORIENTED_EDGE('',*,*,#2141,.T.);
#2141 = EDGE_CURVE('',#2134,#2142,#2144,.T.);
#2142 = VERTEX_POINT('',#2143);
#2143 = CARTESIAN_POINT('',(150.86900329589,9.131369590759,0.));
#2144 = LINE('',#2145,#2146);
#2145 = CARTESIAN_POINT('',(151.38800048828,9.478210449219,0.));
#2146 = VECTOR('',#2147,1.);
#2147 = DIRECTION('',(-0.831426672763,-0.555634491206,0.));
#2148 = ORIENTED_EDGE('',*,*,#2149,.T.);
#2149 = EDGE_CURVE('',#2142,#2150,#2152,.T.);
#2150 = VERTEX_POINT('',#2151);
#2151 = CARTESIAN_POINT('',(150.52200317382,8.612290382385,0.));
#2152 = LINE('',#2153,#2154);
#2153 = CARTESIAN_POINT('',(150.86900329589,9.131369590759,0.));
#2154 = VECTOR('',#2155,1.);
#2155 = DIRECTION('',(-0.555750128797,-0.831349381633,0.));
#2156 = ORIENTED_EDGE('',*,*,#2157,.T.);
#2157 = EDGE_CURVE('',#2150,#2158,#2160,.T.);
#2158 = VERTEX_POINT('',#2159);
#2159 = CARTESIAN_POINT('',(150.39999389648,8.,0.));
#2160 = LINE('',#2161,#2162);
#2161 = CARTESIAN_POINT('',(150.52200317382,8.612290382385,0.));
#2162 = VECTOR('',#2163,1.);
#2163 = DIRECTION('',(-0.195424883317,-0.980718672699,0.));
#2164 = ORIENTED_EDGE('',*,*,#2165,.T.);
#2165 = EDGE_CURVE('',#2158,#2166,#2168,.T.);
#2166 = VERTEX_POINT('',#2167);
#2167 = CARTESIAN_POINT('',(150.52200317382,7.387710094452,0.));
#2168 = LINE('',#2169,#2170);
#2169 = CARTESIAN_POINT('',(150.39999389648,8.,0.));
#2170 = VECTOR('',#2171,1.);
#2171 = DIRECTION('',(0.195425029697,-0.98071864353,0.));
#2172 = ORIENTED_EDGE('',*,*,#2173,.T.);
#2173 = EDGE_CURVE('',#2166,#2174,#2176,.T.);
#2174 = VERTEX_POINT('',#2175);
#2175 = CARTESIAN_POINT('',(150.86900329589,6.868629932404,0.));
#2176 = LINE('',#2177,#2178);
#2177 = CARTESIAN_POINT('',(150.52200317382,7.387710094452,0.));
#2178 = VECTOR('',#2179,1.);
#2179 = DIRECTION('',(0.555749423109,-0.831349853379,0.));
#2180 = ORIENTED_EDGE('',*,*,#2181,.T.);
#2181 = EDGE_CURVE('',#2174,#2182,#2184,.T.);
#2182 = VERTEX_POINT('',#2183);
#2183 = CARTESIAN_POINT('',(151.38800048828,6.521790027618,0.));
#2184 = LINE('',#2185,#2186);
#2185 = CARTESIAN_POINT('',(150.86900329589,6.868629932404,0.));
#2186 = VECTOR('',#2187,1.);
#2187 = DIRECTION('',(0.831427378548,-0.555633435101,0.));
#2188 = ORIENTED_EDGE('',*,*,#2189,.T.);
#2189 = EDGE_CURVE('',#2182,#2190,#2192,.T.);
#2190 = VERTEX_POINT('',#2191);
#2191 = CARTESIAN_POINT('',(152.,6.400000095367,0.));
#2192 = LINE('',#2193,#2194);
#2193 = CARTESIAN_POINT('',(151.38800048828,6.521790027618,0.));
#2194 = VECTOR('',#2195,1.);
#2195 = DIRECTION('',(0.980768209053,-0.195176125875,0.));
#2196 = ORIENTED_EDGE('',*,*,#2197,.T.);
#2197 = EDGE_CURVE('',#2190,#2198,#2200,.T.);
#2198 = VERTEX_POINT('',#2199);
#2199 = CARTESIAN_POINT('',(152.61199951171,6.521790027618,0.));
#2200 = LINE('',#2201,#2202);
#2201 = CARTESIAN_POINT('',(152.,6.400000095367,0.));
#2202 = VECTOR('',#2203,1.);
#2203 = DIRECTION('',(0.980768209053,0.195176125875,0.));
#2204 = ORIENTED_EDGE('',*,*,#2205,.T.);
#2205 = EDGE_CURVE('',#2198,#2206,#2208,.T.);
#2206 = VERTEX_POINT('',#2207);
#2207 = CARTESIAN_POINT('',(153.1309967041,6.868629932404,0.));
#2208 = LINE('',#2209,#2210);
#2209 = CARTESIAN_POINT('',(152.61199951171,6.521790027618,0.));
#2210 = VECTOR('',#2211,1.);
#2211 = DIRECTION('',(0.831427378548,0.555633435101,0.));
#2212 = ORIENTED_EDGE('',*,*,#2213,.T.);
#2213 = EDGE_CURVE('',#2206,#2214,#2216,.T.);
#2214 = VERTEX_POINT('',#2215);
#2215 = CARTESIAN_POINT('',(153.47799682617,7.387710094452,0.));
#2216 = LINE('',#2217,#2218);
#2217 = CARTESIAN_POINT('',(153.1309967041,6.868629932404,0.));
#2218 = VECTOR('',#2219,1.);
#2219 = DIRECTION('',(0.555749423109,0.831349853379,0.));
#2220 = ORIENTED_EDGE('',*,*,#2221,.T.);
#2221 = EDGE_CURVE('',#2214,#2100,#2222,.T.);
#2222 = LINE('',#2223,#2224);
#2223 = CARTESIAN_POINT('',(153.47799682617,7.387710094452,0.));
#2224 = VECTOR('',#2225,1.);
#2225 = DIRECTION('',(0.195425029697,0.98071864353,0.));
#2226 = FACE_BOUND('',#2227,.T.);
#2227 = EDGE_LOOP('',(#2228,#2238,#2246,#2254,#2262,#2270,#2278,#2286,
    #2294,#2302,#2310,#2318,#2326,#2334,#2342,#2350));
#2228 = ORIENTED_EDGE('',*,*,#2229,.T.);
#2229 = EDGE_CURVE('',#2230,#2232,#2234,.T.);
#2230 = VERTEX_POINT('',#2231);
#2231 = CARTESIAN_POINT('',(151.38800048828,73.478202819824,0.));
#2232 = VERTEX_POINT('',#2233);
#2233 = CARTESIAN_POINT('',(150.86900329589,73.131401062012,0.));
#2234 = LINE('',#2235,#2236);
#2235 = CARTESIAN_POINT('',(151.38800048828,73.478202819824,0.));
#2236 = VECTOR('',#2237,1.);
#2237 = DIRECTION('',(-0.831455609811,-0.555591188657,0.));
#2238 = ORIENTED_EDGE('',*,*,#2239,.T.);
#2239 = EDGE_CURVE('',#2232,#2240,#2242,.T.);
#2240 = VERTEX_POINT('',#2241);
#2241 = CARTESIAN_POINT('',(150.52200317382,72.612297058105,0.));
#2242 = LINE('',#2243,#2244);
#2243 = CARTESIAN_POINT('',(150.86900329589,73.131401062012,0.));
#2244 = VECTOR('',#2245,1.);
#2245 = DIRECTION('',(-0.555731781361,-0.831361646449,0.));
#2246 = ORIENTED_EDGE('',*,*,#2247,.T.);
#2247 = EDGE_CURVE('',#2240,#2248,#2250,.T.);
#2248 = VERTEX_POINT('',#2249);
#2249 = CARTESIAN_POINT('',(150.39999389648,72.,0.));
#2250 = LINE('',#2251,#2252);
#2251 = CARTESIAN_POINT('',(150.52200317382,72.612297058105,0.));
#2252 = VECTOR('',#2253,1.);
#2253 = DIRECTION('',(-0.195422834019,-0.980719081054,0.));
#2254 = ORIENTED_EDGE('',*,*,#2255,.T.);
#2255 = EDGE_CURVE('',#2248,#2256,#2258,.T.);
#2256 = VERTEX_POINT('',#2257);
#2257 = CARTESIAN_POINT('',(150.52200317382,71.387702941895,0.));
#2258 = LINE('',#2259,#2260);
#2259 = CARTESIAN_POINT('',(150.39999389648,72.,0.));
#2260 = VECTOR('',#2261,1.);
#2261 = DIRECTION('',(0.195422834019,-0.980719081054,0.));
#2262 = ORIENTED_EDGE('',*,*,#2263,.T.);
#2263 = EDGE_CURVE('',#2256,#2264,#2266,.T.);
#2264 = VERTEX_POINT('',#2265);
#2265 = CARTESIAN_POINT('',(150.86900329589,70.868598937988,0.));
#2266 = LINE('',#2267,#2268);
#2267 = CARTESIAN_POINT('',(150.52200317382,71.387702941895,0.));
#2268 = VECTOR('',#2269,1.);
#2269 = DIRECTION('',(0.555731781361,-0.831361646449,0.));
#2270 = ORIENTED_EDGE('',*,*,#2271,.T.);
#2271 = EDGE_CURVE('',#2264,#2272,#2274,.T.);
#2272 = VERTEX_POINT('',#2273);
#2273 = CARTESIAN_POINT('',(151.38800048828,70.521797180176,0.));
#2274 = LINE('',#2275,#2276);
#2275 = CARTESIAN_POINT('',(150.86900329589,70.868598937988,0.));
#2276 = VECTOR('',#2277,1.);
#2277 = DIRECTION('',(0.831455609811,-0.555591188657,0.));
#2278 = ORIENTED_EDGE('',*,*,#2279,.T.);
#2279 = EDGE_CURVE('',#2272,#2280,#2282,.T.);
#2280 = VERTEX_POINT('',#2281);
#2281 = CARTESIAN_POINT('',(152.,70.400001525879,0.));
#2282 = LINE('',#2283,#2284);
#2283 = CARTESIAN_POINT('',(151.38800048828,70.521797180176,0.));
#2284 = VECTOR('',#2285,1.);
#2285 = DIRECTION('',(0.980766453682,-0.195184946477,0.));
#2286 = ORIENTED_EDGE('',*,*,#2287,.T.);
#2287 = EDGE_CURVE('',#2280,#2288,#2290,.T.);
#2288 = VERTEX_POINT('',#2289);
#2289 = CARTESIAN_POINT('',(152.61199951171,70.521797180176,0.));
#2290 = LINE('',#2291,#2292);
#2291 = CARTESIAN_POINT('',(152.,70.400001525879,0.));
#2292 = VECTOR('',#2293,1.);
#2293 = DIRECTION('',(0.980766453682,0.195184946477,0.));
#2294 = ORIENTED_EDGE('',*,*,#2295,.T.);
#2295 = EDGE_CURVE('',#2288,#2296,#2298,.T.);
#2296 = VERTEX_POINT('',#2297);
#2297 = CARTESIAN_POINT('',(153.1309967041,70.868598937988,0.));
#2298 = LINE('',#2299,#2300);
#2299 = CARTESIAN_POINT('',(152.61199951171,70.521797180176,0.));
#2300 = VECTOR('',#2301,1.);
#2301 = DIRECTION('',(0.831455609811,0.555591188657,0.));
#2302 = ORIENTED_EDGE('',*,*,#2303,.T.);
#2303 = EDGE_CURVE('',#2296,#2304,#2306,.T.);
#2304 = VERTEX_POINT('',#2305);
#2305 = CARTESIAN_POINT('',(153.47799682617,71.387702941895,0.));
#2306 = LINE('',#2307,#2308);
#2307 = CARTESIAN_POINT('',(153.1309967041,70.868598937988,0.));
#2308 = VECTOR('',#2309,1.);
#2309 = DIRECTION('',(0.555731781361,0.831361646449,0.));
#2310 = ORIENTED_EDGE('',*,*,#2311,.T.);
#2311 = EDGE_CURVE('',#2304,#2312,#2314,.T.);
#2312 = VERTEX_POINT('',#2313);
#2313 = CARTESIAN_POINT('',(153.60000610351,72.,0.));
#2314 = LINE('',#2315,#2316);
#2315 = CARTESIAN_POINT('',(153.47799682617,71.387702941895,0.));
#2316 = VECTOR('',#2317,1.);
#2317 = DIRECTION('',(0.195422834019,0.980719081054,0.));
#2318 = ORIENTED_EDGE('',*,*,#2319,.T.);
#2319 = EDGE_CURVE('',#2312,#2320,#2322,.T.);
#2320 = VERTEX_POINT('',#2321);
#2321 = CARTESIAN_POINT('',(153.47799682617,72.612297058105,0.));
#2322 = LINE('',#2323,#2324);
#2323 = CARTESIAN_POINT('',(153.60000610351,72.,0.));
#2324 = VECTOR('',#2325,1.);
#2325 = DIRECTION('',(-0.195422834019,0.980719081054,0.));
#2326 = ORIENTED_EDGE('',*,*,#2327,.T.);
#2327 = EDGE_CURVE('',#2320,#2328,#2330,.T.);
#2328 = VERTEX_POINT('',#2329);
#2329 = CARTESIAN_POINT('',(153.1309967041,73.131401062012,0.));
#2330 = LINE('',#2331,#2332);
#2331 = CARTESIAN_POINT('',(153.47799682617,72.612297058105,0.));
#2332 = VECTOR('',#2333,1.);
#2333 = DIRECTION('',(-0.555731781361,0.831361646449,0.));
#2334 = ORIENTED_EDGE('',*,*,#2335,.T.);
#2335 = EDGE_CURVE('',#2328,#2336,#2338,.T.);
#2336 = VERTEX_POINT('',#2337);
#2337 = CARTESIAN_POINT('',(152.61199951171,73.478202819824,0.));
#2338 = LINE('',#2339,#2340);
#2339 = CARTESIAN_POINT('',(153.1309967041,73.131401062012,0.));
#2340 = VECTOR('',#2341,1.);
#2341 = DIRECTION('',(-0.831455609811,0.555591188657,0.));
#2342 = ORIENTED_EDGE('',*,*,#2343,.T.);
#2343 = EDGE_CURVE('',#2336,#2344,#2346,.T.);
#2344 = VERTEX_POINT('',#2345);
#2345 = CARTESIAN_POINT('',(152.,73.599998474121,0.));
#2346 = LINE('',#2347,#2348);
#2347 = CARTESIAN_POINT('',(152.61199951171,73.478202819824,0.));
#2348 = VECTOR('',#2349,1.);
#2349 = DIRECTION('',(-0.980766453682,0.195184946477,0.));
#2350 = ORIENTED_EDGE('',*,*,#2351,.T.);
#2351 = EDGE_CURVE('',#2344,#2230,#2352,.T.);
#2352 = LINE('',#2353,#2354);
#2353 = CARTESIAN_POINT('',(152.,73.599998474121,0.));
#2354 = VECTOR('',#2355,1.);
#2355 = DIRECTION('',(-0.980766453682,-0.195184946477,0.));
#2356 = FACE_BOUND('',#2357,.T.);
#2357 = EDGE_LOOP('',(#2358,#2368,#2376,#2384,#2392,#2400,#2408,#2416,
    #2424,#2432,#2440,#2448,#2456,#2464,#2472,#2480));
#2358 = ORIENTED_EDGE('',*,*,#2359,.T.);
#2359 = EDGE_CURVE('',#2360,#2362,#2364,.T.);
#2360 = VERTEX_POINT('',#2361);
#2361 = CARTESIAN_POINT('',(15.612299919128,16.478200912476,0.));
#2362 = VERTEX_POINT('',#2363);
#2363 = CARTESIAN_POINT('',(15.,16.60000038147,0.));
#2364 = LINE('',#2365,#2366);
#2365 = CARTESIAN_POINT('',(15.612299919128,16.478200912476,0.));
#2366 = VECTOR('',#2367,1.);
#2367 = DIRECTION('',(-0.980783612276,0.19509870807,0.));
#2368 = ORIENTED_EDGE('',*,*,#2369,.T.);
#2369 = EDGE_CURVE('',#2362,#2370,#2372,.T.);
#2370 = VERTEX_POINT('',#2371);
#2371 = CARTESIAN_POINT('',(14.387700080872,16.478200912476,0.));
#2372 = LINE('',#2373,#2374);
#2373 = CARTESIAN_POINT('',(15.,16.60000038147,0.));
#2374 = VECTOR('',#2375,1.);
#2375 = DIRECTION('',(-0.980783612276,-0.19509870807,0.));
#2376 = ORIENTED_EDGE('',*,*,#2377,.T.);
#2377 = EDGE_CURVE('',#2370,#2378,#2380,.T.);
#2378 = VERTEX_POINT('',#2379);
#2379 = CARTESIAN_POINT('',(13.868599891663,16.131399154663,0.));
#2380 = LINE('',#2381,#2382);
#2381 = CARTESIAN_POINT('',(14.387700080872,16.478200912476,0.));
#2382 = VECTOR('',#2383,1.);
#2383 = DIRECTION('',(-0.831506533427,-0.555514972677,0.));
#2384 = ORIENTED_EDGE('',*,*,#2385,.T.);
#2385 = EDGE_CURVE('',#2378,#2386,#2388,.T.);
#2386 = VERTEX_POINT('',#2387);
#2387 = CARTESIAN_POINT('',(13.521800041199,15.612299919128,0.));
#2388 = LINE('',#2389,#2390);
#2389 = CARTESIAN_POINT('',(13.868599891663,16.131399154663,0.));
#2390 = VECTOR('',#2391,1.);
#2391 = DIRECTION('',(-0.555513565902,-0.831507473267,0.));
#2392 = ORIENTED_EDGE('',*,*,#2393,.T.);
#2393 = EDGE_CURVE('',#2386,#2394,#2396,.T.);
#2394 = VERTEX_POINT('',#2395);
#2395 = CARTESIAN_POINT('',(13.39999961853,15.,0.));
#2396 = LINE('',#2397,#2398);
#2397 = CARTESIAN_POINT('',(13.521800041199,15.612299919128,0.));
#2398 = VECTOR('',#2399,1.);
#2399 = DIRECTION('',(-0.195100177522,-0.98078331997,0.));
#2400 = ORIENTED_EDGE('',*,*,#2401,.T.);
#2401 = EDGE_CURVE('',#2394,#2402,#2404,.T.);
#2402 = VERTEX_POINT('',#2403);
#2403 = CARTESIAN_POINT('',(13.521800041199,14.387700080872,0.));
#2404 = LINE('',#2405,#2406);
#2405 = CARTESIAN_POINT('',(13.39999961853,15.,0.));
#2406 = VECTOR('',#2407,1.);
#2407 = DIRECTION('',(0.195100177522,-0.98078331997,0.));
#2408 = ORIENTED_EDGE('',*,*,#2409,.T.);
#2409 = EDGE_CURVE('',#2402,#2410,#2412,.T.);
#2410 = VERTEX_POINT('',#2411);
#2411 = CARTESIAN_POINT('',(13.868599891663,13.868599891663,0.));
#2412 = LINE('',#2413,#2414);
#2413 = CARTESIAN_POINT('',(13.521800041199,14.387700080872,0.));
#2414 = VECTOR('',#2415,1.);
#2415 = DIRECTION('',(0.555512860273,-0.831507944683,0.));
#2416 = ORIENTED_EDGE('',*,*,#2417,.T.);
#2417 = EDGE_CURVE('',#2410,#2418,#2420,.T.);
#2418 = VERTEX_POINT('',#2419);
#2419 = CARTESIAN_POINT('',(14.387700080872,13.521800041199,0.));
#2420 = LINE('',#2421,#2422);
#2421 = CARTESIAN_POINT('',(13.868599891663,13.868599891663,0.));
#2422 = VECTOR('',#2423,1.);
#2423 = DIRECTION('',(0.831507944683,-0.555512860273,0.));
#2424 = ORIENTED_EDGE('',*,*,#2425,.T.);
#2425 = EDGE_CURVE('',#2418,#2426,#2428,.T.);
#2426 = VERTEX_POINT('',#2427);
#2427 = CARTESIAN_POINT('',(15.,13.39999961853,0.));
#2428 = LINE('',#2429,#2430);
#2429 = CARTESIAN_POINT('',(14.387700080872,13.521800041199,0.));
#2430 = VECTOR('',#2431,1.);
#2431 = DIRECTION('',(0.98078331997,-0.195100177522,0.));
#2432 = ORIENTED_EDGE('',*,*,#2433,.T.);
#2433 = EDGE_CURVE('',#2426,#2434,#2436,.T.);
#2434 = VERTEX_POINT('',#2435);
#2435 = CARTESIAN_POINT('',(15.612299919128,13.521800041199,0.));
#2436 = LINE('',#2437,#2438);
#2437 = CARTESIAN_POINT('',(15.,13.39999961853,0.));
#2438 = VECTOR('',#2439,1.);
#2439 = DIRECTION('',(0.98078331997,0.195100177522,0.));
#2440 = ORIENTED_EDGE('',*,*,#2441,.T.);
#2441 = EDGE_CURVE('',#2434,#2442,#2444,.T.);
#2442 = VERTEX_POINT('',#2443);
#2443 = CARTESIAN_POINT('',(16.131399154663,13.868599891663,0.));
#2444 = LINE('',#2445,#2446);
#2445 = CARTESIAN_POINT('',(15.612299919128,13.521800041199,0.));
#2446 = VECTOR('',#2447,1.);
#2447 = DIRECTION('',(0.831507473267,0.555513565902,0.));
#2448 = ORIENTED_EDGE('',*,*,#2449,.T.);
#2449 = EDGE_CURVE('',#2442,#2450,#2452,.T.);
#2450 = VERTEX_POINT('',#2451);
#2451 = CARTESIAN_POINT('',(16.478200912476,14.387700080872,0.));
#2452 = LINE('',#2453,#2454);
#2453 = CARTESIAN_POINT('',(16.131399154663,13.868599891663,0.));
#2454 = VECTOR('',#2455,1.);
#2455 = DIRECTION('',(0.555514972677,0.831506533427,0.));
#2456 = ORIENTED_EDGE('',*,*,#2457,.T.);
#2457 = EDGE_CURVE('',#2450,#2458,#2460,.T.);
#2458 = VERTEX_POINT('',#2459);
#2459 = CARTESIAN_POINT('',(16.60000038147,15.,0.));
#2460 = LINE('',#2461,#2462);
#2461 = CARTESIAN_POINT('',(16.478200912476,14.387700080872,0.));
#2462 = VECTOR('',#2463,1.);
#2463 = DIRECTION('',(0.19509870807,0.980783612276,0.));
#2464 = ORIENTED_EDGE('',*,*,#2465,.T.);
#2465 = EDGE_CURVE('',#2458,#2466,#2468,.T.);
#2466 = VERTEX_POINT('',#2467);
#2467 = CARTESIAN_POINT('',(16.478200912476,15.612299919128,0.));
#2468 = LINE('',#2469,#2470);
#2469 = CARTESIAN_POINT('',(16.60000038147,15.,0.));
#2470 = VECTOR('',#2471,1.);
#2471 = DIRECTION('',(-0.19509870807,0.980783612276,0.));
#2472 = ORIENTED_EDGE('',*,*,#2473,.T.);
#2473 = EDGE_CURVE('',#2466,#2474,#2476,.T.);
#2474 = VERTEX_POINT('',#2475);
#2475 = CARTESIAN_POINT('',(16.131399154663,16.131399154663,0.));
#2476 = LINE('',#2477,#2478);
#2477 = CARTESIAN_POINT('',(16.478200912476,15.612299919128,0.));
#2478 = VECTOR('',#2479,1.);
#2479 = DIRECTION('',(-0.555515678306,0.831506062008,0.));
#2480 = ORIENTED_EDGE('',*,*,#2481,.T.);
#2481 = EDGE_CURVE('',#2474,#2360,#2482,.T.);
#2482 = LINE('',#2483,#2484);
#2483 = CARTESIAN_POINT('',(16.131399154663,16.131399154663,0.));
#2484 = VECTOR('',#2485,1.);
#2485 = DIRECTION('',(-0.831506062008,0.555515678306,0.));
#2486 = FACE_BOUND('',#2487,.T.);
#2487 = EDGE_LOOP('',(#2488,#2498,#2506,#2514,#2522,#2530,#2538,#2546,
    #2554,#2562,#2570,#2578,#2586,#2594,#2602,#2610));
#2488 = ORIENTED_EDGE('',*,*,#2489,.T.);
#2489 = EDGE_CURVE('',#2490,#2492,#2494,.T.);
#2490 = VERTEX_POINT('',#2491);
#2491 = CARTESIAN_POINT('',(8.612290382385,6.521790027618,0.));
#2492 = VERTEX_POINT('',#2493);
#2493 = CARTESIAN_POINT('',(9.131369590759,6.868629932404,0.));
#2494 = LINE('',#2495,#2496);
#2495 = CARTESIAN_POINT('',(8.612290382385,6.521790027618,0.));
#2496 = VECTOR('',#2497,1.);
#2497 = DIRECTION('',(0.831467935324,0.555572742787,0.));
#2498 = ORIENTED_EDGE('',*,*,#2499,.T.);
#2499 = EDGE_CURVE('',#2492,#2500,#2502,.T.);
#2500 = VERTEX_POINT('',#2501);
#2501 = CARTESIAN_POINT('',(9.478210449219,7.387710094452,0.));
#2502 = LINE('',#2503,#2504);
#2503 = CARTESIAN_POINT('',(9.131369590759,6.868629932404,0.));
#2504 = VECTOR('',#2505,1.);
#2505 = DIRECTION('',(0.555573093216,0.831467701173,0.));
#2506 = ORIENTED_EDGE('',*,*,#2507,.T.);
#2507 = EDGE_CURVE('',#2500,#2508,#2510,.T.);
#2508 = VERTEX_POINT('',#2509);
#2509 = CARTESIAN_POINT('',(9.60000038147,8.,0.));
#2510 = LINE('',#2511,#2512);
#2511 = CARTESIAN_POINT('',(9.478210449219,7.387710094452,0.));
#2512 = VECTOR('',#2513,1.);
#2513 = DIRECTION('',(0.195087082522,0.980785924773,0.));
#2514 = ORIENTED_EDGE('',*,*,#2515,.T.);
#2515 = EDGE_CURVE('',#2508,#2516,#2518,.T.);
#2516 = VERTEX_POINT('',#2517);
#2517 = CARTESIAN_POINT('',(9.478210449219,8.612290382385,0.));
#2518 = LINE('',#2519,#2520);
#2519 = CARTESIAN_POINT('',(9.60000038147,8.,0.));
#2520 = VECTOR('',#2521,1.);
#2521 = DIRECTION('',(-0.195086936375,0.980785953843,0.));
#2522 = ORIENTED_EDGE('',*,*,#2523,.T.);
#2523 = EDGE_CURVE('',#2516,#2524,#2526,.T.);
#2524 = VERTEX_POINT('',#2525);
#2525 = CARTESIAN_POINT('',(9.131369590759,9.131369590759,0.));
#2526 = LINE('',#2527,#2528);
#2527 = CARTESIAN_POINT('',(9.478210449219,8.612290382385,0.));
#2528 = VECTOR('',#2529,1.);
#2529 = DIRECTION('',(-0.55557379888,0.83146722966,0.));
#2530 = ORIENTED_EDGE('',*,*,#2531,.T.);
#2531 = EDGE_CURVE('',#2524,#2532,#2534,.T.);
#2532 = VERTEX_POINT('',#2533);
#2533 = CARTESIAN_POINT('',(8.612290382385,9.478210449219,0.));
#2534 = LINE('',#2535,#2536);
#2535 = CARTESIAN_POINT('',(9.131369590759,9.131369590759,0.));
#2536 = VECTOR('',#2537,1.);
#2537 = DIRECTION('',(-0.83146722966,0.55557379888,0.));
#2538 = ORIENTED_EDGE('',*,*,#2539,.T.);
#2539 = EDGE_CURVE('',#2532,#2540,#2542,.T.);
#2540 = VERTEX_POINT('',#2541);
#2541 = CARTESIAN_POINT('',(8.,9.60000038147,0.));
#2542 = LINE('',#2543,#2544);
#2543 = CARTESIAN_POINT('',(8.612290382385,9.478210449219,0.));
#2544 = VECTOR('',#2545,1.);
#2545 = DIRECTION('',(-0.980785953843,0.195086936375,0.));
#2546 = ORIENTED_EDGE('',*,*,#2547,.T.);
#2547 = EDGE_CURVE('',#2540,#2548,#2550,.T.);
#2548 = VERTEX_POINT('',#2549);
#2549 = CARTESIAN_POINT('',(7.387710094452,9.478210449219,0.));
#2550 = LINE('',#2551,#2552);
#2551 = CARTESIAN_POINT('',(8.,9.60000038147,0.));
#2552 = VECTOR('',#2553,1.);
#2553 = DIRECTION('',(-0.980785924773,-0.195087082522,0.));
#2554 = ORIENTED_EDGE('',*,*,#2555,.T.);
#2555 = EDGE_CURVE('',#2548,#2556,#2558,.T.);
#2556 = VERTEX_POINT('',#2557);
#2557 = CARTESIAN_POINT('',(6.868629932404,9.131369590759,0.));
#2558 = LINE('',#2559,#2560);
#2559 = CARTESIAN_POINT('',(7.387710094452,9.478210449219,0.));
#2560 = VECTOR('',#2561,1.);
#2561 = DIRECTION('',(-0.831467701173,-0.555573093216,0.));
#2562 = ORIENTED_EDGE('',*,*,#2563,.T.);
#2563 = EDGE_CURVE('',#2556,#2564,#2566,.T.);
#2564 = VERTEX_POINT('',#2565);
#2565 = CARTESIAN_POINT('',(6.521790027618,8.612290382385,0.));
#2566 = LINE('',#2567,#2568);
#2567 = CARTESIAN_POINT('',(6.868629932404,9.131369590759,0.));
#2568 = VECTOR('',#2569,1.);
#2569 = DIRECTION('',(-0.555572742787,-0.831467935324,0.));
#2570 = ORIENTED_EDGE('',*,*,#2571,.T.);
#2571 = EDGE_CURVE('',#2564,#2572,#2574,.T.);
#2572 = VERTEX_POINT('',#2573);
#2573 = CARTESIAN_POINT('',(6.400000095367,8.,0.));
#2574 = LINE('',#2575,#2576);
#2575 = CARTESIAN_POINT('',(6.521790027618,8.612290382385,0.));
#2576 = VECTOR('',#2577,1.);
#2577 = DIRECTION('',(-0.195086936375,-0.980785953843,0.));
#2578 = ORIENTED_EDGE('',*,*,#2579,.T.);
#2579 = EDGE_CURVE('',#2572,#2580,#2582,.T.);
#2580 = VERTEX_POINT('',#2581);
#2581 = CARTESIAN_POINT('',(6.521790027618,7.387710094452,0.));
#2582 = LINE('',#2583,#2584);
#2583 = CARTESIAN_POINT('',(6.400000095367,8.,0.));
#2584 = VECTOR('',#2585,1.);
#2585 = DIRECTION('',(0.195087082522,-0.980785924773,0.));
#2586 = ORIENTED_EDGE('',*,*,#2587,.T.);
#2587 = EDGE_CURVE('',#2580,#2588,#2590,.T.);
#2588 = VERTEX_POINT('',#2589);
#2589 = CARTESIAN_POINT('',(6.868629932404,6.868629932404,0.));
#2590 = LINE('',#2591,#2592);
#2591 = CARTESIAN_POINT('',(6.521790027618,7.387710094452,0.));
#2592 = VECTOR('',#2593,1.);
#2593 = DIRECTION('',(0.555572037123,-0.831468406837,0.));
#2594 = ORIENTED_EDGE('',*,*,#2595,.T.);
#2595 = EDGE_CURVE('',#2588,#2596,#2598,.T.);
#2596 = VERTEX_POINT('',#2597);
#2597 = CARTESIAN_POINT('',(7.387710094452,6.521790027618,0.));
#2598 = LINE('',#2599,#2600);
#2599 = CARTESIAN_POINT('',(6.868629932404,6.868629932404,0.));
#2600 = VECTOR('',#2601,1.);
#2601 = DIRECTION('',(0.831468406837,-0.555572037123,0.));
#2602 = ORIENTED_EDGE('',*,*,#2603,.T.);
#2603 = EDGE_CURVE('',#2596,#2604,#2606,.T.);
#2604 = VERTEX_POINT('',#2605);
#2605 = CARTESIAN_POINT('',(8.,6.400000095367,0.));
#2606 = LINE('',#2607,#2608);
#2607 = CARTESIAN_POINT('',(7.387710094452,6.521790027618,0.));
#2608 = VECTOR('',#2609,1.);
#2609 = DIRECTION('',(0.980785924773,-0.195087082522,0.));
#2610 = ORIENTED_EDGE('',*,*,#2611,.T.);
#2611 = EDGE_CURVE('',#2604,#2490,#2612,.T.);
#2612 = LINE('',#2613,#2614);
#2613 = CARTESIAN_POINT('',(8.,6.400000095367,0.));
#2614 = VECTOR('',#2615,1.);
#2615 = DIRECTION('',(0.980785953843,0.195086936375,0.));
#2616 = FACE_BOUND('',#2617,.T.);
#2617 = EDGE_LOOP('',(#2618,#2628,#2636,#2644,#2652,#2660,#2668,#2676,
    #2684,#2692,#2700,#2708,#2716,#2724,#2732,#2740));
#2618 = ORIENTED_EDGE('',*,*,#2619,.T.);
#2619 = EDGE_CURVE('',#2620,#2622,#2624,.T.);
#2620 = VERTEX_POINT('',#2621);
#2621 = CARTESIAN_POINT('',(16.478200912476,65.612297058105,0.));
#2622 = VERTEX_POINT('',#2623);
#2623 = CARTESIAN_POINT('',(16.131399154663,66.131401062012,0.));
#2624 = LINE('',#2625,#2626);
#2625 = CARTESIAN_POINT('',(16.478200912476,65.612297058105,0.));
#2626 = VECTOR('',#2627,1.);
#2627 = DIRECTION('',(-0.555512150175,0.831508419084,0.));
#2628 = ORIENTED_EDGE('',*,*,#2629,.T.);
#2629 = EDGE_CURVE('',#2622,#2630,#2632,.T.);
#2630 = VERTEX_POINT('',#2631);
#2631 = CARTESIAN_POINT('',(15.612299919128,66.478202819824,0.));
#2632 = LINE('',#2633,#2634);
#2633 = CARTESIAN_POINT('',(16.131399154663,66.131401062012,0.));
#2634 = VECTOR('',#2635,1.);
#2635 = DIRECTION('',(-0.831506062008,0.555515678306,0.));
#2636 = ORIENTED_EDGE('',*,*,#2637,.T.);
#2637 = EDGE_CURVE('',#2630,#2638,#2640,.T.);
#2638 = VERTEX_POINT('',#2639);
#2639 = CARTESIAN_POINT('',(15.,66.599998474121,0.));
#2640 = LINE('',#2641,#2642);
#2641 = CARTESIAN_POINT('',(15.612299919128,66.478202819824,0.));
#2642 = VECTOR('',#2643,1.);
#2643 = DIRECTION('',(-0.980784781481,0.19509283025,0.));
#2644 = ORIENTED_EDGE('',*,*,#2645,.T.);
#2645 = EDGE_CURVE('',#2638,#2646,#2648,.T.);
#2646 = VERTEX_POINT('',#2647);
#2647 = CARTESIAN_POINT('',(14.387700080872,66.478202819824,0.));
#2648 = LINE('',#2649,#2650);
#2649 = CARTESIAN_POINT('',(15.,66.599998474121,0.));
#2650 = VECTOR('',#2651,1.);
#2651 = DIRECTION('',(-0.980784781481,-0.19509283025,0.));
#2652 = ORIENTED_EDGE('',*,*,#2653,.T.);
#2653 = EDGE_CURVE('',#2646,#2654,#2656,.T.);
#2654 = VERTEX_POINT('',#2655);
#2655 = CARTESIAN_POINT('',(13.868599891663,66.131401062012,0.));
#2656 = LINE('',#2657,#2658);
#2657 = CARTESIAN_POINT('',(14.387700080872,66.478202819824,0.));
#2658 = VECTOR('',#2659,1.);
#2659 = DIRECTION('',(-0.831506533427,-0.555514972677,0.));
#2660 = ORIENTED_EDGE('',*,*,#2661,.T.);
#2661 = EDGE_CURVE('',#2654,#2662,#2664,.T.);
#2662 = VERTEX_POINT('',#2663);
#2663 = CARTESIAN_POINT('',(13.521800041199,65.612297058105,0.));
#2664 = LINE('',#2665,#2666);
#2665 = CARTESIAN_POINT('',(13.868599891663,66.131401062012,0.));
#2666 = VECTOR('',#2667,1.);
#2667 = DIRECTION('',(-0.555510037772,-0.83150983033,0.));
#2668 = ORIENTED_EDGE('',*,*,#2669,.T.);
#2669 = EDGE_CURVE('',#2662,#2670,#2672,.T.);
#2670 = VERTEX_POINT('',#2671);
#2671 = CARTESIAN_POINT('',(13.39999961853,65.,0.));
#2672 = LINE('',#2673,#2674);
#2673 = CARTESIAN_POINT('',(13.521800041199,65.612297058105,0.));
#2674 = VECTOR('',#2675,1.);
#2675 = DIRECTION('',(-0.195101054448,-0.980783145529,0.));
#2676 = ORIENTED_EDGE('',*,*,#2677,.T.);
#2677 = EDGE_CURVE('',#2670,#2678,#2680,.T.);
#2678 = VERTEX_POINT('',#2679);
#2679 = CARTESIAN_POINT('',(13.521800041199,64.387702941895,0.));
#2680 = LINE('',#2681,#2682);
#2681 = CARTESIAN_POINT('',(13.39999961853,65.,0.));
#2682 = VECTOR('',#2683,1.);
#2683 = DIRECTION('',(0.195101054448,-0.980783145529,0.));
#2684 = ORIENTED_EDGE('',*,*,#2685,.T.);
#2685 = EDGE_CURVE('',#2678,#2686,#2688,.T.);
#2686 = VERTEX_POINT('',#2687);
#2687 = CARTESIAN_POINT('',(13.868599891663,63.868598937988,0.));
#2688 = LINE('',#2689,#2690);
#2689 = CARTESIAN_POINT('',(13.521800041199,64.387702941895,0.));
#2690 = VECTOR('',#2691,1.);
#2691 = DIRECTION('',(0.555510037772,-0.83150983033,0.));
#2692 = ORIENTED_EDGE('',*,*,#2693,.T.);
#2693 = EDGE_CURVE('',#2686,#2694,#2696,.T.);
#2694 = VERTEX_POINT('',#2695);
#2695 = CARTESIAN_POINT('',(14.387700080872,63.521800994873,0.));
#2696 = LINE('',#2697,#2698);
#2697 = CARTESIAN_POINT('',(13.868599891663,63.868598937988,0.));
#2698 = VECTOR('',#2699,1.);
#2699 = DIRECTION('',(0.831509355939,-0.555510747858,0.));
#2700 = ORIENTED_EDGE('',*,*,#2701,.T.);
#2701 = EDGE_CURVE('',#2694,#2702,#2704,.T.);
#2702 = VERTEX_POINT('',#2703);
#2703 = CARTESIAN_POINT('',(15.,63.400001525879,0.));
#2704 = LINE('',#2705,#2706);
#2705 = CARTESIAN_POINT('',(14.387700080872,63.521800994873,0.));
#2706 = VECTOR('',#2707,1.);
#2707 = DIRECTION('',(0.980783612276,-0.19509870807,0.));
#2708 = ORIENTED_EDGE('',*,*,#2709,.T.);
#2709 = EDGE_CURVE('',#2702,#2710,#2712,.T.);
#2710 = VERTEX_POINT('',#2711);
#2711 = CARTESIAN_POINT('',(15.612299919128,63.521800994873,0.));
#2712 = LINE('',#2713,#2714);
#2713 = CARTESIAN_POINT('',(15.,63.400001525879,0.));
#2714 = VECTOR('',#2715,1.);
#2715 = DIRECTION('',(0.980783612276,0.19509870807,0.));
#2716 = ORIENTED_EDGE('',*,*,#2717,.T.);
#2717 = EDGE_CURVE('',#2710,#2718,#2720,.T.);
#2718 = VERTEX_POINT('',#2719);
#2719 = CARTESIAN_POINT('',(16.131399154663,63.868598937988,0.));
#2720 = LINE('',#2721,#2722);
#2721 = CARTESIAN_POINT('',(15.612299919128,63.521800994873,0.));
#2722 = VECTOR('',#2723,1.);
#2723 = DIRECTION('',(0.831508884526,0.555511453486,0.));
#2724 = ORIENTED_EDGE('',*,*,#2725,.T.);
#2725 = EDGE_CURVE('',#2718,#2726,#2728,.T.);
#2726 = VERTEX_POINT('',#2727);
#2727 = CARTESIAN_POINT('',(16.478200912476,64.387702941895,0.));
#2728 = LINE('',#2729,#2730);
#2729 = CARTESIAN_POINT('',(16.131399154663,63.868598937988,0.));
#2730 = VECTOR('',#2731,1.);
#2731 = DIRECTION('',(0.555512150175,0.831508419084,0.));
#2732 = ORIENTED_EDGE('',*,*,#2733,.T.);
#2733 = EDGE_CURVE('',#2726,#2734,#2736,.T.);
#2734 = VERTEX_POINT('',#2735);
#2735 = CARTESIAN_POINT('',(16.60000038147,65.,0.));
#2736 = LINE('',#2737,#2738);
#2737 = CARTESIAN_POINT('',(16.478200912476,64.387702941895,0.));
#2738 = VECTOR('',#2739,1.);
#2739 = DIRECTION('',(0.19509958499,0.980783437838,0.));
#2740 = ORIENTED_EDGE('',*,*,#2741,.T.);
#2741 = EDGE_CURVE('',#2734,#2620,#2742,.T.);
#2742 = LINE('',#2743,#2744);
#2743 = CARTESIAN_POINT('',(16.60000038147,65.,0.));
#2744 = VECTOR('',#2745,1.);
#2745 = DIRECTION('',(-0.19509958499,0.980783437838,0.));
#2746 = FACE_BOUND('',#2747,.T.);
#2747 = EDGE_LOOP('',(#2748,#2758,#2766,#2774,#2782,#2790,#2798,#2806,
    #2814,#2822,#2830,#2838,#2846,#2854,#2862,#2870));
#2748 = ORIENTED_EDGE('',*,*,#2749,.T.);
#2749 = EDGE_CURVE('',#2750,#2752,#2754,.T.);
#2750 = VERTEX_POINT('',#2751);
#2751 = CARTESIAN_POINT('',(9.131369590759,73.131401062012,0.));
#2752 = VERTEX_POINT('',#2753);
#2753 = CARTESIAN_POINT('',(8.612290382385,73.478202819824,0.));
#2754 = LINE('',#2755,#2756);
#2755 = CARTESIAN_POINT('',(9.131369590759,73.131401062012,0.));
#2756 = VECTOR('',#2757,1.);
#2757 = DIRECTION('',(-0.831496161798,0.555530496837,0.));
#2758 = ORIENTED_EDGE('',*,*,#2759,.T.);
#2759 = EDGE_CURVE('',#2752,#2760,#2762,.T.);
#2760 = VERTEX_POINT('',#2761);
#2761 = CARTESIAN_POINT('',(8.,73.599998474121,0.));
#2762 = LINE('',#2763,#2764);
#2763 = CARTESIAN_POINT('',(8.612290382385,73.478202819824,0.));
#2764 = VECTOR('',#2765,1.);
#2765 = DIRECTION('',(-0.980784200045,0.195095753265,0.));
#2766 = ORIENTED_EDGE('',*,*,#2767,.T.);
#2767 = EDGE_CURVE('',#2760,#2768,#2770,.T.);
#2768 = VERTEX_POINT('',#2769);
#2769 = CARTESIAN_POINT('',(7.387710094452,73.478202819824,0.));
#2770 = LINE('',#2771,#2772);
#2771 = CARTESIAN_POINT('',(8.,73.599998474121,0.));
#2772 = VECTOR('',#2773,1.);
#2773 = DIRECTION('',(-0.980784170972,-0.195095899418,0.));
#2774 = ORIENTED_EDGE('',*,*,#2775,.T.);
#2775 = EDGE_CURVE('',#2768,#2776,#2778,.T.);
#2776 = VERTEX_POINT('',#2777);
#2777 = CARTESIAN_POINT('',(6.868629932404,73.131401062012,0.));
#2778 = LINE('',#2779,#2780);
#2779 = CARTESIAN_POINT('',(7.387710094452,73.478202819824,0.));
#2780 = VECTOR('',#2781,1.);
#2781 = DIRECTION('',(-0.831496633254,-0.555529791179,0.));
#2782 = ORIENTED_EDGE('',*,*,#2783,.T.);
#2783 = EDGE_CURVE('',#2776,#2784,#2786,.T.);
#2784 = VERTEX_POINT('',#2785);
#2785 = CARTESIAN_POINT('',(6.521790027618,72.612297058105,0.));
#2786 = LINE('',#2787,#2788);
#2787 = CARTESIAN_POINT('',(6.868629932404,73.131401062012,0.));
#2788 = VECTOR('',#2789,1.);
#2789 = DIRECTION('',(-0.555554395975,-0.831480194059,0.));
#2790 = ORIENTED_EDGE('',*,*,#2791,.T.);
#2791 = EDGE_CURVE('',#2784,#2792,#2794,.T.);
#2792 = VERTEX_POINT('',#2793);
#2793 = CARTESIAN_POINT('',(6.400000095367,72.,0.));
#2794 = LINE('',#2795,#2796);
#2795 = CARTESIAN_POINT('',(6.521790027618,72.612297058105,0.));
#2796 = VECTOR('',#2797,1.);
#2797 = DIRECTION('',(-0.195084890341,-0.980786360815,0.));
#2798 = ORIENTED_EDGE('',*,*,#2799,.T.);
#2799 = EDGE_CURVE('',#2792,#2800,#2802,.T.);
#2800 = VERTEX_POINT('',#2801);
#2801 = CARTESIAN_POINT('',(6.521790027618,71.387702941895,0.));
#2802 = LINE('',#2803,#2804);
#2803 = CARTESIAN_POINT('',(6.400000095367,72.,0.));
#2804 = VECTOR('',#2805,1.);
#2805 = DIRECTION('',(0.195084890341,-0.980786360815,0.));
#2806 = ORIENTED_EDGE('',*,*,#2807,.T.);
#2807 = EDGE_CURVE('',#2800,#2808,#2810,.T.);
#2808 = VERTEX_POINT('',#2809);
#2809 = CARTESIAN_POINT('',(6.868629932404,70.868598937988,0.));
#2810 = LINE('',#2811,#2812);
#2811 = CARTESIAN_POINT('',(6.521790027618,71.387702941895,0.));
#2812 = VECTOR('',#2813,1.);
#2813 = DIRECTION('',(0.555554395975,-0.831480194059,0.));
#2814 = ORIENTED_EDGE('',*,*,#2815,.T.);
#2815 = EDGE_CURVE('',#2808,#2816,#2818,.T.);
#2816 = VERTEX_POINT('',#2817);
#2817 = CARTESIAN_POINT('',(7.387710094452,70.521797180176,0.));
#2818 = LINE('',#2819,#2820);
#2819 = CARTESIAN_POINT('',(6.868629932404,70.868598937988,0.));
#2820 = VECTOR('',#2821,1.);
#2821 = DIRECTION('',(0.831496633254,-0.555529791179,0.));
#2822 = ORIENTED_EDGE('',*,*,#2823,.T.);
#2823 = EDGE_CURVE('',#2816,#2824,#2826,.T.);
#2824 = VERTEX_POINT('',#2825);
#2825 = CARTESIAN_POINT('',(8.,70.400001525879,0.));
#2826 = LINE('',#2827,#2828);
#2827 = CARTESIAN_POINT('',(7.387710094452,70.521797180176,0.));
#2828 = VECTOR('',#2829,1.);
#2829 = DIRECTION('',(0.980784170972,-0.195095899418,0.));
#2830 = ORIENTED_EDGE('',*,*,#2831,.T.);
#2831 = EDGE_CURVE('',#2824,#2832,#2834,.T.);
#2832 = VERTEX_POINT('',#2833);
#2833 = CARTESIAN_POINT('',(8.612290382385,70.521797180176,0.));
#2834 = LINE('',#2835,#2836);
#2835 = CARTESIAN_POINT('',(8.,70.400001525879,0.));
#2836 = VECTOR('',#2837,1.);
#2837 = DIRECTION('',(0.980784200045,0.195095753265,0.));
#2838 = ORIENTED_EDGE('',*,*,#2839,.T.);
#2839 = EDGE_CURVE('',#2832,#2840,#2842,.T.);
#2840 = VERTEX_POINT('',#2841);
#2841 = CARTESIAN_POINT('',(9.131369590759,70.868598937988,0.));
#2842 = LINE('',#2843,#2844);
#2843 = CARTESIAN_POINT('',(8.612290382385,70.521797180176,0.));
#2844 = VECTOR('',#2845,1.);
#2845 = DIRECTION('',(0.831496161798,0.555530496837,0.));
#2846 = ORIENTED_EDGE('',*,*,#2847,.T.);
#2847 = EDGE_CURVE('',#2840,#2848,#2850,.T.);
#2848 = VERTEX_POINT('',#2849);
#2849 = CARTESIAN_POINT('',(9.478210449219,71.387702941895,0.));
#2850 = LINE('',#2851,#2852);
#2851 = CARTESIAN_POINT('',(9.131369590759,70.868598937988,0.));
#2852 = VECTOR('',#2853,1.);
#2853 = DIRECTION('',(0.555555452065,0.831479488431,0.));
#2854 = ORIENTED_EDGE('',*,*,#2855,.T.);
#2855 = EDGE_CURVE('',#2848,#2856,#2858,.T.);
#2856 = VERTEX_POINT('',#2857);
#2857 = CARTESIAN_POINT('',(9.60000038147,72.,0.));
#2858 = LINE('',#2859,#2860);
#2859 = CARTESIAN_POINT('',(9.478210449219,71.387702941895,0.));
#2860 = VECTOR('',#2861,1.);
#2861 = DIRECTION('',(0.195084890341,0.980786360815,0.));
#2862 = ORIENTED_EDGE('',*,*,#2863,.T.);
#2863 = EDGE_CURVE('',#2856,#2864,#2866,.T.);
#2864 = VERTEX_POINT('',#2865);
#2865 = CARTESIAN_POINT('',(9.478210449219,72.612297058105,0.));
#2866 = LINE('',#2867,#2868);
#2867 = CARTESIAN_POINT('',(9.60000038147,72.,0.));
#2868 = VECTOR('',#2869,1.);
#2869 = DIRECTION('',(-0.195084890341,0.980786360815,0.));
#2870 = ORIENTED_EDGE('',*,*,#2871,.T.);
#2871 = EDGE_CURVE('',#2864,#2750,#2872,.T.);
#2872 = LINE('',#2873,#2874);
#2873 = CARTESIAN_POINT('',(9.478210449219,72.612297058105,0.));
#2874 = VECTOR('',#2875,1.);
#2875 = DIRECTION('',(-0.555555452065,0.831479488431,0.));
#2876 = FACE_BOUND('',#2877,.T.);
#2877 = EDGE_LOOP('',(#2878,#2888,#2896,#2904,#2912,#2920,#2928,#2936,
    #2944,#2952,#2960,#2968,#2976,#2984,#2992,#3000));
#2878 = ORIENTED_EDGE('',*,*,#2879,.T.);
#2879 = EDGE_CURVE('',#2880,#2882,#2884,.T.);
#2880 = VERTEX_POINT('',#2881);
#2881 = CARTESIAN_POINT('',(78.400001525879,8.,0.));
#2882 = VERTEX_POINT('',#2883);
#2883 = CARTESIAN_POINT('',(78.521797180176,7.387710094452,0.));
#2884 = LINE('',#2885,#2886);
#2885 = CARTESIAN_POINT('',(78.400001525879,8.,0.));
#2886 = VECTOR('',#2887,1.);
#2887 = DIRECTION('',(0.195095899418,-0.980784170972,0.));
#2888 = ORIENTED_EDGE('',*,*,#2889,.T.);
#2889 = EDGE_CURVE('',#2882,#2890,#2892,.T.);
#2890 = VERTEX_POINT('',#2891);
#2891 = CARTESIAN_POINT('',(78.868598937988,6.868629932404,0.));
#2892 = LINE('',#2893,#2894);
#2893 = CARTESIAN_POINT('',(78.521797180176,7.387710094452,0.));
#2894 = VECTOR('',#2895,1.);
#2895 = DIRECTION('',(0.555529791179,-0.831496633254,0.));
#2896 = ORIENTED_EDGE('',*,*,#2897,.T.);
#2897 = EDGE_CURVE('',#2890,#2898,#2900,.T.);
#2898 = VERTEX_POINT('',#2899);
#2899 = CARTESIAN_POINT('',(79.387702941895,6.521790027618,0.));
#2900 = LINE('',#2901,#2902);
#2901 = CARTESIAN_POINT('',(78.868598937988,6.868629932404,0.));
#2902 = VECTOR('',#2903,1.);
#2903 = DIRECTION('',(0.831480194059,-0.555554395975,0.));
#2904 = ORIENTED_EDGE('',*,*,#2905,.T.);
#2905 = EDGE_CURVE('',#2898,#2906,#2908,.T.);
#2906 = VERTEX_POINT('',#2907);
#2907 = CARTESIAN_POINT('',(80.,6.400000095367,0.));
#2908 = LINE('',#2909,#2910);
#2909 = CARTESIAN_POINT('',(79.387702941895,6.521790027618,0.));
#2910 = VECTOR('',#2911,1.);
#2911 = DIRECTION('',(0.980786360815,-0.195084890341,0.));
#2912 = ORIENTED_EDGE('',*,*,#2913,.T.);
#2913 = EDGE_CURVE('',#2906,#2914,#2916,.T.);
#2914 = VERTEX_POINT('',#2915);
#2915 = CARTESIAN_POINT('',(80.612297058105,6.521790027618,0.));
#2916 = LINE('',#2917,#2918);
#2917 = CARTESIAN_POINT('',(80.,6.400000095367,0.));
#2918 = VECTOR('',#2919,1.);
#2919 = DIRECTION('',(0.980786360815,0.195084890341,0.));
#2920 = ORIENTED_EDGE('',*,*,#2921,.T.);
#2921 = EDGE_CURVE('',#2914,#2922,#2924,.T.);
#2922 = VERTEX_POINT('',#2923);
#2923 = CARTESIAN_POINT('',(81.131401062012,6.868629932404,0.));
#2924 = LINE('',#2925,#2926);
#2925 = CARTESIAN_POINT('',(80.612297058105,6.521790027618,0.));
#2926 = VECTOR('',#2927,1.);
#2927 = DIRECTION('',(0.831480194059,0.555554395975,0.));
#2928 = ORIENTED_EDGE('',*,*,#2929,.T.);
#2929 = EDGE_CURVE('',#2922,#2930,#2932,.T.);
#2930 = VERTEX_POINT('',#2931);
#2931 = CARTESIAN_POINT('',(81.478202819824,7.387710094452,0.));
#2932 = LINE('',#2933,#2934);
#2933 = CARTESIAN_POINT('',(81.131401062012,6.868629932404,0.));
#2934 = VECTOR('',#2935,1.);
#2935 = DIRECTION('',(0.555529791179,0.831496633254,0.));
#2936 = ORIENTED_EDGE('',*,*,#2937,.T.);
#2937 = EDGE_CURVE('',#2930,#2938,#2940,.T.);
#2938 = VERTEX_POINT('',#2939);
#2939 = CARTESIAN_POINT('',(81.599998474121,8.,0.));
#2940 = LINE('',#2941,#2942);
#2941 = CARTESIAN_POINT('',(81.478202819824,7.387710094452,0.));
#2942 = VECTOR('',#2943,1.);
#2943 = DIRECTION('',(0.195095899418,0.980784170972,0.));
#2944 = ORIENTED_EDGE('',*,*,#2945,.T.);
#2945 = EDGE_CURVE('',#2938,#2946,#2948,.T.);
#2946 = VERTEX_POINT('',#2947);
#2947 = CARTESIAN_POINT('',(81.478202819824,8.612290382385,0.));
#2948 = LINE('',#2949,#2950);
#2949 = CARTESIAN_POINT('',(81.599998474121,8.,0.));
#2950 = VECTOR('',#2951,1.);
#2951 = DIRECTION('',(-0.195095753265,0.980784200045,0.));
#2952 = ORIENTED_EDGE('',*,*,#2953,.T.);
#2953 = EDGE_CURVE('',#2946,#2954,#2956,.T.);
#2954 = VERTEX_POINT('',#2955);
#2955 = CARTESIAN_POINT('',(81.131401062012,9.131369590759,0.));
#2956 = LINE('',#2957,#2958);
#2957 = CARTESIAN_POINT('',(81.478202819824,8.612290382385,0.));
#2958 = VECTOR('',#2959,1.);
#2959 = DIRECTION('',(-0.555530496837,0.831496161798,0.));
#2960 = ORIENTED_EDGE('',*,*,#2961,.T.);
#2961 = EDGE_CURVE('',#2954,#2962,#2964,.T.);
#2962 = VERTEX_POINT('',#2963);
#2963 = CARTESIAN_POINT('',(80.612297058105,9.478210449219,0.));
#2964 = LINE('',#2965,#2966);
#2965 = CARTESIAN_POINT('',(81.131401062012,9.131369590759,0.));
#2966 = VECTOR('',#2967,1.);
#2967 = DIRECTION('',(-0.831479488431,0.555555452065,0.));
#2968 = ORIENTED_EDGE('',*,*,#2969,.T.);
#2969 = EDGE_CURVE('',#2962,#2970,#2972,.T.);
#2970 = VERTEX_POINT('',#2971);
#2971 = CARTESIAN_POINT('',(80.,9.60000038147,0.));
#2972 = LINE('',#2973,#2974);
#2973 = CARTESIAN_POINT('',(80.612297058105,9.478210449219,0.));
#2974 = VECTOR('',#2975,1.);
#2975 = DIRECTION('',(-0.980786360815,0.195084890341,0.));
#2976 = ORIENTED_EDGE('',*,*,#2977,.T.);
#2977 = EDGE_CURVE('',#2970,#2978,#2980,.T.);
#2978 = VERTEX_POINT('',#2979);
#2979 = CARTESIAN_POINT('',(79.387702941895,9.478210449219,0.));
#2980 = LINE('',#2981,#2982);
#2981 = CARTESIAN_POINT('',(80.,9.60000038147,0.));
#2982 = VECTOR('',#2983,1.);
#2983 = DIRECTION('',(-0.980786360815,-0.195084890341,0.));
#2984 = ORIENTED_EDGE('',*,*,#2985,.T.);
#2985 = EDGE_CURVE('',#2978,#2986,#2988,.T.);
#2986 = VERTEX_POINT('',#2987);
#2987 = CARTESIAN_POINT('',(78.868598937988,9.131369590759,0.));
#2988 = LINE('',#2989,#2990);
#2989 = CARTESIAN_POINT('',(79.387702941895,9.478210449219,0.));
#2990 = VECTOR('',#2991,1.);
#2991 = DIRECTION('',(-0.831479488431,-0.555555452065,0.));
#2992 = ORIENTED_EDGE('',*,*,#2993,.T.);
#2993 = EDGE_CURVE('',#2986,#2994,#2996,.T.);
#2994 = VERTEX_POINT('',#2995);
#2995 = CARTESIAN_POINT('',(78.521797180176,8.612290382385,0.));
#2996 = LINE('',#2997,#2998);
#2997 = CARTESIAN_POINT('',(78.868598937988,9.131369590759,0.));
#2998 = VECTOR('',#2999,1.);
#2999 = DIRECTION('',(-0.555530496837,-0.831496161798,0.));
#3000 = ORIENTED_EDGE('',*,*,#3001,.T.);
#3001 = EDGE_CURVE('',#2994,#2880,#3002,.T.);
#3002 = LINE('',#3003,#3004);
#3003 = CARTESIAN_POINT('',(78.521797180176,8.612290382385,0.));
#3004 = VECTOR('',#3005,1.);
#3005 = DIRECTION('',(-0.195095753265,-0.980784200045,0.));
#3006 = FACE_BOUND('',#3007,.T.);
#3007 = EDGE_LOOP('',(#3008,#3018,#3026,#3034,#3042,#3050,#3058,#3066,
    #3074,#3082,#3090,#3098,#3106,#3114,#3122,#3130));
#3008 = ORIENTED_EDGE('',*,*,#3009,.T.);
#3009 = EDGE_CURVE('',#3010,#3012,#3014,.T.);
#3010 = VERTEX_POINT('',#3011);
#3011 = CARTESIAN_POINT('',(81.131401062012,70.868598937988,0.));
#3012 = VERTEX_POINT('',#3013);
#3013 = CARTESIAN_POINT('',(81.478202819824,71.387702941895,0.));
#3014 = LINE('',#3015,#3016);
#3015 = CARTESIAN_POINT('',(81.131401062012,70.868598937988,0.));
#3016 = VECTOR('',#3017,1.);
#3017 = DIRECTION('',(0.555512150175,0.831508419084,0.));
#3018 = ORIENTED_EDGE('',*,*,#3019,.T.);
#3019 = EDGE_CURVE('',#3012,#3020,#3022,.T.);
#3020 = VERTEX_POINT('',#3021);
#3021 = CARTESIAN_POINT('',(81.599998474121,72.,0.));
#3022 = LINE('',#3023,#3024);
#3023 = CARTESIAN_POINT('',(81.478202819824,71.387702941895,0.));
#3024 = VECTOR('',#3025,1.);
#3025 = DIRECTION('',(0.195093707146,0.980784607053,0.));
#3026 = ORIENTED_EDGE('',*,*,#3027,.T.);
#3027 = EDGE_CURVE('',#3020,#3028,#3030,.T.);
#3028 = VERTEX_POINT('',#3029);
#3029 = CARTESIAN_POINT('',(81.478202819824,72.612297058105,0.));
#3030 = LINE('',#3031,#3032);
#3031 = CARTESIAN_POINT('',(81.599998474121,72.,0.));
#3032 = VECTOR('',#3033,1.);
#3033 = DIRECTION('',(-0.195093707146,0.980784607053,0.));
#3034 = ORIENTED_EDGE('',*,*,#3035,.T.);
#3035 = EDGE_CURVE('',#3028,#3036,#3038,.T.);
#3036 = VERTEX_POINT('',#3037);
#3037 = CARTESIAN_POINT('',(81.131401062012,73.131401062012,0.));
#3038 = LINE('',#3039,#3040);
#3039 = CARTESIAN_POINT('',(81.478202819824,72.612297058105,0.));
#3040 = VECTOR('',#3041,1.);
#3041 = DIRECTION('',(-0.555512150175,0.831508419084,0.));
#3042 = ORIENTED_EDGE('',*,*,#3043,.T.);
#3043 = EDGE_CURVE('',#3036,#3044,#3046,.T.);
#3044 = VERTEX_POINT('',#3045);
#3045 = CARTESIAN_POINT('',(80.612297058105,73.478202819824,0.));
#3046 = LINE('',#3047,#3048);
#3047 = CARTESIAN_POINT('',(81.131401062012,73.131401062012,0.));
#3048 = VECTOR('',#3049,1.);
#3049 = DIRECTION('',(-0.831508419084,0.555512150175,0.));
#3050 = ORIENTED_EDGE('',*,*,#3051,.T.);
#3051 = EDGE_CURVE('',#3044,#3052,#3054,.T.);
#3052 = VERTEX_POINT('',#3053);
#3053 = CARTESIAN_POINT('',(80.,73.599998474121,0.));
#3054 = LINE('',#3055,#3056);
#3055 = CARTESIAN_POINT('',(80.612297058105,73.478202819824,0.));
#3056 = VECTOR('',#3057,1.);
#3057 = DIRECTION('',(-0.980784607053,0.195093707146,0.));
#3058 = ORIENTED_EDGE('',*,*,#3059,.T.);
#3059 = EDGE_CURVE('',#3052,#3060,#3062,.T.);
#3060 = VERTEX_POINT('',#3061);
#3061 = CARTESIAN_POINT('',(79.387702941895,73.478202819824,0.));
#3062 = LINE('',#3063,#3064);
#3063 = CARTESIAN_POINT('',(80.,73.599998474121,0.));
#3064 = VECTOR('',#3065,1.);
#3065 = DIRECTION('',(-0.980784607053,-0.195093707146,0.));
#3066 = ORIENTED_EDGE('',*,*,#3067,.T.);
#3067 = EDGE_CURVE('',#3060,#3068,#3070,.T.);
#3068 = VERTEX_POINT('',#3069);
#3069 = CARTESIAN_POINT('',(78.868598937988,73.131401062012,0.));
#3070 = LINE('',#3071,#3072);
#3071 = CARTESIAN_POINT('',(79.387702941895,73.478202819824,0.));
#3072 = VECTOR('',#3073,1.);
#3073 = DIRECTION('',(-0.831508419084,-0.555512150175,0.));
#3074 = ORIENTED_EDGE('',*,*,#3075,.T.);
#3075 = EDGE_CURVE('',#3068,#3076,#3078,.T.);
#3076 = VERTEX_POINT('',#3077);
#3077 = CARTESIAN_POINT('',(78.521797180176,72.612297058105,0.));
#3078 = LINE('',#3079,#3080);
#3079 = CARTESIAN_POINT('',(78.868598937988,73.131401062012,0.));
#3080 = VECTOR('',#3081,1.);
#3081 = DIRECTION('',(-0.555512150175,-0.831508419084,0.));
#3082 = ORIENTED_EDGE('',*,*,#3083,.T.);
#3083 = EDGE_CURVE('',#3076,#3084,#3086,.T.);
#3084 = VERTEX_POINT('',#3085);
#3085 = CARTESIAN_POINT('',(78.400001525879,72.,0.));
#3086 = LINE('',#3087,#3088);
#3087 = CARTESIAN_POINT('',(78.521797180176,72.612297058105,0.));
#3088 = VECTOR('',#3089,1.);
#3089 = DIRECTION('',(-0.195093707146,-0.980784607053,0.));
#3090 = ORIENTED_EDGE('',*,*,#3091,.T.);
#3091 = EDGE_CURVE('',#3084,#3092,#3094,.T.);
#3092 = VERTEX_POINT('',#3093);
#3093 = CARTESIAN_POINT('',(78.521797180176,71.387702941895,0.));
#3094 = LINE('',#3095,#3096);
#3095 = CARTESIAN_POINT('',(78.400001525879,72.,0.));
#3096 = VECTOR('',#3097,1.);
#3097 = DIRECTION('',(0.195093707146,-0.980784607053,0.));
#3098 = ORIENTED_EDGE('',*,*,#3099,.T.);
#3099 = EDGE_CURVE('',#3092,#3100,#3102,.T.);
#3100 = VERTEX_POINT('',#3101);
#3101 = CARTESIAN_POINT('',(78.868598937988,70.868598937988,0.));
#3102 = LINE('',#3103,#3104);
#3103 = CARTESIAN_POINT('',(78.521797180176,71.387702941895,0.));
#3104 = VECTOR('',#3105,1.);
#3105 = DIRECTION('',(0.555512150175,-0.831508419084,0.));
#3106 = ORIENTED_EDGE('',*,*,#3107,.T.);
#3107 = EDGE_CURVE('',#3100,#3108,#3110,.T.);
#3108 = VERTEX_POINT('',#3109);
#3109 = CARTESIAN_POINT('',(79.387702941895,70.521797180176,0.));
#3110 = LINE('',#3111,#3112);
#3111 = CARTESIAN_POINT('',(78.868598937988,70.868598937988,0.));
#3112 = VECTOR('',#3113,1.);
#3113 = DIRECTION('',(0.831508419084,-0.555512150175,0.));
#3114 = ORIENTED_EDGE('',*,*,#3115,.T.);
#3115 = EDGE_CURVE('',#3108,#3116,#3118,.T.);
#3116 = VERTEX_POINT('',#3117);
#3117 = CARTESIAN_POINT('',(80.,70.400001525879,0.));
#3118 = LINE('',#3119,#3120);
#3119 = CARTESIAN_POINT('',(79.387702941895,70.521797180176,0.));
#3120 = VECTOR('',#3121,1.);
#3121 = DIRECTION('',(0.980784607053,-0.195093707146,0.));
#3122 = ORIENTED_EDGE('',*,*,#3123,.T.);
#3123 = EDGE_CURVE('',#3116,#3124,#3126,.T.);
#3124 = VERTEX_POINT('',#3125);
#3125 = CARTESIAN_POINT('',(80.612297058105,70.521797180176,0.));
#3126 = LINE('',#3127,#3128);
#3127 = CARTESIAN_POINT('',(80.,70.400001525879,0.));
#3128 = VECTOR('',#3129,1.);
#3129 = DIRECTION('',(0.980784607053,0.195093707146,0.));
#3130 = ORIENTED_EDGE('',*,*,#3131,.T.);
#3131 = EDGE_CURVE('',#3124,#3010,#3132,.T.);
#3132 = LINE('',#3133,#3134);
#3133 = CARTESIAN_POINT('',(80.612297058105,70.521797180176,0.));
#3134 = VECTOR('',#3135,1.);
#3135 = DIRECTION('',(0.831508419084,0.555512150175,0.));
#3136 = PLANE('',#3137);
#3137 = AXIS2_PLACEMENT_3D('',#3138,#3139,#3140);
#3138 = CARTESIAN_POINT('',(80.,40.,0.));
#3139 = DIRECTION('',(-0.,-0.,-1.));
#3140 = DIRECTION('',(-1.,0.,0.));
#3141 = ADVANCED_FACE('',(#3142),#3181,.T.);
#3142 = FACE_BOUND('',#3143,.T.);
#3143 = EDGE_LOOP('',(#3144,#3152,#3160,#3166,#3167,#3173,#3174,#3180));
#3144 = ORIENTED_EDGE('',*,*,#3145,.T.);
#3145 = EDGE_CURVE('',#523,#3146,#3148,.T.);
#3146 = VERTEX_POINT('',#3147);
#3147 = CARTESIAN_POINT('',(10.,62.,8.));
#3148 = LINE('',#3149,#3150);
#3149 = CARTESIAN_POINT('',(10.,62.,3.));
#3150 = VECTOR('',#3151,1.);
#3151 = DIRECTION('',(0.,0.,1.));
#3152 = ORIENTED_EDGE('',*,*,#3153,.T.);
#3153 = EDGE_CURVE('',#3146,#3154,#3156,.T.);
#3154 = VERTEX_POINT('',#3155);
#3155 = CARTESIAN_POINT('',(10.,18.,8.));
#3156 = LINE('',#3157,#3158);
#3157 = CARTESIAN_POINT('',(10.,62.,8.));
#3158 = VECTOR('',#3159,1.);
#3159 = DIRECTION('',(0.,-1.,0.));
#3160 = ORIENTED_EDGE('',*,*,#3161,.T.);
#3161 = EDGE_CURVE('',#3154,#499,#3162,.T.);
#3162 = LINE('',#3163,#3164);
#3163 = CARTESIAN_POINT('',(10.,18.,8.));
#3164 = VECTOR('',#3165,1.);
#3165 = DIRECTION('',(0.,0.,-1.));
#3166 = ORIENTED_EDGE('',*,*,#498,.F.);
#3167 = ORIENTED_EDGE('',*,*,#3168,.T.);
#3168 = EDGE_CURVE('',#491,#2075,#3169,.T.);
#3169 = LINE('',#3170,#3171);
#3170 = CARTESIAN_POINT('',(10.,20.,3.));
#3171 = VECTOR('',#3172,1.);
#3172 = DIRECTION('',(0.,0.,-1.));
#3173 = ORIENTED_EDGE('',*,*,#2091,.F.);
#3174 = ORIENTED_EDGE('',*,*,#3175,.T.);
#3175 = EDGE_CURVE('',#2084,#531,#3176,.T.);
#3176 = LINE('',#3177,#3178);
#3177 = CARTESIAN_POINT('',(10.,60.,0.));
#3178 = VECTOR('',#3179,1.);
#3179 = DIRECTION('',(0.,0.,1.));
#3180 = ORIENTED_EDGE('',*,*,#530,.F.);
#3181 = PLANE('',#3182);
#3182 = AXIS2_PLACEMENT_3D('',#3183,#3184,#3185);
#3183 = CARTESIAN_POINT('',(10.,40.,4.115384615385));
#3184 = DIRECTION('',(1.,0.,0.));
#3185 = DIRECTION('',(-0.,0.,1.));
#3186 = ADVANCED_FACE('',(#3187),#3203,.T.);
#3187 = FACE_BOUND('',#3188,.T.);
#3188 = EDGE_LOOP('',(#3189,#3195,#3196,#3202));
#3189 = ORIENTED_EDGE('',*,*,#3190,.T.);
#3190 = EDGE_CURVE('',#1681,#72,#3191,.T.);
#3191 = LINE('',#3192,#3193);
#3192 = CARTESIAN_POINT('',(160.,80.,0.));
#3193 = VECTOR('',#3194,1.);
#3194 = DIRECTION('',(0.,0.,1.));
#3195 = ORIENTED_EDGE('',*,*,#71,.T.);
#3196 = ORIENTED_EDGE('',*,*,#3197,.T.);
#3197 = EDGE_CURVE('',#64,#1663,#3198,.T.);
#3198 = LINE('',#3199,#3200);
#3199 = CARTESIAN_POINT('',(160.,0.,3.));
#3200 = VECTOR('',#3201,1.);
#3201 = DIRECTION('',(0.,0.,-1.));
#3202 = ORIENTED_EDGE('',*,*,#1688,.T.);
#3203 = PLANE('',#3204);
#3204 = AXIS2_PLACEMENT_3D('',#3205,#3206,#3207);
#3205 = CARTESIAN_POINT('',(160.,40.,1.5));
#3206 = DIRECTION('',(1.,0.,0.));
#3207 = DIRECTION('',(-0.,0.,1.));
#3208 = ADVANCED_FACE('',(#3209),#3225,.T.);
#3209 = FACE_BOUND('',#3210,.T.);
#3210 = EDGE_LOOP('',(#3211,#3217,#3218,#3224));
#3211 = ORIENTED_EDGE('',*,*,#3212,.T.);
#3212 = EDGE_CURVE('',#80,#1673,#3213,.T.);
#3213 = LINE('',#3214,#3215);
#3214 = CARTESIAN_POINT('',(0.,80.,3.));
#3215 = VECTOR('',#3216,1.);
#3216 = DIRECTION('',(0.,0.,-1.));
#3217 = ORIENTED_EDGE('',*,*,#1672,.F.);
#3218 = ORIENTED_EDGE('',*,*,#3219,.T.);
#3219 = EDGE_CURVE('',#1665,#62,#3220,.T.);
#3220 = LINE('',#3221,#3222);
#3221 = CARTESIAN_POINT('',(0.,0.,0.));
#3222 = VECTOR('',#3223,1.);
#3223 = DIRECTION('',(0.,0.,1.));
#3224 = ORIENTED_EDGE('',*,*,#87,.F.);
#3225 = PLANE('',#3226);
#3226 = AXIS2_PLACEMENT_3D('',#3227,#3228,#3229);
#3227 = CARTESIAN_POINT('',(0.,40.,1.5));
#3228 = DIRECTION('',(-1.,-0.,-0.));
#3229 = DIRECTION('',(0.,0.,-1.));
#3230 = ADVANCED_FACE('',(#3231),#3237,.T.);
#3231 = FACE_BOUND('',#3232,.T.);
#3232 = EDGE_LOOP('',(#3233,#3234,#3235,#3236));
#3233 = ORIENTED_EDGE('',*,*,#79,.F.);
#3234 = ORIENTED_EDGE('',*,*,#3190,.F.);
#3235 = ORIENTED_EDGE('',*,*,#1680,.F.);
#3236 = ORIENTED_EDGE('',*,*,#3212,.F.);
#3237 = PLANE('',#3238);
#3238 = AXIS2_PLACEMENT_3D('',#3239,#3240,#3241);
#3239 = CARTESIAN_POINT('',(80.,80.,1.5));
#3240 = DIRECTION('',(0.,1.,0.));
#3241 = DIRECTION('',(0.,-0.,1.));
#3242 = ADVANCED_FACE('',(#3243),#3249,.T.);
#3243 = FACE_BOUND('',#3244,.T.);
#3244 = EDGE_LOOP('',(#3245,#3246,#3247,#3248));
#3245 = ORIENTED_EDGE('',*,*,#61,.F.);
#3246 = ORIENTED_EDGE('',*,*,#3219,.F.);
#3247 = ORIENTED_EDGE('',*,*,#1662,.F.);
#3248 = ORIENTED_EDGE('',*,*,#3197,.F.);
#3249 = PLANE('',#3250);
#3250 = AXIS2_PLACEMENT_3D('',#3251,#3252,#3253);
#3251 = CARTESIAN_POINT('',(80.,0.,1.5));
#3252 = DIRECTION('',(-0.,-1.,-0.));
#3253 = DIRECTION('',(0.,0.,-1.));
#3254 = ADVANCED_FACE('',(#3255),#3280,.T.);
#3255 = FACE_BOUND('',#3256,.T.);
#3256 = EDGE_LOOP('',(#3257,#3258,#3266,#3274));
#3257 = ORIENTED_EDGE('',*,*,#3153,.F.);
#3258 = ORIENTED_EDGE('',*,*,#3259,.T.);
#3259 = EDGE_CURVE('',#3146,#3260,#3262,.T.);
#3260 = VERTEX_POINT('',#3261);
#3261 = CARTESIAN_POINT('',(8.,62.,8.));
#3262 = LINE('',#3263,#3264);
#3263 = CARTESIAN_POINT('',(10.,62.,8.));
#3264 = VECTOR('',#3265,1.);
#3265 = DIRECTION('',(-1.,0.,0.));
#3266 = ORIENTED_EDGE('',*,*,#3267,.T.);
#3267 = EDGE_CURVE('',#3260,#3268,#3270,.T.);
#3268 = VERTEX_POINT('',#3269);
#3269 = CARTESIAN_POINT('',(8.,18.,8.));
#3270 = LINE('',#3271,#3272);
#3271 = CARTESIAN_POINT('',(8.,62.,8.));
#3272 = VECTOR('',#3273,1.);
#3273 = DIRECTION('',(0.,-1.,0.));
#3274 = ORIENTED_EDGE('',*,*,#3275,.T.);
#3275 = EDGE_CURVE('',#3268,#3154,#3276,.T.);
#3276 = LINE('',#3277,#3278);
#3277 = CARTESIAN_POINT('',(8.,18.,8.));
#3278 = VECTOR('',#3279,1.);
#3279 = DIRECTION('',(1.,0.,0.));
#3280 = PLANE('',#3281);
#3281 = AXIS2_PLACEMENT_3D('',#3282,#3283,#3284);
#3282 = CARTESIAN_POINT('',(9.,40.,8.));
#3283 = DIRECTION('',(0.,0.,1.));
#3284 = DIRECTION('',(1.,0.,-0.));
#3285 = ADVANCED_FACE('',(#3286),#3302,.T.);
#3286 = FACE_BOUND('',#3287,.T.);
#3287 = EDGE_LOOP('',(#3288,#3289,#3295,#3296));
#3288 = ORIENTED_EDGE('',*,*,#31,.F.);
#3289 = ORIENTED_EDGE('',*,*,#3290,.T.);
#3290 = EDGE_CURVE('',#24,#1640,#3291,.T.);
#3291 = LINE('',#3292,#3293);
#3292 = CARTESIAN_POINT('',(79.,62.,8.));
#3293 = VECTOR('',#3294,1.);
#3294 = DIRECTION('',(-1.,0.,0.));
#3295 = ORIENTED_EDGE('',*,*,#1639,.T.);
#3296 = ORIENTED_EDGE('',*,*,#3297,.T.);
#3297 = EDGE_CURVE('',#1632,#32,#3298,.T.);
#3298 = LINE('',#3299,#3300);
#3299 = CARTESIAN_POINT('',(77.,18.,8.));
#3300 = VECTOR('',#3301,1.);
#3301 = DIRECTION('',(1.,0.,0.));
#3302 = PLANE('',#3303);
#3303 = AXIS2_PLACEMENT_3D('',#3304,#3305,#3306);
#3304 = CARTESIAN_POINT('',(78.,40.,8.));
#3305 = DIRECTION('',(0.,0.,1.));
#3306 = DIRECTION('',(1.,0.,-0.));
#3307 = ADVANCED_FACE('',(#3308),#3324,.T.);
#3308 = FACE_BOUND('',#3309,.T.);
#3309 = EDGE_LOOP('',(#3310,#3316,#3317,#3323));
#3310 = ORIENTED_EDGE('',*,*,#3311,.T.);
#3311 = EDGE_CURVE('',#3260,#515,#3312,.T.);
#3312 = LINE('',#3313,#3314);
#3313 = CARTESIAN_POINT('',(8.,62.,8.));
#3314 = VECTOR('',#3315,1.);
#3315 = DIRECTION('',(0.,0.,-1.));
#3316 = ORIENTED_EDGE('',*,*,#514,.F.);
#3317 = ORIENTED_EDGE('',*,*,#3318,.T.);
#3318 = EDGE_CURVE('',#507,#3268,#3319,.T.);
#3319 = LINE('',#3320,#3321);
#3320 = CARTESIAN_POINT('',(8.,18.,3.));
#3321 = VECTOR('',#3322,1.);
#3322 = DIRECTION('',(0.,0.,1.));
#3323 = ORIENTED_EDGE('',*,*,#3267,.F.);
#3324 = PLANE('',#3325);
#3325 = AXIS2_PLACEMENT_3D('',#3326,#3327,#3328);
#3326 = CARTESIAN_POINT('',(8.,40.,5.5));
#3327 = DIRECTION('',(-1.,-0.,-0.));
#3328 = DIRECTION('',(0.,0.,-1.));
#3329 = ADVANCED_FACE('',(#3330),#3336,.T.);
#3330 = FACE_BOUND('',#3331,.T.);
#3331 = EDGE_LOOP('',(#3332,#3333,#3334,#3335));
#3332 = ORIENTED_EDGE('',*,*,#3259,.F.);
#3333 = ORIENTED_EDGE('',*,*,#3145,.F.);
#3334 = ORIENTED_EDGE('',*,*,#522,.F.);
#3335 = ORIENTED_EDGE('',*,*,#3311,.F.);
#3336 = PLANE('',#3337);
#3337 = AXIS2_PLACEMENT_3D('',#3338,#3339,#3340);
#3338 = CARTESIAN_POINT('',(9.,62.,5.5));
#3339 = DIRECTION('',(0.,1.,0.));
#3340 = DIRECTION('',(0.,-0.,1.));
#3341 = ADVANCED_FACE('',(#3342),#3348,.T.);
#3342 = FACE_BOUND('',#3343,.T.);
#3343 = EDGE_LOOP('',(#3344,#3345,#3346,#3347));
#3344 = ORIENTED_EDGE('',*,*,#3290,.F.);
#3345 = ORIENTED_EDGE('',*,*,#21,.F.);
#3346 = ORIENTED_EDGE('',*,*,#554,.F.);
#3347 = ORIENTED_EDGE('',*,*,#1647,.F.);
#3348 = PLANE('',#3349);
#3349 = AXIS2_PLACEMENT_3D('',#3350,#3351,#3352);
#3350 = CARTESIAN_POINT('',(78.,62.,5.5));
#3351 = DIRECTION('',(0.,1.,0.));
#3352 = DIRECTION('',(0.,-0.,1.));
#3353 = ADVANCED_FACE('',(#3354),#3360,.T.);
#3354 = FACE_BOUND('',#3355,.T.);
#3355 = EDGE_LOOP('',(#3356,#3357,#3358,#3359));
#3356 = ORIENTED_EDGE('',*,*,#3275,.F.);
#3357 = ORIENTED_EDGE('',*,*,#3318,.F.);
#3358 = ORIENTED_EDGE('',*,*,#506,.F.);
#3359 = ORIENTED_EDGE('',*,*,#3161,.F.);
#3360 = PLANE('',#3361);
#3361 = AXIS2_PLACEMENT_3D('',#3362,#3363,#3364);
#3362 = CARTESIAN_POINT('',(9.,18.,5.5));
#3363 = DIRECTION('',(-0.,-1.,-0.));
#3364 = DIRECTION('',(0.,0.,-1.));
#3365 = ADVANCED_FACE('',(#3366),#3372,.T.);
#3366 = FACE_BOUND('',#3367,.T.);
#3367 = EDGE_LOOP('',(#3368,#3369,#3370,#3371));
#3368 = ORIENTED_EDGE('',*,*,#3297,.F.);
#3369 = ORIENTED_EDGE('',*,*,#1631,.F.);
#3370 = ORIENTED_EDGE('',*,*,#474,.F.);
#3371 = ORIENTED_EDGE('',*,*,#39,.F.);
#3372 = PLANE('',#3373);
#3373 = AXIS2_PLACEMENT_3D('',#3374,#3375,#3376);
#3374 = CARTESIAN_POINT('',(78.,18.,5.5));
#3375 = DIRECTION('',(-0.,-1.,-0.));
#3376 = DIRECTION('',(0.,0.,-1.));
#3377 = ADVANCED_FACE('',(#3378),#3394,.T.);
#3378 = FACE_BOUND('',#3379,.T.);
#3379 = EDGE_LOOP('',(#3380,#3381,#3387,#3388));
#3380 = ORIENTED_EDGE('',*,*,#401,.F.);
#3381 = ORIENTED_EDGE('',*,*,#3382,.T.);
#3382 = EDGE_CURVE('',#394,#1771,#3383,.T.);
#3383 = LINE('',#3384,#3385);
#3384 = CARTESIAN_POINT('',(145.6309967041,38.868598937988,3.));
#3385 = VECTOR('',#3386,1.);
#3386 = DIRECTION('',(0.,0.,-1.));
#3387 = ORIENTED_EDGE('',*,*,#1770,.F.);
#3388 = ORIENTED_EDGE('',*,*,#3389,.T.);
#3389 = EDGE_CURVE('',#1763,#402,#3390,.T.);
#3390 = LINE('',#3391,#3392);
#3391 = CARTESIAN_POINT('',(145.11199951171,38.521800994873,0.));
#3392 = VECTOR('',#3393,1.);
#3393 = DIRECTION('',(0.,0.,1.));
#3394 = PLANE('',#3395);
#3395 = AXIS2_PLACEMENT_3D('',#3396,#3397,#3398);
#3396 = CARTESIAN_POINT('',(145.37149810791,38.695199966431,1.5));
#3397 = DIRECTION('',(-0.555586963776,0.831458432925,0.));
#3398 = DIRECTION('',(0.831458432925,0.555586963776,0.));
#3399 = ADVANCED_FACE('',(#3400),#3416,.T.);
#3400 = FACE_BOUND('',#3401,.T.);
#3401 = EDGE_LOOP('',(#3402,#3408,#3409,#3415));
#3402 = ORIENTED_EDGE('',*,*,#3403,.T.);
#3403 = EDGE_CURVE('',#362,#1803,#3404,.T.);
#3404 = LINE('',#3405,#3406);
#3405 = CARTESIAN_POINT('',(145.6309967041,41.131401062012,3.));
#3406 = VECTOR('',#3407,1.);
#3407 = DIRECTION('',(0.,0.,-1.));
#3408 = ORIENTED_EDGE('',*,*,#1802,.F.);
#3409 = ORIENTED_EDGE('',*,*,#3410,.T.);
#3410 = EDGE_CURVE('',#1795,#370,#3411,.T.);
#3411 = LINE('',#3412,#3413);
#3412 = CARTESIAN_POINT('',(145.97799682617,40.612300872803,0.));
#3413 = VECTOR('',#3414,1.);
#3414 = DIRECTION('',(0.,0.,1.));
#3415 = ORIENTED_EDGE('',*,*,#369,.F.);
#3416 = PLANE('',#3417);
#3417 = AXIS2_PLACEMENT_3D('',#3418,#3419,#3420);
#3418 = CARTESIAN_POINT('',(145.80449676513,40.871850967407,1.5));
#3419 = DIRECTION('',(-0.831359759633,-0.555734603982,-0.));
#3420 = DIRECTION('',(0.555734603982,-0.831359759633,0.));
#3421 = ADVANCED_FACE('',(#3422),#3433,.T.);
#3422 = FACE_BOUND('',#3423,.T.);
#3423 = EDGE_LOOP('',(#3424,#3425,#3431,#3432));
#3424 = ORIENTED_EDGE('',*,*,#361,.F.);
#3425 = ORIENTED_EDGE('',*,*,#3426,.T.);
#3426 = EDGE_CURVE('',#354,#1811,#3427,.T.);
#3427 = LINE('',#3428,#3429);
#3428 = CARTESIAN_POINT('',(145.11199951171,41.478199005127,3.));
#3429 = VECTOR('',#3430,1.);
#3430 = DIRECTION('',(0.,0.,-1.));
#3431 = ORIENTED_EDGE('',*,*,#1810,.F.);
#3432 = ORIENTED_EDGE('',*,*,#3403,.F.);
#3433 = PLANE('',#3434);
#3434 = AXIS2_PLACEMENT_3D('',#3435,#3436,#3437);
#3435 = CARTESIAN_POINT('',(145.37149810791,41.304800033569,1.5));
#3436 = DIRECTION('',(-0.555586963776,-0.831458432925,-0.));
#3437 = DIRECTION('',(-0.831458432925,0.555586963776,0.));
#3438 = ADVANCED_FACE('',(#3439),#3450,.T.);
#3439 = FACE_BOUND('',#3440,.T.);
#3440 = EDGE_LOOP('',(#3441,#3442,#3443,#3444));
#3441 = ORIENTED_EDGE('',*,*,#409,.F.);
#3442 = ORIENTED_EDGE('',*,*,#3389,.F.);
#3443 = ORIENTED_EDGE('',*,*,#1762,.F.);
#3444 = ORIENTED_EDGE('',*,*,#3445,.T.);
#3445 = EDGE_CURVE('',#1755,#410,#3446,.T.);
#3446 = LINE('',#3447,#3448);
#3447 = CARTESIAN_POINT('',(145.,38.499500274658,0.));
#3448 = VECTOR('',#3449,1.);
#3449 = DIRECTION('',(0.,0.,1.));
#3450 = PLANE('',#3451);
#3451 = AXIS2_PLACEMENT_3D('',#3452,#3453,#3454);
#3452 = CARTESIAN_POINT('',(145.05599975585,38.510650634766,1.5));
#3453 = DIRECTION('',(-0.195280958992,0.98074734109,0.));
#3454 = DIRECTION('',(0.98074734109,0.195280958992,0.));
#3455 = ADVANCED_FACE('',(#3456),#3467,.T.);
#3456 = FACE_BOUND('',#3457,.T.);
#3457 = EDGE_LOOP('',(#3458,#3459,#3465,#3466));
#3458 = ORIENTED_EDGE('',*,*,#353,.F.);
#3459 = ORIENTED_EDGE('',*,*,#3460,.T.);
#3460 = EDGE_CURVE('',#346,#1819,#3461,.T.);
#3461 = LINE('',#3462,#3463);
#3462 = CARTESIAN_POINT('',(145.,41.500499725342,3.));
#3463 = VECTOR('',#3464,1.);
#3464 = DIRECTION('',(0.,0.,-1.));
#3465 = ORIENTED_EDGE('',*,*,#1818,.F.);
#3466 = ORIENTED_EDGE('',*,*,#3426,.F.);
#3467 = PLANE('',#3468);
#3468 = AXIS2_PLACEMENT_3D('',#3469,#3470,#3471);
#3469 = CARTESIAN_POINT('',(145.05599975585,41.489349365234,1.5));
#3470 = DIRECTION('',(-0.195280958992,-0.98074734109,-0.));
#3471 = DIRECTION('',(-0.98074734109,0.195280958992,0.));
#3472 = ADVANCED_FACE('',(#3473),#3489,.T.);
#3473 = FACE_BOUND('',#3474,.T.);
#3474 = EDGE_LOOP('',(#3475,#3481,#3482,#3488));
#3475 = ORIENTED_EDGE('',*,*,#3476,.T.);
#3476 = EDGE_CURVE('',#378,#1787,#3477,.T.);
#3477 = LINE('',#3478,#3479);
#3478 = CARTESIAN_POINT('',(146.10000610351,40.,3.));
#3479 = VECTOR('',#3480,1.);
#3480 = DIRECTION('',(0.,0.,-1.));
#3481 = ORIENTED_EDGE('',*,*,#1786,.F.);
#3482 = ORIENTED_EDGE('',*,*,#3483,.T.);
#3483 = EDGE_CURVE('',#1779,#386,#3484,.T.);
#3484 = LINE('',#3485,#3486);
#3485 = CARTESIAN_POINT('',(145.97799682617,39.387699127197,0.));
#3486 = VECTOR('',#3487,1.);
#3487 = DIRECTION('',(0.,0.,1.));
#3488 = ORIENTED_EDGE('',*,*,#385,.F.);
#3489 = PLANE('',#3490);
#3490 = AXIS2_PLACEMENT_3D('',#3491,#3492,#3493);
#3491 = CARTESIAN_POINT('',(146.03900146484,39.693849563599,1.5));
#3492 = DIRECTION('',(-0.980719314394,0.195421663011,-0.));
#3493 = DIRECTION('',(-0.195421663011,-0.980719314394,0.));
#3494 = ADVANCED_FACE('',(#3495),#3501,.T.);
#3495 = FACE_BOUND('',#3496,.T.);
#3496 = EDGE_LOOP('',(#3497,#3498,#3499,#3500));
#3497 = ORIENTED_EDGE('',*,*,#3483,.F.);
#3498 = ORIENTED_EDGE('',*,*,#1778,.F.);
#3499 = ORIENTED_EDGE('',*,*,#3382,.F.);
#3500 = ORIENTED_EDGE('',*,*,#393,.F.);
#3501 = PLANE('',#3502);
#3502 = AXIS2_PLACEMENT_3D('',#3503,#3504,#3505);
#3503 = CARTESIAN_POINT('',(145.80449676513,39.128149032593,1.5));
#3504 = DIRECTION('',(-0.831359759633,0.555734603982,-0.));
#3505 = DIRECTION('',(-0.555734603982,-0.831359759633,0.));
#3506 = ADVANCED_FACE('',(#3507),#3513,.T.);
#3507 = FACE_BOUND('',#3508,.T.);
#3508 = EDGE_LOOP('',(#3509,#3510,#3511,#3512));
#3509 = ORIENTED_EDGE('',*,*,#3410,.F.);
#3510 = ORIENTED_EDGE('',*,*,#1794,.F.);
#3511 = ORIENTED_EDGE('',*,*,#3476,.F.);
#3512 = ORIENTED_EDGE('',*,*,#377,.F.);
#3513 = PLANE('',#3514);
#3514 = AXIS2_PLACEMENT_3D('',#3515,#3516,#3517);
#3515 = CARTESIAN_POINT('',(146.03900146484,40.306150436401,1.5));
#3516 = DIRECTION('',(-0.980719314394,-0.195421663011,-0.));
#3517 = DIRECTION('',(0.195421663011,-0.980719314394,0.));
#3518 = ADVANCED_FACE('',(#3519),#3535,.T.);
#3519 = FACE_BOUND('',#3520,.T.);
#3520 = EDGE_LOOP('',(#3521,#3527,#3528,#3534));
#3521 = ORIENTED_EDGE('',*,*,#3522,.T.);
#3522 = EDGE_CURVE('',#1051,#2524,#3523,.T.);
#3523 = LINE('',#3524,#3525);
#3524 = CARTESIAN_POINT('',(9.131369590759,9.131369590759,3.));
#3525 = VECTOR('',#3526,1.);
#3526 = DIRECTION('',(0.,0.,-1.));
#3527 = ORIENTED_EDGE('',*,*,#2523,.F.);
#3528 = ORIENTED_EDGE('',*,*,#3529,.T.);
#3529 = EDGE_CURVE('',#2516,#1059,#3530,.T.);
#3530 = LINE('',#3531,#3532);
#3531 = CARTESIAN_POINT('',(9.478210449219,8.612290382385,0.));
#3532 = VECTOR('',#3533,1.);
#3533 = DIRECTION('',(0.,0.,1.));
#3534 = ORIENTED_EDGE('',*,*,#1058,.F.);
#3535 = PLANE('',#3536);
#3536 = AXIS2_PLACEMENT_3D('',#3537,#3538,#3539);
#3537 = CARTESIAN_POINT('',(9.304790019989,8.871829986572,1.5));
#3538 = DIRECTION('',(-0.83146722966,-0.55557379888,-0.));
#3539 = DIRECTION('',(0.55557379888,-0.83146722966,0.));
#3540 = ADVANCED_FACE('',(#3541),#3552,.T.);
#3541 = FACE_BOUND('',#3542,.T.);
#3542 = EDGE_LOOP('',(#3543,#3544,#3545,#3551));
#3543 = ORIENTED_EDGE('',*,*,#3529,.F.);
#3544 = ORIENTED_EDGE('',*,*,#2515,.F.);
#3545 = ORIENTED_EDGE('',*,*,#3546,.T.);
#3546 = EDGE_CURVE('',#2508,#1067,#3547,.T.);
#3547 = LINE('',#3548,#3549);
#3548 = CARTESIAN_POINT('',(9.60000038147,8.,0.));
#3549 = VECTOR('',#3550,1.);
#3550 = DIRECTION('',(0.,0.,1.));
#3551 = ORIENTED_EDGE('',*,*,#1066,.F.);
#3552 = PLANE('',#3553);
#3553 = AXIS2_PLACEMENT_3D('',#3554,#3555,#3556);
#3554 = CARTESIAN_POINT('',(9.539105415344,8.306145191193,1.5));
#3555 = DIRECTION('',(-0.980785953843,-0.195086936375,-0.));
#3556 = DIRECTION('',(0.195086936375,-0.980785953843,0.));
#3557 = ADVANCED_FACE('',(#3558),#3569,.T.);
#3558 = FACE_BOUND('',#3559,.T.);
#3559 = EDGE_LOOP('',(#3560,#3561,#3567,#3568));
#3560 = ORIENTED_EDGE('',*,*,#1050,.F.);
#3561 = ORIENTED_EDGE('',*,*,#3562,.T.);
#3562 = EDGE_CURVE('',#1043,#2532,#3563,.T.);
#3563 = LINE('',#3564,#3565);
#3564 = CARTESIAN_POINT('',(8.612290382385,9.478210449219,3.));
#3565 = VECTOR('',#3566,1.);
#3566 = DIRECTION('',(0.,0.,-1.));
#3567 = ORIENTED_EDGE('',*,*,#2531,.F.);
#3568 = ORIENTED_EDGE('',*,*,#3522,.F.);
#3569 = PLANE('',#3570);
#3570 = AXIS2_PLACEMENT_3D('',#3571,#3572,#3573);
#3571 = CARTESIAN_POINT('',(8.871829986572,9.304790019989,1.5));
#3572 = DIRECTION('',(-0.55557379888,-0.83146722966,-0.));
#3573 = DIRECTION('',(-0.83146722966,0.55557379888,0.));
#3574 = ADVANCED_FACE('',(#3575),#3591,.T.);
#3575 = FACE_BOUND('',#3576,.T.);
#3576 = EDGE_LOOP('',(#3577,#3583,#3584,#3590));
#3577 = ORIENTED_EDGE('',*,*,#3578,.T.);
#3578 = EDGE_CURVE('',#953,#2500,#3579,.T.);
#3579 = LINE('',#3580,#3581);
#3580 = CARTESIAN_POINT('',(9.478210449219,7.387710094452,3.));
#3581 = VECTOR('',#3582,1.);
#3582 = DIRECTION('',(0.,0.,-1.));
#3583 = ORIENTED_EDGE('',*,*,#2499,.F.);
#3584 = ORIENTED_EDGE('',*,*,#3585,.T.);
#3585 = EDGE_CURVE('',#2492,#955,#3586,.T.);
#3586 = LINE('',#3587,#3588);
#3587 = CARTESIAN_POINT('',(9.131369590759,6.868629932404,0.));
#3588 = VECTOR('',#3589,1.);
#3589 = DIRECTION('',(0.,0.,1.));
#3590 = ORIENTED_EDGE('',*,*,#952,.F.);
#3591 = PLANE('',#3592);
#3592 = AXIS2_PLACEMENT_3D('',#3593,#3594,#3595);
#3593 = CARTESIAN_POINT('',(9.304790019989,7.128170013428,1.5));
#3594 = DIRECTION('',(-0.831467701173,0.555573093216,-0.));
#3595 = DIRECTION('',(-0.555573093216,-0.831467701173,0.));
#3596 = ADVANCED_FACE('',(#3597),#3613,.T.);
#3597 = FACE_BOUND('',#3598,.T.);
#3598 = EDGE_LOOP('',(#3599,#3600,#3606,#3607));
#3599 = ORIENTED_EDGE('',*,*,#1034,.F.);
#3600 = ORIENTED_EDGE('',*,*,#3601,.T.);
#3601 = EDGE_CURVE('',#1027,#2548,#3602,.T.);
#3602 = LINE('',#3603,#3604);
#3603 = CARTESIAN_POINT('',(7.387710094452,9.478210449219,3.));
#3604 = VECTOR('',#3605,1.);
#3605 = DIRECTION('',(0.,0.,-1.));
#3606 = ORIENTED_EDGE('',*,*,#2547,.F.);
#3607 = ORIENTED_EDGE('',*,*,#3608,.T.);
#3608 = EDGE_CURVE('',#2540,#1035,#3609,.T.);
#3609 = LINE('',#3610,#3611);
#3610 = CARTESIAN_POINT('',(8.,9.60000038147,0.));
#3611 = VECTOR('',#3612,1.);
#3612 = DIRECTION('',(0.,0.,1.));
#3613 = PLANE('',#3614);
#3614 = AXIS2_PLACEMENT_3D('',#3615,#3616,#3617);
#3615 = CARTESIAN_POINT('',(7.693855047226,9.539105415344,1.5));
#3616 = DIRECTION('',(0.195087082522,-0.980785924773,-0.));
#3617 = DIRECTION('',(-0.980785924773,-0.195087082522,0.));
#3618 = ADVANCED_FACE('',(#3619),#3635,.T.);
#3619 = FACE_BOUND('',#3620,.T.);
#3620 = EDGE_LOOP('',(#3621,#3627,#3628,#3634));
#3621 = ORIENTED_EDGE('',*,*,#3622,.T.);
#3622 = EDGE_CURVE('',#2556,#1019,#3623,.T.);
#3623 = LINE('',#3624,#3625);
#3624 = CARTESIAN_POINT('',(6.868629932404,9.131369590759,0.));
#3625 = VECTOR('',#3626,1.);
#3626 = DIRECTION('',(0.,0.,1.));
#3627 = ORIENTED_EDGE('',*,*,#1018,.F.);
#3628 = ORIENTED_EDGE('',*,*,#3629,.T.);
#3629 = EDGE_CURVE('',#1011,#2564,#3630,.T.);
#3630 = LINE('',#3631,#3632);
#3631 = CARTESIAN_POINT('',(6.521790027618,8.612290382385,3.));
#3632 = VECTOR('',#3633,1.);
#3633 = DIRECTION('',(0.,0.,-1.));
#3634 = ORIENTED_EDGE('',*,*,#2563,.F.);
#3635 = PLANE('',#3636);
#3636 = AXIS2_PLACEMENT_3D('',#3637,#3638,#3639);
#3637 = CARTESIAN_POINT('',(6.695209980011,8.871829986572,1.5));
#3638 = DIRECTION('',(0.831467935324,-0.555572742787,0.));
#3639 = DIRECTION('',(0.555572742787,0.831467935324,0.));
#3640 = ADVANCED_FACE('',(#3641),#3652,.T.);
#3641 = FACE_BOUND('',#3642,.T.);
#3642 = EDGE_LOOP('',(#3643,#3644,#3645,#3651));
#3643 = ORIENTED_EDGE('',*,*,#3629,.F.);
#3644 = ORIENTED_EDGE('',*,*,#1010,.F.);
#3645 = ORIENTED_EDGE('',*,*,#3646,.T.);
#3646 = EDGE_CURVE('',#1003,#2572,#3647,.T.);
#3647 = LINE('',#3648,#3649);
#3648 = CARTESIAN_POINT('',(6.400000095367,8.,3.));
#3649 = VECTOR('',#3650,1.);
#3650 = DIRECTION('',(0.,0.,-1.));
#3651 = ORIENTED_EDGE('',*,*,#2571,.F.);
#3652 = PLANE('',#3653);
#3653 = AXIS2_PLACEMENT_3D('',#3654,#3655,#3656);
#3654 = CARTESIAN_POINT('',(6.460895061493,8.306145191193,1.5));
#3655 = DIRECTION('',(0.980785953843,-0.195086936375,0.));
#3656 = DIRECTION('',(0.195086936375,0.980785953843,0.));
#3657 = ADVANCED_FACE('',(#3658),#3674,.T.);
#3658 = FACE_BOUND('',#3659,.T.);
#3659 = EDGE_LOOP('',(#3660,#3661,#3667,#3668));
#3660 = ORIENTED_EDGE('',*,*,#970,.F.);
#3661 = ORIENTED_EDGE('',*,*,#3662,.T.);
#3662 = EDGE_CURVE('',#963,#2490,#3663,.T.);
#3663 = LINE('',#3664,#3665);
#3664 = CARTESIAN_POINT('',(8.612290382385,6.521790027618,3.));
#3665 = VECTOR('',#3666,1.);
#3666 = DIRECTION('',(0.,0.,-1.));
#3667 = ORIENTED_EDGE('',*,*,#2611,.F.);
#3668 = ORIENTED_EDGE('',*,*,#3669,.T.);
#3669 = EDGE_CURVE('',#2604,#971,#3670,.T.);
#3670 = LINE('',#3671,#3672);
#3671 = CARTESIAN_POINT('',(8.,6.400000095367,0.));
#3672 = VECTOR('',#3673,1.);
#3673 = DIRECTION('',(0.,0.,1.));
#3674 = PLANE('',#3675);
#3675 = AXIS2_PLACEMENT_3D('',#3676,#3677,#3678);
#3676 = CARTESIAN_POINT('',(8.306145191193,6.460895061493,1.5));
#3677 = DIRECTION('',(-0.195086936375,0.980785953843,0.));
#3678 = DIRECTION('',(0.980785953843,0.195086936375,0.));
#3679 = ADVANCED_FACE('',(#3680),#3691,.T.);
#3680 = FACE_BOUND('',#3681,.T.);
#3681 = EDGE_LOOP('',(#3682,#3683,#3684,#3685));
#3682 = ORIENTED_EDGE('',*,*,#978,.F.);
#3683 = ORIENTED_EDGE('',*,*,#3669,.F.);
#3684 = ORIENTED_EDGE('',*,*,#2603,.F.);
#3685 = ORIENTED_EDGE('',*,*,#3686,.T.);
#3686 = EDGE_CURVE('',#2596,#979,#3687,.T.);
#3687 = LINE('',#3688,#3689);
#3688 = CARTESIAN_POINT('',(7.387710094452,6.521790027618,0.));
#3689 = VECTOR('',#3690,1.);
#3690 = DIRECTION('',(0.,0.,1.));
#3691 = PLANE('',#3692);
#3692 = AXIS2_PLACEMENT_3D('',#3693,#3694,#3695);
#3693 = CARTESIAN_POINT('',(7.693855047226,6.460895061493,1.5));
#3694 = DIRECTION('',(0.195087082522,0.980785924773,0.));
#3695 = DIRECTION('',(0.980785924773,-0.195087082522,0.));
#3696 = ADVANCED_FACE('',(#3697),#3708,.T.);
#3697 = FACE_BOUND('',#3698,.T.);
#3698 = EDGE_LOOP('',(#3699,#3700,#3701,#3707));
#3699 = ORIENTED_EDGE('',*,*,#3646,.F.);
#3700 = ORIENTED_EDGE('',*,*,#1002,.F.);
#3701 = ORIENTED_EDGE('',*,*,#3702,.T.);
#3702 = EDGE_CURVE('',#995,#2580,#3703,.T.);
#3703 = LINE('',#3704,#3705);
#3704 = CARTESIAN_POINT('',(6.521790027618,7.387710094452,3.));
#3705 = VECTOR('',#3706,1.);
#3706 = DIRECTION('',(0.,0.,-1.));
#3707 = ORIENTED_EDGE('',*,*,#2579,.F.);
#3708 = PLANE('',#3709);
#3709 = AXIS2_PLACEMENT_3D('',#3710,#3711,#3712);
#3710 = CARTESIAN_POINT('',(6.460895061493,7.693855047226,1.5));
#3711 = DIRECTION('',(0.980785924773,0.195087082522,0.));
#3712 = DIRECTION('',(-0.195087082522,0.980785924773,0.));
#3713 = ADVANCED_FACE('',(#3714),#3720,.T.);
#3714 = FACE_BOUND('',#3715,.T.);
#3715 = EDGE_LOOP('',(#3716,#3717,#3718,#3719));
#3716 = ORIENTED_EDGE('',*,*,#1042,.F.);
#3717 = ORIENTED_EDGE('',*,*,#3608,.F.);
#3718 = ORIENTED_EDGE('',*,*,#2539,.F.);
#3719 = ORIENTED_EDGE('',*,*,#3562,.F.);
#3720 = PLANE('',#3721);
#3721 = AXIS2_PLACEMENT_3D('',#3722,#3723,#3724);
#3722 = CARTESIAN_POINT('',(8.306145191193,9.539105415344,1.5));
#3723 = DIRECTION('',(-0.195086936375,-0.980785953843,-0.));
#3724 = DIRECTION('',(-0.980785953843,0.195086936375,0.));
#3725 = ADVANCED_FACE('',(#3726),#3732,.T.);
#3726 = FACE_BOUND('',#3727,.T.);
#3727 = EDGE_LOOP('',(#3728,#3729,#3730,#3731));
#3728 = ORIENTED_EDGE('',*,*,#3546,.F.);
#3729 = ORIENTED_EDGE('',*,*,#2507,.F.);
#3730 = ORIENTED_EDGE('',*,*,#3578,.F.);
#3731 = ORIENTED_EDGE('',*,*,#1074,.F.);
#3732 = PLANE('',#3733);
#3733 = AXIS2_PLACEMENT_3D('',#3734,#3735,#3736);
#3734 = CARTESIAN_POINT('',(9.539105415344,7.693855047226,1.5));
#3735 = DIRECTION('',(-0.980785924773,0.195087082522,-0.));
#3736 = DIRECTION('',(-0.195087082522,-0.980785924773,0.));
#3737 = ADVANCED_FACE('',(#3738),#3744,.T.);
#3738 = FACE_BOUND('',#3739,.T.);
#3739 = EDGE_LOOP('',(#3740,#3741,#3742,#3743));
#3740 = ORIENTED_EDGE('',*,*,#962,.F.);
#3741 = ORIENTED_EDGE('',*,*,#3585,.F.);
#3742 = ORIENTED_EDGE('',*,*,#2489,.F.);
#3743 = ORIENTED_EDGE('',*,*,#3662,.F.);
#3744 = PLANE('',#3745);
#3745 = AXIS2_PLACEMENT_3D('',#3746,#3747,#3748);
#3746 = CARTESIAN_POINT('',(8.871829986572,6.695209980011,1.5));
#3747 = DIRECTION('',(-0.555572742787,0.831467935324,0.));
#3748 = DIRECTION('',(0.831467935324,0.555572742787,0.));
#3749 = ADVANCED_FACE('',(#3750),#3761,.T.);
#3750 = FACE_BOUND('',#3751,.T.);
#3751 = EDGE_LOOP('',(#3752,#3753,#3754,#3760));
#3752 = ORIENTED_EDGE('',*,*,#3702,.F.);
#3753 = ORIENTED_EDGE('',*,*,#994,.F.);
#3754 = ORIENTED_EDGE('',*,*,#3755,.T.);
#3755 = EDGE_CURVE('',#987,#2588,#3756,.T.);
#3756 = LINE('',#3757,#3758);
#3757 = CARTESIAN_POINT('',(6.868629932404,6.868629932404,3.));
#3758 = VECTOR('',#3759,1.);
#3759 = DIRECTION('',(0.,0.,-1.));
#3760 = ORIENTED_EDGE('',*,*,#2587,.F.);
#3761 = PLANE('',#3762);
#3762 = AXIS2_PLACEMENT_3D('',#3763,#3764,#3765);
#3763 = CARTESIAN_POINT('',(6.695209980011,7.128170013428,1.5));
#3764 = DIRECTION('',(0.831468406837,0.555572037123,0.));
#3765 = DIRECTION('',(-0.555572037123,0.831468406837,0.));
#3766 = ADVANCED_FACE('',(#3767),#3773,.T.);
#3767 = FACE_BOUND('',#3768,.T.);
#3768 = EDGE_LOOP('',(#3769,#3770,#3771,#3772));
#3769 = ORIENTED_EDGE('',*,*,#1026,.F.);
#3770 = ORIENTED_EDGE('',*,*,#3622,.F.);
#3771 = ORIENTED_EDGE('',*,*,#2555,.F.);
#3772 = ORIENTED_EDGE('',*,*,#3601,.F.);
#3773 = PLANE('',#3774);
#3774 = AXIS2_PLACEMENT_3D('',#3775,#3776,#3777);
#3775 = CARTESIAN_POINT('',(7.128170013428,9.304790019989,1.5));
#3776 = DIRECTION('',(0.555573093216,-0.831467701173,-0.));
#3777 = DIRECTION('',(-0.831467701173,-0.555573093216,0.));
#3778 = ADVANCED_FACE('',(#3779),#3785,.T.);
#3779 = FACE_BOUND('',#3780,.T.);
#3780 = EDGE_LOOP('',(#3781,#3782,#3783,#3784));
#3781 = ORIENTED_EDGE('',*,*,#986,.F.);
#3782 = ORIENTED_EDGE('',*,*,#3686,.F.);
#3783 = ORIENTED_EDGE('',*,*,#2595,.F.);
#3784 = ORIENTED_EDGE('',*,*,#3755,.F.);
#3785 = PLANE('',#3786);
#3786 = AXIS2_PLACEMENT_3D('',#3787,#3788,#3789);
#3787 = CARTESIAN_POINT('',(7.128170013428,6.695209980011,1.5));
#3788 = DIRECTION('',(0.555572037123,0.831468406837,0.));
#3789 = DIRECTION('',(0.831468406837,-0.555572037123,0.));
#3790 = ADVANCED_FACE('',(#3791),#3807,.T.);
#3791 = FACE_BOUND('',#3792,.T.);
#3792 = EDGE_LOOP('',(#3793,#3799,#3800,#3806));
#3793 = ORIENTED_EDGE('',*,*,#3794,.T.);
#3794 = EDGE_CURVE('',#1223,#2750,#3795,.T.);
#3795 = LINE('',#3796,#3797);
#3796 = CARTESIAN_POINT('',(9.131369590759,73.131401062012,3.));
#3797 = VECTOR('',#3798,1.);
#3798 = DIRECTION('',(0.,0.,-1.));
#3799 = ORIENTED_EDGE('',*,*,#2871,.F.);
#3800 = ORIENTED_EDGE('',*,*,#3801,.T.);
#3801 = EDGE_CURVE('',#2864,#1231,#3802,.T.);
#3802 = LINE('',#3803,#3804);
#3803 = CARTESIAN_POINT('',(9.478210449219,72.612297058105,0.));
#3804 = VECTOR('',#3805,1.);
#3805 = DIRECTION('',(0.,0.,1.));
#3806 = ORIENTED_EDGE('',*,*,#1230,.F.);
#3807 = PLANE('',#3808);
#3808 = AXIS2_PLACEMENT_3D('',#3809,#3810,#3811);
#3809 = CARTESIAN_POINT('',(9.304790019989,72.871849060059,1.5));
#3810 = DIRECTION('',(-0.831479488431,-0.555555452065,-0.));
#3811 = DIRECTION('',(0.555555452065,-0.831479488431,0.));
#3812 = ADVANCED_FACE('',(#3813),#3824,.T.);
#3813 = FACE_BOUND('',#3814,.T.);
#3814 = EDGE_LOOP('',(#3815,#3816,#3817,#3823));
#3815 = ORIENTED_EDGE('',*,*,#3801,.F.);
#3816 = ORIENTED_EDGE('',*,*,#2863,.F.);
#3817 = ORIENTED_EDGE('',*,*,#3818,.T.);
#3818 = EDGE_CURVE('',#2856,#1239,#3819,.T.);
#3819 = LINE('',#3820,#3821);
#3820 = CARTESIAN_POINT('',(9.60000038147,72.,0.));
#3821 = VECTOR('',#3822,1.);
#3822 = DIRECTION('',(0.,0.,1.));
#3823 = ORIENTED_EDGE('',*,*,#1238,.F.);
#3824 = PLANE('',#3825);
#3825 = AXIS2_PLACEMENT_3D('',#3826,#3827,#3828);
#3826 = CARTESIAN_POINT('',(9.539105415344,72.306148529053,1.5));
#3827 = DIRECTION('',(-0.980786360815,-0.195084890341,-0.));
#3828 = DIRECTION('',(0.195084890341,-0.980786360815,0.));
#3829 = ADVANCED_FACE('',(#3830),#3841,.T.);
#3830 = FACE_BOUND('',#3831,.T.);
#3831 = EDGE_LOOP('',(#3832,#3833,#3839,#3840));
#3832 = ORIENTED_EDGE('',*,*,#1222,.F.);
#3833 = ORIENTED_EDGE('',*,*,#3834,.T.);
#3834 = EDGE_CURVE('',#1215,#2752,#3835,.T.);
#3835 = LINE('',#3836,#3837);
#3836 = CARTESIAN_POINT('',(8.612290382385,73.478202819824,3.));
#3837 = VECTOR('',#3838,1.);
#3838 = DIRECTION('',(0.,0.,-1.));
#3839 = ORIENTED_EDGE('',*,*,#2749,.F.);
#3840 = ORIENTED_EDGE('',*,*,#3794,.F.);
#3841 = PLANE('',#3842);
#3842 = AXIS2_PLACEMENT_3D('',#3843,#3844,#3845);
#3843 = CARTESIAN_POINT('',(8.871829986572,73.304801940918,1.5));
#3844 = DIRECTION('',(-0.555530496837,-0.831496161798,-0.));
#3845 = DIRECTION('',(-0.831496161798,0.555530496837,0.));
#3846 = ADVANCED_FACE('',(#3847),#3863,.T.);
#3847 = FACE_BOUND('',#3848,.T.);
#3848 = EDGE_LOOP('',(#3849,#3855,#3856,#3862));
#3849 = ORIENTED_EDGE('',*,*,#3850,.T.);
#3850 = EDGE_CURVE('',#1247,#2848,#3851,.T.);
#3851 = LINE('',#3852,#3853);
#3852 = CARTESIAN_POINT('',(9.478210449219,71.387702941895,3.));
#3853 = VECTOR('',#3854,1.);
#3854 = DIRECTION('',(0.,0.,-1.));
#3855 = ORIENTED_EDGE('',*,*,#2847,.F.);
#3856 = ORIENTED_EDGE('',*,*,#3857,.T.);
#3857 = EDGE_CURVE('',#2840,#1255,#3858,.T.);
#3858 = LINE('',#3859,#3860);
#3859 = CARTESIAN_POINT('',(9.131369590759,70.868598937988,0.));
#3860 = VECTOR('',#3861,1.);
#3861 = DIRECTION('',(0.,0.,1.));
#3862 = ORIENTED_EDGE('',*,*,#1254,.F.);
#3863 = PLANE('',#3864);
#3864 = AXIS2_PLACEMENT_3D('',#3865,#3866,#3867);
#3865 = CARTESIAN_POINT('',(9.304790019989,71.128150939941,1.5));
#3866 = DIRECTION('',(-0.831479488431,0.555555452065,-0.));
#3867 = DIRECTION('',(-0.555555452065,-0.831479488431,0.));
#3868 = ADVANCED_FACE('',(#3869),#3885,.T.);
#3869 = FACE_BOUND('',#3870,.T.);
#3870 = EDGE_LOOP('',(#3871,#3872,#3878,#3879));
#3871 = ORIENTED_EDGE('',*,*,#1334,.F.);
#3872 = ORIENTED_EDGE('',*,*,#3873,.T.);
#3873 = EDGE_CURVE('',#1327,#2768,#3874,.T.);
#3874 = LINE('',#3875,#3876);
#3875 = CARTESIAN_POINT('',(7.387710094452,73.478202819824,3.));
#3876 = VECTOR('',#3877,1.);
#3877 = DIRECTION('',(0.,0.,-1.));
#3878 = ORIENTED_EDGE('',*,*,#2767,.F.);
#3879 = ORIENTED_EDGE('',*,*,#3880,.T.);
#3880 = EDGE_CURVE('',#2760,#1213,#3881,.T.);
#3881 = LINE('',#3882,#3883);
#3882 = CARTESIAN_POINT('',(8.,73.599998474121,0.));
#3883 = VECTOR('',#3884,1.);
#3884 = DIRECTION('',(0.,0.,1.));
#3885 = PLANE('',#3886);
#3886 = AXIS2_PLACEMENT_3D('',#3887,#3888,#3889);
#3887 = CARTESIAN_POINT('',(7.693855047226,73.539100646973,1.5));
#3888 = DIRECTION('',(0.195095899418,-0.980784170972,-0.));
#3889 = DIRECTION('',(-0.980784170972,-0.195095899418,0.));
#3890 = ADVANCED_FACE('',(#3891),#3907,.T.);
#3891 = FACE_BOUND('',#3892,.T.);
#3892 = EDGE_LOOP('',(#3893,#3899,#3900,#3906));
#3893 = ORIENTED_EDGE('',*,*,#3894,.T.);
#3894 = EDGE_CURVE('',#2776,#1319,#3895,.T.);
#3895 = LINE('',#3896,#3897);
#3896 = CARTESIAN_POINT('',(6.868629932404,73.131401062012,0.));
#3897 = VECTOR('',#3898,1.);
#3898 = DIRECTION('',(0.,0.,1.));
#3899 = ORIENTED_EDGE('',*,*,#1318,.F.);
#3900 = ORIENTED_EDGE('',*,*,#3901,.T.);
#3901 = EDGE_CURVE('',#1311,#2784,#3902,.T.);
#3902 = LINE('',#3903,#3904);
#3903 = CARTESIAN_POINT('',(6.521790027618,72.612297058105,3.));
#3904 = VECTOR('',#3905,1.);
#3905 = DIRECTION('',(0.,0.,-1.));
#3906 = ORIENTED_EDGE('',*,*,#2783,.F.);
#3907 = PLANE('',#3908);
#3908 = AXIS2_PLACEMENT_3D('',#3909,#3910,#3911);
#3909 = CARTESIAN_POINT('',(6.695209980011,72.871849060059,1.5));
#3910 = DIRECTION('',(0.831480194059,-0.555554395975,0.));
#3911 = DIRECTION('',(0.555554395975,0.831480194059,0.));
#3912 = ADVANCED_FACE('',(#3913),#3924,.T.);
#3913 = FACE_BOUND('',#3914,.T.);
#3914 = EDGE_LOOP('',(#3915,#3916,#3917,#3923));
#3915 = ORIENTED_EDGE('',*,*,#3901,.F.);
#3916 = ORIENTED_EDGE('',*,*,#1310,.F.);
#3917 = ORIENTED_EDGE('',*,*,#3918,.T.);
#3918 = EDGE_CURVE('',#1303,#2792,#3919,.T.);
#3919 = LINE('',#3920,#3921);
#3920 = CARTESIAN_POINT('',(6.400000095367,72.,3.));
#3921 = VECTOR('',#3922,1.);
#3922 = DIRECTION('',(0.,0.,-1.));
#3923 = ORIENTED_EDGE('',*,*,#2791,.F.);
#3924 = PLANE('',#3925);
#3925 = AXIS2_PLACEMENT_3D('',#3926,#3927,#3928);
#3926 = CARTESIAN_POINT('',(6.460895061493,72.306148529053,1.5));
#3927 = DIRECTION('',(0.980786360815,-0.195084890341,0.));
#3928 = DIRECTION('',(0.195084890341,0.980786360815,0.));
#3929 = ADVANCED_FACE('',(#3930),#3946,.T.);
#3930 = FACE_BOUND('',#3931,.T.);
#3931 = EDGE_LOOP('',(#3932,#3933,#3939,#3940));
#3932 = ORIENTED_EDGE('',*,*,#1270,.F.);
#3933 = ORIENTED_EDGE('',*,*,#3934,.T.);
#3934 = EDGE_CURVE('',#1263,#2832,#3935,.T.);
#3935 = LINE('',#3936,#3937);
#3936 = CARTESIAN_POINT('',(8.612290382385,70.521797180176,3.));
#3937 = VECTOR('',#3938,1.);
#3938 = DIRECTION('',(0.,0.,-1.));
#3939 = ORIENTED_EDGE('',*,*,#2831,.F.);
#3940 = ORIENTED_EDGE('',*,*,#3941,.T.);
#3941 = EDGE_CURVE('',#2824,#1271,#3942,.T.);
#3942 = LINE('',#3943,#3944);
#3943 = CARTESIAN_POINT('',(8.,70.400001525879,0.));
#3944 = VECTOR('',#3945,1.);
#3945 = DIRECTION('',(0.,0.,1.));
#3946 = PLANE('',#3947);
#3947 = AXIS2_PLACEMENT_3D('',#3948,#3949,#3950);
#3948 = CARTESIAN_POINT('',(8.306145191193,70.460899353027,1.5));
#3949 = DIRECTION('',(-0.195095753265,0.980784200045,0.));
#3950 = DIRECTION('',(0.980784200045,0.195095753265,0.));
#3951 = ADVANCED_FACE('',(#3952),#3963,.T.);
#3952 = FACE_BOUND('',#3953,.T.);
#3953 = EDGE_LOOP('',(#3954,#3955,#3956,#3957));
#3954 = ORIENTED_EDGE('',*,*,#1278,.F.);
#3955 = ORIENTED_EDGE('',*,*,#3941,.F.);
#3956 = ORIENTED_EDGE('',*,*,#2823,.F.);
#3957 = ORIENTED_EDGE('',*,*,#3958,.T.);
#3958 = EDGE_CURVE('',#2816,#1279,#3959,.T.);
#3959 = LINE('',#3960,#3961);
#3960 = CARTESIAN_POINT('',(7.387710094452,70.521797180176,0.));
#3961 = VECTOR('',#3962,1.);
#3962 = DIRECTION('',(0.,0.,1.));
#3963 = PLANE('',#3964);
#3964 = AXIS2_PLACEMENT_3D('',#3965,#3966,#3967);
#3965 = CARTESIAN_POINT('',(7.693855047226,70.460899353027,1.5));
#3966 = DIRECTION('',(0.195095899418,0.980784170972,0.));
#3967 = DIRECTION('',(0.980784170972,-0.195095899418,0.));
#3968 = ADVANCED_FACE('',(#3969),#3980,.T.);
#3969 = FACE_BOUND('',#3970,.T.);
#3970 = EDGE_LOOP('',(#3971,#3972,#3973,#3979));
#3971 = ORIENTED_EDGE('',*,*,#3918,.F.);
#3972 = ORIENTED_EDGE('',*,*,#1302,.F.);
#3973 = ORIENTED_EDGE('',*,*,#3974,.T.);
#3974 = EDGE_CURVE('',#1295,#2800,#3975,.T.);
#3975 = LINE('',#3976,#3977);
#3976 = CARTESIAN_POINT('',(6.521790027618,71.387702941895,3.));
#3977 = VECTOR('',#3978,1.);
#3978 = DIRECTION('',(0.,0.,-1.));
#3979 = ORIENTED_EDGE('',*,*,#2799,.F.);
#3980 = PLANE('',#3981);
#3981 = AXIS2_PLACEMENT_3D('',#3982,#3983,#3984);
#3982 = CARTESIAN_POINT('',(6.460895061493,71.693851470947,1.5));
#3983 = DIRECTION('',(0.980786360815,0.195084890341,0.));
#3984 = DIRECTION('',(-0.195084890341,0.980786360815,0.));
#3985 = ADVANCED_FACE('',(#3986),#3992,.T.);
#3986 = FACE_BOUND('',#3987,.T.);
#3987 = EDGE_LOOP('',(#3988,#3989,#3990,#3991));
#3988 = ORIENTED_EDGE('',*,*,#1212,.F.);
#3989 = ORIENTED_EDGE('',*,*,#3880,.F.);
#3990 = ORIENTED_EDGE('',*,*,#2759,.F.);
#3991 = ORIENTED_EDGE('',*,*,#3834,.F.);
#3992 = PLANE('',#3993);
#3993 = AXIS2_PLACEMENT_3D('',#3994,#3995,#3996);
#3994 = CARTESIAN_POINT('',(8.306145191193,73.539100646973,1.5));
#3995 = DIRECTION('',(-0.195095753265,-0.980784200045,-0.));
#3996 = DIRECTION('',(-0.980784200045,0.195095753265,0.));
#3997 = ADVANCED_FACE('',(#3998),#4004,.T.);
#3998 = FACE_BOUND('',#3999,.T.);
#3999 = EDGE_LOOP('',(#4000,#4001,#4002,#4003));
#4000 = ORIENTED_EDGE('',*,*,#3818,.F.);
#4001 = ORIENTED_EDGE('',*,*,#2855,.F.);
#4002 = ORIENTED_EDGE('',*,*,#3850,.F.);
#4003 = ORIENTED_EDGE('',*,*,#1246,.F.);
#4004 = PLANE('',#4005);
#4005 = AXIS2_PLACEMENT_3D('',#4006,#4007,#4008);
#4006 = CARTESIAN_POINT('',(9.539105415344,71.693851470947,1.5));
#4007 = DIRECTION('',(-0.980786360815,0.195084890341,-0.));
#4008 = DIRECTION('',(-0.195084890341,-0.980786360815,0.));
#4009 = ADVANCED_FACE('',(#4010),#4016,.T.);
#4010 = FACE_BOUND('',#4011,.T.);
#4011 = EDGE_LOOP('',(#4012,#4013,#4014,#4015));
#4012 = ORIENTED_EDGE('',*,*,#1262,.F.);
#4013 = ORIENTED_EDGE('',*,*,#3857,.F.);
#4014 = ORIENTED_EDGE('',*,*,#2839,.F.);
#4015 = ORIENTED_EDGE('',*,*,#3934,.F.);
#4016 = PLANE('',#4017);
#4017 = AXIS2_PLACEMENT_3D('',#4018,#4019,#4020);
#4018 = CARTESIAN_POINT('',(8.871829986572,70.695198059082,1.5));
#4019 = DIRECTION('',(-0.555530496837,0.831496161798,0.));
#4020 = DIRECTION('',(0.831496161798,0.555530496837,0.));
#4021 = ADVANCED_FACE('',(#4022),#4033,.T.);
#4022 = FACE_BOUND('',#4023,.T.);
#4023 = EDGE_LOOP('',(#4024,#4025,#4026,#4032));
#4024 = ORIENTED_EDGE('',*,*,#3974,.F.);
#4025 = ORIENTED_EDGE('',*,*,#1294,.F.);
#4026 = ORIENTED_EDGE('',*,*,#4027,.T.);
#4027 = EDGE_CURVE('',#1287,#2808,#4028,.T.);
#4028 = LINE('',#4029,#4030);
#4029 = CARTESIAN_POINT('',(6.868629932404,70.868598937988,3.));
#4030 = VECTOR('',#4031,1.);
#4031 = DIRECTION('',(0.,0.,-1.));
#4032 = ORIENTED_EDGE('',*,*,#2807,.F.);
#4033 = PLANE('',#4034);
#4034 = AXIS2_PLACEMENT_3D('',#4035,#4036,#4037);
#4035 = CARTESIAN_POINT('',(6.695209980011,71.128150939941,1.5));
#4036 = DIRECTION('',(0.831480194059,0.555554395975,0.));
#4037 = DIRECTION('',(-0.555554395975,0.831480194059,0.));
#4038 = ADVANCED_FACE('',(#4039),#4045,.T.);
#4039 = FACE_BOUND('',#4040,.T.);
#4040 = EDGE_LOOP('',(#4041,#4042,#4043,#4044));
#4041 = ORIENTED_EDGE('',*,*,#1326,.F.);
#4042 = ORIENTED_EDGE('',*,*,#3894,.F.);
#4043 = ORIENTED_EDGE('',*,*,#2775,.F.);
#4044 = ORIENTED_EDGE('',*,*,#3873,.F.);
#4045 = PLANE('',#4046);
#4046 = AXIS2_PLACEMENT_3D('',#4047,#4048,#4049);
#4047 = CARTESIAN_POINT('',(7.128170013428,73.304801940918,1.5));
#4048 = DIRECTION('',(0.555529791179,-0.831496633254,-0.));
#4049 = DIRECTION('',(-0.831496633254,-0.555529791179,0.));
#4050 = ADVANCED_FACE('',(#4051),#4057,.T.);
#4051 = FACE_BOUND('',#4052,.T.);
#4052 = EDGE_LOOP('',(#4053,#4054,#4055,#4056));
#4053 = ORIENTED_EDGE('',*,*,#1286,.F.);
#4054 = ORIENTED_EDGE('',*,*,#3958,.F.);
#4055 = ORIENTED_EDGE('',*,*,#2815,.F.);
#4056 = ORIENTED_EDGE('',*,*,#4027,.F.);
#4057 = PLANE('',#4058);
#4058 = AXIS2_PLACEMENT_3D('',#4059,#4060,#4061);
#4059 = CARTESIAN_POINT('',(7.128170013428,70.695198059082,1.5));
#4060 = DIRECTION('',(0.555529791179,0.831496633254,0.));
#4061 = DIRECTION('',(0.831496633254,-0.555529791179,0.));
#4062 = ADVANCED_FACE('',(#4063),#4079,.T.);
#4063 = FACE_BOUND('',#4064,.T.);
#4064 = EDGE_LOOP('',(#4065,#4071,#4072,#4078));
#4065 = ORIENTED_EDGE('',*,*,#4066,.T.);
#4066 = EDGE_CURVE('',#563,#2110,#4067,.T.);
#4067 = LINE('',#4068,#4069);
#4068 = CARTESIAN_POINT('',(153.1309967041,9.131369590759,3.));
#4069 = VECTOR('',#4070,1.);
#4070 = DIRECTION('',(0.,0.,-1.));
#4071 = ORIENTED_EDGE('',*,*,#2109,.F.);
#4072 = ORIENTED_EDGE('',*,*,#4073,.T.);
#4073 = EDGE_CURVE('',#2102,#565,#4074,.T.);
#4074 = LINE('',#4075,#4076);
#4075 = CARTESIAN_POINT('',(153.47799682617,8.612290382385,0.));
#4076 = VECTOR('',#4077,1.);
#4077 = DIRECTION('',(0.,0.,1.));
#4078 = ORIENTED_EDGE('',*,*,#562,.F.);
#4079 = PLANE('',#4080);
#4080 = AXIS2_PLACEMENT_3D('',#4081,#4082,#4083);
#4081 = CARTESIAN_POINT('',(153.30449676513,8.871829986572,1.5));
#4082 = DIRECTION('',(-0.831349381633,-0.555750128797,-0.));
#4083 = DIRECTION('',(0.555750128797,-0.831349381633,0.));
#4084 = ADVANCED_FACE('',(#4085),#4096,.T.);
#4085 = FACE_BOUND('',#4086,.T.);
#4086 = EDGE_LOOP('',(#4087,#4088,#4089,#4095));
#4087 = ORIENTED_EDGE('',*,*,#4073,.F.);
#4088 = ORIENTED_EDGE('',*,*,#2099,.F.);
#4089 = ORIENTED_EDGE('',*,*,#4090,.T.);
#4090 = EDGE_CURVE('',#2100,#573,#4091,.T.);
#4091 = LINE('',#4092,#4093);
#4092 = CARTESIAN_POINT('',(153.60000610351,8.,0.));
#4093 = VECTOR('',#4094,1.);
#4094 = DIRECTION('',(0.,0.,1.));
#4095 = ORIENTED_EDGE('',*,*,#572,.F.);
#4096 = PLANE('',#4097);
#4097 = AXIS2_PLACEMENT_3D('',#4098,#4099,#4100);
#4098 = CARTESIAN_POINT('',(153.53900146484,8.306145191193,1.5));
#4099 = DIRECTION('',(-0.980718672699,-0.195424883317,-0.));
#4100 = DIRECTION('',(0.195424883317,-0.980718672699,0.));
#4101 = ADVANCED_FACE('',(#4102),#4113,.T.);
#4102 = FACE_BOUND('',#4103,.T.);
#4103 = EDGE_LOOP('',(#4104,#4105,#4111,#4112));
#4104 = ORIENTED_EDGE('',*,*,#684,.F.);
#4105 = ORIENTED_EDGE('',*,*,#4106,.T.);
#4106 = EDGE_CURVE('',#677,#2118,#4107,.T.);
#4107 = LINE('',#4108,#4109);
#4108 = CARTESIAN_POINT('',(152.61199951171,9.478210449219,3.));
#4109 = VECTOR('',#4110,1.);
#4110 = DIRECTION('',(0.,0.,-1.));
#4111 = ORIENTED_EDGE('',*,*,#2117,.F.);
#4112 = ORIENTED_EDGE('',*,*,#4066,.F.);
#4113 = PLANE('',#4114);
#4114 = AXIS2_PLACEMENT_3D('',#4115,#4116,#4117);
#4115 = CARTESIAN_POINT('',(152.87149810791,9.304790019989,1.5));
#4116 = DIRECTION('',(-0.555634491206,-0.831426672763,-0.));
#4117 = DIRECTION('',(-0.831426672763,0.555634491206,0.));
#4118 = ADVANCED_FACE('',(#4119),#4135,.T.);
#4119 = FACE_BOUND('',#4120,.T.);
#4120 = EDGE_LOOP('',(#4121,#4127,#4128,#4134));
#4121 = ORIENTED_EDGE('',*,*,#4122,.T.);
#4122 = EDGE_CURVE('',#581,#2214,#4123,.T.);
#4123 = LINE('',#4124,#4125);
#4124 = CARTESIAN_POINT('',(153.47799682617,7.387710094452,3.));
#4125 = VECTOR('',#4126,1.);
#4126 = DIRECTION('',(0.,0.,-1.));
#4127 = ORIENTED_EDGE('',*,*,#2213,.F.);
#4128 = ORIENTED_EDGE('',*,*,#4129,.T.);
#4129 = EDGE_CURVE('',#2206,#589,#4130,.T.);
#4130 = LINE('',#4131,#4132);
#4131 = CARTESIAN_POINT('',(153.1309967041,6.868629932404,0.));
#4132 = VECTOR('',#4133,1.);
#4133 = DIRECTION('',(0.,0.,1.));
#4134 = ORIENTED_EDGE('',*,*,#588,.F.);
#4135 = PLANE('',#4136);
#4136 = AXIS2_PLACEMENT_3D('',#4137,#4138,#4139);
#4137 = CARTESIAN_POINT('',(153.30449676513,7.128170013428,1.5));
#4138 = DIRECTION('',(-0.831349853379,0.555749423109,-0.));
#4139 = DIRECTION('',(-0.555749423109,-0.831349853379,0.));
#4140 = ADVANCED_FACE('',(#4141),#4157,.T.);
#4141 = FACE_BOUND('',#4142,.T.);
#4142 = EDGE_LOOP('',(#4143,#4144,#4150,#4151));
#4143 = ORIENTED_EDGE('',*,*,#668,.F.);
#4144 = ORIENTED_EDGE('',*,*,#4145,.T.);
#4145 = EDGE_CURVE('',#661,#2134,#4146,.T.);
#4146 = LINE('',#4147,#4148);
#4147 = CARTESIAN_POINT('',(151.38800048828,9.478210449219,3.));
#4148 = VECTOR('',#4149,1.);
#4149 = DIRECTION('',(0.,0.,-1.));
#4150 = ORIENTED_EDGE('',*,*,#2133,.F.);
#4151 = ORIENTED_EDGE('',*,*,#4152,.T.);
#4152 = EDGE_CURVE('',#2126,#669,#4153,.T.);
#4153 = LINE('',#4154,#4155);
#4154 = CARTESIAN_POINT('',(152.,9.60000038147,0.));
#4155 = VECTOR('',#4156,1.);
#4156 = DIRECTION('',(0.,0.,1.));
#4157 = PLANE('',#4158);
#4158 = AXIS2_PLACEMENT_3D('',#4159,#4160,#4161);
#4159 = CARTESIAN_POINT('',(151.69400024414,9.539105415344,1.5));
#4160 = DIRECTION('',(0.195176125875,-0.980768209053,-0.));
#4161 = DIRECTION('',(-0.980768209053,-0.195176125875,0.));
#4162 = ADVANCED_FACE('',(#4163),#4179,.T.);
#4163 = FACE_BOUND('',#4164,.T.);
#4164 = EDGE_LOOP('',(#4165,#4171,#4172,#4178));
#4165 = ORIENTED_EDGE('',*,*,#4166,.T.);
#4166 = EDGE_CURVE('',#2142,#653,#4167,.T.);
#4167 = LINE('',#4168,#4169);
#4168 = CARTESIAN_POINT('',(150.86900329589,9.131369590759,0.));
#4169 = VECTOR('',#4170,1.);
#4170 = DIRECTION('',(0.,0.,1.));
#4171 = ORIENTED_EDGE('',*,*,#652,.F.);
#4172 = ORIENTED_EDGE('',*,*,#4173,.T.);
#4173 = EDGE_CURVE('',#645,#2150,#4174,.T.);
#4174 = LINE('',#4175,#4176);
#4175 = CARTESIAN_POINT('',(150.52200317382,8.612290382385,3.));
#4176 = VECTOR('',#4177,1.);
#4177 = DIRECTION('',(0.,0.,-1.));
#4178 = ORIENTED_EDGE('',*,*,#2149,.F.);
#4179 = PLANE('',#4180);
#4180 = AXIS2_PLACEMENT_3D('',#4181,#4182,#4183);
#4181 = CARTESIAN_POINT('',(150.69550323486,8.871829986572,1.5));
#4182 = DIRECTION('',(0.831349381633,-0.555750128797,0.));
#4183 = DIRECTION('',(0.555750128797,0.831349381633,0.));
#4184 = ADVANCED_FACE('',(#4185),#4196,.T.);
#4185 = FACE_BOUND('',#4186,.T.);
#4186 = EDGE_LOOP('',(#4187,#4188,#4189,#4195));
#4187 = ORIENTED_EDGE('',*,*,#4173,.F.);
#4188 = ORIENTED_EDGE('',*,*,#644,.F.);
#4189 = ORIENTED_EDGE('',*,*,#4190,.T.);
#4190 = EDGE_CURVE('',#637,#2158,#4191,.T.);
#4191 = LINE('',#4192,#4193);
#4192 = CARTESIAN_POINT('',(150.39999389648,8.,3.));
#4193 = VECTOR('',#4194,1.);
#4194 = DIRECTION('',(0.,0.,-1.));
#4195 = ORIENTED_EDGE('',*,*,#2157,.F.);
#4196 = PLANE('',#4197);
#4197 = AXIS2_PLACEMENT_3D('',#4198,#4199,#4200);
#4198 = CARTESIAN_POINT('',(150.46099853515,8.306145191193,1.5));
#4199 = DIRECTION('',(0.980718672699,-0.195424883317,0.));
#4200 = DIRECTION('',(0.195424883317,0.980718672699,0.));
#4201 = ADVANCED_FACE('',(#4202),#4218,.T.);
#4202 = FACE_BOUND('',#4203,.T.);
#4203 = EDGE_LOOP('',(#4204,#4205,#4211,#4212));
#4204 = ORIENTED_EDGE('',*,*,#604,.F.);
#4205 = ORIENTED_EDGE('',*,*,#4206,.T.);
#4206 = EDGE_CURVE('',#597,#2198,#4207,.T.);
#4207 = LINE('',#4208,#4209);
#4208 = CARTESIAN_POINT('',(152.61199951171,6.521790027618,3.));
#4209 = VECTOR('',#4210,1.);
#4210 = DIRECTION('',(0.,0.,-1.));
#4211 = ORIENTED_EDGE('',*,*,#2197,.F.);
#4212 = ORIENTED_EDGE('',*,*,#4213,.T.);
#4213 = EDGE_CURVE('',#2190,#605,#4214,.T.);
#4214 = LINE('',#4215,#4216);
#4215 = CARTESIAN_POINT('',(152.,6.400000095367,0.));
#4216 = VECTOR('',#4217,1.);
#4217 = DIRECTION('',(0.,0.,1.));
#4218 = PLANE('',#4219);
#4219 = AXIS2_PLACEMENT_3D('',#4220,#4221,#4222);
#4220 = CARTESIAN_POINT('',(152.30599975585,6.460895061493,1.5));
#4221 = DIRECTION('',(-0.195176125875,0.980768209053,0.));
#4222 = DIRECTION('',(0.980768209053,0.195176125875,0.));
#4223 = ADVANCED_FACE('',(#4224),#4235,.T.);
#4224 = FACE_BOUND('',#4225,.T.);
#4225 = EDGE_LOOP('',(#4226,#4227,#4228,#4229));
#4226 = ORIENTED_EDGE('',*,*,#612,.F.);
#4227 = ORIENTED_EDGE('',*,*,#4213,.F.);
#4228 = ORIENTED_EDGE('',*,*,#2189,.F.);
#4229 = ORIENTED_EDGE('',*,*,#4230,.T.);
#4230 = EDGE_CURVE('',#2182,#613,#4231,.T.);
#4231 = LINE('',#4232,#4233);
#4232 = CARTESIAN_POINT('',(151.38800048828,6.521790027618,0.));
#4233 = VECTOR('',#4234,1.);
#4234 = DIRECTION('',(0.,0.,1.));
#4235 = PLANE('',#4236);
#4236 = AXIS2_PLACEMENT_3D('',#4237,#4238,#4239);
#4237 = CARTESIAN_POINT('',(151.69400024414,6.460895061493,1.5));
#4238 = DIRECTION('',(0.195176125875,0.980768209053,0.));
#4239 = DIRECTION('',(0.980768209053,-0.195176125875,0.));
#4240 = ADVANCED_FACE('',(#4241),#4252,.T.);
#4241 = FACE_BOUND('',#4242,.T.);
#4242 = EDGE_LOOP('',(#4243,#4244,#4245,#4251));
#4243 = ORIENTED_EDGE('',*,*,#4190,.F.);
#4244 = ORIENTED_EDGE('',*,*,#636,.F.);
#4245 = ORIENTED_EDGE('',*,*,#4246,.T.);
#4246 = EDGE_CURVE('',#629,#2166,#4247,.T.);
#4247 = LINE('',#4248,#4249);
#4248 = CARTESIAN_POINT('',(150.52200317382,7.387710094452,3.));
#4249 = VECTOR('',#4250,1.);
#4250 = DIRECTION('',(0.,0.,-1.));
#4251 = ORIENTED_EDGE('',*,*,#2165,.F.);
#4252 = PLANE('',#4253);
#4253 = AXIS2_PLACEMENT_3D('',#4254,#4255,#4256);
#4254 = CARTESIAN_POINT('',(150.46099853515,7.693855047226,1.5));
#4255 = DIRECTION('',(0.98071864353,0.195425029697,0.));
#4256 = DIRECTION('',(-0.195425029697,0.98071864353,0.));
#4257 = ADVANCED_FACE('',(#4258),#4264,.T.);
#4258 = FACE_BOUND('',#4259,.T.);
#4259 = EDGE_LOOP('',(#4260,#4261,#4262,#4263));
#4260 = ORIENTED_EDGE('',*,*,#676,.F.);
#4261 = ORIENTED_EDGE('',*,*,#4152,.F.);
#4262 = ORIENTED_EDGE('',*,*,#2125,.F.);
#4263 = ORIENTED_EDGE('',*,*,#4106,.F.);
#4264 = PLANE('',#4265);
#4265 = AXIS2_PLACEMENT_3D('',#4266,#4267,#4268);
#4266 = CARTESIAN_POINT('',(152.30599975585,9.539105415344,1.5));
#4267 = DIRECTION('',(-0.195176125875,-0.980768209053,-0.));
#4268 = DIRECTION('',(-0.980768209053,0.195176125875,0.));
#4269 = ADVANCED_FACE('',(#4270),#4276,.T.);
#4270 = FACE_BOUND('',#4271,.T.);
#4271 = EDGE_LOOP('',(#4272,#4273,#4274,#4275));
#4272 = ORIENTED_EDGE('',*,*,#4090,.F.);
#4273 = ORIENTED_EDGE('',*,*,#2221,.F.);
#4274 = ORIENTED_EDGE('',*,*,#4122,.F.);
#4275 = ORIENTED_EDGE('',*,*,#580,.F.);
#4276 = PLANE('',#4277);
#4277 = AXIS2_PLACEMENT_3D('',#4278,#4279,#4280);
#4278 = CARTESIAN_POINT('',(153.53900146484,7.693855047226,1.5));
#4279 = DIRECTION('',(-0.98071864353,0.195425029697,-0.));
#4280 = DIRECTION('',(-0.195425029697,-0.98071864353,0.));
#4281 = ADVANCED_FACE('',(#4282),#4288,.T.);
#4282 = FACE_BOUND('',#4283,.T.);
#4283 = EDGE_LOOP('',(#4284,#4285,#4286,#4287));
#4284 = ORIENTED_EDGE('',*,*,#596,.F.);
#4285 = ORIENTED_EDGE('',*,*,#4129,.F.);
#4286 = ORIENTED_EDGE('',*,*,#2205,.F.);
#4287 = ORIENTED_EDGE('',*,*,#4206,.F.);
#4288 = PLANE('',#4289);
#4289 = AXIS2_PLACEMENT_3D('',#4290,#4291,#4292);
#4290 = CARTESIAN_POINT('',(152.87149810791,6.695209980011,1.5));
#4291 = DIRECTION('',(-0.555633435101,0.831427378548,0.));
#4292 = DIRECTION('',(0.831427378548,0.555633435101,0.));
#4293 = ADVANCED_FACE('',(#4294),#4305,.T.);
#4294 = FACE_BOUND('',#4295,.T.);
#4295 = EDGE_LOOP('',(#4296,#4297,#4298,#4304));
#4296 = ORIENTED_EDGE('',*,*,#4246,.F.);
#4297 = ORIENTED_EDGE('',*,*,#628,.F.);
#4298 = ORIENTED_EDGE('',*,*,#4299,.T.);
#4299 = EDGE_CURVE('',#621,#2174,#4300,.T.);
#4300 = LINE('',#4301,#4302);
#4301 = CARTESIAN_POINT('',(150.86900329589,6.868629932404,3.));
#4302 = VECTOR('',#4303,1.);
#4303 = DIRECTION('',(0.,0.,-1.));
#4304 = ORIENTED_EDGE('',*,*,#2173,.F.);
#4305 = PLANE('',#4306);
#4306 = AXIS2_PLACEMENT_3D('',#4307,#4308,#4309);
#4307 = CARTESIAN_POINT('',(150.69550323486,7.128170013428,1.5));
#4308 = DIRECTION('',(0.831349853379,0.555749423109,0.));
#4309 = DIRECTION('',(-0.555749423109,0.831349853379,0.));
#4310 = ADVANCED_FACE('',(#4311),#4317,.T.);
#4311 = FACE_BOUND('',#4312,.T.);
#4312 = EDGE_LOOP('',(#4313,#4314,#4315,#4316));
#4313 = ORIENTED_EDGE('',*,*,#660,.F.);
#4314 = ORIENTED_EDGE('',*,*,#4166,.F.);
#4315 = ORIENTED_EDGE('',*,*,#2141,.F.);
#4316 = ORIENTED_EDGE('',*,*,#4145,.F.);
#4317 = PLANE('',#4318);
#4318 = AXIS2_PLACEMENT_3D('',#4319,#4320,#4321);
#4319 = CARTESIAN_POINT('',(151.12850189209,9.304790019989,1.5));
#4320 = DIRECTION('',(0.555634491206,-0.831426672763,-0.));
#4321 = DIRECTION('',(-0.831426672763,-0.555634491206,0.));
#4322 = ADVANCED_FACE('',(#4323),#4329,.T.);
#4323 = FACE_BOUND('',#4324,.T.);
#4324 = EDGE_LOOP('',(#4325,#4326,#4327,#4328));
#4325 = ORIENTED_EDGE('',*,*,#620,.F.);
#4326 = ORIENTED_EDGE('',*,*,#4230,.F.);
#4327 = ORIENTED_EDGE('',*,*,#2181,.F.);
#4328 = ORIENTED_EDGE('',*,*,#4299,.F.);
#4329 = PLANE('',#4330);
#4330 = AXIS2_PLACEMENT_3D('',#4331,#4332,#4333);
#4331 = CARTESIAN_POINT('',(151.12850189209,6.695209980011,1.5));
#4332 = DIRECTION('',(0.555633435101,0.831427378548,0.));
#4333 = DIRECTION('',(0.831427378548,-0.555633435101,0.));
#4334 = ADVANCED_FACE('',(#4335),#4351,.T.);
#4335 = FACE_BOUND('',#4336,.T.);
#4336 = EDGE_LOOP('',(#4337,#4343,#4344,#4350));
#4337 = ORIENTED_EDGE('',*,*,#4338,.T.);
#4338 = EDGE_CURVE('',#719,#2328,#4339,.T.);
#4339 = LINE('',#4340,#4341);
#4340 = CARTESIAN_POINT('',(153.1309967041,73.131401062012,3.));
#4341 = VECTOR('',#4342,1.);
#4342 = DIRECTION('',(0.,0.,-1.));
#4343 = ORIENTED_EDGE('',*,*,#2327,.F.);
#4344 = ORIENTED_EDGE('',*,*,#4345,.T.);
#4345 = EDGE_CURVE('',#2320,#727,#4346,.T.);
#4346 = LINE('',#4347,#4348);
#4347 = CARTESIAN_POINT('',(153.47799682617,72.612297058105,0.));
#4348 = VECTOR('',#4349,1.);
#4349 = DIRECTION('',(0.,0.,1.));
#4350 = ORIENTED_EDGE('',*,*,#726,.F.);
#4351 = PLANE('',#4352);
#4352 = AXIS2_PLACEMENT_3D('',#4353,#4354,#4355);
#4353 = CARTESIAN_POINT('',(153.30449676513,72.871849060059,1.5));
#4354 = DIRECTION('',(-0.831361646449,-0.555731781361,-0.));
#4355 = DIRECTION('',(0.555731781361,-0.831361646449,0.));
#4356 = ADVANCED_FACE('',(#4357),#4368,.T.);
#4357 = FACE_BOUND('',#4358,.T.);
#4358 = EDGE_LOOP('',(#4359,#4360,#4361,#4367));
#4359 = ORIENTED_EDGE('',*,*,#4345,.F.);
#4360 = ORIENTED_EDGE('',*,*,#2319,.F.);
#4361 = ORIENTED_EDGE('',*,*,#4362,.T.);
#4362 = EDGE_CURVE('',#2312,#735,#4363,.T.);
#4363 = LINE('',#4364,#4365);
#4364 = CARTESIAN_POINT('',(153.60000610351,72.,0.));
#4365 = VECTOR('',#4366,1.);
#4366 = DIRECTION('',(0.,0.,1.));
#4367 = ORIENTED_EDGE('',*,*,#734,.F.);
#4368 = PLANE('',#4369);
#4369 = AXIS2_PLACEMENT_3D('',#4370,#4371,#4372);
#4370 = CARTESIAN_POINT('',(153.53900146484,72.306148529053,1.5));
#4371 = DIRECTION('',(-0.980719081054,-0.195422834019,-0.));
#4372 = DIRECTION('',(0.195422834019,-0.980719081054,0.));
#4373 = ADVANCED_FACE('',(#4374),#4385,.T.);
#4374 = FACE_BOUND('',#4375,.T.);
#4375 = EDGE_LOOP('',(#4376,#4377,#4383,#4384));
#4376 = ORIENTED_EDGE('',*,*,#718,.F.);
#4377 = ORIENTED_EDGE('',*,*,#4378,.T.);
#4378 = EDGE_CURVE('',#711,#2336,#4379,.T.);
#4379 = LINE('',#4380,#4381);
#4380 = CARTESIAN_POINT('',(152.61199951171,73.478202819824,3.));
#4381 = VECTOR('',#4382,1.);
#4382 = DIRECTION('',(0.,0.,-1.));
#4383 = ORIENTED_EDGE('',*,*,#2335,.F.);
#4384 = ORIENTED_EDGE('',*,*,#4338,.F.);
#4385 = PLANE('',#4386);
#4386 = AXIS2_PLACEMENT_3D('',#4387,#4388,#4389);
#4387 = CARTESIAN_POINT('',(152.87149810791,73.304801940918,1.5));
#4388 = DIRECTION('',(-0.555591188657,-0.831455609811,-0.));
#4389 = DIRECTION('',(-0.831455609811,0.555591188657,0.));
#4390 = ADVANCED_FACE('',(#4391),#4407,.T.);
#4391 = FACE_BOUND('',#4392,.T.);
#4392 = EDGE_LOOP('',(#4393,#4399,#4400,#4406));
#4393 = ORIENTED_EDGE('',*,*,#4394,.T.);
#4394 = EDGE_CURVE('',#743,#2304,#4395,.T.);
#4395 = LINE('',#4396,#4397);
#4396 = CARTESIAN_POINT('',(153.47799682617,71.387702941895,3.));
#4397 = VECTOR('',#4398,1.);
#4398 = DIRECTION('',(0.,0.,-1.));
#4399 = ORIENTED_EDGE('',*,*,#2303,.F.);
#4400 = ORIENTED_EDGE('',*,*,#4401,.T.);
#4401 = EDGE_CURVE('',#2296,#751,#4402,.T.);
#4402 = LINE('',#4403,#4404);
#4403 = CARTESIAN_POINT('',(153.1309967041,70.868598937988,0.));
#4404 = VECTOR('',#4405,1.);
#4405 = DIRECTION('',(0.,0.,1.));
#4406 = ORIENTED_EDGE('',*,*,#750,.F.);
#4407 = PLANE('',#4408);
#4408 = AXIS2_PLACEMENT_3D('',#4409,#4410,#4411);
#4409 = CARTESIAN_POINT('',(153.30449676513,71.128150939941,1.5));
#4410 = DIRECTION('',(-0.831361646449,0.555731781361,-0.));
#4411 = DIRECTION('',(-0.555731781361,-0.831361646449,0.));
#4412 = ADVANCED_FACE('',(#4413),#4429,.T.);
#4413 = FACE_BOUND('',#4414,.T.);
#4414 = EDGE_LOOP('',(#4415,#4416,#4422,#4423));
#4415 = ORIENTED_EDGE('',*,*,#702,.F.);
#4416 = ORIENTED_EDGE('',*,*,#4417,.T.);
#4417 = EDGE_CURVE('',#695,#2230,#4418,.T.);
#4418 = LINE('',#4419,#4420);
#4419 = CARTESIAN_POINT('',(151.38800048828,73.478202819824,3.));
#4420 = VECTOR('',#4421,1.);
#4421 = DIRECTION('',(0.,0.,-1.));
#4422 = ORIENTED_EDGE('',*,*,#2351,.F.);
#4423 = ORIENTED_EDGE('',*,*,#4424,.T.);
#4424 = EDGE_CURVE('',#2344,#703,#4425,.T.);
#4425 = LINE('',#4426,#4427);
#4426 = CARTESIAN_POINT('',(152.,73.599998474121,0.));
#4427 = VECTOR('',#4428,1.);
#4428 = DIRECTION('',(0.,0.,1.));
#4429 = PLANE('',#4430);
#4430 = AXIS2_PLACEMENT_3D('',#4431,#4432,#4433);
#4431 = CARTESIAN_POINT('',(151.69400024414,73.539100646973,1.5));
#4432 = DIRECTION('',(0.195184946477,-0.980766453682,-0.));
#4433 = DIRECTION('',(-0.980766453682,-0.195184946477,0.));
#4434 = ADVANCED_FACE('',(#4435),#4451,.T.);
#4435 = FACE_BOUND('',#4436,.T.);
#4436 = EDGE_LOOP('',(#4437,#4443,#4444,#4450));
#4437 = ORIENTED_EDGE('',*,*,#4438,.T.);
#4438 = EDGE_CURVE('',#2232,#693,#4439,.T.);
#4439 = LINE('',#4440,#4441);
#4440 = CARTESIAN_POINT('',(150.86900329589,73.131401062012,0.));
#4441 = VECTOR('',#4442,1.);
#4442 = DIRECTION('',(0.,0.,1.));
#4443 = ORIENTED_EDGE('',*,*,#814,.F.);
#4444 = ORIENTED_EDGE('',*,*,#4445,.T.);
#4445 = EDGE_CURVE('',#807,#2240,#4446,.T.);
#4446 = LINE('',#4447,#4448);
#4447 = CARTESIAN_POINT('',(150.52200317382,72.612297058105,3.));
#4448 = VECTOR('',#4449,1.);
#4449 = DIRECTION('',(0.,0.,-1.));
#4450 = ORIENTED_EDGE('',*,*,#2239,.F.);
#4451 = PLANE('',#4452);
#4452 = AXIS2_PLACEMENT_3D('',#4453,#4454,#4455);
#4453 = CARTESIAN_POINT('',(150.69550323486,72.871849060059,1.5));
#4454 = DIRECTION('',(0.831361646449,-0.555731781361,0.));
#4455 = DIRECTION('',(0.555731781361,0.831361646449,0.));
#4456 = ADVANCED_FACE('',(#4457),#4468,.T.);
#4457 = FACE_BOUND('',#4458,.T.);
#4458 = EDGE_LOOP('',(#4459,#4460,#4461,#4467));
#4459 = ORIENTED_EDGE('',*,*,#4445,.F.);
#4460 = ORIENTED_EDGE('',*,*,#806,.F.);
#4461 = ORIENTED_EDGE('',*,*,#4462,.T.);
#4462 = EDGE_CURVE('',#799,#2248,#4463,.T.);
#4463 = LINE('',#4464,#4465);
#4464 = CARTESIAN_POINT('',(150.39999389648,72.,3.));
#4465 = VECTOR('',#4466,1.);
#4466 = DIRECTION('',(0.,0.,-1.));
#4467 = ORIENTED_EDGE('',*,*,#2247,.F.);
#4468 = PLANE('',#4469);
#4469 = AXIS2_PLACEMENT_3D('',#4470,#4471,#4472);
#4470 = CARTESIAN_POINT('',(150.46099853515,72.306148529053,1.5));
#4471 = DIRECTION('',(0.980719081054,-0.195422834019,0.));
#4472 = DIRECTION('',(0.195422834019,0.980719081054,0.));
#4473 = ADVANCED_FACE('',(#4474),#4490,.T.);
#4474 = FACE_BOUND('',#4475,.T.);
#4475 = EDGE_LOOP('',(#4476,#4477,#4483,#4484));
#4476 = ORIENTED_EDGE('',*,*,#766,.F.);
#4477 = ORIENTED_EDGE('',*,*,#4478,.T.);
#4478 = EDGE_CURVE('',#759,#2288,#4479,.T.);
#4479 = LINE('',#4480,#4481);
#4480 = CARTESIAN_POINT('',(152.61199951171,70.521797180176,3.));
#4481 = VECTOR('',#4482,1.);
#4482 = DIRECTION('',(0.,0.,-1.));
#4483 = ORIENTED_EDGE('',*,*,#2287,.F.);
#4484 = ORIENTED_EDGE('',*,*,#4485,.T.);
#4485 = EDGE_CURVE('',#2280,#767,#4486,.T.);
#4486 = LINE('',#4487,#4488);
#4487 = CARTESIAN_POINT('',(152.,70.400001525879,0.));
#4488 = VECTOR('',#4489,1.);
#4489 = DIRECTION('',(0.,0.,1.));
#4490 = PLANE('',#4491);
#4491 = AXIS2_PLACEMENT_3D('',#4492,#4493,#4494);
#4492 = CARTESIAN_POINT('',(152.30599975585,70.460899353027,1.5));
#4493 = DIRECTION('',(-0.195184946477,0.980766453682,0.));
#4494 = DIRECTION('',(0.980766453682,0.195184946477,0.));
#4495 = ADVANCED_FACE('',(#4496),#4507,.T.);
#4496 = FACE_BOUND('',#4497,.T.);
#4497 = EDGE_LOOP('',(#4498,#4499,#4500,#4501));
#4498 = ORIENTED_EDGE('',*,*,#774,.F.);
#4499 = ORIENTED_EDGE('',*,*,#4485,.F.);
#4500 = ORIENTED_EDGE('',*,*,#2279,.F.);
#4501 = ORIENTED_EDGE('',*,*,#4502,.T.);
#4502 = EDGE_CURVE('',#2272,#775,#4503,.T.);
#4503 = LINE('',#4504,#4505);
#4504 = CARTESIAN_POINT('',(151.38800048828,70.521797180176,0.));
#4505 = VECTOR('',#4506,1.);
#4506 = DIRECTION('',(0.,0.,1.));
#4507 = PLANE('',#4508);
#4508 = AXIS2_PLACEMENT_3D('',#4509,#4510,#4511);
#4509 = CARTESIAN_POINT('',(151.69400024414,70.460899353027,1.5));
#4510 = DIRECTION('',(0.195184946477,0.980766453682,0.));
#4511 = DIRECTION('',(0.980766453682,-0.195184946477,0.));
#4512 = ADVANCED_FACE('',(#4513),#4524,.T.);
#4513 = FACE_BOUND('',#4514,.T.);
#4514 = EDGE_LOOP('',(#4515,#4516,#4517,#4523));
#4515 = ORIENTED_EDGE('',*,*,#4462,.F.);
#4516 = ORIENTED_EDGE('',*,*,#798,.F.);
#4517 = ORIENTED_EDGE('',*,*,#4518,.T.);
#4518 = EDGE_CURVE('',#791,#2256,#4519,.T.);
#4519 = LINE('',#4520,#4521);
#4520 = CARTESIAN_POINT('',(150.52200317382,71.387702941895,3.));
#4521 = VECTOR('',#4522,1.);
#4522 = DIRECTION('',(0.,0.,-1.));
#4523 = ORIENTED_EDGE('',*,*,#2255,.F.);
#4524 = PLANE('',#4525);
#4525 = AXIS2_PLACEMENT_3D('',#4526,#4527,#4528);
#4526 = CARTESIAN_POINT('',(150.46099853515,71.693851470947,1.5));
#4527 = DIRECTION('',(0.980719081054,0.195422834019,0.));
#4528 = DIRECTION('',(-0.195422834019,0.980719081054,0.));
#4529 = ADVANCED_FACE('',(#4530),#4536,.T.);
#4530 = FACE_BOUND('',#4531,.T.);
#4531 = EDGE_LOOP('',(#4532,#4533,#4534,#4535));
#4532 = ORIENTED_EDGE('',*,*,#710,.F.);
#4533 = ORIENTED_EDGE('',*,*,#4424,.F.);
#4534 = ORIENTED_EDGE('',*,*,#2343,.F.);
#4535 = ORIENTED_EDGE('',*,*,#4378,.F.);
#4536 = PLANE('',#4537);
#4537 = AXIS2_PLACEMENT_3D('',#4538,#4539,#4540);
#4538 = CARTESIAN_POINT('',(152.30599975585,73.539100646973,1.5));
#4539 = DIRECTION('',(-0.195184946477,-0.980766453682,-0.));
#4540 = DIRECTION('',(-0.980766453682,0.195184946477,0.));
#4541 = ADVANCED_FACE('',(#4542),#4548,.T.);
#4542 = FACE_BOUND('',#4543,.T.);
#4543 = EDGE_LOOP('',(#4544,#4545,#4546,#4547));
#4544 = ORIENTED_EDGE('',*,*,#4362,.F.);
#4545 = ORIENTED_EDGE('',*,*,#2311,.F.);
#4546 = ORIENTED_EDGE('',*,*,#4394,.F.);
#4547 = ORIENTED_EDGE('',*,*,#742,.F.);
#4548 = PLANE('',#4549);
#4549 = AXIS2_PLACEMENT_3D('',#4550,#4551,#4552);
#4550 = CARTESIAN_POINT('',(153.53900146484,71.693851470947,1.5));
#4551 = DIRECTION('',(-0.980719081054,0.195422834019,-0.));
#4552 = DIRECTION('',(-0.195422834019,-0.980719081054,0.));
#4553 = ADVANCED_FACE('',(#4554),#4560,.T.);
#4554 = FACE_BOUND('',#4555,.T.);
#4555 = EDGE_LOOP('',(#4556,#4557,#4558,#4559));
#4556 = ORIENTED_EDGE('',*,*,#758,.F.);
#4557 = ORIENTED_EDGE('',*,*,#4401,.F.);
#4558 = ORIENTED_EDGE('',*,*,#2295,.F.);
#4559 = ORIENTED_EDGE('',*,*,#4478,.F.);
#4560 = PLANE('',#4561);
#4561 = AXIS2_PLACEMENT_3D('',#4562,#4563,#4564);
#4562 = CARTESIAN_POINT('',(152.87149810791,70.695198059082,1.5));
#4563 = DIRECTION('',(-0.555591188657,0.831455609811,0.));
#4564 = DIRECTION('',(0.831455609811,0.555591188657,0.));
#4565 = ADVANCED_FACE('',(#4566),#4577,.T.);
#4566 = FACE_BOUND('',#4567,.T.);
#4567 = EDGE_LOOP('',(#4568,#4569,#4570,#4576));
#4568 = ORIENTED_EDGE('',*,*,#4518,.F.);
#4569 = ORIENTED_EDGE('',*,*,#790,.F.);
#4570 = ORIENTED_EDGE('',*,*,#4571,.T.);
#4571 = EDGE_CURVE('',#783,#2264,#4572,.T.);
#4572 = LINE('',#4573,#4574);
#4573 = CARTESIAN_POINT('',(150.86900329589,70.868598937988,3.));
#4574 = VECTOR('',#4575,1.);
#4575 = DIRECTION('',(0.,0.,-1.));
#4576 = ORIENTED_EDGE('',*,*,#2263,.F.);
#4577 = PLANE('',#4578);
#4578 = AXIS2_PLACEMENT_3D('',#4579,#4580,#4581);
#4579 = CARTESIAN_POINT('',(150.69550323486,71.128150939941,1.5));
#4580 = DIRECTION('',(0.831361646449,0.555731781361,0.));
#4581 = DIRECTION('',(-0.555731781361,0.831361646449,0.));
#4582 = ADVANCED_FACE('',(#4583),#4589,.T.);
#4583 = FACE_BOUND('',#4584,.T.);
#4584 = EDGE_LOOP('',(#4585,#4586,#4587,#4588));
#4585 = ORIENTED_EDGE('',*,*,#692,.F.);
#4586 = ORIENTED_EDGE('',*,*,#4438,.F.);
#4587 = ORIENTED_EDGE('',*,*,#2229,.F.);
#4588 = ORIENTED_EDGE('',*,*,#4417,.F.);
#4589 = PLANE('',#4590);
#4590 = AXIS2_PLACEMENT_3D('',#4591,#4592,#4593);
#4591 = CARTESIAN_POINT('',(151.12850189209,73.304801940918,1.5));
#4592 = DIRECTION('',(0.555591188657,-0.831455609811,-0.));
#4593 = DIRECTION('',(-0.831455609811,-0.555591188657,0.));
#4594 = ADVANCED_FACE('',(#4595),#4601,.T.);
#4595 = FACE_BOUND('',#4596,.T.);
#4596 = EDGE_LOOP('',(#4597,#4598,#4599,#4600));
#4597 = ORIENTED_EDGE('',*,*,#782,.F.);
#4598 = ORIENTED_EDGE('',*,*,#4502,.F.);
#4599 = ORIENTED_EDGE('',*,*,#2271,.F.);
#4600 = ORIENTED_EDGE('',*,*,#4571,.F.);
#4601 = PLANE('',#4602);
#4602 = AXIS2_PLACEMENT_3D('',#4603,#4604,#4605);
#4603 = CARTESIAN_POINT('',(151.12850189209,70.695198059082,1.5));
#4604 = DIRECTION('',(0.555591188657,0.831455609811,0.));
#4605 = DIRECTION('',(0.831455609811,-0.555591188657,0.));
#4606 = ADVANCED_FACE('',(#4607),#4623,.T.);
#4607 = FACE_BOUND('',#4608,.T.);
#4608 = EDGE_LOOP('',(#4609,#4615,#4616,#4622));
#4609 = ORIENTED_EDGE('',*,*,#4610,.T.);
#4610 = EDGE_CURVE('',#1409,#2954,#4611,.T.);
#4611 = LINE('',#4612,#4613);
#4612 = CARTESIAN_POINT('',(81.131401062012,9.131369590759,3.));
#4613 = VECTOR('',#4614,1.);
#4614 = DIRECTION('',(0.,0.,-1.));
#4615 = ORIENTED_EDGE('',*,*,#2953,.F.);
#4616 = ORIENTED_EDGE('',*,*,#4617,.T.);
#4617 = EDGE_CURVE('',#2946,#1417,#4618,.T.);
#4618 = LINE('',#4619,#4620);
#4619 = CARTESIAN_POINT('',(81.478202819824,8.612290382385,0.));
#4620 = VECTOR('',#4621,1.);
#4621 = DIRECTION('',(0.,0.,1.));
#4622 = ORIENTED_EDGE('',*,*,#1416,.F.);
#4623 = PLANE('',#4624);
#4624 = AXIS2_PLACEMENT_3D('',#4625,#4626,#4627);
#4625 = CARTESIAN_POINT('',(81.304801940918,8.871829986572,1.5));
#4626 = DIRECTION('',(-0.831496161798,-0.555530496837,-0.));
#4627 = DIRECTION('',(0.555530496837,-0.831496161798,0.));
#4628 = ADVANCED_FACE('',(#4629),#4640,.T.);
#4629 = FACE_BOUND('',#4630,.T.);
#4630 = EDGE_LOOP('',(#4631,#4632,#4633,#4639));
#4631 = ORIENTED_EDGE('',*,*,#4617,.F.);
#4632 = ORIENTED_EDGE('',*,*,#2945,.F.);
#4633 = ORIENTED_EDGE('',*,*,#4634,.T.);
#4634 = EDGE_CURVE('',#2938,#1425,#4635,.T.);
#4635 = LINE('',#4636,#4637);
#4636 = CARTESIAN_POINT('',(81.599998474121,8.,0.));
#4637 = VECTOR('',#4638,1.);
#4638 = DIRECTION('',(0.,0.,1.));
#4639 = ORIENTED_EDGE('',*,*,#1424,.F.);
#4640 = PLANE('',#4641);
#4641 = AXIS2_PLACEMENT_3D('',#4642,#4643,#4644);
#4642 = CARTESIAN_POINT('',(81.539100646973,8.306145191193,1.5));
#4643 = DIRECTION('',(-0.980784200045,-0.195095753265,-0.));
#4644 = DIRECTION('',(0.195095753265,-0.980784200045,0.));
#4645 = ADVANCED_FACE('',(#4646),#4657,.T.);
#4646 = FACE_BOUND('',#4647,.T.);
#4647 = EDGE_LOOP('',(#4648,#4649,#4655,#4656));
#4648 = ORIENTED_EDGE('',*,*,#1408,.F.);
#4649 = ORIENTED_EDGE('',*,*,#4650,.T.);
#4650 = EDGE_CURVE('',#1401,#2962,#4651,.T.);
#4651 = LINE('',#4652,#4653);
#4652 = CARTESIAN_POINT('',(80.612297058105,9.478210449219,3.));
#4653 = VECTOR('',#4654,1.);
#4654 = DIRECTION('',(0.,0.,-1.));
#4655 = ORIENTED_EDGE('',*,*,#2961,.F.);
#4656 = ORIENTED_EDGE('',*,*,#4610,.F.);
#4657 = PLANE('',#4658);
#4658 = AXIS2_PLACEMENT_3D('',#4659,#4660,#4661);
#4659 = CARTESIAN_POINT('',(80.871849060059,9.304790019989,1.5));
#4660 = DIRECTION('',(-0.555555452065,-0.831479488431,-0.));
#4661 = DIRECTION('',(-0.831479488431,0.555555452065,0.));
#4662 = ADVANCED_FACE('',(#4663),#4679,.T.);
#4663 = FACE_BOUND('',#4664,.T.);
#4664 = EDGE_LOOP('',(#4665,#4671,#4672,#4678));
#4665 = ORIENTED_EDGE('',*,*,#4666,.T.);
#4666 = EDGE_CURVE('',#1433,#2930,#4667,.T.);
#4667 = LINE('',#4668,#4669);
#4668 = CARTESIAN_POINT('',(81.478202819824,7.387710094452,3.));
#4669 = VECTOR('',#4670,1.);
#4670 = DIRECTION('',(0.,0.,-1.));
#4671 = ORIENTED_EDGE('',*,*,#2929,.F.);
#4672 = ORIENTED_EDGE('',*,*,#4673,.T.);
#4673 = EDGE_CURVE('',#2922,#1441,#4674,.T.);
#4674 = LINE('',#4675,#4676);
#4675 = CARTESIAN_POINT('',(81.131401062012,6.868629932404,0.));
#4676 = VECTOR('',#4677,1.);
#4677 = DIRECTION('',(0.,0.,1.));
#4678 = ORIENTED_EDGE('',*,*,#1440,.F.);
#4679 = PLANE('',#4680);
#4680 = AXIS2_PLACEMENT_3D('',#4681,#4682,#4683);
#4681 = CARTESIAN_POINT('',(81.304801940918,7.128170013428,1.5));
#4682 = DIRECTION('',(-0.831496633254,0.555529791179,-0.));
#4683 = DIRECTION('',(-0.555529791179,-0.831496633254,0.));
#4684 = ADVANCED_FACE('',(#4685),#4701,.T.);
#4685 = FACE_BOUND('',#4686,.T.);
#4686 = EDGE_LOOP('',(#4687,#4688,#4694,#4695));
#4687 = ORIENTED_EDGE('',*,*,#1392,.F.);
#4688 = ORIENTED_EDGE('',*,*,#4689,.T.);
#4689 = EDGE_CURVE('',#1385,#2978,#4690,.T.);
#4690 = LINE('',#4691,#4692);
#4691 = CARTESIAN_POINT('',(79.387702941895,9.478210449219,3.));
#4692 = VECTOR('',#4693,1.);
#4693 = DIRECTION('',(0.,0.,-1.));
#4694 = ORIENTED_EDGE('',*,*,#2977,.F.);
#4695 = ORIENTED_EDGE('',*,*,#4696,.T.);
#4696 = EDGE_CURVE('',#2970,#1393,#4697,.T.);
#4697 = LINE('',#4698,#4699);
#4698 = CARTESIAN_POINT('',(80.,9.60000038147,0.));
#4699 = VECTOR('',#4700,1.);
#4700 = DIRECTION('',(0.,0.,1.));
#4701 = PLANE('',#4702);
#4702 = AXIS2_PLACEMENT_3D('',#4703,#4704,#4705);
#4703 = CARTESIAN_POINT('',(79.693851470947,9.539105415344,1.5));
#4704 = DIRECTION('',(0.195084890341,-0.980786360815,-0.));
#4705 = DIRECTION('',(-0.980786360815,-0.195084890341,0.));
#4706 = ADVANCED_FACE('',(#4707),#4723,.T.);
#4707 = FACE_BOUND('',#4708,.T.);
#4708 = EDGE_LOOP('',(#4709,#4715,#4716,#4722));
#4709 = ORIENTED_EDGE('',*,*,#4710,.T.);
#4710 = EDGE_CURVE('',#2986,#1377,#4711,.T.);
#4711 = LINE('',#4712,#4713);
#4712 = CARTESIAN_POINT('',(78.868598937988,9.131369590759,0.));
#4713 = VECTOR('',#4714,1.);
#4714 = DIRECTION('',(0.,0.,1.));
#4715 = ORIENTED_EDGE('',*,*,#1376,.F.);
#4716 = ORIENTED_EDGE('',*,*,#4717,.T.);
#4717 = EDGE_CURVE('',#1369,#2994,#4718,.T.);
#4718 = LINE('',#4719,#4720);
#4719 = CARTESIAN_POINT('',(78.521797180176,8.612290382385,3.));
#4720 = VECTOR('',#4721,1.);
#4721 = DIRECTION('',(0.,0.,-1.));
#4722 = ORIENTED_EDGE('',*,*,#2993,.F.);
#4723 = PLANE('',#4724);
#4724 = AXIS2_PLACEMENT_3D('',#4725,#4726,#4727);
#4725 = CARTESIAN_POINT('',(78.695198059082,8.871829986572,1.5));
#4726 = DIRECTION('',(0.831496161798,-0.555530496837,0.));
#4727 = DIRECTION('',(0.555530496837,0.831496161798,0.));
#4728 = ADVANCED_FACE('',(#4729),#4740,.T.);
#4729 = FACE_BOUND('',#4730,.T.);
#4730 = EDGE_LOOP('',(#4731,#4732,#4733,#4739));
#4731 = ORIENTED_EDGE('',*,*,#4717,.F.);
#4732 = ORIENTED_EDGE('',*,*,#1368,.F.);
#4733 = ORIENTED_EDGE('',*,*,#4734,.T.);
#4734 = EDGE_CURVE('',#1361,#2880,#4735,.T.);
#4735 = LINE('',#4736,#4737);
#4736 = CARTESIAN_POINT('',(78.400001525879,8.,3.));
#4737 = VECTOR('',#4738,1.);
#4738 = DIRECTION('',(0.,0.,-1.));
#4739 = ORIENTED_EDGE('',*,*,#3001,.F.);
#4740 = PLANE('',#4741);
#4741 = AXIS2_PLACEMENT_3D('',#4742,#4743,#4744);
#4742 = CARTESIAN_POINT('',(78.460899353027,8.306145191193,1.5));
#4743 = DIRECTION('',(0.980784200045,-0.195095753265,0.));
#4744 = DIRECTION('',(0.195095753265,0.980784200045,0.));
#4745 = ADVANCED_FACE('',(#4746),#4762,.T.);
#4746 = FACE_BOUND('',#4747,.T.);
#4747 = EDGE_LOOP('',(#4748,#4749,#4755,#4756));
#4748 = ORIENTED_EDGE('',*,*,#1456,.F.);
#4749 = ORIENTED_EDGE('',*,*,#4750,.T.);
#4750 = EDGE_CURVE('',#1449,#2914,#4751,.T.);
#4751 = LINE('',#4752,#4753);
#4752 = CARTESIAN_POINT('',(80.612297058105,6.521790027618,3.));
#4753 = VECTOR('',#4754,1.);
#4754 = DIRECTION('',(0.,0.,-1.));
#4755 = ORIENTED_EDGE('',*,*,#2913,.F.);
#4756 = ORIENTED_EDGE('',*,*,#4757,.T.);
#4757 = EDGE_CURVE('',#2906,#1457,#4758,.T.);
#4758 = LINE('',#4759,#4760);
#4759 = CARTESIAN_POINT('',(80.,6.400000095367,0.));
#4760 = VECTOR('',#4761,1.);
#4761 = DIRECTION('',(0.,0.,1.));
#4762 = PLANE('',#4763);
#4763 = AXIS2_PLACEMENT_3D('',#4764,#4765,#4766);
#4764 = CARTESIAN_POINT('',(80.306148529053,6.460895061493,1.5));
#4765 = DIRECTION('',(-0.195084890341,0.980786360815,0.));
#4766 = DIRECTION('',(0.980786360815,0.195084890341,0.));
#4767 = ADVANCED_FACE('',(#4768),#4779,.T.);
#4768 = FACE_BOUND('',#4769,.T.);
#4769 = EDGE_LOOP('',(#4770,#4771,#4772,#4773));
#4770 = ORIENTED_EDGE('',*,*,#1464,.F.);
#4771 = ORIENTED_EDGE('',*,*,#4757,.F.);
#4772 = ORIENTED_EDGE('',*,*,#2905,.F.);
#4773 = ORIENTED_EDGE('',*,*,#4774,.T.);
#4774 = EDGE_CURVE('',#2898,#1343,#4775,.T.);
#4775 = LINE('',#4776,#4777);
#4776 = CARTESIAN_POINT('',(79.387702941895,6.521790027618,0.));
#4777 = VECTOR('',#4778,1.);
#4778 = DIRECTION('',(0.,0.,1.));
#4779 = PLANE('',#4780);
#4780 = AXIS2_PLACEMENT_3D('',#4781,#4782,#4783);
#4781 = CARTESIAN_POINT('',(79.693851470947,6.460895061493,1.5));
#4782 = DIRECTION('',(0.195084890341,0.980786360815,0.));
#4783 = DIRECTION('',(0.980786360815,-0.195084890341,0.));
#4784 = ADVANCED_FACE('',(#4785),#4796,.T.);
#4785 = FACE_BOUND('',#4786,.T.);
#4786 = EDGE_LOOP('',(#4787,#4788,#4789,#4795));
#4787 = ORIENTED_EDGE('',*,*,#4734,.F.);
#4788 = ORIENTED_EDGE('',*,*,#1360,.F.);
#4789 = ORIENTED_EDGE('',*,*,#4790,.T.);
#4790 = EDGE_CURVE('',#1353,#2882,#4791,.T.);
#4791 = LINE('',#4792,#4793);
#4792 = CARTESIAN_POINT('',(78.521797180176,7.387710094452,3.));
#4793 = VECTOR('',#4794,1.);
#4794 = DIRECTION('',(0.,0.,-1.));
#4795 = ORIENTED_EDGE('',*,*,#2879,.F.);
#4796 = PLANE('',#4797);
#4797 = AXIS2_PLACEMENT_3D('',#4798,#4799,#4800);
#4798 = CARTESIAN_POINT('',(78.460899353027,7.693855047226,1.5));
#4799 = DIRECTION('',(0.980784170972,0.195095899418,0.));
#4800 = DIRECTION('',(-0.195095899418,0.980784170972,0.));
#4801 = ADVANCED_FACE('',(#4802),#4808,.T.);
#4802 = FACE_BOUND('',#4803,.T.);
#4803 = EDGE_LOOP('',(#4804,#4805,#4806,#4807));
#4804 = ORIENTED_EDGE('',*,*,#1400,.F.);
#4805 = ORIENTED_EDGE('',*,*,#4696,.F.);
#4806 = ORIENTED_EDGE('',*,*,#2969,.F.);
#4807 = ORIENTED_EDGE('',*,*,#4650,.F.);
#4808 = PLANE('',#4809);
#4809 = AXIS2_PLACEMENT_3D('',#4810,#4811,#4812);
#4810 = CARTESIAN_POINT('',(80.306148529053,9.539105415344,1.5));
#4811 = DIRECTION('',(-0.195084890341,-0.980786360815,-0.));
#4812 = DIRECTION('',(-0.980786360815,0.195084890341,0.));
#4813 = ADVANCED_FACE('',(#4814),#4820,.T.);
#4814 = FACE_BOUND('',#4815,.T.);
#4815 = EDGE_LOOP('',(#4816,#4817,#4818,#4819));
#4816 = ORIENTED_EDGE('',*,*,#4634,.F.);
#4817 = ORIENTED_EDGE('',*,*,#2937,.F.);
#4818 = ORIENTED_EDGE('',*,*,#4666,.F.);
#4819 = ORIENTED_EDGE('',*,*,#1432,.F.);
#4820 = PLANE('',#4821);
#4821 = AXIS2_PLACEMENT_3D('',#4822,#4823,#4824);
#4822 = CARTESIAN_POINT('',(81.539100646973,7.693855047226,1.5));
#4823 = DIRECTION('',(-0.980784170972,0.195095899418,-0.));
#4824 = DIRECTION('',(-0.195095899418,-0.980784170972,0.));
#4825 = ADVANCED_FACE('',(#4826),#4832,.T.);
#4826 = FACE_BOUND('',#4827,.T.);
#4827 = EDGE_LOOP('',(#4828,#4829,#4830,#4831));
#4828 = ORIENTED_EDGE('',*,*,#1448,.F.);
#4829 = ORIENTED_EDGE('',*,*,#4673,.F.);
#4830 = ORIENTED_EDGE('',*,*,#2921,.F.);
#4831 = ORIENTED_EDGE('',*,*,#4750,.F.);
#4832 = PLANE('',#4833);
#4833 = AXIS2_PLACEMENT_3D('',#4834,#4835,#4836);
#4834 = CARTESIAN_POINT('',(80.871849060059,6.695209980011,1.5));
#4835 = DIRECTION('',(-0.555554395975,0.831480194059,0.));
#4836 = DIRECTION('',(0.831480194059,0.555554395975,0.));
#4837 = ADVANCED_FACE('',(#4838),#4849,.T.);
#4838 = FACE_BOUND('',#4839,.T.);
#4839 = EDGE_LOOP('',(#4840,#4841,#4842,#4848));
#4840 = ORIENTED_EDGE('',*,*,#4790,.F.);
#4841 = ORIENTED_EDGE('',*,*,#1352,.F.);
#4842 = ORIENTED_EDGE('',*,*,#4843,.T.);
#4843 = EDGE_CURVE('',#1345,#2890,#4844,.T.);
#4844 = LINE('',#4845,#4846);
#4845 = CARTESIAN_POINT('',(78.868598937988,6.868629932404,3.));
#4846 = VECTOR('',#4847,1.);
#4847 = DIRECTION('',(0.,0.,-1.));
#4848 = ORIENTED_EDGE('',*,*,#2889,.F.);
#4849 = PLANE('',#4850);
#4850 = AXIS2_PLACEMENT_3D('',#4851,#4852,#4853);
#4851 = CARTESIAN_POINT('',(78.695198059082,7.128170013428,1.5));
#4852 = DIRECTION('',(0.831496633254,0.555529791179,0.));
#4853 = DIRECTION('',(-0.555529791179,0.831496633254,0.));
#4854 = ADVANCED_FACE('',(#4855),#4861,.T.);
#4855 = FACE_BOUND('',#4856,.T.);
#4856 = EDGE_LOOP('',(#4857,#4858,#4859,#4860));
#4857 = ORIENTED_EDGE('',*,*,#1384,.F.);
#4858 = ORIENTED_EDGE('',*,*,#4710,.F.);
#4859 = ORIENTED_EDGE('',*,*,#2985,.F.);
#4860 = ORIENTED_EDGE('',*,*,#4689,.F.);
#4861 = PLANE('',#4862);
#4862 = AXIS2_PLACEMENT_3D('',#4863,#4864,#4865);
#4863 = CARTESIAN_POINT('',(79.128150939941,9.304790019989,1.5));
#4864 = DIRECTION('',(0.555555452065,-0.831479488431,-0.));
#4865 = DIRECTION('',(-0.831479488431,-0.555555452065,0.));
#4866 = ADVANCED_FACE('',(#4867),#4873,.T.);
#4867 = FACE_BOUND('',#4868,.T.);
#4868 = EDGE_LOOP('',(#4869,#4870,#4871,#4872));
#4869 = ORIENTED_EDGE('',*,*,#1342,.F.);
#4870 = ORIENTED_EDGE('',*,*,#4774,.F.);
#4871 = ORIENTED_EDGE('',*,*,#2897,.F.);
#4872 = ORIENTED_EDGE('',*,*,#4843,.F.);
#4873 = PLANE('',#4874);
#4874 = AXIS2_PLACEMENT_3D('',#4875,#4876,#4877);
#4875 = CARTESIAN_POINT('',(79.128150939941,6.695209980011,1.5));
#4876 = DIRECTION('',(0.555554395975,0.831480194059,0.));
#4877 = DIRECTION('',(0.831480194059,-0.555554395975,0.));
#4878 = ADVANCED_FACE('',(#4879),#4895,.T.);
#4879 = FACE_BOUND('',#4880,.T.);
#4880 = EDGE_LOOP('',(#4881,#4887,#4888,#4894));
#4881 = ORIENTED_EDGE('',*,*,#4882,.T.);
#4882 = EDGE_CURVE('',#1579,#3036,#4883,.T.);
#4883 = LINE('',#4884,#4885);
#4884 = CARTESIAN_POINT('',(81.131401062012,73.131401062012,3.));
#4885 = VECTOR('',#4886,1.);
#4886 = DIRECTION('',(0.,0.,-1.));
#4887 = ORIENTED_EDGE('',*,*,#3035,.F.);
#4888 = ORIENTED_EDGE('',*,*,#4889,.T.);
#4889 = EDGE_CURVE('',#3028,#1587,#4890,.T.);
#4890 = LINE('',#4891,#4892);
#4891 = CARTESIAN_POINT('',(81.478202819824,72.612297058105,0.));
#4892 = VECTOR('',#4893,1.);
#4893 = DIRECTION('',(0.,0.,1.));
#4894 = ORIENTED_EDGE('',*,*,#1586,.F.);
#4895 = PLANE('',#4896);
#4896 = AXIS2_PLACEMENT_3D('',#4897,#4898,#4899);
#4897 = CARTESIAN_POINT('',(81.304801940918,72.871849060059,1.5));
#4898 = DIRECTION('',(-0.831508419084,-0.555512150175,-0.));
#4899 = DIRECTION('',(0.555512150175,-0.831508419084,0.));
#4900 = ADVANCED_FACE('',(#4901),#4912,.T.);
#4901 = FACE_BOUND('',#4902,.T.);
#4902 = EDGE_LOOP('',(#4903,#4904,#4905,#4911));
#4903 = ORIENTED_EDGE('',*,*,#4889,.F.);
#4904 = ORIENTED_EDGE('',*,*,#3027,.F.);
#4905 = ORIENTED_EDGE('',*,*,#4906,.T.);
#4906 = EDGE_CURVE('',#3020,#1473,#4907,.T.);
#4907 = LINE('',#4908,#4909);
#4908 = CARTESIAN_POINT('',(81.599998474121,72.,0.));
#4909 = VECTOR('',#4910,1.);
#4910 = DIRECTION('',(0.,0.,1.));
#4911 = ORIENTED_EDGE('',*,*,#1594,.F.);
#4912 = PLANE('',#4913);
#4913 = AXIS2_PLACEMENT_3D('',#4914,#4915,#4916);
#4914 = CARTESIAN_POINT('',(81.539100646973,72.306148529053,1.5));
#4915 = DIRECTION('',(-0.980784607053,-0.195093707146,-0.));
#4916 = DIRECTION('',(0.195093707146,-0.980784607053,0.));
#4917 = ADVANCED_FACE('',(#4918),#4929,.T.);
#4918 = FACE_BOUND('',#4919,.T.);
#4919 = EDGE_LOOP('',(#4920,#4921,#4927,#4928));
#4920 = ORIENTED_EDGE('',*,*,#1578,.F.);
#4921 = ORIENTED_EDGE('',*,*,#4922,.T.);
#4922 = EDGE_CURVE('',#1571,#3044,#4923,.T.);
#4923 = LINE('',#4924,#4925);
#4924 = CARTESIAN_POINT('',(80.612297058105,73.478202819824,3.));
#4925 = VECTOR('',#4926,1.);
#4926 = DIRECTION('',(0.,0.,-1.));
#4927 = ORIENTED_EDGE('',*,*,#3043,.F.);
#4928 = ORIENTED_EDGE('',*,*,#4882,.F.);
#4929 = PLANE('',#4930);
#4930 = AXIS2_PLACEMENT_3D('',#4931,#4932,#4933);
#4931 = CARTESIAN_POINT('',(80.871849060059,73.304801940918,1.5));
#4932 = DIRECTION('',(-0.555512150175,-0.831508419084,-0.));
#4933 = DIRECTION('',(-0.831508419084,0.555512150175,0.));
#4934 = ADVANCED_FACE('',(#4935),#4951,.T.);
#4935 = FACE_BOUND('',#4936,.T.);
#4936 = EDGE_LOOP('',(#4937,#4943,#4944,#4950));
#4937 = ORIENTED_EDGE('',*,*,#4938,.T.);
#4938 = EDGE_CURVE('',#1475,#3012,#4939,.T.);
#4939 = LINE('',#4940,#4941);
#4940 = CARTESIAN_POINT('',(81.478202819824,71.387702941895,3.));
#4941 = VECTOR('',#4942,1.);
#4942 = DIRECTION('',(0.,0.,-1.));
#4943 = ORIENTED_EDGE('',*,*,#3009,.F.);
#4944 = ORIENTED_EDGE('',*,*,#4945,.T.);
#4945 = EDGE_CURVE('',#3010,#1483,#4946,.T.);
#4946 = LINE('',#4947,#4948);
#4947 = CARTESIAN_POINT('',(81.131401062012,70.868598937988,0.));
#4948 = VECTOR('',#4949,1.);
#4949 = DIRECTION('',(0.,0.,1.));
#4950 = ORIENTED_EDGE('',*,*,#1482,.F.);
#4951 = PLANE('',#4952);
#4952 = AXIS2_PLACEMENT_3D('',#4953,#4954,#4955);
#4953 = CARTESIAN_POINT('',(81.304801940918,71.128150939941,1.5));
#4954 = DIRECTION('',(-0.831508419084,0.555512150175,-0.));
#4955 = DIRECTION('',(-0.555512150175,-0.831508419084,0.));
#4956 = ADVANCED_FACE('',(#4957),#4973,.T.);
#4957 = FACE_BOUND('',#4958,.T.);
#4958 = EDGE_LOOP('',(#4959,#4960,#4966,#4967));
#4959 = ORIENTED_EDGE('',*,*,#1562,.F.);
#4960 = ORIENTED_EDGE('',*,*,#4961,.T.);
#4961 = EDGE_CURVE('',#1555,#3060,#4962,.T.);
#4962 = LINE('',#4963,#4964);
#4963 = CARTESIAN_POINT('',(79.387702941895,73.478202819824,3.));
#4964 = VECTOR('',#4965,1.);
#4965 = DIRECTION('',(0.,0.,-1.));
#4966 = ORIENTED_EDGE('',*,*,#3059,.F.);
#4967 = ORIENTED_EDGE('',*,*,#4968,.T.);
#4968 = EDGE_CURVE('',#3052,#1563,#4969,.T.);
#4969 = LINE('',#4970,#4971);
#4970 = CARTESIAN_POINT('',(80.,73.599998474121,0.));
#4971 = VECTOR('',#4972,1.);
#4972 = DIRECTION('',(0.,0.,1.));
#4973 = PLANE('',#4974);
#4974 = AXIS2_PLACEMENT_3D('',#4975,#4976,#4977);
#4975 = CARTESIAN_POINT('',(79.693851470947,73.539100646973,1.5));
#4976 = DIRECTION('',(0.195093707146,-0.980784607053,-0.));
#4977 = DIRECTION('',(-0.980784607053,-0.195093707146,0.));
#4978 = ADVANCED_FACE('',(#4979),#4995,.T.);
#4979 = FACE_BOUND('',#4980,.T.);
#4980 = EDGE_LOOP('',(#4981,#4987,#4988,#4994));
#4981 = ORIENTED_EDGE('',*,*,#4982,.T.);
#4982 = EDGE_CURVE('',#3068,#1547,#4983,.T.);
#4983 = LINE('',#4984,#4985);
#4984 = CARTESIAN_POINT('',(78.868598937988,73.131401062012,0.));
#4985 = VECTOR('',#4986,1.);
#4986 = DIRECTION('',(0.,0.,1.));
#4987 = ORIENTED_EDGE('',*,*,#1546,.F.);
#4988 = ORIENTED_EDGE('',*,*,#4989,.T.);
#4989 = EDGE_CURVE('',#1539,#3076,#4990,.T.);
#4990 = LINE('',#4991,#4992);
#4991 = CARTESIAN_POINT('',(78.521797180176,72.612297058105,3.));
#4992 = VECTOR('',#4993,1.);
#4993 = DIRECTION('',(0.,0.,-1.));
#4994 = ORIENTED_EDGE('',*,*,#3075,.F.);
#4995 = PLANE('',#4996);
#4996 = AXIS2_PLACEMENT_3D('',#4997,#4998,#4999);
#4997 = CARTESIAN_POINT('',(78.695198059082,72.871849060059,1.5));
#4998 = DIRECTION('',(0.831508419084,-0.555512150175,0.));
#4999 = DIRECTION('',(0.555512150175,0.831508419084,0.));
#5000 = ADVANCED_FACE('',(#5001),#5012,.T.);
#5001 = FACE_BOUND('',#5002,.T.);
#5002 = EDGE_LOOP('',(#5003,#5004,#5005,#5011));
#5003 = ORIENTED_EDGE('',*,*,#4989,.F.);
#5004 = ORIENTED_EDGE('',*,*,#1538,.F.);
#5005 = ORIENTED_EDGE('',*,*,#5006,.T.);
#5006 = EDGE_CURVE('',#1531,#3084,#5007,.T.);
#5007 = LINE('',#5008,#5009);
#5008 = CARTESIAN_POINT('',(78.400001525879,72.,3.));
#5009 = VECTOR('',#5010,1.);
#5010 = DIRECTION('',(0.,0.,-1.));
#5011 = ORIENTED_EDGE('',*,*,#3083,.F.);
#5012 = PLANE('',#5013);
#5013 = AXIS2_PLACEMENT_3D('',#5014,#5015,#5016);
#5014 = CARTESIAN_POINT('',(78.460899353027,72.306148529053,1.5));
#5015 = DIRECTION('',(0.980784607053,-0.195093707146,0.));
#5016 = DIRECTION('',(0.195093707146,0.980784607053,0.));
#5017 = ADVANCED_FACE('',(#5018),#5034,.T.);
#5018 = FACE_BOUND('',#5019,.T.);
#5019 = EDGE_LOOP('',(#5020,#5021,#5027,#5028));
#5020 = ORIENTED_EDGE('',*,*,#1498,.F.);
#5021 = ORIENTED_EDGE('',*,*,#5022,.T.);
#5022 = EDGE_CURVE('',#1491,#3124,#5023,.T.);
#5023 = LINE('',#5024,#5025);
#5024 = CARTESIAN_POINT('',(80.612297058105,70.521797180176,3.));
#5025 = VECTOR('',#5026,1.);
#5026 = DIRECTION('',(0.,0.,-1.));
#5027 = ORIENTED_EDGE('',*,*,#3123,.F.);
#5028 = ORIENTED_EDGE('',*,*,#5029,.T.);
#5029 = EDGE_CURVE('',#3116,#1499,#5030,.T.);
#5030 = LINE('',#5031,#5032);
#5031 = CARTESIAN_POINT('',(80.,70.400001525879,0.));
#5032 = VECTOR('',#5033,1.);
#5033 = DIRECTION('',(0.,0.,1.));
#5034 = PLANE('',#5035);
#5035 = AXIS2_PLACEMENT_3D('',#5036,#5037,#5038);
#5036 = CARTESIAN_POINT('',(80.306148529053,70.460899353027,1.5));
#5037 = DIRECTION('',(-0.195093707146,0.980784607053,0.));
#5038 = DIRECTION('',(0.980784607053,0.195093707146,0.));
#5039 = ADVANCED_FACE('',(#5040),#5051,.T.);
#5040 = FACE_BOUND('',#5041,.T.);
#5041 = EDGE_LOOP('',(#5042,#5043,#5044,#5045));
#5042 = ORIENTED_EDGE('',*,*,#1506,.F.);
#5043 = ORIENTED_EDGE('',*,*,#5029,.F.);
#5044 = ORIENTED_EDGE('',*,*,#3115,.F.);
#5045 = ORIENTED_EDGE('',*,*,#5046,.T.);
#5046 = EDGE_CURVE('',#3108,#1507,#5047,.T.);
#5047 = LINE('',#5048,#5049);
#5048 = CARTESIAN_POINT('',(79.387702941895,70.521797180176,0.));
#5049 = VECTOR('',#5050,1.);
#5050 = DIRECTION('',(0.,0.,1.));
#5051 = PLANE('',#5052);
#5052 = AXIS2_PLACEMENT_3D('',#5053,#5054,#5055);
#5053 = CARTESIAN_POINT('',(79.693851470947,70.460899353027,1.5));
#5054 = DIRECTION('',(0.195093707146,0.980784607053,0.));
#5055 = DIRECTION('',(0.980784607053,-0.195093707146,0.));
#5056 = ADVANCED_FACE('',(#5057),#5068,.T.);
#5057 = FACE_BOUND('',#5058,.T.);
#5058 = EDGE_LOOP('',(#5059,#5060,#5061,#5067));
#5059 = ORIENTED_EDGE('',*,*,#5006,.F.);
#5060 = ORIENTED_EDGE('',*,*,#1530,.F.);
#5061 = ORIENTED_EDGE('',*,*,#5062,.T.);
#5062 = EDGE_CURVE('',#1523,#3092,#5063,.T.);
#5063 = LINE('',#5064,#5065);
#5064 = CARTESIAN_POINT('',(78.521797180176,71.387702941895,3.));
#5065 = VECTOR('',#5066,1.);
#5066 = DIRECTION('',(0.,0.,-1.));
#5067 = ORIENTED_EDGE('',*,*,#3091,.F.);
#5068 = PLANE('',#5069);
#5069 = AXIS2_PLACEMENT_3D('',#5070,#5071,#5072);
#5070 = CARTESIAN_POINT('',(78.460899353027,71.693851470947,1.5));
#5071 = DIRECTION('',(0.980784607053,0.195093707146,0.));
#5072 = DIRECTION('',(-0.195093707146,0.980784607053,0.));
#5073 = ADVANCED_FACE('',(#5074),#5080,.T.);
#5074 = FACE_BOUND('',#5075,.T.);
#5075 = EDGE_LOOP('',(#5076,#5077,#5078,#5079));
#5076 = ORIENTED_EDGE('',*,*,#1570,.F.);
#5077 = ORIENTED_EDGE('',*,*,#4968,.F.);
#5078 = ORIENTED_EDGE('',*,*,#3051,.F.);
#5079 = ORIENTED_EDGE('',*,*,#4922,.F.);
#5080 = PLANE('',#5081);
#5081 = AXIS2_PLACEMENT_3D('',#5082,#5083,#5084);
#5082 = CARTESIAN_POINT('',(80.306148529053,73.539100646973,1.5));
#5083 = DIRECTION('',(-0.195093707146,-0.980784607053,-0.));
#5084 = DIRECTION('',(-0.980784607053,0.195093707146,0.));
#5085 = ADVANCED_FACE('',(#5086),#5092,.T.);
#5086 = FACE_BOUND('',#5087,.T.);
#5087 = EDGE_LOOP('',(#5088,#5089,#5090,#5091));
#5088 = ORIENTED_EDGE('',*,*,#4906,.F.);
#5089 = ORIENTED_EDGE('',*,*,#3019,.F.);
#5090 = ORIENTED_EDGE('',*,*,#4938,.F.);
#5091 = ORIENTED_EDGE('',*,*,#1472,.F.);
#5092 = PLANE('',#5093);
#5093 = AXIS2_PLACEMENT_3D('',#5094,#5095,#5096);
#5094 = CARTESIAN_POINT('',(81.539100646973,71.693851470947,1.5));
#5095 = DIRECTION('',(-0.980784607053,0.195093707146,-0.));
#5096 = DIRECTION('',(-0.195093707146,-0.980784607053,0.));
#5097 = ADVANCED_FACE('',(#5098),#5104,.T.);
#5098 = FACE_BOUND('',#5099,.T.);
#5099 = EDGE_LOOP('',(#5100,#5101,#5102,#5103));
#5100 = ORIENTED_EDGE('',*,*,#1490,.F.);
#5101 = ORIENTED_EDGE('',*,*,#4945,.F.);
#5102 = ORIENTED_EDGE('',*,*,#3131,.F.);
#5103 = ORIENTED_EDGE('',*,*,#5022,.F.);
#5104 = PLANE('',#5105);
#5105 = AXIS2_PLACEMENT_3D('',#5106,#5107,#5108);
#5106 = CARTESIAN_POINT('',(80.871849060059,70.695198059082,1.5));
#5107 = DIRECTION('',(-0.555512150175,0.831508419084,0.));
#5108 = DIRECTION('',(0.831508419084,0.555512150175,0.));
#5109 = ADVANCED_FACE('',(#5110),#5121,.T.);
#5110 = FACE_BOUND('',#5111,.T.);
#5111 = EDGE_LOOP('',(#5112,#5113,#5114,#5120));
#5112 = ORIENTED_EDGE('',*,*,#5062,.F.);
#5113 = ORIENTED_EDGE('',*,*,#1522,.F.);
#5114 = ORIENTED_EDGE('',*,*,#5115,.T.);
#5115 = EDGE_CURVE('',#1515,#3100,#5116,.T.);
#5116 = LINE('',#5117,#5118);
#5117 = CARTESIAN_POINT('',(78.868598937988,70.868598937988,3.));
#5118 = VECTOR('',#5119,1.);
#5119 = DIRECTION('',(0.,0.,-1.));
#5120 = ORIENTED_EDGE('',*,*,#3099,.F.);
#5121 = PLANE('',#5122);
#5122 = AXIS2_PLACEMENT_3D('',#5123,#5124,#5125);
#5123 = CARTESIAN_POINT('',(78.695198059082,71.128150939941,1.5));
#5124 = DIRECTION('',(0.831508419084,0.555512150175,0.));
#5125 = DIRECTION('',(-0.555512150175,0.831508419084,0.));
#5126 = ADVANCED_FACE('',(#5127),#5133,.T.);
#5127 = FACE_BOUND('',#5128,.T.);
#5128 = EDGE_LOOP('',(#5129,#5130,#5131,#5132));
#5129 = ORIENTED_EDGE('',*,*,#1554,.F.);
#5130 = ORIENTED_EDGE('',*,*,#4982,.F.);
#5131 = ORIENTED_EDGE('',*,*,#3067,.F.);
#5132 = ORIENTED_EDGE('',*,*,#4961,.F.);
#5133 = PLANE('',#5134);
#5134 = AXIS2_PLACEMENT_3D('',#5135,#5136,#5137);
#5135 = CARTESIAN_POINT('',(79.128150939941,73.304801940918,1.5));
#5136 = DIRECTION('',(0.555512150175,-0.831508419084,-0.));
#5137 = DIRECTION('',(-0.831508419084,-0.555512150175,0.));
#5138 = ADVANCED_FACE('',(#5139),#5145,.T.);
#5139 = FACE_BOUND('',#5140,.T.);
#5140 = EDGE_LOOP('',(#5141,#5142,#5143,#5144));
#5141 = ORIENTED_EDGE('',*,*,#1514,.F.);
#5142 = ORIENTED_EDGE('',*,*,#5046,.F.);
#5143 = ORIENTED_EDGE('',*,*,#3107,.F.);
#5144 = ORIENTED_EDGE('',*,*,#5115,.F.);
#5145 = PLANE('',#5146);
#5146 = AXIS2_PLACEMENT_3D('',#5147,#5148,#5149);
#5147 = CARTESIAN_POINT('',(79.128150939941,70.695198059082,1.5));
#5148 = DIRECTION('',(0.555512150175,0.831508419084,0.));
#5149 = DIRECTION('',(0.831508419084,-0.555512150175,0.));
#5150 = ADVANCED_FACE('',(#5151),#5167,.T.);
#5151 = FACE_BOUND('',#5152,.T.);
#5152 = EDGE_LOOP('',(#5153,#5159,#5160,#5166));
#5153 = ORIENTED_EDGE('',*,*,#5154,.T.);
#5154 = EDGE_CURVE('',#905,#2474,#5155,.T.);
#5155 = LINE('',#5156,#5157);
#5156 = CARTESIAN_POINT('',(16.131399154663,16.131399154663,3.));
#5157 = VECTOR('',#5158,1.);
#5158 = DIRECTION('',(0.,0.,-1.));
#5159 = ORIENTED_EDGE('',*,*,#2473,.F.);
#5160 = ORIENTED_EDGE('',*,*,#5161,.T.);
#5161 = EDGE_CURVE('',#2466,#913,#5162,.T.);
#5162 = LINE('',#5163,#5164);
#5163 = CARTESIAN_POINT('',(16.478200912476,15.612299919128,0.));
#5164 = VECTOR('',#5165,1.);
#5165 = DIRECTION('',(0.,0.,1.));
#5166 = ORIENTED_EDGE('',*,*,#912,.F.);
#5167 = PLANE('',#5168);
#5168 = AXIS2_PLACEMENT_3D('',#5169,#5170,#5171);
#5169 = CARTESIAN_POINT('',(16.304800033569,15.871849536896,1.5));
#5170 = DIRECTION('',(-0.831506062008,-0.555515678306,-0.));
#5171 = DIRECTION('',(0.555515678306,-0.831506062008,0.));
#5172 = ADVANCED_FACE('',(#5173),#5184,.T.);
#5173 = FACE_BOUND('',#5174,.T.);
#5174 = EDGE_LOOP('',(#5175,#5176,#5177,#5183));
#5175 = ORIENTED_EDGE('',*,*,#5161,.F.);
#5176 = ORIENTED_EDGE('',*,*,#2465,.F.);
#5177 = ORIENTED_EDGE('',*,*,#5178,.T.);
#5178 = EDGE_CURVE('',#2458,#921,#5179,.T.);
#5179 = LINE('',#5180,#5181);
#5180 = CARTESIAN_POINT('',(16.60000038147,15.,0.));
#5181 = VECTOR('',#5182,1.);
#5182 = DIRECTION('',(0.,0.,1.));
#5183 = ORIENTED_EDGE('',*,*,#920,.F.);
#5184 = PLANE('',#5185);
#5185 = AXIS2_PLACEMENT_3D('',#5186,#5187,#5188);
#5186 = CARTESIAN_POINT('',(16.539100646973,15.306149959564,1.5));
#5187 = DIRECTION('',(-0.980783612276,-0.19509870807,-0.));
#5188 = DIRECTION('',(0.19509870807,-0.980783612276,0.));
#5189 = ADVANCED_FACE('',(#5190),#5201,.T.);
#5190 = FACE_BOUND('',#5191,.T.);
#5191 = EDGE_LOOP('',(#5192,#5193,#5199,#5200));
#5192 = ORIENTED_EDGE('',*,*,#904,.F.);
#5193 = ORIENTED_EDGE('',*,*,#5194,.T.);
#5194 = EDGE_CURVE('',#897,#2360,#5195,.T.);
#5195 = LINE('',#5196,#5197);
#5196 = CARTESIAN_POINT('',(15.612299919128,16.478200912476,3.));
#5197 = VECTOR('',#5198,1.);
#5198 = DIRECTION('',(0.,0.,-1.));
#5199 = ORIENTED_EDGE('',*,*,#2481,.F.);
#5200 = ORIENTED_EDGE('',*,*,#5154,.F.);
#5201 = PLANE('',#5202);
#5202 = AXIS2_PLACEMENT_3D('',#5203,#5204,#5205);
#5203 = CARTESIAN_POINT('',(15.871849536896,16.304800033569,1.5));
#5204 = DIRECTION('',(-0.555515678306,-0.831506062008,-0.));
#5205 = DIRECTION('',(-0.831506062008,0.555515678306,0.));
#5206 = ADVANCED_FACE('',(#5207),#5223,.T.);
#5207 = FACE_BOUND('',#5208,.T.);
#5208 = EDGE_LOOP('',(#5209,#5215,#5216,#5222));
#5209 = ORIENTED_EDGE('',*,*,#5210,.T.);
#5210 = EDGE_CURVE('',#929,#2450,#5211,.T.);
#5211 = LINE('',#5212,#5213);
#5212 = CARTESIAN_POINT('',(16.478200912476,14.387700080872,3.));
#5213 = VECTOR('',#5214,1.);
#5214 = DIRECTION('',(0.,0.,-1.));
#5215 = ORIENTED_EDGE('',*,*,#2449,.F.);
#5216 = ORIENTED_EDGE('',*,*,#5217,.T.);
#5217 = EDGE_CURVE('',#2442,#937,#5218,.T.);
#5218 = LINE('',#5219,#5220);
#5219 = CARTESIAN_POINT('',(16.131399154663,13.868599891663,0.));
#5220 = VECTOR('',#5221,1.);
#5221 = DIRECTION('',(0.,0.,1.));
#5222 = ORIENTED_EDGE('',*,*,#936,.F.);
#5223 = PLANE('',#5224);
#5224 = AXIS2_PLACEMENT_3D('',#5225,#5226,#5227);
#5225 = CARTESIAN_POINT('',(16.304800033569,14.128149986267,1.5));
#5226 = DIRECTION('',(-0.831506533427,0.555514972677,-0.));
#5227 = DIRECTION('',(-0.555514972677,-0.831506533427,0.));
#5228 = ADVANCED_FACE('',(#5229),#5245,.T.);
#5229 = FACE_BOUND('',#5230,.T.);
#5230 = EDGE_LOOP('',(#5231,#5232,#5238,#5239));
#5231 = ORIENTED_EDGE('',*,*,#888,.F.);
#5232 = ORIENTED_EDGE('',*,*,#5233,.T.);
#5233 = EDGE_CURVE('',#881,#2370,#5234,.T.);
#5234 = LINE('',#5235,#5236);
#5235 = CARTESIAN_POINT('',(14.387700080872,16.478200912476,3.));
#5236 = VECTOR('',#5237,1.);
#5237 = DIRECTION('',(0.,0.,-1.));
#5238 = ORIENTED_EDGE('',*,*,#2369,.F.);
#5239 = ORIENTED_EDGE('',*,*,#5240,.T.);
#5240 = EDGE_CURVE('',#2362,#889,#5241,.T.);
#5241 = LINE('',#5242,#5243);
#5242 = CARTESIAN_POINT('',(15.,16.60000038147,0.));
#5243 = VECTOR('',#5244,1.);
#5244 = DIRECTION('',(0.,0.,1.));
#5245 = PLANE('',#5246);
#5246 = AXIS2_PLACEMENT_3D('',#5247,#5248,#5249);
#5247 = CARTESIAN_POINT('',(14.693850040436,16.539100646973,1.5));
#5248 = DIRECTION('',(0.19509870807,-0.980783612276,-0.));
#5249 = DIRECTION('',(-0.980783612276,-0.19509870807,0.));
#5250 = ADVANCED_FACE('',(#5251),#5267,.T.);
#5251 = FACE_BOUND('',#5252,.T.);
#5252 = EDGE_LOOP('',(#5253,#5259,#5260,#5266));
#5253 = ORIENTED_EDGE('',*,*,#5254,.T.);
#5254 = EDGE_CURVE('',#2378,#873,#5255,.T.);
#5255 = LINE('',#5256,#5257);
#5256 = CARTESIAN_POINT('',(13.868599891663,16.131399154663,0.));
#5257 = VECTOR('',#5258,1.);
#5258 = DIRECTION('',(0.,0.,1.));
#5259 = ORIENTED_EDGE('',*,*,#872,.F.);
#5260 = ORIENTED_EDGE('',*,*,#5261,.T.);
#5261 = EDGE_CURVE('',#865,#2386,#5262,.T.);
#5262 = LINE('',#5263,#5264);
#5263 = CARTESIAN_POINT('',(13.521800041199,15.612299919128,3.));
#5264 = VECTOR('',#5265,1.);
#5265 = DIRECTION('',(0.,0.,-1.));
#5266 = ORIENTED_EDGE('',*,*,#2385,.F.);
#5267 = PLANE('',#5268);
#5268 = AXIS2_PLACEMENT_3D('',#5269,#5270,#5271);
#5269 = CARTESIAN_POINT('',(13.695199966431,15.871849536896,1.5));
#5270 = DIRECTION('',(0.831507473267,-0.555513565902,0.));
#5271 = DIRECTION('',(0.555513565902,0.831507473267,0.));
#5272 = ADVANCED_FACE('',(#5273),#5284,.T.);
#5273 = FACE_BOUND('',#5274,.T.);
#5274 = EDGE_LOOP('',(#5275,#5276,#5277,#5283));
#5275 = ORIENTED_EDGE('',*,*,#5261,.F.);
#5276 = ORIENTED_EDGE('',*,*,#864,.F.);
#5277 = ORIENTED_EDGE('',*,*,#5278,.T.);
#5278 = EDGE_CURVE('',#857,#2394,#5279,.T.);
#5279 = LINE('',#5280,#5281);
#5280 = CARTESIAN_POINT('',(13.39999961853,15.,3.));
#5281 = VECTOR('',#5282,1.);
#5282 = DIRECTION('',(0.,0.,-1.));
#5283 = ORIENTED_EDGE('',*,*,#2393,.F.);
#5284 = PLANE('',#5285);
#5285 = AXIS2_PLACEMENT_3D('',#5286,#5287,#5288);
#5286 = CARTESIAN_POINT('',(13.460899829865,15.306149959564,1.5));
#5287 = DIRECTION('',(0.98078331997,-0.195100177522,0.));
#5288 = DIRECTION('',(0.195100177522,0.98078331997,0.));
#5289 = ADVANCED_FACE('',(#5290),#5306,.T.);
#5290 = FACE_BOUND('',#5291,.T.);
#5291 = EDGE_LOOP('',(#5292,#5293,#5299,#5300));
#5292 = ORIENTED_EDGE('',*,*,#822,.F.);
#5293 = ORIENTED_EDGE('',*,*,#5294,.T.);
#5294 = EDGE_CURVE('',#823,#2434,#5295,.T.);
#5295 = LINE('',#5296,#5297);
#5296 = CARTESIAN_POINT('',(15.612299919128,13.521800041199,3.));
#5297 = VECTOR('',#5298,1.);
#5298 = DIRECTION('',(0.,0.,-1.));
#5299 = ORIENTED_EDGE('',*,*,#2433,.F.);
#5300 = ORIENTED_EDGE('',*,*,#5301,.T.);
#5301 = EDGE_CURVE('',#2426,#825,#5302,.T.);
#5302 = LINE('',#5303,#5304);
#5303 = CARTESIAN_POINT('',(15.,13.39999961853,0.));
#5304 = VECTOR('',#5305,1.);
#5305 = DIRECTION('',(0.,0.,1.));
#5306 = PLANE('',#5307);
#5307 = AXIS2_PLACEMENT_3D('',#5308,#5309,#5310);
#5308 = CARTESIAN_POINT('',(15.306149959564,13.460899829865,1.5));
#5309 = DIRECTION('',(-0.195100177522,0.98078331997,0.));
#5310 = DIRECTION('',(0.98078331997,0.195100177522,0.));
#5311 = ADVANCED_FACE('',(#5312),#5323,.T.);
#5312 = FACE_BOUND('',#5313,.T.);
#5313 = EDGE_LOOP('',(#5314,#5315,#5316,#5317));
#5314 = ORIENTED_EDGE('',*,*,#832,.F.);
#5315 = ORIENTED_EDGE('',*,*,#5301,.F.);
#5316 = ORIENTED_EDGE('',*,*,#2425,.F.);
#5317 = ORIENTED_EDGE('',*,*,#5318,.T.);
#5318 = EDGE_CURVE('',#2418,#833,#5319,.T.);
#5319 = LINE('',#5320,#5321);
#5320 = CARTESIAN_POINT('',(14.387700080872,13.521800041199,0.));
#5321 = VECTOR('',#5322,1.);
#5322 = DIRECTION('',(0.,0.,1.));
#5323 = PLANE('',#5324);
#5324 = AXIS2_PLACEMENT_3D('',#5325,#5326,#5327);
#5325 = CARTESIAN_POINT('',(14.693850040436,13.460899829865,1.5));
#5326 = DIRECTION('',(0.195100177522,0.98078331997,0.));
#5327 = DIRECTION('',(0.98078331997,-0.195100177522,0.));
#5328 = ADVANCED_FACE('',(#5329),#5340,.T.);
#5329 = FACE_BOUND('',#5330,.T.);
#5330 = EDGE_LOOP('',(#5331,#5332,#5333,#5339));
#5331 = ORIENTED_EDGE('',*,*,#5278,.F.);
#5332 = ORIENTED_EDGE('',*,*,#856,.F.);
#5333 = ORIENTED_EDGE('',*,*,#5334,.T.);
#5334 = EDGE_CURVE('',#849,#2402,#5335,.T.);
#5335 = LINE('',#5336,#5337);
#5336 = CARTESIAN_POINT('',(13.521800041199,14.387700080872,3.));
#5337 = VECTOR('',#5338,1.);
#5338 = DIRECTION('',(0.,0.,-1.));
#5339 = ORIENTED_EDGE('',*,*,#2401,.F.);
#5340 = PLANE('',#5341);
#5341 = AXIS2_PLACEMENT_3D('',#5342,#5343,#5344);
#5342 = CARTESIAN_POINT('',(13.460899829865,14.693850040436,1.5));
#5343 = DIRECTION('',(0.98078331997,0.195100177522,0.));
#5344 = DIRECTION('',(-0.195100177522,0.98078331997,0.));
#5345 = ADVANCED_FACE('',(#5346),#5352,.T.);
#5346 = FACE_BOUND('',#5347,.T.);
#5347 = EDGE_LOOP('',(#5348,#5349,#5350,#5351));
#5348 = ORIENTED_EDGE('',*,*,#896,.F.);
#5349 = ORIENTED_EDGE('',*,*,#5240,.F.);
#5350 = ORIENTED_EDGE('',*,*,#2359,.F.);
#5351 = ORIENTED_EDGE('',*,*,#5194,.F.);
#5352 = PLANE('',#5353);
#5353 = AXIS2_PLACEMENT_3D('',#5354,#5355,#5356);
#5354 = CARTESIAN_POINT('',(15.306149959564,16.539100646973,1.5));
#5355 = DIRECTION('',(-0.19509870807,-0.980783612276,-0.));
#5356 = DIRECTION('',(-0.980783612276,0.19509870807,0.));
#5357 = ADVANCED_FACE('',(#5358),#5364,.T.);
#5358 = FACE_BOUND('',#5359,.T.);
#5359 = EDGE_LOOP('',(#5360,#5361,#5362,#5363));
#5360 = ORIENTED_EDGE('',*,*,#5178,.F.);
#5361 = ORIENTED_EDGE('',*,*,#2457,.F.);
#5362 = ORIENTED_EDGE('',*,*,#5210,.F.);
#5363 = ORIENTED_EDGE('',*,*,#928,.F.);
#5364 = PLANE('',#5365);
#5365 = AXIS2_PLACEMENT_3D('',#5366,#5367,#5368);
#5366 = CARTESIAN_POINT('',(16.539100646973,14.693850040436,1.5));
#5367 = DIRECTION('',(-0.980783612276,0.19509870807,-0.));
#5368 = DIRECTION('',(-0.19509870807,-0.980783612276,0.));
#5369 = ADVANCED_FACE('',(#5370),#5376,.T.);
#5370 = FACE_BOUND('',#5371,.T.);
#5371 = EDGE_LOOP('',(#5372,#5373,#5374,#5375));
#5372 = ORIENTED_EDGE('',*,*,#944,.F.);
#5373 = ORIENTED_EDGE('',*,*,#5217,.F.);
#5374 = ORIENTED_EDGE('',*,*,#2441,.F.);
#5375 = ORIENTED_EDGE('',*,*,#5294,.F.);
#5376 = PLANE('',#5377);
#5377 = AXIS2_PLACEMENT_3D('',#5378,#5379,#5380);
#5378 = CARTESIAN_POINT('',(15.871849536896,13.695199966431,1.5));
#5379 = DIRECTION('',(-0.555513565902,0.831507473267,0.));
#5380 = DIRECTION('',(0.831507473267,0.555513565902,0.));
#5381 = ADVANCED_FACE('',(#5382),#5393,.T.);
#5382 = FACE_BOUND('',#5383,.T.);
#5383 = EDGE_LOOP('',(#5384,#5385,#5386,#5392));
#5384 = ORIENTED_EDGE('',*,*,#5334,.F.);
#5385 = ORIENTED_EDGE('',*,*,#848,.F.);
#5386 = ORIENTED_EDGE('',*,*,#5387,.T.);
#5387 = EDGE_CURVE('',#841,#2410,#5388,.T.);
#5388 = LINE('',#5389,#5390);
#5389 = CARTESIAN_POINT('',(13.868599891663,13.868599891663,3.));
#5390 = VECTOR('',#5391,1.);
#5391 = DIRECTION('',(0.,0.,-1.));
#5392 = ORIENTED_EDGE('',*,*,#2409,.F.);
#5393 = PLANE('',#5394);
#5394 = AXIS2_PLACEMENT_3D('',#5395,#5396,#5397);
#5395 = CARTESIAN_POINT('',(13.695199966431,14.128149986267,1.5));
#5396 = DIRECTION('',(0.831507944683,0.555512860273,0.));
#5397 = DIRECTION('',(-0.555512860273,0.831507944683,0.));
#5398 = ADVANCED_FACE('',(#5399),#5405,.T.);
#5399 = FACE_BOUND('',#5400,.T.);
#5400 = EDGE_LOOP('',(#5401,#5402,#5403,#5404));
#5401 = ORIENTED_EDGE('',*,*,#880,.F.);
#5402 = ORIENTED_EDGE('',*,*,#5254,.F.);
#5403 = ORIENTED_EDGE('',*,*,#2377,.F.);
#5404 = ORIENTED_EDGE('',*,*,#5233,.F.);
#5405 = PLANE('',#5406);
#5406 = AXIS2_PLACEMENT_3D('',#5407,#5408,#5409);
#5407 = CARTESIAN_POINT('',(14.128149986267,16.304800033569,1.5));
#5408 = DIRECTION('',(0.555514972677,-0.831506533427,-0.));
#5409 = DIRECTION('',(-0.831506533427,-0.555514972677,0.));
#5410 = ADVANCED_FACE('',(#5411),#5417,.T.);
#5411 = FACE_BOUND('',#5412,.T.);
#5412 = EDGE_LOOP('',(#5413,#5414,#5415,#5416));
#5413 = ORIENTED_EDGE('',*,*,#840,.F.);
#5414 = ORIENTED_EDGE('',*,*,#5318,.F.);
#5415 = ORIENTED_EDGE('',*,*,#2417,.F.);
#5416 = ORIENTED_EDGE('',*,*,#5387,.F.);
#5417 = PLANE('',#5418);
#5418 = AXIS2_PLACEMENT_3D('',#5419,#5420,#5421);
#5419 = CARTESIAN_POINT('',(14.128149986267,13.695199966431,1.5));
#5420 = DIRECTION('',(0.555512860273,0.831507944683,0.));
#5421 = DIRECTION('',(0.831507944683,-0.555512860273,0.));
#5422 = ADVANCED_FACE('',(#5423),#5439,.T.);
#5423 = FACE_BOUND('',#5424,.T.);
#5424 = EDGE_LOOP('',(#5425,#5431,#5432,#5438));
#5425 = ORIENTED_EDGE('',*,*,#5426,.T.);
#5426 = EDGE_CURVE('',#1117,#2622,#5427,.T.);
#5427 = LINE('',#5428,#5429);
#5428 = CARTESIAN_POINT('',(16.131399154663,66.131401062012,3.));
#5429 = VECTOR('',#5430,1.);
#5430 = DIRECTION('',(0.,0.,-1.));
#5431 = ORIENTED_EDGE('',*,*,#2619,.F.);
#5432 = ORIENTED_EDGE('',*,*,#5433,.T.);
#5433 = EDGE_CURVE('',#2620,#1125,#5434,.T.);
#5434 = LINE('',#5435,#5436);
#5435 = CARTESIAN_POINT('',(16.478200912476,65.612297058105,0.));
#5436 = VECTOR('',#5437,1.);
#5437 = DIRECTION('',(0.,0.,1.));
#5438 = ORIENTED_EDGE('',*,*,#1124,.F.);
#5439 = PLANE('',#5440);
#5440 = AXIS2_PLACEMENT_3D('',#5441,#5442,#5443);
#5441 = CARTESIAN_POINT('',(16.304800033569,65.871849060059,1.5));
#5442 = DIRECTION('',(-0.831508419084,-0.555512150175,-0.));
#5443 = DIRECTION('',(0.555512150175,-0.831508419084,0.));
#5444 = ADVANCED_FACE('',(#5445),#5456,.T.);
#5445 = FACE_BOUND('',#5446,.T.);
#5446 = EDGE_LOOP('',(#5447,#5448,#5449,#5455));
#5447 = ORIENTED_EDGE('',*,*,#5433,.F.);
#5448 = ORIENTED_EDGE('',*,*,#2741,.F.);
#5449 = ORIENTED_EDGE('',*,*,#5450,.T.);
#5450 = EDGE_CURVE('',#2734,#1133,#5451,.T.);
#5451 = LINE('',#5452,#5453);
#5452 = CARTESIAN_POINT('',(16.60000038147,65.,0.));
#5453 = VECTOR('',#5454,1.);
#5454 = DIRECTION('',(0.,0.,1.));
#5455 = ORIENTED_EDGE('',*,*,#1132,.F.);
#5456 = PLANE('',#5457);
#5457 = AXIS2_PLACEMENT_3D('',#5458,#5459,#5460);
#5458 = CARTESIAN_POINT('',(16.539100646973,65.306148529053,1.5));
#5459 = DIRECTION('',(-0.980783437838,-0.19509958499,-0.));
#5460 = DIRECTION('',(0.19509958499,-0.980783437838,0.));
#5461 = ADVANCED_FACE('',(#5462),#5473,.T.);
#5462 = FACE_BOUND('',#5463,.T.);
#5463 = EDGE_LOOP('',(#5464,#5465,#5471,#5472));
#5464 = ORIENTED_EDGE('',*,*,#1116,.F.);
#5465 = ORIENTED_EDGE('',*,*,#5466,.T.);
#5466 = EDGE_CURVE('',#1109,#2630,#5467,.T.);
#5467 = LINE('',#5468,#5469);
#5468 = CARTESIAN_POINT('',(15.612299919128,66.478202819824,3.));
#5469 = VECTOR('',#5470,1.);
#5470 = DIRECTION('',(0.,0.,-1.));
#5471 = ORIENTED_EDGE('',*,*,#2629,.F.);
#5472 = ORIENTED_EDGE('',*,*,#5426,.F.);
#5473 = PLANE('',#5474);
#5474 = AXIS2_PLACEMENT_3D('',#5475,#5476,#5477);
#5475 = CARTESIAN_POINT('',(15.871849536896,66.304801940918,1.5));
#5476 = DIRECTION('',(-0.555515678306,-0.831506062008,-0.));
#5477 = DIRECTION('',(-0.831506062008,0.555515678306,0.));
#5478 = ADVANCED_FACE('',(#5479),#5495,.T.);
#5479 = FACE_BOUND('',#5480,.T.);
#5480 = EDGE_LOOP('',(#5481,#5487,#5488,#5494));
#5481 = ORIENTED_EDGE('',*,*,#5482,.T.);
#5482 = EDGE_CURVE('',#1141,#2726,#5483,.T.);
#5483 = LINE('',#5484,#5485);
#5484 = CARTESIAN_POINT('',(16.478200912476,64.387702941895,3.));
#5485 = VECTOR('',#5486,1.);
#5486 = DIRECTION('',(0.,0.,-1.));
#5487 = ORIENTED_EDGE('',*,*,#2725,.F.);
#5488 = ORIENTED_EDGE('',*,*,#5489,.T.);
#5489 = EDGE_CURVE('',#2718,#1149,#5490,.T.);
#5490 = LINE('',#5491,#5492);
#5491 = CARTESIAN_POINT('',(16.131399154663,63.868598937988,0.));
#5492 = VECTOR('',#5493,1.);
#5493 = DIRECTION('',(0.,0.,1.));
#5494 = ORIENTED_EDGE('',*,*,#1148,.F.);
#5495 = PLANE('',#5496);
#5496 = AXIS2_PLACEMENT_3D('',#5497,#5498,#5499);
#5497 = CARTESIAN_POINT('',(16.304800033569,64.128150939941,1.5));
#5498 = DIRECTION('',(-0.831508419084,0.555512150175,-0.));
#5499 = DIRECTION('',(-0.555512150175,-0.831508419084,0.));
#5500 = ADVANCED_FACE('',(#5501),#5517,.T.);
#5501 = FACE_BOUND('',#5502,.T.);
#5502 = EDGE_LOOP('',(#5503,#5504,#5510,#5511));
#5503 = ORIENTED_EDGE('',*,*,#1100,.F.);
#5504 = ORIENTED_EDGE('',*,*,#5505,.T.);
#5505 = EDGE_CURVE('',#1093,#2646,#5506,.T.);
#5506 = LINE('',#5507,#5508);
#5507 = CARTESIAN_POINT('',(14.387700080872,66.478202819824,3.));
#5508 = VECTOR('',#5509,1.);
#5509 = DIRECTION('',(0.,0.,-1.));
#5510 = ORIENTED_EDGE('',*,*,#2645,.F.);
#5511 = ORIENTED_EDGE('',*,*,#5512,.T.);
#5512 = EDGE_CURVE('',#2638,#1101,#5513,.T.);
#5513 = LINE('',#5514,#5515);
#5514 = CARTESIAN_POINT('',(15.,66.599998474121,0.));
#5515 = VECTOR('',#5516,1.);
#5516 = DIRECTION('',(0.,0.,1.));
#5517 = PLANE('',#5518);
#5518 = AXIS2_PLACEMENT_3D('',#5519,#5520,#5521);
#5519 = CARTESIAN_POINT('',(14.693850040436,66.539100646973,1.5));
#5520 = DIRECTION('',(0.19509283025,-0.980784781481,-0.));
#5521 = DIRECTION('',(-0.980784781481,-0.19509283025,0.));
#5522 = ADVANCED_FACE('',(#5523),#5539,.T.);
#5523 = FACE_BOUND('',#5524,.T.);
#5524 = EDGE_LOOP('',(#5525,#5531,#5532,#5538));
#5525 = ORIENTED_EDGE('',*,*,#5526,.T.);
#5526 = EDGE_CURVE('',#2654,#1085,#5527,.T.);
#5527 = LINE('',#5528,#5529);
#5528 = CARTESIAN_POINT('',(13.868599891663,66.131401062012,0.));
#5529 = VECTOR('',#5530,1.);
#5530 = DIRECTION('',(0.,0.,1.));
#5531 = ORIENTED_EDGE('',*,*,#1082,.F.);
#5532 = ORIENTED_EDGE('',*,*,#5533,.T.);
#5533 = EDGE_CURVE('',#1083,#2662,#5534,.T.);
#5534 = LINE('',#5535,#5536);
#5535 = CARTESIAN_POINT('',(13.521800041199,65.612297058105,3.));
#5536 = VECTOR('',#5537,1.);
#5537 = DIRECTION('',(0.,0.,-1.));
#5538 = ORIENTED_EDGE('',*,*,#2661,.F.);
#5539 = PLANE('',#5540);
#5540 = AXIS2_PLACEMENT_3D('',#5541,#5542,#5543);
#5541 = CARTESIAN_POINT('',(13.695199966431,65.871849060059,1.5));
#5542 = DIRECTION('',(0.83150983033,-0.555510037772,0.));
#5543 = DIRECTION('',(0.555510037772,0.83150983033,0.));
#5544 = ADVANCED_FACE('',(#5545),#5556,.T.);
#5545 = FACE_BOUND('',#5546,.T.);
#5546 = EDGE_LOOP('',(#5547,#5548,#5549,#5555));
#5547 = ORIENTED_EDGE('',*,*,#5533,.F.);
#5548 = ORIENTED_EDGE('',*,*,#1204,.F.);
#5549 = ORIENTED_EDGE('',*,*,#5550,.T.);
#5550 = EDGE_CURVE('',#1197,#2670,#5551,.T.);
#5551 = LINE('',#5552,#5553);
#5552 = CARTESIAN_POINT('',(13.39999961853,65.,3.));
#5553 = VECTOR('',#5554,1.);
#5554 = DIRECTION('',(0.,0.,-1.));
#5555 = ORIENTED_EDGE('',*,*,#2669,.F.);
#5556 = PLANE('',#5557);
#5557 = AXIS2_PLACEMENT_3D('',#5558,#5559,#5560);
#5558 = CARTESIAN_POINT('',(13.460899829865,65.306148529053,1.5));
#5559 = DIRECTION('',(0.980783145529,-0.195101054448,0.));
#5560 = DIRECTION('',(0.195101054448,0.980783145529,0.));
#5561 = ADVANCED_FACE('',(#5562),#5578,.T.);
#5562 = FACE_BOUND('',#5563,.T.);
#5563 = EDGE_LOOP('',(#5564,#5565,#5571,#5572));
#5564 = ORIENTED_EDGE('',*,*,#1164,.F.);
#5565 = ORIENTED_EDGE('',*,*,#5566,.T.);
#5566 = EDGE_CURVE('',#1157,#2710,#5567,.T.);
#5567 = LINE('',#5568,#5569);
#5568 = CARTESIAN_POINT('',(15.612299919128,63.521800994873,3.));
#5569 = VECTOR('',#5570,1.);
#5570 = DIRECTION('',(0.,0.,-1.));
#5571 = ORIENTED_EDGE('',*,*,#2709,.F.);
#5572 = ORIENTED_EDGE('',*,*,#5573,.T.);
#5573 = EDGE_CURVE('',#2702,#1165,#5574,.T.);
#5574 = LINE('',#5575,#5576);
#5575 = CARTESIAN_POINT('',(15.,63.400001525879,0.));
#5576 = VECTOR('',#5577,1.);
#5577 = DIRECTION('',(0.,0.,1.));
#5578 = PLANE('',#5579);
#5579 = AXIS2_PLACEMENT_3D('',#5580,#5581,#5582);
#5580 = CARTESIAN_POINT('',(15.306149959564,63.460901260376,1.5));
#5581 = DIRECTION('',(-0.19509870807,0.980783612276,0.));
#5582 = DIRECTION('',(0.980783612276,0.19509870807,0.));
#5583 = ADVANCED_FACE('',(#5584),#5595,.T.);
#5584 = FACE_BOUND('',#5585,.T.);
#5585 = EDGE_LOOP('',(#5586,#5587,#5588,#5589));
#5586 = ORIENTED_EDGE('',*,*,#1172,.F.);
#5587 = ORIENTED_EDGE('',*,*,#5573,.F.);
#5588 = ORIENTED_EDGE('',*,*,#2701,.F.);
#5589 = ORIENTED_EDGE('',*,*,#5590,.T.);
#5590 = EDGE_CURVE('',#2694,#1173,#5591,.T.);
#5591 = LINE('',#5592,#5593);
#5592 = CARTESIAN_POINT('',(14.387700080872,63.521800994873,0.));
#5593 = VECTOR('',#5594,1.);
#5594 = DIRECTION('',(0.,0.,1.));
#5595 = PLANE('',#5596);
#5596 = AXIS2_PLACEMENT_3D('',#5597,#5598,#5599);
#5597 = CARTESIAN_POINT('',(14.693850040436,63.460901260376,1.5));
#5598 = DIRECTION('',(0.19509870807,0.980783612276,0.));
#5599 = DIRECTION('',(0.980783612276,-0.19509870807,0.));
#5600 = ADVANCED_FACE('',(#5601),#5612,.T.);
#5601 = FACE_BOUND('',#5602,.T.);
#5602 = EDGE_LOOP('',(#5603,#5604,#5605,#5611));
#5603 = ORIENTED_EDGE('',*,*,#5550,.F.);
#5604 = ORIENTED_EDGE('',*,*,#1196,.F.);
#5605 = ORIENTED_EDGE('',*,*,#5606,.T.);
#5606 = EDGE_CURVE('',#1189,#2678,#5607,.T.);
#5607 = LINE('',#5608,#5609);
#5608 = CARTESIAN_POINT('',(13.521800041199,64.387702941895,3.));
#5609 = VECTOR('',#5610,1.);
#5610 = DIRECTION('',(0.,0.,-1.));
#5611 = ORIENTED_EDGE('',*,*,#2677,.F.);
#5612 = PLANE('',#5613);
#5613 = AXIS2_PLACEMENT_3D('',#5614,#5615,#5616);
#5614 = CARTESIAN_POINT('',(13.460899829865,64.693851470947,1.5));
#5615 = DIRECTION('',(0.980783145529,0.195101054448,0.));
#5616 = DIRECTION('',(-0.195101054448,0.980783145529,0.));
#5617 = ADVANCED_FACE('',(#5618),#5624,.T.);
#5618 = FACE_BOUND('',#5619,.T.);
#5619 = EDGE_LOOP('',(#5620,#5621,#5622,#5623));
#5620 = ORIENTED_EDGE('',*,*,#1108,.F.);
#5621 = ORIENTED_EDGE('',*,*,#5512,.F.);
#5622 = ORIENTED_EDGE('',*,*,#2637,.F.);
#5623 = ORIENTED_EDGE('',*,*,#5466,.F.);
#5624 = PLANE('',#5625);
#5625 = AXIS2_PLACEMENT_3D('',#5626,#5627,#5628);
#5626 = CARTESIAN_POINT('',(15.306149959564,66.539100646973,1.5));
#5627 = DIRECTION('',(-0.19509283025,-0.980784781481,-0.));
#5628 = DIRECTION('',(-0.980784781481,0.19509283025,0.));
#5629 = ADVANCED_FACE('',(#5630),#5636,.T.);
#5630 = FACE_BOUND('',#5631,.T.);
#5631 = EDGE_LOOP('',(#5632,#5633,#5634,#5635));
#5632 = ORIENTED_EDGE('',*,*,#5450,.F.);
#5633 = ORIENTED_EDGE('',*,*,#2733,.F.);
#5634 = ORIENTED_EDGE('',*,*,#5482,.F.);
#5635 = ORIENTED_EDGE('',*,*,#1140,.F.);
#5636 = PLANE('',#5637);
#5637 = AXIS2_PLACEMENT_3D('',#5638,#5639,#5640);
#5638 = CARTESIAN_POINT('',(16.539100646973,64.693851470947,1.5));
#5639 = DIRECTION('',(-0.980783437838,0.19509958499,-0.));
#5640 = DIRECTION('',(-0.19509958499,-0.980783437838,0.));
#5641 = ADVANCED_FACE('',(#5642),#5648,.T.);
#5642 = FACE_BOUND('',#5643,.T.);
#5643 = EDGE_LOOP('',(#5644,#5645,#5646,#5647));
#5644 = ORIENTED_EDGE('',*,*,#1156,.F.);
#5645 = ORIENTED_EDGE('',*,*,#5489,.F.);
#5646 = ORIENTED_EDGE('',*,*,#2717,.F.);
#5647 = ORIENTED_EDGE('',*,*,#5566,.F.);
#5648 = PLANE('',#5649);
#5649 = AXIS2_PLACEMENT_3D('',#5650,#5651,#5652);
#5650 = CARTESIAN_POINT('',(15.871849536896,63.695199966431,1.5));
#5651 = DIRECTION('',(-0.555511453486,0.831508884526,0.));
#5652 = DIRECTION('',(0.831508884526,0.555511453486,0.));
#5653 = ADVANCED_FACE('',(#5654),#5665,.T.);
#5654 = FACE_BOUND('',#5655,.T.);
#5655 = EDGE_LOOP('',(#5656,#5657,#5658,#5664));
#5656 = ORIENTED_EDGE('',*,*,#5606,.F.);
#5657 = ORIENTED_EDGE('',*,*,#1188,.F.);
#5658 = ORIENTED_EDGE('',*,*,#5659,.T.);
#5659 = EDGE_CURVE('',#1181,#2686,#5660,.T.);
#5660 = LINE('',#5661,#5662);
#5661 = CARTESIAN_POINT('',(13.868599891663,63.868598937988,3.));
#5662 = VECTOR('',#5663,1.);
#5663 = DIRECTION('',(0.,0.,-1.));
#5664 = ORIENTED_EDGE('',*,*,#2685,.F.);
#5665 = PLANE('',#5666);
#5666 = AXIS2_PLACEMENT_3D('',#5667,#5668,#5669);
#5667 = CARTESIAN_POINT('',(13.695199966431,64.128150939941,1.5));
#5668 = DIRECTION('',(0.83150983033,0.555510037772,0.));
#5669 = DIRECTION('',(-0.555510037772,0.83150983033,0.));
#5670 = ADVANCED_FACE('',(#5671),#5677,.T.);
#5671 = FACE_BOUND('',#5672,.T.);
#5672 = EDGE_LOOP('',(#5673,#5674,#5675,#5676));
#5673 = ORIENTED_EDGE('',*,*,#1092,.F.);
#5674 = ORIENTED_EDGE('',*,*,#5526,.F.);
#5675 = ORIENTED_EDGE('',*,*,#2653,.F.);
#5676 = ORIENTED_EDGE('',*,*,#5505,.F.);
#5677 = PLANE('',#5678);
#5678 = AXIS2_PLACEMENT_3D('',#5679,#5680,#5681);
#5679 = CARTESIAN_POINT('',(14.128149986267,66.304801940918,1.5));
#5680 = DIRECTION('',(0.555514972677,-0.831506533427,-0.));
#5681 = DIRECTION('',(-0.831506533427,-0.555514972677,0.));
#5682 = ADVANCED_FACE('',(#5683),#5689,.T.);
#5683 = FACE_BOUND('',#5684,.T.);
#5684 = EDGE_LOOP('',(#5685,#5686,#5687,#5688));
#5685 = ORIENTED_EDGE('',*,*,#1180,.F.);
#5686 = ORIENTED_EDGE('',*,*,#5590,.F.);
#5687 = ORIENTED_EDGE('',*,*,#2693,.F.);
#5688 = ORIENTED_EDGE('',*,*,#5659,.F.);
#5689 = PLANE('',#5690);
#5690 = AXIS2_PLACEMENT_3D('',#5691,#5692,#5693);
#5691 = CARTESIAN_POINT('',(14.128149986267,63.695199966431,1.5));
#5692 = DIRECTION('',(0.555510747858,0.831509355939,0.));
#5693 = DIRECTION('',(0.831509355939,-0.555510747858,0.));
#5694 = ADVANCED_FACE('',(#5695),#5701,.T.);
#5695 = FACE_BOUND('',#5696,.T.);
#5696 = EDGE_LOOP('',(#5697,#5698,#5699,#5700));
#5697 = ORIENTED_EDGE('',*,*,#538,.F.);
#5698 = ORIENTED_EDGE('',*,*,#3175,.F.);
#5699 = ORIENTED_EDGE('',*,*,#2083,.F.);
#5700 = ORIENTED_EDGE('',*,*,#1608,.F.);
#5701 = PLANE('',#5702);
#5702 = AXIS2_PLACEMENT_3D('',#5703,#5704,#5705);
#5703 = CARTESIAN_POINT('',(43.5,60.,1.5));
#5704 = DIRECTION('',(-0.,-1.,-0.));
#5705 = DIRECTION('',(0.,0.,-1.));
#5706 = ADVANCED_FACE('',(#5707),#5713,.T.);
#5707 = FACE_BOUND('',#5708,.T.);
#5708 = EDGE_LOOP('',(#5709,#5710,#5711,#5712));
#5709 = ORIENTED_EDGE('',*,*,#490,.F.);
#5710 = ORIENTED_EDGE('',*,*,#1624,.F.);
#5711 = ORIENTED_EDGE('',*,*,#2074,.F.);
#5712 = ORIENTED_EDGE('',*,*,#3168,.F.);
#5713 = PLANE('',#5714);
#5714 = AXIS2_PLACEMENT_3D('',#5715,#5716,#5717);
#5715 = CARTESIAN_POINT('',(43.5,20.,1.5));
#5716 = DIRECTION('',(0.,1.,0.));
#5717 = DIRECTION('',(0.,-0.,1.));
#5718 = ADVANCED_FACE('',(#5719),#5730,.T.);
#5719 = FACE_BOUND('',#5720,.T.);
#5720 = EDGE_LOOP('',(#5721,#5722,#5723,#5729));
#5721 = ORIENTED_EDGE('',*,*,#3445,.F.);
#5722 = ORIENTED_EDGE('',*,*,#1754,.F.);
#5723 = ORIENTED_EDGE('',*,*,#5724,.T.);
#5724 = EDGE_CURVE('',#1747,#418,#5725,.T.);
#5725 = LINE('',#5726,#5727);
#5726 = CARTESIAN_POINT('',(145.,15.,0.));
#5727 = VECTOR('',#5728,1.);
#5728 = DIRECTION('',(0.,0.,1.));
#5729 = ORIENTED_EDGE('',*,*,#417,.F.);
#5730 = PLANE('',#5731);
#5731 = AXIS2_PLACEMENT_3D('',#5732,#5733,#5734);
#5732 = CARTESIAN_POINT('',(145.,26.749750137329,1.5));
#5733 = DIRECTION('',(-1.,-0.,-0.));
#5734 = DIRECTION('',(0.,0.,-1.));
#5735 = ADVANCED_FACE('',(#5736),#5747,.T.);
#5736 = FACE_BOUND('',#5737,.T.);
#5737 = EDGE_LOOP('',(#5738,#5744,#5745,#5746));
#5738 = ORIENTED_EDGE('',*,*,#5739,.T.);
#5739 = EDGE_CURVE('',#338,#1827,#5740,.T.);
#5740 = LINE('',#5741,#5742);
#5741 = CARTESIAN_POINT('',(145.,65.,3.));
#5742 = VECTOR('',#5743,1.);
#5743 = DIRECTION('',(0.,0.,-1.));
#5744 = ORIENTED_EDGE('',*,*,#1826,.F.);
#5745 = ORIENTED_EDGE('',*,*,#3460,.F.);
#5746 = ORIENTED_EDGE('',*,*,#345,.F.);
#5747 = PLANE('',#5748);
#5748 = AXIS2_PLACEMENT_3D('',#5749,#5750,#5751);
#5749 = CARTESIAN_POINT('',(145.,53.250249862671,1.5));
#5750 = DIRECTION('',(-1.,-0.,-0.));
#5751 = DIRECTION('',(0.,0.,-1.));
#5752 = ADVANCED_FACE('',(#5753),#5769,.T.);
#5753 = FACE_BOUND('',#5754,.T.);
#5754 = EDGE_LOOP('',(#5755,#5761,#5762,#5768));
#5755 = ORIENTED_EDGE('',*,*,#5756,.T.);
#5756 = EDGE_CURVE('',#1971,#194,#5757,.T.);
#5757 = LINE('',#5758,#5759);
#5758 = CARTESIAN_POINT('',(115.,50.19889831543,0.));
#5759 = VECTOR('',#5760,1.);
#5760 = DIRECTION('',(0.,0.,1.));
#5761 = ORIENTED_EDGE('',*,*,#193,.F.);
#5762 = ORIENTED_EDGE('',*,*,#5763,.T.);
#5763 = EDGE_CURVE('',#186,#1979,#5764,.T.);
#5764 = LINE('',#5765,#5766);
#5765 = CARTESIAN_POINT('',(115.,29.801099777222,3.));
#5766 = VECTOR('',#5767,1.);
#5767 = DIRECTION('',(0.,0.,-1.));
#5768 = ORIENTED_EDGE('',*,*,#1978,.F.);
#5769 = PLANE('',#5770);
#5770 = AXIS2_PLACEMENT_3D('',#5771,#5772,#5773);
#5771 = CARTESIAN_POINT('',(115.,39.999999046326,1.5));
#5772 = DIRECTION('',(1.,0.,0.));
#5773 = DIRECTION('',(-0.,0.,1.));
#5774 = ADVANCED_FACE('',(#5775),#5786,.T.);
#5775 = FACE_BOUND('',#5776,.T.);
#5776 = EDGE_LOOP('',(#5777,#5778,#5784,#5785));
#5777 = ORIENTED_EDGE('',*,*,#337,.F.);
#5778 = ORIENTED_EDGE('',*,*,#5779,.T.);
#5779 = EDGE_CURVE('',#330,#1835,#5780,.T.);
#5780 = LINE('',#5781,#5782);
#5781 = CARTESIAN_POINT('',(117.,65.,3.));
#5782 = VECTOR('',#5783,1.);
#5783 = DIRECTION('',(0.,0.,-1.));
#5784 = ORIENTED_EDGE('',*,*,#1834,.F.);
#5785 = ORIENTED_EDGE('',*,*,#5739,.F.);
#5786 = PLANE('',#5787);
#5787 = AXIS2_PLACEMENT_3D('',#5788,#5789,#5790);
#5788 = CARTESIAN_POINT('',(131.,65.,1.5));
#5789 = DIRECTION('',(-0.,-1.,-0.));
#5790 = DIRECTION('',(0.,0.,-1.));
#5791 = ADVANCED_FACE('',(#5792),#5803,.T.);
#5792 = FACE_BOUND('',#5793,.T.);
#5793 = EDGE_LOOP('',(#5794,#5795,#5796,#5797));
#5794 = ORIENTED_EDGE('',*,*,#425,.F.);
#5795 = ORIENTED_EDGE('',*,*,#5724,.F.);
#5796 = ORIENTED_EDGE('',*,*,#1746,.F.);
#5797 = ORIENTED_EDGE('',*,*,#5798,.T.);
#5798 = EDGE_CURVE('',#1739,#426,#5799,.T.);
#5799 = LINE('',#5800,#5801);
#5800 = CARTESIAN_POINT('',(117.,15.,0.));
#5801 = VECTOR('',#5802,1.);
#5802 = DIRECTION('',(0.,0.,1.));
#5803 = PLANE('',#5804);
#5804 = AXIS2_PLACEMENT_3D('',#5805,#5806,#5807);
#5805 = CARTESIAN_POINT('',(131.,15.,1.5));
#5806 = DIRECTION('',(0.,1.,0.));
#5807 = DIRECTION('',(0.,-0.,1.));
#5808 = ADVANCED_FACE('',(#5809),#5820,.T.);
#5809 = FACE_BOUND('',#5810,.T.);
#5810 = EDGE_LOOP('',(#5811,#5812,#5818,#5819));
#5811 = ORIENTED_EDGE('',*,*,#185,.F.);
#5812 = ORIENTED_EDGE('',*,*,#5813,.T.);
#5813 = EDGE_CURVE('',#178,#1987,#5814,.T.);
#5814 = LINE('',#5815,#5816);
#5815 = CARTESIAN_POINT('',(114.,30.,3.));
#5816 = VECTOR('',#5817,1.);
#5817 = DIRECTION('',(0.,0.,-1.));
#5818 = ORIENTED_EDGE('',*,*,#1986,.F.);
#5819 = ORIENTED_EDGE('',*,*,#5763,.F.);
#5820 = PLANE('',#5821);
#5821 = AXIS2_PLACEMENT_3D('',#5822,#5823,#5824);
#5822 = CARTESIAN_POINT('',(114.5,29.900549888611,1.5));
#5823 = DIRECTION('',(-0.195078864075,-0.98078755946,-0.));
#5824 = DIRECTION('',(-0.98078755946,0.195078864075,0.));
#5825 = ADVANCED_FACE('',(#5826),#5842,.T.);
#5826 = FACE_BOUND('',#5827,.T.);
#5827 = EDGE_LOOP('',(#5828,#5834,#5835,#5841));
#5828 = ORIENTED_EDGE('',*,*,#5829,.T.);
#5829 = EDGE_CURVE('',#434,#1731,#5830,.T.);
#5830 = LINE('',#5831,#5832);
#5831 = CARTESIAN_POINT('',(117.,13.,3.));
#5832 = VECTOR('',#5833,1.);
#5833 = DIRECTION('',(0.,0.,-1.));
#5834 = ORIENTED_EDGE('',*,*,#1730,.F.);
#5835 = ORIENTED_EDGE('',*,*,#5836,.T.);
#5836 = EDGE_CURVE('',#1723,#442,#5837,.T.);
#5837 = LINE('',#5838,#5839);
#5838 = CARTESIAN_POINT('',(116.77200317382,11.851900100708,0.));
#5839 = VECTOR('',#5840,1.);
#5840 = DIRECTION('',(0.,0.,1.));
#5841 = ORIENTED_EDGE('',*,*,#441,.F.);
#5842 = PLANE('',#5843);
#5843 = AXIS2_PLACEMENT_3D('',#5844,#5845,#5846);
#5844 = CARTESIAN_POINT('',(116.88600158691,12.425950050354,1.5));
#5845 = DIRECTION('',(-0.980846441298,0.194782593149,-0.));
#5846 = DIRECTION('',(-0.194782593149,-0.980846441298,0.));
#5847 = ADVANCED_FACE('',(#5848),#5854,.T.);
#5848 = FACE_BOUND('',#5849,.T.);
#5849 = EDGE_LOOP('',(#5850,#5851,#5852,#5853));
#5850 = ORIENTED_EDGE('',*,*,#5798,.F.);
#5851 = ORIENTED_EDGE('',*,*,#1738,.F.);
#5852 = ORIENTED_EDGE('',*,*,#5829,.F.);
#5853 = ORIENTED_EDGE('',*,*,#433,.F.);
#5854 = PLANE('',#5855);
#5855 = AXIS2_PLACEMENT_3D('',#5856,#5857,#5858);
#5856 = CARTESIAN_POINT('',(117.,14.,1.5));
#5857 = DIRECTION('',(-1.,-0.,-0.));
#5858 = DIRECTION('',(0.,0.,-1.));
#5859 = ADVANCED_FACE('',(#5860),#5871,.T.);
#5860 = FACE_BOUND('',#5861,.T.);
#5861 = EDGE_LOOP('',(#5862,#5868,#5869,#5870));
#5862 = ORIENTED_EDGE('',*,*,#5863,.T.);
#5863 = EDGE_CURVE('',#322,#1843,#5864,.T.);
#5864 = LINE('',#5865,#5866);
#5865 = CARTESIAN_POINT('',(117.,67.,3.));
#5866 = VECTOR('',#5867,1.);
#5867 = DIRECTION('',(0.,0.,-1.));
#5868 = ORIENTED_EDGE('',*,*,#1842,.F.);
#5869 = ORIENTED_EDGE('',*,*,#5779,.F.);
#5870 = ORIENTED_EDGE('',*,*,#329,.F.);
#5871 = PLANE('',#5872);
#5872 = AXIS2_PLACEMENT_3D('',#5873,#5874,#5875);
#5873 = CARTESIAN_POINT('',(117.,66.,1.5));
#5874 = DIRECTION('',(-1.,-0.,-0.));
#5875 = DIRECTION('',(0.,0.,-1.));
#5876 = ADVANCED_FACE('',(#5877),#5888,.T.);
#5877 = FACE_BOUND('',#5878,.T.);
#5878 = EDGE_LOOP('',(#5879,#5880,#5881,#5887));
#5879 = ORIENTED_EDGE('',*,*,#5836,.F.);
#5880 = ORIENTED_EDGE('',*,*,#1722,.F.);
#5881 = ORIENTED_EDGE('',*,*,#5882,.T.);
#5882 = EDGE_CURVE('',#1715,#450,#5883,.T.);
#5883 = LINE('',#5884,#5885);
#5884 = CARTESIAN_POINT('',(116.12100219726,10.878700256348,0.));
#5885 = VECTOR('',#5886,1.);
#5886 = DIRECTION('',(0.,0.,1.));
#5887 = ORIENTED_EDGE('',*,*,#449,.F.);
#5888 = PLANE('',#5889);
#5889 = AXIS2_PLACEMENT_3D('',#5890,#5891,#5892);
#5890 = CARTESIAN_POINT('',(116.44650268554,11.365300178528,1.5));
#5891 = DIRECTION('',(-0.831181640227,0.556000972076,-0.));
#5892 = DIRECTION('',(-0.556000972076,-0.831181640227,0.));
#5893 = ADVANCED_FACE('',(#5894),#5910,.T.);
#5894 = FACE_BOUND('',#5895,.T.);
#5895 = EDGE_LOOP('',(#5896,#5897,#5903,#5904));
#5896 = ORIENTED_EDGE('',*,*,#105,.F.);
#5897 = ORIENTED_EDGE('',*,*,#5898,.T.);
#5898 = EDGE_CURVE('',#98,#1697,#5899,.T.);
#5899 = LINE('',#5900,#5901);
#5900 = CARTESIAN_POINT('',(90.,10.,3.));
#5901 = VECTOR('',#5902,1.);
#5902 = DIRECTION('',(0.,0.,-1.));
#5903 = ORIENTED_EDGE('',*,*,#2066,.F.);
#5904 = ORIENTED_EDGE('',*,*,#5905,.T.);
#5905 = EDGE_CURVE('',#2059,#106,#5906,.T.);
#5906 = LINE('',#5907,#5908);
#5907 = CARTESIAN_POINT('',(88.851997375488,10.228400230408,0.));
#5908 = VECTOR('',#5909,1.);
#5909 = DIRECTION('',(0.,0.,1.));
#5910 = PLANE('',#5911);
#5911 = AXIS2_PLACEMENT_3D('',#5912,#5913,#5914);
#5912 = CARTESIAN_POINT('',(89.425998687744,10.114200115204,1.5));
#5913 = DIRECTION('',(0.195130024364,0.98077738228,0.));
#5914 = DIRECTION('',(0.98077738228,-0.195130024364,0.));
#5915 = ADVANCED_FACE('',(#5916),#5932,.T.);
#5916 = FACE_BOUND('',#5917,.T.);
#5917 = EDGE_LOOP('',(#5918,#5919,#5925,#5926));
#5918 = ORIENTED_EDGE('',*,*,#161,.F.);
#5919 = ORIENTED_EDGE('',*,*,#5920,.T.);
#5920 = EDGE_CURVE('',#154,#2011,#5921,.T.);
#5921 = LINE('',#5922,#5923);
#5922 = CARTESIAN_POINT('',(87.878700256348,29.121299743652,3.));
#5923 = VECTOR('',#5924,1.);
#5924 = DIRECTION('',(0.,0.,-1.));
#5925 = ORIENTED_EDGE('',*,*,#2010,.F.);
#5926 = ORIENTED_EDGE('',*,*,#5927,.T.);
#5927 = EDGE_CURVE('',#2003,#162,#5928,.T.);
#5928 = LINE('',#5929,#5930);
#5929 = CARTESIAN_POINT('',(88.851997375488,29.771600723267,0.));
#5930 = VECTOR('',#5931,1.);
#5931 = DIRECTION('',(0.,0.,1.));
#5932 = PLANE('',#5933);
#5933 = AXIS2_PLACEMENT_3D('',#5934,#5935,#5936);
#5934 = CARTESIAN_POINT('',(88.365348815918,29.446450233459,1.5));
#5935 = DIRECTION('',(0.555549346654,-0.831483567746,-0.));
#5936 = DIRECTION('',(-0.831483567746,-0.555549346654,0.));
#5937 = ADVANCED_FACE('',(#5938),#5954,.T.);
#5938 = FACE_BOUND('',#5939,.T.);
#5939 = EDGE_LOOP('',(#5940,#5946,#5947,#5953));
#5940 = ORIENTED_EDGE('',*,*,#5941,.T.);
#5941 = EDGE_CURVE('',#2027,#138,#5942,.T.);
#5942 = LINE('',#5943,#5944);
#5943 = CARTESIAN_POINT('',(87.,27.,0.));
#5944 = VECTOR('',#5945,1.);
#5945 = DIRECTION('',(0.,0.,1.));
#5946 = ORIENTED_EDGE('',*,*,#137,.F.);
#5947 = ORIENTED_EDGE('',*,*,#5948,.T.);
#5948 = EDGE_CURVE('',#130,#2035,#5949,.T.);
#5949 = LINE('',#5950,#5951);
#5950 = CARTESIAN_POINT('',(87.,13.,3.));
#5951 = VECTOR('',#5952,1.);
#5952 = DIRECTION('',(0.,0.,-1.));
#5953 = ORIENTED_EDGE('',*,*,#2034,.F.);
#5954 = PLANE('',#5955);
#5955 = AXIS2_PLACEMENT_3D('',#5956,#5957,#5958);
#5956 = CARTESIAN_POINT('',(87.,20.,1.5));
#5957 = DIRECTION('',(1.,0.,0.));
#5958 = DIRECTION('',(-0.,0.,1.));
#5959 = ADVANCED_FACE('',(#5960),#5976,.T.);
#5960 = FACE_BOUND('',#5961,.T.);
#5961 = EDGE_LOOP('',(#5962,#5968,#5969,#5975));
#5962 = ORIENTED_EDGE('',*,*,#5963,.T.);
#5963 = EDGE_CURVE('',#1915,#250,#5964,.T.);
#5964 = LINE('',#5965,#5966);
#5965 = CARTESIAN_POINT('',(87.,67.,0.));
#5966 = VECTOR('',#5967,1.);
#5967 = DIRECTION('',(0.,0.,1.));
#5968 = ORIENTED_EDGE('',*,*,#249,.F.);
#5969 = ORIENTED_EDGE('',*,*,#5970,.T.);
#5970 = EDGE_CURVE('',#242,#1923,#5971,.T.);
#5971 = LINE('',#5972,#5973);
#5972 = CARTESIAN_POINT('',(87.,53.,3.));
#5973 = VECTOR('',#5974,1.);
#5974 = DIRECTION('',(0.,0.,-1.));
#5975 = ORIENTED_EDGE('',*,*,#1922,.F.);
#5976 = PLANE('',#5977);
#5977 = AXIS2_PLACEMENT_3D('',#5978,#5979,#5980);
#5978 = CARTESIAN_POINT('',(87.,60.,1.5));
#5979 = DIRECTION('',(1.,0.,0.));
#5980 = DIRECTION('',(-0.,0.,1.));
#5981 = ADVANCED_FACE('',(#5982),#5993,.T.);
#5982 = FACE_BOUND('',#5983,.T.);
#5983 = EDGE_LOOP('',(#5984,#5985,#5986,#5987));
#5984 = ORIENTED_EDGE('',*,*,#169,.F.);
#5985 = ORIENTED_EDGE('',*,*,#5927,.F.);
#5986 = ORIENTED_EDGE('',*,*,#2002,.F.);
#5987 = ORIENTED_EDGE('',*,*,#5988,.T.);
#5988 = EDGE_CURVE('',#1995,#170,#5989,.T.);
#5989 = LINE('',#5990,#5991);
#5990 = CARTESIAN_POINT('',(90.,30.,0.));
#5991 = VECTOR('',#5992,1.);
#5992 = DIRECTION('',(0.,0.,1.));
#5993 = PLANE('',#5994);
#5994 = AXIS2_PLACEMENT_3D('',#5995,#5996,#5997);
#5995 = CARTESIAN_POINT('',(89.425998687744,29.885800361633,1.5));
#5996 = DIRECTION('',(0.195129240631,-0.980777538207,-0.));
#5997 = DIRECTION('',(-0.980777538207,-0.195129240631,0.));
#5998 = ADVANCED_FACE('',(#5999),#6015,.T.);
#5999 = FACE_BOUND('',#6000,.T.);
#6000 = EDGE_LOOP('',(#6001,#6002,#6008,#6009));
#6001 = ORIENTED_EDGE('',*,*,#465,.F.);
#6002 = ORIENTED_EDGE('',*,*,#6003,.T.);
#6003 = EDGE_CURVE('',#458,#1707,#6004,.T.);
#6004 = LINE('',#6005,#6006);
#6005 = CARTESIAN_POINT('',(115.14800262451,10.228400230408,3.));
#6006 = VECTOR('',#6007,1.);
#6007 = DIRECTION('',(0.,0.,-1.));
#6008 = ORIENTED_EDGE('',*,*,#1706,.F.);
#6009 = ORIENTED_EDGE('',*,*,#6010,.T.);
#6010 = EDGE_CURVE('',#1699,#96,#6011,.T.);
#6011 = LINE('',#6012,#6013);
#6012 = CARTESIAN_POINT('',(114.,10.,0.));
#6013 = VECTOR('',#6014,1.);
#6014 = DIRECTION('',(0.,0.,1.));
#6015 = PLANE('',#6016);
#6016 = AXIS2_PLACEMENT_3D('',#6017,#6018,#6019);
#6017 = CARTESIAN_POINT('',(114.57400131225,10.114200115204,1.5));
#6018 = DIRECTION('',(-0.195130024364,0.98077738228,0.));
#6019 = DIRECTION('',(0.98077738228,0.195130024364,0.));
#6020 = ADVANCED_FACE('',(#6021),#6027,.T.);
#6021 = FACE_BOUND('',#6022,.T.);
#6022 = EDGE_LOOP('',(#6023,#6024,#6025,#6026));
#6023 = ORIENTED_EDGE('',*,*,#177,.F.);
#6024 = ORIENTED_EDGE('',*,*,#5988,.F.);
#6025 = ORIENTED_EDGE('',*,*,#1994,.F.);
#6026 = ORIENTED_EDGE('',*,*,#5813,.F.);
#6027 = PLANE('',#6028);
#6028 = AXIS2_PLACEMENT_3D('',#6029,#6030,#6031);
#6029 = CARTESIAN_POINT('',(102.,30.,1.5));
#6030 = DIRECTION('',(-0.,-1.,-0.));
#6031 = DIRECTION('',(0.,0.,-1.));
#6032 = ADVANCED_FACE('',(#6033),#6044,.T.);
#6033 = FACE_BOUND('',#6034,.T.);
#6034 = EDGE_LOOP('',(#6035,#6036,#6037,#6038));
#6035 = ORIENTED_EDGE('',*,*,#113,.F.);
#6036 = ORIENTED_EDGE('',*,*,#5905,.F.);
#6037 = ORIENTED_EDGE('',*,*,#2058,.F.);
#6038 = ORIENTED_EDGE('',*,*,#6039,.T.);
#6039 = EDGE_CURVE('',#2051,#114,#6040,.T.);
#6040 = LINE('',#6041,#6042);
#6041 = CARTESIAN_POINT('',(87.878700256348,10.878700256348,0.));
#6042 = VECTOR('',#6043,1.);
#6043 = DIRECTION('',(0.,0.,1.));
#6044 = PLANE('',#6045);
#6045 = AXIS2_PLACEMENT_3D('',#6046,#6047,#6048);
#6046 = CARTESIAN_POINT('',(88.365348815918,10.553550243378,1.5));
#6047 = DIRECTION('',(0.555548783385,0.83148394409,0.));
#6048 = DIRECTION('',(0.83148394409,-0.555548783385,0.));
#6049 = ADVANCED_FACE('',(#6050),#6056,.T.);
#6050 = FACE_BOUND('',#6051,.T.);
#6051 = EDGE_LOOP('',(#6052,#6053,#6054,#6055));
#6052 = ORIENTED_EDGE('',*,*,#457,.F.);
#6053 = ORIENTED_EDGE('',*,*,#5882,.F.);
#6054 = ORIENTED_EDGE('',*,*,#1714,.F.);
#6055 = ORIENTED_EDGE('',*,*,#6003,.F.);
#6056 = PLANE('',#6057);
#6057 = AXIS2_PLACEMENT_3D('',#6058,#6059,#6060);
#6058 = CARTESIAN_POINT('',(115.63450241088,10.553550243378,1.5));
#6059 = DIRECTION('',(-0.555666221881,0.831405466581,0.));
#6060 = DIRECTION('',(0.831405466581,0.555666221881,0.));
#6061 = ADVANCED_FACE('',(#6062),#6073,.T.);
#6062 = FACE_BOUND('',#6063,.T.);
#6063 = EDGE_LOOP('',(#6064,#6065,#6066,#6072));
#6064 = ORIENTED_EDGE('',*,*,#5920,.F.);
#6065 = ORIENTED_EDGE('',*,*,#153,.F.);
#6066 = ORIENTED_EDGE('',*,*,#6067,.T.);
#6067 = EDGE_CURVE('',#146,#2019,#6068,.T.);
#6068 = LINE('',#6069,#6070);
#6069 = CARTESIAN_POINT('',(87.228401184082,28.148000717163,3.));
#6070 = VECTOR('',#6071,1.);
#6071 = DIRECTION('',(0.,0.,-1.));
#6072 = ORIENTED_EDGE('',*,*,#2018,.F.);
#6073 = PLANE('',#6074);
#6074 = AXIS2_PLACEMENT_3D('',#6075,#6076,#6077);
#6075 = CARTESIAN_POINT('',(87.553550720215,28.634650230408,1.5));
#6076 = DIRECTION('',(0.831484823333,-0.555547467428,0.));
#6077 = DIRECTION('',(0.555547467428,0.831484823333,0.));
#6078 = ADVANCED_FACE('',(#6079),#6085,.T.);
#6079 = FACE_BOUND('',#6080,.T.);
#6080 = EDGE_LOOP('',(#6081,#6082,#6083,#6084));
#6081 = ORIENTED_EDGE('',*,*,#95,.F.);
#6082 = ORIENTED_EDGE('',*,*,#6010,.F.);
#6083 = ORIENTED_EDGE('',*,*,#1696,.F.);
#6084 = ORIENTED_EDGE('',*,*,#5898,.F.);
#6085 = PLANE('',#6086);
#6086 = AXIS2_PLACEMENT_3D('',#6087,#6088,#6089);
#6087 = CARTESIAN_POINT('',(102.,10.,1.5));
#6088 = DIRECTION('',(0.,1.,0.));
#6089 = DIRECTION('',(0.,-0.,1.));
#6090 = ADVANCED_FACE('',(#6091),#6102,.T.);
#6091 = FACE_BOUND('',#6092,.T.);
#6092 = EDGE_LOOP('',(#6093,#6099,#6100,#6101));
#6093 = ORIENTED_EDGE('',*,*,#6094,.T.);
#6094 = EDGE_CURVE('',#2043,#122,#6095,.T.);
#6095 = LINE('',#6096,#6097);
#6096 = CARTESIAN_POINT('',(87.228401184082,11.851900100708,0.));
#6097 = VECTOR('',#6098,1.);
#6098 = DIRECTION('',(0.,0.,1.));
#6099 = ORIENTED_EDGE('',*,*,#121,.F.);
#6100 = ORIENTED_EDGE('',*,*,#6039,.F.);
#6101 = ORIENTED_EDGE('',*,*,#2050,.F.);
#6102 = PLANE('',#6103);
#6103 = AXIS2_PLACEMENT_3D('',#6104,#6105,#6106);
#6104 = CARTESIAN_POINT('',(87.553550720215,11.365300178528,1.5));
#6105 = DIRECTION('',(0.83145866984,0.555586609223,0.));
#6106 = DIRECTION('',(-0.555586609223,0.83145866984,0.));
#6107 = ADVANCED_FACE('',(#6108),#6114,.T.);
#6108 = FACE_BOUND('',#6109,.T.);
#6109 = EDGE_LOOP('',(#6110,#6111,#6112,#6113));
#6110 = ORIENTED_EDGE('',*,*,#5948,.F.);
#6111 = ORIENTED_EDGE('',*,*,#129,.F.);
#6112 = ORIENTED_EDGE('',*,*,#6094,.F.);
#6113 = ORIENTED_EDGE('',*,*,#2042,.F.);
#6114 = PLANE('',#6115);
#6115 = AXIS2_PLACEMENT_3D('',#6116,#6117,#6118);
#6116 = CARTESIAN_POINT('',(87.114200592041,12.425950050354,1.5));
#6117 = DIRECTION('',(0.980780390278,0.195114904724,0.));
#6118 = DIRECTION('',(-0.195114904724,0.980780390278,0.));
#6119 = ADVANCED_FACE('',(#6120),#6126,.T.);
#6120 = FACE_BOUND('',#6121,.T.);
#6121 = EDGE_LOOP('',(#6122,#6123,#6124,#6125));
#6122 = ORIENTED_EDGE('',*,*,#6067,.F.);
#6123 = ORIENTED_EDGE('',*,*,#145,.F.);
#6124 = ORIENTED_EDGE('',*,*,#5941,.F.);
#6125 = ORIENTED_EDGE('',*,*,#2026,.F.);
#6126 = PLANE('',#6127);
#6127 = AXIS2_PLACEMENT_3D('',#6128,#6129,#6130);
#6128 = CARTESIAN_POINT('',(87.114200592041,27.574000358582,1.5));
#6129 = DIRECTION('',(0.980777164307,-0.195131119954,0.));
#6130 = DIRECTION('',(0.195131119954,0.980777164307,0.));
#6131 = ADVANCED_FACE('',(#6132),#6148,.T.);
#6132 = FACE_BOUND('',#6133,.T.);
#6133 = EDGE_LOOP('',(#6134,#6135,#6141,#6142));
#6134 = ORIENTED_EDGE('',*,*,#297,.F.);
#6135 = ORIENTED_EDGE('',*,*,#6136,.T.);
#6136 = EDGE_CURVE('',#290,#1875,#6137,.T.);
#6137 = LINE('',#6138,#6139);
#6138 = CARTESIAN_POINT('',(114.,70.,3.));
#6139 = VECTOR('',#6140,1.);
#6140 = DIRECTION('',(0.,0.,-1.));
#6141 = ORIENTED_EDGE('',*,*,#1874,.F.);
#6142 = ORIENTED_EDGE('',*,*,#6143,.T.);
#6143 = EDGE_CURVE('',#1867,#298,#6144,.T.);
#6144 = LINE('',#6145,#6146);
#6145 = CARTESIAN_POINT('',(115.14800262451,69.771598815918,0.));
#6146 = VECTOR('',#6147,1.);
#6147 = DIRECTION('',(0.,0.,1.));
#6148 = PLANE('',#6149);
#6149 = AXIS2_PLACEMENT_3D('',#6150,#6151,#6152);
#6150 = CARTESIAN_POINT('',(114.57400131225,69.885799407959,1.5));
#6151 = DIRECTION('',(-0.195130808098,-0.980777226352,-0.));
#6152 = DIRECTION('',(-0.980777226352,0.195130808098,0.));
#6153 = ADVANCED_FACE('',(#6154),#6170,.T.);
#6154 = FACE_BOUND('',#6155,.T.);
#6155 = EDGE_LOOP('',(#6156,#6162,#6163,#6169));
#6156 = ORIENTED_EDGE('',*,*,#6157,.T.);
#6157 = EDGE_CURVE('',#306,#1859,#6158,.T.);
#6158 = LINE('',#6159,#6160);
#6159 = CARTESIAN_POINT('',(116.12100219726,69.121299743652,3.));
#6160 = VECTOR('',#6161,1.);
#6161 = DIRECTION('',(0.,0.,-1.));
#6162 = ORIENTED_EDGE('',*,*,#1858,.F.);
#6163 = ORIENTED_EDGE('',*,*,#6164,.T.);
#6164 = EDGE_CURVE('',#1851,#314,#6165,.T.);
#6165 = LINE('',#6166,#6167);
#6166 = CARTESIAN_POINT('',(116.77200317382,68.148002624512,0.));
#6167 = VECTOR('',#6168,1.);
#6168 = DIRECTION('',(0.,0.,1.));
#6169 = ORIENTED_EDGE('',*,*,#313,.F.);
#6170 = PLANE('',#6171);
#6171 = AXIS2_PLACEMENT_3D('',#6172,#6173,#6174);
#6172 = CARTESIAN_POINT('',(116.44650268554,68.634651184082,1.5));
#6173 = DIRECTION('',(-0.831207320539,-0.555962579931,-0.));
#6174 = DIRECTION('',(0.555962579931,-0.831207320539,0.));
#6175 = ADVANCED_FACE('',(#6176),#6192,.T.);
#6176 = FACE_BOUND('',#6177,.T.);
#6177 = EDGE_LOOP('',(#6178,#6179,#6185,#6186));
#6178 = ORIENTED_EDGE('',*,*,#217,.F.);
#6179 = ORIENTED_EDGE('',*,*,#6180,.T.);
#6180 = EDGE_CURVE('',#210,#1955,#6181,.T.);
#6181 = LINE('',#6182,#6183);
#6182 = CARTESIAN_POINT('',(90.,50.,3.));
#6183 = VECTOR('',#6184,1.);
#6184 = DIRECTION('',(0.,0.,-1.));
#6185 = ORIENTED_EDGE('',*,*,#1954,.F.);
#6186 = ORIENTED_EDGE('',*,*,#6187,.T.);
#6187 = EDGE_CURVE('',#1947,#218,#6188,.T.);
#6188 = LINE('',#6189,#6190);
#6189 = CARTESIAN_POINT('',(88.851997375488,50.228401184082,0.));
#6190 = VECTOR('',#6191,1.);
#6191 = DIRECTION('',(0.,0.,1.));
#6192 = PLANE('',#6193);
#6193 = AXIS2_PLACEMENT_3D('',#6194,#6195,#6196);
#6194 = CARTESIAN_POINT('',(89.425998687744,50.114200592041,1.5));
#6195 = DIRECTION('',(0.195130808098,0.980777226352,0.));
#6196 = DIRECTION('',(0.980777226352,-0.195130808098,0.));
#6197 = ADVANCED_FACE('',(#6198),#6214,.T.);
#6198 = FACE_BOUND('',#6199,.T.);
#6199 = EDGE_LOOP('',(#6200,#6201,#6207,#6208));
#6200 = ORIENTED_EDGE('',*,*,#273,.F.);
#6201 = ORIENTED_EDGE('',*,*,#6202,.T.);
#6202 = EDGE_CURVE('',#266,#1899,#6203,.T.);
#6203 = LINE('',#6204,#6205);
#6204 = CARTESIAN_POINT('',(87.878700256348,69.121299743652,3.));
#6205 = VECTOR('',#6206,1.);
#6206 = DIRECTION('',(0.,0.,-1.));
#6207 = ORIENTED_EDGE('',*,*,#1898,.F.);
#6208 = ORIENTED_EDGE('',*,*,#6209,.T.);
#6209 = EDGE_CURVE('',#1891,#274,#6210,.T.);
#6210 = LINE('',#6211,#6212);
#6211 = CARTESIAN_POINT('',(88.851997375488,69.771598815918,0.));
#6212 = VECTOR('',#6213,1.);
#6213 = DIRECTION('',(0.,0.,1.));
#6214 = PLANE('',#6215);
#6215 = AXIS2_PLACEMENT_3D('',#6216,#6217,#6218);
#6216 = CARTESIAN_POINT('',(88.365348815918,69.446449279785,1.5));
#6217 = DIRECTION('',(0.555548220115,-0.831484320434,-0.));
#6218 = DIRECTION('',(-0.831484320434,-0.555548220115,0.));
#6219 = ADVANCED_FACE('',(#6220),#6236,.T.);
#6220 = FACE_BOUND('',#6221,.T.);
#6221 = EDGE_LOOP('',(#6222,#6228,#6229,#6235));
#6222 = ORIENTED_EDGE('',*,*,#6223,.T.);
#6223 = EDGE_CURVE('',#1931,#234,#6224,.T.);
#6224 = LINE('',#6225,#6226);
#6225 = CARTESIAN_POINT('',(87.228401184082,51.852001190186,0.));
#6226 = VECTOR('',#6227,1.);
#6227 = DIRECTION('',(0.,0.,1.));
#6228 = ORIENTED_EDGE('',*,*,#233,.F.);
#6229 = ORIENTED_EDGE('',*,*,#6230,.T.);
#6230 = EDGE_CURVE('',#226,#1939,#6231,.T.);
#6231 = LINE('',#6232,#6233);
#6232 = CARTESIAN_POINT('',(87.878700256348,50.878700256348,3.));
#6233 = VECTOR('',#6234,1.);
#6234 = DIRECTION('',(0.,0.,-1.));
#6235 = ORIENTED_EDGE('',*,*,#1938,.F.);
#6236 = PLANE('',#6237);
#6237 = AXIS2_PLACEMENT_3D('',#6238,#6239,#6240);
#6238 = CARTESIAN_POINT('',(87.553550720215,51.365350723267,1.5));
#6239 = DIRECTION('',(0.831485326231,0.555546714744,0.));
#6240 = DIRECTION('',(-0.555546714744,0.831485326231,0.));
#6241 = ADVANCED_FACE('',(#6242),#6253,.T.);
#6242 = FACE_BOUND('',#6243,.T.);
#6243 = EDGE_LOOP('',(#6244,#6245,#6246,#6247));
#6244 = ORIENTED_EDGE('',*,*,#201,.F.);
#6245 = ORIENTED_EDGE('',*,*,#5756,.F.);
#6246 = ORIENTED_EDGE('',*,*,#1970,.F.);
#6247 = ORIENTED_EDGE('',*,*,#6248,.T.);
#6248 = EDGE_CURVE('',#1963,#202,#6249,.T.);
#6249 = LINE('',#6250,#6251);
#6250 = CARTESIAN_POINT('',(114.,50.,0.));
#6251 = VECTOR('',#6252,1.);
#6252 = DIRECTION('',(0.,0.,1.));
#6253 = PLANE('',#6254);
#6254 = AXIS2_PLACEMENT_3D('',#6255,#6256,#6257);
#6255 = CARTESIAN_POINT('',(114.5,50.099449157715,1.5));
#6256 = DIRECTION('',(-0.195077064561,0.980787917382,0.));
#6257 = DIRECTION('',(0.980787917382,0.195077064561,0.));
#6258 = ADVANCED_FACE('',(#6259),#6270,.T.);
#6259 = FACE_BOUND('',#6260,.T.);
#6260 = EDGE_LOOP('',(#6261,#6262,#6268,#6269));
#6261 = ORIENTED_EDGE('',*,*,#289,.F.);
#6262 = ORIENTED_EDGE('',*,*,#6263,.T.);
#6263 = EDGE_CURVE('',#282,#1883,#6264,.T.);
#6264 = LINE('',#6265,#6266);
#6265 = CARTESIAN_POINT('',(90.,70.,3.));
#6266 = VECTOR('',#6267,1.);
#6267 = DIRECTION('',(0.,0.,-1.));
#6268 = ORIENTED_EDGE('',*,*,#1882,.F.);
#6269 = ORIENTED_EDGE('',*,*,#6136,.F.);
#6270 = PLANE('',#6271);
#6271 = AXIS2_PLACEMENT_3D('',#6272,#6273,#6274);
#6272 = CARTESIAN_POINT('',(102.,70.,1.5));
#6273 = DIRECTION('',(-0.,-1.,-0.));
#6274 = DIRECTION('',(0.,0.,-1.));
#6275 = ADVANCED_FACE('',(#6276),#6282,.T.);
#6276 = FACE_BOUND('',#6277,.T.);
#6277 = EDGE_LOOP('',(#6278,#6279,#6280,#6281));
#6278 = ORIENTED_EDGE('',*,*,#225,.F.);
#6279 = ORIENTED_EDGE('',*,*,#6187,.F.);
#6280 = ORIENTED_EDGE('',*,*,#1946,.F.);
#6281 = ORIENTED_EDGE('',*,*,#6230,.F.);
#6282 = PLANE('',#6283);
#6283 = AXIS2_PLACEMENT_3D('',#6284,#6285,#6286);
#6284 = CARTESIAN_POINT('',(88.365348815918,50.553550720215,1.5));
#6285 = DIRECTION('',(0.555548220115,0.831484320434,0.));
#6286 = DIRECTION('',(0.831484320434,-0.555548220115,0.));
#6287 = ADVANCED_FACE('',(#6288),#6299,.T.);
#6288 = FACE_BOUND('',#6289,.T.);
#6289 = EDGE_LOOP('',(#6290,#6291,#6292,#6298));
#6290 = ORIENTED_EDGE('',*,*,#6202,.F.);
#6291 = ORIENTED_EDGE('',*,*,#265,.F.);
#6292 = ORIENTED_EDGE('',*,*,#6293,.T.);
#6293 = EDGE_CURVE('',#258,#1907,#6294,.T.);
#6294 = LINE('',#6295,#6296);
#6295 = CARTESIAN_POINT('',(87.228401184082,68.148002624512,3.));
#6296 = VECTOR('',#6297,1.);
#6297 = DIRECTION('',(0.,0.,-1.));
#6298 = ORIENTED_EDGE('',*,*,#1906,.F.);
#6299 = PLANE('',#6300);
#6300 = AXIS2_PLACEMENT_3D('',#6301,#6302,#6303);
#6301 = CARTESIAN_POINT('',(87.553550720215,68.634651184082,1.5));
#6302 = DIRECTION('',(0.831484320434,-0.555548220115,0.));
#6303 = DIRECTION('',(0.555548220115,0.831484320434,0.));
#6304 = ADVANCED_FACE('',(#6305),#6311,.T.);
#6305 = FACE_BOUND('',#6306,.T.);
#6306 = EDGE_LOOP('',(#6307,#6308,#6309,#6310));
#6307 = ORIENTED_EDGE('',*,*,#305,.F.);
#6308 = ORIENTED_EDGE('',*,*,#6143,.F.);
#6309 = ORIENTED_EDGE('',*,*,#1866,.F.);
#6310 = ORIENTED_EDGE('',*,*,#6157,.F.);
#6311 = PLANE('',#6312);
#6312 = AXIS2_PLACEMENT_3D('',#6313,#6314,#6315);
#6313 = CARTESIAN_POINT('',(115.63450241088,69.446449279785,1.5));
#6314 = DIRECTION('',(-0.555665658598,-0.831405843048,-0.));
#6315 = DIRECTION('',(-0.831405843048,0.555665658598,0.));
#6316 = ADVANCED_FACE('',(#6317),#6323,.T.);
#6317 = FACE_BOUND('',#6318,.T.);
#6318 = EDGE_LOOP('',(#6319,#6320,#6321,#6322));
#6319 = ORIENTED_EDGE('',*,*,#209,.F.);
#6320 = ORIENTED_EDGE('',*,*,#6248,.F.);
#6321 = ORIENTED_EDGE('',*,*,#1962,.F.);
#6322 = ORIENTED_EDGE('',*,*,#6180,.F.);
#6323 = PLANE('',#6324);
#6324 = AXIS2_PLACEMENT_3D('',#6325,#6326,#6327);
#6325 = CARTESIAN_POINT('',(102.,50.,1.5));
#6326 = DIRECTION('',(0.,1.,0.));
#6327 = DIRECTION('',(0.,-0.,1.));
#6328 = ADVANCED_FACE('',(#6329),#6335,.T.);
#6329 = FACE_BOUND('',#6330,.T.);
#6330 = EDGE_LOOP('',(#6331,#6332,#6333,#6334));
#6331 = ORIENTED_EDGE('',*,*,#6293,.F.);
#6332 = ORIENTED_EDGE('',*,*,#257,.F.);
#6333 = ORIENTED_EDGE('',*,*,#5963,.F.);
#6334 = ORIENTED_EDGE('',*,*,#1914,.F.);
#6335 = PLANE('',#6336);
#6336 = AXIS2_PLACEMENT_3D('',#6337,#6338,#6339);
#6337 = CARTESIAN_POINT('',(87.114200592041,67.574001312256,1.5));
#6338 = DIRECTION('',(0.980777226352,-0.195130808098,0.));
#6339 = DIRECTION('',(0.195130808098,0.980777226352,0.));
#6340 = ADVANCED_FACE('',(#6341),#6347,.T.);
#6341 = FACE_BOUND('',#6342,.T.);
#6342 = EDGE_LOOP('',(#6343,#6344,#6345,#6346));
#6343 = ORIENTED_EDGE('',*,*,#281,.F.);
#6344 = ORIENTED_EDGE('',*,*,#6209,.F.);
#6345 = ORIENTED_EDGE('',*,*,#1890,.F.);
#6346 = ORIENTED_EDGE('',*,*,#6263,.F.);
#6347 = PLANE('',#6348);
#6348 = AXIS2_PLACEMENT_3D('',#6349,#6350,#6351);
#6349 = CARTESIAN_POINT('',(89.425998687744,69.885799407959,1.5));
#6350 = DIRECTION('',(0.195130808098,-0.980777226352,-0.));
#6351 = DIRECTION('',(-0.980777226352,-0.195130808098,0.));
#6352 = ADVANCED_FACE('',(#6353),#6359,.T.);
#6353 = FACE_BOUND('',#6354,.T.);
#6354 = EDGE_LOOP('',(#6355,#6356,#6357,#6358));
#6355 = ORIENTED_EDGE('',*,*,#6164,.F.);
#6356 = ORIENTED_EDGE('',*,*,#1850,.F.);
#6357 = ORIENTED_EDGE('',*,*,#5863,.F.);
#6358 = ORIENTED_EDGE('',*,*,#321,.F.);
#6359 = PLANE('',#6360);
#6360 = AXIS2_PLACEMENT_3D('',#6361,#6362,#6363);
#6361 = CARTESIAN_POINT('',(116.88600158691,67.574001312256,1.5));
#6362 = DIRECTION('',(-0.980843287927,-0.194798471575,-0.));
#6363 = DIRECTION('',(0.194798471575,-0.980843287927,0.));
#6364 = ADVANCED_FACE('',(#6365),#6371,.T.);
#6365 = FACE_BOUND('',#6366,.T.);
#6366 = EDGE_LOOP('',(#6367,#6368,#6369,#6370));
#6367 = ORIENTED_EDGE('',*,*,#5970,.F.);
#6368 = ORIENTED_EDGE('',*,*,#241,.F.);
#6369 = ORIENTED_EDGE('',*,*,#6223,.F.);
#6370 = ORIENTED_EDGE('',*,*,#1930,.F.);
#6371 = PLANE('',#6372);
#6372 = AXIS2_PLACEMENT_3D('',#6373,#6374,#6375);
#6373 = CARTESIAN_POINT('',(87.114200592041,52.426000595093,1.5));
#6374 = DIRECTION('',(0.980777102261,0.195131431811,0.));
#6375 = DIRECTION('',(-0.195131431811,0.980777102261,0.));
#6376 = ( GEOMETRIC_REPRESENTATION_CONTEXT(3) 
GLOBAL_UNCERTAINTY_ASSIGNED_CONTEXT((#6380)) 
GLOBAL_UNIT_ASSIGNED_CONTEXT((#6377,#6378,#6379)) REPRESENTATION_CONTEXT
('Context #1','3D Context with UNIT and UNCERTAINTY') );
#6377 = ( LENGTH_UNIT() NAMED_UNIT(*) SI_UNIT(.MILLI.,.METRE.) );
#6378 = ( NAMED_UNIT(*) PLANE_ANGLE_UNIT() SI_UNIT($,.RADIAN.) );
#6379 = ( NAMED_UNIT(*) SI_UNIT($,.STERADIAN.) SOLID_ANGLE_UNIT() );
#6380 = UNCERTAINTY_MEASURE_WITH_UNIT(LENGTH_MEASURE(1.E-07),#6377,
  'distance_accuracy_value','confusion accuracy');
#6381 = PRODUCT_RELATED_PRODUCT_CATEGORY('part',$,(#7));
ENDSEC;
END-ISO-10303-21;
