solid OpenSCAD_Model
  facet normal 1 0 0
    outer loop
      vertex 15 12 20
      vertex 15 10.6 10
      vertex 15 12 0
    endloop
  endfacet
  facet normal 1 0 0
    outer loop
      vertex 15 12 20
      vertex 15 10.5116 10.8974
      vertex 15 10.6 10
    endloop
  endfacet
  facet normal 1 0 0
    outer loop
      vertex 15 12 20
      vertex 15 10.2498 11.7603
      vertex 15 10.5116 10.8974
    endloop
  endfacet
  facet normal 1 0 0
    outer loop
      vertex 15 12 20
      vertex 15 9.82476 12.5556
      vertex 15 10.2498 11.7603
    endloop
  endfacet
  facet normal 1 0 0
    outer loop
      vertex 15 12 20
      vertex 15 9.25269 13.2527
      vertex 15 9.82476 12.5556
    endloop
  endfacet
  facet normal 1 0 0
    outer loop
      vertex 15 12 20
      vertex 15 8.55562 13.8248
      vertex 15 9.25269 13.2527
    endloop
  endfacet
  facet normal 1 0 0
    outer loop
      vertex 15 12 20
      vertex 15 7.76034 14.2498
      vertex 15 8.55562 13.8248
    endloop
  endfacet
  facet normal 1 0 0
    outer loop
      vertex 15 12 20
      vertex 15 6.89742 14.5116
      vertex 15 7.76034 14.2498
    endloop
  endfacet
  facet normal 1 0 0
    outer loop
      vertex 15 12 20
      vertex 15 6 14.6
      vertex 15 6.89742 14.5116
    endloop
  endfacet
  facet normal 1 -0 0
    outer loop
      vertex 15 0 20
      vertex 15 6 14.6
      vertex 15 12 20
    endloop
  endfacet
  facet normal 1 0 0
    outer loop
      vertex 15 6 14.6
      vertex 15 0 20
      vertex 15 5.10258 14.5116
    endloop
  endfacet
  facet normal 1 0 0
    outer loop
      vertex 15 5.10258 14.5116
      vertex 15 0 20
      vertex 15 4.23966 14.2498
    endloop
  endfacet
  facet normal 1 0 0
    outer loop
      vertex 15 1.48839 10.8974
      vertex 15 0 20
      vertex 15 1.4 10
    endloop
  endfacet
  facet normal 1 0 0
    outer loop
      vertex 15 1.75015 11.7603
      vertex 15 0 20
      vertex 15 1.48839 10.8974
    endloop
  endfacet
  facet normal 1 0 0
    outer loop
      vertex 15 2.17524 12.5556
      vertex 15 0 20
      vertex 15 1.75015 11.7603
    endloop
  endfacet
  facet normal 1 0 0
    outer loop
      vertex 15 2.74731 13.2527
      vertex 15 0 20
      vertex 15 2.17524 12.5556
    endloop
  endfacet
  facet normal 1 0 0
    outer loop
      vertex 15 3.44438 13.8248
      vertex 15 0 20
      vertex 15 2.74731 13.2527
    endloop
  endfacet
  facet normal 1 0 0
    outer loop
      vertex 15 4.23966 14.2498
      vertex 15 0 20
      vertex 15 3.44438 13.8248
    endloop
  endfacet
  facet normal 1 -0 0
    outer loop
      vertex 15 10.5116 9.10258
      vertex 15 12 0
      vertex 15 10.6 10
    endloop
  endfacet
  facet normal 1 -0 0
    outer loop
      vertex 15 10.2498 8.23966
      vertex 15 12 0
      vertex 15 10.5116 9.10258
    endloop
  endfacet
  facet normal 1 -0 0
    outer loop
      vertex 15 9.82476 7.44438
      vertex 15 12 0
      vertex 15 10.2498 8.23966
    endloop
  endfacet
  facet normal 1 -0 0
    outer loop
      vertex 15 9.25269 6.74731
      vertex 15 12 0
      vertex 15 9.82476 7.44438
    endloop
  endfacet
  facet normal 1 -0 0
    outer loop
      vertex 15 8.55562 6.17524
      vertex 15 12 0
      vertex 15 9.25269 6.74731
    endloop
  endfacet
  facet normal 1 -0 0
    outer loop
      vertex 15 7.76034 5.75015
      vertex 15 12 0
      vertex 15 8.55562 6.17524
    endloop
  endfacet
  facet normal 1 -0 0
    outer loop
      vertex 15 6.89742 5.48839
      vertex 15 12 0
      vertex 15 7.76034 5.75015
    endloop
  endfacet
  facet normal 1 -0 0
    outer loop
      vertex 15 6 5.4
      vertex 15 12 0
      vertex 15 6.89742 5.48839
    endloop
  endfacet
  facet normal 1 0 0
    outer loop
      vertex 15 0 0
      vertex 15 6 5.4
      vertex 15 5.10258 5.48839
    endloop
  endfacet
  facet normal 1 0 0
    outer loop
      vertex 15 0 0
      vertex 15 5.10258 5.48839
      vertex 15 4.23966 5.75015
    endloop
  endfacet
  facet normal 1 0 0
    outer loop
      vertex 15 0 0
      vertex 15 4.23966 5.75015
      vertex 15 3.44438 6.17524
    endloop
  endfacet
  facet normal 1 0 0
    outer loop
      vertex 15 0 0
      vertex 15 1.4 10
      vertex 15 0 20
    endloop
  endfacet
  facet normal 1 0 0
    outer loop
      vertex 15 6 5.4
      vertex 15 0 0
      vertex 15 12 0
    endloop
  endfacet
  facet normal 1 0 0
    outer loop
      vertex 15 2.74731 6.74731
      vertex 15 0 0
      vertex 15 3.44438 6.17524
    endloop
  endfacet
  facet normal 1 0 0
    outer loop
      vertex 15 2.17524 7.44438
      vertex 15 0 0
      vertex 15 2.74731 6.74731
    endloop
  endfacet
  facet normal 1 0 0
    outer loop
      vertex 15 1.75015 8.23966
      vertex 15 0 0
      vertex 15 2.17524 7.44438
    endloop
  endfacet
  facet normal 1 0 0
    outer loop
      vertex 15 1.48839 9.10258
      vertex 15 0 0
      vertex 15 1.75015 8.23966
    endloop
  endfacet
  facet normal 1 0 0
    outer loop
      vertex 15 1.4 10
      vertex 15 0 0
      vertex 15 1.48839 9.10258
    endloop
  endfacet
  facet normal 0 0 1
    outer loop
      vertex 15 12 20
      vertex 6.6 6 20
      vertex 15 0 20
    endloop
  endfacet
  facet normal 0 0 1
    outer loop
      vertex 15 12 20
      vertex 6.56926 6.31214 20
      vertex 6.6 6 20
    endloop
  endfacet
  facet normal 0 0 1
    outer loop
      vertex 15 12 20
      vertex 6.47821 6.61229 20
      vertex 6.56926 6.31214 20
    endloop
  endfacet
  facet normal 0 0 1
    outer loop
      vertex 15 12 20
      vertex 6.33035 6.88891 20
      vertex 6.47821 6.61229 20
    endloop
  endfacet
  facet normal 0 0 1
    outer loop
      vertex 15 12 20
      vertex 6.13137 7.13137 20
      vertex 6.33035 6.88891 20
    endloop
  endfacet
  facet normal 0 0 1
    outer loop
      vertex 15 12 20
      vertex 5.88891 7.33035 20
      vertex 6.13137 7.13137 20
    endloop
  endfacet
  facet normal 0 0 1
    outer loop
      vertex 15 12 20
      vertex 5.61229 7.47821 20
      vertex 5.88891 7.33035 20
    endloop
  endfacet
  facet normal 0 0 1
    outer loop
      vertex 15 12 20
      vertex 5.31214 7.56926 20
      vertex 5.61229 7.47821 20
    endloop
  endfacet
  facet normal -0 0 1
    outer loop
      vertex 0 12 20
      vertex 5.31214 7.56926 20
      vertex 15 12 20
    endloop
  endfacet
  facet normal 0 0 1
    outer loop
      vertex 5.31214 7.56926 20
      vertex 0 12 20
      vertex 5 7.6 20
    endloop
  endfacet
  facet normal 0 0 1
    outer loop
      vertex 5 7.6 20
      vertex 0 12 20
      vertex 4.68785 7.56926 20
    endloop
  endfacet
  facet normal 0 0 1
    outer loop
      vertex 3.43074 6.31214 20
      vertex 0 12 20
      vertex 3.4 6 20
    endloop
  endfacet
  facet normal 0 0 1
    outer loop
      vertex 3.52179 6.61229 20
      vertex 0 12 20
      vertex 3.43074 6.31214 20
    endloop
  endfacet
  facet normal 0 0 1
    outer loop
      vertex 3.66965 6.88891 20
      vertex 0 12 20
      vertex 3.52179 6.61229 20
    endloop
  endfacet
  facet normal 0 0 1
    outer loop
      vertex 3.86863 7.13137 20
      vertex 0 12 20
      vertex 3.66965 6.88891 20
    endloop
  endfacet
  facet normal 0 0 1
    outer loop
      vertex 4.11109 7.33035 20
      vertex 0 12 20
      vertex 3.86863 7.13137 20
    endloop
  endfacet
  facet normal 0 0 1
    outer loop
      vertex 4.38771 7.47821 20
      vertex 0 12 20
      vertex 4.11109 7.33035 20
    endloop
  endfacet
  facet normal 0 0 1
    outer loop
      vertex 4.68785 7.56926 20
      vertex 0 12 20
      vertex 4.38771 7.47821 20
    endloop
  endfacet
  facet normal -0 0 1
    outer loop
      vertex 6.56926 5.68785 20
      vertex 15 0 20
      vertex 6.6 6 20
    endloop
  endfacet
  facet normal -0 0 1
    outer loop
      vertex 6.47821 5.38771 20
      vertex 15 0 20
      vertex 6.56926 5.68785 20
    endloop
  endfacet
  facet normal -0 0 1
    outer loop
      vertex 6.33035 5.11109 20
      vertex 15 0 20
      vertex 6.47821 5.38771 20
    endloop
  endfacet
  facet normal -0 0 1
    outer loop
      vertex 6.13137 4.86863 20
      vertex 15 0 20
      vertex 6.33035 5.11109 20
    endloop
  endfacet
  facet normal -0 0 1
    outer loop
      vertex 5.88891 4.66965 20
      vertex 15 0 20
      vertex 6.13137 4.86863 20
    endloop
  endfacet
  facet normal -0 0 1
    outer loop
      vertex 5.61229 4.52179 20
      vertex 15 0 20
      vertex 5.88891 4.66965 20
    endloop
  endfacet
  facet normal -0 0 1
    outer loop
      vertex 5.31214 4.43074 20
      vertex 15 0 20
      vertex 5.61229 4.52179 20
    endloop
  endfacet
  facet normal 0 0 1
    outer loop
      vertex 0 0 20
      vertex 5.31214 4.43074 20
      vertex 5 4.4 20
    endloop
  endfacet
  facet normal 0 0 1
    outer loop
      vertex 0 0 20
      vertex 5 4.4 20
      vertex 4.68785 4.43074 20
    endloop
  endfacet
  facet normal 0 0 1
    outer loop
      vertex 0 0 20
      vertex 4.68785 4.43074 20
      vertex 4.38771 4.52179 20
    endloop
  endfacet
  facet normal 0 0 1
    outer loop
      vertex 0 0 20
      vertex 3.4 6 20
      vertex 0 12 20
    endloop
  endfacet
  facet normal 0 0 1
    outer loop
      vertex 3.4 6 20
      vertex 0 0 20
      vertex 3.43074 5.68785 20
    endloop
  endfacet
  facet normal 0 0 1
    outer loop
      vertex 5.31214 4.43074 20
      vertex 0 0 20
      vertex 15 0 20
    endloop
  endfacet
  facet normal 0 0 1
    outer loop
      vertex 4.11109 4.66965 20
      vertex 0 0 20
      vertex 4.38771 4.52179 20
    endloop
  endfacet
  facet normal 0 0 1
    outer loop
      vertex 3.86863 4.86863 20
      vertex 0 0 20
      vertex 4.11109 4.66965 20
    endloop
  endfacet
  facet normal 0 0 1
    outer loop
      vertex 3.66965 5.11109 20
      vertex 0 0 20
      vertex 3.86863 4.86863 20
    endloop
  endfacet
  facet normal 0 0 1
    outer loop
      vertex 3.52179 5.38771 20
      vertex 0 0 20
      vertex 3.66965 5.11109 20
    endloop
  endfacet
  facet normal 0 0 1
    outer loop
      vertex 3.43074 5.68785 20
      vertex 0 0 20
      vertex 3.52179 5.38771 20
    endloop
  endfacet
  facet normal 0 0 -1
    outer loop
      vertex 15 0 0
      vertex 6.6 6 0
      vertex 15 12 0
    endloop
  endfacet
  facet normal 0 0 -1
    outer loop
      vertex 15 0 0
      vertex 6.56926 5.68785 0
      vertex 6.6 6 0
    endloop
  endfacet
  facet normal 0 0 -1
    outer loop
      vertex 15 0 0
      vertex 6.47821 5.38771 0
      vertex 6.56926 5.68785 0
    endloop
  endfacet
  facet normal 0 0 -1
    outer loop
      vertex 15 0 0
      vertex 6.33035 5.11109 0
      vertex 6.47821 5.38771 0
    endloop
  endfacet
  facet normal 0 0 -1
    outer loop
      vertex 15 0 0
      vertex 6.13137 4.86863 0
      vertex 6.33035 5.11109 0
    endloop
  endfacet
  facet normal 0 0 -1
    outer loop
      vertex 15 0 0
      vertex 5.88891 4.66965 0
      vertex 6.13137 4.86863 0
    endloop
  endfacet
  facet normal 0 0 -1
    outer loop
      vertex 15 0 0
      vertex 5.61229 4.52179 0
      vertex 5.88891 4.66965 0
    endloop
  endfacet
  facet normal 0 0 -1
    outer loop
      vertex 15 0 0
      vertex 5.31214 4.43074 0
      vertex 5.61229 4.52179 0
    endloop
  endfacet
  facet normal 0 0 -1
    outer loop
      vertex 0 0 0
      vertex 5.31214 4.43074 0
      vertex 15 0 0
    endloop
  endfacet
  facet normal 0 0 -1
    outer loop
      vertex 5.31214 4.43074 0
      vertex 0 0 0
      vertex 5 4.4 0
    endloop
  endfacet
  facet normal -0 0 -1
    outer loop
      vertex 5 4.4 0
      vertex 0 0 0
      vertex 4.68785 4.43074 0
    endloop
  endfacet
  facet normal -0 0 -1
    outer loop
      vertex 3.43074 5.68785 0
      vertex 0 0 0
      vertex 3.4 6 0
    endloop
  endfacet
  facet normal -0 0 -1
    outer loop
      vertex 3.52179 5.38771 0
      vertex 0 0 0
      vertex 3.43074 5.68785 0
    endloop
  endfacet
  facet normal -0 0 -1
    outer loop
      vertex 3.66965 5.11109 0
      vertex 0 0 0
      vertex 3.52179 5.38771 0
    endloop
  endfacet
  facet normal -0 0 -1
    outer loop
      vertex 3.86863 4.86863 0
      vertex 0 0 0
      vertex 3.66965 5.11109 0
    endloop
  endfacet
  facet normal -0 0 -1
    outer loop
      vertex 4.11109 4.66965 0
      vertex 0 0 0
      vertex 3.86863 4.86863 0
    endloop
  endfacet
  facet normal -0 0 -1
    outer loop
      vertex 4.38771 4.52179 0
      vertex 0 0 0
      vertex 4.11109 4.66965 0
    endloop
  endfacet
  facet normal -0 0 -1
    outer loop
      vertex 4.68785 4.43074 0
      vertex 0 0 0
      vertex 4.38771 4.52179 0
    endloop
  endfacet
  facet normal 0 0 -1
    outer loop
      vertex 6.56926 6.31214 0
      vertex 15 12 0
      vertex 6.6 6 0
    endloop
  endfacet
  facet normal 0 0 -1
    outer loop
      vertex 6.47821 6.61229 0
      vertex 15 12 0
      vertex 6.56926 6.31214 0
    endloop
  endfacet
  facet normal 0 0 -1
    outer loop
      vertex 6.33035 6.88891 0
      vertex 15 12 0
      vertex 6.47821 6.61229 0
    endloop
  endfacet
  facet normal 0 0 -1
    outer loop
      vertex 6.13137 7.13137 0
      vertex 15 12 0
      vertex 6.33035 6.88891 0
    endloop
  endfacet
  facet normal 0 0 -1
    outer loop
      vertex 5.88891 7.33035 0
      vertex 15 12 0
      vertex 6.13137 7.13137 0
    endloop
  endfacet
  facet normal 0 0 -1
    outer loop
      vertex 5.61229 7.47821 0
      vertex 15 12 0
      vertex 5.88891 7.33035 0
    endloop
  endfacet
  facet normal 0 0 -1
    outer loop
      vertex 5.31214 7.56926 0
      vertex 15 12 0
      vertex 5.61229 7.47821 0
    endloop
  endfacet
  facet normal 0 0 -1
    outer loop
      vertex 0 12 0
      vertex 5.31214 7.56926 0
      vertex 5 7.6 0
    endloop
  endfacet
  facet normal 0 0 -1
    outer loop
      vertex 0 12 0
      vertex 5 7.6 0
      vertex 4.68785 7.56926 0
    endloop
  endfacet
  facet normal 0 0 -1
    outer loop
      vertex 0 12 0
      vertex 4.68785 7.56926 0
      vertex 4.38771 7.47821 0
    endloop
  endfacet
  facet normal 0 0 -1
    outer loop
      vertex 0 12 0
      vertex 3.4 6 0
      vertex 0 0 0
    endloop
  endfacet
  facet normal 0 0 -1
    outer loop
      vertex 3.4 6 0
      vertex 0 12 0
      vertex 3.43074 6.31214 0
    endloop
  endfacet
  facet normal 0 0 -1
    outer loop
      vertex 5.31214 7.56926 0
      vertex 0 12 0
      vertex 15 12 0
    endloop
  endfacet
  facet normal 0 0 -1
    outer loop
      vertex 4.11109 7.33035 0
      vertex 0 12 0
      vertex 4.38771 7.47821 0
    endloop
  endfacet
  facet normal 0 0 -1
    outer loop
      vertex 3.86863 7.13137 0
      vertex 0 12 0
      vertex 4.11109 7.33035 0
    endloop
  endfacet
  facet normal 0 0 -1
    outer loop
      vertex 3.66965 6.88891 0
      vertex 0 12 0
      vertex 3.86863 7.13137 0
    endloop
  endfacet
  facet normal 0 0 -1
    outer loop
      vertex 3.52179 6.61229 0
      vertex 0 12 0
      vertex 3.66965 6.88891 0
    endloop
  endfacet
  facet normal 0 0 -1
    outer loop
      vertex 3.43074 6.31214 0
      vertex 0 12 0
      vertex 3.52179 6.61229 0
    endloop
  endfacet
  facet normal -1 0 0
    outer loop
      vertex 0 0 0
      vertex 0 12 20
      vertex 0 12 0
    endloop
  endfacet
  facet normal -1 -0 0
    outer loop
      vertex 0 12 20
      vertex 0 0 0
      vertex 0 0 20
    endloop
  endfacet
  facet normal 0 1 0
    outer loop
      vertex 15 12 20
      vertex 9.99795 12 7
      vertex 0 12 20
    endloop
  endfacet
  facet normal 0 1 -0
    outer loop
      vertex 15 12 0
      vertex 9.99795 12 7
      vertex 15 12 20
    endloop
  endfacet
  facet normal 0 1 0
    outer loop
      vertex 0 12 0
      vertex 9.99795 12 3
      vertex 15 12 0
    endloop
  endfacet
  facet normal 0 1 0
    outer loop
      vertex 9.99795 12 7
      vertex 15 12 0
      vertex 9.99795 12 3
    endloop
  endfacet
  facet normal 0 1 -0
    outer loop
      vertex 4.80366 12 7
      vertex 0 12 20
      vertex 9.99795 12 7
    endloop
  endfacet
  facet normal 0 1 0
    outer loop
      vertex 0 12 0
      vertex 4.80366 12 7
      vertex 4.80366 12 3
    endloop
  endfacet
  facet normal 0 1 0
    outer loop
      vertex 4.80366 12 7
      vertex 0 12 0
      vertex 0 12 20
    endloop
  endfacet
  facet normal 0 1 0
    outer loop
      vertex 9.99795 12 3
      vertex 0 12 0
      vertex 4.80366 12 3
    endloop
  endfacet
  facet normal 0 -1 0
    outer loop
      vertex 0 0 0
      vertex 15 0 20
      vertex 0 0 20
    endloop
  endfacet
  facet normal 0 -1 -0
    outer loop
      vertex 15 0 20
      vertex 0 0 0
      vertex 15 0 0
    endloop
  endfacet
  facet normal 0 -0.956942 -0.290281
    outer loop
      vertex 15 1.75015 8.23966
      vertex 25 1.48839 9.10258
      vertex 15 1.48839 9.10258
    endloop
  endfacet
  facet normal 0 -0.956942 -0.290281
    outer loop
      vertex 25 1.48839 9.10258
      vertex 15 1.75015 8.23966
      vertex 25 1.75015 8.23966
    endloop
  endfacet
  facet normal 0 0.4714 -0.881919
    outer loop
      vertex 15 7.76034 5.75015
      vertex 25 8.55562 6.17524
      vertex 25 7.76034 5.75015
    endloop
  endfacet
  facet normal 0 0.4714 -0.881919
    outer loop
      vertex 25 8.55562 6.17524
      vertex 15 7.76034 5.75015
      vertex 15 8.55562 6.17524
    endloop
  endfacet
  facet normal 0 -0.0980192 -0.995185
    outer loop
      vertex 15 5.10258 5.48839
      vertex 25 6 5.4
      vertex 25 5.10258 5.48839
    endloop
  endfacet
  facet normal -0 -0.0980192 -0.995185
    outer loop
      vertex 25 6 5.4
      vertex 15 5.10258 5.48839
      vertex 15 6 5.4
    endloop
  endfacet
  facet normal 0 -0.881924 0.471391
    outer loop
      vertex 15 1.75015 11.7603
      vertex 25 2.17524 12.5556
      vertex 15 2.17524 12.5556
    endloop
  endfacet
  facet normal 0 -0.881924 0.471391
    outer loop
      vertex 25 2.17524 12.5556
      vertex 15 1.75015 11.7603
      vertex 25 1.75015 11.7603
    endloop
  endfacet
  facet normal 0 0.995183 0.0980323
    outer loop
      vertex 25 10.6 10
      vertex 15 10.5116 10.8974
      vertex 25 10.5116 10.8974
    endloop
  endfacet
  facet normal 0 0.995183 0.0980323
    outer loop
      vertex 15 10.5116 10.8974
      vertex 25 10.6 10
      vertex 15 10.6 10
    endloop
  endfacet
  facet normal 0 0.0980192 -0.995185
    outer loop
      vertex 15 6 5.4
      vertex 25 6.89742 5.48839
      vertex 25 6 5.4
    endloop
  endfacet
  facet normal 0 0.0980192 -0.995185
    outer loop
      vertex 25 6.89742 5.48839
      vertex 15 6 5.4
      vertex 15 6.89742 5.48839
    endloop
  endfacet
  facet normal 0 -0.995185 -0.0980192
    outer loop
      vertex 15 1.48839 9.10258
      vertex 25 1.4 10
      vertex 15 1.4 10
    endloop
  endfacet
  facet normal 0 -0.995185 -0.0980192
    outer loop
      vertex 25 1.4 10
      vertex 15 1.48839 9.10258
      vertex 25 1.48839 9.10258
    endloop
  endfacet
  facet normal 0 0.956929 -0.290321
    outer loop
      vertex 25 10.2498 8.23966
      vertex 15 10.5116 9.10258
      vertex 25 10.5116 9.10258
    endloop
  endfacet
  facet normal 0 0.956929 -0.290321
    outer loop
      vertex 15 10.5116 9.10258
      vertex 25 10.2498 8.23966
      vertex 15 10.2498 8.23966
    endloop
  endfacet
  facet normal 0 -0.290281 -0.956942
    outer loop
      vertex 15 4.23966 5.75015
      vertex 25 5.10258 5.48839
      vertex 25 4.23966 5.75015
    endloop
  endfacet
  facet normal -0 -0.290281 -0.956942
    outer loop
      vertex 25 5.10258 5.48839
      vertex 15 4.23966 5.75015
      vertex 15 5.10258 5.48839
    endloop
  endfacet
  facet normal 0 -0.634393 -0.773011
    outer loop
      vertex 15 2.74731 6.74731
      vertex 25 3.44438 6.17524
      vertex 25 2.74731 6.74731
    endloop
  endfacet
  facet normal -0 -0.634393 -0.773011
    outer loop
      vertex 25 3.44438 6.17524
      vertex 15 2.74731 6.74731
      vertex 15 3.44438 6.17524
    endloop
  endfacet
  facet normal 0 0.995183 -0.0980301
    outer loop
      vertex 25 10.5116 9.10258
      vertex 15 10.6 10
      vertex 25 10.6 10
    endloop
  endfacet
  facet normal 0 0.995183 -0.0980301
    outer loop
      vertex 15 10.6 10
      vertex 25 10.5116 9.10258
      vertex 15 10.5116 9.10258
    endloop
  endfacet
  facet normal 0 -0.4714 -0.881919
    outer loop
      vertex 15 3.44438 6.17524
      vertex 25 4.23966 5.75015
      vertex 25 3.44438 6.17524
    endloop
  endfacet
  facet normal -0 -0.4714 -0.881919
    outer loop
      vertex 25 4.23966 5.75015
      vertex 15 3.44438 6.17524
      vertex 15 4.23966 5.75015
    endloop
  endfacet
  facet normal 0 -0.881919 -0.4714
    outer loop
      vertex 15 2.17524 7.44438
      vertex 25 1.75015 8.23966
      vertex 15 1.75015 8.23966
    endloop
  endfacet
  facet normal 0 -0.881919 -0.4714
    outer loop
      vertex 25 1.75015 8.23966
      vertex 15 2.17524 7.44438
      vertex 25 2.17524 7.44438
    endloop
  endfacet
  facet normal 0 -0.290321 0.956929
    outer loop
      vertex 15 5.10258 14.5116
      vertex 25 4.23966 14.2498
      vertex 25 5.10258 14.5116
    endloop
  endfacet
  facet normal 0 -0.290321 0.956929
    outer loop
      vertex 25 4.23966 14.2498
      vertex 15 5.10258 14.5116
      vertex 15 4.23966 14.2498
    endloop
  endfacet
  facet normal -0 0.634413 0.772994
    outer loop
      vertex 15 9.25269 13.2527
      vertex 25 8.55562 13.8248
      vertex 25 9.25269 13.2527
    endloop
  endfacet
  facet normal 0 0.634413 0.772994
    outer loop
      vertex 25 8.55562 13.8248
      vertex 15 9.25269 13.2527
      vertex 15 8.55562 13.8248
    endloop
  endfacet
  facet normal 0 0.634393 -0.773011
    outer loop
      vertex 15 8.55562 6.17524
      vertex 25 9.25269 6.74731
      vertex 25 8.55562 6.17524
    endloop
  endfacet
  facet normal 0 0.634393 -0.773011
    outer loop
      vertex 25 9.25269 6.74731
      vertex 15 8.55562 6.17524
      vertex 15 9.25269 6.74731
    endloop
  endfacet
  facet normal 0 0.881947 0.471348
    outer loop
      vertex 25 10.2498 11.7603
      vertex 15 9.82476 12.5556
      vertex 25 9.82476 12.5556
    endloop
  endfacet
  facet normal 0 0.881947 0.471348
    outer loop
      vertex 15 9.82476 12.5556
      vertex 25 10.2498 11.7603
      vertex 15 10.2498 11.7603
    endloop
  endfacet
  facet normal 0 0.956927 0.290327
    outer loop
      vertex 25 10.5116 10.8974
      vertex 15 10.2498 11.7603
      vertex 25 10.2498 11.7603
    endloop
  endfacet
  facet normal 0 0.956927 0.290327
    outer loop
      vertex 15 10.2498 11.7603
      vertex 25 10.5116 10.8974
      vertex 15 10.5116 10.8974
    endloop
  endfacet
  facet normal 0 -0.95694 0.290287
    outer loop
      vertex 15 1.48839 10.8974
      vertex 25 1.75015 11.7603
      vertex 15 1.75015 11.7603
    endloop
  endfacet
  facet normal 0 -0.95694 0.290287
    outer loop
      vertex 25 1.75015 11.7603
      vertex 15 1.48839 10.8974
      vertex 25 1.48839 10.8974
    endloop
  endfacet
  facet normal 0 0.290281 -0.956942
    outer loop
      vertex 15 6.89742 5.48839
      vertex 25 7.76034 5.75015
      vertex 25 6.89742 5.48839
    endloop
  endfacet
  facet normal 0 0.290281 -0.956942
    outer loop
      vertex 25 7.76034 5.75015
      vertex 15 6.89742 5.48839
      vertex 15 7.76034 5.75015
    endloop
  endfacet
  facet normal 0 0.773024 0.634377
    outer loop
      vertex 25 9.82476 12.5556
      vertex 15 9.25269 13.2527
      vertex 25 9.25269 13.2527
    endloop
  endfacet
  facet normal 0 0.773024 0.634377
    outer loop
      vertex 15 9.25269 13.2527
      vertex 25 9.82476 12.5556
      vertex 15 9.82476 12.5556
    endloop
  endfacet
  facet normal 0 -0.773024 0.634377
    outer loop
      vertex 15 2.17524 12.5556
      vertex 25 2.74731 13.2527
      vertex 15 2.74731 13.2527
    endloop
  endfacet
  facet normal 0 -0.773024 0.634377
    outer loop
      vertex 25 2.74731 13.2527
      vertex 15 2.17524 12.5556
      vertex 25 2.17524 12.5556
    endloop
  endfacet
  facet normal 0 0.773011 -0.634393
    outer loop
      vertex 25 9.25269 6.74731
      vertex 15 9.82476 7.44438
      vertex 25 9.82476 7.44438
    endloop
  endfacet
  facet normal 0 0.773011 -0.634393
    outer loop
      vertex 15 9.82476 7.44438
      vertex 25 9.25269 6.74731
      vertex 15 9.25269 6.74731
    endloop
  endfacet
  facet normal 0 -0.773011 -0.634393
    outer loop
      vertex 15 2.74731 6.74731
      vertex 25 2.17524 7.44438
      vertex 15 2.17524 7.44438
    endloop
  endfacet
  facet normal 0 -0.773011 -0.634393
    outer loop
      vertex 25 2.17524 7.44438
      vertex 15 2.74731 6.74731
      vertex 25 2.74731 6.74731
    endloop
  endfacet
  facet normal -0 0.0980301 0.995183
    outer loop
      vertex 15 6.89742 14.5116
      vertex 25 6 14.6
      vertex 25 6.89742 14.5116
    endloop
  endfacet
  facet normal 0 0.0980301 0.995183
    outer loop
      vertex 25 6 14.6
      vertex 15 6.89742 14.5116
      vertex 15 6 14.6
    endloop
  endfacet
  facet normal 0 0.881942 -0.471357
    outer loop
      vertex 25 9.82476 7.44438
      vertex 15 10.2498 8.23966
      vertex 25 10.2498 8.23966
    endloop
  endfacet
  facet normal 0 0.881942 -0.471357
    outer loop
      vertex 15 10.2498 8.23966
      vertex 25 9.82476 7.44438
      vertex 15 9.82476 7.44438
    endloop
  endfacet
  facet normal 0 -0.471323 0.881961
    outer loop
      vertex 15 4.23966 14.2498
      vertex 25 3.44438 13.8248
      vertex 25 4.23966 14.2498
    endloop
  endfacet
  facet normal 0 -0.471323 0.881961
    outer loop
      vertex 25 3.44438 13.8248
      vertex 15 4.23966 14.2498
      vertex 15 3.44438 13.8248
    endloop
  endfacet
  facet normal 0 -0.634413 0.772994
    outer loop
      vertex 15 3.44438 13.8248
      vertex 25 2.74731 13.2527
      vertex 25 3.44438 13.8248
    endloop
  endfacet
  facet normal 0 -0.634413 0.772994
    outer loop
      vertex 25 2.74731 13.2527
      vertex 15 3.44438 13.8248
      vertex 15 2.74731 13.2527
    endloop
  endfacet
  facet normal 0 -0.995184 0.0980213
    outer loop
      vertex 15 1.4 10
      vertex 25 1.48839 10.8974
      vertex 15 1.48839 10.8974
    endloop
  endfacet
  facet normal 0 -0.995184 0.0980213
    outer loop
      vertex 25 1.48839 10.8974
      vertex 15 1.4 10
      vertex 25 1.4 10
    endloop
  endfacet
  facet normal 1 0 0
    outer loop
      vertex 25 9.05 10
      vertex 25 10.6 10
      vertex 25 10.5116 10.8974
    endloop
  endfacet
  facet normal 1 0 0
    outer loop
      vertex 25 8.99139 10.595
      vertex 25 10.5116 10.8974
      vertex 25 10.2498 11.7603
    endloop
  endfacet
  facet normal 1 0 0
    outer loop
      vertex 25 10.6 10
      vertex 25 9.05 10
      vertex 25 10.5116 9.10258
    endloop
  endfacet
  facet normal 1 0 0
    outer loop
      vertex 25 8.81783 11.1672
      vertex 25 10.2498 11.7603
      vertex 25 9.82476 12.5556
    endloop
  endfacet
  facet normal 1 -0 0
    outer loop
      vertex 25 8.99139 9.40497
      vertex 25 10.5116 9.10258
      vertex 25 9.05 10
    endloop
  endfacet
  facet normal 1 0 0
    outer loop
      vertex 25 8.53598 11.6945
      vertex 25 9.82476 12.5556
      vertex 25 9.25269 13.2527
    endloop
  endfacet
  facet normal 1 0 0
    outer loop
      vertex 25 10.5116 9.10258
      vertex 25 8.99139 9.40497
      vertex 25 10.2498 8.23966
    endloop
  endfacet
  facet normal 1 -0 0
    outer loop
      vertex 25 8.81783 8.83282
      vertex 25 10.2498 8.23966
      vertex 25 8.99139 9.40497
    endloop
  endfacet
  facet normal 1 0 0
    outer loop
      vertex 25 10.5116 10.8974
      vertex 25 8.99139 10.595
      vertex 25 9.05 10
    endloop
  endfacet
  facet normal 1 0 0
    outer loop
      vertex 25 10.2498 11.7603
      vertex 25 8.81783 11.1672
      vertex 25 8.99139 10.595
    endloop
  endfacet
  facet normal 1 0 0
    outer loop
      vertex 25 8.15668 12.1567
      vertex 25 9.25269 13.2527
      vertex 25 8.55562 13.8248
    endloop
  endfacet
  facet normal 1 0 0
    outer loop
      vertex 25 9.82476 12.5556
      vertex 25 8.53598 11.6945
      vertex 25 8.81783 11.1672
    endloop
  endfacet
  facet normal 1 0 0
    outer loop
      vertex 25 9.25269 13.2527
      vertex 25 8.15668 12.1567
      vertex 25 8.53598 11.6945
    endloop
  endfacet
  facet normal 1 0 0
    outer loop
      vertex 25 7.69449 12.536
      vertex 25 8.55562 13.8248
      vertex 25 7.76034 14.2498
    endloop
  endfacet
  facet normal 1 0 0
    outer loop
      vertex 25 8.55562 13.8248
      vertex 25 7.69449 12.536
      vertex 25 8.15668 12.1567
    endloop
  endfacet
  facet normal 1 0 0
    outer loop
      vertex 25 7.76034 14.2498
      vertex 25 7.16718 12.8178
      vertex 25 7.69449 12.536
    endloop
  endfacet
  facet normal 1 0 0
    outer loop
      vertex 25 6.89742 14.5116
      vertex 25 7.16718 12.8178
      vertex 25 7.76034 14.2498
    endloop
  endfacet
  facet normal 1 0 0
    outer loop
      vertex 25 6.89742 14.5116
      vertex 25 6.59503 12.9914
      vertex 25 7.16718 12.8178
    endloop
  endfacet
  facet normal 1 0 0
    outer loop
      vertex 25 6 14.6
      vertex 25 6.59503 12.9914
      vertex 25 6.89742 14.5116
    endloop
  endfacet
  facet normal 1 0 0
    outer loop
      vertex 25 6 14.6
      vertex 25 6 13.05
      vertex 25 6.59503 12.9914
    endloop
  endfacet
  facet normal 1 0 0
    outer loop
      vertex 25 6 14.6
      vertex 25 5.40497 12.9914
      vertex 25 6 13.05
    endloop
  endfacet
  facet normal 1 -0 0
    outer loop
      vertex 25 5.10258 14.5116
      vertex 25 5.40497 12.9914
      vertex 25 6 14.6
    endloop
  endfacet
  facet normal 1 0 0
    outer loop
      vertex 25 5.10258 14.5116
      vertex 25 4.83282 12.8178
      vertex 25 5.40497 12.9914
    endloop
  endfacet
  facet normal 1 -0 0
    outer loop
      vertex 25 4.23966 14.2498
      vertex 25 4.83282 12.8178
      vertex 25 5.10258 14.5116
    endloop
  endfacet
  facet normal 1 0 0
    outer loop
      vertex 25 4.83282 12.8178
      vertex 25 4.23966 14.2498
      vertex 25 4.30551 12.536
    endloop
  endfacet
  facet normal 1 -0 0
    outer loop
      vertex 25 3.44438 13.8248
      vertex 25 4.30551 12.536
      vertex 25 4.23966 14.2498
    endloop
  endfacet
  facet normal 1 0 0
    outer loop
      vertex 25 4.30551 12.536
      vertex 25 3.44438 13.8248
      vertex 25 3.84332 12.1567
    endloop
  endfacet
  facet normal 1 -0 0
    outer loop
      vertex 25 2.74731 13.2527
      vertex 25 3.84332 12.1567
      vertex 25 3.44438 13.8248
    endloop
  endfacet
  facet normal 1 0 0
    outer loop
      vertex 25 3.84332 12.1567
      vertex 25 2.74731 13.2527
      vertex 25 3.46402 11.6945
    endloop
  endfacet
  facet normal 1 -0 0
    outer loop
      vertex 25 2.17524 12.5556
      vertex 25 3.46402 11.6945
      vertex 25 2.74731 13.2527
    endloop
  endfacet
  facet normal 1 -0 0
    outer loop
      vertex 25 1.75015 11.7603
      vertex 25 3.18217 11.1672
      vertex 25 2.17524 12.5556
    endloop
  endfacet
  facet normal 1 0 0
    outer loop
      vertex 25 3.46402 11.6945
      vertex 25 2.17524 12.5556
      vertex 25 3.18217 11.1672
    endloop
  endfacet
  facet normal 1 0 0
    outer loop
      vertex 25 10.2498 8.23966
      vertex 25 8.81783 8.83282
      vertex 25 9.82476 7.44438
    endloop
  endfacet
  facet normal 1 -0 0
    outer loop
      vertex 25 8.53598 8.30551
      vertex 25 9.82476 7.44438
      vertex 25 8.81783 8.83282
    endloop
  endfacet
  facet normal 1 0 0
    outer loop
      vertex 25 9.82476 7.44438
      vertex 25 8.53598 8.30551
      vertex 25 9.25269 6.74731
    endloop
  endfacet
  facet normal 1 -0 0
    outer loop
      vertex 25 8.15668 7.84332
      vertex 25 9.25269 6.74731
      vertex 25 8.53598 8.30551
    endloop
  endfacet
  facet normal 1 0 0
    outer loop
      vertex 25 9.25269 6.74731
      vertex 25 8.15668 7.84332
      vertex 25 8.55562 6.17524
    endloop
  endfacet
  facet normal 1 -0 0
    outer loop
      vertex 25 7.69449 7.46402
      vertex 25 8.55562 6.17524
      vertex 25 8.15668 7.84332
    endloop
  endfacet
  facet normal 1 0 0
    outer loop
      vertex 25 8.55562 6.17524
      vertex 25 7.69449 7.46402
      vertex 25 7.76034 5.75015
    endloop
  endfacet
  facet normal 1 -0 0
    outer loop
      vertex 25 7.16718 7.18217
      vertex 25 7.76034 5.75015
      vertex 25 7.69449 7.46402
    endloop
  endfacet
  facet normal 1 0 0
    outer loop
      vertex 25 7.16718 7.18217
      vertex 25 6.89742 5.48839
      vertex 25 7.76034 5.75015
    endloop
  endfacet
  facet normal 1 -0 0
    outer loop
      vertex 25 6.59503 7.0086
      vertex 25 6.89742 5.48839
      vertex 25 7.16718 7.18217
    endloop
  endfacet
  facet normal 1 -0 0
    outer loop
      vertex 25 6 6.95
      vertex 25 6.89742 5.48839
      vertex 25 6.59503 7.0086
    endloop
  endfacet
  facet normal 1 0 0
    outer loop
      vertex 25 6 6.95
      vertex 25 6 5.4
      vertex 25 6.89742 5.48839
    endloop
  endfacet
  facet normal 1 0 0
    outer loop
      vertex 25 5.40497 7.0086
      vertex 25 6 5.4
      vertex 25 6 6.95
    endloop
  endfacet
  facet normal 1 0 0
    outer loop
      vertex 25 5.40497 7.0086
      vertex 25 5.10258 5.48839
      vertex 25 6 5.4
    endloop
  endfacet
  facet normal 1 0 0
    outer loop
      vertex 25 4.83282 7.18217
      vertex 25 5.10258 5.48839
      vertex 25 5.40497 7.0086
    endloop
  endfacet
  facet normal 1 0 0
    outer loop
      vertex 25 4.23966 5.75015
      vertex 25 4.83282 7.18217
      vertex 25 4.30551 7.46402
    endloop
  endfacet
  facet normal 1 0 0
    outer loop
      vertex 25 4.83282 7.18217
      vertex 25 4.23966 5.75015
      vertex 25 5.10258 5.48839
    endloop
  endfacet
  facet normal 1 0 0
    outer loop
      vertex 25 3.44438 6.17524
      vertex 25 4.30551 7.46402
      vertex 25 3.84332 7.84332
    endloop
  endfacet
  facet normal 1 0 0
    outer loop
      vertex 25 2.74731 6.74731
      vertex 25 3.84332 7.84332
      vertex 25 3.46402 8.30551
    endloop
  endfacet
  facet normal 1 0 0
    outer loop
      vertex 25 4.30551 7.46402
      vertex 25 3.44438 6.17524
      vertex 25 4.23966 5.75015
    endloop
  endfacet
  facet normal 1 0 0
    outer loop
      vertex 25 2.17524 7.44438
      vertex 25 3.46402 8.30551
      vertex 25 3.18217 8.83282
    endloop
  endfacet
  facet normal 1 0 0
    outer loop
      vertex 25 1.75015 8.23966
      vertex 25 3.18217 8.83282
      vertex 25 3.0086 9.40497
    endloop
  endfacet
  facet normal 1 0 0
    outer loop
      vertex 25 3.84332 7.84332
      vertex 25 2.74731 6.74731
      vertex 25 3.44438 6.17524
    endloop
  endfacet
  facet normal 1 0 0
    outer loop
      vertex 25 1.48839 9.10258
      vertex 25 3.0086 9.40497
      vertex 25 2.95 10
    endloop
  endfacet
  facet normal 1 0 0
    outer loop
      vertex 25 3.18217 11.1672
      vertex 25 1.75015 11.7603
      vertex 25 3.0086 10.595
    endloop
  endfacet
  facet normal 1 -0 0
    outer loop
      vertex 25 1.48839 10.8974
      vertex 25 3.0086 10.595
      vertex 25 1.75015 11.7603
    endloop
  endfacet
  facet normal 1 0 0
    outer loop
      vertex 25 3.46402 8.30551
      vertex 25 2.17524 7.44438
      vertex 25 2.74731 6.74731
    endloop
  endfacet
  facet normal 1 0 0
    outer loop
      vertex 25 3.0086 10.595
      vertex 25 1.48839 10.8974
      vertex 25 2.95 10
    endloop
  endfacet
  facet normal 1 0 0
    outer loop
      vertex 25 3.18217 8.83282
      vertex 25 1.75015 8.23966
      vertex 25 2.17524 7.44438
    endloop
  endfacet
  facet normal 1 0 0
    outer loop
      vertex 25 1.4 10
      vertex 25 2.95 10
      vertex 25 1.48839 10.8974
    endloop
  endfacet
  facet normal 1 0 0
    outer loop
      vertex 25 3.0086 9.40497
      vertex 25 1.48839 9.10258
      vertex 25 1.75015 8.23966
    endloop
  endfacet
  facet normal 1 0 0
    outer loop
      vertex 25 2.95 10
      vertex 25 1.4 10
      vertex 25 1.48839 9.10258
    endloop
  endfacet
  facet normal -0 0.290321 0.956929
    outer loop
      vertex 15 7.76034 14.2498
      vertex 25 6.89742 14.5116
      vertex 25 7.76034 14.2498
    endloop
  endfacet
  facet normal 0 0.290321 0.956929
    outer loop
      vertex 25 6.89742 14.5116
      vertex 15 7.76034 14.2498
      vertex 15 6.89742 14.5116
    endloop
  endfacet
  facet normal -0 0.471323 0.881961
    outer loop
      vertex 15 8.55562 13.8248
      vertex 25 7.76034 14.2498
      vertex 25 8.55562 13.8248
    endloop
  endfacet
  facet normal 0 0.471323 0.881961
    outer loop
      vertex 25 7.76034 14.2498
      vertex 15 8.55562 13.8248
      vertex 15 7.76034 14.2498
    endloop
  endfacet
  facet normal 0 -0.0980301 0.995183
    outer loop
      vertex 15 6 14.6
      vertex 25 5.10258 14.5116
      vertex 25 6 14.6
    endloop
  endfacet
  facet normal 0 -0.0980301 0.995183
    outer loop
      vertex 25 5.10258 14.5116
      vertex 15 6 14.6
      vertex 15 5.10258 14.5116
    endloop
  endfacet
  facet normal 0 0 1
    outer loop
      vertex 9.81796 12.9365 7
      vertex 9.99795 12 7
      vertex 9.95613 12.4663 7
    endloop
  endfacet
  facet normal 0 0 1
    outer loop
      vertex 9.81796 12.9365 7
      vertex 4.80366 12 7
      vertex 9.99795 12 7
    endloop
  endfacet
  facet normal 0 0 1
    outer loop
      vertex 4.19886 26.8443 7
      vertex 4.80366 12 7
      vertex 9.81796 12.9365 7
    endloop
  endfacet
  facet normal 0 0 1
    outer loop
      vertex 4.80366 12 7
      vertex 4.19886 26.8443 7
      vertex -0.437058 24.9712 7
    endloop
  endfacet
  facet normal -0.927184 -0.374607 0
    outer loop
      vertex 4.80366 12 3
      vertex -0.437058 24.9712 7
      vertex -0.437058 24.9712 3
    endloop
  endfacet
  facet normal -0.927184 -0.374607 0
    outer loop
      vertex -0.437058 24.9712 7
      vertex 4.80366 12 3
      vertex 4.80366 12 7
    endloop
  endfacet
  facet normal -0.374618 0.927179 3.89446e-05
    outer loop
      vertex 4.19886 26.8443 7
      vertex 1.8809 25.9078 5.8
      vertex -0.437058 24.9712 7
    endloop
  endfacet
  facet normal -0.374182 0.927355 -0.000940858
    outer loop
      vertex 4.19886 26.8443 7
      vertex 1.99667 25.9545 5.7877
      vertex 1.8809 25.9078 5.8
    endloop
  endfacet
  facet normal -0.374783 0.927113 0.000328153
    outer loop
      vertex 4.19886 26.8443 7
      vertex 2.02561 25.9662 5.78463
      vertex 1.99667 25.9545 5.7877
    endloop
  endfacet
  facet normal -0.37454 0.927211 -0.000176282
    outer loop
      vertex 4.19886 26.8443 7
      vertex 2.16476 26.0224 5.7391
      vertex 2.02561 25.9662 5.78463
    endloop
  endfacet
  facet normal -0.375276 0.926912 0.00120517
    outer loop
      vertex 4.19886 26.8443 7
      vertex 2.1904 26.0328 5.72432
      vertex 2.16476 26.0224 5.7391
    endloop
  endfacet
  facet normal -0.37482 0.927098 0.000368775
    outer loop
      vertex 4.19886 26.8443 7
      vertex 2.29299 26.0743 5.66518
      vertex 2.1904 26.0328 5.72432
    endloop
  endfacet
  facet normal -0.374468 0.92724 -0.000215029
    outer loop
      vertex 4.19886 26.8443 7
      vertex 2.38292 26.1106 5.58558
      vertex 2.29299 26.0743 5.66518
    endloop
  endfacet
  facet normal -0.3749 0.927065 0.000429685
    outer loop
      vertex 4.19886 26.8443 7
      vertex 2.4054 26.1197 5.56569
      vertex 2.38292 26.1106 5.58558
    endloop
  endfacet
  facet normal -0.373783 0.927515 -0.00119381
    outer loop
      vertex 4.19886 26.8443 7
      vertex 2.42384 26.1271 5.54144
      vertex 2.4054 26.1197 5.56569
    endloop
  endfacet
  facet normal -0.374548 0.927208 -0.000111895
    outer loop
      vertex 4.19886 26.8443 7
      vertex 2.49764 26.1569 5.44446
      vertex 2.42384 26.1271 5.54144
    endloop
  endfacet
  facet normal -0.374823 0.927097 0.000237473
    outer loop
      vertex 4.19886 26.8443 7
      vertex 2.55248 26.1791 5.33381
      vertex 2.49764 26.1569 5.44446
    endloop
  endfacet
  facet normal -0.373851 0.927488 -0.000878927
    outer loop
      vertex 4.19886 26.8443 7
      vertex 2.56619 26.1846 5.30615
      vertex 2.55248 26.1791 5.33381
    endloop
  endfacet
  facet normal -0.374416 0.927261 -0.000245917
    outer loop
      vertex 4.19886 26.8443 7
      vertex 2.57463 26.188 5.27613
      vertex 2.56619 26.1846 5.30615
    endloop
  endfacet
  facet normal -0.374936 0.92705 0.000324735
    outer loop
      vertex 4.19886 26.8443 7
      vertex 2.6084 26.2017 5.15607
      vertex 2.57463 26.188 5.27613
    endloop
  endfacet
  facet normal -0.374305 0.927306 -0.00030886
    outer loop
      vertex 4.19886 26.8443 7
      vertex 2.62265 26.2074 5
      vertex 2.6084 26.2017 5.15607
    endloop
  endfacet
  facet normal -0.374642 0.92717 0
    outer loop
      vertex 4.19886 26.8443 3
      vertex 2.62265 26.2074 5
      vertex 4.19886 26.8443 7
    endloop
  endfacet
  facet normal -0.374305 0.927306 0.00030886
    outer loop
      vertex 2.62265 26.2074 5
      vertex 4.19886 26.8443 3
      vertex 2.6084 26.2017 4.84393
    endloop
  endfacet
  facet normal -0.374936 0.92705 -0.000324735
    outer loop
      vertex 2.6084 26.2017 4.84393
      vertex 4.19886 26.8443 3
      vertex 2.57463 26.188 4.72387
    endloop
  endfacet
  facet normal -0.374416 0.927261 0.000245917
    outer loop
      vertex 2.57463 26.188 4.72387
      vertex 4.19886 26.8443 3
      vertex 2.56619 26.1846 4.69385
    endloop
  endfacet
  facet normal -0.373851 0.927488 0.000878927
    outer loop
      vertex 2.56619 26.1846 4.69385
      vertex 4.19886 26.8443 3
      vertex 2.55248 26.1791 4.66619
    endloop
  endfacet
  facet normal -0.3749 0.927065 -0.000429685
    outer loop
      vertex 4.19886 26.8443 3
      vertex 2.38292 26.1106 4.41442
      vertex 2.4054 26.1197 4.43431
    endloop
  endfacet
  facet normal -0.37482 0.927098 -0.000368775
    outer loop
      vertex 4.19886 26.8443 3
      vertex 2.1904 26.0328 4.27568
      vertex 2.29299 26.0743 4.33482
    endloop
  endfacet
  facet normal -0.374783 0.927113 -0.000328153
    outer loop
      vertex 4.19886 26.8443 3
      vertex 1.99667 25.9545 4.2123
      vertex 2.02561 25.9662 4.21537
    endloop
  endfacet
  facet normal -0.374182 0.927355 0.000940858
    outer loop
      vertex 1.99667 25.9545 4.2123
      vertex 4.19886 26.8443 3
      vertex 1.8809 25.9078 4.2
    endloop
  endfacet
  facet normal -0.37454 0.927211 0.000176282
    outer loop
      vertex 2.16476 26.0224 4.2609
      vertex 4.19886 26.8443 3
      vertex 2.02561 25.9662 4.21537
    endloop
  endfacet
  facet normal -0.375276 0.926912 -0.00120517
    outer loop
      vertex 2.1904 26.0328 4.27568
      vertex 4.19886 26.8443 3
      vertex 2.16476 26.0224 4.2609
    endloop
  endfacet
  facet normal -0.374468 0.92724 0.000215029
    outer loop
      vertex 2.38292 26.1106 4.41442
      vertex 4.19886 26.8443 3
      vertex 2.29299 26.0743 4.33482
    endloop
  endfacet
  facet normal -0.373783 0.927515 0.00119381
    outer loop
      vertex 2.42384 26.1271 4.45856
      vertex 4.19886 26.8443 3
      vertex 2.4054 26.1197 4.43431
    endloop
  endfacet
  facet normal -0.374548 0.927208 0.000111895
    outer loop
      vertex 2.49764 26.1569 4.55554
      vertex 4.19886 26.8443 3
      vertex 2.42384 26.1271 4.45856
    endloop
  endfacet
  facet normal -0.374823 0.927097 -0.000237473
    outer loop
      vertex 2.55248 26.1791 4.66619
      vertex 4.19886 26.8443 3
      vertex 2.49764 26.1569 4.55554
    endloop
  endfacet
  facet normal -0.374764 0.92712 -0.00028865
    outer loop
      vertex 1.73619 25.8493 5.78463
      vertex -0.437058 24.9712 7
      vertex 1.8809 25.9078 5.8
    endloop
  endfacet
  facet normal -0.375623 0.92677 -0.00207711
    outer loop
      vertex 1.70836 25.838 5.77552
      vertex -0.437058 24.9712 7
      vertex 1.73619 25.8493 5.78463
    endloop
  endfacet
  facet normal -0.374277 0.927317 0.000667011
    outer loop
      vertex 1.59705 25.7931 5.7391
      vertex -0.437058 24.9712 7
      vertex 1.70836 25.838 5.77552
    endloop
  endfacet
  facet normal -0.374824 0.927096 -0.000359326
    outer loop
      vertex 1.49446 25.7516 5.67996
      vertex -0.437058 24.9712 7
      vertex 1.59705 25.7931 5.7391
    endloop
  endfacet
  facet normal -0.373542 0.927612 0.00182268
    outer loop
      vertex 1.46881 25.7413 5.66518
      vertex -0.437058 24.9712 7
      vertex 1.49446 25.7516 5.67996
    endloop
  endfacet
  facet normal -0.374899 0.927066 -0.000430563
    outer loop
      vertex 1.44633 25.7322 5.64528
      vertex -0.437058 24.9712 7
      vertex 1.46881 25.7413 5.66518
    endloop
  endfacet
  facet normal -0.374899 0.927066 -0.000430593
    outer loop
      vertex 1.35641 25.6958 5.56569
      vertex -0.437058 24.9712 7
      vertex 1.44633 25.7322 5.64528
    endloop
  endfacet
  facet normal -0.374371 0.927279 0.000337625
    outer loop
      vertex 1.26416 25.6586 5.44446
      vertex -0.437058 24.9712 7
      vertex 1.35641 25.6958 5.56569
    endloop
  endfacet
  facet normal -0.374656 0.927164 -2.53343e-05
    outer loop
      vertex 1.19562 25.6309 5.30615
      vertex -0.437058 24.9712 7
      vertex 1.26416 25.6586 5.44446
    endloop
  endfacet
  facet normal -0.374926 0.927055 -0.000328102
    outer loop
      vertex 1.16185 25.6172 5.18609
      vertex -0.437058 24.9712 7
      vertex 1.19562 25.6309 5.30615
    endloop
  endfacet
  facet normal -0.374378 0.927276 0.000233659
    outer loop
      vertex 1.15341 25.6138 5.15607
      vertex -0.437058 24.9712 7
      vertex 1.16185 25.6172 5.18609
    endloop
  endfacet
  facet normal -0.374282 0.927315 0.000330393
    outer loop
      vertex 1.13915 25.6081 5
      vertex -0.437058 24.9712 7
      vertex 1.15341 25.6138 5.15607
    endloop
  endfacet
  facet normal -0.374282 0.927315 -0.000330393
    outer loop
      vertex -0.437058 24.9712 3
      vertex 1.13915 25.6081 5
      vertex 1.15341 25.6138 4.84393
    endloop
  endfacet
  facet normal -0.374378 0.927276 -0.000233659
    outer loop
      vertex -0.437058 24.9712 3
      vertex 1.15341 25.6138 4.84393
      vertex 1.16185 25.6172 4.81391
    endloop
  endfacet
  facet normal -0.374926 0.927055 0.000328102
    outer loop
      vertex -0.437058 24.9712 3
      vertex 1.16185 25.6172 4.81391
      vertex 1.19562 25.6309 4.69385
    endloop
  endfacet
  facet normal -0.374656 0.927164 2.53343e-05
    outer loop
      vertex -0.437058 24.9712 3
      vertex 1.19562 25.6309 4.69385
      vertex 1.26416 25.6586 4.55554
    endloop
  endfacet
  facet normal -0.374618 0.927179 -3.89446e-05
    outer loop
      vertex -0.437058 24.9712 3
      vertex 1.8809 25.9078 4.2
      vertex 4.19886 26.8443 3
    endloop
  endfacet
  facet normal -0.374764 0.92712 0.00028865
    outer loop
      vertex 1.8809 25.9078 4.2
      vertex -0.437058 24.9712 3
      vertex 1.73619 25.8493 4.21537
    endloop
  endfacet
  facet normal -0.375623 0.92677 0.00207711
    outer loop
      vertex 1.73619 25.8493 4.21537
      vertex -0.437058 24.9712 3
      vertex 1.70836 25.838 4.22448
    endloop
  endfacet
  facet normal -0.374642 0.927169 0
    outer loop
      vertex 1.13915 25.6081 5
      vertex -0.437058 24.9712 3
      vertex -0.437058 24.9712 7
    endloop
  endfacet
  facet normal -0.374371 0.927279 -0.000337625
    outer loop
      vertex 1.35641 25.6958 4.43431
      vertex -0.437058 24.9712 3
      vertex 1.26416 25.6586 4.55554
    endloop
  endfacet
  facet normal -0.374899 0.927066 0.000430593
    outer loop
      vertex 1.44633 25.7322 4.35472
      vertex -0.437058 24.9712 3
      vertex 1.35641 25.6958 4.43431
    endloop
  endfacet
  facet normal -0.374899 0.927066 0.000430563
    outer loop
      vertex 1.46881 25.7413 4.33482
      vertex -0.437058 24.9712 3
      vertex 1.44633 25.7322 4.35472
    endloop
  endfacet
  facet normal -0.373542 0.927612 -0.00182268
    outer loop
      vertex 1.49446 25.7516 4.32004
      vertex -0.437058 24.9712 3
      vertex 1.46881 25.7413 4.33482
    endloop
  endfacet
  facet normal -0.374824 0.927096 0.000359326
    outer loop
      vertex 1.59705 25.7931 4.2609
      vertex -0.437058 24.9712 3
      vertex 1.49446 25.7516 4.32004
    endloop
  endfacet
  facet normal -0.374277 0.927317 -0.000667011
    outer loop
      vertex 1.70836 25.838 4.22448
      vertex -0.437058 24.9712 3
      vertex 1.59705 25.7931 4.2609
    endloop
  endfacet
  facet normal 0 0 -1
    outer loop
      vertex 9.99795 12 3
      vertex 9.81796 12.9365 3
      vertex 9.95613 12.4663 3
    endloop
  endfacet
  facet normal 0 0 -1
    outer loop
      vertex 4.80366 12 3
      vertex 9.81796 12.9365 3
      vertex 9.99795 12 3
    endloop
  endfacet
  facet normal 0 0 -1
    outer loop
      vertex 4.80366 12 3
      vertex 4.19886 26.8443 3
      vertex 9.81796 12.9365 3
    endloop
  endfacet
  facet normal 0 -0 -1
    outer loop
      vertex 4.19886 26.8443 3
      vertex 4.80366 12 3
      vertex -0.437058 24.9712 3
    endloop
  endfacet
  facet normal 0.927184 0.374606 0
    outer loop
      vertex 9.81796 12.9365 7
      vertex 4.19886 26.8443 3
      vertex 4.19886 26.8443 7
    endloop
  endfacet
  facet normal 0.927184 0.374606 0
    outer loop
      vertex 4.19886 26.8443 3
      vertex 9.81796 12.9365 7
      vertex 9.81796 12.9365 3
    endloop
  endfacet
  facet normal 0.996002 0.0893262 0
    outer loop
      vertex 9.99795 12 7
      vertex 9.95613 12.4663 3
      vertex 9.95613 12.4663 7
    endloop
  endfacet
  facet normal 0.996002 0.0893262 0
    outer loop
      vertex 9.95613 12.4663 3
      vertex 9.99795 12 7
      vertex 9.99795 12 3
    endloop
  endfacet
  facet normal 0.959434 0.281933 0
    outer loop
      vertex 9.95613 12.4663 7
      vertex 9.81796 12.9365 3
      vertex 9.81796 12.9365 7
    endloop
  endfacet
  facet normal 0.959434 0.281933 0
    outer loop
      vertex 9.81796 12.9365 3
      vertex 9.95613 12.4663 7
      vertex 9.95613 12.4663 3
    endloop
  endfacet
  facet normal -0.290286 0.95694 0
    outer loop
      vertex 5.61229 4.52179 15
      vertex 5.31214 4.43074 20
      vertex 5.61229 4.52179 20
    endloop
  endfacet
  facet normal -0.290286 0.95694 0
    outer loop
      vertex 5.31214 4.43074 20
      vertex 5.61229 4.52179 15
      vertex 5.31214 4.43074 15
    endloop
  endfacet
  facet normal -0.95694 -0.290286 0
    outer loop
      vertex 6.56926 6.31214 15
      vertex 6.47821 6.61229 20
      vertex 6.47821 6.61229 15
    endloop
  endfacet
  facet normal -0.95694 -0.290286 0
    outer loop
      vertex 6.47821 6.61229 20
      vertex 6.56926 6.31214 15
      vertex 6.56926 6.31214 20
    endloop
  endfacet
  facet normal -0.995186 -0.0980073 0
    outer loop
      vertex 6.6 6 15
      vertex 6.56926 6.31214 20
      vertex 6.56926 6.31214 15
    endloop
  endfacet
  facet normal -0.995186 -0.0980073 0
    outer loop
      vertex 6.56926 6.31214 20
      vertex 6.6 6 15
      vertex 6.6 6 20
    endloop
  endfacet
  facet normal -0.881917 -0.471405 0
    outer loop
      vertex 6.47821 6.61229 15
      vertex 6.33035 6.88891 20
      vertex 6.33035 6.88891 15
    endloop
  endfacet
  facet normal -0.881917 -0.471405 0
    outer loop
      vertex 6.33035 6.88891 20
      vertex 6.47821 6.61229 15
      vertex 6.47821 6.61229 20
    endloop
  endfacet
  facet normal 0 0 1
    outer loop
      vertex 6.56926 6.31214 15
      vertex 6.56926 5.68785 15
      vertex 6.6 6 15
    endloop
  endfacet
  facet normal 0 0 1
    outer loop
      vertex 6.47821 6.61229 15
      vertex 6.56926 5.68785 15
      vertex 6.56926 6.31214 15
    endloop
  endfacet
  facet normal 0 0 1
    outer loop
      vertex 6.47821 6.61229 15
      vertex 6.47821 5.38771 15
      vertex 6.56926 5.68785 15
    endloop
  endfacet
  facet normal 0 0 1
    outer loop
      vertex 6.33035 6.88891 15
      vertex 6.47821 5.38771 15
      vertex 6.47821 6.61229 15
    endloop
  endfacet
  facet normal 0 0 1
    outer loop
      vertex 6.33035 6.88891 15
      vertex 6.33035 5.11109 15
      vertex 6.47821 5.38771 15
    endloop
  endfacet
  facet normal 0 0 1
    outer loop
      vertex 6.13137 7.13137 15
      vertex 6.33035 5.11109 15
      vertex 6.33035 6.88891 15
    endloop
  endfacet
  facet normal 0 0 1
    outer loop
      vertex 6.13137 7.13137 15
      vertex 6.13137 4.86863 15
      vertex 6.33035 5.11109 15
    endloop
  endfacet
  facet normal 0 0 1
    outer loop
      vertex 5.88891 7.33035 15
      vertex 6.13137 4.86863 15
      vertex 6.13137 7.13137 15
    endloop
  endfacet
  facet normal 0 0 1
    outer loop
      vertex 5.88891 7.33035 15
      vertex 5.88891 4.66965 15
      vertex 6.13137 4.86863 15
    endloop
  endfacet
  facet normal 0 0 1
    outer loop
      vertex 5.61229 7.47821 15
      vertex 5.88891 4.66965 15
      vertex 5.88891 7.33035 15
    endloop
  endfacet
  facet normal 0 0 1
    outer loop
      vertex 5.61229 7.47821 15
      vertex 5.61229 4.52179 15
      vertex 5.88891 4.66965 15
    endloop
  endfacet
  facet normal 0 0 1
    outer loop
      vertex 5.31214 7.56926 15
      vertex 5.61229 4.52179 15
      vertex 5.61229 7.47821 15
    endloop
  endfacet
  facet normal 0 0 1
    outer loop
      vertex 5.31214 7.56926 15
      vertex 5.31214 4.43074 15
      vertex 5.61229 4.52179 15
    endloop
  endfacet
  facet normal 0 0 1
    outer loop
      vertex 5 7.6 15
      vertex 5.31214 4.43074 15
      vertex 5.31214 7.56926 15
    endloop
  endfacet
  facet normal 0 0 1
    outer loop
      vertex 5 7.6 15
      vertex 5 4.4 15
      vertex 5.31214 4.43074 15
    endloop
  endfacet
  facet normal -0 0 1
    outer loop
      vertex 4.68785 7.56926 15
      vertex 5 4.4 15
      vertex 5 7.6 15
    endloop
  endfacet
  facet normal 0 0 1
    outer loop
      vertex 4.68785 7.56926 15
      vertex 4.68785 4.43074 15
      vertex 5 4.4 15
    endloop
  endfacet
  facet normal -0 0 1
    outer loop
      vertex 4.38771 7.47821 15
      vertex 4.68785 4.43074 15
      vertex 4.68785 7.56926 15
    endloop
  endfacet
  facet normal 0 0 1
    outer loop
      vertex 4.38771 7.47821 15
      vertex 4.38771 4.52179 15
      vertex 4.68785 4.43074 15
    endloop
  endfacet
  facet normal -0 0 1
    outer loop
      vertex 4.11109 7.33035 15
      vertex 4.38771 4.52179 15
      vertex 4.38771 7.47821 15
    endloop
  endfacet
  facet normal 0 0 1
    outer loop
      vertex 4.11109 7.33035 15
      vertex 4.11109 4.66965 15
      vertex 4.38771 4.52179 15
    endloop
  endfacet
  facet normal -0 0 1
    outer loop
      vertex 3.86863 7.13137 15
      vertex 4.11109 4.66965 15
      vertex 4.11109 7.33035 15
    endloop
  endfacet
  facet normal 0 0 1
    outer loop
      vertex 3.86863 7.13137 15
      vertex 3.86863 4.86863 15
      vertex 4.11109 4.66965 15
    endloop
  endfacet
  facet normal -0 0 1
    outer loop
      vertex 3.66965 6.88891 15
      vertex 3.86863 4.86863 15
      vertex 3.86863 7.13137 15
    endloop
  endfacet
  facet normal 0 0 1
    outer loop
      vertex 3.66965 6.88891 15
      vertex 3.66965 5.11109 15
      vertex 3.86863 4.86863 15
    endloop
  endfacet
  facet normal -0 0 1
    outer loop
      vertex 3.52179 6.61229 15
      vertex 3.66965 5.11109 15
      vertex 3.66965 6.88891 15
    endloop
  endfacet
  facet normal 0 0 1
    outer loop
      vertex 3.52179 6.61229 15
      vertex 3.52179 5.38771 15
      vertex 3.66965 5.11109 15
    endloop
  endfacet
  facet normal -0 0 1
    outer loop
      vertex 3.43074 6.31214 15
      vertex 3.52179 5.38771 15
      vertex 3.52179 6.61229 15
    endloop
  endfacet
  facet normal 0 0 1
    outer loop
      vertex 3.43074 6.31214 15
      vertex 3.43074 5.68785 15
      vertex 3.52179 5.38771 15
    endloop
  endfacet
  facet normal 0 -0 1
    outer loop
      vertex 3.43074 5.68785 15
      vertex 3.43074 6.31214 15
      vertex 3.4 6 15
    endloop
  endfacet
  facet normal 0.881917 0.471405 0
    outer loop
      vertex 3.66965 5.11109 20
      vertex 3.52179 5.38771 15
      vertex 3.52179 5.38771 20
    endloop
  endfacet
  facet normal 0.881917 0.471405 0
    outer loop
      vertex 3.52179 5.38771 15
      vertex 3.66965 5.11109 20
      vertex 3.66965 5.11109 15
    endloop
  endfacet
  facet normal -0.290286 -0.95694 0
    outer loop
      vertex 5.31214 7.56926 15
      vertex 5.61229 7.47821 20
      vertex 5.31214 7.56926 20
    endloop
  endfacet
  facet normal -0.290286 -0.95694 -0
    outer loop
      vertex 5.61229 7.47821 20
      vertex 5.31214 7.56926 15
      vertex 5.61229 7.47821 15
    endloop
  endfacet
  facet normal 0.0980042 -0.995186 0
    outer loop
      vertex 4.68785 7.56926 15
      vertex 5 7.6 20
      vertex 4.68785 7.56926 20
    endloop
  endfacet
  facet normal 0.0980042 -0.995186 0
    outer loop
      vertex 5 7.6 20
      vertex 4.68785 7.56926 15
      vertex 5 7.6 15
    endloop
  endfacet
  facet normal 0.471405 0.881917 -0
    outer loop
      vertex 4.38771 4.52179 15
      vertex 4.11109 4.66965 20
      vertex 4.38771 4.52179 20
    endloop
  endfacet
  facet normal 0.471405 0.881917 0
    outer loop
      vertex 4.11109 4.66965 20
      vertex 4.38771 4.52179 15
      vertex 4.11109 4.66965 15
    endloop
  endfacet
  facet normal 0.471405 -0.881917 0
    outer loop
      vertex 4.11109 7.33035 15
      vertex 4.38771 7.47821 20
      vertex 4.11109 7.33035 20
    endloop
  endfacet
  facet normal 0.471405 -0.881917 0
    outer loop
      vertex 4.38771 7.47821 20
      vertex 4.11109 7.33035 15
      vertex 4.38771 7.47821 15
    endloop
  endfacet
  facet normal -0.471405 0.881917 0
    outer loop
      vertex 5.88891 4.66965 15
      vertex 5.61229 4.52179 20
      vertex 5.88891 4.66965 20
    endloop
  endfacet
  facet normal -0.471405 0.881917 0
    outer loop
      vertex 5.61229 4.52179 20
      vertex 5.88891 4.66965 15
      vertex 5.61229 4.52179 15
    endloop
  endfacet
  facet normal 0.773013 -0.63439 0
    outer loop
      vertex 3.66965 6.88891 20
      vertex 3.86863 7.13137 15
      vertex 3.86863 7.13137 20
    endloop
  endfacet
  facet normal 0.773013 -0.63439 0
    outer loop
      vertex 3.86863 7.13137 15
      vertex 3.66965 6.88891 20
      vertex 3.66965 6.88891 15
    endloop
  endfacet
  facet normal -0.773013 -0.63439 0
    outer loop
      vertex 6.33035 6.88891 15
      vertex 6.13137 7.13137 20
      vertex 6.13137 7.13137 15
    endloop
  endfacet
  facet normal -0.773013 -0.63439 0
    outer loop
      vertex 6.13137 7.13137 20
      vertex 6.33035 6.88891 15
      vertex 6.33035 6.88891 20
    endloop
  endfacet
  facet normal -0.773013 0.63439 0
    outer loop
      vertex 6.13137 4.86863 15
      vertex 6.33035 5.11109 20
      vertex 6.33035 5.11109 15
    endloop
  endfacet
  facet normal -0.773013 0.63439 0
    outer loop
      vertex 6.33035 5.11109 20
      vertex 6.13137 4.86863 15
      vertex 6.13137 4.86863 20
    endloop
  endfacet
  facet normal 0.290295 -0.956937 0
    outer loop
      vertex 4.38771 7.47821 15
      vertex 4.68785 7.56926 20
      vertex 4.38771 7.47821 20
    endloop
  endfacet
  facet normal 0.290295 -0.956937 0
    outer loop
      vertex 4.68785 7.56926 20
      vertex 4.38771 7.47821 15
      vertex 4.68785 7.56926 15
    endloop
  endfacet
  facet normal -0.63439 0.773013 0
    outer loop
      vertex 6.13137 4.86863 15
      vertex 5.88891 4.66965 20
      vertex 6.13137 4.86863 20
    endloop
  endfacet
  facet normal -0.63439 0.773013 0
    outer loop
      vertex 5.88891 4.66965 20
      vertex 6.13137 4.86863 15
      vertex 5.88891 4.66965 15
    endloop
  endfacet
  facet normal -0.995186 0.0980042 0
    outer loop
      vertex 6.56926 5.68785 15
      vertex 6.6 6 20
      vertex 6.6 6 15
    endloop
  endfacet
  facet normal -0.995186 0.0980042 0
    outer loop
      vertex 6.6 6 20
      vertex 6.56926 5.68785 15
      vertex 6.56926 5.68785 20
    endloop
  endfacet
  facet normal 0.290295 0.956937 -0
    outer loop
      vertex 4.68785 4.43074 15
      vertex 4.38771 4.52179 20
      vertex 4.68785 4.43074 20
    endloop
  endfacet
  facet normal 0.290295 0.956937 0
    outer loop
      vertex 4.38771 4.52179 20
      vertex 4.68785 4.43074 15
      vertex 4.38771 4.52179 15
    endloop
  endfacet
  facet normal -0.956937 0.290295 0
    outer loop
      vertex 6.47821 5.38771 15
      vertex 6.56926 5.68785 20
      vertex 6.56926 5.68785 15
    endloop
  endfacet
  facet normal -0.956937 0.290295 0
    outer loop
      vertex 6.56926 5.68785 20
      vertex 6.47821 5.38771 15
      vertex 6.47821 5.38771 20
    endloop
  endfacet
  facet normal 0.956937 0.290295 0
    outer loop
      vertex 3.52179 5.38771 20
      vertex 3.43074 5.68785 15
      vertex 3.43074 5.68785 20
    endloop
  endfacet
  facet normal 0.956937 0.290295 0
    outer loop
      vertex 3.43074 5.68785 15
      vertex 3.52179 5.38771 20
      vertex 3.52179 5.38771 15
    endloop
  endfacet
  facet normal -0.881917 0.471405 0
    outer loop
      vertex 6.33035 5.11109 15
      vertex 6.47821 5.38771 20
      vertex 6.47821 5.38771 15
    endloop
  endfacet
  facet normal -0.881917 0.471405 0
    outer loop
      vertex 6.47821 5.38771 20
      vertex 6.33035 5.11109 15
      vertex 6.33035 5.11109 20
    endloop
  endfacet
  facet normal 0.995186 -0.0980073 0
    outer loop
      vertex 3.4 6 20
      vertex 3.43074 6.31214 15
      vertex 3.43074 6.31214 20
    endloop
  endfacet
  facet normal 0.995186 -0.0980073 0
    outer loop
      vertex 3.43074 6.31214 15
      vertex 3.4 6 20
      vertex 3.4 6 15
    endloop
  endfacet
  facet normal -0.0980073 -0.995186 0
    outer loop
      vertex 5 7.6 15
      vertex 5.31214 7.56926 20
      vertex 5 7.6 20
    endloop
  endfacet
  facet normal -0.0980073 -0.995186 -0
    outer loop
      vertex 5.31214 7.56926 20
      vertex 5 7.6 15
      vertex 5.31214 7.56926 15
    endloop
  endfacet
  facet normal 0.63439 -0.773013 0
    outer loop
      vertex 3.86863 7.13137 15
      vertex 4.11109 7.33035 20
      vertex 3.86863 7.13137 20
    endloop
  endfacet
  facet normal 0.63439 -0.773013 0
    outer loop
      vertex 4.11109 7.33035 20
      vertex 3.86863 7.13137 15
      vertex 4.11109 7.33035 15
    endloop
  endfacet
  facet normal -0.63439 -0.773013 0
    outer loop
      vertex 5.88891 7.33035 15
      vertex 6.13137 7.13137 20
      vertex 5.88891 7.33035 20
    endloop
  endfacet
  facet normal -0.63439 -0.773013 -0
    outer loop
      vertex 6.13137 7.13137 20
      vertex 5.88891 7.33035 15
      vertex 6.13137 7.13137 15
    endloop
  endfacet
  facet normal -0.0980073 0.995186 0
    outer loop
      vertex 5.31214 4.43074 15
      vertex 5 4.4 20
      vertex 5.31214 4.43074 20
    endloop
  endfacet
  facet normal -0.0980073 0.995186 0
    outer loop
      vertex 5 4.4 20
      vertex 5.31214 4.43074 15
      vertex 5 4.4 15
    endloop
  endfacet
  facet normal -0.471405 -0.881917 0
    outer loop
      vertex 5.61229 7.47821 15
      vertex 5.88891 7.33035 20
      vertex 5.61229 7.47821 20
    endloop
  endfacet
  facet normal -0.471405 -0.881917 -0
    outer loop
      vertex 5.88891 7.33035 20
      vertex 5.61229 7.47821 15
      vertex 5.88891 7.33035 15
    endloop
  endfacet
  facet normal 0.773013 0.63439 0
    outer loop
      vertex 3.86863 4.86863 20
      vertex 3.66965 5.11109 15
      vertex 3.66965 5.11109 20
    endloop
  endfacet
  facet normal 0.773013 0.63439 0
    outer loop
      vertex 3.66965 5.11109 15
      vertex 3.86863 4.86863 20
      vertex 3.86863 4.86863 15
    endloop
  endfacet
  facet normal 0.0980042 0.995186 -0
    outer loop
      vertex 5 4.4 15
      vertex 4.68785 4.43074 20
      vertex 5 4.4 20
    endloop
  endfacet
  facet normal 0.0980042 0.995186 0
    outer loop
      vertex 4.68785 4.43074 20
      vertex 5 4.4 15
      vertex 4.68785 4.43074 15
    endloop
  endfacet
  facet normal 0.63439 0.773013 -0
    outer loop
      vertex 4.11109 4.66965 15
      vertex 3.86863 4.86863 20
      vertex 4.11109 4.66965 20
    endloop
  endfacet
  facet normal 0.63439 0.773013 0
    outer loop
      vertex 3.86863 4.86863 20
      vertex 4.11109 4.66965 15
      vertex 3.86863 4.86863 15
    endloop
  endfacet
  facet normal 0.95694 -0.290286 0
    outer loop
      vertex 3.43074 6.31214 20
      vertex 3.52179 6.61229 15
      vertex 3.52179 6.61229 20
    endloop
  endfacet
  facet normal 0.95694 -0.290286 0
    outer loop
      vertex 3.52179 6.61229 15
      vertex 3.43074 6.31214 20
      vertex 3.43074 6.31214 15
    endloop
  endfacet
  facet normal 0.881917 -0.471405 0
    outer loop
      vertex 3.52179 6.61229 20
      vertex 3.66965 6.88891 15
      vertex 3.66965 6.88891 20
    endloop
  endfacet
  facet normal 0.881917 -0.471405 0
    outer loop
      vertex 3.66965 6.88891 15
      vertex 3.52179 6.61229 20
      vertex 3.52179 6.61229 15
    endloop
  endfacet
  facet normal 0.995186 0.0980042 0
    outer loop
      vertex 3.43074 5.68785 20
      vertex 3.4 6 15
      vertex 3.4 6 20
    endloop
  endfacet
  facet normal 0.995186 0.0980042 0
    outer loop
      vertex 3.4 6 15
      vertex 3.43074 5.68785 20
      vertex 3.43074 5.68785 15
    endloop
  endfacet
  facet normal -0.290286 0.95694 0
    outer loop
      vertex 5.61229 4.52179 0
      vertex 5.31214 4.43074 3
      vertex 5.61229 4.52179 3
    endloop
  endfacet
  facet normal -0.290286 0.95694 0
    outer loop
      vertex 5.31214 4.43074 3
      vertex 5.61229 4.52179 0
      vertex 5.31214 4.43074 0
    endloop
  endfacet
  facet normal -0.95694 -0.290286 0
    outer loop
      vertex 6.56926 6.31214 0
      vertex 6.47821 6.61229 3
      vertex 6.47821 6.61229 0
    endloop
  endfacet
  facet normal -0.95694 -0.290286 0
    outer loop
      vertex 6.47821 6.61229 3
      vertex 6.56926 6.31214 0
      vertex 6.56926 6.31214 3
    endloop
  endfacet
  facet normal -0.995186 -0.0980073 0
    outer loop
      vertex 6.6 6 0
      vertex 6.56926 6.31214 3
      vertex 6.56926 6.31214 0
    endloop
  endfacet
  facet normal -0.995186 -0.0980073 0
    outer loop
      vertex 6.56926 6.31214 3
      vertex 6.6 6 0
      vertex 6.6 6 3
    endloop
  endfacet
  facet normal -0.881917 -0.471405 0
    outer loop
      vertex 6.47821 6.61229 0
      vertex 6.33035 6.88891 3
      vertex 6.33035 6.88891 0
    endloop
  endfacet
  facet normal -0.881917 -0.471405 0
    outer loop
      vertex 6.33035 6.88891 3
      vertex 6.47821 6.61229 0
      vertex 6.47821 6.61229 3
    endloop
  endfacet
  facet normal 0.881917 0.471405 0
    outer loop
      vertex 3.66965 5.11109 6
      vertex 3.52179 5.38771 0
      vertex 3.52179 5.38771 6
    endloop
  endfacet
  facet normal 0.881917 0.471405 0
    outer loop
      vertex 3.52179 5.38771 0
      vertex 3.66965 5.11109 6
      vertex 3.66965 5.11109 0
    endloop
  endfacet
  facet normal -0.290286 -0.95694 0
    outer loop
      vertex 5.31214 7.56926 0
      vertex 5.61229 7.47821 3
      vertex 5.31214 7.56926 3
    endloop
  endfacet
  facet normal -0.290286 -0.95694 -0
    outer loop
      vertex 5.61229 7.47821 3
      vertex 5.31214 7.56926 0
      vertex 5.61229 7.47821 0
    endloop
  endfacet
  facet normal 0.0980184 -0.995185 0
    outer loop
      vertex 4.68785 7.56926 6
      vertex 4.84177 7.58442 3
      vertex 4.84177 7.58442 6
    endloop
  endfacet
  facet normal 0.0980184 -0.995185 0
    outer loop
      vertex 4.68785 7.56926 0
      vertex 4.84177 7.58442 3
      vertex 4.68785 7.56926 6
    endloop
  endfacet
  facet normal 0.0980042 -0.995186 7.36679e-07
    outer loop
      vertex 5 7.6 0
      vertex 4.84177 7.58442 3
      vertex 4.68785 7.56926 0
    endloop
  endfacet
  facet normal 0.0979904 -0.995187 0
    outer loop
      vertex 4.84177 7.58442 3
      vertex 5 7.6 0
      vertex 5 7.6 3
    endloop
  endfacet
  facet normal 0.471405 0.881917 -0
    outer loop
      vertex 4.38771 4.52179 0
      vertex 4.11109 4.66965 6
      vertex 4.38771 4.52179 6
    endloop
  endfacet
  facet normal 0.471405 0.881917 0
    outer loop
      vertex 4.11109 4.66965 6
      vertex 4.38771 4.52179 0
      vertex 4.11109 4.66965 0
    endloop
  endfacet
  facet normal 0.471405 -0.881917 0
    outer loop
      vertex 4.11109 7.33035 0
      vertex 4.38771 7.47821 6
      vertex 4.11109 7.33035 6
    endloop
  endfacet
  facet normal 0.471405 -0.881917 0
    outer loop
      vertex 4.38771 7.47821 6
      vertex 4.11109 7.33035 0
      vertex 4.38771 7.47821 0
    endloop
  endfacet
  facet normal -0.471405 0.881917 0
    outer loop
      vertex 5.88891 4.66965 0
      vertex 5.61229 4.52179 3
      vertex 5.88891 4.66965 3
    endloop
  endfacet
  facet normal -0.471405 0.881917 0
    outer loop
      vertex 5.61229 4.52179 3
      vertex 5.88891 4.66965 0
      vertex 5.61229 4.52179 0
    endloop
  endfacet
  facet normal 0.773013 -0.63439 0
    outer loop
      vertex 3.66965 6.88891 6
      vertex 3.86863 7.13137 0
      vertex 3.86863 7.13137 6
    endloop
  endfacet
  facet normal 0.773013 -0.63439 0
    outer loop
      vertex 3.86863 7.13137 0
      vertex 3.66965 6.88891 6
      vertex 3.66965 6.88891 0
    endloop
  endfacet
  facet normal -0.773013 -0.63439 0
    outer loop
      vertex 6.33035 6.88891 0
      vertex 6.13137 7.13137 3
      vertex 6.13137 7.13137 0
    endloop
  endfacet
  facet normal -0.773013 -0.63439 0
    outer loop
      vertex 6.13137 7.13137 3
      vertex 6.33035 6.88891 0
      vertex 6.33035 6.88891 3
    endloop
  endfacet
  facet normal -0.773013 0.63439 0
    outer loop
      vertex 6.13137 4.86863 0
      vertex 6.33035 5.11109 3
      vertex 6.33035 5.11109 0
    endloop
  endfacet
  facet normal -0.773013 0.63439 0
    outer loop
      vertex 6.33035 5.11109 3
      vertex 6.13137 4.86863 0
      vertex 6.13137 4.86863 3
    endloop
  endfacet
  facet normal 0.0979904 0.995187 0
    outer loop
      vertex 5 4.4 3
      vertex 5 4.4 0
      vertex 4.84177 4.41558 3
    endloop
  endfacet
  facet normal 0.0980184 0.995185 -0
    outer loop
      vertex 4.84177 4.41558 3
      vertex 4.68785 4.43074 6
      vertex 4.84177 4.41558 6
    endloop
  endfacet
  facet normal 0.0980184 0.995185 0
    outer loop
      vertex 4.84177 4.41558 3
      vertex 4.68785 4.43074 0
      vertex 4.68785 4.43074 6
    endloop
  endfacet
  facet normal 0.0980042 0.995186 7.36679e-07
    outer loop
      vertex 4.68785 4.43074 0
      vertex 4.84177 4.41558 3
      vertex 5 4.4 0
    endloop
  endfacet
  facet normal 0.290295 -0.956937 0
    outer loop
      vertex 4.38771 7.47821 0
      vertex 4.68785 7.56926 6
      vertex 4.38771 7.47821 6
    endloop
  endfacet
  facet normal 0.290295 -0.956937 0
    outer loop
      vertex 4.68785 7.56926 6
      vertex 4.38771 7.47821 0
      vertex 4.68785 7.56926 0
    endloop
  endfacet
  facet normal -0.63439 0.773013 0
    outer loop
      vertex 6.13137 4.86863 0
      vertex 5.88891 4.66965 3
      vertex 6.13137 4.86863 3
    endloop
  endfacet
  facet normal -0.63439 0.773013 0
    outer loop
      vertex 5.88891 4.66965 3
      vertex 6.13137 4.86863 0
      vertex 5.88891 4.66965 0
    endloop
  endfacet
  facet normal -0.995186 0.0980042 0
    outer loop
      vertex 6.56926 5.68785 0
      vertex 6.6 6 3
      vertex 6.6 6 0
    endloop
  endfacet
  facet normal -0.995186 0.0980042 0
    outer loop
      vertex 6.6 6 3
      vertex 6.56926 5.68785 0
      vertex 6.56926 5.68785 3
    endloop
  endfacet
  facet normal 0.290295 0.956937 -0
    outer loop
      vertex 4.68785 4.43074 0
      vertex 4.38771 4.52179 6
      vertex 4.68785 4.43074 6
    endloop
  endfacet
  facet normal 0.290295 0.956937 0
    outer loop
      vertex 4.38771 4.52179 6
      vertex 4.68785 4.43074 0
      vertex 4.38771 4.52179 0
    endloop
  endfacet
  facet normal 0 0 -1
    outer loop
      vertex 4.38771 4.52179 6
      vertex 4.84177 4.41558 6
      vertex 4.68785 4.43074 6
    endloop
  endfacet
  facet normal 0 0 -1
    outer loop
      vertex 4.11109 4.66965 6
      vertex 4.84177 4.41558 6
      vertex 4.38771 4.52179 6
    endloop
  endfacet
  facet normal 0 0 -1
    outer loop
      vertex 3.86863 4.86863 6
      vertex 4.84177 4.41558 6
      vertex 4.11109 4.66965 6
    endloop
  endfacet
  facet normal 0 0 -1
    outer loop
      vertex 3.66965 5.11109 6
      vertex 4.84177 4.41558 6
      vertex 3.86863 4.86863 6
    endloop
  endfacet
  facet normal 0 0 -1
    outer loop
      vertex 3.41558 5.84177 6
      vertex 3.66965 5.11109 6
      vertex 3.52179 5.38771 6
    endloop
  endfacet
  facet normal 0 0 -1
    outer loop
      vertex 3.41558 5.84177 6
      vertex 3.52179 5.38771 6
      vertex 3.43074 5.68785 6
    endloop
  endfacet
  facet normal 0 0 -1
    outer loop
      vertex 3.66965 5.11109 6
      vertex 3.41558 5.84177 6
      vertex 4.84177 4.41558 6
    endloop
  endfacet
  facet normal 0 0 -1
    outer loop
      vertex 4.84177 7.58442 6
      vertex 4.38771 7.47821 6
      vertex 4.68785 7.56926 6
    endloop
  endfacet
  facet normal 0 0 -1
    outer loop
      vertex 4.84177 7.58442 6
      vertex 4.11109 7.33035 6
      vertex 4.38771 7.47821 6
    endloop
  endfacet
  facet normal 0 0 -1
    outer loop
      vertex 4.84177 7.58442 6
      vertex 3.86863 7.13137 6
      vertex 4.11109 7.33035 6
    endloop
  endfacet
  facet normal 0 0 -1
    outer loop
      vertex 4.84177 7.58442 6
      vertex 3.66965 6.88891 6
      vertex 3.86863 7.13137 6
    endloop
  endfacet
  facet normal 0 0 -1
    outer loop
      vertex 3.41558 6.15823 6
      vertex 3.66965 6.88891 6
      vertex 4.84177 7.58442 6
    endloop
  endfacet
  facet normal 0 0 -1
    outer loop
      vertex 3.66965 6.88891 6
      vertex 3.41558 6.15823 6
      vertex 3.52179 6.61229 6
    endloop
  endfacet
  facet normal 0 0 -1
    outer loop
      vertex 3.52179 6.61229 6
      vertex 3.41558 6.15823 6
      vertex 3.43074 6.31214 6
    endloop
  endfacet
  facet normal -0.956937 0.290295 0
    outer loop
      vertex 6.47821 5.38771 0
      vertex 6.56926 5.68785 3
      vertex 6.56926 5.68785 0
    endloop
  endfacet
  facet normal -0.956937 0.290295 0
    outer loop
      vertex 6.56926 5.68785 3
      vertex 6.47821 5.38771 0
      vertex 6.47821 5.38771 3
    endloop
  endfacet
  facet normal 0.956937 0.290295 0
    outer loop
      vertex 3.52179 5.38771 6
      vertex 3.43074 5.68785 0
      vertex 3.43074 5.68785 6
    endloop
  endfacet
  facet normal 0.956937 0.290295 0
    outer loop
      vertex 3.43074 5.68785 0
      vertex 3.52179 5.38771 6
      vertex 3.52179 5.38771 0
    endloop
  endfacet
  facet normal -0.881917 0.471405 0
    outer loop
      vertex 6.33035 5.11109 0
      vertex 6.47821 5.38771 3
      vertex 6.47821 5.38771 0
    endloop
  endfacet
  facet normal -0.881917 0.471405 0
    outer loop
      vertex 6.47821 5.38771 3
      vertex 6.33035 5.11109 0
      vertex 6.33035 5.11109 3
    endloop
  endfacet
  facet normal 0.995184 -0.0980247 0
    outer loop
      vertex 3.41558 6.15823 3
      vertex 3.43074 6.31214 6
      vertex 3.41558 6.15823 6
    endloop
  endfacet
  facet normal 0.995184 -0.0980247 0
    outer loop
      vertex 3.43074 6.31214 6
      vertex 3.41558 6.15823 3
      vertex 3.43074 6.31214 0
    endloop
  endfacet
  facet normal 0.995187 -0.0979904 0
    outer loop
      vertex 3.4 6 0
      vertex 3.41558 6.15823 3
      vertex 3.4 6 3
    endloop
  endfacet
  facet normal 0.995186 -0.0980073 9.0228e-07
    outer loop
      vertex 3.41558 6.15823 3
      vertex 3.4 6 0
      vertex 3.43074 6.31214 0
    endloop
  endfacet
  facet normal -0.0980073 -0.995186 0
    outer loop
      vertex 5 7.6 0
      vertex 5.31214 7.56926 3
      vertex 5 7.6 3
    endloop
  endfacet
  facet normal -0.0980073 -0.995186 -0
    outer loop
      vertex 5.31214 7.56926 3
      vertex 5 7.6 0
      vertex 5.31214 7.56926 0
    endloop
  endfacet
  facet normal 0.63439 -0.773013 0
    outer loop
      vertex 3.86863 7.13137 0
      vertex 4.11109 7.33035 6
      vertex 3.86863 7.13137 6
    endloop
  endfacet
  facet normal 0.63439 -0.773013 0
    outer loop
      vertex 4.11109 7.33035 6
      vertex 3.86863 7.13137 0
      vertex 4.11109 7.33035 0
    endloop
  endfacet
  facet normal -0.63439 -0.773013 0
    outer loop
      vertex 5.88891 7.33035 0
      vertex 6.13137 7.13137 3
      vertex 5.88891 7.33035 3
    endloop
  endfacet
  facet normal -0.63439 -0.773013 -0
    outer loop
      vertex 6.13137 7.13137 3
      vertex 5.88891 7.33035 0
      vertex 6.13137 7.13137 0
    endloop
  endfacet
  facet normal -0.0980073 0.995186 0
    outer loop
      vertex 5.31214 4.43074 0
      vertex 5 4.4 3
      vertex 5.31214 4.43074 3
    endloop
  endfacet
  facet normal -0.0980073 0.995186 0
    outer loop
      vertex 5 4.4 3
      vertex 5.31214 4.43074 0
      vertex 5 4.4 0
    endloop
  endfacet
  facet normal -0.471405 -0.881917 0
    outer loop
      vertex 5.61229 7.47821 0
      vertex 5.88891 7.33035 3
      vertex 5.61229 7.47821 3
    endloop
  endfacet
  facet normal -0.471405 -0.881917 -0
    outer loop
      vertex 5.88891 7.33035 3
      vertex 5.61229 7.47821 0
      vertex 5.88891 7.33035 0
    endloop
  endfacet
  facet normal 0.773013 0.63439 0
    outer loop
      vertex 3.86863 4.86863 6
      vertex 3.66965 5.11109 0
      vertex 3.66965 5.11109 6
    endloop
  endfacet
  facet normal 0.773013 0.63439 0
    outer loop
      vertex 3.66965 5.11109 0
      vertex 3.86863 4.86863 6
      vertex 3.86863 4.86863 0
    endloop
  endfacet
  facet normal 0.63439 0.773013 -0
    outer loop
      vertex 4.11109 4.66965 0
      vertex 3.86863 4.86863 6
      vertex 4.11109 4.66965 6
    endloop
  endfacet
  facet normal 0.63439 0.773013 0
    outer loop
      vertex 3.86863 4.86863 6
      vertex 4.11109 4.66965 0
      vertex 3.86863 4.86863 0
    endloop
  endfacet
  facet normal 0.95694 -0.290286 0
    outer loop
      vertex 3.43074 6.31214 6
      vertex 3.52179 6.61229 0
      vertex 3.52179 6.61229 6
    endloop
  endfacet
  facet normal 0.95694 -0.290286 0
    outer loop
      vertex 3.52179 6.61229 0
      vertex 3.43074 6.31214 6
      vertex 3.43074 6.31214 0
    endloop
  endfacet
  facet normal 0.881917 -0.471405 0
    outer loop
      vertex 3.52179 6.61229 6
      vertex 3.66965 6.88891 0
      vertex 3.66965 6.88891 6
    endloop
  endfacet
  facet normal 0.881917 -0.471405 0
    outer loop
      vertex 3.66965 6.88891 0
      vertex 3.52179 6.61229 6
      vertex 3.52179 6.61229 0
    endloop
  endfacet
  facet normal 0.995185 0.0980184 0
    outer loop
      vertex 3.41558 5.84177 6
      vertex 3.43074 5.68785 6
      vertex 3.41558 5.84177 3
    endloop
  endfacet
  facet normal 0.995187 0.0979904 0
    outer loop
      vertex 3.41558 5.84177 3
      vertex 3.4 6 0
      vertex 3.4 6 3
    endloop
  endfacet
  facet normal 0.995186 0.0980042 7.36679e-07
    outer loop
      vertex 3.41558 5.84177 3
      vertex 3.43074 5.68785 0
      vertex 3.4 6 0
    endloop
  endfacet
  facet normal 0.995185 0.0980184 -0
    outer loop
      vertex 3.43074 5.68785 0
      vertex 3.41558 5.84177 3
      vertex 3.43074 5.68785 6
    endloop
  endfacet
  facet normal 0 -0.995184 0.0980195
    outer loop
      vertex 14 8.55004 9.49276
      vertex 16 8.6 10
      vertex 14 8.6 10
    endloop
  endfacet
  facet normal 0 -0.995184 0.0980195
    outer loop
      vertex 16 8.6 10
      vertex 14 8.55004 9.49276
      vertex 16 8.55004 9.49276
    endloop
  endfacet
  facet normal 0 -0.995184 0.0980195
    outer loop
      vertex 18.5 8.55004 9.49276
      vertex 23.5 8.6 10
      vertex 18.5 8.6 10
    endloop
  endfacet
  facet normal 0 -0.995184 0.0980195
    outer loop
      vertex 23.5 8.6 10
      vertex 18.5 8.55004 9.49276
      vertex 23.5 8.55004 9.49276
    endloop
  endfacet
  facet normal 0 0.773018 0.634385
    outer loop
      vertex 16 4.16152 8.16152
      vertex 14 3.83818 8.55552
      vertex 16 3.83818 8.55552
    endloop
  endfacet
  facet normal 0 0.773018 0.634385
    outer loop
      vertex 14 3.83818 8.55552
      vertex 16 4.16152 8.16152
      vertex 14 4.16152 8.16152
    endloop
  endfacet
  facet normal 0 0.773018 0.634385
    outer loop
      vertex 23.5 4.16152 8.16152
      vertex 18.5 3.83818 8.55552
      vertex 23.5 3.83818 8.55552
    endloop
  endfacet
  facet normal 0 0.773018 0.634385
    outer loop
      vertex 18.5 3.83818 8.55552
      vertex 23.5 4.16152 8.16152
      vertex 18.5 4.16152 8.16152
    endloop
  endfacet
  facet normal 0 0.881915 0.471408
    outer loop
      vertex 16 3.83818 8.55552
      vertex 14 3.59791 9.00502
      vertex 16 3.59791 9.00502
    endloop
  endfacet
  facet normal 0 0.881915 0.471408
    outer loop
      vertex 14 3.59791 9.00502
      vertex 16 3.83818 8.55552
      vertex 14 3.83818 8.55552
    endloop
  endfacet
  facet normal 0 0.881915 0.471408
    outer loop
      vertex 23.5 3.83818 8.55552
      vertex 18.5 3.59791 9.00502
      vertex 23.5 3.59791 9.00502
    endloop
  endfacet
  facet normal 0 0.881915 0.471408
    outer loop
      vertex 18.5 3.59791 9.00502
      vertex 23.5 3.83818 8.55552
      vertex 18.5 3.83818 8.55552
    endloop
  endfacet
  facet normal 0 -0.290271 0.956944
    outer loop
      vertex 14 6.99498 7.59791
      vertex 16 6.50723 7.44996
      vertex 16 6.99498 7.59791
    endloop
  endfacet
  facet normal 0 -0.290271 0.956944
    outer loop
      vertex 16 6.50723 7.44996
      vertex 14 6.99498 7.59791
      vertex 14 6.50723 7.44996
    endloop
  endfacet
  facet normal 0 -0.290271 0.956944
    outer loop
      vertex 18.5 6.99498 7.59791
      vertex 23.5 6.50723 7.44996
      vertex 23.5 6.99498 7.59791
    endloop
  endfacet
  facet normal 0 -0.290271 0.956944
    outer loop
      vertex 23.5 6.50723 7.44996
      vertex 18.5 6.99498 7.59791
      vertex 18.5 6.50723 7.44996
    endloop
  endfacet
  facet normal 0 -0.773018 0.634385
    outer loop
      vertex 14 7.83848 8.16152
      vertex 16 8.16182 8.55552
      vertex 14 8.16182 8.55552
    endloop
  endfacet
  facet normal 0 -0.773018 0.634385
    outer loop
      vertex 16 8.16182 8.55552
      vertex 14 7.83848 8.16152
      vertex 16 7.83848 8.16152
    endloop
  endfacet
  facet normal 0 -0.773018 0.634385
    outer loop
      vertex 18.5 7.83848 8.16152
      vertex 23.5 8.16182 8.55552
      vertex 18.5 8.16182 8.55552
    endloop
  endfacet
  facet normal 0 -0.773018 0.634385
    outer loop
      vertex 23.5 8.16182 8.55552
      vertex 18.5 7.83848 8.16152
      vertex 23.5 7.83848 8.16152
    endloop
  endfacet
  facet normal -0 0.0980195 0.995184
    outer loop
      vertex 14 6 7.4
      vertex 16 5.49276 7.44996
      vertex 16 6 7.4
    endloop
  endfacet
  facet normal 0 0.0980195 0.995184
    outer loop
      vertex 16 5.49276 7.44996
      vertex 14 6 7.4
      vertex 14 5.49276 7.44996
    endloop
  endfacet
  facet normal -0 0.0980195 0.995184
    outer loop
      vertex 18.5 6 7.4
      vertex 23.5 5.49276 7.44996
      vertex 23.5 6 7.4
    endloop
  endfacet
  facet normal 0 0.0980195 0.995184
    outer loop
      vertex 23.5 5.49276 7.44996
      vertex 18.5 6 7.4
      vertex 18.5 5.49276 7.44996
    endloop
  endfacet
  facet normal 0 -0.634338 -0.773056
    outer loop
      vertex 14 7.44448 12.1618
      vertex 16 7.83848 11.8385
      vertex 16 7.44448 12.1618
    endloop
  endfacet
  facet normal -0 -0.634338 -0.773056
    outer loop
      vertex 16 7.83848 11.8385
      vertex 14 7.44448 12.1618
      vertex 14 7.83848 11.8385
    endloop
  endfacet
  facet normal 0 -0.634338 -0.773056
    outer loop
      vertex 18.5 7.44448 12.1618
      vertex 23.5 7.83848 11.8385
      vertex 23.5 7.44448 12.1618
    endloop
  endfacet
  facet normal -0 -0.634338 -0.773056
    outer loop
      vertex 23.5 7.83848 11.8385
      vertex 18.5 7.44448 12.1618
      vertex 18.5 7.83848 11.8385
    endloop
  endfacet
  facet normal -0 0.471408 0.881915
    outer loop
      vertex 14 5.00502 7.59791
      vertex 16 4.55552 7.83818
      vertex 16 5.00502 7.59791
    endloop
  endfacet
  facet normal 0 0.471408 0.881915
    outer loop
      vertex 16 4.55552 7.83818
      vertex 14 5.00502 7.59791
      vertex 14 4.55552 7.83818
    endloop
  endfacet
  facet normal -0 0.471408 0.881915
    outer loop
      vertex 18.5 5.00502 7.59791
      vertex 23.5 4.55552 7.83818
      vertex 23.5 5.00502 7.59791
    endloop
  endfacet
  facet normal 0 0.471408 0.881915
    outer loop
      vertex 23.5 4.55552 7.83818
      vertex 18.5 5.00502 7.59791
      vertex 18.5 4.55552 7.83818
    endloop
  endfacet
  facet normal 0 0.956943 0.290277
    outer loop
      vertex 16 3.59791 9.00502
      vertex 14 3.44996 9.49276
      vertex 16 3.44996 9.49276
    endloop
  endfacet
  facet normal 0 0.956943 0.290277
    outer loop
      vertex 14 3.44996 9.49276
      vertex 16 3.59791 9.00502
      vertex 14 3.59791 9.00502
    endloop
  endfacet
  facet normal 0 0.956943 0.290277
    outer loop
      vertex 23.5 3.59791 9.00502
      vertex 18.5 3.44996 9.49276
      vertex 23.5 3.44996 9.49276
    endloop
  endfacet
  facet normal 0 0.956943 0.290277
    outer loop
      vertex 18.5 3.44996 9.49276
      vertex 23.5 3.59791 9.00502
      vertex 18.5 3.59791 9.00502
    endloop
  endfacet
  facet normal 0 0.290187 -0.95697
    outer loop
      vertex 14 5.00502 12.4021
      vertex 16 5.49276 12.55
      vertex 16 5.00502 12.4021
    endloop
  endfacet
  facet normal 0 0.290187 -0.95697
    outer loop
      vertex 16 5.49276 12.55
      vertex 14 5.00502 12.4021
      vertex 14 5.49276 12.55
    endloop
  endfacet
  facet normal 0 0.290187 -0.95697
    outer loop
      vertex 18.5 5.00502 12.4021
      vertex 23.5 5.49276 12.55
      vertex 23.5 5.00502 12.4021
    endloop
  endfacet
  facet normal 0 0.290187 -0.95697
    outer loop
      vertex 23.5 5.49276 12.55
      vertex 18.5 5.00502 12.4021
      vertex 18.5 5.49276 12.55
    endloop
  endfacet
  facet normal 0 -0.995184 -0.0980272
    outer loop
      vertex 14 8.6 10
      vertex 16 8.55004 10.5072
      vertex 14 8.55004 10.5072
    endloop
  endfacet
  facet normal 0 -0.995184 -0.0980272
    outer loop
      vertex 16 8.55004 10.5072
      vertex 14 8.6 10
      vertex 16 8.6 10
    endloop
  endfacet
  facet normal 0 -0.995184 -0.0980272
    outer loop
      vertex 18.5 8.6 10
      vertex 23.5 8.55004 10.5072
      vertex 18.5 8.55004 10.5072
    endloop
  endfacet
  facet normal 0 -0.995184 -0.0980272
    outer loop
      vertex 23.5 8.55004 10.5072
      vertex 18.5 8.6 10
      vertex 23.5 8.6 10
    endloop
  endfacet
  facet normal 0 0.773018 -0.634385
    outer loop
      vertex 16 3.83818 11.4445
      vertex 14 4.16152 11.8385
      vertex 16 4.16152 11.8385
    endloop
  endfacet
  facet normal 0 0.773018 -0.634385
    outer loop
      vertex 14 4.16152 11.8385
      vertex 16 3.83818 11.4445
      vertex 14 3.83818 11.4445
    endloop
  endfacet
  facet normal 0 0.773018 -0.634385
    outer loop
      vertex 23.5 3.83818 11.4445
      vertex 18.5 4.16152 11.8385
      vertex 23.5 4.16152 11.8385
    endloop
  endfacet
  facet normal 0 0.773018 -0.634385
    outer loop
      vertex 18.5 4.16152 11.8385
      vertex 23.5 3.83818 11.4445
      vertex 18.5 3.83818 11.4445
    endloop
  endfacet
  facet normal 0 0.0980972 -0.995177
    outer loop
      vertex 14 5.49276 12.55
      vertex 16 6 12.6
      vertex 16 5.49276 12.55
    endloop
  endfacet
  facet normal 0 0.0980972 -0.995177
    outer loop
      vertex 16 6 12.6
      vertex 14 5.49276 12.55
      vertex 14 6 12.6
    endloop
  endfacet
  facet normal 0 0.0980972 -0.995177
    outer loop
      vertex 18.5 5.49276 12.55
      vertex 23.5 6 12.6
      vertex 23.5 5.49276 12.55
    endloop
  endfacet
  facet normal 0 0.0980972 -0.995177
    outer loop
      vertex 23.5 6 12.6
      vertex 18.5 5.49276 12.55
      vertex 18.5 6 12.6
    endloop
  endfacet
  facet normal 0 -0.956953 -0.290244
    outer loop
      vertex 14 8.55004 10.5072
      vertex 16 8.40209 10.995
      vertex 14 8.40209 10.995
    endloop
  endfacet
  facet normal 0 -0.956953 -0.290244
    outer loop
      vertex 16 8.40209 10.995
      vertex 14 8.55004 10.5072
      vertex 16 8.55004 10.5072
    endloop
  endfacet
  facet normal 0 -0.956953 -0.290244
    outer loop
      vertex 18.5 8.55004 10.5072
      vertex 23.5 8.40209 10.995
      vertex 18.5 8.40209 10.995
    endloop
  endfacet
  facet normal 0 -0.956953 -0.290244
    outer loop
      vertex 23.5 8.40209 10.995
      vertex 18.5 8.55004 10.5072
      vertex 23.5 8.55004 10.5072
    endloop
  endfacet
  facet normal 0 -0.471408 0.881915
    outer loop
      vertex 14 7.44448 7.83818
      vertex 16 6.99498 7.59791
      vertex 16 7.44448 7.83818
    endloop
  endfacet
  facet normal 0 -0.471408 0.881915
    outer loop
      vertex 16 6.99498 7.59791
      vertex 14 7.44448 7.83818
      vertex 14 6.99498 7.59791
    endloop
  endfacet
  facet normal 0 -0.471408 0.881915
    outer loop
      vertex 18.5 7.44448 7.83818
      vertex 23.5 6.99498 7.59791
      vertex 23.5 7.44448 7.83818
    endloop
  endfacet
  facet normal 0 -0.471408 0.881915
    outer loop
      vertex 23.5 6.99498 7.59791
      vertex 18.5 7.44448 7.83818
      vertex 18.5 6.99498 7.59791
    endloop
  endfacet
  facet normal 0 -0.0980214 0.995184
    outer loop
      vertex 14 6.50723 7.44996
      vertex 16 6 7.4
      vertex 16 6.50723 7.44996
    endloop
  endfacet
  facet normal 0 -0.0980214 0.995184
    outer loop
      vertex 16 6 7.4
      vertex 14 6.50723 7.44996
      vertex 14 6 7.4
    endloop
  endfacet
  facet normal 0 -0.0980214 0.995184
    outer loop
      vertex 18.5 6.50723 7.44996
      vertex 23.5 6 7.4
      vertex 23.5 6.50723 7.44996
    endloop
  endfacet
  facet normal 0 -0.0980214 0.995184
    outer loop
      vertex 23.5 6 7.4
      vertex 18.5 6.50723 7.44996
      vertex 18.5 6 7.4
    endloop
  endfacet
  facet normal 0 0.471454 -0.881891
    outer loop
      vertex 14 4.55552 12.1618
      vertex 16 5.00502 12.4021
      vertex 16 4.55552 12.1618
    endloop
  endfacet
  facet normal 0 0.471454 -0.881891
    outer loop
      vertex 16 5.00502 12.4021
      vertex 14 4.55552 12.1618
      vertex 14 5.00502 12.4021
    endloop
  endfacet
  facet normal 0 0.471454 -0.881891
    outer loop
      vertex 18.5 4.55552 12.1618
      vertex 23.5 5.00502 12.4021
      vertex 23.5 4.55552 12.1618
    endloop
  endfacet
  facet normal 0 0.471454 -0.881891
    outer loop
      vertex 23.5 5.00502 12.4021
      vertex 18.5 4.55552 12.1618
      vertex 18.5 5.00502 12.4021
    endloop
  endfacet
  facet normal 0 -0.471454 -0.881891
    outer loop
      vertex 14 6.99498 12.4021
      vertex 16 7.44448 12.1618
      vertex 16 6.99498 12.4021
    endloop
  endfacet
  facet normal -0 -0.471454 -0.881891
    outer loop
      vertex 16 7.44448 12.1618
      vertex 14 6.99498 12.4021
      vertex 14 7.44448 12.1618
    endloop
  endfacet
  facet normal 0 -0.471454 -0.881891
    outer loop
      vertex 18.5 6.99498 12.4021
      vertex 23.5 7.44448 12.1618
      vertex 23.5 6.99498 12.4021
    endloop
  endfacet
  facet normal -0 -0.471454 -0.881891
    outer loop
      vertex 23.5 7.44448 12.1618
      vertex 18.5 6.99498 12.4021
      vertex 18.5 7.44448 12.1618
    endloop
  endfacet
  facet normal -0 0.634385 0.773018
    outer loop
      vertex 14 4.55552 7.83818
      vertex 16 4.16152 8.16152
      vertex 16 4.55552 7.83818
    endloop
  endfacet
  facet normal 0 0.634385 0.773018
    outer loop
      vertex 16 4.16152 8.16152
      vertex 14 4.55552 7.83818
      vertex 14 4.16152 8.16152
    endloop
  endfacet
  facet normal -0 0.634385 0.773018
    outer loop
      vertex 18.5 4.55552 7.83818
      vertex 23.5 4.16152 8.16152
      vertex 23.5 4.55552 7.83818
    endloop
  endfacet
  facet normal 0 0.634385 0.773018
    outer loop
      vertex 23.5 4.16152 8.16152
      vertex 18.5 4.55552 7.83818
      vertex 18.5 4.16152 8.16152
    endloop
  endfacet
  facet normal 0 0.881915 -0.471408
    outer loop
      vertex 16 3.59791 10.995
      vertex 14 3.83818 11.4445
      vertex 16 3.83818 11.4445
    endloop
  endfacet
  facet normal 0 0.881915 -0.471408
    outer loop
      vertex 14 3.83818 11.4445
      vertex 16 3.59791 10.995
      vertex 14 3.59791 10.995
    endloop
  endfacet
  facet normal 0 0.881915 -0.471408
    outer loop
      vertex 23.5 3.59791 10.995
      vertex 18.5 3.83818 11.4445
      vertex 23.5 3.83818 11.4445
    endloop
  endfacet
  facet normal 0 0.881915 -0.471408
    outer loop
      vertex 18.5 3.83818 11.4445
      vertex 23.5 3.59791 10.995
      vertex 18.5 3.59791 10.995
    endloop
  endfacet
  facet normal 0 -0.634385 0.773018
    outer loop
      vertex 14 7.83848 8.16152
      vertex 16 7.44448 7.83818
      vertex 16 7.83848 8.16152
    endloop
  endfacet
  facet normal 0 -0.634385 0.773018
    outer loop
      vertex 16 7.44448 7.83818
      vertex 14 7.83848 8.16152
      vertex 14 7.44448 7.83818
    endloop
  endfacet
  facet normal 0 -0.634385 0.773018
    outer loop
      vertex 18.5 7.83848 8.16152
      vertex 23.5 7.44448 7.83818
      vertex 23.5 7.83848 8.16152
    endloop
  endfacet
  facet normal 0 -0.634385 0.773018
    outer loop
      vertex 23.5 7.44448 7.83818
      vertex 18.5 7.83848 8.16152
      vertex 18.5 7.44448 7.83818
    endloop
  endfacet
  facet normal 0 -0.881915 0.471408
    outer loop
      vertex 14 8.16182 8.55552
      vertex 16 8.40209 9.00502
      vertex 14 8.40209 9.00502
    endloop
  endfacet
  facet normal 0 -0.881915 0.471408
    outer loop
      vertex 16 8.40209 9.00502
      vertex 14 8.16182 8.55552
      vertex 16 8.16182 8.55552
    endloop
  endfacet
  facet normal 0 -0.881915 0.471408
    outer loop
      vertex 18.5 8.16182 8.55552
      vertex 23.5 8.40209 9.00502
      vertex 18.5 8.40209 9.00502
    endloop
  endfacet
  facet normal 0 -0.881915 0.471408
    outer loop
      vertex 23.5 8.40209 9.00502
      vertex 18.5 8.16182 8.55552
      vertex 23.5 8.16182 8.55552
    endloop
  endfacet
  facet normal 0 -0.956943 0.290277
    outer loop
      vertex 14 8.40209 9.00502
      vertex 16 8.55004 9.49276
      vertex 14 8.55004 9.49276
    endloop
  endfacet
  facet normal 0 -0.956943 0.290277
    outer loop
      vertex 16 8.55004 9.49276
      vertex 14 8.40209 9.00502
      vertex 16 8.40209 9.00502
    endloop
  endfacet
  facet normal 0 -0.956943 0.290277
    outer loop
      vertex 18.5 8.40209 9.00502
      vertex 23.5 8.55004 9.49276
      vertex 18.5 8.55004 9.49276
    endloop
  endfacet
  facet normal 0 -0.956943 0.290277
    outer loop
      vertex 23.5 8.55004 9.49276
      vertex 18.5 8.40209 9.00502
      vertex 23.5 8.40209 9.00502
    endloop
  endfacet
  facet normal -0 0.290277 0.956943
    outer loop
      vertex 14 5.49276 7.44996
      vertex 16 5.00502 7.59791
      vertex 16 5.49276 7.44996
    endloop
  endfacet
  facet normal 0 0.290277 0.956943
    outer loop
      vertex 16 5.00502 7.59791
      vertex 14 5.49276 7.44996
      vertex 14 5.00502 7.59791
    endloop
  endfacet
  facet normal -0 0.290277 0.956943
    outer loop
      vertex 18.5 5.49276 7.44996
      vertex 23.5 5.00502 7.59791
      vertex 23.5 5.49276 7.44996
    endloop
  endfacet
  facet normal 0 0.290277 0.956943
    outer loop
      vertex 23.5 5.00502 7.59791
      vertex 18.5 5.49276 7.44996
      vertex 18.5 5.00502 7.59791
    endloop
  endfacet
  facet normal 0 -0.0980992 -0.995177
    outer loop
      vertex 14 6 12.6
      vertex 16 6.50723 12.55
      vertex 16 6 12.6
    endloop
  endfacet
  facet normal -0 -0.0980992 -0.995177
    outer loop
      vertex 16 6.50723 12.55
      vertex 14 6 12.6
      vertex 14 6.50723 12.55
    endloop
  endfacet
  facet normal 0 -0.0980992 -0.995177
    outer loop
      vertex 18.5 6 12.6
      vertex 23.5 6.50723 12.55
      vertex 23.5 6 12.6
    endloop
  endfacet
  facet normal -0 -0.0980992 -0.995177
    outer loop
      vertex 23.5 6.50723 12.55
      vertex 18.5 6 12.6
      vertex 18.5 6.50723 12.55
    endloop
  endfacet
  facet normal 0 0.995184 -0.0980272
    outer loop
      vertex 16 3.4 10
      vertex 14 3.44996 10.5072
      vertex 16 3.44996 10.5072
    endloop
  endfacet
  facet normal 0 0.995184 -0.0980272
    outer loop
      vertex 14 3.44996 10.5072
      vertex 16 3.4 10
      vertex 14 3.4 10
    endloop
  endfacet
  facet normal 0 0.995184 -0.0980272
    outer loop
      vertex 23.5 3.4 10
      vertex 18.5 3.44996 10.5072
      vertex 23.5 3.44996 10.5072
    endloop
  endfacet
  facet normal 0 0.995184 -0.0980272
    outer loop
      vertex 18.5 3.44996 10.5072
      vertex 23.5 3.4 10
      vertex 18.5 3.4 10
    endloop
  endfacet
  facet normal 0 0.956953 -0.290244
    outer loop
      vertex 16 3.44996 10.5072
      vertex 14 3.59791 10.995
      vertex 16 3.59791 10.995
    endloop
  endfacet
  facet normal 0 0.956953 -0.290244
    outer loop
      vertex 14 3.59791 10.995
      vertex 16 3.44996 10.5072
      vertex 14 3.44996 10.5072
    endloop
  endfacet
  facet normal 0 0.956953 -0.290244
    outer loop
      vertex 23.5 3.44996 10.5072
      vertex 18.5 3.59791 10.995
      vertex 23.5 3.59791 10.995
    endloop
  endfacet
  facet normal 0 0.956953 -0.290244
    outer loop
      vertex 18.5 3.59791 10.995
      vertex 23.5 3.44996 10.5072
      vertex 18.5 3.44996 10.5072
    endloop
  endfacet
  facet normal 0 -0.773018 -0.634385
    outer loop
      vertex 14 8.16182 11.4445
      vertex 16 7.83848 11.8385
      vertex 14 7.83848 11.8385
    endloop
  endfacet
  facet normal 0 -0.773018 -0.634385
    outer loop
      vertex 16 7.83848 11.8385
      vertex 14 8.16182 11.4445
      vertex 16 8.16182 11.4445
    endloop
  endfacet
  facet normal 0 -0.773018 -0.634385
    outer loop
      vertex 18.5 8.16182 11.4445
      vertex 23.5 7.83848 11.8385
      vertex 18.5 7.83848 11.8385
    endloop
  endfacet
  facet normal 0 -0.773018 -0.634385
    outer loop
      vertex 23.5 7.83848 11.8385
      vertex 18.5 8.16182 11.4445
      vertex 23.5 8.16182 11.4445
    endloop
  endfacet
  facet normal 0 -0.290182 -0.956972
    outer loop
      vertex 14 6.50723 12.55
      vertex 16 6.99498 12.4021
      vertex 16 6.50723 12.55
    endloop
  endfacet
  facet normal -0 -0.290182 -0.956972
    outer loop
      vertex 16 6.99498 12.4021
      vertex 14 6.50723 12.55
      vertex 14 6.99498 12.4021
    endloop
  endfacet
  facet normal 0 -0.290182 -0.956972
    outer loop
      vertex 18.5 6.50723 12.55
      vertex 23.5 6.99498 12.4021
      vertex 23.5 6.50723 12.55
    endloop
  endfacet
  facet normal -0 -0.290182 -0.956972
    outer loop
      vertex 23.5 6.99498 12.4021
      vertex 18.5 6.50723 12.55
      vertex 18.5 6.99498 12.4021
    endloop
  endfacet
  facet normal 0 -0.881915 -0.471408
    outer loop
      vertex 14 8.40209 10.995
      vertex 16 8.16182 11.4445
      vertex 14 8.16182 11.4445
    endloop
  endfacet
  facet normal 0 -0.881915 -0.471408
    outer loop
      vertex 16 8.16182 11.4445
      vertex 14 8.40209 10.995
      vertex 16 8.40209 10.995
    endloop
  endfacet
  facet normal 0 -0.881915 -0.471408
    outer loop
      vertex 18.5 8.40209 10.995
      vertex 23.5 8.16182 11.4445
      vertex 18.5 8.16182 11.4445
    endloop
  endfacet
  facet normal 0 -0.881915 -0.471408
    outer loop
      vertex 23.5 8.16182 11.4445
      vertex 18.5 8.40209 10.995
      vertex 23.5 8.40209 10.995
    endloop
  endfacet
  facet normal 0 0.634338 -0.773056
    outer loop
      vertex 14 4.16152 11.8385
      vertex 16 4.55552 12.1618
      vertex 16 4.16152 11.8385
    endloop
  endfacet
  facet normal 0 0.634338 -0.773056
    outer loop
      vertex 16 4.55552 12.1618
      vertex 14 4.16152 11.8385
      vertex 14 4.55552 12.1618
    endloop
  endfacet
  facet normal 0 0.634338 -0.773056
    outer loop
      vertex 18.5 4.16152 11.8385
      vertex 23.5 4.55552 12.1618
      vertex 23.5 4.16152 11.8385
    endloop
  endfacet
  facet normal 0 0.634338 -0.773056
    outer loop
      vertex 23.5 4.55552 12.1618
      vertex 18.5 4.16152 11.8385
      vertex 18.5 4.55552 12.1618
    endloop
  endfacet
  facet normal 1 0 0
    outer loop
      vertex 14 8.55004 10.5072
      vertex 14 8.55004 9.49276
      vertex 14 8.6 10
    endloop
  endfacet
  facet normal 1 0 0
    outer loop
      vertex 14 8.40209 10.995
      vertex 14 8.55004 9.49276
      vertex 14 8.55004 10.5072
    endloop
  endfacet
  facet normal 1 0 0
    outer loop
      vertex 14 8.40209 10.995
      vertex 14 8.40209 9.00502
      vertex 14 8.55004 9.49276
    endloop
  endfacet
  facet normal 1 0 0
    outer loop
      vertex 14 8.16182 11.4445
      vertex 14 8.40209 9.00502
      vertex 14 8.40209 10.995
    endloop
  endfacet
  facet normal 1 0 0
    outer loop
      vertex 14 8.16182 11.4445
      vertex 14 8.16182 8.55552
      vertex 14 8.40209 9.00502
    endloop
  endfacet
  facet normal 1 0 0
    outer loop
      vertex 14 7.83848 11.8385
      vertex 14 8.16182 8.55552
      vertex 14 8.16182 11.4445
    endloop
  endfacet
  facet normal 1 0 0
    outer loop
      vertex 14 7.83848 11.8385
      vertex 14 7.83848 8.16152
      vertex 14 8.16182 8.55552
    endloop
  endfacet
  facet normal 1 0 0
    outer loop
      vertex 14 7.44448 12.1618
      vertex 14 7.83848 8.16152
      vertex 14 7.83848 11.8385
    endloop
  endfacet
  facet normal 1 0 0
    outer loop
      vertex 14 7.44448 12.1618
      vertex 14 7.44448 7.83818
      vertex 14 7.83848 8.16152
    endloop
  endfacet
  facet normal 1 0 0
    outer loop
      vertex 14 6.99498 12.4021
      vertex 14 7.44448 7.83818
      vertex 14 7.44448 12.1618
    endloop
  endfacet
  facet normal 1 0 0
    outer loop
      vertex 14 6.99498 12.4021
      vertex 14 6.99498 7.59791
      vertex 14 7.44448 7.83818
    endloop
  endfacet
  facet normal 1 0 0
    outer loop
      vertex 14 6.50723 12.55
      vertex 14 6.99498 7.59791
      vertex 14 6.99498 12.4021
    endloop
  endfacet
  facet normal 1 0 0
    outer loop
      vertex 14 6.50723 12.55
      vertex 14 6.50723 7.44996
      vertex 14 6.99498 7.59791
    endloop
  endfacet
  facet normal 1 0 0
    outer loop
      vertex 14 6 12.6
      vertex 14 6.50723 7.44996
      vertex 14 6.50723 12.55
    endloop
  endfacet
  facet normal 1 0 0
    outer loop
      vertex 14 6 12.6
      vertex 14 6 7.4
      vertex 14 6.50723 7.44996
    endloop
  endfacet
  facet normal 1 -0 0
    outer loop
      vertex 14 5.49276 12.55
      vertex 14 6 7.4
      vertex 14 6 12.6
    endloop
  endfacet
  facet normal 1 0 0
    outer loop
      vertex 14 5.49276 12.55
      vertex 14 5.49276 7.44996
      vertex 14 6 7.4
    endloop
  endfacet
  facet normal 1 -0 0
    outer loop
      vertex 14 5.00502 12.4021
      vertex 14 5.49276 7.44996
      vertex 14 5.49276 12.55
    endloop
  endfacet
  facet normal 1 0 0
    outer loop
      vertex 14 5.00502 12.4021
      vertex 14 5.00502 7.59791
      vertex 14 5.49276 7.44996
    endloop
  endfacet
  facet normal 1 -0 0
    outer loop
      vertex 14 4.55552 12.1618
      vertex 14 5.00502 7.59791
      vertex 14 5.00502 12.4021
    endloop
  endfacet
  facet normal 1 0 0
    outer loop
      vertex 14 4.55552 12.1618
      vertex 14 4.55552 7.83818
      vertex 14 5.00502 7.59791
    endloop
  endfacet
  facet normal 1 -0 0
    outer loop
      vertex 14 4.16152 11.8385
      vertex 14 4.55552 7.83818
      vertex 14 4.55552 12.1618
    endloop
  endfacet
  facet normal 1 0 0
    outer loop
      vertex 14 4.16152 11.8385
      vertex 14 4.16152 8.16152
      vertex 14 4.55552 7.83818
    endloop
  endfacet
  facet normal 1 -0 0
    outer loop
      vertex 14 3.83818 11.4445
      vertex 14 4.16152 8.16152
      vertex 14 4.16152 11.8385
    endloop
  endfacet
  facet normal 1 0 0
    outer loop
      vertex 14 3.83818 11.4445
      vertex 14 3.83818 8.55552
      vertex 14 4.16152 8.16152
    endloop
  endfacet
  facet normal 1 -0 0
    outer loop
      vertex 14 3.59791 10.995
      vertex 14 3.83818 8.55552
      vertex 14 3.83818 11.4445
    endloop
  endfacet
  facet normal 1 0 0
    outer loop
      vertex 14 3.59791 10.995
      vertex 14 3.59791 9.00502
      vertex 14 3.83818 8.55552
    endloop
  endfacet
  facet normal 1 -0 0
    outer loop
      vertex 14 3.44996 10.5072
      vertex 14 3.59791 9.00502
      vertex 14 3.59791 10.995
    endloop
  endfacet
  facet normal 1 0 0
    outer loop
      vertex 14 3.44996 10.5072
      vertex 14 3.44996 9.49276
      vertex 14 3.59791 9.00502
    endloop
  endfacet
  facet normal 1 0 -0
    outer loop
      vertex 14 3.44996 9.49276
      vertex 14 3.44996 10.5072
      vertex 14 3.4 10
    endloop
  endfacet
  facet normal 0 0.995184 0.0980195
    outer loop
      vertex 16 3.44996 9.49276
      vertex 14 3.4 10
      vertex 16 3.4 10
    endloop
  endfacet
  facet normal 0 0.995184 0.0980195
    outer loop
      vertex 14 3.4 10
      vertex 16 3.44996 9.49276
      vertex 14 3.44996 9.49276
    endloop
  endfacet
  facet normal 0 0.995184 0.0980195
    outer loop
      vertex 23.5 3.44996 9.49276
      vertex 18.5 3.4 10
      vertex 23.5 3.4 10
    endloop
  endfacet
  facet normal 0 0.995184 0.0980195
    outer loop
      vertex 18.5 3.4 10
      vertex 23.5 3.44996 9.49276
      vertex 18.5 3.44996 9.49276
    endloop
  endfacet
  facet normal 0 -0.995184 0.0980249
    outer loop
      vertex 16 8.99139 9.40497
      vertex 18.5 9.05 10
      vertex 16 9.05 10
    endloop
  endfacet
  facet normal 0 -0.995184 0.0980249
    outer loop
      vertex 18.5 9.05 10
      vertex 16 8.99139 9.40497
      vertex 18.5 8.99139 9.40497
    endloop
  endfacet
  facet normal 0 0.773018 0.634384
    outer loop
      vertex 18.5 3.84332 7.84332
      vertex 16 3.46402 8.30551
      vertex 18.5 3.46402 8.30551
    endloop
  endfacet
  facet normal 0 0.773018 0.634384
    outer loop
      vertex 16 3.46402 8.30551
      vertex 18.5 3.84332 7.84332
      vertex 16 3.84332 7.84332
    endloop
  endfacet
  facet normal 0 0.881923 0.471393
    outer loop
      vertex 18.5 3.46402 8.30551
      vertex 16 3.18217 8.83282
      vertex 18.5 3.18217 8.83282
    endloop
  endfacet
  facet normal 0 0.881923 0.471393
    outer loop
      vertex 16 3.18217 8.83282
      vertex 18.5 3.46402 8.30551
      vertex 16 3.46402 8.30551
    endloop
  endfacet
  facet normal 0 -0.2903 0.956936
    outer loop
      vertex 16 7.16718 7.18217
      vertex 18.5 6.59503 7.0086
      vertex 18.5 7.16718 7.18217
    endloop
  endfacet
  facet normal 0 -0.2903 0.956936
    outer loop
      vertex 18.5 6.59503 7.0086
      vertex 16 7.16718 7.18217
      vertex 16 6.59503 7.0086
    endloop
  endfacet
  facet normal 0 -0.773018 0.634384
    outer loop
      vertex 16 8.15668 7.84332
      vertex 18.5 8.53598 8.30551
      vertex 16 8.53598 8.30551
    endloop
  endfacet
  facet normal 0 -0.773018 0.634384
    outer loop
      vertex 18.5 8.53598 8.30551
      vertex 16 8.15668 7.84332
      vertex 18.5 8.15668 7.84332
    endloop
  endfacet
  facet normal -0 0.0980083 0.995186
    outer loop
      vertex 16 6 6.95
      vertex 18.5 5.40497 7.0086
      vertex 18.5 6 6.95
    endloop
  endfacet
  facet normal 0 0.0980083 0.995186
    outer loop
      vertex 18.5 5.40497 7.0086
      vertex 16 6 6.95
      vertex 16 5.40497 7.0086
    endloop
  endfacet
  facet normal 0 -0.634384 -0.773018
    outer loop
      vertex 16 7.69449 12.536
      vertex 18.5 8.15668 12.1567
      vertex 18.5 7.69449 12.536
    endloop
  endfacet
  facet normal -0 -0.634384 -0.773018
    outer loop
      vertex 18.5 8.15668 12.1567
      vertex 16 7.69449 12.536
      vertex 16 8.15668 12.1567
    endloop
  endfacet
  facet normal -0 0.471393 0.881923
    outer loop
      vertex 16 4.83282 7.18217
      vertex 18.5 4.30551 7.46402
      vertex 18.5 4.83282 7.18217
    endloop
  endfacet
  facet normal 0 0.471393 0.881923
    outer loop
      vertex 18.5 4.30551 7.46402
      vertex 16 4.83282 7.18217
      vertex 16 4.30551 7.46402
    endloop
  endfacet
  facet normal 0 0.956936 0.2903
    outer loop
      vertex 18.5 3.18217 8.83282
      vertex 16 3.0086 9.40497
      vertex 18.5 3.0086 9.40497
    endloop
  endfacet
  facet normal 0 0.956936 0.2903
    outer loop
      vertex 16 3.0086 9.40497
      vertex 18.5 3.18217 8.83282
      vertex 16 3.18217 8.83282
    endloop
  endfacet
  facet normal 0 0.290346 -0.956922
    outer loop
      vertex 16 4.83282 12.8178
      vertex 18.5 5.40497 12.9914
      vertex 18.5 4.83282 12.8178
    endloop
  endfacet
  facet normal 0 0.290346 -0.956922
    outer loop
      vertex 18.5 5.40497 12.9914
      vertex 16 4.83282 12.8178
      vertex 16 5.40497 12.9914
    endloop
  endfacet
  facet normal 0 -0.995183 -0.0980298
    outer loop
      vertex 16 9.05 10
      vertex 18.5 8.99139 10.595
      vertex 16 8.99139 10.595
    endloop
  endfacet
  facet normal 0 -0.995183 -0.0980298
    outer loop
      vertex 18.5 8.99139 10.595
      vertex 16 9.05 10
      vertex 18.5 9.05 10
    endloop
  endfacet
  facet normal 0 0.773025 -0.634376
    outer loop
      vertex 18.5 3.46402 11.6945
      vertex 16 3.84332 12.1567
      vertex 18.5 3.84332 12.1567
    endloop
  endfacet
  facet normal 0 0.773025 -0.634376
    outer loop
      vertex 16 3.84332 12.1567
      vertex 18.5 3.46402 11.6945
      vertex 16 3.46402 11.6945
    endloop
  endfacet
  facet normal 0 0.0980083 -0.995186
    outer loop
      vertex 16 5.40497 12.9914
      vertex 18.5 6 13.05
      vertex 18.5 5.40497 12.9914
    endloop
  endfacet
  facet normal 0 0.0980083 -0.995186
    outer loop
      vertex 18.5 6 13.05
      vertex 16 5.40497 12.9914
      vertex 16 6 13.05
    endloop
  endfacet
  facet normal 0 -0.956947 -0.290262
    outer loop
      vertex 16 8.99139 10.595
      vertex 18.5 8.81783 11.1672
      vertex 16 8.81783 11.1672
    endloop
  endfacet
  facet normal 0 -0.956947 -0.290262
    outer loop
      vertex 18.5 8.81783 11.1672
      vertex 16 8.99139 10.595
      vertex 18.5 8.99139 10.595
    endloop
  endfacet
  facet normal 0 -0.471393 0.881923
    outer loop
      vertex 16 7.69449 7.46402
      vertex 18.5 7.16718 7.18217
      vertex 18.5 7.69449 7.46402
    endloop
  endfacet
  facet normal 0 -0.471393 0.881923
    outer loop
      vertex 18.5 7.16718 7.18217
      vertex 16 7.69449 7.46402
      vertex 16 7.16718 7.18217
    endloop
  endfacet
  facet normal 0 -0.0980083 0.995186
    outer loop
      vertex 16 6.59503 7.0086
      vertex 18.5 6 6.95
      vertex 18.5 6.59503 7.0086
    endloop
  endfacet
  facet normal 0 -0.0980083 0.995186
    outer loop
      vertex 18.5 6 6.95
      vertex 16 6.59503 7.0086
      vertex 16 6 6.95
    endloop
  endfacet
  facet normal -0 0.2903 0.956936
    outer loop
      vertex 16 5.40497 7.0086
      vertex 18.5 4.83282 7.18217
      vertex 18.5 5.40497 7.0086
    endloop
  endfacet
  facet normal 0 0.2903 0.956936
    outer loop
      vertex 18.5 4.83282 7.18217
      vertex 16 5.40497 7.0086
      vertex 16 4.83282 7.18217
    endloop
  endfacet
  facet normal 0 0.471328 -0.881958
    outer loop
      vertex 16 4.30551 12.536
      vertex 18.5 4.83282 12.8178
      vertex 18.5 4.30551 12.536
    endloop
  endfacet
  facet normal 0 0.471328 -0.881958
    outer loop
      vertex 18.5 4.83282 12.8178
      vertex 16 4.30551 12.536
      vertex 16 4.83282 12.8178
    endloop
  endfacet
  facet normal 0 -0.471328 -0.881958
    outer loop
      vertex 16 7.16718 12.8178
      vertex 18.5 7.69449 12.536
      vertex 18.5 7.16718 12.8178
    endloop
  endfacet
  facet normal -0 -0.471328 -0.881958
    outer loop
      vertex 18.5 7.69449 12.536
      vertex 16 7.16718 12.8178
      vertex 16 7.69449 12.536
    endloop
  endfacet
  facet normal 0 0.88192 -0.4714
    outer loop
      vertex 18.5 3.18217 11.1672
      vertex 16 3.46402 11.6945
      vertex 18.5 3.46402 11.6945
    endloop
  endfacet
  facet normal 0 0.88192 -0.4714
    outer loop
      vertex 16 3.46402 11.6945
      vertex 18.5 3.18217 11.1672
      vertex 16 3.18217 11.1672
    endloop
  endfacet
  facet normal 0 -0.634384 0.773018
    outer loop
      vertex 16 8.15668 7.84332
      vertex 18.5 7.69449 7.46402
      vertex 18.5 8.15668 7.84332
    endloop
  endfacet
  facet normal 0 -0.634384 0.773018
    outer loop
      vertex 18.5 7.69449 7.46402
      vertex 16 8.15668 7.84332
      vertex 16 7.69449 7.46402
    endloop
  endfacet
  facet normal 0 -0.881923 0.471393
    outer loop
      vertex 16 8.53598 8.30551
      vertex 18.5 8.81783 8.83282
      vertex 16 8.81783 8.83282
    endloop
  endfacet
  facet normal 0 -0.881923 0.471393
    outer loop
      vertex 18.5 8.81783 8.83282
      vertex 16 8.53598 8.30551
      vertex 18.5 8.53598 8.30551
    endloop
  endfacet
  facet normal 0 -0.95694 0.290285
    outer loop
      vertex 16 8.81783 8.83282
      vertex 18.5 8.99139 9.40497
      vertex 16 8.99139 9.40497
    endloop
  endfacet
  facet normal 0 -0.95694 0.290285
    outer loop
      vertex 18.5 8.99139 9.40497
      vertex 16 8.81783 8.83282
      vertex 18.5 8.81783 8.83282
    endloop
  endfacet
  facet normal 0 -0.0980083 -0.995186
    outer loop
      vertex 16 6 13.05
      vertex 18.5 6.59503 12.9914
      vertex 18.5 6 13.05
    endloop
  endfacet
  facet normal -0 -0.0980083 -0.995186
    outer loop
      vertex 18.5 6.59503 12.9914
      vertex 16 6 13.05
      vertex 16 6.59503 12.9914
    endloop
  endfacet
  facet normal -0 0.634384 0.773018
    outer loop
      vertex 16 4.30551 7.46402
      vertex 18.5 3.84332 7.84332
      vertex 18.5 4.30551 7.46402
    endloop
  endfacet
  facet normal 0 0.634384 0.773018
    outer loop
      vertex 18.5 3.84332 7.84332
      vertex 16 4.30551 7.46402
      vertex 16 3.84332 7.84332
    endloop
  endfacet
  facet normal 0 0.995185 -0.0980132
    outer loop
      vertex 18.5 2.95 10
      vertex 16 3.0086 10.595
      vertex 18.5 3.0086 10.595
    endloop
  endfacet
  facet normal 0 0.995185 -0.0980132
    outer loop
      vertex 16 3.0086 10.595
      vertex 18.5 2.95 10
      vertex 16 2.95 10
    endloop
  endfacet
  facet normal 0 0.956943 -0.290277
    outer loop
      vertex 18.5 3.0086 10.595
      vertex 16 3.18217 11.1672
      vertex 18.5 3.18217 11.1672
    endloop
  endfacet
  facet normal 0 0.956943 -0.290277
    outer loop
      vertex 16 3.18217 11.1672
      vertex 18.5 3.0086 10.595
      vertex 16 3.0086 10.595
    endloop
  endfacet
  facet normal 0 -0.773025 -0.634376
    outer loop
      vertex 16 8.53598 11.6945
      vertex 18.5 8.15668 12.1567
      vertex 16 8.15668 12.1567
    endloop
  endfacet
  facet normal 0 -0.773025 -0.634376
    outer loop
      vertex 18.5 8.15668 12.1567
      vertex 16 8.53598 11.6945
      vertex 18.5 8.53598 11.6945
    endloop
  endfacet
  facet normal 0 -0.290346 -0.956922
    outer loop
      vertex 16 6.59503 12.9914
      vertex 18.5 7.16718 12.8178
      vertex 18.5 6.59503 12.9914
    endloop
  endfacet
  facet normal -0 -0.290346 -0.956922
    outer loop
      vertex 18.5 7.16718 12.8178
      vertex 16 6.59503 12.9914
      vertex 16 7.16718 12.8178
    endloop
  endfacet
  facet normal 0 -0.88192 -0.4714
    outer loop
      vertex 16 8.81783 11.1672
      vertex 18.5 8.53598 11.6945
      vertex 16 8.53598 11.6945
    endloop
  endfacet
  facet normal 0 -0.88192 -0.4714
    outer loop
      vertex 18.5 8.53598 11.6945
      vertex 16 8.81783 11.1672
      vertex 18.5 8.81783 11.1672
    endloop
  endfacet
  facet normal 0 0.634384 -0.773018
    outer loop
      vertex 16 3.84332 12.1567
      vertex 18.5 4.30551 12.536
      vertex 18.5 3.84332 12.1567
    endloop
  endfacet
  facet normal 0 0.634384 -0.773018
    outer loop
      vertex 18.5 4.30551 12.536
      vertex 16 3.84332 12.1567
      vertex 16 4.30551 12.536
    endloop
  endfacet
  facet normal 1 0 0
    outer loop
      vertex 16 8.6 10
      vertex 16 9.05 10
      vertex 16 8.99139 10.595
    endloop
  endfacet
  facet normal 1 0 0
    outer loop
      vertex 16 8.55004 10.5072
      vertex 16 8.99139 10.595
      vertex 16 8.81783 11.1672
    endloop
  endfacet
  facet normal 1 0 0
    outer loop
      vertex 16 9.05 10
      vertex 16 8.6 10
      vertex 16 8.99139 9.40497
    endloop
  endfacet
  facet normal 1 -0 0
    outer loop
      vertex 16 8.55004 9.49276
      vertex 16 8.99139 9.40497
      vertex 16 8.6 10
    endloop
  endfacet
  facet normal 1 0 0
    outer loop
      vertex 16 8.99139 10.595
      vertex 16 8.55004 10.5072
      vertex 16 8.6 10
    endloop
  endfacet
  facet normal 1 0 0
    outer loop
      vertex 16 8.40209 10.995
      vertex 16 8.81783 11.1672
      vertex 16 8.53598 11.6945
    endloop
  endfacet
  facet normal 1 0 0
    outer loop
      vertex 16 8.81783 11.1672
      vertex 16 8.40209 10.995
      vertex 16 8.55004 10.5072
    endloop
  endfacet
  facet normal 1 0 0
    outer loop
      vertex 16 8.53598 11.6945
      vertex 16 8.16182 11.4445
      vertex 16 8.40209 10.995
    endloop
  endfacet
  facet normal 1 0 0
    outer loop
      vertex 16 8.15668 12.1567
      vertex 16 8.16182 11.4445
      vertex 16 8.53598 11.6945
    endloop
  endfacet
  facet normal 1 0 0
    outer loop
      vertex 16 8.15668 12.1567
      vertex 16 7.83848 11.8385
      vertex 16 8.16182 11.4445
    endloop
  endfacet
  facet normal 1 0 0
    outer loop
      vertex 16 7.69449 12.536
      vertex 16 7.83848 11.8385
      vertex 16 8.15668 12.1567
    endloop
  endfacet
  facet normal 1 0 0
    outer loop
      vertex 16 7.69449 12.536
      vertex 16 7.44448 12.1618
      vertex 16 7.83848 11.8385
    endloop
  endfacet
  facet normal 1 0 0
    outer loop
      vertex 16 7.16718 12.8178
      vertex 16 7.44448 12.1618
      vertex 16 7.69449 12.536
    endloop
  endfacet
  facet normal 1 0 0
    outer loop
      vertex 16 7.16718 12.8178
      vertex 16 6.99498 12.4021
      vertex 16 7.44448 12.1618
    endloop
  endfacet
  facet normal 1 0 0
    outer loop
      vertex 16 6.59503 12.9914
      vertex 16 6.99498 12.4021
      vertex 16 7.16718 12.8178
    endloop
  endfacet
  facet normal 1 0 0
    outer loop
      vertex 16 6.59503 12.9914
      vertex 16 6.50723 12.55
      vertex 16 6.99498 12.4021
    endloop
  endfacet
  facet normal 1 0 0
    outer loop
      vertex 16 6 13.05
      vertex 16 6.50723 12.55
      vertex 16 6.59503 12.9914
    endloop
  endfacet
  facet normal 1 0 0
    outer loop
      vertex 16 6 13.05
      vertex 16 6 12.6
      vertex 16 6.50723 12.55
    endloop
  endfacet
  facet normal 1 0 0
    outer loop
      vertex 16 6 13.05
      vertex 16 5.49276 12.55
      vertex 16 6 12.6
    endloop
  endfacet
  facet normal 1 -0 0
    outer loop
      vertex 16 5.40497 12.9914
      vertex 16 5.49276 12.55
      vertex 16 6 13.05
    endloop
  endfacet
  facet normal 1 0 0
    outer loop
      vertex 16 5.40497 12.9914
      vertex 16 5.00502 12.4021
      vertex 16 5.49276 12.55
    endloop
  endfacet
  facet normal 1 -0 0
    outer loop
      vertex 16 4.83282 12.8178
      vertex 16 5.00502 12.4021
      vertex 16 5.40497 12.9914
    endloop
  endfacet
  facet normal 1 0 0
    outer loop
      vertex 16 4.83282 12.8178
      vertex 16 4.55552 12.1618
      vertex 16 5.00502 12.4021
    endloop
  endfacet
  facet normal 1 -0 0
    outer loop
      vertex 16 4.30551 12.536
      vertex 16 4.55552 12.1618
      vertex 16 4.83282 12.8178
    endloop
  endfacet
  facet normal 1 0 0
    outer loop
      vertex 16 4.30551 12.536
      vertex 16 4.16152 11.8385
      vertex 16 4.55552 12.1618
    endloop
  endfacet
  facet normal 1 -0 0
    outer loop
      vertex 16 3.84332 12.1567
      vertex 16 4.16152 11.8385
      vertex 16 4.30551 12.536
    endloop
  endfacet
  facet normal 1 0 0
    outer loop
      vertex 16 3.84332 12.1567
      vertex 16 3.83818 11.4445
      vertex 16 4.16152 11.8385
    endloop
  endfacet
  facet normal 1 -0 0
    outer loop
      vertex 16 3.46402 11.6945
      vertex 16 3.83818 11.4445
      vertex 16 3.84332 12.1567
    endloop
  endfacet
  facet normal 1 0 0
    outer loop
      vertex 16 3.83818 11.4445
      vertex 16 3.46402 11.6945
      vertex 16 3.59791 10.995
    endloop
  endfacet
  facet normal 1 -0 0
    outer loop
      vertex 16 3.18217 11.1672
      vertex 16 3.59791 10.995
      vertex 16 3.46402 11.6945
    endloop
  endfacet
  facet normal 1 0 0
    outer loop
      vertex 16 3.59791 10.995
      vertex 16 3.18217 11.1672
      vertex 16 3.44996 10.5072
    endloop
  endfacet
  facet normal 1 -0 0
    outer loop
      vertex 16 3.0086 10.595
      vertex 16 3.44996 10.5072
      vertex 16 3.18217 11.1672
    endloop
  endfacet
  facet normal 1 0 0
    outer loop
      vertex 16 8.99139 9.40497
      vertex 16 8.55004 9.49276
      vertex 16 8.81783 8.83282
    endloop
  endfacet
  facet normal 1 -0 0
    outer loop
      vertex 16 8.40209 9.00502
      vertex 16 8.81783 8.83282
      vertex 16 8.55004 9.49276
    endloop
  endfacet
  facet normal 1 0 0
    outer loop
      vertex 16 8.81783 8.83282
      vertex 16 8.40209 9.00502
      vertex 16 8.53598 8.30551
    endloop
  endfacet
  facet normal 1 -0 0
    outer loop
      vertex 16 8.16182 8.55552
      vertex 16 8.53598 8.30551
      vertex 16 8.40209 9.00502
    endloop
  endfacet
  facet normal 1 0 0
    outer loop
      vertex 16 8.16182 8.55552
      vertex 16 8.15668 7.84332
      vertex 16 8.53598 8.30551
    endloop
  endfacet
  facet normal 1 -0 0
    outer loop
      vertex 16 7.83848 8.16152
      vertex 16 8.15668 7.84332
      vertex 16 8.16182 8.55552
    endloop
  endfacet
  facet normal 1 0 0
    outer loop
      vertex 16 7.83848 8.16152
      vertex 16 7.69449 7.46402
      vertex 16 8.15668 7.84332
    endloop
  endfacet
  facet normal 1 -0 0
    outer loop
      vertex 16 7.44448 7.83818
      vertex 16 7.69449 7.46402
      vertex 16 7.83848 8.16152
    endloop
  endfacet
  facet normal 1 0 0
    outer loop
      vertex 16 7.44448 7.83818
      vertex 16 7.16718 7.18217
      vertex 16 7.69449 7.46402
    endloop
  endfacet
  facet normal 1 -0 0
    outer loop
      vertex 16 6.99498 7.59791
      vertex 16 7.16718 7.18217
      vertex 16 7.44448 7.83818
    endloop
  endfacet
  facet normal 1 0 0
    outer loop
      vertex 16 6.99498 7.59791
      vertex 16 6.59503 7.0086
      vertex 16 7.16718 7.18217
    endloop
  endfacet
  facet normal 1 -0 0
    outer loop
      vertex 16 6.50723 7.44996
      vertex 16 6.59503 7.0086
      vertex 16 6.99498 7.59791
    endloop
  endfacet
  facet normal 1 -0 0
    outer loop
      vertex 16 6 7.4
      vertex 16 6.59503 7.0086
      vertex 16 6.50723 7.44996
    endloop
  endfacet
  facet normal 1 0 0
    outer loop
      vertex 16 6 7.4
      vertex 16 6 6.95
      vertex 16 6.59503 7.0086
    endloop
  endfacet
  facet normal 1 0 0
    outer loop
      vertex 16 5.49276 7.44996
      vertex 16 6 6.95
      vertex 16 6 7.4
    endloop
  endfacet
  facet normal 1 0 0
    outer loop
      vertex 16 5.49276 7.44996
      vertex 16 5.40497 7.0086
      vertex 16 6 6.95
    endloop
  endfacet
  facet normal 1 0 0
    outer loop
      vertex 16 5.00502 7.59791
      vertex 16 5.40497 7.0086
      vertex 16 5.49276 7.44996
    endloop
  endfacet
  facet normal 1 0 0
    outer loop
      vertex 16 5.00502 7.59791
      vertex 16 4.83282 7.18217
      vertex 16 5.40497 7.0086
    endloop
  endfacet
  facet normal 1 0 0
    outer loop
      vertex 16 4.55552 7.83818
      vertex 16 4.83282 7.18217
      vertex 16 5.00502 7.59791
    endloop
  endfacet
  facet normal 1 0 0
    outer loop
      vertex 16 4.55552 7.83818
      vertex 16 4.30551 7.46402
      vertex 16 4.83282 7.18217
    endloop
  endfacet
  facet normal 1 0 0
    outer loop
      vertex 16 4.16152 8.16152
      vertex 16 4.30551 7.46402
      vertex 16 4.55552 7.83818
    endloop
  endfacet
  facet normal 1 0 0
    outer loop
      vertex 16 4.16152 8.16152
      vertex 16 3.84332 7.84332
      vertex 16 4.30551 7.46402
    endloop
  endfacet
  facet normal 1 0 0
    outer loop
      vertex 16 3.83818 8.55552
      vertex 16 3.84332 7.84332
      vertex 16 4.16152 8.16152
    endloop
  endfacet
  facet normal 1 0 0
    outer loop
      vertex 16 3.46402 8.30551
      vertex 16 3.83818 8.55552
      vertex 16 3.59791 9.00502
    endloop
  endfacet
  facet normal 1 0 0
    outer loop
      vertex 16 3.83818 8.55552
      vertex 16 3.46402 8.30551
      vertex 16 3.84332 7.84332
    endloop
  endfacet
  facet normal 1 0 0
    outer loop
      vertex 16 3.18217 8.83282
      vertex 16 3.59791 9.00502
      vertex 16 3.44996 9.49276
    endloop
  endfacet
  facet normal 1 0 0
    outer loop
      vertex 16 3.0086 9.40497
      vertex 16 3.44996 9.49276
      vertex 16 3.4 10
    endloop
  endfacet
  facet normal 1 0 0
    outer loop
      vertex 16 3.44996 10.5072
      vertex 16 3.0086 10.595
      vertex 16 3.4 10
    endloop
  endfacet
  facet normal 1 0 0
    outer loop
      vertex 16 3.59791 9.00502
      vertex 16 3.18217 8.83282
      vertex 16 3.46402 8.30551
    endloop
  endfacet
  facet normal 1 0 0
    outer loop
      vertex 16 2.95 10
      vertex 16 3.4 10
      vertex 16 3.0086 10.595
    endloop
  endfacet
  facet normal 1 0 0
    outer loop
      vertex 16 3.44996 9.49276
      vertex 16 3.0086 9.40497
      vertex 16 3.18217 8.83282
    endloop
  endfacet
  facet normal 1 0 0
    outer loop
      vertex 16 3.4 10
      vertex 16 2.95 10
      vertex 16 3.0086 9.40497
    endloop
  endfacet
  facet normal 0 0.995186 0.0980083
    outer loop
      vertex 18.5 3.0086 9.40497
      vertex 16 2.95 10
      vertex 18.5 2.95 10
    endloop
  endfacet
  facet normal 0 0.995186 0.0980083
    outer loop
      vertex 16 2.95 10
      vertex 18.5 3.0086 9.40497
      vertex 16 3.0086 9.40497
    endloop
  endfacet
  facet normal -1 0 0
    outer loop
      vertex 18.5 8.6 10
      vertex 18.5 9.05 10
      vertex 18.5 8.99139 9.40497
    endloop
  endfacet
  facet normal -1 0 0
    outer loop
      vertex 18.5 8.55004 9.49276
      vertex 18.5 8.99139 9.40497
      vertex 18.5 8.81783 8.83282
    endloop
  endfacet
  facet normal -1 0 0
    outer loop
      vertex 18.5 9.05 10
      vertex 18.5 8.6 10
      vertex 18.5 8.99139 10.595
    endloop
  endfacet
  facet normal -1 0 0
    outer loop
      vertex 18.5 8.55004 10.5072
      vertex 18.5 8.99139 10.595
      vertex 18.5 8.6 10
    endloop
  endfacet
  facet normal -1 0 0
    outer loop
      vertex 18.5 8.99139 9.40497
      vertex 18.5 8.55004 9.49276
      vertex 18.5 8.6 10
    endloop
  endfacet
  facet normal -1 0 0
    outer loop
      vertex 18.5 8.40209 9.00502
      vertex 18.5 8.81783 8.83282
      vertex 18.5 8.53598 8.30551
    endloop
  endfacet
  facet normal -1 0 0
    outer loop
      vertex 18.5 8.81783 8.83282
      vertex 18.5 8.40209 9.00502
      vertex 18.5 8.55004 9.49276
    endloop
  endfacet
  facet normal -1 0 0
    outer loop
      vertex 18.5 8.53598 8.30551
      vertex 18.5 8.16182 8.55552
      vertex 18.5 8.40209 9.00502
    endloop
  endfacet
  facet normal -1 0 0
    outer loop
      vertex 18.5 8.15668 7.84332
      vertex 18.5 8.16182 8.55552
      vertex 18.5 8.53598 8.30551
    endloop
  endfacet
  facet normal -1 0 0
    outer loop
      vertex 18.5 8.15668 7.84332
      vertex 18.5 7.83848 8.16152
      vertex 18.5 8.16182 8.55552
    endloop
  endfacet
  facet normal -1 0 0
    outer loop
      vertex 18.5 7.69449 7.46402
      vertex 18.5 7.83848 8.16152
      vertex 18.5 8.15668 7.84332
    endloop
  endfacet
  facet normal -1 0 0
    outer loop
      vertex 18.5 7.69449 7.46402
      vertex 18.5 7.44448 7.83818
      vertex 18.5 7.83848 8.16152
    endloop
  endfacet
  facet normal -1 0 0
    outer loop
      vertex 18.5 7.16718 7.18217
      vertex 18.5 7.44448 7.83818
      vertex 18.5 7.69449 7.46402
    endloop
  endfacet
  facet normal -1 0 0
    outer loop
      vertex 18.5 7.16718 7.18217
      vertex 18.5 6.99498 7.59791
      vertex 18.5 7.44448 7.83818
    endloop
  endfacet
  facet normal -1 0 0
    outer loop
      vertex 18.5 6.59503 7.0086
      vertex 18.5 6.99498 7.59791
      vertex 18.5 7.16718 7.18217
    endloop
  endfacet
  facet normal -1 0 0
    outer loop
      vertex 18.5 6.59503 7.0086
      vertex 18.5 6.50723 7.44996
      vertex 18.5 6.99498 7.59791
    endloop
  endfacet
  facet normal -1 0 0
    outer loop
      vertex 18.5 6 6.95
      vertex 18.5 6.50723 7.44996
      vertex 18.5 6.59503 7.0086
    endloop
  endfacet
  facet normal -1 0 0
    outer loop
      vertex 18.5 6 6.95
      vertex 18.5 6 7.4
      vertex 18.5 6.50723 7.44996
    endloop
  endfacet
  facet normal -1 0 0
    outer loop
      vertex 18.5 6 6.95
      vertex 18.5 5.49276 7.44996
      vertex 18.5 6 7.4
    endloop
  endfacet
  facet normal -1 0 0
    outer loop
      vertex 18.5 5.40497 7.0086
      vertex 18.5 5.49276 7.44996
      vertex 18.5 6 6.95
    endloop
  endfacet
  facet normal -1 0 0
    outer loop
      vertex 18.5 5.40497 7.0086
      vertex 18.5 5.00502 7.59791
      vertex 18.5 5.49276 7.44996
    endloop
  endfacet
  facet normal -1 0 0
    outer loop
      vertex 18.5 4.83282 7.18217
      vertex 18.5 5.00502 7.59791
      vertex 18.5 5.40497 7.0086
    endloop
  endfacet
  facet normal -1 0 0
    outer loop
      vertex 18.5 4.83282 7.18217
      vertex 18.5 4.55552 7.83818
      vertex 18.5 5.00502 7.59791
    endloop
  endfacet
  facet normal -1 0 0
    outer loop
      vertex 18.5 4.30551 7.46402
      vertex 18.5 4.55552 7.83818
      vertex 18.5 4.83282 7.18217
    endloop
  endfacet
  facet normal -1 0 0
    outer loop
      vertex 18.5 4.30551 7.46402
      vertex 18.5 4.16152 8.16152
      vertex 18.5 4.55552 7.83818
    endloop
  endfacet
  facet normal -1 0 0
    outer loop
      vertex 18.5 3.84332 7.84332
      vertex 18.5 4.16152 8.16152
      vertex 18.5 4.30551 7.46402
    endloop
  endfacet
  facet normal -1 0 0
    outer loop
      vertex 18.5 3.84332 7.84332
      vertex 18.5 3.83818 8.55552
      vertex 18.5 4.16152 8.16152
    endloop
  endfacet
  facet normal -1 0 0
    outer loop
      vertex 18.5 3.46402 8.30551
      vertex 18.5 3.83818 8.55552
      vertex 18.5 3.84332 7.84332
    endloop
  endfacet
  facet normal -1 -0 0
    outer loop
      vertex 18.5 3.83818 8.55552
      vertex 18.5 3.46402 8.30551
      vertex 18.5 3.59791 9.00502
    endloop
  endfacet
  facet normal -1 0 0
    outer loop
      vertex 18.5 3.18217 8.83282
      vertex 18.5 3.59791 9.00502
      vertex 18.5 3.46402 8.30551
    endloop
  endfacet
  facet normal -1 -0 0
    outer loop
      vertex 18.5 3.59791 9.00502
      vertex 18.5 3.18217 8.83282
      vertex 18.5 3.44996 9.49276
    endloop
  endfacet
  facet normal -1 0 0
    outer loop
      vertex 18.5 3.0086 9.40497
      vertex 18.5 3.44996 9.49276
      vertex 18.5 3.18217 8.83282
    endloop
  endfacet
  facet normal -1 -0 0
    outer loop
      vertex 18.5 8.99139 10.595
      vertex 18.5 8.55004 10.5072
      vertex 18.5 8.81783 11.1672
    endloop
  endfacet
  facet normal -1 0 0
    outer loop
      vertex 18.5 8.40209 10.995
      vertex 18.5 8.81783 11.1672
      vertex 18.5 8.55004 10.5072
    endloop
  endfacet
  facet normal -1 -0 0
    outer loop
      vertex 18.5 8.81783 11.1672
      vertex 18.5 8.40209 10.995
      vertex 18.5 8.53598 11.6945
    endloop
  endfacet
  facet normal -1 0 0
    outer loop
      vertex 18.5 8.16182 11.4445
      vertex 18.5 8.53598 11.6945
      vertex 18.5 8.40209 10.995
    endloop
  endfacet
  facet normal -1 0 0
    outer loop
      vertex 18.5 8.16182 11.4445
      vertex 18.5 8.15668 12.1567
      vertex 18.5 8.53598 11.6945
    endloop
  endfacet
  facet normal -1 0 0
    outer loop
      vertex 18.5 7.83848 11.8385
      vertex 18.5 8.15668 12.1567
      vertex 18.5 8.16182 11.4445
    endloop
  endfacet
  facet normal -1 0 0
    outer loop
      vertex 18.5 7.83848 11.8385
      vertex 18.5 7.69449 12.536
      vertex 18.5 8.15668 12.1567
    endloop
  endfacet
  facet normal -1 0 0
    outer loop
      vertex 18.5 7.44448 12.1618
      vertex 18.5 7.69449 12.536
      vertex 18.5 7.83848 11.8385
    endloop
  endfacet
  facet normal -1 0 0
    outer loop
      vertex 18.5 7.44448 12.1618
      vertex 18.5 7.16718 12.8178
      vertex 18.5 7.69449 12.536
    endloop
  endfacet
  facet normal -1 0 0
    outer loop
      vertex 18.5 6.99498 12.4021
      vertex 18.5 7.16718 12.8178
      vertex 18.5 7.44448 12.1618
    endloop
  endfacet
  facet normal -1 0 0
    outer loop
      vertex 18.5 6.99498 12.4021
      vertex 18.5 6.59503 12.9914
      vertex 18.5 7.16718 12.8178
    endloop
  endfacet
  facet normal -1 0 0
    outer loop
      vertex 18.5 6.50723 12.55
      vertex 18.5 6.59503 12.9914
      vertex 18.5 6.99498 12.4021
    endloop
  endfacet
  facet normal -1 0 0
    outer loop
      vertex 18.5 6 12.6
      vertex 18.5 6.59503 12.9914
      vertex 18.5 6.50723 12.55
    endloop
  endfacet
  facet normal -1 0 0
    outer loop
      vertex 18.5 6 12.6
      vertex 18.5 6 13.05
      vertex 18.5 6.59503 12.9914
    endloop
  endfacet
  facet normal -1 0 0
    outer loop
      vertex 18.5 5.49276 12.55
      vertex 18.5 6 13.05
      vertex 18.5 6 12.6
    endloop
  endfacet
  facet normal -1 0 0
    outer loop
      vertex 18.5 5.49276 12.55
      vertex 18.5 5.40497 12.9914
      vertex 18.5 6 13.05
    endloop
  endfacet
  facet normal -1 0 0
    outer loop
      vertex 18.5 5.00502 12.4021
      vertex 18.5 5.40497 12.9914
      vertex 18.5 5.49276 12.55
    endloop
  endfacet
  facet normal -1 0 0
    outer loop
      vertex 18.5 5.00502 12.4021
      vertex 18.5 4.83282 12.8178
      vertex 18.5 5.40497 12.9914
    endloop
  endfacet
  facet normal -1 0 0
    outer loop
      vertex 18.5 4.55552 12.1618
      vertex 18.5 4.83282 12.8178
      vertex 18.5 5.00502 12.4021
    endloop
  endfacet
  facet normal -1 0 0
    outer loop
      vertex 18.5 4.55552 12.1618
      vertex 18.5 4.30551 12.536
      vertex 18.5 4.83282 12.8178
    endloop
  endfacet
  facet normal -1 0 0
    outer loop
      vertex 18.5 4.16152 11.8385
      vertex 18.5 4.30551 12.536
      vertex 18.5 4.55552 12.1618
    endloop
  endfacet
  facet normal -1 0 0
    outer loop
      vertex 18.5 4.16152 11.8385
      vertex 18.5 3.84332 12.1567
      vertex 18.5 4.30551 12.536
    endloop
  endfacet
  facet normal -1 0 0
    outer loop
      vertex 18.5 3.83818 11.4445
      vertex 18.5 3.84332 12.1567
      vertex 18.5 4.16152 11.8385
    endloop
  endfacet
  facet normal -1 0 0
    outer loop
      vertex 18.5 3.46402 11.6945
      vertex 18.5 3.83818 11.4445
      vertex 18.5 3.59791 10.995
    endloop
  endfacet
  facet normal -1 0 0
    outer loop
      vertex 18.5 3.83818 11.4445
      vertex 18.5 3.46402 11.6945
      vertex 18.5 3.84332 12.1567
    endloop
  endfacet
  facet normal -1 0 0
    outer loop
      vertex 18.5 3.18217 11.1672
      vertex 18.5 3.59791 10.995
      vertex 18.5 3.44996 10.5072
    endloop
  endfacet
  facet normal -1 0 0
    outer loop
      vertex 18.5 3.0086 10.595
      vertex 18.5 3.44996 10.5072
      vertex 18.5 3.4 10
    endloop
  endfacet
  facet normal -1 -0 0
    outer loop
      vertex 18.5 3.44996 9.49276
      vertex 18.5 3.0086 9.40497
      vertex 18.5 3.4 10
    endloop
  endfacet
  facet normal -1 0 0
    outer loop
      vertex 18.5 3.59791 10.995
      vertex 18.5 3.18217 11.1672
      vertex 18.5 3.46402 11.6945
    endloop
  endfacet
  facet normal -1 0 0
    outer loop
      vertex 18.5 2.95 10
      vertex 18.5 3.4 10
      vertex 18.5 3.0086 9.40497
    endloop
  endfacet
  facet normal -1 0 0
    outer loop
      vertex 18.5 3.44996 10.5072
      vertex 18.5 3.0086 10.595
      vertex 18.5 3.18217 11.1672
    endloop
  endfacet
  facet normal -1 0 0
    outer loop
      vertex 18.5 3.4 10
      vertex 18.5 2.95 10
      vertex 18.5 3.0086 10.595
    endloop
  endfacet
  facet normal 0 -0.995184 0.0980249
    outer loop
      vertex 23.5 8.99139 9.40497
      vertex 25 9.05 10
      vertex 23.5 9.05 10
    endloop
  endfacet
  facet normal 0 -0.995184 0.0980249
    outer loop
      vertex 25 9.05 10
      vertex 23.5 8.99139 9.40497
      vertex 25 8.99139 9.40497
    endloop
  endfacet
  facet normal 0 0.773018 0.634384
    outer loop
      vertex 25 3.84332 7.84332
      vertex 23.5 3.46402 8.30551
      vertex 25 3.46402 8.30551
    endloop
  endfacet
  facet normal 0 0.773018 0.634384
    outer loop
      vertex 23.5 3.46402 8.30551
      vertex 25 3.84332 7.84332
      vertex 23.5 3.84332 7.84332
    endloop
  endfacet
  facet normal 0 0.881923 0.471393
    outer loop
      vertex 25 3.46402 8.30551
      vertex 23.5 3.18217 8.83282
      vertex 25 3.18217 8.83282
    endloop
  endfacet
  facet normal 0 0.881923 0.471393
    outer loop
      vertex 23.5 3.18217 8.83282
      vertex 25 3.46402 8.30551
      vertex 23.5 3.46402 8.30551
    endloop
  endfacet
  facet normal 0 -0.2903 0.956936
    outer loop
      vertex 23.5 7.16718 7.18217
      vertex 25 6.59503 7.0086
      vertex 25 7.16718 7.18217
    endloop
  endfacet
  facet normal 0 -0.2903 0.956936
    outer loop
      vertex 25 6.59503 7.0086
      vertex 23.5 7.16718 7.18217
      vertex 23.5 6.59503 7.0086
    endloop
  endfacet
  facet normal 0 -0.773018 0.634384
    outer loop
      vertex 23.5 8.15668 7.84332
      vertex 25 8.53598 8.30551
      vertex 23.5 8.53598 8.30551
    endloop
  endfacet
  facet normal 0 -0.773018 0.634384
    outer loop
      vertex 25 8.53598 8.30551
      vertex 23.5 8.15668 7.84332
      vertex 25 8.15668 7.84332
    endloop
  endfacet
  facet normal -0 0.0980083 0.995186
    outer loop
      vertex 23.5 6 6.95
      vertex 25 5.40497 7.0086
      vertex 25 6 6.95
    endloop
  endfacet
  facet normal 0 0.0980083 0.995186
    outer loop
      vertex 25 5.40497 7.0086
      vertex 23.5 6 6.95
      vertex 23.5 5.40497 7.0086
    endloop
  endfacet
  facet normal 0 -0.634384 -0.773018
    outer loop
      vertex 23.5 7.69449 12.536
      vertex 25 8.15668 12.1567
      vertex 25 7.69449 12.536
    endloop
  endfacet
  facet normal -0 -0.634384 -0.773018
    outer loop
      vertex 25 8.15668 12.1567
      vertex 23.5 7.69449 12.536
      vertex 23.5 8.15668 12.1567
    endloop
  endfacet
  facet normal -0 0.471393 0.881923
    outer loop
      vertex 23.5 4.83282 7.18217
      vertex 25 4.30551 7.46402
      vertex 25 4.83282 7.18217
    endloop
  endfacet
  facet normal 0 0.471393 0.881923
    outer loop
      vertex 25 4.30551 7.46402
      vertex 23.5 4.83282 7.18217
      vertex 23.5 4.30551 7.46402
    endloop
  endfacet
  facet normal 0 0.956936 0.2903
    outer loop
      vertex 25 3.18217 8.83282
      vertex 23.5 3.0086 9.40497
      vertex 25 3.0086 9.40497
    endloop
  endfacet
  facet normal 0 0.956936 0.2903
    outer loop
      vertex 23.5 3.0086 9.40497
      vertex 25 3.18217 8.83282
      vertex 23.5 3.18217 8.83282
    endloop
  endfacet
  facet normal 0 0.290346 -0.956922
    outer loop
      vertex 23.5 4.83282 12.8178
      vertex 25 5.40497 12.9914
      vertex 25 4.83282 12.8178
    endloop
  endfacet
  facet normal 0 0.290346 -0.956922
    outer loop
      vertex 25 5.40497 12.9914
      vertex 23.5 4.83282 12.8178
      vertex 23.5 5.40497 12.9914
    endloop
  endfacet
  facet normal 0 -0.995183 -0.0980298
    outer loop
      vertex 23.5 9.05 10
      vertex 25 8.99139 10.595
      vertex 23.5 8.99139 10.595
    endloop
  endfacet
  facet normal 0 -0.995183 -0.0980298
    outer loop
      vertex 25 8.99139 10.595
      vertex 23.5 9.05 10
      vertex 25 9.05 10
    endloop
  endfacet
  facet normal 0 0.773025 -0.634376
    outer loop
      vertex 25 3.46402 11.6945
      vertex 23.5 3.84332 12.1567
      vertex 25 3.84332 12.1567
    endloop
  endfacet
  facet normal 0 0.773025 -0.634376
    outer loop
      vertex 23.5 3.84332 12.1567
      vertex 25 3.46402 11.6945
      vertex 23.5 3.46402 11.6945
    endloop
  endfacet
  facet normal 0 0.0980083 -0.995186
    outer loop
      vertex 23.5 5.40497 12.9914
      vertex 25 6 13.05
      vertex 25 5.40497 12.9914
    endloop
  endfacet
  facet normal 0 0.0980083 -0.995186
    outer loop
      vertex 25 6 13.05
      vertex 23.5 5.40497 12.9914
      vertex 23.5 6 13.05
    endloop
  endfacet
  facet normal 0 -0.956947 -0.290262
    outer loop
      vertex 23.5 8.99139 10.595
      vertex 25 8.81783 11.1672
      vertex 23.5 8.81783 11.1672
    endloop
  endfacet
  facet normal 0 -0.956947 -0.290262
    outer loop
      vertex 25 8.81783 11.1672
      vertex 23.5 8.99139 10.595
      vertex 25 8.99139 10.595
    endloop
  endfacet
  facet normal 0 -0.471393 0.881923
    outer loop
      vertex 23.5 7.69449 7.46402
      vertex 25 7.16718 7.18217
      vertex 25 7.69449 7.46402
    endloop
  endfacet
  facet normal 0 -0.471393 0.881923
    outer loop
      vertex 25 7.16718 7.18217
      vertex 23.5 7.69449 7.46402
      vertex 23.5 7.16718 7.18217
    endloop
  endfacet
  facet normal 0 -0.0980083 0.995186
    outer loop
      vertex 23.5 6.59503 7.0086
      vertex 25 6 6.95
      vertex 25 6.59503 7.0086
    endloop
  endfacet
  facet normal 0 -0.0980083 0.995186
    outer loop
      vertex 25 6 6.95
      vertex 23.5 6.59503 7.0086
      vertex 23.5 6 6.95
    endloop
  endfacet
  facet normal 0 0.471328 -0.881958
    outer loop
      vertex 23.5 4.30551 12.536
      vertex 25 4.83282 12.8178
      vertex 25 4.30551 12.536
    endloop
  endfacet
  facet normal 0 0.471328 -0.881958
    outer loop
      vertex 25 4.83282 12.8178
      vertex 23.5 4.30551 12.536
      vertex 23.5 4.83282 12.8178
    endloop
  endfacet
  facet normal 0 -0.471328 -0.881958
    outer loop
      vertex 23.5 7.16718 12.8178
      vertex 25 7.69449 12.536
      vertex 25 7.16718 12.8178
    endloop
  endfacet
  facet normal -0 -0.471328 -0.881958
    outer loop
      vertex 25 7.69449 12.536
      vertex 23.5 7.16718 12.8178
      vertex 23.5 7.69449 12.536
    endloop
  endfacet
  facet normal 0 0.88192 -0.4714
    outer loop
      vertex 25 3.18217 11.1672
      vertex 23.5 3.46402 11.6945
      vertex 25 3.46402 11.6945
    endloop
  endfacet
  facet normal 0 0.88192 -0.4714
    outer loop
      vertex 23.5 3.46402 11.6945
      vertex 25 3.18217 11.1672
      vertex 23.5 3.18217 11.1672
    endloop
  endfacet
  facet normal 0 -0.634384 0.773018
    outer loop
      vertex 23.5 8.15668 7.84332
      vertex 25 7.69449 7.46402
      vertex 25 8.15668 7.84332
    endloop
  endfacet
  facet normal 0 -0.634384 0.773018
    outer loop
      vertex 25 7.69449 7.46402
      vertex 23.5 8.15668 7.84332
      vertex 23.5 7.69449 7.46402
    endloop
  endfacet
  facet normal 0 -0.881923 0.471393
    outer loop
      vertex 23.5 8.53598 8.30551
      vertex 25 8.81783 8.83282
      vertex 23.5 8.81783 8.83282
    endloop
  endfacet
  facet normal 0 -0.881923 0.471393
    outer loop
      vertex 25 8.81783 8.83282
      vertex 23.5 8.53598 8.30551
      vertex 25 8.53598 8.30551
    endloop
  endfacet
  facet normal 0 -0.95694 0.290285
    outer loop
      vertex 23.5 8.81783 8.83282
      vertex 25 8.99139 9.40497
      vertex 23.5 8.99139 9.40497
    endloop
  endfacet
  facet normal 0 -0.95694 0.290285
    outer loop
      vertex 25 8.99139 9.40497
      vertex 23.5 8.81783 8.83282
      vertex 25 8.81783 8.83282
    endloop
  endfacet
  facet normal -0 0.2903 0.956936
    outer loop
      vertex 23.5 5.40497 7.0086
      vertex 25 4.83282 7.18217
      vertex 25 5.40497 7.0086
    endloop
  endfacet
  facet normal 0 0.2903 0.956936
    outer loop
      vertex 25 4.83282 7.18217
      vertex 23.5 5.40497 7.0086
      vertex 23.5 4.83282 7.18217
    endloop
  endfacet
  facet normal 0 -0.0980083 -0.995186
    outer loop
      vertex 23.5 6 13.05
      vertex 25 6.59503 12.9914
      vertex 25 6 13.05
    endloop
  endfacet
  facet normal -0 -0.0980083 -0.995186
    outer loop
      vertex 25 6.59503 12.9914
      vertex 23.5 6 13.05
      vertex 23.5 6.59503 12.9914
    endloop
  endfacet
  facet normal -0 0.634384 0.773018
    outer loop
      vertex 23.5 4.30551 7.46402
      vertex 25 3.84332 7.84332
      vertex 25 4.30551 7.46402
    endloop
  endfacet
  facet normal 0 0.634384 0.773018
    outer loop
      vertex 25 3.84332 7.84332
      vertex 23.5 4.30551 7.46402
      vertex 23.5 3.84332 7.84332
    endloop
  endfacet
  facet normal 0 0.995185 -0.0980132
    outer loop
      vertex 25 2.95 10
      vertex 23.5 3.0086 10.595
      vertex 25 3.0086 10.595
    endloop
  endfacet
  facet normal 0 0.995185 -0.0980132
    outer loop
      vertex 23.5 3.0086 10.595
      vertex 25 2.95 10
      vertex 23.5 2.95 10
    endloop
  endfacet
  facet normal 0 0.956943 -0.290277
    outer loop
      vertex 25 3.0086 10.595
      vertex 23.5 3.18217 11.1672
      vertex 25 3.18217 11.1672
    endloop
  endfacet
  facet normal 0 0.956943 -0.290277
    outer loop
      vertex 23.5 3.18217 11.1672
      vertex 25 3.0086 10.595
      vertex 23.5 3.0086 10.595
    endloop
  endfacet
  facet normal 0 -0.773025 -0.634376
    outer loop
      vertex 23.5 8.53598 11.6945
      vertex 25 8.15668 12.1567
      vertex 23.5 8.15668 12.1567
    endloop
  endfacet
  facet normal 0 -0.773025 -0.634376
    outer loop
      vertex 25 8.15668 12.1567
      vertex 23.5 8.53598 11.6945
      vertex 25 8.53598 11.6945
    endloop
  endfacet
  facet normal 0 -0.290346 -0.956922
    outer loop
      vertex 23.5 6.59503 12.9914
      vertex 25 7.16718 12.8178
      vertex 25 6.59503 12.9914
    endloop
  endfacet
  facet normal -0 -0.290346 -0.956922
    outer loop
      vertex 25 7.16718 12.8178
      vertex 23.5 6.59503 12.9914
      vertex 23.5 7.16718 12.8178
    endloop
  endfacet
  facet normal 0 -0.88192 -0.4714
    outer loop
      vertex 23.5 8.81783 11.1672
      vertex 25 8.53598 11.6945
      vertex 23.5 8.53598 11.6945
    endloop
  endfacet
  facet normal 0 -0.88192 -0.4714
    outer loop
      vertex 25 8.53598 11.6945
      vertex 23.5 8.81783 11.1672
      vertex 25 8.81783 11.1672
    endloop
  endfacet
  facet normal 0 0.634384 -0.773018
    outer loop
      vertex 23.5 3.84332 12.1567
      vertex 25 4.30551 12.536
      vertex 25 3.84332 12.1567
    endloop
  endfacet
  facet normal 0 0.634384 -0.773018
    outer loop
      vertex 25 4.30551 12.536
      vertex 23.5 3.84332 12.1567
      vertex 23.5 4.30551 12.536
    endloop
  endfacet
  facet normal 1 0 0
    outer loop
      vertex 23.5 8.6 10
      vertex 23.5 9.05 10
      vertex 23.5 8.99139 10.595
    endloop
  endfacet
  facet normal 1 0 0
    outer loop
      vertex 23.5 8.55004 10.5072
      vertex 23.5 8.99139 10.595
      vertex 23.5 8.81783 11.1672
    endloop
  endfacet
  facet normal 1 0 0
    outer loop
      vertex 23.5 9.05 10
      vertex 23.5 8.6 10
      vertex 23.5 8.99139 9.40497
    endloop
  endfacet
  facet normal 1 -0 0
    outer loop
      vertex 23.5 8.55004 9.49276
      vertex 23.5 8.99139 9.40497
      vertex 23.5 8.6 10
    endloop
  endfacet
  facet normal 1 0 0
    outer loop
      vertex 23.5 8.99139 10.595
      vertex 23.5 8.55004 10.5072
      vertex 23.5 8.6 10
    endloop
  endfacet
  facet normal 1 0 0
    outer loop
      vertex 23.5 8.40209 10.995
      vertex 23.5 8.81783 11.1672
      vertex 23.5 8.53598 11.6945
    endloop
  endfacet
  facet normal 1 0 0
    outer loop
      vertex 23.5 8.81783 11.1672
      vertex 23.5 8.40209 10.995
      vertex 23.5 8.55004 10.5072
    endloop
  endfacet
  facet normal 1 0 0
    outer loop
      vertex 23.5 8.53598 11.6945
      vertex 23.5 8.16182 11.4445
      vertex 23.5 8.40209 10.995
    endloop
  endfacet
  facet normal 1 0 0
    outer loop
      vertex 23.5 8.15668 12.1567
      vertex 23.5 8.16182 11.4445
      vertex 23.5 8.53598 11.6945
    endloop
  endfacet
  facet normal 1 0 0
    outer loop
      vertex 23.5 8.15668 12.1567
      vertex 23.5 7.83848 11.8385
      vertex 23.5 8.16182 11.4445
    endloop
  endfacet
  facet normal 1 0 0
    outer loop
      vertex 23.5 7.69449 12.536
      vertex 23.5 7.83848 11.8385
      vertex 23.5 8.15668 12.1567
    endloop
  endfacet
  facet normal 1 0 0
    outer loop
      vertex 23.5 7.69449 12.536
      vertex 23.5 7.44448 12.1618
      vertex 23.5 7.83848 11.8385
    endloop
  endfacet
  facet normal 1 0 0
    outer loop
      vertex 23.5 7.16718 12.8178
      vertex 23.5 7.44448 12.1618
      vertex 23.5 7.69449 12.536
    endloop
  endfacet
  facet normal 1 0 0
    outer loop
      vertex 23.5 7.16718 12.8178
      vertex 23.5 6.99498 12.4021
      vertex 23.5 7.44448 12.1618
    endloop
  endfacet
  facet normal 1 0 0
    outer loop
      vertex 23.5 6.59503 12.9914
      vertex 23.5 6.99498 12.4021
      vertex 23.5 7.16718 12.8178
    endloop
  endfacet
  facet normal 1 0 0
    outer loop
      vertex 23.5 6.59503 12.9914
      vertex 23.5 6.50723 12.55
      vertex 23.5 6.99498 12.4021
    endloop
  endfacet
  facet normal 1 0 0
    outer loop
      vertex 23.5 6 13.05
      vertex 23.5 6.50723 12.55
      vertex 23.5 6.59503 12.9914
    endloop
  endfacet
  facet normal 1 0 0
    outer loop
      vertex 23.5 6 13.05
      vertex 23.5 6 12.6
      vertex 23.5 6.50723 12.55
    endloop
  endfacet
  facet normal 1 0 0
    outer loop
      vertex 23.5 6 13.05
      vertex 23.5 5.49276 12.55
      vertex 23.5 6 12.6
    endloop
  endfacet
  facet normal 1 -0 0
    outer loop
      vertex 23.5 5.40497 12.9914
      vertex 23.5 5.49276 12.55
      vertex 23.5 6 13.05
    endloop
  endfacet
  facet normal 1 0 0
    outer loop
      vertex 23.5 5.40497 12.9914
      vertex 23.5 5.00502 12.4021
      vertex 23.5 5.49276 12.55
    endloop
  endfacet
  facet normal 1 -0 0
    outer loop
      vertex 23.5 4.83282 12.8178
      vertex 23.5 5.00502 12.4021
      vertex 23.5 5.40497 12.9914
    endloop
  endfacet
  facet normal 1 0 0
    outer loop
      vertex 23.5 4.83282 12.8178
      vertex 23.5 4.55552 12.1618
      vertex 23.5 5.00502 12.4021
    endloop
  endfacet
  facet normal 1 -0 0
    outer loop
      vertex 23.5 4.30551 12.536
      vertex 23.5 4.55552 12.1618
      vertex 23.5 4.83282 12.8178
    endloop
  endfacet
  facet normal 1 0 0
    outer loop
      vertex 23.5 4.30551 12.536
      vertex 23.5 4.16152 11.8385
      vertex 23.5 4.55552 12.1618
    endloop
  endfacet
  facet normal 1 -0 0
    outer loop
      vertex 23.5 3.84332 12.1567
      vertex 23.5 4.16152 11.8385
      vertex 23.5 4.30551 12.536
    endloop
  endfacet
  facet normal 1 0 0
    outer loop
      vertex 23.5 3.84332 12.1567
      vertex 23.5 3.83818 11.4445
      vertex 23.5 4.16152 11.8385
    endloop
  endfacet
  facet normal 1 -0 0
    outer loop
      vertex 23.5 3.46402 11.6945
      vertex 23.5 3.83818 11.4445
      vertex 23.5 3.84332 12.1567
    endloop
  endfacet
  facet normal 1 0 0
    outer loop
      vertex 23.5 3.83818 11.4445
      vertex 23.5 3.46402 11.6945
      vertex 23.5 3.59791 10.995
    endloop
  endfacet
  facet normal 1 -0 0
    outer loop
      vertex 23.5 3.18217 11.1672
      vertex 23.5 3.59791 10.995
      vertex 23.5 3.46402 11.6945
    endloop
  endfacet
  facet normal 1 0 0
    outer loop
      vertex 23.5 3.59791 10.995
      vertex 23.5 3.18217 11.1672
      vertex 23.5 3.44996 10.5072
    endloop
  endfacet
  facet normal 1 -0 0
    outer loop
      vertex 23.5 3.0086 10.595
      vertex 23.5 3.44996 10.5072
      vertex 23.5 3.18217 11.1672
    endloop
  endfacet
  facet normal 1 0 0
    outer loop
      vertex 23.5 8.99139 9.40497
      vertex 23.5 8.55004 9.49276
      vertex 23.5 8.81783 8.83282
    endloop
  endfacet
  facet normal 1 -0 0
    outer loop
      vertex 23.5 8.40209 9.00502
      vertex 23.5 8.81783 8.83282
      vertex 23.5 8.55004 9.49276
    endloop
  endfacet
  facet normal 1 0 0
    outer loop
      vertex 23.5 8.81783 8.83282
      vertex 23.5 8.40209 9.00502
      vertex 23.5 8.53598 8.30551
    endloop
  endfacet
  facet normal 1 -0 0
    outer loop
      vertex 23.5 8.16182 8.55552
      vertex 23.5 8.53598 8.30551
      vertex 23.5 8.40209 9.00502
    endloop
  endfacet
  facet normal 1 0 0
    outer loop
      vertex 23.5 8.16182 8.55552
      vertex 23.5 8.15668 7.84332
      vertex 23.5 8.53598 8.30551
    endloop
  endfacet
  facet normal 1 -0 0
    outer loop
      vertex 23.5 7.83848 8.16152
      vertex 23.5 8.15668 7.84332
      vertex 23.5 8.16182 8.55552
    endloop
  endfacet
  facet normal 1 0 0
    outer loop
      vertex 23.5 7.83848 8.16152
      vertex 23.5 7.69449 7.46402
      vertex 23.5 8.15668 7.84332
    endloop
  endfacet
  facet normal 1 -0 0
    outer loop
      vertex 23.5 7.44448 7.83818
      vertex 23.5 7.69449 7.46402
      vertex 23.5 7.83848 8.16152
    endloop
  endfacet
  facet normal 1 0 0
    outer loop
      vertex 23.5 7.44448 7.83818
      vertex 23.5 7.16718 7.18217
      vertex 23.5 7.69449 7.46402
    endloop
  endfacet
  facet normal 1 -0 0
    outer loop
      vertex 23.5 6.99498 7.59791
      vertex 23.5 7.16718 7.18217
      vertex 23.5 7.44448 7.83818
    endloop
  endfacet
  facet normal 1 0 0
    outer loop
      vertex 23.5 6.99498 7.59791
      vertex 23.5 6.59503 7.0086
      vertex 23.5 7.16718 7.18217
    endloop
  endfacet
  facet normal 1 -0 0
    outer loop
      vertex 23.5 6.50723 7.44996
      vertex 23.5 6.59503 7.0086
      vertex 23.5 6.99498 7.59791
    endloop
  endfacet
  facet normal 1 -0 0
    outer loop
      vertex 23.5 6 7.4
      vertex 23.5 6.59503 7.0086
      vertex 23.5 6.50723 7.44996
    endloop
  endfacet
  facet normal 1 0 0
    outer loop
      vertex 23.5 6 7.4
      vertex 23.5 6 6.95
      vertex 23.5 6.59503 7.0086
    endloop
  endfacet
  facet normal 1 0 0
    outer loop
      vertex 23.5 5.49276 7.44996
      vertex 23.5 6 6.95
      vertex 23.5 6 7.4
    endloop
  endfacet
  facet normal 1 0 0
    outer loop
      vertex 23.5 5.49276 7.44996
      vertex 23.5 5.40497 7.0086
      vertex 23.5 6 6.95
    endloop
  endfacet
  facet normal 1 0 0
    outer loop
      vertex 23.5 5.00502 7.59791
      vertex 23.5 5.40497 7.0086
      vertex 23.5 5.49276 7.44996
    endloop
  endfacet
  facet normal 1 0 0
    outer loop
      vertex 23.5 5.00502 7.59791
      vertex 23.5 4.83282 7.18217
      vertex 23.5 5.40497 7.0086
    endloop
  endfacet
  facet normal 1 0 0
    outer loop
      vertex 23.5 4.55552 7.83818
      vertex 23.5 4.83282 7.18217
      vertex 23.5 5.00502 7.59791
    endloop
  endfacet
  facet normal 1 0 0
    outer loop
      vertex 23.5 4.55552 7.83818
      vertex 23.5 4.30551 7.46402
      vertex 23.5 4.83282 7.18217
    endloop
  endfacet
  facet normal 1 0 0
    outer loop
      vertex 23.5 4.16152 8.16152
      vertex 23.5 4.30551 7.46402
      vertex 23.5 4.55552 7.83818
    endloop
  endfacet
  facet normal 1 0 0
    outer loop
      vertex 23.5 4.16152 8.16152
      vertex 23.5 3.84332 7.84332
      vertex 23.5 4.30551 7.46402
    endloop
  endfacet
  facet normal 1 0 0
    outer loop
      vertex 23.5 3.83818 8.55552
      vertex 23.5 3.84332 7.84332
      vertex 23.5 4.16152 8.16152
    endloop
  endfacet
  facet normal 1 0 0
    outer loop
      vertex 23.5 3.46402 8.30551
      vertex 23.5 3.83818 8.55552
      vertex 23.5 3.59791 9.00502
    endloop
  endfacet
  facet normal 1 0 0
    outer loop
      vertex 23.5 3.83818 8.55552
      vertex 23.5 3.46402 8.30551
      vertex 23.5 3.84332 7.84332
    endloop
  endfacet
  facet normal 1 0 0
    outer loop
      vertex 23.5 3.18217 8.83282
      vertex 23.5 3.59791 9.00502
      vertex 23.5 3.44996 9.49276
    endloop
  endfacet
  facet normal 1 0 0
    outer loop
      vertex 23.5 3.0086 9.40497
      vertex 23.5 3.44996 9.49276
      vertex 23.5 3.4 10
    endloop
  endfacet
  facet normal 1 0 0
    outer loop
      vertex 23.5 3.44996 10.5072
      vertex 23.5 3.0086 10.595
      vertex 23.5 3.4 10
    endloop
  endfacet
  facet normal 1 0 0
    outer loop
      vertex 23.5 3.59791 9.00502
      vertex 23.5 3.18217 8.83282
      vertex 23.5 3.46402 8.30551
    endloop
  endfacet
  facet normal 1 0 0
    outer loop
      vertex 23.5 2.95 10
      vertex 23.5 3.4 10
      vertex 23.5 3.0086 10.595
    endloop
  endfacet
  facet normal 1 0 0
    outer loop
      vertex 23.5 3.44996 9.49276
      vertex 23.5 3.0086 9.40497
      vertex 23.5 3.18217 8.83282
    endloop
  endfacet
  facet normal 1 0 0
    outer loop
      vertex 23.5 3.4 10
      vertex 23.5 2.95 10
      vertex 23.5 3.0086 9.40497
    endloop
  endfacet
  facet normal 0 0.995186 0.0980083
    outer loop
      vertex 25 3.0086 9.40497
      vertex 23.5 2.95 10
      vertex 25 2.95 10
    endloop
  endfacet
  facet normal 0 0.995186 0.0980083
    outer loop
      vertex 23.5 2.95 10
      vertex 25 3.0086 9.40497
      vertex 23.5 3.0086 9.40497
    endloop
  endfacet
  facet normal -0.588217 -0.237656 -0.772994
    outer loop
      vertex 2.38292 26.1106 5.58558
      vertex 5.40225 18.7022 5.56569
      vertex 5.28985 18.6568 5.66518
    endloop
  endfacet
  facet normal -0.587968 -0.237553 -0.773215
    outer loop
      vertex 5.40225 18.7022 5.56569
      vertex 2.38292 26.1106 5.58558
      vertex 2.4054 26.1197 5.56569
    endloop
  endfacet
  facet normal -0.376049 0.926599 -0.000805219
    outer loop
      vertex 5.56304 18.7672 5.30615
      vertex 5.60525 18.7842 5.15607
      vertex 5.49449 18.7395 5.44446
    endloop
  endfacet
  facet normal -0.437042 -0.176577 0.881938
    outer loop
      vertex 2.1904 26.0328 4.27568
      vertex 5.16161 18.605 4.2609
      vertex 5.28985 18.6568 4.33482
    endloop
  endfacet
  facet normal -0.436856 -0.176503 0.882045
    outer loop
      vertex 5.16161 18.605 4.2609
      vertex 2.1904 26.0328 4.27568
      vertex 2.16476 26.0224 4.2609
    endloop
  endfacet
  facet normal -0.716722 -0.289577 -0.634393
    outer loop
      vertex 2.49764 26.1569 5.44446
      vertex 5.49449 18.7395 5.44446
      vertex 2.42384 26.1271 5.54144
    endloop
  endfacet
  facet normal -0.37514 0.926968 0.000253511
    outer loop
      vertex 4.26101 18.2411 5.44446
      vertex 4.35326 18.2784 5.56569
      vertex 4.19247 18.2134 5.30615
    endloop
  endfacet
  facet normal 0.922727 0.372809 -0.0979246
    outer loop
      vertex 4.15026 18.1964 5.15607
      vertex 1.13915 25.6081 5
      vertex 1.15341 25.6138 5.15607
    endloop
  endfacet
  facet normal 0.922712 0.372799 -0.0981026
    outer loop
      vertex 1.13915 25.6081 5
      vertex 4.15026 18.1964 5.15607
      vertex 4.13601 18.1906 5
    endloop
  endfacet
  facet normal -0.374801 0.927105 -0.00110519
    outer loop
      vertex 5.02246 18.5488 4.21537
      vertex 4.73305 18.4318 4.21537
      vertex 4.5939 18.3756 4.2609
    endloop
  endfacet
  facet normal -0.374082 0.927395 -0.000713909
    outer loop
      vertex 5.49449 18.7395 4.55554
      vertex 5.40225 18.7022 4.43431
      vertex 5.16161 18.605 4.2609
    endloop
  endfacet
  facet normal 0.0908663 0.0367122 -0.995186
    outer loop
      vertex 4.73305 18.4318 5.78463
      vertex 1.8809 25.9078 5.8
      vertex 4.87775 18.4903 5.8
    endloop
  endfacet
  facet normal 0.0908609 0.0367101 -0.995187
    outer loop
      vertex 1.8809 25.9078 5.8
      vertex 4.73305 18.4318 5.78463
      vertex 1.73619 25.8493 5.78463
    endloop
  endfacet
  facet normal -0.0909159 -0.0367322 -0.995181
    outer loop
      vertex 1.99667 25.9545 5.7877
      vertex 4.87775 18.4903 5.8
      vertex 1.8809 25.9078 5.8
    endloop
  endfacet
  facet normal -0.887318 -0.358505 -0.290069
    outer loop
      vertex 5.60525 18.7842 5.15607
      vertex 2.56619 26.1846 5.30615
      vertex 2.57463 26.188 5.27613
    endloop
  endfacet
  facet normal -0.887294 -0.358493 -0.290159
    outer loop
      vertex 2.56619 26.1846 5.30615
      vertex 5.60525 18.7842 5.15607
      vertex 5.56304 18.7672 5.30615
    endloop
  endfacet
  facet normal 0.437042 0.176576 -0.881938
    outer loop
      vertex 4.46566 18.3238 5.66518
      vertex 1.49446 25.7516 5.67996
      vertex 4.5939 18.3756 5.7391
    endloop
  endfacet
  facet normal 0.437204 0.176641 -0.881845
    outer loop
      vertex 1.49446 25.7516 5.67996
      vertex 4.46566 18.3238 5.66518
      vertex 1.46881 25.7413 5.66518
    endloop
  endfacet
  facet normal -0.37514 0.926968 -0.000253511
    outer loop
      vertex 4.35326 18.2784 4.43431
      vertex 4.26101 18.2411 4.55554
      vertex 4.19247 18.2134 4.69385
    endloop
  endfacet
  facet normal 0.922727 0.372809 0.0979246
    outer loop
      vertex 1.13915 25.6081 5
      vertex 4.15026 18.1964 4.84393
      vertex 1.15341 25.6138 4.84393
    endloop
  endfacet
  facet normal 0.922712 0.372799 0.0981026
    outer loop
      vertex 4.15026 18.1964 4.84393
      vertex 1.13915 25.6081 5
      vertex 4.13601 18.1906 5
    endloop
  endfacet
  facet normal -0.922732 -0.372811 0.097866
    outer loop
      vertex 2.6084 26.2017 4.84393
      vertex 5.6195 18.79 5
      vertex 2.62265 26.2074 5
    endloop
  endfacet
  facet normal -0.922712 -0.372798 0.0981026
    outer loop
      vertex 5.6195 18.79 5
      vertex 2.6084 26.2017 4.84393
      vertex 5.60525 18.7842 4.84393
    endloop
  endfacet
  facet normal -0.090749 -0.0366653 0.995199
    outer loop
      vertex 1.99667 25.9545 4.2123
      vertex 5.02246 18.5488 4.21537
      vertex 2.02561 25.9662 4.21537
    endloop
  endfacet
  facet normal -0.0908606 -0.0367109 0.995187
    outer loop
      vertex 5.02246 18.5488 4.21537
      vertex 1.99667 25.9545 4.2123
      vertex 4.87775 18.4903 4.2
    endloop
  endfacet
  facet normal 0.588218 0.237655 -0.772994
    outer loop
      vertex 1.44633 25.7322 5.64528
      vertex 4.46566 18.3238 5.66518
      vertex 4.35326 18.2784 5.56569
    endloop
  endfacet
  facet normal 0.588145 0.237625 -0.773059
    outer loop
      vertex 4.46566 18.3238 5.66518
      vertex 1.44633 25.7322 5.64528
      vertex 1.46881 25.7413 5.66518
    endloop
  endfacet
  facet normal -0.922732 -0.372811 -0.097866
    outer loop
      vertex 5.6195 18.79 5
      vertex 2.6084 26.2017 5.15607
      vertex 2.62265 26.2074 5
    endloop
  endfacet
  facet normal -0.922712 -0.372798 -0.0981026
    outer loop
      vertex 2.6084 26.2017 5.15607
      vertex 5.6195 18.79 5
      vertex 5.60525 18.7842 5.15607
    endloop
  endfacet
  facet normal -0.374583 0.927193 0
    outer loop
      vertex 5.60525 18.7842 4.84393
      vertex 4.35326 18.2784 5.56569
      vertex 5.60525 18.7842 5.15607
    endloop
  endfacet
  facet normal -0.374583 0.927193 0
    outer loop
      vertex 4.35326 18.2784 5.56569
      vertex 5.60525 18.7842 4.84393
      vertex 4.35326 18.2784 4.43431
    endloop
  endfacet
  facet normal -0.374477 0.927236 4.73588e-05
    outer loop
      vertex 5.16161 18.605 5.7391
      vertex 5.60525 18.7842 5.15607
      vertex 5.02246 18.5488 5.78463
    endloop
  endfacet
  facet normal -0.37482 0.927098 -0.00025581
    outer loop
      vertex 5.49449 18.7395 5.44446
      vertex 5.60525 18.7842 5.15607
      vertex 5.16161 18.605 5.7391
    endloop
  endfacet
  facet normal -0.716722 -0.289577 0.634393
    outer loop
      vertex 5.49449 18.7395 4.55554
      vertex 2.49764 26.1569 4.55554
      vertex 2.42384 26.1271 4.45856
    endloop
  endfacet
  facet normal -0.37461 0.927182 9.59538e-05
    outer loop
      vertex 5.60525 18.7842 4.84393
      vertex 5.02246 18.5488 4.21537
      vertex 4.35326 18.2784 4.43431
    endloop
  endfacet
  facet normal -0.374553 0.927205 4.66729e-05
    outer loop
      vertex 5.40225 18.7022 4.43431
      vertex 5.28985 18.6568 4.33482
      vertex 5.16161 18.605 4.2609
    endloop
  endfacet
  facet normal 0.887212 0.358455 0.290455
    outer loop
      vertex 4.19247 18.2134 4.69385
      vertex 1.19562 25.6309 4.69385
      vertex 1.16185 25.6172 4.81391
    endloop
  endfacet
  facet normal 0.588099 0.23761 0.773098
    outer loop
      vertex 4.35326 18.2784 4.43431
      vertex 1.44633 25.7322 4.35472
      vertex 1.35641 25.6958 4.43431
    endloop
  endfacet
  facet normal -0.817856 -0.330438 -0.471085
    outer loop
      vertex 5.56304 18.7672 5.30615
      vertex 2.55248 26.1791 5.33381
      vertex 2.56619 26.1846 5.30615
    endloop
  endfacet
  facet normal -0.817686 -0.330368 -0.471431
    outer loop
      vertex 2.55248 26.1791 5.33381
      vertex 5.56304 18.7672 5.30615
      vertex 5.49449 18.7395 5.44446
    endloop
  endfacet
  facet normal -0.437001 -0.17656 -0.881962
    outer loop
      vertex 2.29299 26.0743 5.66518
      vertex 5.28985 18.6568 5.66518
      vertex 2.1904 26.0328 5.72432
    endloop
  endfacet
  facet normal -0.887212 -0.358455 -0.290455
    outer loop
      vertex 2.6084 26.2017 5.15607
      vertex 5.60525 18.7842 5.15607
      vertex 2.57463 26.188 5.27613
    endloop
  endfacet
  facet normal -0.376987 0.926218 0
    outer loop
      vertex 5.60525 18.7842 5.15607
      vertex 5.6195 18.79 5
      vertex 5.60525 18.7842 4.84393
    endloop
  endfacet
  facet normal -0.588247 -0.237667 0.772969
    outer loop
      vertex 5.28985 18.6568 4.33482
      vertex 2.38292 26.1106 4.41442
      vertex 2.29299 26.0743 4.33482
    endloop
  endfacet
  facet normal -0.887212 -0.358455 0.290455
    outer loop
      vertex 5.60525 18.7842 4.84393
      vertex 2.6084 26.2017 4.84393
      vertex 2.57463 26.188 4.72387
    endloop
  endfacet
  facet normal -0.376987 0.926218 0
    outer loop
      vertex 4.15026 18.1964 5.15607
      vertex 4.15026 18.1964 4.84393
      vertex 4.13601 18.1906 5
    endloop
  endfacet
  facet normal 0.81771 0.330375 0.471385
    outer loop
      vertex 1.19562 25.6309 4.69385
      vertex 4.26101 18.2411 4.55554
      vertex 1.26416 25.6586 4.55554
    endloop
  endfacet
  facet normal 0.81771 0.330375 0.471385
    outer loop
      vertex 4.26101 18.2411 4.55554
      vertex 1.19562 25.6309 4.69385
      vertex 4.19247 18.2134 4.69385
    endloop
  endfacet
  facet normal -0.37461 0.927182 -9.59538e-05
    outer loop
      vertex 5.02246 18.5488 5.78463
      vertex 5.60525 18.7842 5.15607
      vertex 4.35326 18.2784 5.56569
    endloop
  endfacet
  facet normal -0.376049 0.926599 0.000805219
    outer loop
      vertex 5.60525 18.7842 4.84393
      vertex 5.56304 18.7672 4.69385
      vertex 5.49449 18.7395 4.55554
    endloop
  endfacet
  facet normal -0.374477 0.927236 -4.73588e-05
    outer loop
      vertex 5.60525 18.7842 4.84393
      vertex 5.16161 18.605 4.2609
      vertex 5.02246 18.5488 4.21537
    endloop
  endfacet
  facet normal 0.269183 0.108757 -0.956929
    outer loop
      vertex 1.70836 25.838 5.77552
      vertex 4.73305 18.4318 5.78463
      vertex 4.5939 18.3756 5.7391
    endloop
  endfacet
  facet normal 0.269107 0.108726 -0.956954
    outer loop
      vertex 4.73305 18.4318 5.78463
      vertex 1.70836 25.838 5.77552
      vertex 1.73619 25.8493 5.78463
    endloop
  endfacet
  facet normal -0.374801 0.927105 0.00110519
    outer loop
      vertex 4.73305 18.4318 5.78463
      vertex 5.02246 18.5488 5.78463
      vertex 4.5939 18.3756 5.7391
    endloop
  endfacet
  facet normal -0.588247 -0.237667 -0.772969
    outer loop
      vertex 2.38292 26.1106 5.58558
      vertex 5.28985 18.6568 5.66518
      vertex 2.29299 26.0743 5.66518
    endloop
  endfacet
  facet normal -0.717183 -0.289776 -0.633781
    outer loop
      vertex 5.49449 18.7395 5.44446
      vertex 2.4054 26.1197 5.56569
      vertex 2.42384 26.1271 5.54144
    endloop
  endfacet
  facet normal -0.716708 -0.289567 -0.634414
    outer loop
      vertex 2.4054 26.1197 5.56569
      vertex 5.49449 18.7395 5.44446
      vertex 5.40225 18.7022 5.56569
    endloop
  endfacet
  facet normal -0.887318 -0.358505 0.290069
    outer loop
      vertex 2.56619 26.1846 4.69385
      vertex 5.60525 18.7842 4.84393
      vertex 2.57463 26.188 4.72387
    endloop
  endfacet
  facet normal -0.887294 -0.358493 0.290159
    outer loop
      vertex 5.60525 18.7842 4.84393
      vertex 2.56619 26.1846 4.69385
      vertex 5.56304 18.7672 4.69385
    endloop
  endfacet
  facet normal -0.37482 0.927098 0.00025581
    outer loop
      vertex 5.60525 18.7842 4.84393
      vertex 5.49449 18.7395 4.55554
      vertex 5.16161 18.605 4.2609
    endloop
  endfacet
  facet normal 0.588145 0.237625 0.773059
    outer loop
      vertex 1.44633 25.7322 4.35472
      vertex 4.46566 18.3238 4.33482
      vertex 1.46881 25.7413 4.33482
    endloop
  endfacet
  facet normal 0.588218 0.237655 0.772994
    outer loop
      vertex 4.46566 18.3238 4.33482
      vertex 1.44633 25.7322 4.35472
      vertex 4.35326 18.2784 4.43431
    endloop
  endfacet
  facet normal -0.269183 -0.108758 0.956929
    outer loop
      vertex 2.16476 26.0224 4.2609
      vertex 5.02246 18.5488 4.21537
      vertex 5.16161 18.605 4.2609
    endloop
  endfacet
  facet normal -0.269183 -0.108758 0.956929
    outer loop
      vertex 5.02246 18.5488 4.21537
      vertex 2.16476 26.0224 4.2609
      vertex 2.02561 25.9662 4.21537
    endloop
  endfacet
  facet normal 0.269221 0.108772 -0.956916
    outer loop
      vertex 1.70836 25.838 5.77552
      vertex 4.5939 18.3756 5.7391
      vertex 1.59705 25.7931 5.7391
    endloop
  endfacet
  facet normal 0.716788 0.289604 -0.634306
    outer loop
      vertex 4.35326 18.2784 5.56569
      vertex 1.26416 25.6586 5.44446
      vertex 1.35641 25.6958 5.56569
    endloop
  endfacet
  facet normal 0.716681 0.289556 -0.634449
    outer loop
      vertex 1.26416 25.6586 5.44446
      vertex 4.35326 18.2784 5.56569
      vertex 4.26101 18.2411 5.44446
    endloop
  endfacet
  facet normal 0.887318 0.358505 0.290069
    outer loop
      vertex 1.15341 25.6138 4.84393
      vertex 4.19247 18.2134 4.69385
      vertex 1.16185 25.6172 4.81391
    endloop
  endfacet
  facet normal 0.887294 0.358493 0.290159
    outer loop
      vertex 4.19247 18.2134 4.69385
      vertex 1.15341 25.6138 4.84393
      vertex 4.15026 18.1964 4.84393
    endloop
  endfacet
  facet normal 0.887212 0.358455 -0.290455
    outer loop
      vertex 1.19562 25.6309 5.30615
      vertex 4.19247 18.2134 5.30615
      vertex 1.16185 25.6172 5.18609
    endloop
  endfacet
  facet normal 0.887318 0.358505 -0.290069
    outer loop
      vertex 4.19247 18.2134 5.30615
      vertex 1.15341 25.6138 5.15607
      vertex 1.16185 25.6172 5.18609
    endloop
  endfacet
  facet normal 0.887294 0.358493 -0.290159
    outer loop
      vertex 1.15341 25.6138 5.15607
      vertex 4.19247 18.2134 5.30615
      vertex 4.15026 18.1964 5.15607
    endloop
  endfacet
  facet normal -0.437042 -0.176577 -0.881938
    outer loop
      vertex 5.16161 18.605 5.7391
      vertex 2.1904 26.0328 5.72432
      vertex 5.28985 18.6568 5.66518
    endloop
  endfacet
  facet normal -0.436856 -0.176503 -0.882045
    outer loop
      vertex 2.1904 26.0328 5.72432
      vertex 5.16161 18.605 5.7391
      vertex 2.16476 26.0224 5.7391
    endloop
  endfacet
  facet normal -0.269183 -0.108758 -0.956929
    outer loop
      vertex 5.02246 18.5488 5.78463
      vertex 2.16476 26.0224 5.7391
      vertex 5.16161 18.605 5.7391
    endloop
  endfacet
  facet normal -0.269183 -0.108758 -0.956929
    outer loop
      vertex 2.16476 26.0224 5.7391
      vertex 5.02246 18.5488 5.78463
      vertex 2.02561 25.9662 5.78463
    endloop
  endfacet
  facet normal -0.374801 0.927105 -0.000121926
    outer loop
      vertex 4.87775 18.4903 5.8
      vertex 5.02246 18.5488 5.78463
      vertex 4.73305 18.4318 5.78463
    endloop
  endfacet
  facet normal -0.0908606 -0.0367109 -0.995187
    outer loop
      vertex 1.99667 25.9545 5.7877
      vertex 5.02246 18.5488 5.78463
      vertex 4.87775 18.4903 5.8
    endloop
  endfacet
  facet normal -0.090749 -0.0366653 -0.995199
    outer loop
      vertex 5.02246 18.5488 5.78463
      vertex 1.99667 25.9545 5.7877
      vertex 2.02561 25.9662 5.78463
    endloop
  endfacet
  facet normal -0.374553 0.927205 -4.66729e-05
    outer loop
      vertex 5.28985 18.6568 5.66518
      vertex 5.40225 18.7022 5.56569
      vertex 5.16161 18.605 5.7391
    endloop
  endfacet
  facet normal -0.374082 0.927395 0.000713909
    outer loop
      vertex 5.40225 18.7022 5.56569
      vertex 5.49449 18.7395 5.44446
      vertex 5.16161 18.605 5.7391
    endloop
  endfacet
  facet normal -0.817643 -0.330352 -0.471517
    outer loop
      vertex 2.55248 26.1791 5.33381
      vertex 5.49449 18.7395 5.44446
      vertex 2.49764 26.1569 5.44446
    endloop
  endfacet
  facet normal -0.717183 -0.289776 0.633781
    outer loop
      vertex 2.4054 26.1197 4.43431
      vertex 5.49449 18.7395 4.55554
      vertex 2.42384 26.1271 4.45856
    endloop
  endfacet
  facet normal -0.716708 -0.289567 0.634414
    outer loop
      vertex 5.49449 18.7395 4.55554
      vertex 2.4054 26.1197 4.43431
      vertex 5.40225 18.7022 4.43431
    endloop
  endfacet
  facet normal -0.587968 -0.237553 0.773215
    outer loop
      vertex 2.38292 26.1106 4.41442
      vertex 5.40225 18.7022 4.43431
      vertex 2.4054 26.1197 4.43431
    endloop
  endfacet
  facet normal -0.588217 -0.237656 0.772994
    outer loop
      vertex 5.40225 18.7022 4.43431
      vertex 2.38292 26.1106 4.41442
      vertex 5.28985 18.6568 4.33482
    endloop
  endfacet
  facet normal -0.437001 -0.17656 0.881962
    outer loop
      vertex 5.28985 18.6568 4.33482
      vertex 2.29299 26.0743 4.33482
      vertex 2.1904 26.0328 4.27568
    endloop
  endfacet
  facet normal 0.437002 0.176559 0.881962
    outer loop
      vertex 4.5939 18.3756 4.2609
      vertex 1.59705 25.7931 4.2609
      vertex 1.49446 25.7516 4.32004
    endloop
  endfacet
  facet normal -0.0909159 -0.0367322 0.995181
    outer loop
      vertex 4.87775 18.4903 4.2
      vertex 1.99667 25.9545 4.2123
      vertex 1.8809 25.9078 4.2
    endloop
  endfacet
  facet normal 0.269221 0.108772 0.956916
    outer loop
      vertex 4.5939 18.3756 4.2609
      vertex 1.70836 25.838 4.22448
      vertex 1.59705 25.7931 4.2609
    endloop
  endfacet
  facet normal 0.269107 0.108726 0.956954
    outer loop
      vertex 1.70836 25.838 4.22448
      vertex 4.73305 18.4318 4.21537
      vertex 1.73619 25.8493 4.21537
    endloop
  endfacet
  facet normal 0.269183 0.108757 0.956929
    outer loop
      vertex 4.73305 18.4318 4.21537
      vertex 1.70836 25.838 4.22448
      vertex 4.5939 18.3756 4.2609
    endloop
  endfacet
  facet normal -0.374731 0.927134 -0.00033386
    outer loop
      vertex 5.02246 18.5488 4.21537
      vertex 4.5939 18.3756 4.2609
      vertex 4.35326 18.2784 4.43431
    endloop
  endfacet
  facet normal -0.817643 -0.330352 0.471517
    outer loop
      vertex 5.49449 18.7395 4.55554
      vertex 2.55248 26.1791 4.66619
      vertex 2.49764 26.1569 4.55554
    endloop
  endfacet
  facet normal -0.817856 -0.330438 0.471085
    outer loop
      vertex 2.55248 26.1791 4.66619
      vertex 5.56304 18.7672 4.69385
      vertex 2.56619 26.1846 4.69385
    endloop
  endfacet
  facet normal -0.817686 -0.330368 0.471431
    outer loop
      vertex 5.56304 18.7672 4.69385
      vertex 2.55248 26.1791 4.66619
      vertex 5.49449 18.7395 4.55554
    endloop
  endfacet
  facet normal -0.374553 0.927205 4.66729e-05
    outer loop
      vertex 4.46566 18.3238 5.66518
      vertex 4.5939 18.3756 5.7391
      vertex 4.35326 18.2784 5.56569
    endloop
  endfacet
  facet normal -0.374731 0.927134 0.00033386
    outer loop
      vertex 4.5939 18.3756 5.7391
      vertex 5.02246 18.5488 5.78463
      vertex 4.35326 18.2784 5.56569
    endloop
  endfacet
  facet normal 0.437002 0.176559 -0.881962
    outer loop
      vertex 1.59705 25.7931 5.7391
      vertex 4.5939 18.3756 5.7391
      vertex 1.49446 25.7516 5.67996
    endloop
  endfacet
  facet normal 0.588099 0.23761 -0.773098
    outer loop
      vertex 1.44633 25.7322 5.64528
      vertex 4.35326 18.2784 5.56569
      vertex 1.35641 25.6958 5.56569
    endloop
  endfacet
  facet normal 0.81771 0.330375 -0.471385
    outer loop
      vertex 4.26101 18.2411 5.44446
      vertex 1.19562 25.6309 5.30615
      vertex 1.26416 25.6586 5.44446
    endloop
  endfacet
  facet normal 0.81771 0.330375 -0.471385
    outer loop
      vertex 1.19562 25.6309 5.30615
      vertex 4.26101 18.2411 5.44446
      vertex 4.19247 18.2134 5.30615
    endloop
  endfacet
  facet normal 0.716788 0.289604 0.634306
    outer loop
      vertex 1.26416 25.6586 4.55554
      vertex 4.35326 18.2784 4.43431
      vertex 1.35641 25.6958 4.43431
    endloop
  endfacet
  facet normal 0.716681 0.289556 0.634449
    outer loop
      vertex 4.35326 18.2784 4.43431
      vertex 1.26416 25.6586 4.55554
      vertex 4.26101 18.2411 4.55554
    endloop
  endfacet
  facet normal 0.0908663 0.0367122 0.995186
    outer loop
      vertex 1.8809 25.9078 4.2
      vertex 4.73305 18.4318 4.21537
      vertex 4.87775 18.4903 4.2
    endloop
  endfacet
  facet normal 0.0908609 0.0367101 0.995187
    outer loop
      vertex 4.73305 18.4318 4.21537
      vertex 1.8809 25.9078 4.2
      vertex 1.73619 25.8493 4.21537
    endloop
  endfacet
  facet normal 0.437042 0.176576 0.881938
    outer loop
      vertex 1.49446 25.7516 4.32004
      vertex 4.46566 18.3238 4.33482
      vertex 4.5939 18.3756 4.2609
    endloop
  endfacet
  facet normal 0.437204 0.176641 0.881845
    outer loop
      vertex 4.46566 18.3238 4.33482
      vertex 1.49446 25.7516 4.32004
      vertex 1.46881 25.7413 4.33482
    endloop
  endfacet
  facet normal -0.374553 0.927205 -4.66729e-05
    outer loop
      vertex 4.5939 18.3756 4.2609
      vertex 4.46566 18.3238 4.33482
      vertex 4.35326 18.2784 4.43431
    endloop
  endfacet
  facet normal -0.374801 0.927105 0.000121926
    outer loop
      vertex 5.02246 18.5488 4.21537
      vertex 4.87775 18.4903 4.2
      vertex 4.73305 18.4318 4.21537
    endloop
  endfacet
  facet normal -0.373587 0.927595 0
    outer loop
      vertex 4.19247 18.2134 5.30615
      vertex 4.15026 18.1964 4.84393
      vertex 4.15026 18.1964 5.15607
    endloop
  endfacet
  facet normal -0.373587 0.927595 0
    outer loop
      vertex 4.15026 18.1964 4.84393
      vertex 4.19247 18.2134 5.30615
      vertex 4.19247 18.2134 4.69385
    endloop
  endfacet
  facet normal -0.374788 0.92711 0
    outer loop
      vertex 4.35326 18.2784 5.56569
      vertex 4.19247 18.2134 4.69385
      vertex 4.19247 18.2134 5.30615
    endloop
  endfacet
  facet normal -0.374788 0.92711 0
    outer loop
      vertex 4.19247 18.2134 4.69385
      vertex 4.35326 18.2784 5.56569
      vertex 4.35326 18.2784 4.43431
    endloop
  endfacet
  facet normal 0 0 -1
    outer loop
      vertex 7.5 1.75736 13
      vertex 7.5 10.2426 13
      vertex 11.7426 6 13
    endloop
  endfacet
  facet normal 0 -0 -1
    outer loop
      vertex 7.5 10.2426 13
      vertex 7.5 1.75736 13
      vertex 3.25736 6 13
    endloop
  endfacet
  facet normal 0.707129 0.707084 0
    outer loop
      vertex 3.25736 6 13
      vertex 3.41558 5.84177 6
      vertex 3.25736 6 3
    endloop
  endfacet
  facet normal 0.707107 0.707107 -1.01015e-06
    outer loop
      vertex 3.25736 6 13
      vertex 4.84177 4.41558 6
      vertex 3.41558 5.84177 6
    endloop
  endfacet
  facet normal 0.707107 0.707107 -1.01015e-06
    outer loop
      vertex 7.5 1.75736 13
      vertex 4.84177 4.41558 6
      vertex 3.25736 6 13
    endloop
  endfacet
  facet normal 0.707105 0.707108 -0
    outer loop
      vertex 7.5 1.75736 3
      vertex 4.84177 4.41558 6
      vertex 7.5 1.75736 13
    endloop
  endfacet
  facet normal 0.707105 0.707108 0
    outer loop
      vertex 4.84177 4.41558 6
      vertex 7.5 1.75736 3
      vertex 4.84177 4.41558 3
    endloop
  endfacet
  facet normal 0.707129 0.707084 0
    outer loop
      vertex 3.25736 6 3
      vertex 3.41558 5.84177 6
      vertex 3.41558 5.84177 3
    endloop
  endfacet
  facet normal 0.707107 -0.707107 -1.01015e-06
    outer loop
      vertex 4.84177 7.58442 6
      vertex 3.25736 6 13
      vertex 3.41558 6.15823 6
    endloop
  endfacet
  facet normal 0.707129 -0.707084 0
    outer loop
      vertex 3.25736 6 3
      vertex 3.41558 6.15823 6
      vertex 3.25736 6 13
    endloop
  endfacet
  facet normal 0.707129 -0.707084 0
    outer loop
      vertex 3.41558 6.15823 6
      vertex 3.25736 6 3
      vertex 3.41558 6.15823 3
    endloop
  endfacet
  facet normal 0.707103 -0.70711 -2.51913e-06
    outer loop
      vertex 3.25736 6 13
      vertex 4.84177 7.58442 6
      vertex 7.5 10.2426 13
    endloop
  endfacet
  facet normal 0.7071 -0.707113 0
    outer loop
      vertex 7.5 10.2426 3
      vertex 4.84177 7.58442 6
      vertex 4.84177 7.58442 3
    endloop
  endfacet
  facet normal 0.7071 -0.707113 0
    outer loop
      vertex 4.84177 7.58442 6
      vertex 7.5 10.2426 3
      vertex 7.5 10.2426 13
    endloop
  endfacet
  facet normal -0 0 1
    outer loop
      vertex 6.47821 6.61229 3
      vertex 11.7426 6 3
      vertex 7.5 10.2426 3
    endloop
  endfacet
  facet normal 0 0 1
    outer loop
      vertex 6.56926 5.68785 3
      vertex 11.7426 6 3
      vertex 6.6 6 3
    endloop
  endfacet
  facet normal 0 0 1
    outer loop
      vertex 11.7426 6 3
      vertex 6.56926 6.31214 3
      vertex 6.6 6 3
    endloop
  endfacet
  facet normal 0 0 1
    outer loop
      vertex 11.7426 6 3
      vertex 6.47821 6.61229 3
      vertex 6.56926 6.31214 3
    endloop
  endfacet
  facet normal 0 0 1
    outer loop
      vertex 7.5 10.2426 3
      vertex 6.33035 6.88891 3
      vertex 6.47821 6.61229 3
    endloop
  endfacet
  facet normal 0 0 1
    outer loop
      vertex 7.5 10.2426 3
      vertex 6.13137 7.13137 3
      vertex 6.33035 6.88891 3
    endloop
  endfacet
  facet normal 0 0 1
    outer loop
      vertex 7.5 10.2426 3
      vertex 5.88891 7.33035 3
      vertex 6.13137 7.13137 3
    endloop
  endfacet
  facet normal 0 0 1
    outer loop
      vertex 7.5 10.2426 3
      vertex 5.61229 7.47821 3
      vertex 5.88891 7.33035 3
    endloop
  endfacet
  facet normal 0 0 1
    outer loop
      vertex 7.5 10.2426 3
      vertex 5.31214 7.56926 3
      vertex 5.61229 7.47821 3
    endloop
  endfacet
  facet normal 0 0 1
    outer loop
      vertex 7.5 10.2426 3
      vertex 5 7.6 3
      vertex 5.31214 7.56926 3
    endloop
  endfacet
  facet normal 0 -0 1
    outer loop
      vertex 5 7.6 3
      vertex 7.5 10.2426 3
      vertex 4.84177 7.58442 3
    endloop
  endfacet
  facet normal 0 0 1
    outer loop
      vertex 6.47821 5.38771 3
      vertex 11.7426 6 3
      vertex 6.56926 5.68785 3
    endloop
  endfacet
  facet normal 0 0 1
    outer loop
      vertex 11.7426 6 3
      vertex 6.47821 5.38771 3
      vertex 7.5 1.75736 3
    endloop
  endfacet
  facet normal -0 0 1
    outer loop
      vertex 6.33035 5.11109 3
      vertex 7.5 1.75736 3
      vertex 6.47821 5.38771 3
    endloop
  endfacet
  facet normal -0 0 1
    outer loop
      vertex 6.13137 4.86863 3
      vertex 7.5 1.75736 3
      vertex 6.33035 5.11109 3
    endloop
  endfacet
  facet normal -0 0 1
    outer loop
      vertex 5.88891 4.66965 3
      vertex 7.5 1.75736 3
      vertex 6.13137 4.86863 3
    endloop
  endfacet
  facet normal -0 0 1
    outer loop
      vertex 5.61229 4.52179 3
      vertex 7.5 1.75736 3
      vertex 5.88891 4.66965 3
    endloop
  endfacet
  facet normal -0 0 1
    outer loop
      vertex 5.31214 4.43074 3
      vertex 7.5 1.75736 3
      vertex 5.61229 4.52179 3
    endloop
  endfacet
  facet normal -0 0 1
    outer loop
      vertex 5 4.4 3
      vertex 7.5 1.75736 3
      vertex 5.31214 4.43074 3
    endloop
  endfacet
  facet normal 0 0 1
    outer loop
      vertex 7.5 1.75736 3
      vertex 5 4.4 3
      vertex 4.84177 4.41558 3
    endloop
  endfacet
  facet normal 0 0 1
    outer loop
      vertex 3.41558 6.15823 3
      vertex 3.25736 6 3
      vertex 3.4 6 3
    endloop
  endfacet
  facet normal 0 0 1
    outer loop
      vertex 3.41558 5.84177 3
      vertex 3.4 6 3
      vertex 3.25736 6 3
    endloop
  endfacet
  facet normal -0.70711 0.707103 0
    outer loop
      vertex 7.5 1.75736 3
      vertex 11.7426 6 13
      vertex 11.7426 6 3
    endloop
  endfacet
  facet normal -0.70711 0.707103 0
    outer loop
      vertex 11.7426 6 13
      vertex 7.5 1.75736 3
      vertex 7.5 1.75736 13
    endloop
  endfacet
  facet normal -0.707107 -0.707107 0
    outer loop
      vertex 11.7426 6 3
      vertex 7.5 10.2426 13
      vertex 7.5 10.2426 3
    endloop
  endfacet
  facet normal -0.707107 -0.707107 0
    outer loop
      vertex 7.5 10.2426 13
      vertex 11.7426 6 3
      vertex 11.7426 6 13
    endloop
  endfacet
endsolid OpenSCAD_Model
