solid OpenSCAD_Model
  facet normal 1 -0 0
    outer loop
      vertex 140 0 3
      vertex 140 70 0
      vertex 140 70 3
    endloop
  endfacet
  facet normal 1 0 0
    outer loop
      vertex 140 70 0
      vertex 140 0 3
      vertex 140 0 0
    endloop
  endfacet
  facet normal 0 0 1
    outer loop
      vertex 47 21 3
      vertex 9.47821 8.61229 3
      vertex 9.6 8 3
    endloop
  endfacet
  facet normal 0 0 1
    outer loop
      vertex 47 21 3
      vertex 9.13137 9.13137 3
      vertex 9.47821 8.61229 3
    endloop
  endfacet
  facet normal -0 0 1
    outer loop
      vertex 5 21 3
      vertex 9.13137 9.13137 3
      vertex 47 21 3
    endloop
  endfacet
  facet normal 0 0 1
    outer loop
      vertex 9.13137 9.13137 3
      vertex 5 21 3
      vertex 8.61229 9.47821 3
    endloop
  endfacet
  facet normal 0 0 1
    outer loop
      vertex 8.61229 9.47821 3
      vertex 5 21 3
      vertex 8 9.6 3
    endloop
  endfacet
  facet normal 0 0 1
    outer loop
      vertex 0 0 3
      vertex 6.52179 8.61229 3
      vertex 5 21 3
    endloop
  endfacet
  facet normal 0 0 1
    outer loop
      vertex 6.86863 9.13137 3
      vertex 5 21 3
      vertex 6.52179 8.61229 3
    endloop
  endfacet
  facet normal 0 0 1
    outer loop
      vertex 7.38771 9.47821 3
      vertex 5 21 3
      vertex 6.86863 9.13137 3
    endloop
  endfacet
  facet normal 0 0 1
    outer loop
      vertex 8 9.6 3
      vertex 5 21 3
      vertex 7.38771 9.47821 3
    endloop
  endfacet
  facet normal -0 0 1
    outer loop
      vertex 63.6123 43.0218 3
      vertex 66 41.5 3
      vertex 64.1314 43.3686 3
    endloop
  endfacet
  facet normal 0 0 1
    outer loop
      vertex 66 28.5 3
      vertex 64.4782 26.1123 3
      vertex 64.6 25.5 3
    endloop
  endfacet
  facet normal -0 0 1
    outer loop
      vertex 63 42.9 3
      vertex 66 41.5 3
      vertex 63.6123 43.0218 3
    endloop
  endfacet
  facet normal 0 0 1
    outer loop
      vertex 66 28.5 3
      vertex 64.1314 26.6314 3
      vertex 64.4782 26.1123 3
    endloop
  endfacet
  facet normal 0 0 1
    outer loop
      vertex 58 40 3
      vertex 66 41.5 3
      vertex 63 42.9 3
    endloop
  endfacet
  facet normal 0 0 1
    outer loop
      vertex 66 28.5 3
      vertex 63.6123 26.9782 3
      vertex 64.1314 26.6314 3
    endloop
  endfacet
  facet normal 0 0 1
    outer loop
      vertex 66 41.5 3
      vertex 58 40 3
      vertex 66 28.5 3
    endloop
  endfacet
  facet normal 0 0 1
    outer loop
      vertex 66 28.5 3
      vertex 63 27.1 3
      vertex 63.6123 26.9782 3
    endloop
  endfacet
  facet normal 0 0 1
    outer loop
      vertex 58 40 3
      vertex 63 42.9 3
      vertex 62.3877 43.0218 3
    endloop
  endfacet
  facet normal -0 0 1
    outer loop
      vertex 58 30 3
      vertex 66 28.5 3
      vertex 58 40 3
    endloop
  endfacet
  facet normal 0 0 1
    outer loop
      vertex 58 40 3
      vertex 62.3877 43.0218 3
      vertex 61.8686 43.3686 3
    endloop
  endfacet
  facet normal 0 0 1
    outer loop
      vertex 66 28.5 3
      vertex 58 30 3
      vertex 63 27.1 3
    endloop
  endfacet
  facet normal 0 0 1
    outer loop
      vertex 58 40 3
      vertex 61.8686 43.3686 3
      vertex 61.5218 43.8877 3
    endloop
  endfacet
  facet normal 0 0 1
    outer loop
      vertex 63 27.1 3
      vertex 58 30 3
      vertex 62.3877 26.9782 3
    endloop
  endfacet
  facet normal 0 0 1
    outer loop
      vertex 58 40 3
      vertex 61.5218 43.8877 3
      vertex 61.4 44.5 3
    endloop
  endfacet
  facet normal 0 0 1
    outer loop
      vertex 62.3877 26.9782 3
      vertex 58 30 3
      vertex 61.8686 26.6314 3
    endloop
  endfacet
  facet normal -0 0 1
    outer loop
      vertex 9.47821 61.3877 3
      vertex 47 49 3
      vertex 9.6 62 3
    endloop
  endfacet
  facet normal -0 0 1
    outer loop
      vertex 9.13137 60.8686 3
      vertex 47 49 3
      vertex 9.47821 61.3877 3
    endloop
  endfacet
  facet normal 0 0 1
    outer loop
      vertex 5 49 3
      vertex 9.13137 60.8686 3
      vertex 8.61229 60.5218 3
    endloop
  endfacet
  facet normal 0 0 1
    outer loop
      vertex 5 49 3
      vertex 8.61229 60.5218 3
      vertex 8 60.4 3
    endloop
  endfacet
  facet normal 0 0 1
    outer loop
      vertex 5 49 3
      vertex 8 60.4 3
      vertex 7.38771 60.5218 3
    endloop
  endfacet
  facet normal 0 0 1
    outer loop
      vertex 9.13137 60.8686 3
      vertex 5 49 3
      vertex 47 49 3
    endloop
  endfacet
  facet normal 0 0 1
    outer loop
      vertex 6.86863 60.8686 3
      vertex 5 49 3
      vertex 7.38771 60.5218 3
    endloop
  endfacet
  facet normal 0 0 1
    outer loop
      vertex 6.52179 61.3877 3
      vertex 5 49 3
      vertex 6.86863 60.8686 3
    endloop
  endfacet
  facet normal 0 0 1
    outer loop
      vertex 0 70 3
      vertex 6.52179 61.3877 3
      vertex 6.4 62 3
    endloop
  endfacet
  facet normal 0 0 1
    outer loop
      vertex 82 23.9 3
      vertex 71.4782 8.61229 3
      vertex 71.6 8 3
    endloop
  endfacet
  facet normal 0 0 1
    outer loop
      vertex 80.5218 24.8877 3
      vertex 71.1314 9.13137 3
      vertex 71.4782 8.61229 3
    endloop
  endfacet
  facet normal 0 0 1
    outer loop
      vertex 80.5218 24.8877 3
      vertex 70.6123 9.47821 3
      vertex 71.1314 9.13137 3
    endloop
  endfacet
  facet normal 0 0 1
    outer loop
      vertex 80.5218 24.8877 3
      vertex 64.4782 24.8877 3
      vertex 70.6123 9.47821 3
    endloop
  endfacet
  facet normal -0 0 1
    outer loop
      vertex 64.1314 24.3686 3
      vertex 70.6123 9.47821 3
      vertex 64.4782 24.8877 3
    endloop
  endfacet
  facet normal 0 0 1
    outer loop
      vertex 70.6123 9.47821 3
      vertex 64.1314 24.3686 3
      vertex 70 9.6 3
    endloop
  endfacet
  facet normal -0 0 1
    outer loop
      vertex 63.6123 24.0218 3
      vertex 70 9.6 3
      vertex 64.1314 24.3686 3
    endloop
  endfacet
  facet normal 0 0 1
    outer loop
      vertex 70 9.6 3
      vertex 63.6123 24.0218 3
      vertex 69.3877 9.47821 3
    endloop
  endfacet
  facet normal 0 0 1
    outer loop
      vertex 64.4782 24.8877 3
      vertex 79 28.5 3
      vertex 66 28.5 3
    endloop
  endfacet
  facet normal 0 0 1
    outer loop
      vertex 89 46.5 3
      vertex 83.1314 43.3686 3
      vertex 89 23.5 3
    endloop
  endfacet
  facet normal 0 0 1
    outer loop
      vertex 89 23.5 3
      vertex 83.4782 26.1123 3
      vertex 83.6 25.5 3
    endloop
  endfacet
  facet normal -0 0 1
    outer loop
      vertex 83.1314 26.6314 3
      vertex 89 23.5 3
      vertex 83.1314 43.3686 3
    endloop
  endfacet
  facet normal 0 0 1
    outer loop
      vertex 89 23.5 3
      vertex 83.1314 26.6314 3
      vertex 83.4782 26.1123 3
    endloop
  endfacet
  facet normal -0 0 1
    outer loop
      vertex 82.6123 43.0218 3
      vertex 83.1314 26.6314 3
      vertex 83.1314 43.3686 3
    endloop
  endfacet
  facet normal 0 0 1
    outer loop
      vertex 82.6123 43.0218 3
      vertex 82.6123 26.9782 3
      vertex 83.1314 26.6314 3
    endloop
  endfacet
  facet normal -0 0 1
    outer loop
      vertex 82 42.9 3
      vertex 82.6123 26.9782 3
      vertex 82.6123 43.0218 3
    endloop
  endfacet
  facet normal 0 0 1
    outer loop
      vertex 82 42.9 3
      vertex 82 27.1 3
      vertex 82.6123 26.9782 3
    endloop
  endfacet
  facet normal 0 0 1
    outer loop
      vertex 79 41.5 3
      vertex 82 42.9 3
      vertex 81.3877 43.0218 3
    endloop
  endfacet
  facet normal 0 0 1
    outer loop
      vertex 82 42.9 3
      vertex 79 41.5 3
      vertex 82 27.1 3
    endloop
  endfacet
  facet normal 0 0 1
    outer loop
      vertex 79 41.5 3
      vertex 81.3877 43.0218 3
      vertex 80.8686 43.3686 3
    endloop
  endfacet
  facet normal -0 0 1
    outer loop
      vertex 79 28.5 3
      vertex 82 27.1 3
      vertex 79 41.5 3
    endloop
  endfacet
  facet normal 0 0 1
    outer loop
      vertex 79 41.5 3
      vertex 80.8686 43.3686 3
      vertex 80.5218 43.8877 3
    endloop
  endfacet
  facet normal 0 0 1
    outer loop
      vertex 82 27.1 3
      vertex 79 28.5 3
      vertex 81.3877 26.9782 3
    endloop
  endfacet
  facet normal 0 0 1
    outer loop
      vertex 79 41.5 3
      vertex 80.5218 43.8877 3
      vertex 80.4 44.5 3
    endloop
  endfacet
  facet normal 0 0 1
    outer loop
      vertex 81.3877 26.9782 3
      vertex 79 28.5 3
      vertex 80.8686 26.6314 3
    endloop
  endfacet
  facet normal -0 0 1
    outer loop
      vertex 133.478 8.61229 3
      vertex 140 0 3
      vertex 133.478 61.3877 3
    endloop
  endfacet
  facet normal 0 0 1
    outer loop
      vertex 140 0 3
      vertex 133.478 8.61229 3
      vertex 133.6 8 3
    endloop
  endfacet
  facet normal -0 0 1
    outer loop
      vertex 133.131 60.8686 3
      vertex 133.478 8.61229 3
      vertex 133.478 61.3877 3
    endloop
  endfacet
  facet normal 0 0 1
    outer loop
      vertex 133.131 60.8686 3
      vertex 133.131 9.13137 3
      vertex 133.478 8.61229 3
    endloop
  endfacet
  facet normal -0 0 1
    outer loop
      vertex 132.612 60.5218 3
      vertex 133.131 9.13137 3
      vertex 133.131 60.8686 3
    endloop
  endfacet
  facet normal 0 0 1
    outer loop
      vertex 132.612 60.5218 3
      vertex 132.612 9.47821 3
      vertex 133.131 9.13137 3
    endloop
  endfacet
  facet normal -0 0 1
    outer loop
      vertex 132 60.4 3
      vertex 132.612 9.47821 3
      vertex 132.612 60.5218 3
    endloop
  endfacet
  facet normal 0 0 1
    outer loop
      vertex 132 60.4 3
      vertex 132 9.6 3
      vertex 132.612 9.47821 3
    endloop
  endfacet
  facet normal 0 0 1
    outer loop
      vertex 108 38 3
      vertex 132 60.4 3
      vertex 131.388 60.5218 3
    endloop
  endfacet
  facet normal 0 0 1
    outer loop
      vertex 132 60.4 3
      vertex 108 38 3
      vertex 132 9.6 3
    endloop
  endfacet
  facet normal 0 0 1
    outer loop
      vertex 108 38 3
      vertex 131.388 60.5218 3
      vertex 130.869 60.8686 3
    endloop
  endfacet
  facet normal -0 0 1
    outer loop
      vertex 108 32 3
      vertex 132 9.6 3
      vertex 108 38 3
    endloop
  endfacet
  facet normal 0 0 1
    outer loop
      vertex 108 38 3
      vertex 130.869 60.8686 3
      vertex 130.522 61.3877 3
    endloop
  endfacet
  facet normal 0 0 1
    outer loop
      vertex 132 9.6 3
      vertex 108 32 3
      vertex 131.388 9.47821 3
    endloop
  endfacet
  facet normal 0 0 1
    outer loop
      vertex 101 46.5 3
      vertex 130.522 61.3877 3
      vertex 130.4 62 3
    endloop
  endfacet
  facet normal 0 0 1
    outer loop
      vertex 131.388 9.47821 3
      vertex 108 32 3
      vertex 130.869 9.13137 3
    endloop
  endfacet
  facet normal 0 0 1
    outer loop
      vertex 133.478 61.3877 3
      vertex 140 70 3
      vertex 133.6 62 3
    endloop
  endfacet
  facet normal 0 0 1
    outer loop
      vertex 140 70 3
      vertex 133.478 62.6123 3
      vertex 133.6 62 3
    endloop
  endfacet
  facet normal 0 0 1
    outer loop
      vertex 140 70 3
      vertex 133.131 63.1314 3
      vertex 133.478 62.6123 3
    endloop
  endfacet
  facet normal 0 0 1
    outer loop
      vertex 140 70 3
      vertex 132.612 63.4782 3
      vertex 133.131 63.1314 3
    endloop
  endfacet
  facet normal 0 0 1
    outer loop
      vertex 140 70 3
      vertex 132 63.6 3
      vertex 132.612 63.4782 3
    endloop
  endfacet
  facet normal 0 0 1
    outer loop
      vertex 140 70 3
      vertex 131.388 63.4782 3
      vertex 132 63.6 3
    endloop
  endfacet
  facet normal 0 0 1
    outer loop
      vertex 70.6123 63.4782 3
      vertex 131.388 63.4782 3
      vertex 140 70 3
    endloop
  endfacet
  facet normal 0 0 1
    outer loop
      vertex 130.869 9.13137 3
      vertex 108 32 3
      vertex 130.522 8.61229 3
    endloop
  endfacet
  facet normal 0 0 1
    outer loop
      vertex 101 46.5 3
      vertex 130.4 62 3
      vertex 130.522 62.6123 3
    endloop
  endfacet
  facet normal 0 0 1
    outer loop
      vertex 71.4782 62.6123 3
      vertex 130.522 62.6123 3
      vertex 130.869 63.1314 3
    endloop
  endfacet
  facet normal 0 0 1
    outer loop
      vertex 130.522 61.3877 3
      vertex 101 46.5 3
      vertex 108 38 3
    endloop
  endfacet
  facet normal 0 0 1
    outer loop
      vertex 105 38 3
      vertex 101 46.5 3
      vertex 105 32 3
    endloop
  endfacet
  facet normal 0 0 1
    outer loop
      vertex 108 38 3
      vertex 101 46.5 3
      vertex 105 38 3
    endloop
  endfacet
  facet normal 0 0 1
    outer loop
      vertex 131.388 63.4782 3
      vertex 70.6123 63.4782 3
      vertex 130.869 63.1314 3
    endloop
  endfacet
  facet normal 0 -0 1
    outer loop
      vertex 71.4782 62.6123 3
      vertex 130.869 63.1314 3
      vertex 71.1314 63.1314 3
    endloop
  endfacet
  facet normal 0 0 1
    outer loop
      vertex 101 46.5 3
      vertex 95.7778 46.7778 3
      vertex 95.9634 46.5 3
    endloop
  endfacet
  facet normal 0 0 1
    outer loop
      vertex 101 46.5 3
      vertex 95.421 47.0163 3
      vertex 95.7778 46.7778 3
    endloop
  endfacet
  facet normal 0 0 1
    outer loop
      vertex 130.522 62.6123 3
      vertex 95 47.1 3
      vertex 101 46.5 3
    endloop
  endfacet
  facet normal 0 0 1
    outer loop
      vertex 101 46.5 3
      vertex 95 47.1 3
      vertex 95.421 47.0163 3
    endloop
  endfacet
  facet normal 0 0 1
    outer loop
      vertex 94.2222 46.7778 3
      vertex 89 46.5 3
      vertex 94.0366 46.5 3
    endloop
  endfacet
  facet normal 0 0 1
    outer loop
      vertex 94.579 47.0163 3
      vertex 89 46.5 3
      vertex 94.2222 46.7778 3
    endloop
  endfacet
  facet normal 0 0 1
    outer loop
      vertex 130.522 62.6123 3
      vertex 71.4782 62.6123 3
      vertex 95 47.1 3
    endloop
  endfacet
  facet normal 0 0 1
    outer loop
      vertex 83.4782 43.8877 3
      vertex 89 46.5 3
      vertex 83.6 44.5 3
    endloop
  endfacet
  facet normal -0 -0 1
    outer loop
      vertex 71.6 62 3
      vertex 94.579 47.0163 3
      vertex 71.4782 62.6123 3
    endloop
  endfacet
  facet normal 0 0 1
    outer loop
      vertex 89 46.5 3
      vertex 83.4782 45.1123 3
      vertex 83.6 44.5 3
    endloop
  endfacet
  facet normal 0 0 1
    outer loop
      vertex 89 46.5 3
      vertex 83.1314 45.6314 3
      vertex 83.4782 45.1123 3
    endloop
  endfacet
  facet normal 0 0 1
    outer loop
      vertex 94.579 47.0163 3
      vertex 71.6 62 3
      vertex 89 46.5 3
    endloop
  endfacet
  facet normal 0 0 1
    outer loop
      vertex 89 46.5 3
      vertex 82.6123 45.9782 3
      vertex 83.1314 45.6314 3
    endloop
  endfacet
  facet normal 0 -0 1
    outer loop
      vertex 82 46.1 3
      vertex 89 46.5 3
      vertex 71.6 62 3
    endloop
  endfacet
  facet normal 0 0 1
    outer loop
      vertex 80.8686 26.6314 3
      vertex 79 28.5 3
      vertex 80.5218 26.1123 3
    endloop
  endfacet
  facet normal 0 0 1
    outer loop
      vertex 80.5218 45.1123 3
      vertex 79 41.5 3
      vertex 80.4 44.5 3
    endloop
  endfacet
  facet normal 0 0 1
    outer loop
      vertex 81.3877 45.9782 3
      vertex 71.1314 60.8686 3
      vertex 80.8686 45.6314 3
    endloop
  endfacet
  facet normal -0 0 1
    outer loop
      vertex 71.1314 60.8686 3
      vertex 81.3877 45.9782 3
      vertex 71.4782 61.3877 3
    endloop
  endfacet
  facet normal 0 0 1
    outer loop
      vertex 82 46.1 3
      vertex 71.4782 61.3877 3
      vertex 81.3877 45.9782 3
    endloop
  endfacet
  facet normal 0 0 1
    outer loop
      vertex 89 46.5 3
      vertex 82 46.1 3
      vertex 82.6123 45.9782 3
    endloop
  endfacet
  facet normal -0 0 1
    outer loop
      vertex 71.4782 61.3877 3
      vertex 82 46.1 3
      vertex 71.6 62 3
    endloop
  endfacet
  facet normal 0 0 1
    outer loop
      vertex 95 47.1 3
      vertex 71.4782 62.6123 3
      vertex 94.579 47.0163 3
    endloop
  endfacet
  facet normal 0 0 1
    outer loop
      vertex 130.869 63.1314 3
      vertex 70.6123 63.4782 3
      vertex 71.1314 63.1314 3
    endloop
  endfacet
  facet normal 0 0 1
    outer loop
      vertex 140 70 3
      vertex 70 63.6 3
      vertex 70.6123 63.4782 3
    endloop
  endfacet
  facet normal -0 0 1
    outer loop
      vertex 64.4782 43.8877 3
      vertex 66 41.5 3
      vertex 64.6 44.5 3
    endloop
  endfacet
  facet normal 0 0 1
    outer loop
      vertex 79 41.5 3
      vertex 64.6 44.5 3
      vertex 66 41.5 3
    endloop
  endfacet
  facet normal 0 0 1
    outer loop
      vertex 47 49 3
      vertex 68.4 62 3
      vertex 68.5218 62.6123 3
    endloop
  endfacet
  facet normal 0 0 1
    outer loop
      vertex 68.5218 61.3877 3
      vertex 64.4782 45.1123 3
      vertex 64.6 44.5 3
    endloop
  endfacet
  facet normal 0 0 1
    outer loop
      vertex 68.5218 61.3877 3
      vertex 64.1314 45.6314 3
      vertex 64.4782 45.1123 3
    endloop
  endfacet
  facet normal 0 0 1
    outer loop
      vertex 68.5218 61.3877 3
      vertex 63.6123 45.9782 3
      vertex 64.1314 45.6314 3
    endloop
  endfacet
  facet normal 0 0 1
    outer loop
      vertex 68.5218 61.3877 3
      vertex 63 46.1 3
      vertex 63.6123 45.9782 3
    endloop
  endfacet
  facet normal 0 0 1
    outer loop
      vertex 68.5218 61.3877 3
      vertex 62.3877 45.9782 3
      vertex 63 46.1 3
    endloop
  endfacet
  facet normal 0 0 1
    outer loop
      vertex 68.5218 61.3877 3
      vertex 47 49 3
      vertex 62.3877 45.9782 3
    endloop
  endfacet
  facet normal 0 0 1
    outer loop
      vertex 62.3877 45.9782 3
      vertex 47 49 3
      vertex 61.8686 45.6314 3
    endloop
  endfacet
  facet normal 0 0 1
    outer loop
      vertex 61.8686 26.6314 3
      vertex 58 30 3
      vertex 61.5218 26.1123 3
    endloop
  endfacet
  facet normal 0 0 1
    outer loop
      vertex 55 40 3
      vertex 61.4 44.5 3
      vertex 61.5218 45.1123 3
    endloop
  endfacet
  facet normal 0 0 1
    outer loop
      vertex 61.8686 45.6314 3
      vertex 47 49 3
      vertex 61.5218 45.1123 3
    endloop
  endfacet
  facet normal 0 -0 1
    outer loop
      vertex 55 40 3
      vertex 61.5218 45.1123 3
      vertex 47 49 3
    endloop
  endfacet
  facet normal 0 0 1
    outer loop
      vertex 55 40 3
      vertex 47 49 3
      vertex 55 30 3
    endloop
  endfacet
  facet normal 0 0 1
    outer loop
      vertex 61.4 44.5 3
      vertex 55 40 3
      vertex 58 40 3
    endloop
  endfacet
  facet normal 0 0 1
    outer loop
      vertex 68.8686 63.1314 3
      vertex 47 49 3
      vertex 68.5218 62.6123 3
    endloop
  endfacet
  facet normal 0 0 1
    outer loop
      vertex 9.13137 63.1314 3
      vertex 68.8686 63.1314 3
      vertex 69.3877 63.4782 3
    endloop
  endfacet
  facet normal 0 0 1
    outer loop
      vertex 68.8686 63.1314 3
      vertex 9.13137 63.1314 3
      vertex 47 49 3
    endloop
  endfacet
  facet normal 0 0 1
    outer loop
      vertex 0 70 3
      vertex 69.3877 63.4782 3
      vertex 70 63.6 3
    endloop
  endfacet
  facet normal -0 0 1
    outer loop
      vertex 0 70 3
      vertex 70 63.6 3
      vertex 140 70 3
    endloop
  endfacet
  facet normal 0 0 1
    outer loop
      vertex 47 49 3
      vertex 9.47821 62.6123 3
      vertex 9.6 62 3
    endloop
  endfacet
  facet normal 0 0 1
    outer loop
      vertex 47 49 3
      vertex 9.13137 63.1314 3
      vertex 9.47821 62.6123 3
    endloop
  endfacet
  facet normal 0 0 1
    outer loop
      vertex 69.3877 63.4782 3
      vertex 8.61229 63.4782 3
      vertex 9.13137 63.1314 3
    endloop
  endfacet
  facet normal 0 0 1
    outer loop
      vertex 69.3877 63.4782 3
      vertex 0 70 3
      vertex 8.61229 63.4782 3
    endloop
  endfacet
  facet normal 0 0 1
    outer loop
      vertex 5 49 3
      vertex 0 70 3
      vertex 5 21 3
    endloop
  endfacet
  facet normal 0 0 1
    outer loop
      vertex 6.52179 61.3877 3
      vertex 0 70 3
      vertex 5 49 3
    endloop
  endfacet
  facet normal 0 0 1
    outer loop
      vertex 6.52179 62.6123 3
      vertex 0 70 3
      vertex 6.4 62 3
    endloop
  endfacet
  facet normal 0 0 1
    outer loop
      vertex 6.86863 63.1314 3
      vertex 0 70 3
      vertex 6.52179 62.6123 3
    endloop
  endfacet
  facet normal 0 0 1
    outer loop
      vertex 7.38771 63.4782 3
      vertex 0 70 3
      vertex 6.86863 63.1314 3
    endloop
  endfacet
  facet normal 0 0 1
    outer loop
      vertex 8 63.6 3
      vertex 0 70 3
      vertex 7.38771 63.4782 3
    endloop
  endfacet
  facet normal 0 0 1
    outer loop
      vertex 8.61229 63.4782 3
      vertex 0 70 3
      vertex 8 63.6 3
    endloop
  endfacet
  facet normal 0 0 1
    outer loop
      vertex 140 70 3
      vertex 133.478 61.3877 3
      vertex 140 0 3
    endloop
  endfacet
  facet normal -0 0 1
    outer loop
      vertex 133.478 7.38771 3
      vertex 140 0 3
      vertex 133.6 8 3
    endloop
  endfacet
  facet normal -0 0 1
    outer loop
      vertex 133.131 6.86863 3
      vertex 140 0 3
      vertex 133.478 7.38771 3
    endloop
  endfacet
  facet normal -0 0 1
    outer loop
      vertex 132.612 6.52179 3
      vertex 140 0 3
      vertex 133.131 6.86863 3
    endloop
  endfacet
  facet normal -0 0 1
    outer loop
      vertex 132 6.4 3
      vertex 140 0 3
      vertex 132.612 6.52179 3
    endloop
  endfacet
  facet normal 0 0 1
    outer loop
      vertex 131.388 6.52179 3
      vertex 140 0 3
      vertex 132 6.4 3
    endloop
  endfacet
  facet normal 0 0 1
    outer loop
      vertex 70.6123 6.52179 3
      vertex 131.388 6.52179 3
      vertex 130.869 6.86863 3
    endloop
  endfacet
  facet normal -0 0 1
    outer loop
      vertex 101 23.5 3
      vertex 130.522 8.61229 3
      vertex 108 32 3
    endloop
  endfacet
  facet normal 0 0 1
    outer loop
      vertex 130.522 8.61229 3
      vertex 101 23.5 3
      vertex 130.4 8 3
    endloop
  endfacet
  facet normal 0 0 1
    outer loop
      vertex 130.4 8 3
      vertex 101 23.5 3
      vertex 130.522 7.38771 3
    endloop
  endfacet
  facet normal 0 0 1
    outer loop
      vertex 101 23.5 3
      vertex 108 32 3
      vertex 105 32 3
    endloop
  endfacet
  facet normal 0 0 1
    outer loop
      vertex 101 23.5 3
      vertex 105 32 3
      vertex 101 46.5 3
    endloop
  endfacet
  facet normal -0 0 1
    outer loop
      vertex 95 22.9 3
      vertex 130.522 7.38771 3
      vertex 101 23.5 3
    endloop
  endfacet
  facet normal 0 0 1
    outer loop
      vertex 71.4782 7.38771 3
      vertex 130.522 7.38771 3
      vertex 95 22.9 3
    endloop
  endfacet
  facet normal 0 0 1
    outer loop
      vertex 95.7778 23.2222 3
      vertex 101 23.5 3
      vertex 95.9634 23.5 3
    endloop
  endfacet
  facet normal 0 0 1
    outer loop
      vertex 95.421 22.9837 3
      vertex 101 23.5 3
      vertex 95.7778 23.2222 3
    endloop
  endfacet
  facet normal 0 0 1
    outer loop
      vertex 95 22.9 3
      vertex 101 23.5 3
      vertex 95.421 22.9837 3
    endloop
  endfacet
  facet normal 0 0 1
    outer loop
      vertex 130.522 7.38771 3
      vertex 71.4782 7.38771 3
      vertex 130.869 6.86863 3
    endloop
  endfacet
  facet normal 0 0 1
    outer loop
      vertex 71.4782 7.38771 3
      vertex 95 22.9 3
      vertex 94.579 22.9837 3
    endloop
  endfacet
  facet normal -0 0 1
    outer loop
      vertex 89 23.5 3
      vertex 94.2222 23.2222 3
      vertex 94.0366 23.5 3
    endloop
  endfacet
  facet normal 0 0 1
    outer loop
      vertex 89 23.5 3
      vertex 94.579 22.9837 3
      vertex 94.2222 23.2222 3
    endloop
  endfacet
  facet normal 0 0 1
    outer loop
      vertex 71.6 8 3
      vertex 94.579 22.9837 3
      vertex 89 23.5 3
    endloop
  endfacet
  facet normal 0 0 1
    outer loop
      vertex 83.1314 43.3686 3
      vertex 89 46.5 3
      vertex 83.4782 43.8877 3
    endloop
  endfacet
  facet normal -0 0 1
    outer loop
      vertex 83.4782 24.8877 3
      vertex 89 23.5 3
      vertex 83.6 25.5 3
    endloop
  endfacet
  facet normal -0 0 1
    outer loop
      vertex 83.1314 24.3686 3
      vertex 89 23.5 3
      vertex 83.4782 24.8877 3
    endloop
  endfacet
  facet normal -0 0 1
    outer loop
      vertex 82.6123 24.0218 3
      vertex 89 23.5 3
      vertex 83.1314 24.3686 3
    endloop
  endfacet
  facet normal -0 0 1
    outer loop
      vertex 82 23.9 3
      vertex 89 23.5 3
      vertex 82.6123 24.0218 3
    endloop
  endfacet
  facet normal 0 0 1
    outer loop
      vertex 89 23.5 3
      vertex 82 23.9 3
      vertex 71.6 8 3
    endloop
  endfacet
  facet normal 0 0 1
    outer loop
      vertex 71.4782 8.61229 3
      vertex 82 23.9 3
      vertex 81.3877 24.0218 3
    endloop
  endfacet
  facet normal 0 0 1
    outer loop
      vertex 80.5218 26.1123 3
      vertex 79 28.5 3
      vertex 80.4 25.5 3
    endloop
  endfacet
  facet normal 0 0 1
    outer loop
      vertex 79 28.5 3
      vertex 80.5218 24.8877 3
      vertex 80.4 25.5 3
    endloop
  endfacet
  facet normal 0 0 1
    outer loop
      vertex 64.4782 24.8877 3
      vertex 80.5218 24.8877 3
      vertex 79 28.5 3
    endloop
  endfacet
  facet normal 0 0 1
    outer loop
      vertex 71.4782 8.61229 3
      vertex 80.8686 24.3686 3
      vertex 80.5218 24.8877 3
    endloop
  endfacet
  facet normal 0 0 1
    outer loop
      vertex 71.4782 8.61229 3
      vertex 81.3877 24.0218 3
      vertex 80.8686 24.3686 3
    endloop
  endfacet
  facet normal 0 0 1
    outer loop
      vertex 94.579 22.9837 3
      vertex 71.6 8 3
      vertex 71.4782 7.38771 3
    endloop
  endfacet
  facet normal 0 0 1
    outer loop
      vertex 130.869 6.86863 3
      vertex 71.4782 7.38771 3
      vertex 71.1314 6.86863 3
    endloop
  endfacet
  facet normal 0 0 1
    outer loop
      vertex 70.6123 6.52179 3
      vertex 130.869 6.86863 3
      vertex 71.1314 6.86863 3
    endloop
  endfacet
  facet normal 0 0 1
    outer loop
      vertex 131.388 6.52179 3
      vertex 70.6123 6.52179 3
      vertex 140 0 3
    endloop
  endfacet
  facet normal -0 0 1
    outer loop
      vertex 70 6.4 3
      vertex 140 0 3
      vertex 70.6123 6.52179 3
    endloop
  endfacet
  facet normal -0 0 1
    outer loop
      vertex 64.1314 43.3686 3
      vertex 66 41.5 3
      vertex 64.4782 43.8877 3
    endloop
  endfacet
  facet normal 0 0 1
    outer loop
      vertex 64.4782 24.8877 3
      vertex 66 28.5 3
      vertex 64.6 25.5 3
    endloop
  endfacet
  facet normal -0 0 1
    outer loop
      vertex 63 23.9 3
      vertex 69.3877 9.47821 3
      vertex 63.6123 24.0218 3
    endloop
  endfacet
  facet normal 0 0 1
    outer loop
      vertex 69.3877 9.47821 3
      vertex 63 23.9 3
      vertex 68.8686 9.13137 3
    endloop
  endfacet
  facet normal 0 0 1
    outer loop
      vertex 62.3877 24.0218 3
      vertex 68.8686 9.13137 3
      vertex 63 23.9 3
    endloop
  endfacet
  facet normal 0 0 1
    outer loop
      vertex 68.8686 9.13137 3
      vertex 62.3877 24.0218 3
      vertex 68.5218 8.61229 3
    endloop
  endfacet
  facet normal -0 0 1
    outer loop
      vertex 47 21 3
      vertex 68.5218 8.61229 3
      vertex 62.3877 24.0218 3
    endloop
  endfacet
  facet normal 0 0 1
    outer loop
      vertex 68.5218 8.61229 3
      vertex 47 21 3
      vertex 68.4 8 3
    endloop
  endfacet
  facet normal 0 0 1
    outer loop
      vertex 47 21 3
      vertex 62.3877 24.0218 3
      vertex 61.8686 24.3686 3
    endloop
  endfacet
  facet normal 0 0 1
    outer loop
      vertex 47 21 3
      vertex 61.8686 24.3686 3
      vertex 61.5218 24.8877 3
    endloop
  endfacet
  facet normal 0 0 1
    outer loop
      vertex 61.5218 26.1123 3
      vertex 58 30 3
      vertex 61.4 25.5 3
    endloop
  endfacet
  facet normal -0 0 1
    outer loop
      vertex 55 30 3
      vertex 61.4 25.5 3
      vertex 58 30 3
    endloop
  endfacet
  facet normal 0 0 1
    outer loop
      vertex 61.4 25.5 3
      vertex 55 30 3
      vertex 61.5218 24.8877 3
    endloop
  endfacet
  facet normal 0 0 1
    outer loop
      vertex 61.5218 24.8877 3
      vertex 55 30 3
      vertex 47 21 3
    endloop
  endfacet
  facet normal 0 0 1
    outer loop
      vertex 47 21 3
      vertex 55 30 3
      vertex 47 49 3
    endloop
  endfacet
  facet normal 0 0 1
    outer loop
      vertex 68.4 8 3
      vertex 47 21 3
      vertex 68.5218 7.38771 3
    endloop
  endfacet
  facet normal 0 0 1
    outer loop
      vertex 47 21 3
      vertex 68.8686 6.86863 3
      vertex 68.5218 7.38771 3
    endloop
  endfacet
  facet normal 0 0 1
    outer loop
      vertex 9.13137 6.86863 3
      vertex 68.8686 6.86863 3
      vertex 47 21 3
    endloop
  endfacet
  facet normal 0 0 1
    outer loop
      vertex 9.47821 7.38771 3
      vertex 47 21 3
      vertex 9.6 8 3
    endloop
  endfacet
  facet normal 0 0 1
    outer loop
      vertex 9.13137 6.86863 3
      vertex 47 21 3
      vertex 9.47821 7.38771 3
    endloop
  endfacet
  facet normal 0 0 1
    outer loop
      vertex 68.8686 6.86863 3
      vertex 9.13137 6.86863 3
      vertex 69.3877 6.52179 3
    endloop
  endfacet
  facet normal 0 0 1
    outer loop
      vertex 8.61229 6.52179 3
      vertex 69.3877 6.52179 3
      vertex 9.13137 6.86863 3
    endloop
  endfacet
  facet normal 0 0 1
    outer loop
      vertex 0 0 3
      vertex 69.3877 6.52179 3
      vertex 8.61229 6.52179 3
    endloop
  endfacet
  facet normal 0 0 1
    outer loop
      vertex 69.3877 6.52179 3
      vertex 0 0 3
      vertex 70 6.4 3
    endloop
  endfacet
  facet normal 0 0 1
    outer loop
      vertex 0 0 3
      vertex 8.61229 6.52179 3
      vertex 8 6.4 3
    endloop
  endfacet
  facet normal 0 0 1
    outer loop
      vertex 70 6.4 3
      vertex 0 0 3
      vertex 140 0 3
    endloop
  endfacet
  facet normal 0 0 1
    outer loop
      vertex 7.38771 6.52179 3
      vertex 0 0 3
      vertex 8 6.4 3
    endloop
  endfacet
  facet normal 0 0 1
    outer loop
      vertex 6.86863 6.86863 3
      vertex 0 0 3
      vertex 7.38771 6.52179 3
    endloop
  endfacet
  facet normal 0 0 1
    outer loop
      vertex 6.52179 7.38771 3
      vertex 0 0 3
      vertex 6.86863 6.86863 3
    endloop
  endfacet
  facet normal 0 0 1
    outer loop
      vertex 6.4 8 3
      vertex 0 0 3
      vertex 6.52179 7.38771 3
    endloop
  endfacet
  facet normal 0 0 1
    outer loop
      vertex 6.52179 8.61229 3
      vertex 0 0 3
      vertex 6.4 8 3
    endloop
  endfacet
  facet normal 0 0 1
    outer loop
      vertex 0 0 3
      vertex 5 21 3
      vertex 0 70 3
    endloop
  endfacet
  facet normal -0 0 1
    outer loop
      vertex 70.6123 60.5218 3
      vertex 80.8686 45.6314 3
      vertex 71.1314 60.8686 3
    endloop
  endfacet
  facet normal 0 0 1
    outer loop
      vertex 80.8686 45.6314 3
      vertex 70.6123 60.5218 3
      vertex 80.5218 45.1123 3
    endloop
  endfacet
  facet normal 0 0 1
    outer loop
      vertex 64.6 44.5 3
      vertex 80.5218 45.1123 3
      vertex 70.6123 60.5218 3
    endloop
  endfacet
  facet normal 0 0 1
    outer loop
      vertex 64.6 44.5 3
      vertex 70.6123 60.5218 3
      vertex 70 60.4 3
    endloop
  endfacet
  facet normal 0 0 1
    outer loop
      vertex 64.6 44.5 3
      vertex 70 60.4 3
      vertex 69.3877 60.5218 3
    endloop
  endfacet
  facet normal 0 0 1
    outer loop
      vertex 64.6 44.5 3
      vertex 69.3877 60.5218 3
      vertex 68.8686 60.8686 3
    endloop
  endfacet
  facet normal 0 0 1
    outer loop
      vertex 64.6 44.5 3
      vertex 68.8686 60.8686 3
      vertex 68.5218 61.3877 3
    endloop
  endfacet
  facet normal 0 0 1
    outer loop
      vertex 80.5218 45.1123 3
      vertex 64.6 44.5 3
      vertex 79 41.5 3
    endloop
  endfacet
  facet normal 0 0 1
    outer loop
      vertex 47 49 3
      vertex 68.5218 61.3877 3
      vertex 68.4 62 3
    endloop
  endfacet
  facet normal 0 0 -1
    outer loop
      vertex 47 49 0
      vertex 9.47821 61.3877 0
      vertex 9.6 62 0
    endloop
  endfacet
  facet normal 0 0 -1
    outer loop
      vertex 47 49 0
      vertex 9.13137 60.8686 0
      vertex 9.47821 61.3877 0
    endloop
  endfacet
  facet normal 0 0 -1
    outer loop
      vertex 5 49 0
      vertex 9.13137 60.8686 0
      vertex 47 49 0
    endloop
  endfacet
  facet normal 0 0 -1
    outer loop
      vertex 9.13137 60.8686 0
      vertex 5 49 0
      vertex 8.61229 60.5218 0
    endloop
  endfacet
  facet normal 0 0 -1
    outer loop
      vertex 8.61229 60.5218 0
      vertex 5 49 0
      vertex 8 60.4 0
    endloop
  endfacet
  facet normal 0 0 -1
    outer loop
      vertex 0 70 0
      vertex 6.52179 61.3877 0
      vertex 5 49 0
    endloop
  endfacet
  facet normal -0 0 -1
    outer loop
      vertex 6.86863 60.8686 0
      vertex 5 49 0
      vertex 6.52179 61.3877 0
    endloop
  endfacet
  facet normal -0 0 -1
    outer loop
      vertex 7.38771 60.5218 0
      vertex 5 49 0
      vertex 6.86863 60.8686 0
    endloop
  endfacet
  facet normal -0 0 -1
    outer loop
      vertex 8 60.4 0
      vertex 5 49 0
      vertex 7.38771 60.5218 0
    endloop
  endfacet
  facet normal 0 0 -1
    outer loop
      vertex 63.6123 26.9782 0
      vertex 66 28.5 0
      vertex 64.1314 26.6314 0
    endloop
  endfacet
  facet normal 0 0 -1
    outer loop
      vertex 66 41.5 0
      vertex 64.4782 43.8877 0
      vertex 64.6 44.5 0
    endloop
  endfacet
  facet normal 0 0 -1
    outer loop
      vertex 63 27.1 0
      vertex 66 28.5 0
      vertex 63.6123 26.9782 0
    endloop
  endfacet
  facet normal 0 0 -1
    outer loop
      vertex 66 41.5 0
      vertex 64.1314 43.3686 0
      vertex 64.4782 43.8877 0
    endloop
  endfacet
  facet normal 0 0 -1
    outer loop
      vertex 58 30 0
      vertex 66 28.5 0
      vertex 63 27.1 0
    endloop
  endfacet
  facet normal 0 0 -1
    outer loop
      vertex 66 41.5 0
      vertex 63.6123 43.0218 0
      vertex 64.1314 43.3686 0
    endloop
  endfacet
  facet normal 0 0 -1
    outer loop
      vertex 66 28.5 0
      vertex 58 30 0
      vertex 66 41.5 0
    endloop
  endfacet
  facet normal 0 0 -1
    outer loop
      vertex 66 41.5 0
      vertex 63 42.9 0
      vertex 63.6123 43.0218 0
    endloop
  endfacet
  facet normal 0 0 -1
    outer loop
      vertex 58 30 0
      vertex 63 27.1 0
      vertex 62.3877 26.9782 0
    endloop
  endfacet
  facet normal 0 0 -1
    outer loop
      vertex 58 40 0
      vertex 66 41.5 0
      vertex 58 30 0
    endloop
  endfacet
  facet normal 0 0 -1
    outer loop
      vertex 58 30 0
      vertex 62.3877 26.9782 0
      vertex 61.8686 26.6314 0
    endloop
  endfacet
  facet normal -0 0 -1
    outer loop
      vertex 66 41.5 0
      vertex 58 40 0
      vertex 63 42.9 0
    endloop
  endfacet
  facet normal 0 0 -1
    outer loop
      vertex 58 30 0
      vertex 61.8686 26.6314 0
      vertex 61.5218 26.1123 0
    endloop
  endfacet
  facet normal -0 0 -1
    outer loop
      vertex 63 42.9 0
      vertex 58 40 0
      vertex 62.3877 43.0218 0
    endloop
  endfacet
  facet normal 0 0 -1
    outer loop
      vertex 58 30 0
      vertex 61.5218 26.1123 0
      vertex 61.4 25.5 0
    endloop
  endfacet
  facet normal -0 0 -1
    outer loop
      vertex 62.3877 43.0218 0
      vertex 58 40 0
      vertex 61.8686 43.3686 0
    endloop
  endfacet
  facet normal 0 0 -1
    outer loop
      vertex 9.47821 8.61229 0
      vertex 47 21 0
      vertex 9.6 8 0
    endloop
  endfacet
  facet normal 0 0 -1
    outer loop
      vertex 9.13137 9.13137 0
      vertex 47 21 0
      vertex 9.47821 8.61229 0
    endloop
  endfacet
  facet normal 0 0 -1
    outer loop
      vertex 5 21 0
      vertex 9.13137 9.13137 0
      vertex 8.61229 9.47821 0
    endloop
  endfacet
  facet normal 0 0 -1
    outer loop
      vertex 5 21 0
      vertex 8.61229 9.47821 0
      vertex 8 9.6 0
    endloop
  endfacet
  facet normal 0 0 -1
    outer loop
      vertex 5 21 0
      vertex 8 9.6 0
      vertex 7.38771 9.47821 0
    endloop
  endfacet
  facet normal 0 0 -1
    outer loop
      vertex 9.13137 9.13137 0
      vertex 5 21 0
      vertex 47 21 0
    endloop
  endfacet
  facet normal 0 0 -1
    outer loop
      vertex 6.86863 9.13137 0
      vertex 5 21 0
      vertex 7.38771 9.47821 0
    endloop
  endfacet
  facet normal 0 0 -1
    outer loop
      vertex 6.52179 8.61229 0
      vertex 5 21 0
      vertex 6.86863 9.13137 0
    endloop
  endfacet
  facet normal 0 0 -1
    outer loop
      vertex 0 0 0
      vertex 6.52179 8.61229 0
      vertex 6.4 8 0
    endloop
  endfacet
  facet normal 0 0 -1
    outer loop
      vertex 82 46.1 0
      vertex 71.4782 61.3877 0
      vertex 71.6 62 0
    endloop
  endfacet
  facet normal 0 0 -1
    outer loop
      vertex 80.5218 45.1123 0
      vertex 71.1314 60.8686 0
      vertex 71.4782 61.3877 0
    endloop
  endfacet
  facet normal 0 0 -1
    outer loop
      vertex 80.5218 45.1123 0
      vertex 70.6123 60.5218 0
      vertex 71.1314 60.8686 0
    endloop
  endfacet
  facet normal 0 0 -1
    outer loop
      vertex 80.5218 45.1123 0
      vertex 64.4782 45.1123 0
      vertex 70.6123 60.5218 0
    endloop
  endfacet
  facet normal 0 0 -1
    outer loop
      vertex 64.1314 45.6314 0
      vertex 70.6123 60.5218 0
      vertex 64.4782 45.1123 0
    endloop
  endfacet
  facet normal 0 0 -1
    outer loop
      vertex 70.6123 60.5218 0
      vertex 64.1314 45.6314 0
      vertex 70 60.4 0
    endloop
  endfacet
  facet normal 0 0 -1
    outer loop
      vertex 63.6123 45.9782 0
      vertex 70 60.4 0
      vertex 64.1314 45.6314 0
    endloop
  endfacet
  facet normal -0 0 -1
    outer loop
      vertex 70 60.4 0
      vertex 63.6123 45.9782 0
      vertex 69.3877 60.5218 0
    endloop
  endfacet
  facet normal 0 0 -1
    outer loop
      vertex 64.4782 45.1123 0
      vertex 79 41.5 0
      vertex 66 41.5 0
    endloop
  endfacet
  facet normal 0 0 -1
    outer loop
      vertex 89 23.5 0
      vertex 83.1314 26.6314 0
      vertex 89 46.5 0
    endloop
  endfacet
  facet normal 0 0 -1
    outer loop
      vertex 89 46.5 0
      vertex 83.4782 43.8877 0
      vertex 83.6 44.5 0
    endloop
  endfacet
  facet normal 0 0 -1
    outer loop
      vertex 83.1314 43.3686 0
      vertex 89 46.5 0
      vertex 83.1314 26.6314 0
    endloop
  endfacet
  facet normal 0 0 -1
    outer loop
      vertex 89 46.5 0
      vertex 83.1314 43.3686 0
      vertex 83.4782 43.8877 0
    endloop
  endfacet
  facet normal 0 0 -1
    outer loop
      vertex 82.6123 26.9782 0
      vertex 83.1314 43.3686 0
      vertex 83.1314 26.6314 0
    endloop
  endfacet
  facet normal 0 0 -1
    outer loop
      vertex 82.6123 26.9782 0
      vertex 82.6123 43.0218 0
      vertex 83.1314 43.3686 0
    endloop
  endfacet
  facet normal 0 0 -1
    outer loop
      vertex 82 27.1 0
      vertex 82.6123 43.0218 0
      vertex 82.6123 26.9782 0
    endloop
  endfacet
  facet normal 0 0 -1
    outer loop
      vertex 82 27.1 0
      vertex 82 42.9 0
      vertex 82.6123 43.0218 0
    endloop
  endfacet
  facet normal 0 0 -1
    outer loop
      vertex 79 28.5 0
      vertex 82 27.1 0
      vertex 81.3877 26.9782 0
    endloop
  endfacet
  facet normal 0 0 -1
    outer loop
      vertex 82 27.1 0
      vertex 79 28.5 0
      vertex 82 42.9 0
    endloop
  endfacet
  facet normal 0 0 -1
    outer loop
      vertex 79 28.5 0
      vertex 81.3877 26.9782 0
      vertex 80.8686 26.6314 0
    endloop
  endfacet
  facet normal 0 0 -1
    outer loop
      vertex 79 41.5 0
      vertex 82 42.9 0
      vertex 79 28.5 0
    endloop
  endfacet
  facet normal 0 0 -1
    outer loop
      vertex 79 28.5 0
      vertex 80.8686 26.6314 0
      vertex 80.5218 26.1123 0
    endloop
  endfacet
  facet normal -0 0 -1
    outer loop
      vertex 82 42.9 0
      vertex 79 41.5 0
      vertex 81.3877 43.0218 0
    endloop
  endfacet
  facet normal 0 0 -1
    outer loop
      vertex 79 28.5 0
      vertex 80.5218 26.1123 0
      vertex 80.4 25.5 0
    endloop
  endfacet
  facet normal -0 0 -1
    outer loop
      vertex 81.3877 43.0218 0
      vertex 79 41.5 0
      vertex 80.8686 43.3686 0
    endloop
  endfacet
  facet normal 0 0 -1
    outer loop
      vertex 133.478 61.3877 0
      vertex 140 70 0
      vertex 133.478 8.61229 0
    endloop
  endfacet
  facet normal 0 0 -1
    outer loop
      vertex 140 70 0
      vertex 133.478 61.3877 0
      vertex 133.6 62 0
    endloop
  endfacet
  facet normal 0 0 -1
    outer loop
      vertex 133.131 9.13137 0
      vertex 133.478 61.3877 0
      vertex 133.478 8.61229 0
    endloop
  endfacet
  facet normal 0 0 -1
    outer loop
      vertex 133.131 9.13137 0
      vertex 133.131 60.8686 0
      vertex 133.478 61.3877 0
    endloop
  endfacet
  facet normal 0 0 -1
    outer loop
      vertex 132.612 9.47821 0
      vertex 133.131 60.8686 0
      vertex 133.131 9.13137 0
    endloop
  endfacet
  facet normal 0 0 -1
    outer loop
      vertex 132.612 9.47821 0
      vertex 132.612 60.5218 0
      vertex 133.131 60.8686 0
    endloop
  endfacet
  facet normal 0 0 -1
    outer loop
      vertex 132 9.6 0
      vertex 132.612 60.5218 0
      vertex 132.612 9.47821 0
    endloop
  endfacet
  facet normal 0 0 -1
    outer loop
      vertex 132 9.6 0
      vertex 132 60.4 0
      vertex 132.612 60.5218 0
    endloop
  endfacet
  facet normal 0 0 -1
    outer loop
      vertex 108 32 0
      vertex 132 9.6 0
      vertex 131.388 9.47821 0
    endloop
  endfacet
  facet normal 0 0 -1
    outer loop
      vertex 132 9.6 0
      vertex 108 32 0
      vertex 132 60.4 0
    endloop
  endfacet
  facet normal 0 0 -1
    outer loop
      vertex 108 32 0
      vertex 131.388 9.47821 0
      vertex 130.869 9.13137 0
    endloop
  endfacet
  facet normal 0 0 -1
    outer loop
      vertex 108 38 0
      vertex 132 60.4 0
      vertex 108 32 0
    endloop
  endfacet
  facet normal 0 0 -1
    outer loop
      vertex 108 32 0
      vertex 130.869 9.13137 0
      vertex 130.522 8.61229 0
    endloop
  endfacet
  facet normal -0 0 -1
    outer loop
      vertex 132 60.4 0
      vertex 108 38 0
      vertex 131.388 60.5218 0
    endloop
  endfacet
  facet normal 0 0 -1
    outer loop
      vertex 101 23.5 0
      vertex 130.522 8.61229 0
      vertex 130.4 8 0
    endloop
  endfacet
  facet normal -0 0 -1
    outer loop
      vertex 131.388 60.5218 0
      vertex 108 38 0
      vertex 130.869 60.8686 0
    endloop
  endfacet
  facet normal 0 0 -1
    outer loop
      vertex 133.478 8.61229 0
      vertex 140 0 0
      vertex 133.6 8 0
    endloop
  endfacet
  facet normal 0 0 -1
    outer loop
      vertex 140 0 0
      vertex 133.478 7.38771 0
      vertex 133.6 8 0
    endloop
  endfacet
  facet normal 0 0 -1
    outer loop
      vertex 140 0 0
      vertex 133.131 6.86863 0
      vertex 133.478 7.38771 0
    endloop
  endfacet
  facet normal 0 0 -1
    outer loop
      vertex 140 0 0
      vertex 132.612 6.52179 0
      vertex 133.131 6.86863 0
    endloop
  endfacet
  facet normal 0 0 -1
    outer loop
      vertex 140 0 0
      vertex 132 6.4 0
      vertex 132.612 6.52179 0
    endloop
  endfacet
  facet normal 0 0 -1
    outer loop
      vertex 140 0 0
      vertex 131.388 6.52179 0
      vertex 132 6.4 0
    endloop
  endfacet
  facet normal 0 0 -1
    outer loop
      vertex 70.6123 6.52179 0
      vertex 131.388 6.52179 0
      vertex 140 0 0
    endloop
  endfacet
  facet normal -0 0 -1
    outer loop
      vertex 130.869 60.8686 0
      vertex 108 38 0
      vertex 130.522 61.3877 0
    endloop
  endfacet
  facet normal 0 0 -1
    outer loop
      vertex 101 23.5 0
      vertex 130.4 8 0
      vertex 130.522 7.38771 0
    endloop
  endfacet
  facet normal 0 0 -1
    outer loop
      vertex 71.4782 7.38771 0
      vertex 130.522 7.38771 0
      vertex 130.869 6.86863 0
    endloop
  endfacet
  facet normal 0 0 -1
    outer loop
      vertex 130.522 8.61229 0
      vertex 101 23.5 0
      vertex 108 32 0
    endloop
  endfacet
  facet normal -0 0 -1
    outer loop
      vertex 105 32 0
      vertex 101 23.5 0
      vertex 105 38 0
    endloop
  endfacet
  facet normal -0 0 -1
    outer loop
      vertex 108 32 0
      vertex 101 23.5 0
      vertex 105 32 0
    endloop
  endfacet
  facet normal 0 0 -1
    outer loop
      vertex 131.388 6.52179 0
      vertex 70.6123 6.52179 0
      vertex 130.869 6.86863 0
    endloop
  endfacet
  facet normal 0 -0 -1
    outer loop
      vertex 71.4782 7.38771 0
      vertex 130.869 6.86863 0
      vertex 71.1314 6.86863 0
    endloop
  endfacet
  facet normal -0 0 -1
    outer loop
      vertex 101 23.5 0
      vertex 95.7778 23.2222 0
      vertex 95.9634 23.5 0
    endloop
  endfacet
  facet normal 0 0 -1
    outer loop
      vertex 101 23.5 0
      vertex 95.421 22.9837 0
      vertex 95.7778 23.2222 0
    endloop
  endfacet
  facet normal 0 0 -1
    outer loop
      vertex 130.522 7.38771 0
      vertex 95 22.9 0
      vertex 101 23.5 0
    endloop
  endfacet
  facet normal 0 0 -1
    outer loop
      vertex 101 23.5 0
      vertex 95 22.9 0
      vertex 95.421 22.9837 0
    endloop
  endfacet
  facet normal 0 0 -1
    outer loop
      vertex 94.2222 23.2222 0
      vertex 89 23.5 0
      vertex 94.0366 23.5 0
    endloop
  endfacet
  facet normal 0 0 -1
    outer loop
      vertex 94.579 22.9837 0
      vertex 89 23.5 0
      vertex 94.2222 23.2222 0
    endloop
  endfacet
  facet normal 0 0 -1
    outer loop
      vertex 130.522 7.38771 0
      vertex 71.4782 7.38771 0
      vertex 95 22.9 0
    endloop
  endfacet
  facet normal 0 0 -1
    outer loop
      vertex 83.4782 26.1123 0
      vertex 89 23.5 0
      vertex 83.6 25.5 0
    endloop
  endfacet
  facet normal 0 -0 -1
    outer loop
      vertex 71.6 8 0
      vertex 94.579 22.9837 0
      vertex 71.4782 7.38771 0
    endloop
  endfacet
  facet normal 0 0 -1
    outer loop
      vertex 89 23.5 0
      vertex 83.4782 24.8877 0
      vertex 83.6 25.5 0
    endloop
  endfacet
  facet normal 0 0 -1
    outer loop
      vertex 89 23.5 0
      vertex 83.1314 24.3686 0
      vertex 83.4782 24.8877 0
    endloop
  endfacet
  facet normal -0 0 -1
    outer loop
      vertex 94.579 22.9837 0
      vertex 71.6 8 0
      vertex 89 23.5 0
    endloop
  endfacet
  facet normal 0 0 -1
    outer loop
      vertex 89 23.5 0
      vertex 82.6123 24.0218 0
      vertex 83.1314 24.3686 0
    endloop
  endfacet
  facet normal 0 -0 -1
    outer loop
      vertex 82 23.9 0
      vertex 89 23.5 0
      vertex 71.6 8 0
    endloop
  endfacet
  facet normal -0 0 -1
    outer loop
      vertex 80.8686 43.3686 0
      vertex 79 41.5 0
      vertex 80.5218 43.8877 0
    endloop
  endfacet
  facet normal 0 0 -1
    outer loop
      vertex 80.5218 24.8877 0
      vertex 79 28.5 0
      vertex 80.4 25.5 0
    endloop
  endfacet
  facet normal -0 0 -1
    outer loop
      vertex 81.3877 24.0218 0
      vertex 71.1314 9.13137 0
      vertex 80.8686 24.3686 0
    endloop
  endfacet
  facet normal 0 0 -1
    outer loop
      vertex 71.1314 9.13137 0
      vertex 81.3877 24.0218 0
      vertex 71.4782 8.61229 0
    endloop
  endfacet
  facet normal -0 0 -1
    outer loop
      vertex 82 23.9 0
      vertex 71.4782 8.61229 0
      vertex 81.3877 24.0218 0
    endloop
  endfacet
  facet normal 0 0 -1
    outer loop
      vertex 89 23.5 0
      vertex 82 23.9 0
      vertex 82.6123 24.0218 0
    endloop
  endfacet
  facet normal 0 0 -1
    outer loop
      vertex 71.4782 8.61229 0
      vertex 82 23.9 0
      vertex 71.6 8 0
    endloop
  endfacet
  facet normal -0 0 -1
    outer loop
      vertex 95 22.9 0
      vertex 71.4782 7.38771 0
      vertex 94.579 22.9837 0
    endloop
  endfacet
  facet normal -0 0 -1
    outer loop
      vertex 130.869 6.86863 0
      vertex 70.6123 6.52179 0
      vertex 71.1314 6.86863 0
    endloop
  endfacet
  facet normal 0 0 -1
    outer loop
      vertex 140 0 0
      vertex 70 6.4 0
      vertex 70.6123 6.52179 0
    endloop
  endfacet
  facet normal 0 0 -1
    outer loop
      vertex 64.4782 26.1123 0
      vertex 66 28.5 0
      vertex 64.6 25.5 0
    endloop
  endfacet
  facet normal -0 0 -1
    outer loop
      vertex 79 28.5 0
      vertex 64.6 25.5 0
      vertex 66 28.5 0
    endloop
  endfacet
  facet normal 0 0 -1
    outer loop
      vertex 47 21 0
      vertex 68.4 8 0
      vertex 68.5218 7.38771 0
    endloop
  endfacet
  facet normal 0 0 -1
    outer loop
      vertex 68.5218 8.61229 0
      vertex 64.4782 24.8877 0
      vertex 64.6 25.5 0
    endloop
  endfacet
  facet normal 0 0 -1
    outer loop
      vertex 68.5218 8.61229 0
      vertex 64.1314 24.3686 0
      vertex 64.4782 24.8877 0
    endloop
  endfacet
  facet normal 0 0 -1
    outer loop
      vertex 68.5218 8.61229 0
      vertex 63.6123 24.0218 0
      vertex 64.1314 24.3686 0
    endloop
  endfacet
  facet normal 0 0 -1
    outer loop
      vertex 68.5218 8.61229 0
      vertex 63 23.9 0
      vertex 63.6123 24.0218 0
    endloop
  endfacet
  facet normal 0 0 -1
    outer loop
      vertex 68.5218 8.61229 0
      vertex 62.3877 24.0218 0
      vertex 63 23.9 0
    endloop
  endfacet
  facet normal 0 0 -1
    outer loop
      vertex 68.5218 8.61229 0
      vertex 47 21 0
      vertex 62.3877 24.0218 0
    endloop
  endfacet
  facet normal -0 0 -1
    outer loop
      vertex 62.3877 24.0218 0
      vertex 47 21 0
      vertex 61.8686 24.3686 0
    endloop
  endfacet
  facet normal -0 0 -1
    outer loop
      vertex 61.8686 43.3686 0
      vertex 58 40 0
      vertex 61.5218 43.8877 0
    endloop
  endfacet
  facet normal 0 0 -1
    outer loop
      vertex 55 30 0
      vertex 61.4 25.5 0
      vertex 61.5218 24.8877 0
    endloop
  endfacet
  facet normal -0 0 -1
    outer loop
      vertex 61.8686 24.3686 0
      vertex 47 21 0
      vertex 61.5218 24.8877 0
    endloop
  endfacet
  facet normal 0 -0 -1
    outer loop
      vertex 55 30 0
      vertex 61.5218 24.8877 0
      vertex 47 21 0
    endloop
  endfacet
  facet normal -0 0 -1
    outer loop
      vertex 55 30 0
      vertex 47 21 0
      vertex 55 40 0
    endloop
  endfacet
  facet normal 0 0 -1
    outer loop
      vertex 61.4 25.5 0
      vertex 55 30 0
      vertex 58 30 0
    endloop
  endfacet
  facet normal 0 0 -1
    outer loop
      vertex 68.8686 6.86863 0
      vertex 47 21 0
      vertex 68.5218 7.38771 0
    endloop
  endfacet
  facet normal 0 0 -1
    outer loop
      vertex 9.13137 6.86863 0
      vertex 68.8686 6.86863 0
      vertex 69.3877 6.52179 0
    endloop
  endfacet
  facet normal 0 0 -1
    outer loop
      vertex 68.8686 6.86863 0
      vertex 9.13137 6.86863 0
      vertex 47 21 0
    endloop
  endfacet
  facet normal 0 0 -1
    outer loop
      vertex 0 0 0
      vertex 69.3877 6.52179 0
      vertex 70 6.4 0
    endloop
  endfacet
  facet normal 0 0 -1
    outer loop
      vertex 0 0 0
      vertex 70 6.4 0
      vertex 140 0 0
    endloop
  endfacet
  facet normal 0 0 -1
    outer loop
      vertex 47 21 0
      vertex 9.47821 7.38771 0
      vertex 9.6 8 0
    endloop
  endfacet
  facet normal 0 0 -1
    outer loop
      vertex 47 21 0
      vertex 9.13137 6.86863 0
      vertex 9.47821 7.38771 0
    endloop
  endfacet
  facet normal 0 0 -1
    outer loop
      vertex 69.3877 6.52179 0
      vertex 8.61229 6.52179 0
      vertex 9.13137 6.86863 0
    endloop
  endfacet
  facet normal -0 0 -1
    outer loop
      vertex 69.3877 6.52179 0
      vertex 0 0 0
      vertex 8.61229 6.52179 0
    endloop
  endfacet
  facet normal -0 0 -1
    outer loop
      vertex 5 21 0
      vertex 0 0 0
      vertex 5 49 0
    endloop
  endfacet
  facet normal -0 0 -1
    outer loop
      vertex 6.52179 8.61229 0
      vertex 0 0 0
      vertex 5 21 0
    endloop
  endfacet
  facet normal -0 0 -1
    outer loop
      vertex 6.52179 7.38771 0
      vertex 0 0 0
      vertex 6.4 8 0
    endloop
  endfacet
  facet normal -0 0 -1
    outer loop
      vertex 6.86863 6.86863 0
      vertex 0 0 0
      vertex 6.52179 7.38771 0
    endloop
  endfacet
  facet normal -0 0 -1
    outer loop
      vertex 7.38771 6.52179 0
      vertex 0 0 0
      vertex 6.86863 6.86863 0
    endloop
  endfacet
  facet normal -0 0 -1
    outer loop
      vertex 8 6.4 0
      vertex 0 0 0
      vertex 7.38771 6.52179 0
    endloop
  endfacet
  facet normal 0 0 -1
    outer loop
      vertex 8.61229 6.52179 0
      vertex 0 0 0
      vertex 8 6.4 0
    endloop
  endfacet
  facet normal 0 0 -1
    outer loop
      vertex 140 0 0
      vertex 133.478 8.61229 0
      vertex 140 70 0
    endloop
  endfacet
  facet normal 0 0 -1
    outer loop
      vertex 133.478 62.6123 0
      vertex 140 70 0
      vertex 133.6 62 0
    endloop
  endfacet
  facet normal 0 0 -1
    outer loop
      vertex 133.131 63.1314 0
      vertex 140 70 0
      vertex 133.478 62.6123 0
    endloop
  endfacet
  facet normal 0 0 -1
    outer loop
      vertex 132.612 63.4782 0
      vertex 140 70 0
      vertex 133.131 63.1314 0
    endloop
  endfacet
  facet normal 0 0 -1
    outer loop
      vertex 132 63.6 0
      vertex 140 70 0
      vertex 132.612 63.4782 0
    endloop
  endfacet
  facet normal 0 0 -1
    outer loop
      vertex 131.388 63.4782 0
      vertex 140 70 0
      vertex 132 63.6 0
    endloop
  endfacet
  facet normal 0 0 -1
    outer loop
      vertex 70.6123 63.4782 0
      vertex 131.388 63.4782 0
      vertex 130.869 63.1314 0
    endloop
  endfacet
  facet normal 0 0 -1
    outer loop
      vertex 101 46.5 0
      vertex 130.522 61.3877 0
      vertex 108 38 0
    endloop
  endfacet
  facet normal -0 0 -1
    outer loop
      vertex 130.522 61.3877 0
      vertex 101 46.5 0
      vertex 130.4 62 0
    endloop
  endfacet
  facet normal -0 0 -1
    outer loop
      vertex 130.4 62 0
      vertex 101 46.5 0
      vertex 130.522 62.6123 0
    endloop
  endfacet
  facet normal 0 0 -1
    outer loop
      vertex 101 46.5 0
      vertex 108 38 0
      vertex 105 38 0
    endloop
  endfacet
  facet normal 0 0 -1
    outer loop
      vertex 101 46.5 0
      vertex 105 38 0
      vertex 101 23.5 0
    endloop
  endfacet
  facet normal 0 0 -1
    outer loop
      vertex 95 47.1 0
      vertex 130.522 62.6123 0
      vertex 101 46.5 0
    endloop
  endfacet
  facet normal 0 0 -1
    outer loop
      vertex 71.4782 62.6123 0
      vertex 130.522 62.6123 0
      vertex 95 47.1 0
    endloop
  endfacet
  facet normal 0 0 -1
    outer loop
      vertex 95.7778 46.7778 0
      vertex 101 46.5 0
      vertex 95.9634 46.5 0
    endloop
  endfacet
  facet normal 0 0 -1
    outer loop
      vertex 95.421 47.0163 0
      vertex 101 46.5 0
      vertex 95.7778 46.7778 0
    endloop
  endfacet
  facet normal 0 0 -1
    outer loop
      vertex 95 47.1 0
      vertex 101 46.5 0
      vertex 95.421 47.0163 0
    endloop
  endfacet
  facet normal 0 0 -1
    outer loop
      vertex 130.522 62.6123 0
      vertex 71.4782 62.6123 0
      vertex 130.869 63.1314 0
    endloop
  endfacet
  facet normal 0 0 -1
    outer loop
      vertex 71.4782 62.6123 0
      vertex 95 47.1 0
      vertex 94.579 47.0163 0
    endloop
  endfacet
  facet normal 0 0 -1
    outer loop
      vertex 89 46.5 0
      vertex 94.2222 46.7778 0
      vertex 94.0366 46.5 0
    endloop
  endfacet
  facet normal 0 0 -1
    outer loop
      vertex 89 46.5 0
      vertex 94.579 47.0163 0
      vertex 94.2222 46.7778 0
    endloop
  endfacet
  facet normal 0 0 -1
    outer loop
      vertex 71.6 62 0
      vertex 94.579 47.0163 0
      vertex 89 46.5 0
    endloop
  endfacet
  facet normal 0 0 -1
    outer loop
      vertex 83.1314 26.6314 0
      vertex 89 23.5 0
      vertex 83.4782 26.1123 0
    endloop
  endfacet
  facet normal 0 0 -1
    outer loop
      vertex 83.4782 45.1123 0
      vertex 89 46.5 0
      vertex 83.6 44.5 0
    endloop
  endfacet
  facet normal 0 0 -1
    outer loop
      vertex 83.1314 45.6314 0
      vertex 89 46.5 0
      vertex 83.4782 45.1123 0
    endloop
  endfacet
  facet normal 0 0 -1
    outer loop
      vertex 82.6123 45.9782 0
      vertex 89 46.5 0
      vertex 83.1314 45.6314 0
    endloop
  endfacet
  facet normal 0 0 -1
    outer loop
      vertex 82 46.1 0
      vertex 89 46.5 0
      vertex 82.6123 45.9782 0
    endloop
  endfacet
  facet normal -0 0 -1
    outer loop
      vertex 89 46.5 0
      vertex 82 46.1 0
      vertex 71.6 62 0
    endloop
  endfacet
  facet normal 0 0 -1
    outer loop
      vertex 71.4782 61.3877 0
      vertex 82 46.1 0
      vertex 81.3877 45.9782 0
    endloop
  endfacet
  facet normal -0 0 -1
    outer loop
      vertex 80.5218 43.8877 0
      vertex 79 41.5 0
      vertex 80.4 44.5 0
    endloop
  endfacet
  facet normal 0 0 -1
    outer loop
      vertex 79 41.5 0
      vertex 80.5218 45.1123 0
      vertex 80.4 44.5 0
    endloop
  endfacet
  facet normal 0 0 -1
    outer loop
      vertex 64.4782 45.1123 0
      vertex 80.5218 45.1123 0
      vertex 79 41.5 0
    endloop
  endfacet
  facet normal 0 0 -1
    outer loop
      vertex 71.4782 61.3877 0
      vertex 80.8686 45.6314 0
      vertex 80.5218 45.1123 0
    endloop
  endfacet
  facet normal 0 0 -1
    outer loop
      vertex 71.4782 61.3877 0
      vertex 81.3877 45.9782 0
      vertex 80.8686 45.6314 0
    endloop
  endfacet
  facet normal 0 0 -1
    outer loop
      vertex 94.579 47.0163 0
      vertex 71.6 62 0
      vertex 71.4782 62.6123 0
    endloop
  endfacet
  facet normal -0 0 -1
    outer loop
      vertex 130.869 63.1314 0
      vertex 71.4782 62.6123 0
      vertex 71.1314 63.1314 0
    endloop
  endfacet
  facet normal 0 0 -1
    outer loop
      vertex 70.6123 63.4782 0
      vertex 130.869 63.1314 0
      vertex 71.1314 63.1314 0
    endloop
  endfacet
  facet normal 0 0 -1
    outer loop
      vertex 131.388 63.4782 0
      vertex 70.6123 63.4782 0
      vertex 140 70 0
    endloop
  endfacet
  facet normal 0 0 -1
    outer loop
      vertex 70 63.6 0
      vertex 140 70 0
      vertex 70.6123 63.4782 0
    endloop
  endfacet
  facet normal 0 0 -1
    outer loop
      vertex 64.1314 26.6314 0
      vertex 66 28.5 0
      vertex 64.4782 26.1123 0
    endloop
  endfacet
  facet normal 0 0 -1
    outer loop
      vertex 64.4782 45.1123 0
      vertex 66 41.5 0
      vertex 64.6 44.5 0
    endloop
  endfacet
  facet normal 0 0 -1
    outer loop
      vertex 63 46.1 0
      vertex 69.3877 60.5218 0
      vertex 63.6123 45.9782 0
    endloop
  endfacet
  facet normal -0 0 -1
    outer loop
      vertex 69.3877 60.5218 0
      vertex 63 46.1 0
      vertex 68.8686 60.8686 0
    endloop
  endfacet
  facet normal 0 0 -1
    outer loop
      vertex 62.3877 45.9782 0
      vertex 68.8686 60.8686 0
      vertex 63 46.1 0
    endloop
  endfacet
  facet normal -0 0 -1
    outer loop
      vertex 68.8686 60.8686 0
      vertex 62.3877 45.9782 0
      vertex 68.5218 61.3877 0
    endloop
  endfacet
  facet normal 0 0 -1
    outer loop
      vertex 47 49 0
      vertex 68.5218 61.3877 0
      vertex 62.3877 45.9782 0
    endloop
  endfacet
  facet normal -0 0 -1
    outer loop
      vertex 68.5218 61.3877 0
      vertex 47 49 0
      vertex 68.4 62 0
    endloop
  endfacet
  facet normal 0 0 -1
    outer loop
      vertex 47 49 0
      vertex 62.3877 45.9782 0
      vertex 61.8686 45.6314 0
    endloop
  endfacet
  facet normal 0 0 -1
    outer loop
      vertex 47 49 0
      vertex 61.8686 45.6314 0
      vertex 61.5218 45.1123 0
    endloop
  endfacet
  facet normal -0 0 -1
    outer loop
      vertex 61.5218 43.8877 0
      vertex 58 40 0
      vertex 61.4 44.5 0
    endloop
  endfacet
  facet normal 0 0 -1
    outer loop
      vertex 55 40 0
      vertex 61.4 44.5 0
      vertex 58 40 0
    endloop
  endfacet
  facet normal -0 0 -1
    outer loop
      vertex 61.4 44.5 0
      vertex 55 40 0
      vertex 61.5218 45.1123 0
    endloop
  endfacet
  facet normal -0 0 -1
    outer loop
      vertex 61.5218 45.1123 0
      vertex 55 40 0
      vertex 47 49 0
    endloop
  endfacet
  facet normal 0 0 -1
    outer loop
      vertex 47 49 0
      vertex 55 40 0
      vertex 47 21 0
    endloop
  endfacet
  facet normal -0 0 -1
    outer loop
      vertex 68.4 62 0
      vertex 47 49 0
      vertex 68.5218 62.6123 0
    endloop
  endfacet
  facet normal 0 0 -1
    outer loop
      vertex 47 49 0
      vertex 68.8686 63.1314 0
      vertex 68.5218 62.6123 0
    endloop
  endfacet
  facet normal 0 0 -1
    outer loop
      vertex 9.13137 63.1314 0
      vertex 68.8686 63.1314 0
      vertex 47 49 0
    endloop
  endfacet
  facet normal 0 0 -1
    outer loop
      vertex 9.47821 62.6123 0
      vertex 47 49 0
      vertex 9.6 62 0
    endloop
  endfacet
  facet normal 0 0 -1
    outer loop
      vertex 9.13137 63.1314 0
      vertex 47 49 0
      vertex 9.47821 62.6123 0
    endloop
  endfacet
  facet normal 0 0 -1
    outer loop
      vertex 68.8686 63.1314 0
      vertex 9.13137 63.1314 0
      vertex 69.3877 63.4782 0
    endloop
  endfacet
  facet normal 0 0 -1
    outer loop
      vertex 8.61229 63.4782 0
      vertex 69.3877 63.4782 0
      vertex 9.13137 63.1314 0
    endloop
  endfacet
  facet normal 0 0 -1
    outer loop
      vertex 0 70 0
      vertex 69.3877 63.4782 0
      vertex 8.61229 63.4782 0
    endloop
  endfacet
  facet normal 0 0 -1
    outer loop
      vertex 69.3877 63.4782 0
      vertex 0 70 0
      vertex 70 63.6 0
    endloop
  endfacet
  facet normal 0 0 -1
    outer loop
      vertex 0 70 0
      vertex 8.61229 63.4782 0
      vertex 8 63.6 0
    endloop
  endfacet
  facet normal 0 0 -1
    outer loop
      vertex 70 63.6 0
      vertex 0 70 0
      vertex 140 70 0
    endloop
  endfacet
  facet normal 0 0 -1
    outer loop
      vertex 7.38771 63.4782 0
      vertex 0 70 0
      vertex 8 63.6 0
    endloop
  endfacet
  facet normal 0 0 -1
    outer loop
      vertex 6.86863 63.1314 0
      vertex 0 70 0
      vertex 7.38771 63.4782 0
    endloop
  endfacet
  facet normal 0 0 -1
    outer loop
      vertex 6.52179 62.6123 0
      vertex 0 70 0
      vertex 6.86863 63.1314 0
    endloop
  endfacet
  facet normal 0 0 -1
    outer loop
      vertex 6.4 62 0
      vertex 0 70 0
      vertex 6.52179 62.6123 0
    endloop
  endfacet
  facet normal 0 0 -1
    outer loop
      vertex 6.52179 61.3877 0
      vertex 0 70 0
      vertex 6.4 62 0
    endloop
  endfacet
  facet normal 0 0 -1
    outer loop
      vertex 0 70 0
      vertex 5 49 0
      vertex 0 0 0
    endloop
  endfacet
  facet normal 0 0 -1
    outer loop
      vertex 70.6123 9.47821 0
      vertex 80.8686 24.3686 0
      vertex 71.1314 9.13137 0
    endloop
  endfacet
  facet normal -0 0 -1
    outer loop
      vertex 80.8686 24.3686 0
      vertex 70.6123 9.47821 0
      vertex 80.5218 24.8877 0
    endloop
  endfacet
  facet normal 0 0 -1
    outer loop
      vertex 64.6 25.5 0
      vertex 80.5218 24.8877 0
      vertex 70.6123 9.47821 0
    endloop
  endfacet
  facet normal 0 0 -1
    outer loop
      vertex 64.6 25.5 0
      vertex 70.6123 9.47821 0
      vertex 70 9.6 0
    endloop
  endfacet
  facet normal 0 0 -1
    outer loop
      vertex 64.6 25.5 0
      vertex 70 9.6 0
      vertex 69.3877 9.47821 0
    endloop
  endfacet
  facet normal 0 0 -1
    outer loop
      vertex 64.6 25.5 0
      vertex 69.3877 9.47821 0
      vertex 68.8686 9.13137 0
    endloop
  endfacet
  facet normal 0 0 -1
    outer loop
      vertex 64.6 25.5 0
      vertex 68.8686 9.13137 0
      vertex 68.5218 8.61229 0
    endloop
  endfacet
  facet normal 0 0 -1
    outer loop
      vertex 80.5218 24.8877 0
      vertex 64.6 25.5 0
      vertex 79 28.5 0
    endloop
  endfacet
  facet normal 0 0 -1
    outer loop
      vertex 47 21 0
      vertex 68.5218 8.61229 0
      vertex 68.4 8 0
    endloop
  endfacet
  facet normal -1 0 0
    outer loop
      vertex 0 0 0
      vertex 0 70 3
      vertex 0 70 0
    endloop
  endfacet
  facet normal -1 -0 0
    outer loop
      vertex 0 70 3
      vertex 0 0 0
      vertex 0 0 3
    endloop
  endfacet
  facet normal 0 1 -0
    outer loop
      vertex 140 70 0
      vertex 0 70 3
      vertex 140 70 3
    endloop
  endfacet
  facet normal 0 1 0
    outer loop
      vertex 0 70 3
      vertex 140 70 0
      vertex 0 70 0
    endloop
  endfacet
  facet normal 0 -1 0
    outer loop
      vertex 0 0 0
      vertex 140 0 3
      vertex 0 0 3
    endloop
  endfacet
  facet normal 0 -1 -0
    outer loop
      vertex 140 0 3
      vertex 0 0 0
      vertex 140 0 0
    endloop
  endfacet
  facet normal 0.290451 -0.95689 0
    outer loop
      vertex 10.5853 21.0576 4
      vertex 11.148 21.2284 6
      vertex 10.5853 21.0576 6
    endloop
  endfacet
  facet normal 0.290451 -0.95689 0
    outer loop
      vertex 11.148 21.2284 6
      vertex 10.5853 21.0576 4
      vertex 11.148 21.2284 4
    endloop
  endfacet
  facet normal 0.95689 0.290451 0
    outer loop
      vertex 12.9424 24.5853 6
      vertex 12.7716 25.148 4
      vertex 12.7716 25.148 6
    endloop
  endfacet
  facet normal 0.95689 0.290451 0
    outer loop
      vertex 12.7716 25.148 4
      vertex 12.9424 24.5853 6
      vertex 12.9424 24.5853 4
    endloop
  endfacet
  facet normal 0.995193 0.097938 0
    outer loop
      vertex 13 24 6
      vertex 12.9424 24.5853 4
      vertex 12.9424 24.5853 6
    endloop
  endfacet
  facet normal 0.995193 0.097938 0
    outer loop
      vertex 12.9424 24.5853 4
      vertex 13 24 6
      vertex 13 24 4
    endloop
  endfacet
  facet normal 0.881957 0.471329 0
    outer loop
      vertex 12.7716 25.148 6
      vertex 12.4944 25.6667 4
      vertex 12.4944 25.6667 6
    endloop
  endfacet
  facet normal 0.881957 0.471329 0
    outer loop
      vertex 12.4944 25.6667 4
      vertex 12.7716 25.148 6
      vertex 12.7716 25.148 4
    endloop
  endfacet
  facet normal -0.881898 -0.47144 0
    outer loop
      vertex 7.50559 22.3333 4
      vertex 7.22836 22.8519 6
      vertex 7.22836 22.8519 4
    endloop
  endfacet
  facet normal -0.881898 -0.47144 0
    outer loop
      vertex 7.22836 22.8519 6
      vertex 7.50559 22.3333 4
      vertex 7.50559 22.3333 6
    endloop
  endfacet
  facet normal 0.290451 0.95689 -0
    outer loop
      vertex 11.148 26.7716 4
      vertex 10.5853 26.9424 6
      vertex 11.148 26.7716 6
    endloop
  endfacet
  facet normal 0.290451 0.95689 0
    outer loop
      vertex 10.5853 26.9424 6
      vertex 11.148 26.7716 4
      vertex 10.5853 26.9424 4
    endloop
  endfacet
  facet normal -0.0979429 0.995192 0
    outer loop
      vertex 10 27 4
      vertex 9.41473 26.9424 6
      vertex 10 27 6
    endloop
  endfacet
  facet normal -0.0979429 0.995192 0
    outer loop
      vertex 9.41473 26.9424 6
      vertex 10 27 4
      vertex 9.41473 26.9424 4
    endloop
  endfacet
  facet normal -0.471358 -0.881942 0
    outer loop
      vertex 8.33329 21.5056 4
      vertex 8.85195 21.2284 6
      vertex 8.33329 21.5056 6
    endloop
  endfacet
  facet normal -0.471358 -0.881942 -0
    outer loop
      vertex 8.85195 21.2284 6
      vertex 8.33329 21.5056 4
      vertex 8.85195 21.2284 4
    endloop
  endfacet
  facet normal -0.471358 0.881942 0
    outer loop
      vertex 8.85195 26.7716 4
      vertex 8.33329 26.4944 6
      vertex 8.85195 26.7716 6
    endloop
  endfacet
  facet normal -0.471358 0.881942 0
    outer loop
      vertex 8.33329 26.4944 6
      vertex 8.85195 26.7716 4
      vertex 8.33329 26.4944 4
    endloop
  endfacet
  facet normal 0.471329 -0.881957 0
    outer loop
      vertex 11.148 21.2284 4
      vertex 11.6667 21.5056 6
      vertex 11.148 21.2284 6
    endloop
  endfacet
  facet normal 0.471329 -0.881957 0
    outer loop
      vertex 11.6667 21.5056 6
      vertex 11.148 21.2284 4
      vertex 11.6667 21.5056 4
    endloop
  endfacet
  facet normal -0.773003 0.634403 0
    outer loop
      vertex 7.50559 25.6667 4
      vertex 7.87868 26.1213 6
      vertex 7.87868 26.1213 4
    endloop
  endfacet
  facet normal -0.773003 0.634403 0
    outer loop
      vertex 7.87868 26.1213 6
      vertex 7.50559 25.6667 4
      vertex 7.50559 25.6667 6
    endloop
  endfacet
  facet normal 0.772994 0.634413 0
    outer loop
      vertex 12.4944 25.6667 6
      vertex 12.1213 26.1213 4
      vertex 12.1213 26.1213 6
    endloop
  endfacet
  facet normal 0.772994 0.634413 0
    outer loop
      vertex 12.1213 26.1213 4
      vertex 12.4944 25.6667 6
      vertex 12.4944 25.6667 4
    endloop
  endfacet
  facet normal 0.772994 -0.634413 0
    outer loop
      vertex 12.1213 21.8787 6
      vertex 12.4944 22.3333 4
      vertex 12.4944 22.3333 6
    endloop
  endfacet
  facet normal 0.772994 -0.634413 0
    outer loop
      vertex 12.4944 22.3333 4
      vertex 12.1213 21.8787 6
      vertex 12.1213 21.8787 4
    endloop
  endfacet
  facet normal -0.0979429 -0.995192 0
    outer loop
      vertex 9.41473 21.0576 4
      vertex 10 21 6
      vertex 9.41473 21.0576 6
    endloop
  endfacet
  facet normal -0.0979429 -0.995192 -0
    outer loop
      vertex 10 21 6
      vertex 9.41473 21.0576 4
      vertex 10 21 4
    endloop
  endfacet
  facet normal -0.290413 0.956901 0
    outer loop
      vertex 9.41473 26.9424 4
      vertex 8.85195 26.7716 6
      vertex 9.41473 26.9424 6
    endloop
  endfacet
  facet normal -0.290413 0.956901 0
    outer loop
      vertex 8.85195 26.7716 6
      vertex 9.41473 26.9424 4
      vertex 8.85195 26.7716 4
    endloop
  endfacet
  facet normal 0.634413 -0.772994 0
    outer loop
      vertex 11.6667 21.5056 4
      vertex 12.1213 21.8787 6
      vertex 11.6667 21.5056 6
    endloop
  endfacet
  facet normal 0.634413 -0.772994 0
    outer loop
      vertex 12.1213 21.8787 6
      vertex 11.6667 21.5056 4
      vertex 12.1213 21.8787 4
    endloop
  endfacet
  facet normal 0.995193 -0.097938 0
    outer loop
      vertex 12.9424 23.4147 6
      vertex 13 24 4
      vertex 13 24 6
    endloop
  endfacet
  facet normal 0.995193 -0.097938 0
    outer loop
      vertex 13 24 4
      vertex 12.9424 23.4147 6
      vertex 12.9424 23.4147 4
    endloop
  endfacet
  facet normal -0.290413 -0.956901 0
    outer loop
      vertex 8.85195 21.2284 4
      vertex 9.41473 21.0576 6
      vertex 8.85195 21.2284 6
    endloop
  endfacet
  facet normal -0.290413 -0.956901 -0
    outer loop
      vertex 9.41473 21.0576 6
      vertex 8.85195 21.2284 4
      vertex 9.41473 21.0576 4
    endloop
  endfacet
  facet normal 0 0 1
    outer loop
      vertex 11.25 24 6
      vertex 13 24 6
      vertex 12.9424 24.5853 6
    endloop
  endfacet
  facet normal 0 0 1
    outer loop
      vertex 11.1548 24.4784 6
      vertex 12.9424 24.5853 6
      vertex 12.7716 25.148 6
    endloop
  endfacet
  facet normal 0 0 1
    outer loop
      vertex 13 24 6
      vertex 11.25 24 6
      vertex 12.9424 23.4147 6
    endloop
  endfacet
  facet normal 0 0 1
    outer loop
      vertex 11.1548 24.4784 6
      vertex 12.7716 25.148 6
      vertex 12.4944 25.6667 6
    endloop
  endfacet
  facet normal -0 0 1
    outer loop
      vertex 11.1548 23.5216 6
      vertex 12.9424 23.4147 6
      vertex 11.25 24 6
    endloop
  endfacet
  facet normal 0 0 1
    outer loop
      vertex 10.8839 24.8839 6
      vertex 12.4944 25.6667 6
      vertex 12.1213 26.1213 6
    endloop
  endfacet
  facet normal 0 0 1
    outer loop
      vertex 12.9424 23.4147 6
      vertex 11.1548 23.5216 6
      vertex 12.7716 22.8519 6
    endloop
  endfacet
  facet normal 0 0 1
    outer loop
      vertex 10.8839 24.8839 6
      vertex 12.1213 26.1213 6
      vertex 11.6667 26.4944 6
    endloop
  endfacet
  facet normal 0 0 1
    outer loop
      vertex 12.7716 22.8519 6
      vertex 11.1548 23.5216 6
      vertex 12.4944 22.3333 6
    endloop
  endfacet
  facet normal -0 0 1
    outer loop
      vertex 10.8839 23.1161 6
      vertex 12.4944 22.3333 6
      vertex 11.1548 23.5216 6
    endloop
  endfacet
  facet normal 0 0 1
    outer loop
      vertex 12.9424 24.5853 6
      vertex 11.1548 24.4784 6
      vertex 11.25 24 6
    endloop
  endfacet
  facet normal 0 0 1
    outer loop
      vertex 10.4784 25.1549 6
      vertex 11.6667 26.4944 6
      vertex 11.148 26.7716 6
    endloop
  endfacet
  facet normal 0 0 1
    outer loop
      vertex 12.4944 25.6667 6
      vertex 10.8839 24.8839 6
      vertex 11.1548 24.4784 6
    endloop
  endfacet
  facet normal 0 0 1
    outer loop
      vertex 10.4784 25.1549 6
      vertex 11.148 26.7716 6
      vertex 10.5853 26.9424 6
    endloop
  endfacet
  facet normal 0 0 1
    outer loop
      vertex 11.6667 26.4944 6
      vertex 10.4784 25.1549 6
      vertex 10.8839 24.8839 6
    endloop
  endfacet
  facet normal 0 0 1
    outer loop
      vertex 10 25.25 6
      vertex 10.5853 26.9424 6
      vertex 10 27 6
    endloop
  endfacet
  facet normal 0 0 1
    outer loop
      vertex 10.5853 26.9424 6
      vertex 10 25.25 6
      vertex 10.4784 25.1549 6
    endloop
  endfacet
  facet normal -0 0 1
    outer loop
      vertex 9.41473 26.9424 6
      vertex 10 25.25 6
      vertex 10 27 6
    endloop
  endfacet
  facet normal 0 0 1
    outer loop
      vertex 10 25.25 6
      vertex 9.41473 26.9424 6
      vertex 9.52165 25.1549 6
    endloop
  endfacet
  facet normal -0 0 1
    outer loop
      vertex 8.85195 26.7716 6
      vertex 9.52165 25.1549 6
      vertex 9.41473 26.9424 6
    endloop
  endfacet
  facet normal -0 0 1
    outer loop
      vertex 8.33329 26.4944 6
      vertex 9.52165 25.1549 6
      vertex 8.85195 26.7716 6
    endloop
  endfacet
  facet normal 0 0 1
    outer loop
      vertex 9.52165 25.1549 6
      vertex 8.33329 26.4944 6
      vertex 9.11612 24.8839 6
    endloop
  endfacet
  facet normal -0 0 1
    outer loop
      vertex 7.87868 26.1213 6
      vertex 9.11612 24.8839 6
      vertex 8.33329 26.4944 6
    endloop
  endfacet
  facet normal -0 0 1
    outer loop
      vertex 7.50559 25.6667 6
      vertex 9.11612 24.8839 6
      vertex 7.87868 26.1213 6
    endloop
  endfacet
  facet normal 0 0 1
    outer loop
      vertex 12.4944 22.3333 6
      vertex 10.8839 23.1161 6
      vertex 12.1213 21.8787 6
    endloop
  endfacet
  facet normal 0 0 1
    outer loop
      vertex 12.1213 21.8787 6
      vertex 10.8839 23.1161 6
      vertex 11.6667 21.5056 6
    endloop
  endfacet
  facet normal -0 0 1
    outer loop
      vertex 10.4784 22.8451 6
      vertex 11.6667 21.5056 6
      vertex 10.8839 23.1161 6
    endloop
  endfacet
  facet normal 0 0 1
    outer loop
      vertex 11.6667 21.5056 6
      vertex 10.4784 22.8451 6
      vertex 11.148 21.2284 6
    endloop
  endfacet
  facet normal 0 0 1
    outer loop
      vertex 11.148 21.2284 6
      vertex 10.4784 22.8451 6
      vertex 10.5853 21.0576 6
    endloop
  endfacet
  facet normal -0 0 1
    outer loop
      vertex 10 22.75 6
      vertex 10.5853 21.0576 6
      vertex 10.4784 22.8451 6
    endloop
  endfacet
  facet normal 0 0 1
    outer loop
      vertex 10 22.75 6
      vertex 10 21 6
      vertex 10.5853 21.0576 6
    endloop
  endfacet
  facet normal 0 0 1
    outer loop
      vertex 9.41473 21.0576 6
      vertex 10 22.75 6
      vertex 9.52165 22.8451 6
    endloop
  endfacet
  facet normal 0 0 1
    outer loop
      vertex 10 22.75 6
      vertex 9.41473 21.0576 6
      vertex 10 21 6
    endloop
  endfacet
  facet normal 0 0 1
    outer loop
      vertex 8.33329 21.5056 6
      vertex 9.52165 22.8451 6
      vertex 9.11612 23.1161 6
    endloop
  endfacet
  facet normal 0 0 1
    outer loop
      vertex 9.52165 22.8451 6
      vertex 8.85195 21.2284 6
      vertex 9.41473 21.0576 6
    endloop
  endfacet
  facet normal 0 0 1
    outer loop
      vertex 7.50559 22.3333 6
      vertex 9.11612 23.1161 6
      vertex 8.84515 23.5216 6
    endloop
  endfacet
  facet normal 0 0 1
    outer loop
      vertex 7.05764 23.4147 6
      vertex 8.84515 23.5216 6
      vertex 8.75 24 6
    endloop
  endfacet
  facet normal 0 0 1
    outer loop
      vertex 9.11612 24.8839 6
      vertex 7.50559 25.6667 6
      vertex 8.84515 24.4784 6
    endloop
  endfacet
  facet normal 0 0 1
    outer loop
      vertex 9.52165 22.8451 6
      vertex 8.33329 21.5056 6
      vertex 8.85195 21.2284 6
    endloop
  endfacet
  facet normal -0 0 1
    outer loop
      vertex 7.22836 25.148 6
      vertex 8.84515 24.4784 6
      vertex 7.50559 25.6667 6
    endloop
  endfacet
  facet normal 0 0 1
    outer loop
      vertex 9.11612 23.1161 6
      vertex 7.87868 21.8787 6
      vertex 8.33329 21.5056 6
    endloop
  endfacet
  facet normal -0 0 1
    outer loop
      vertex 7.05764 24.5853 6
      vertex 8.84515 24.4784 6
      vertex 7.22836 25.148 6
    endloop
  endfacet
  facet normal 0 0 1
    outer loop
      vertex 9.11612 23.1161 6
      vertex 7.50559 22.3333 6
      vertex 7.87868 21.8787 6
    endloop
  endfacet
  facet normal 0 0 1
    outer loop
      vertex 8.84515 24.4784 6
      vertex 7.05764 24.5853 6
      vertex 8.75 24 6
    endloop
  endfacet
  facet normal 0 0 1
    outer loop
      vertex 8.84515 23.5216 6
      vertex 7.22836 22.8519 6
      vertex 7.50559 22.3333 6
    endloop
  endfacet
  facet normal 0 0 1
    outer loop
      vertex 7 24 6
      vertex 8.75 24 6
      vertex 7.05764 24.5853 6
    endloop
  endfacet
  facet normal 0 0 1
    outer loop
      vertex 8.84515 23.5216 6
      vertex 7.05764 23.4147 6
      vertex 7.22836 22.8519 6
    endloop
  endfacet
  facet normal 0 0 1
    outer loop
      vertex 8.75 24 6
      vertex 7 24 6
      vertex 7.05764 23.4147 6
    endloop
  endfacet
  facet normal 0.956904 -0.290404 0
    outer loop
      vertex 12.7716 22.8519 6
      vertex 12.9424 23.4147 4
      vertex 12.9424 23.4147 6
    endloop
  endfacet
  facet normal 0.956904 -0.290404 0
    outer loop
      vertex 12.9424 23.4147 4
      vertex 12.7716 22.8519 6
      vertex 12.7716 22.8519 4
    endloop
  endfacet
  facet normal -0.956942 -0.290279 0
    outer loop
      vertex 7.22836 22.8519 4
      vertex 7.05764 23.4147 6
      vertex 7.05764 23.4147 4
    endloop
  endfacet
  facet normal -0.956942 -0.290279 0
    outer loop
      vertex 7.05764 23.4147 6
      vertex 7.22836 22.8519 4
      vertex 7.22836 22.8519 6
    endloop
  endfacet
  facet normal 0.881919 -0.4714 0
    outer loop
      vertex 12.4944 22.3333 6
      vertex 12.7716 22.8519 4
      vertex 12.7716 22.8519 6
    endloop
  endfacet
  facet normal 0.881919 -0.4714 0
    outer loop
      vertex 12.7716 22.8519 4
      vertex 12.4944 22.3333 6
      vertex 12.4944 22.3333 4
    endloop
  endfacet
  facet normal -0.995186 0.0980053 0
    outer loop
      vertex 7 24 4
      vertex 7.05764 24.5853 6
      vertex 7.05764 24.5853 4
    endloop
  endfacet
  facet normal -0.995186 0.0980053 0
    outer loop
      vertex 7.05764 24.5853 6
      vertex 7 24 4
      vertex 7 24 6
    endloop
  endfacet
  facet normal 0.097938 0.995193 -0
    outer loop
      vertex 10.5853 26.9424 4
      vertex 10 27 6
      vertex 10.5853 26.9424 6
    endloop
  endfacet
  facet normal 0.097938 0.995193 0
    outer loop
      vertex 10 27 6
      vertex 10.5853 26.9424 4
      vertex 10 27 4
    endloop
  endfacet
  facet normal -0.634405 0.773001 0
    outer loop
      vertex 8.33329 26.4944 4
      vertex 7.87868 26.1213 6
      vertex 8.33329 26.4944 6
    endloop
  endfacet
  facet normal -0.634405 0.773001 0
    outer loop
      vertex 7.87868 26.1213 6
      vertex 8.33329 26.4944 4
      vertex 7.87868 26.1213 4
    endloop
  endfacet
  facet normal 0.634413 0.772994 -0
    outer loop
      vertex 12.1213 26.1213 4
      vertex 11.6667 26.4944 6
      vertex 12.1213 26.1213 6
    endloop
  endfacet
  facet normal 0.634413 0.772994 0
    outer loop
      vertex 11.6667 26.4944 6
      vertex 12.1213 26.1213 4
      vertex 11.6667 26.4944 4
    endloop
  endfacet
  facet normal 0.097938 -0.995193 0
    outer loop
      vertex 10 21 4
      vertex 10.5853 21.0576 6
      vertex 10 21 6
    endloop
  endfacet
  facet normal 0.097938 -0.995193 0
    outer loop
      vertex 10.5853 21.0576 6
      vertex 10 21 4
      vertex 10.5853 21.0576 4
    endloop
  endfacet
  facet normal 0.471329 0.881957 -0
    outer loop
      vertex 11.6667 26.4944 4
      vertex 11.148 26.7716 6
      vertex 11.6667 26.4944 6
    endloop
  endfacet
  facet normal 0.471329 0.881957 0
    outer loop
      vertex 11.148 26.7716 6
      vertex 11.6667 26.4944 4
      vertex 11.148 26.7716 4
    endloop
  endfacet
  facet normal -0.773003 -0.634403 0
    outer loop
      vertex 7.87868 21.8787 4
      vertex 7.50559 22.3333 6
      vertex 7.50559 22.3333 4
    endloop
  endfacet
  facet normal -0.773003 -0.634403 0
    outer loop
      vertex 7.50559 22.3333 6
      vertex 7.87868 21.8787 4
      vertex 7.87868 21.8787 6
    endloop
  endfacet
  facet normal -0.634405 -0.773001 0
    outer loop
      vertex 7.87868 21.8787 4
      vertex 8.33329 21.5056 6
      vertex 7.87868 21.8787 6
    endloop
  endfacet
  facet normal -0.634405 -0.773001 -0
    outer loop
      vertex 8.33329 21.5056 6
      vertex 7.87868 21.8787 4
      vertex 8.33329 21.5056 4
    endloop
  endfacet
  facet normal -0.956928 0.290326 0
    outer loop
      vertex 7.05764 24.5853 4
      vertex 7.22836 25.148 6
      vertex 7.22836 25.148 4
    endloop
  endfacet
  facet normal -0.956928 0.290326 0
    outer loop
      vertex 7.22836 25.148 6
      vertex 7.05764 24.5853 4
      vertex 7.05764 24.5853 6
    endloop
  endfacet
  facet normal -0.881936 0.471369 0
    outer loop
      vertex 7.22836 25.148 4
      vertex 7.50559 25.6667 6
      vertex 7.50559 25.6667 4
    endloop
  endfacet
  facet normal -0.881936 0.471369 0
    outer loop
      vertex 7.50559 25.6667 6
      vertex 7.22836 25.148 4
      vertex 7.22836 25.148 6
    endloop
  endfacet
  facet normal -0.995186 -0.0980053 0
    outer loop
      vertex 7.05764 23.4147 4
      vertex 7 24 6
      vertex 7 24 4
    endloop
  endfacet
  facet normal -0.995186 -0.0980053 0
    outer loop
      vertex 7 24 6
      vertex 7.05764 23.4147 4
      vertex 7.05764 23.4147 6
    endloop
  endfacet
  facet normal 0.290451 -0.95689 0
    outer loop
      vertex 42.5853 21.0576 4
      vertex 43.148 21.2284 6
      vertex 42.5853 21.0576 6
    endloop
  endfacet
  facet normal 0.290451 -0.95689 0
    outer loop
      vertex 43.148 21.2284 6
      vertex 42.5853 21.0576 4
      vertex 43.148 21.2284 4
    endloop
  endfacet
  facet normal 0.95689 0.290451 0
    outer loop
      vertex 44.9424 24.5853 6
      vertex 44.7716 25.148 4
      vertex 44.7716 25.148 6
    endloop
  endfacet
  facet normal 0.95689 0.290451 0
    outer loop
      vertex 44.7716 25.148 4
      vertex 44.9424 24.5853 6
      vertex 44.9424 24.5853 4
    endloop
  endfacet
  facet normal 0.995193 0.097938 0
    outer loop
      vertex 45 24 6
      vertex 44.9424 24.5853 4
      vertex 44.9424 24.5853 6
    endloop
  endfacet
  facet normal 0.995193 0.097938 0
    outer loop
      vertex 44.9424 24.5853 4
      vertex 45 24 6
      vertex 45 24 4
    endloop
  endfacet
  facet normal 0.881957 0.471329 0
    outer loop
      vertex 44.7716 25.148 6
      vertex 44.4944 25.6667 4
      vertex 44.4944 25.6667 6
    endloop
  endfacet
  facet normal 0.881957 0.471329 0
    outer loop
      vertex 44.4944 25.6667 4
      vertex 44.7716 25.148 6
      vertex 44.7716 25.148 4
    endloop
  endfacet
  facet normal -0.881919 -0.4714 0
    outer loop
      vertex 39.5056 22.3333 4
      vertex 39.2284 22.8519 6
      vertex 39.2284 22.8519 4
    endloop
  endfacet
  facet normal -0.881919 -0.4714 0
    outer loop
      vertex 39.2284 22.8519 6
      vertex 39.5056 22.3333 4
      vertex 39.5056 22.3333 6
    endloop
  endfacet
  facet normal 0.290451 0.95689 -0
    outer loop
      vertex 43.148 26.7716 4
      vertex 42.5853 26.9424 6
      vertex 43.148 26.7716 6
    endloop
  endfacet
  facet normal 0.290451 0.95689 0
    outer loop
      vertex 42.5853 26.9424 6
      vertex 43.148 26.7716 4
      vertex 42.5853 26.9424 4
    endloop
  endfacet
  facet normal -0.097938 0.995193 0
    outer loop
      vertex 42 27 4
      vertex 41.4147 26.9424 6
      vertex 42 27 6
    endloop
  endfacet
  facet normal -0.097938 0.995193 0
    outer loop
      vertex 41.4147 26.9424 6
      vertex 42 27 4
      vertex 41.4147 26.9424 4
    endloop
  endfacet
  facet normal -0.471329 -0.881957 0
    outer loop
      vertex 40.3333 21.5056 4
      vertex 40.852 21.2284 6
      vertex 40.3333 21.5056 6
    endloop
  endfacet
  facet normal -0.471329 -0.881957 -0
    outer loop
      vertex 40.852 21.2284 6
      vertex 40.3333 21.5056 4
      vertex 40.852 21.2284 4
    endloop
  endfacet
  facet normal -0.471329 0.881957 0
    outer loop
      vertex 40.852 26.7716 4
      vertex 40.3333 26.4944 6
      vertex 40.852 26.7716 6
    endloop
  endfacet
  facet normal -0.471329 0.881957 0
    outer loop
      vertex 40.3333 26.4944 6
      vertex 40.852 26.7716 4
      vertex 40.3333 26.4944 4
    endloop
  endfacet
  facet normal 0.471329 -0.881957 0
    outer loop
      vertex 43.148 21.2284 4
      vertex 43.6667 21.5056 6
      vertex 43.148 21.2284 6
    endloop
  endfacet
  facet normal 0.471329 -0.881957 0
    outer loop
      vertex 43.6667 21.5056 6
      vertex 43.148 21.2284 4
      vertex 43.6667 21.5056 4
    endloop
  endfacet
  facet normal -0.772994 0.634413 0
    outer loop
      vertex 39.5056 25.6667 4
      vertex 39.8787 26.1213 6
      vertex 39.8787 26.1213 4
    endloop
  endfacet
  facet normal -0.772994 0.634413 0
    outer loop
      vertex 39.8787 26.1213 6
      vertex 39.5056 25.6667 4
      vertex 39.5056 25.6667 6
    endloop
  endfacet
  facet normal 0.772994 0.634413 0
    outer loop
      vertex 44.4944 25.6667 6
      vertex 44.1213 26.1213 4
      vertex 44.1213 26.1213 6
    endloop
  endfacet
  facet normal 0.772994 0.634413 0
    outer loop
      vertex 44.1213 26.1213 4
      vertex 44.4944 25.6667 6
      vertex 44.4944 25.6667 4
    endloop
  endfacet
  facet normal 0.772994 -0.634413 0
    outer loop
      vertex 44.1213 21.8787 6
      vertex 44.4944 22.3333 4
      vertex 44.4944 22.3333 6
    endloop
  endfacet
  facet normal 0.772994 -0.634413 0
    outer loop
      vertex 44.4944 22.3333 4
      vertex 44.1213 21.8787 6
      vertex 44.1213 21.8787 4
    endloop
  endfacet
  facet normal -0.097938 -0.995193 0
    outer loop
      vertex 41.4147 21.0576 4
      vertex 42 21 6
      vertex 41.4147 21.0576 6
    endloop
  endfacet
  facet normal -0.097938 -0.995193 -0
    outer loop
      vertex 42 21 6
      vertex 41.4147 21.0576 4
      vertex 42 21 4
    endloop
  endfacet
  facet normal -0.290451 0.95689 0
    outer loop
      vertex 41.4147 26.9424 4
      vertex 40.852 26.7716 6
      vertex 41.4147 26.9424 6
    endloop
  endfacet
  facet normal -0.290451 0.95689 0
    outer loop
      vertex 40.852 26.7716 6
      vertex 41.4147 26.9424 4
      vertex 40.852 26.7716 4
    endloop
  endfacet
  facet normal 0.634413 -0.772994 0
    outer loop
      vertex 43.6667 21.5056 4
      vertex 44.1213 21.8787 6
      vertex 43.6667 21.5056 6
    endloop
  endfacet
  facet normal 0.634413 -0.772994 0
    outer loop
      vertex 44.1213 21.8787 6
      vertex 43.6667 21.5056 4
      vertex 44.1213 21.8787 4
    endloop
  endfacet
  facet normal 0.995193 -0.097938 0
    outer loop
      vertex 44.9424 23.4147 6
      vertex 45 24 4
      vertex 45 24 6
    endloop
  endfacet
  facet normal 0.995193 -0.097938 0
    outer loop
      vertex 45 24 4
      vertex 44.9424 23.4147 6
      vertex 44.9424 23.4147 4
    endloop
  endfacet
  facet normal -0.290451 -0.95689 0
    outer loop
      vertex 40.852 21.2284 4
      vertex 41.4147 21.0576 6
      vertex 40.852 21.2284 6
    endloop
  endfacet
  facet normal -0.290451 -0.95689 -0
    outer loop
      vertex 41.4147 21.0576 6
      vertex 40.852 21.2284 4
      vertex 41.4147 21.0576 4
    endloop
  endfacet
  facet normal 0 0 1
    outer loop
      vertex 43.25 24 6
      vertex 45 24 6
      vertex 44.9424 24.5853 6
    endloop
  endfacet
  facet normal 0 0 1
    outer loop
      vertex 43.1549 24.4784 6
      vertex 44.9424 24.5853 6
      vertex 44.7716 25.148 6
    endloop
  endfacet
  facet normal 0 0 1
    outer loop
      vertex 45 24 6
      vertex 43.25 24 6
      vertex 44.9424 23.4147 6
    endloop
  endfacet
  facet normal 0 0 1
    outer loop
      vertex 43.1549 24.4784 6
      vertex 44.7716 25.148 6
      vertex 44.4944 25.6667 6
    endloop
  endfacet
  facet normal -0 0 1
    outer loop
      vertex 43.1549 23.5216 6
      vertex 44.9424 23.4147 6
      vertex 43.25 24 6
    endloop
  endfacet
  facet normal 0 0 1
    outer loop
      vertex 42.8839 24.8839 6
      vertex 44.4944 25.6667 6
      vertex 44.1213 26.1213 6
    endloop
  endfacet
  facet normal 0 0 1
    outer loop
      vertex 44.9424 23.4147 6
      vertex 43.1549 23.5216 6
      vertex 44.7716 22.8519 6
    endloop
  endfacet
  facet normal 0 0 1
    outer loop
      vertex 42.8839 24.8839 6
      vertex 44.1213 26.1213 6
      vertex 43.6667 26.4944 6
    endloop
  endfacet
  facet normal 0 0 1
    outer loop
      vertex 44.7716 22.8519 6
      vertex 43.1549 23.5216 6
      vertex 44.4944 22.3333 6
    endloop
  endfacet
  facet normal -0 0 1
    outer loop
      vertex 42.8839 23.1161 6
      vertex 44.4944 22.3333 6
      vertex 43.1549 23.5216 6
    endloop
  endfacet
  facet normal 0 0 1
    outer loop
      vertex 44.9424 24.5853 6
      vertex 43.1549 24.4784 6
      vertex 43.25 24 6
    endloop
  endfacet
  facet normal 0 0 1
    outer loop
      vertex 42.4784 25.1549 6
      vertex 43.6667 26.4944 6
      vertex 43.148 26.7716 6
    endloop
  endfacet
  facet normal 0 0 1
    outer loop
      vertex 44.4944 25.6667 6
      vertex 42.8839 24.8839 6
      vertex 43.1549 24.4784 6
    endloop
  endfacet
  facet normal 0 0 1
    outer loop
      vertex 42.4784 25.1549 6
      vertex 43.148 26.7716 6
      vertex 42.5853 26.9424 6
    endloop
  endfacet
  facet normal 0 0 1
    outer loop
      vertex 43.6667 26.4944 6
      vertex 42.4784 25.1549 6
      vertex 42.8839 24.8839 6
    endloop
  endfacet
  facet normal 0 0 1
    outer loop
      vertex 42 25.25 6
      vertex 42.5853 26.9424 6
      vertex 42 27 6
    endloop
  endfacet
  facet normal 0 0 1
    outer loop
      vertex 42.5853 26.9424 6
      vertex 42 25.25 6
      vertex 42.4784 25.1549 6
    endloop
  endfacet
  facet normal -0 0 1
    outer loop
      vertex 41.4147 26.9424 6
      vertex 42 25.25 6
      vertex 42 27 6
    endloop
  endfacet
  facet normal 0 0 1
    outer loop
      vertex 42 25.25 6
      vertex 41.4147 26.9424 6
      vertex 41.5216 25.1549 6
    endloop
  endfacet
  facet normal -0 0 1
    outer loop
      vertex 40.852 26.7716 6
      vertex 41.5216 25.1549 6
      vertex 41.4147 26.9424 6
    endloop
  endfacet
  facet normal -0 0 1
    outer loop
      vertex 40.3333 26.4944 6
      vertex 41.5216 25.1549 6
      vertex 40.852 26.7716 6
    endloop
  endfacet
  facet normal 0 0 1
    outer loop
      vertex 41.5216 25.1549 6
      vertex 40.3333 26.4944 6
      vertex 41.1161 24.8839 6
    endloop
  endfacet
  facet normal -0 0 1
    outer loop
      vertex 39.8787 26.1213 6
      vertex 41.1161 24.8839 6
      vertex 40.3333 26.4944 6
    endloop
  endfacet
  facet normal -0 0 1
    outer loop
      vertex 39.5056 25.6667 6
      vertex 41.1161 24.8839 6
      vertex 39.8787 26.1213 6
    endloop
  endfacet
  facet normal 0 0 1
    outer loop
      vertex 44.4944 22.3333 6
      vertex 42.8839 23.1161 6
      vertex 44.1213 21.8787 6
    endloop
  endfacet
  facet normal 0 0 1
    outer loop
      vertex 44.1213 21.8787 6
      vertex 42.8839 23.1161 6
      vertex 43.6667 21.5056 6
    endloop
  endfacet
  facet normal -0 0 1
    outer loop
      vertex 42.4784 22.8451 6
      vertex 43.6667 21.5056 6
      vertex 42.8839 23.1161 6
    endloop
  endfacet
  facet normal 0 0 1
    outer loop
      vertex 43.6667 21.5056 6
      vertex 42.4784 22.8451 6
      vertex 43.148 21.2284 6
    endloop
  endfacet
  facet normal 0 0 1
    outer loop
      vertex 43.148 21.2284 6
      vertex 42.4784 22.8451 6
      vertex 42.5853 21.0576 6
    endloop
  endfacet
  facet normal -0 0 1
    outer loop
      vertex 42 22.75 6
      vertex 42.5853 21.0576 6
      vertex 42.4784 22.8451 6
    endloop
  endfacet
  facet normal 0 0 1
    outer loop
      vertex 42 22.75 6
      vertex 42 21 6
      vertex 42.5853 21.0576 6
    endloop
  endfacet
  facet normal 0 0 1
    outer loop
      vertex 41.4147 21.0576 6
      vertex 42 22.75 6
      vertex 41.5216 22.8451 6
    endloop
  endfacet
  facet normal 0 0 1
    outer loop
      vertex 42 22.75 6
      vertex 41.4147 21.0576 6
      vertex 42 21 6
    endloop
  endfacet
  facet normal 0 0 1
    outer loop
      vertex 40.3333 21.5056 6
      vertex 41.5216 22.8451 6
      vertex 41.1161 23.1161 6
    endloop
  endfacet
  facet normal 0 0 1
    outer loop
      vertex 41.5216 22.8451 6
      vertex 40.852 21.2284 6
      vertex 41.4147 21.0576 6
    endloop
  endfacet
  facet normal 0 0 1
    outer loop
      vertex 39.5056 22.3333 6
      vertex 41.1161 23.1161 6
      vertex 40.8451 23.5216 6
    endloop
  endfacet
  facet normal 0 0 1
    outer loop
      vertex 39.0576 23.4147 6
      vertex 40.8451 23.5216 6
      vertex 40.75 24 6
    endloop
  endfacet
  facet normal 0 0 1
    outer loop
      vertex 41.1161 24.8839 6
      vertex 39.5056 25.6667 6
      vertex 40.8451 24.4784 6
    endloop
  endfacet
  facet normal 0 0 1
    outer loop
      vertex 41.5216 22.8451 6
      vertex 40.3333 21.5056 6
      vertex 40.852 21.2284 6
    endloop
  endfacet
  facet normal -0 0 1
    outer loop
      vertex 39.2284 25.148 6
      vertex 40.8451 24.4784 6
      vertex 39.5056 25.6667 6
    endloop
  endfacet
  facet normal 0 0 1
    outer loop
      vertex 41.1161 23.1161 6
      vertex 39.8787 21.8787 6
      vertex 40.3333 21.5056 6
    endloop
  endfacet
  facet normal -0 0 1
    outer loop
      vertex 39.0576 24.5853 6
      vertex 40.8451 24.4784 6
      vertex 39.2284 25.148 6
    endloop
  endfacet
  facet normal 0 0 1
    outer loop
      vertex 41.1161 23.1161 6
      vertex 39.5056 22.3333 6
      vertex 39.8787 21.8787 6
    endloop
  endfacet
  facet normal 0 0 1
    outer loop
      vertex 40.8451 24.4784 6
      vertex 39.0576 24.5853 6
      vertex 40.75 24 6
    endloop
  endfacet
  facet normal 0 0 1
    outer loop
      vertex 40.8451 23.5216 6
      vertex 39.2284 22.8519 6
      vertex 39.5056 22.3333 6
    endloop
  endfacet
  facet normal 0 0 1
    outer loop
      vertex 39 24 6
      vertex 40.75 24 6
      vertex 39.0576 24.5853 6
    endloop
  endfacet
  facet normal 0 0 1
    outer loop
      vertex 40.8451 23.5216 6
      vertex 39.0576 23.4147 6
      vertex 39.2284 22.8519 6
    endloop
  endfacet
  facet normal 0 0 1
    outer loop
      vertex 40.75 24 6
      vertex 39 24 6
      vertex 39.0576 23.4147 6
    endloop
  endfacet
  facet normal 0.956904 -0.290404 0
    outer loop
      vertex 44.7716 22.8519 6
      vertex 44.9424 23.4147 4
      vertex 44.9424 23.4147 6
    endloop
  endfacet
  facet normal 0.956904 -0.290404 0
    outer loop
      vertex 44.9424 23.4147 4
      vertex 44.7716 22.8519 6
      vertex 44.7716 22.8519 4
    endloop
  endfacet
  facet normal -0.956904 -0.290404 0
    outer loop
      vertex 39.2284 22.8519 4
      vertex 39.0576 23.4147 6
      vertex 39.0576 23.4147 4
    endloop
  endfacet
  facet normal -0.956904 -0.290404 0
    outer loop
      vertex 39.0576 23.4147 6
      vertex 39.2284 22.8519 4
      vertex 39.2284 22.8519 6
    endloop
  endfacet
  facet normal 0.881919 -0.4714 0
    outer loop
      vertex 44.4944 22.3333 6
      vertex 44.7716 22.8519 4
      vertex 44.7716 22.8519 6
    endloop
  endfacet
  facet normal 0.881919 -0.4714 0
    outer loop
      vertex 44.7716 22.8519 4
      vertex 44.4944 22.3333 6
      vertex 44.4944 22.3333 4
    endloop
  endfacet
  facet normal -0.995193 0.097938 0
    outer loop
      vertex 39 24 4
      vertex 39.0576 24.5853 6
      vertex 39.0576 24.5853 4
    endloop
  endfacet
  facet normal -0.995193 0.097938 0
    outer loop
      vertex 39.0576 24.5853 6
      vertex 39 24 4
      vertex 39 24 6
    endloop
  endfacet
  facet normal 0.097938 0.995193 -0
    outer loop
      vertex 42.5853 26.9424 4
      vertex 42 27 6
      vertex 42.5853 26.9424 6
    endloop
  endfacet
  facet normal 0.097938 0.995193 0
    outer loop
      vertex 42 27 6
      vertex 42.5853 26.9424 4
      vertex 42 27 4
    endloop
  endfacet
  facet normal -0.634413 0.772994 0
    outer loop
      vertex 40.3333 26.4944 4
      vertex 39.8787 26.1213 6
      vertex 40.3333 26.4944 6
    endloop
  endfacet
  facet normal -0.634413 0.772994 0
    outer loop
      vertex 39.8787 26.1213 6
      vertex 40.3333 26.4944 4
      vertex 39.8787 26.1213 4
    endloop
  endfacet
  facet normal 0.634413 0.772994 -0
    outer loop
      vertex 44.1213 26.1213 4
      vertex 43.6667 26.4944 6
      vertex 44.1213 26.1213 6
    endloop
  endfacet
  facet normal 0.634413 0.772994 0
    outer loop
      vertex 43.6667 26.4944 6
      vertex 44.1213 26.1213 4
      vertex 43.6667 26.4944 4
    endloop
  endfacet
  facet normal 0.097938 -0.995193 0
    outer loop
      vertex 42 21 4
      vertex 42.5853 21.0576 6
      vertex 42 21 6
    endloop
  endfacet
  facet normal 0.097938 -0.995193 0
    outer loop
      vertex 42.5853 21.0576 6
      vertex 42 21 4
      vertex 42.5853 21.0576 4
    endloop
  endfacet
  facet normal 0.471329 0.881957 -0
    outer loop
      vertex 43.6667 26.4944 4
      vertex 43.148 26.7716 6
      vertex 43.6667 26.4944 6
    endloop
  endfacet
  facet normal 0.471329 0.881957 0
    outer loop
      vertex 43.148 26.7716 6
      vertex 43.6667 26.4944 4
      vertex 43.148 26.7716 4
    endloop
  endfacet
  facet normal -0.772994 -0.634413 0
    outer loop
      vertex 39.8787 21.8787 4
      vertex 39.5056 22.3333 6
      vertex 39.5056 22.3333 4
    endloop
  endfacet
  facet normal -0.772994 -0.634413 0
    outer loop
      vertex 39.5056 22.3333 6
      vertex 39.8787 21.8787 4
      vertex 39.8787 21.8787 6
    endloop
  endfacet
  facet normal -0.634413 -0.772994 0
    outer loop
      vertex 39.8787 21.8787 4
      vertex 40.3333 21.5056 6
      vertex 39.8787 21.8787 6
    endloop
  endfacet
  facet normal -0.634413 -0.772994 -0
    outer loop
      vertex 40.3333 21.5056 6
      vertex 39.8787 21.8787 4
      vertex 40.3333 21.5056 4
    endloop
  endfacet
  facet normal -0.95689 0.290451 0
    outer loop
      vertex 39.0576 24.5853 4
      vertex 39.2284 25.148 6
      vertex 39.2284 25.148 4
    endloop
  endfacet
  facet normal -0.95689 0.290451 0
    outer loop
      vertex 39.2284 25.148 6
      vertex 39.0576 24.5853 4
      vertex 39.0576 24.5853 6
    endloop
  endfacet
  facet normal -0.881957 0.471329 0
    outer loop
      vertex 39.2284 25.148 4
      vertex 39.5056 25.6667 6
      vertex 39.5056 25.6667 4
    endloop
  endfacet
  facet normal -0.881957 0.471329 0
    outer loop
      vertex 39.5056 25.6667 6
      vertex 39.2284 25.148 4
      vertex 39.2284 25.148 6
    endloop
  endfacet
  facet normal -0.995193 -0.097938 0
    outer loop
      vertex 39.0576 23.4147 4
      vertex 39 24 6
      vertex 39 24 4
    endloop
  endfacet
  facet normal -0.995193 -0.097938 0
    outer loop
      vertex 39 24 6
      vertex 39.0576 23.4147 4
      vertex 39.0576 23.4147 6
    endloop
  endfacet
  facet normal 0.290451 -0.95689 0
    outer loop
      vertex 10.5853 43.0576 4
      vertex 11.148 43.2284 6
      vertex 10.5853 43.0576 6
    endloop
  endfacet
  facet normal 0.290451 -0.95689 0
    outer loop
      vertex 11.148 43.2284 6
      vertex 10.5853 43.0576 4
      vertex 11.148 43.2284 4
    endloop
  endfacet
  facet normal 0.95689 0.290451 0
    outer loop
      vertex 12.9424 46.5853 6
      vertex 12.7716 47.148 4
      vertex 12.7716 47.148 6
    endloop
  endfacet
  facet normal 0.95689 0.290451 0
    outer loop
      vertex 12.7716 47.148 4
      vertex 12.9424 46.5853 6
      vertex 12.9424 46.5853 4
    endloop
  endfacet
  facet normal 0.995193 0.097938 0
    outer loop
      vertex 13 46 6
      vertex 12.9424 46.5853 4
      vertex 12.9424 46.5853 6
    endloop
  endfacet
  facet normal 0.995193 0.097938 0
    outer loop
      vertex 12.9424 46.5853 4
      vertex 13 46 6
      vertex 13 46 4
    endloop
  endfacet
  facet normal 0.881957 0.471329 0
    outer loop
      vertex 12.7716 47.148 6
      vertex 12.4944 47.6667 4
      vertex 12.4944 47.6667 6
    endloop
  endfacet
  facet normal 0.881957 0.471329 0
    outer loop
      vertex 12.4944 47.6667 4
      vertex 12.7716 47.148 6
      vertex 12.7716 47.148 4
    endloop
  endfacet
  facet normal -0.881936 -0.471369 0
    outer loop
      vertex 7.50559 44.3333 4
      vertex 7.22836 44.852 6
      vertex 7.22836 44.852 4
    endloop
  endfacet
  facet normal -0.881936 -0.471369 0
    outer loop
      vertex 7.22836 44.852 6
      vertex 7.50559 44.3333 4
      vertex 7.50559 44.3333 6
    endloop
  endfacet
  facet normal 0.290451 0.95689 -0
    outer loop
      vertex 11.148 48.7716 4
      vertex 10.5853 48.9424 6
      vertex 11.148 48.7716 6
    endloop
  endfacet
  facet normal 0.290451 0.95689 0
    outer loop
      vertex 10.5853 48.9424 6
      vertex 11.148 48.7716 4
      vertex 10.5853 48.9424 4
    endloop
  endfacet
  facet normal -0.0979429 0.995192 0
    outer loop
      vertex 10 49 4
      vertex 9.41473 48.9424 6
      vertex 10 49 6
    endloop
  endfacet
  facet normal -0.0979429 0.995192 0
    outer loop
      vertex 9.41473 48.9424 6
      vertex 10 49 4
      vertex 9.41473 48.9424 4
    endloop
  endfacet
  facet normal -0.471358 -0.881942 0
    outer loop
      vertex 8.33329 43.5056 4
      vertex 8.85195 43.2284 6
      vertex 8.33329 43.5056 6
    endloop
  endfacet
  facet normal -0.471358 -0.881942 -0
    outer loop
      vertex 8.85195 43.2284 6
      vertex 8.33329 43.5056 4
      vertex 8.85195 43.2284 4
    endloop
  endfacet
  facet normal -0.471358 0.881942 0
    outer loop
      vertex 8.85195 48.7716 4
      vertex 8.33329 48.4944 6
      vertex 8.85195 48.7716 6
    endloop
  endfacet
  facet normal -0.471358 0.881942 0
    outer loop
      vertex 8.33329 48.4944 6
      vertex 8.85195 48.7716 4
      vertex 8.33329 48.4944 4
    endloop
  endfacet
  facet normal 0.471329 -0.881957 0
    outer loop
      vertex 11.148 43.2284 4
      vertex 11.6667 43.5056 6
      vertex 11.148 43.2284 6
    endloop
  endfacet
  facet normal 0.471329 -0.881957 0
    outer loop
      vertex 11.6667 43.5056 6
      vertex 11.148 43.2284 4
      vertex 11.6667 43.5056 4
    endloop
  endfacet
  facet normal -0.773003 0.634403 0
    outer loop
      vertex 7.50559 47.6667 4
      vertex 7.87868 48.1213 6
      vertex 7.87868 48.1213 4
    endloop
  endfacet
  facet normal -0.773003 0.634403 0
    outer loop
      vertex 7.87868 48.1213 6
      vertex 7.50559 47.6667 4
      vertex 7.50559 47.6667 6
    endloop
  endfacet
  facet normal 0.772994 0.634413 0
    outer loop
      vertex 12.4944 47.6667 6
      vertex 12.1213 48.1213 4
      vertex 12.1213 48.1213 6
    endloop
  endfacet
  facet normal 0.772994 0.634413 0
    outer loop
      vertex 12.1213 48.1213 4
      vertex 12.4944 47.6667 6
      vertex 12.4944 47.6667 4
    endloop
  endfacet
  facet normal 0.772994 -0.634413 0
    outer loop
      vertex 12.1213 43.8787 6
      vertex 12.4944 44.3333 4
      vertex 12.4944 44.3333 6
    endloop
  endfacet
  facet normal 0.772994 -0.634413 0
    outer loop
      vertex 12.4944 44.3333 4
      vertex 12.1213 43.8787 6
      vertex 12.1213 43.8787 4
    endloop
  endfacet
  facet normal -0.0979429 -0.995192 0
    outer loop
      vertex 9.41473 43.0576 4
      vertex 10 43 6
      vertex 9.41473 43.0576 6
    endloop
  endfacet
  facet normal -0.0979429 -0.995192 -0
    outer loop
      vertex 10 43 6
      vertex 9.41473 43.0576 4
      vertex 10 43 4
    endloop
  endfacet
  facet normal -0.290413 0.956901 0
    outer loop
      vertex 9.41473 48.9424 4
      vertex 8.85195 48.7716 6
      vertex 9.41473 48.9424 6
    endloop
  endfacet
  facet normal -0.290413 0.956901 0
    outer loop
      vertex 8.85195 48.7716 6
      vertex 9.41473 48.9424 4
      vertex 8.85195 48.7716 4
    endloop
  endfacet
  facet normal 0.634413 -0.772994 0
    outer loop
      vertex 11.6667 43.5056 4
      vertex 12.1213 43.8787 6
      vertex 11.6667 43.5056 6
    endloop
  endfacet
  facet normal 0.634413 -0.772994 0
    outer loop
      vertex 12.1213 43.8787 6
      vertex 11.6667 43.5056 4
      vertex 12.1213 43.8787 4
    endloop
  endfacet
  facet normal 0.995193 -0.097938 0
    outer loop
      vertex 12.9424 45.4147 6
      vertex 13 46 4
      vertex 13 46 6
    endloop
  endfacet
  facet normal 0.995193 -0.097938 0
    outer loop
      vertex 13 46 4
      vertex 12.9424 45.4147 6
      vertex 12.9424 45.4147 4
    endloop
  endfacet
  facet normal -0.290413 -0.956901 0
    outer loop
      vertex 8.85195 43.2284 4
      vertex 9.41473 43.0576 6
      vertex 8.85195 43.2284 6
    endloop
  endfacet
  facet normal -0.290413 -0.956901 -0
    outer loop
      vertex 9.41473 43.0576 6
      vertex 8.85195 43.2284 4
      vertex 9.41473 43.0576 4
    endloop
  endfacet
  facet normal 0 0 1
    outer loop
      vertex 11.25 46 6
      vertex 13 46 6
      vertex 12.9424 46.5853 6
    endloop
  endfacet
  facet normal 0 0 1
    outer loop
      vertex 11.1548 46.4784 6
      vertex 12.9424 46.5853 6
      vertex 12.7716 47.148 6
    endloop
  endfacet
  facet normal 0 0 1
    outer loop
      vertex 13 46 6
      vertex 11.25 46 6
      vertex 12.9424 45.4147 6
    endloop
  endfacet
  facet normal 0 0 1
    outer loop
      vertex 11.1548 46.4784 6
      vertex 12.7716 47.148 6
      vertex 12.4944 47.6667 6
    endloop
  endfacet
  facet normal -0 0 1
    outer loop
      vertex 11.1548 45.5216 6
      vertex 12.9424 45.4147 6
      vertex 11.25 46 6
    endloop
  endfacet
  facet normal 0 0 1
    outer loop
      vertex 10.8839 46.8839 6
      vertex 12.4944 47.6667 6
      vertex 12.1213 48.1213 6
    endloop
  endfacet
  facet normal 0 0 1
    outer loop
      vertex 12.9424 45.4147 6
      vertex 11.1548 45.5216 6
      vertex 12.7716 44.852 6
    endloop
  endfacet
  facet normal 0 0 1
    outer loop
      vertex 10.8839 46.8839 6
      vertex 12.1213 48.1213 6
      vertex 11.6667 48.4944 6
    endloop
  endfacet
  facet normal 0 0 1
    outer loop
      vertex 12.7716 44.852 6
      vertex 11.1548 45.5216 6
      vertex 12.4944 44.3333 6
    endloop
  endfacet
  facet normal -0 0 1
    outer loop
      vertex 10.8839 45.1161 6
      vertex 12.4944 44.3333 6
      vertex 11.1548 45.5216 6
    endloop
  endfacet
  facet normal 0 0 1
    outer loop
      vertex 12.9424 46.5853 6
      vertex 11.1548 46.4784 6
      vertex 11.25 46 6
    endloop
  endfacet
  facet normal 0 0 1
    outer loop
      vertex 10.4784 47.1549 6
      vertex 11.6667 48.4944 6
      vertex 11.148 48.7716 6
    endloop
  endfacet
  facet normal 0 0 1
    outer loop
      vertex 12.4944 47.6667 6
      vertex 10.8839 46.8839 6
      vertex 11.1548 46.4784 6
    endloop
  endfacet
  facet normal 0 0 1
    outer loop
      vertex 10.4784 47.1549 6
      vertex 11.148 48.7716 6
      vertex 10.5853 48.9424 6
    endloop
  endfacet
  facet normal 0 0 1
    outer loop
      vertex 11.6667 48.4944 6
      vertex 10.4784 47.1549 6
      vertex 10.8839 46.8839 6
    endloop
  endfacet
  facet normal 0 0 1
    outer loop
      vertex 10 47.25 6
      vertex 10.5853 48.9424 6
      vertex 10 49 6
    endloop
  endfacet
  facet normal 0 0 1
    outer loop
      vertex 10.5853 48.9424 6
      vertex 10 47.25 6
      vertex 10.4784 47.1549 6
    endloop
  endfacet
  facet normal -0 0 1
    outer loop
      vertex 9.41473 48.9424 6
      vertex 10 47.25 6
      vertex 10 49 6
    endloop
  endfacet
  facet normal 0 0 1
    outer loop
      vertex 10 47.25 6
      vertex 9.41473 48.9424 6
      vertex 9.52165 47.1549 6
    endloop
  endfacet
  facet normal -0 0 1
    outer loop
      vertex 8.85195 48.7716 6
      vertex 9.52165 47.1549 6
      vertex 9.41473 48.9424 6
    endloop
  endfacet
  facet normal -0 0 1
    outer loop
      vertex 8.33329 48.4944 6
      vertex 9.52165 47.1549 6
      vertex 8.85195 48.7716 6
    endloop
  endfacet
  facet normal 0 0 1
    outer loop
      vertex 9.52165 47.1549 6
      vertex 8.33329 48.4944 6
      vertex 9.11612 46.8839 6
    endloop
  endfacet
  facet normal -0 0 1
    outer loop
      vertex 7.87868 48.1213 6
      vertex 9.11612 46.8839 6
      vertex 8.33329 48.4944 6
    endloop
  endfacet
  facet normal -0 0 1
    outer loop
      vertex 7.50559 47.6667 6
      vertex 9.11612 46.8839 6
      vertex 7.87868 48.1213 6
    endloop
  endfacet
  facet normal 0 0 1
    outer loop
      vertex 12.4944 44.3333 6
      vertex 10.8839 45.1161 6
      vertex 12.1213 43.8787 6
    endloop
  endfacet
  facet normal 0 0 1
    outer loop
      vertex 12.1213 43.8787 6
      vertex 10.8839 45.1161 6
      vertex 11.6667 43.5056 6
    endloop
  endfacet
  facet normal -0 0 1
    outer loop
      vertex 10.4784 44.8451 6
      vertex 11.6667 43.5056 6
      vertex 10.8839 45.1161 6
    endloop
  endfacet
  facet normal 0 0 1
    outer loop
      vertex 11.6667 43.5056 6
      vertex 10.4784 44.8451 6
      vertex 11.148 43.2284 6
    endloop
  endfacet
  facet normal 0 0 1
    outer loop
      vertex 11.148 43.2284 6
      vertex 10.4784 44.8451 6
      vertex 10.5853 43.0576 6
    endloop
  endfacet
  facet normal -0 0 1
    outer loop
      vertex 10 44.75 6
      vertex 10.5853 43.0576 6
      vertex 10.4784 44.8451 6
    endloop
  endfacet
  facet normal 0 0 1
    outer loop
      vertex 10 44.75 6
      vertex 10 43 6
      vertex 10.5853 43.0576 6
    endloop
  endfacet
  facet normal 0 0 1
    outer loop
      vertex 9.41473 43.0576 6
      vertex 10 44.75 6
      vertex 9.52165 44.8451 6
    endloop
  endfacet
  facet normal 0 0 1
    outer loop
      vertex 10 44.75 6
      vertex 9.41473 43.0576 6
      vertex 10 43 6
    endloop
  endfacet
  facet normal 0 0 1
    outer loop
      vertex 8.33329 43.5056 6
      vertex 9.52165 44.8451 6
      vertex 9.11612 45.1161 6
    endloop
  endfacet
  facet normal 0 0 1
    outer loop
      vertex 9.52165 44.8451 6
      vertex 8.85195 43.2284 6
      vertex 9.41473 43.0576 6
    endloop
  endfacet
  facet normal 0 0 1
    outer loop
      vertex 7.50559 44.3333 6
      vertex 9.11612 45.1161 6
      vertex 8.84515 45.5216 6
    endloop
  endfacet
  facet normal 0 0 1
    outer loop
      vertex 7.05764 45.4147 6
      vertex 8.84515 45.5216 6
      vertex 8.75 46 6
    endloop
  endfacet
  facet normal 0 0 1
    outer loop
      vertex 9.11612 46.8839 6
      vertex 7.50559 47.6667 6
      vertex 8.84515 46.4784 6
    endloop
  endfacet
  facet normal 0 0 1
    outer loop
      vertex 9.52165 44.8451 6
      vertex 8.33329 43.5056 6
      vertex 8.85195 43.2284 6
    endloop
  endfacet
  facet normal -0 0 1
    outer loop
      vertex 7.22836 47.148 6
      vertex 8.84515 46.4784 6
      vertex 7.50559 47.6667 6
    endloop
  endfacet
  facet normal 0 0 1
    outer loop
      vertex 9.11612 45.1161 6
      vertex 7.87868 43.8787 6
      vertex 8.33329 43.5056 6
    endloop
  endfacet
  facet normal -0 0 1
    outer loop
      vertex 7.05764 46.5853 6
      vertex 8.84515 46.4784 6
      vertex 7.22836 47.148 6
    endloop
  endfacet
  facet normal 0 0 1
    outer loop
      vertex 9.11612 45.1161 6
      vertex 7.50559 44.3333 6
      vertex 7.87868 43.8787 6
    endloop
  endfacet
  facet normal 0 0 1
    outer loop
      vertex 8.84515 46.4784 6
      vertex 7.05764 46.5853 6
      vertex 8.75 46 6
    endloop
  endfacet
  facet normal 0 0 1
    outer loop
      vertex 8.84515 45.5216 6
      vertex 7.22836 44.852 6
      vertex 7.50559 44.3333 6
    endloop
  endfacet
  facet normal 0 0 1
    outer loop
      vertex 7 46 6
      vertex 8.75 46 6
      vertex 7.05764 46.5853 6
    endloop
  endfacet
  facet normal 0 0 1
    outer loop
      vertex 8.84515 45.5216 6
      vertex 7.05764 45.4147 6
      vertex 7.22836 44.852 6
    endloop
  endfacet
  facet normal 0 0 1
    outer loop
      vertex 8.75 46 6
      vertex 7 46 6
      vertex 7.05764 45.4147 6
    endloop
  endfacet
  facet normal 0.95689 -0.290451 0
    outer loop
      vertex 12.7716 44.852 6
      vertex 12.9424 45.4147 4
      vertex 12.9424 45.4147 6
    endloop
  endfacet
  facet normal 0.95689 -0.290451 0
    outer loop
      vertex 12.9424 45.4147 4
      vertex 12.7716 44.852 6
      vertex 12.7716 44.852 4
    endloop
  endfacet
  facet normal -0.956928 -0.290326 0
    outer loop
      vertex 7.22836 44.852 4
      vertex 7.05764 45.4147 6
      vertex 7.05764 45.4147 4
    endloop
  endfacet
  facet normal -0.956928 -0.290326 0
    outer loop
      vertex 7.05764 45.4147 6
      vertex 7.22836 44.852 4
      vertex 7.22836 44.852 6
    endloop
  endfacet
  facet normal 0.881957 -0.471329 0
    outer loop
      vertex 12.4944 44.3333 6
      vertex 12.7716 44.852 4
      vertex 12.7716 44.852 6
    endloop
  endfacet
  facet normal 0.881957 -0.471329 0
    outer loop
      vertex 12.7716 44.852 4
      vertex 12.4944 44.3333 6
      vertex 12.4944 44.3333 4
    endloop
  endfacet
  facet normal -0.995186 0.0980053 0
    outer loop
      vertex 7 46 4
      vertex 7.05764 46.5853 6
      vertex 7.05764 46.5853 4
    endloop
  endfacet
  facet normal -0.995186 0.0980053 0
    outer loop
      vertex 7.05764 46.5853 6
      vertex 7 46 4
      vertex 7 46 6
    endloop
  endfacet
  facet normal 0.097938 0.995193 -0
    outer loop
      vertex 10.5853 48.9424 4
      vertex 10 49 6
      vertex 10.5853 48.9424 6
    endloop
  endfacet
  facet normal 0.097938 0.995193 0
    outer loop
      vertex 10 49 6
      vertex 10.5853 48.9424 4
      vertex 10 49 4
    endloop
  endfacet
  facet normal -0.634405 0.773001 0
    outer loop
      vertex 8.33329 48.4944 4
      vertex 7.87868 48.1213 6
      vertex 8.33329 48.4944 6
    endloop
  endfacet
  facet normal -0.634405 0.773001 0
    outer loop
      vertex 7.87868 48.1213 6
      vertex 8.33329 48.4944 4
      vertex 7.87868 48.1213 4
    endloop
  endfacet
  facet normal 0.634413 0.772994 -0
    outer loop
      vertex 12.1213 48.1213 4
      vertex 11.6667 48.4944 6
      vertex 12.1213 48.1213 6
    endloop
  endfacet
  facet normal 0.634413 0.772994 0
    outer loop
      vertex 11.6667 48.4944 6
      vertex 12.1213 48.1213 4
      vertex 11.6667 48.4944 4
    endloop
  endfacet
  facet normal 0.097938 -0.995193 0
    outer loop
      vertex 10 43 4
      vertex 10.5853 43.0576 6
      vertex 10 43 6
    endloop
  endfacet
  facet normal 0.097938 -0.995193 0
    outer loop
      vertex 10.5853 43.0576 6
      vertex 10 43 4
      vertex 10.5853 43.0576 4
    endloop
  endfacet
  facet normal 0.471329 0.881957 -0
    outer loop
      vertex 11.6667 48.4944 4
      vertex 11.148 48.7716 6
      vertex 11.6667 48.4944 6
    endloop
  endfacet
  facet normal 0.471329 0.881957 0
    outer loop
      vertex 11.148 48.7716 6
      vertex 11.6667 48.4944 4
      vertex 11.148 48.7716 4
    endloop
  endfacet
  facet normal -0.773003 -0.634403 0
    outer loop
      vertex 7.87868 43.8787 4
      vertex 7.50559 44.3333 6
      vertex 7.50559 44.3333 4
    endloop
  endfacet
  facet normal -0.773003 -0.634403 0
    outer loop
      vertex 7.50559 44.3333 6
      vertex 7.87868 43.8787 4
      vertex 7.87868 43.8787 6
    endloop
  endfacet
  facet normal -0.634405 -0.773001 0
    outer loop
      vertex 7.87868 43.8787 4
      vertex 8.33329 43.5056 6
      vertex 7.87868 43.8787 6
    endloop
  endfacet
  facet normal -0.634405 -0.773001 -0
    outer loop
      vertex 8.33329 43.5056 6
      vertex 7.87868 43.8787 4
      vertex 8.33329 43.5056 4
    endloop
  endfacet
  facet normal -0.956928 0.290326 0
    outer loop
      vertex 7.05764 46.5853 4
      vertex 7.22836 47.148 6
      vertex 7.22836 47.148 4
    endloop
  endfacet
  facet normal -0.956928 0.290326 0
    outer loop
      vertex 7.22836 47.148 6
      vertex 7.05764 46.5853 4
      vertex 7.05764 46.5853 6
    endloop
  endfacet
  facet normal -0.881936 0.471369 0
    outer loop
      vertex 7.22836 47.148 4
      vertex 7.50559 47.6667 6
      vertex 7.50559 47.6667 4
    endloop
  endfacet
  facet normal -0.881936 0.471369 0
    outer loop
      vertex 7.50559 47.6667 6
      vertex 7.22836 47.148 4
      vertex 7.22836 47.148 6
    endloop
  endfacet
  facet normal -0.995186 -0.0980053 0
    outer loop
      vertex 7.05764 45.4147 4
      vertex 7 46 6
      vertex 7 46 4
    endloop
  endfacet
  facet normal -0.995186 -0.0980053 0
    outer loop
      vertex 7 46 6
      vertex 7.05764 45.4147 4
      vertex 7.05764 45.4147 6
    endloop
  endfacet
  facet normal 0.290451 -0.95689 0
    outer loop
      vertex 42.5853 43.0576 4
      vertex 43.148 43.2284 6
      vertex 42.5853 43.0576 6
    endloop
  endfacet
  facet normal 0.290451 -0.95689 0
    outer loop
      vertex 43.148 43.2284 6
      vertex 42.5853 43.0576 4
      vertex 43.148 43.2284 4
    endloop
  endfacet
  facet normal 0.95689 0.290451 0
    outer loop
      vertex 44.9424 46.5853 6
      vertex 44.7716 47.148 4
      vertex 44.7716 47.148 6
    endloop
  endfacet
  facet normal 0.95689 0.290451 0
    outer loop
      vertex 44.7716 47.148 4
      vertex 44.9424 46.5853 6
      vertex 44.9424 46.5853 4
    endloop
  endfacet
  facet normal 0.995193 0.097938 0
    outer loop
      vertex 45 46 6
      vertex 44.9424 46.5853 4
      vertex 44.9424 46.5853 6
    endloop
  endfacet
  facet normal 0.995193 0.097938 0
    outer loop
      vertex 44.9424 46.5853 4
      vertex 45 46 6
      vertex 45 46 4
    endloop
  endfacet
  facet normal 0.881957 0.471329 0
    outer loop
      vertex 44.7716 47.148 6
      vertex 44.4944 47.6667 4
      vertex 44.4944 47.6667 6
    endloop
  endfacet
  facet normal 0.881957 0.471329 0
    outer loop
      vertex 44.4944 47.6667 4
      vertex 44.7716 47.148 6
      vertex 44.7716 47.148 4
    endloop
  endfacet
  facet normal -0.881957 -0.471329 0
    outer loop
      vertex 39.5056 44.3333 4
      vertex 39.2284 44.852 6
      vertex 39.2284 44.852 4
    endloop
  endfacet
  facet normal -0.881957 -0.471329 0
    outer loop
      vertex 39.2284 44.852 6
      vertex 39.5056 44.3333 4
      vertex 39.5056 44.3333 6
    endloop
  endfacet
  facet normal 0.290451 0.95689 -0
    outer loop
      vertex 43.148 48.7716 4
      vertex 42.5853 48.9424 6
      vertex 43.148 48.7716 6
    endloop
  endfacet
  facet normal 0.290451 0.95689 0
    outer loop
      vertex 42.5853 48.9424 6
      vertex 43.148 48.7716 4
      vertex 42.5853 48.9424 4
    endloop
  endfacet
  facet normal -0.097938 0.995193 0
    outer loop
      vertex 42 49 4
      vertex 41.4147 48.9424 6
      vertex 42 49 6
    endloop
  endfacet
  facet normal -0.097938 0.995193 0
    outer loop
      vertex 41.4147 48.9424 6
      vertex 42 49 4
      vertex 41.4147 48.9424 4
    endloop
  endfacet
  facet normal -0.471329 -0.881957 0
    outer loop
      vertex 40.3333 43.5056 4
      vertex 40.852 43.2284 6
      vertex 40.3333 43.5056 6
    endloop
  endfacet
  facet normal -0.471329 -0.881957 -0
    outer loop
      vertex 40.852 43.2284 6
      vertex 40.3333 43.5056 4
      vertex 40.852 43.2284 4
    endloop
  endfacet
  facet normal -0.471329 0.881957 0
    outer loop
      vertex 40.852 48.7716 4
      vertex 40.3333 48.4944 6
      vertex 40.852 48.7716 6
    endloop
  endfacet
  facet normal -0.471329 0.881957 0
    outer loop
      vertex 40.3333 48.4944 6
      vertex 40.852 48.7716 4
      vertex 40.3333 48.4944 4
    endloop
  endfacet
  facet normal 0.471329 -0.881957 0
    outer loop
      vertex 43.148 43.2284 4
      vertex 43.6667 43.5056 6
      vertex 43.148 43.2284 6
    endloop
  endfacet
  facet normal 0.471329 -0.881957 0
    outer loop
      vertex 43.6667 43.5056 6
      vertex 43.148 43.2284 4
      vertex 43.6667 43.5056 4
    endloop
  endfacet
  facet normal -0.772994 0.634413 0
    outer loop
      vertex 39.5056 47.6667 4
      vertex 39.8787 48.1213 6
      vertex 39.8787 48.1213 4
    endloop
  endfacet
  facet normal -0.772994 0.634413 0
    outer loop
      vertex 39.8787 48.1213 6
      vertex 39.5056 47.6667 4
      vertex 39.5056 47.6667 6
    endloop
  endfacet
  facet normal 0.772994 0.634413 0
    outer loop
      vertex 44.4944 47.6667 6
      vertex 44.1213 48.1213 4
      vertex 44.1213 48.1213 6
    endloop
  endfacet
  facet normal 0.772994 0.634413 0
    outer loop
      vertex 44.1213 48.1213 4
      vertex 44.4944 47.6667 6
      vertex 44.4944 47.6667 4
    endloop
  endfacet
  facet normal 0.772994 -0.634413 0
    outer loop
      vertex 44.1213 43.8787 6
      vertex 44.4944 44.3333 4
      vertex 44.4944 44.3333 6
    endloop
  endfacet
  facet normal 0.772994 -0.634413 0
    outer loop
      vertex 44.4944 44.3333 4
      vertex 44.1213 43.8787 6
      vertex 44.1213 43.8787 4
    endloop
  endfacet
  facet normal -0.097938 -0.995193 0
    outer loop
      vertex 41.4147 43.0576 4
      vertex 42 43 6
      vertex 41.4147 43.0576 6
    endloop
  endfacet
  facet normal -0.097938 -0.995193 -0
    outer loop
      vertex 42 43 6
      vertex 41.4147 43.0576 4
      vertex 42 43 4
    endloop
  endfacet
  facet normal -0.290451 0.95689 0
    outer loop
      vertex 41.4147 48.9424 4
      vertex 40.852 48.7716 6
      vertex 41.4147 48.9424 6
    endloop
  endfacet
  facet normal -0.290451 0.95689 0
    outer loop
      vertex 40.852 48.7716 6
      vertex 41.4147 48.9424 4
      vertex 40.852 48.7716 4
    endloop
  endfacet
  facet normal 0.634413 -0.772994 0
    outer loop
      vertex 43.6667 43.5056 4
      vertex 44.1213 43.8787 6
      vertex 43.6667 43.5056 6
    endloop
  endfacet
  facet normal 0.634413 -0.772994 0
    outer loop
      vertex 44.1213 43.8787 6
      vertex 43.6667 43.5056 4
      vertex 44.1213 43.8787 4
    endloop
  endfacet
  facet normal 0.995193 -0.097938 0
    outer loop
      vertex 44.9424 45.4147 6
      vertex 45 46 4
      vertex 45 46 6
    endloop
  endfacet
  facet normal 0.995193 -0.097938 0
    outer loop
      vertex 45 46 4
      vertex 44.9424 45.4147 6
      vertex 44.9424 45.4147 4
    endloop
  endfacet
  facet normal -0.290451 -0.95689 0
    outer loop
      vertex 40.852 43.2284 4
      vertex 41.4147 43.0576 6
      vertex 40.852 43.2284 6
    endloop
  endfacet
  facet normal -0.290451 -0.95689 -0
    outer loop
      vertex 41.4147 43.0576 6
      vertex 40.852 43.2284 4
      vertex 41.4147 43.0576 4
    endloop
  endfacet
  facet normal 0 0 1
    outer loop
      vertex 43.25 46 6
      vertex 45 46 6
      vertex 44.9424 46.5853 6
    endloop
  endfacet
  facet normal 0 0 1
    outer loop
      vertex 43.1549 46.4784 6
      vertex 44.9424 46.5853 6
      vertex 44.7716 47.148 6
    endloop
  endfacet
  facet normal 0 0 1
    outer loop
      vertex 45 46 6
      vertex 43.25 46 6
      vertex 44.9424 45.4147 6
    endloop
  endfacet
  facet normal 0 0 1
    outer loop
      vertex 43.1549 46.4784 6
      vertex 44.7716 47.148 6
      vertex 44.4944 47.6667 6
    endloop
  endfacet
  facet normal -0 0 1
    outer loop
      vertex 43.1549 45.5216 6
      vertex 44.9424 45.4147 6
      vertex 43.25 46 6
    endloop
  endfacet
  facet normal 0 0 1
    outer loop
      vertex 42.8839 46.8839 6
      vertex 44.4944 47.6667 6
      vertex 44.1213 48.1213 6
    endloop
  endfacet
  facet normal 0 0 1
    outer loop
      vertex 44.9424 45.4147 6
      vertex 43.1549 45.5216 6
      vertex 44.7716 44.852 6
    endloop
  endfacet
  facet normal 0 0 1
    outer loop
      vertex 42.8839 46.8839 6
      vertex 44.1213 48.1213 6
      vertex 43.6667 48.4944 6
    endloop
  endfacet
  facet normal 0 0 1
    outer loop
      vertex 44.7716 44.852 6
      vertex 43.1549 45.5216 6
      vertex 44.4944 44.3333 6
    endloop
  endfacet
  facet normal -0 0 1
    outer loop
      vertex 42.8839 45.1161 6
      vertex 44.4944 44.3333 6
      vertex 43.1549 45.5216 6
    endloop
  endfacet
  facet normal 0 0 1
    outer loop
      vertex 44.9424 46.5853 6
      vertex 43.1549 46.4784 6
      vertex 43.25 46 6
    endloop
  endfacet
  facet normal 0 0 1
    outer loop
      vertex 42.4784 47.1549 6
      vertex 43.6667 48.4944 6
      vertex 43.148 48.7716 6
    endloop
  endfacet
  facet normal 0 0 1
    outer loop
      vertex 44.4944 47.6667 6
      vertex 42.8839 46.8839 6
      vertex 43.1549 46.4784 6
    endloop
  endfacet
  facet normal 0 0 1
    outer loop
      vertex 42.4784 47.1549 6
      vertex 43.148 48.7716 6
      vertex 42.5853 48.9424 6
    endloop
  endfacet
  facet normal 0 0 1
    outer loop
      vertex 43.6667 48.4944 6
      vertex 42.4784 47.1549 6
      vertex 42.8839 46.8839 6
    endloop
  endfacet
  facet normal 0 0 1
    outer loop
      vertex 42 47.25 6
      vertex 42.5853 48.9424 6
      vertex 42 49 6
    endloop
  endfacet
  facet normal 0 0 1
    outer loop
      vertex 42.5853 48.9424 6
      vertex 42 47.25 6
      vertex 42.4784 47.1549 6
    endloop
  endfacet
  facet normal -0 0 1
    outer loop
      vertex 41.4147 48.9424 6
      vertex 42 47.25 6
      vertex 42 49 6
    endloop
  endfacet
  facet normal 0 0 1
    outer loop
      vertex 42 47.25 6
      vertex 41.4147 48.9424 6
      vertex 41.5216 47.1549 6
    endloop
  endfacet
  facet normal -0 0 1
    outer loop
      vertex 40.852 48.7716 6
      vertex 41.5216 47.1549 6
      vertex 41.4147 48.9424 6
    endloop
  endfacet
  facet normal -0 0 1
    outer loop
      vertex 40.3333 48.4944 6
      vertex 41.5216 47.1549 6
      vertex 40.852 48.7716 6
    endloop
  endfacet
  facet normal 0 0 1
    outer loop
      vertex 41.5216 47.1549 6
      vertex 40.3333 48.4944 6
      vertex 41.1161 46.8839 6
    endloop
  endfacet
  facet normal -0 0 1
    outer loop
      vertex 39.8787 48.1213 6
      vertex 41.1161 46.8839 6
      vertex 40.3333 48.4944 6
    endloop
  endfacet
  facet normal -0 0 1
    outer loop
      vertex 39.5056 47.6667 6
      vertex 41.1161 46.8839 6
      vertex 39.8787 48.1213 6
    endloop
  endfacet
  facet normal 0 0 1
    outer loop
      vertex 44.4944 44.3333 6
      vertex 42.8839 45.1161 6
      vertex 44.1213 43.8787 6
    endloop
  endfacet
  facet normal 0 0 1
    outer loop
      vertex 44.1213 43.8787 6
      vertex 42.8839 45.1161 6
      vertex 43.6667 43.5056 6
    endloop
  endfacet
  facet normal -0 0 1
    outer loop
      vertex 42.4784 44.8451 6
      vertex 43.6667 43.5056 6
      vertex 42.8839 45.1161 6
    endloop
  endfacet
  facet normal 0 0 1
    outer loop
      vertex 43.6667 43.5056 6
      vertex 42.4784 44.8451 6
      vertex 43.148 43.2284 6
    endloop
  endfacet
  facet normal 0 0 1
    outer loop
      vertex 43.148 43.2284 6
      vertex 42.4784 44.8451 6
      vertex 42.5853 43.0576 6
    endloop
  endfacet
  facet normal -0 0 1
    outer loop
      vertex 42 44.75 6
      vertex 42.5853 43.0576 6
      vertex 42.4784 44.8451 6
    endloop
  endfacet
  facet normal 0 0 1
    outer loop
      vertex 42 44.75 6
      vertex 42 43 6
      vertex 42.5853 43.0576 6
    endloop
  endfacet
  facet normal 0 0 1
    outer loop
      vertex 41.4147 43.0576 6
      vertex 42 44.75 6
      vertex 41.5216 44.8451 6
    endloop
  endfacet
  facet normal 0 0 1
    outer loop
      vertex 42 44.75 6
      vertex 41.4147 43.0576 6
      vertex 42 43 6
    endloop
  endfacet
  facet normal 0 0 1
    outer loop
      vertex 40.3333 43.5056 6
      vertex 41.5216 44.8451 6
      vertex 41.1161 45.1161 6
    endloop
  endfacet
  facet normal 0 0 1
    outer loop
      vertex 41.5216 44.8451 6
      vertex 40.852 43.2284 6
      vertex 41.4147 43.0576 6
    endloop
  endfacet
  facet normal 0 0 1
    outer loop
      vertex 39.5056 44.3333 6
      vertex 41.1161 45.1161 6
      vertex 40.8451 45.5216 6
    endloop
  endfacet
  facet normal 0 0 1
    outer loop
      vertex 39.0576 45.4147 6
      vertex 40.8451 45.5216 6
      vertex 40.75 46 6
    endloop
  endfacet
  facet normal 0 0 1
    outer loop
      vertex 41.1161 46.8839 6
      vertex 39.5056 47.6667 6
      vertex 40.8451 46.4784 6
    endloop
  endfacet
  facet normal 0 0 1
    outer loop
      vertex 41.5216 44.8451 6
      vertex 40.3333 43.5056 6
      vertex 40.852 43.2284 6
    endloop
  endfacet
  facet normal -0 0 1
    outer loop
      vertex 39.2284 47.148 6
      vertex 40.8451 46.4784 6
      vertex 39.5056 47.6667 6
    endloop
  endfacet
  facet normal 0 0 1
    outer loop
      vertex 41.1161 45.1161 6
      vertex 39.8787 43.8787 6
      vertex 40.3333 43.5056 6
    endloop
  endfacet
  facet normal -0 0 1
    outer loop
      vertex 39.0576 46.5853 6
      vertex 40.8451 46.4784 6
      vertex 39.2284 47.148 6
    endloop
  endfacet
  facet normal 0 0 1
    outer loop
      vertex 41.1161 45.1161 6
      vertex 39.5056 44.3333 6
      vertex 39.8787 43.8787 6
    endloop
  endfacet
  facet normal 0 0 1
    outer loop
      vertex 40.8451 46.4784 6
      vertex 39.0576 46.5853 6
      vertex 40.75 46 6
    endloop
  endfacet
  facet normal 0 0 1
    outer loop
      vertex 40.8451 45.5216 6
      vertex 39.2284 44.852 6
      vertex 39.5056 44.3333 6
    endloop
  endfacet
  facet normal 0 0 1
    outer loop
      vertex 39 46 6
      vertex 40.75 46 6
      vertex 39.0576 46.5853 6
    endloop
  endfacet
  facet normal 0 0 1
    outer loop
      vertex 40.8451 45.5216 6
      vertex 39.0576 45.4147 6
      vertex 39.2284 44.852 6
    endloop
  endfacet
  facet normal 0 0 1
    outer loop
      vertex 40.75 46 6
      vertex 39 46 6
      vertex 39.0576 45.4147 6
    endloop
  endfacet
  facet normal 0.95689 -0.290451 0
    outer loop
      vertex 44.7716 44.852 6
      vertex 44.9424 45.4147 4
      vertex 44.9424 45.4147 6
    endloop
  endfacet
  facet normal 0.95689 -0.290451 0
    outer loop
      vertex 44.9424 45.4147 4
      vertex 44.7716 44.852 6
      vertex 44.7716 44.852 4
    endloop
  endfacet
  facet normal -0.95689 -0.290451 0
    outer loop
      vertex 39.2284 44.852 4
      vertex 39.0576 45.4147 6
      vertex 39.0576 45.4147 4
    endloop
  endfacet
  facet normal -0.95689 -0.290451 0
    outer loop
      vertex 39.0576 45.4147 6
      vertex 39.2284 44.852 4
      vertex 39.2284 44.852 6
    endloop
  endfacet
  facet normal 0.881957 -0.471329 0
    outer loop
      vertex 44.4944 44.3333 6
      vertex 44.7716 44.852 4
      vertex 44.7716 44.852 6
    endloop
  endfacet
  facet normal 0.881957 -0.471329 0
    outer loop
      vertex 44.7716 44.852 4
      vertex 44.4944 44.3333 6
      vertex 44.4944 44.3333 4
    endloop
  endfacet
  facet normal -0.995193 0.097938 0
    outer loop
      vertex 39 46 4
      vertex 39.0576 46.5853 6
      vertex 39.0576 46.5853 4
    endloop
  endfacet
  facet normal -0.995193 0.097938 0
    outer loop
      vertex 39.0576 46.5853 6
      vertex 39 46 4
      vertex 39 46 6
    endloop
  endfacet
  facet normal 0.097938 0.995193 -0
    outer loop
      vertex 42.5853 48.9424 4
      vertex 42 49 6
      vertex 42.5853 48.9424 6
    endloop
  endfacet
  facet normal 0.097938 0.995193 0
    outer loop
      vertex 42 49 6
      vertex 42.5853 48.9424 4
      vertex 42 49 4
    endloop
  endfacet
  facet normal -0.634413 0.772994 0
    outer loop
      vertex 40.3333 48.4944 4
      vertex 39.8787 48.1213 6
      vertex 40.3333 48.4944 6
    endloop
  endfacet
  facet normal -0.634413 0.772994 0
    outer loop
      vertex 39.8787 48.1213 6
      vertex 40.3333 48.4944 4
      vertex 39.8787 48.1213 4
    endloop
  endfacet
  facet normal 0.634413 0.772994 -0
    outer loop
      vertex 44.1213 48.1213 4
      vertex 43.6667 48.4944 6
      vertex 44.1213 48.1213 6
    endloop
  endfacet
  facet normal 0.634413 0.772994 0
    outer loop
      vertex 43.6667 48.4944 6
      vertex 44.1213 48.1213 4
      vertex 43.6667 48.4944 4
    endloop
  endfacet
  facet normal 0.097938 -0.995193 0
    outer loop
      vertex 42 43 4
      vertex 42.5853 43.0576 6
      vertex 42 43 6
    endloop
  endfacet
  facet normal 0.097938 -0.995193 0
    outer loop
      vertex 42.5853 43.0576 6
      vertex 42 43 4
      vertex 42.5853 43.0576 4
    endloop
  endfacet
  facet normal 0.471329 0.881957 -0
    outer loop
      vertex 43.6667 48.4944 4
      vertex 43.148 48.7716 6
      vertex 43.6667 48.4944 6
    endloop
  endfacet
  facet normal 0.471329 0.881957 0
    outer loop
      vertex 43.148 48.7716 6
      vertex 43.6667 48.4944 4
      vertex 43.148 48.7716 4
    endloop
  endfacet
  facet normal -0.772994 -0.634413 0
    outer loop
      vertex 39.8787 43.8787 4
      vertex 39.5056 44.3333 6
      vertex 39.5056 44.3333 4
    endloop
  endfacet
  facet normal -0.772994 -0.634413 0
    outer loop
      vertex 39.5056 44.3333 6
      vertex 39.8787 43.8787 4
      vertex 39.8787 43.8787 6
    endloop
  endfacet
  facet normal -0.634413 -0.772994 0
    outer loop
      vertex 39.8787 43.8787 4
      vertex 40.3333 43.5056 6
      vertex 39.8787 43.8787 6
    endloop
  endfacet
  facet normal -0.634413 -0.772994 -0
    outer loop
      vertex 40.3333 43.5056 6
      vertex 39.8787 43.8787 4
      vertex 40.3333 43.5056 4
    endloop
  endfacet
  facet normal -0.95689 0.290451 0
    outer loop
      vertex 39.0576 46.5853 4
      vertex 39.2284 47.148 6
      vertex 39.2284 47.148 4
    endloop
  endfacet
  facet normal -0.95689 0.290451 0
    outer loop
      vertex 39.2284 47.148 6
      vertex 39.0576 46.5853 4
      vertex 39.0576 46.5853 6
    endloop
  endfacet
  facet normal -0.881957 0.471329 0
    outer loop
      vertex 39.2284 47.148 4
      vertex 39.5056 47.6667 6
      vertex 39.5056 47.6667 4
    endloop
  endfacet
  facet normal -0.881957 0.471329 0
    outer loop
      vertex 39.5056 47.6667 6
      vertex 39.2284 47.148 4
      vertex 39.2284 47.148 6
    endloop
  endfacet
  facet normal -0.995193 -0.097938 0
    outer loop
      vertex 39.0576 45.4147 4
      vertex 39 46 6
      vertex 39 46 4
    endloop
  endfacet
  facet normal -0.995193 -0.097938 0
    outer loop
      vertex 39 46 6
      vertex 39.0576 45.4147 4
      vertex 39.0576 45.4147 6
    endloop
  endfacet
  facet normal -0.831508 -0.555513 0
    outer loop
      vertex 64.4782 26.1123 0
      vertex 64.1314 26.6314 3
      vertex 64.1314 26.6314 0
    endloop
  endfacet
  facet normal -0.831508 -0.555513 0
    outer loop
      vertex 64.1314 26.6314 3
      vertex 64.4782 26.1123 0
      vertex 64.4782 26.1123 3
    endloop
  endfacet
  facet normal -0.980783 -0.1951 0
    outer loop
      vertex 64.6 25.5 0
      vertex 64.4782 26.1123 3
      vertex 64.4782 26.1123 0
    endloop
  endfacet
  facet normal -0.980783 -0.1951 0
    outer loop
      vertex 64.4782 26.1123 3
      vertex 64.6 25.5 0
      vertex 64.6 25.5 3
    endloop
  endfacet
  facet normal -0.555513 -0.831508 0
    outer loop
      vertex 63.6123 26.9782 0
      vertex 64.1314 26.6314 3
      vertex 63.6123 26.9782 3
    endloop
  endfacet
  facet normal -0.555513 -0.831508 -0
    outer loop
      vertex 64.1314 26.6314 3
      vertex 63.6123 26.9782 0
      vertex 64.1314 26.6314 0
    endloop
  endfacet
  facet normal -0.831508 0.555513 0
    outer loop
      vertex 64.1314 24.3686 0
      vertex 64.4782 24.8877 3
      vertex 64.4782 24.8877 0
    endloop
  endfacet
  facet normal -0.831508 0.555513 0
    outer loop
      vertex 64.4782 24.8877 3
      vertex 64.1314 24.3686 0
      vertex 64.1314 24.3686 3
    endloop
  endfacet
  facet normal 0.1951 -0.980783 0
    outer loop
      vertex 62.3877 26.9782 0
      vertex 63 27.1 3
      vertex 62.3877 26.9782 3
    endloop
  endfacet
  facet normal 0.1951 -0.980783 0
    outer loop
      vertex 63 27.1 3
      vertex 62.3877 26.9782 0
      vertex 63 27.1 0
    endloop
  endfacet
  facet normal 0.831508 -0.555513 0
    outer loop
      vertex 61.5218 26.1123 3
      vertex 61.8686 26.6314 0
      vertex 61.8686 26.6314 3
    endloop
  endfacet
  facet normal 0.831508 -0.555513 0
    outer loop
      vertex 61.8686 26.6314 0
      vertex 61.5218 26.1123 3
      vertex 61.5218 26.1123 0
    endloop
  endfacet
  facet normal 0.980783 -0.1951 0
    outer loop
      vertex 61.4 25.5 3
      vertex 61.5218 26.1123 0
      vertex 61.5218 26.1123 3
    endloop
  endfacet
  facet normal 0.980783 -0.1951 0
    outer loop
      vertex 61.5218 26.1123 0
      vertex 61.4 25.5 3
      vertex 61.4 25.5 0
    endloop
  endfacet
  facet normal -0.1951 0.980783 0
    outer loop
      vertex 63.6123 24.0218 0
      vertex 63 23.9 3
      vertex 63.6123 24.0218 3
    endloop
  endfacet
  facet normal -0.1951 0.980783 0
    outer loop
      vertex 63 23.9 3
      vertex 63.6123 24.0218 0
      vertex 63 23.9 0
    endloop
  endfacet
  facet normal 0.1951 0.980783 -0
    outer loop
      vertex 63 23.9 0
      vertex 62.3877 24.0218 3
      vertex 63 23.9 3
    endloop
  endfacet
  facet normal 0.1951 0.980783 0
    outer loop
      vertex 62.3877 24.0218 3
      vertex 63 23.9 0
      vertex 62.3877 24.0218 0
    endloop
  endfacet
  facet normal 0.980783 0.1951 0
    outer loop
      vertex 61.5218 24.8877 3
      vertex 61.4 25.5 0
      vertex 61.4 25.5 3
    endloop
  endfacet
  facet normal 0.980783 0.1951 0
    outer loop
      vertex 61.4 25.5 0
      vertex 61.5218 24.8877 3
      vertex 61.5218 24.8877 0
    endloop
  endfacet
  facet normal -0.1951 -0.980783 0
    outer loop
      vertex 63 27.1 0
      vertex 63.6123 26.9782 3
      vertex 63 27.1 3
    endloop
  endfacet
  facet normal -0.1951 -0.980783 -0
    outer loop
      vertex 63.6123 26.9782 3
      vertex 63 27.1 0
      vertex 63.6123 26.9782 0
    endloop
  endfacet
  facet normal -0.980783 0.1951 0
    outer loop
      vertex 64.4782 24.8877 0
      vertex 64.6 25.5 3
      vertex 64.6 25.5 0
    endloop
  endfacet
  facet normal -0.980783 0.1951 0
    outer loop
      vertex 64.6 25.5 3
      vertex 64.4782 24.8877 0
      vertex 64.4782 24.8877 3
    endloop
  endfacet
  facet normal -0.555513 0.831508 0
    outer loop
      vertex 64.1314 24.3686 0
      vertex 63.6123 24.0218 3
      vertex 64.1314 24.3686 3
    endloop
  endfacet
  facet normal -0.555513 0.831508 0
    outer loop
      vertex 63.6123 24.0218 3
      vertex 64.1314 24.3686 0
      vertex 63.6123 24.0218 0
    endloop
  endfacet
  facet normal 0.831508 0.555513 0
    outer loop
      vertex 61.8686 24.3686 3
      vertex 61.5218 24.8877 0
      vertex 61.5218 24.8877 3
    endloop
  endfacet
  facet normal 0.831508 0.555513 0
    outer loop
      vertex 61.5218 24.8877 0
      vertex 61.8686 24.3686 3
      vertex 61.8686 24.3686 0
    endloop
  endfacet
  facet normal 0.555513 -0.831508 0
    outer loop
      vertex 61.8686 26.6314 0
      vertex 62.3877 26.9782 3
      vertex 61.8686 26.6314 3
    endloop
  endfacet
  facet normal 0.555513 -0.831508 0
    outer loop
      vertex 62.3877 26.9782 3
      vertex 61.8686 26.6314 0
      vertex 62.3877 26.9782 0
    endloop
  endfacet
  facet normal 0.555513 0.831508 -0
    outer loop
      vertex 62.3877 24.0218 0
      vertex 61.8686 24.3686 3
      vertex 62.3877 24.0218 3
    endloop
  endfacet
  facet normal 0.555513 0.831508 0
    outer loop
      vertex 61.8686 24.3686 3
      vertex 62.3877 24.0218 0
      vertex 61.8686 24.3686 0
    endloop
  endfacet
  facet normal -0.831508 -0.555513 0
    outer loop
      vertex 83.4782 26.1123 0
      vertex 83.1314 26.6314 3
      vertex 83.1314 26.6314 0
    endloop
  endfacet
  facet normal -0.831508 -0.555513 0
    outer loop
      vertex 83.1314 26.6314 3
      vertex 83.4782 26.1123 0
      vertex 83.4782 26.1123 3
    endloop
  endfacet
  facet normal -0.980783 -0.1951 0
    outer loop
      vertex 83.6 25.5 0
      vertex 83.4782 26.1123 3
      vertex 83.4782 26.1123 0
    endloop
  endfacet
  facet normal -0.980783 -0.1951 0
    outer loop
      vertex 83.4782 26.1123 3
      vertex 83.6 25.5 0
      vertex 83.6 25.5 3
    endloop
  endfacet
  facet normal -0.555513 -0.831508 0
    outer loop
      vertex 82.6123 26.9782 0
      vertex 83.1314 26.6314 3
      vertex 82.6123 26.9782 3
    endloop
  endfacet
  facet normal -0.555513 -0.831508 -0
    outer loop
      vertex 83.1314 26.6314 3
      vertex 82.6123 26.9782 0
      vertex 83.1314 26.6314 0
    endloop
  endfacet
  facet normal -0.831508 0.555513 0
    outer loop
      vertex 83.1314 24.3686 0
      vertex 83.4782 24.8877 3
      vertex 83.4782 24.8877 0
    endloop
  endfacet
  facet normal -0.831508 0.555513 0
    outer loop
      vertex 83.4782 24.8877 3
      vertex 83.1314 24.3686 0
      vertex 83.1314 24.3686 3
    endloop
  endfacet
  facet normal 0.1951 -0.980783 0
    outer loop
      vertex 81.3877 26.9782 0
      vertex 82 27.1 3
      vertex 81.3877 26.9782 3
    endloop
  endfacet
  facet normal 0.1951 -0.980783 0
    outer loop
      vertex 82 27.1 3
      vertex 81.3877 26.9782 0
      vertex 82 27.1 0
    endloop
  endfacet
  facet normal 0.831508 -0.555513 0
    outer loop
      vertex 80.5218 26.1123 3
      vertex 80.8686 26.6314 0
      vertex 80.8686 26.6314 3
    endloop
  endfacet
  facet normal 0.831508 -0.555513 0
    outer loop
      vertex 80.8686 26.6314 0
      vertex 80.5218 26.1123 3
      vertex 80.5218 26.1123 0
    endloop
  endfacet
  facet normal 0.980783 -0.1951 0
    outer loop
      vertex 80.4 25.5 3
      vertex 80.5218 26.1123 0
      vertex 80.5218 26.1123 3
    endloop
  endfacet
  facet normal 0.980783 -0.1951 0
    outer loop
      vertex 80.5218 26.1123 0
      vertex 80.4 25.5 3
      vertex 80.4 25.5 0
    endloop
  endfacet
  facet normal -0.1951 0.980783 0
    outer loop
      vertex 82.6123 24.0218 0
      vertex 82 23.9 3
      vertex 82.6123 24.0218 3
    endloop
  endfacet
  facet normal -0.1951 0.980783 0
    outer loop
      vertex 82 23.9 3
      vertex 82.6123 24.0218 0
      vertex 82 23.9 0
    endloop
  endfacet
  facet normal 0.1951 0.980783 -0
    outer loop
      vertex 82 23.9 0
      vertex 81.3877 24.0218 3
      vertex 82 23.9 3
    endloop
  endfacet
  facet normal 0.1951 0.980783 0
    outer loop
      vertex 81.3877 24.0218 3
      vertex 82 23.9 0
      vertex 81.3877 24.0218 0
    endloop
  endfacet
  facet normal 0.980783 0.1951 0
    outer loop
      vertex 80.5218 24.8877 3
      vertex 80.4 25.5 0
      vertex 80.4 25.5 3
    endloop
  endfacet
  facet normal 0.980783 0.1951 0
    outer loop
      vertex 80.4 25.5 0
      vertex 80.5218 24.8877 3
      vertex 80.5218 24.8877 0
    endloop
  endfacet
  facet normal -0.1951 -0.980783 0
    outer loop
      vertex 82 27.1 0
      vertex 82.6123 26.9782 3
      vertex 82 27.1 3
    endloop
  endfacet
  facet normal -0.1951 -0.980783 -0
    outer loop
      vertex 82.6123 26.9782 3
      vertex 82 27.1 0
      vertex 82.6123 26.9782 0
    endloop
  endfacet
  facet normal -0.980783 0.1951 0
    outer loop
      vertex 83.4782 24.8877 0
      vertex 83.6 25.5 3
      vertex 83.6 25.5 0
    endloop
  endfacet
  facet normal -0.980783 0.1951 0
    outer loop
      vertex 83.6 25.5 3
      vertex 83.4782 24.8877 0
      vertex 83.4782 24.8877 3
    endloop
  endfacet
  facet normal -0.555513 0.831508 0
    outer loop
      vertex 83.1314 24.3686 0
      vertex 82.6123 24.0218 3
      vertex 83.1314 24.3686 3
    endloop
  endfacet
  facet normal -0.555513 0.831508 0
    outer loop
      vertex 82.6123 24.0218 3
      vertex 83.1314 24.3686 0
      vertex 82.6123 24.0218 0
    endloop
  endfacet
  facet normal 0.831508 0.555513 0
    outer loop
      vertex 80.8686 24.3686 3
      vertex 80.5218 24.8877 0
      vertex 80.5218 24.8877 3
    endloop
  endfacet
  facet normal 0.831508 0.555513 0
    outer loop
      vertex 80.5218 24.8877 0
      vertex 80.8686 24.3686 3
      vertex 80.8686 24.3686 0
    endloop
  endfacet
  facet normal 0.555513 -0.831508 0
    outer loop
      vertex 80.8686 26.6314 0
      vertex 81.3877 26.9782 3
      vertex 80.8686 26.6314 3
    endloop
  endfacet
  facet normal 0.555513 -0.831508 0
    outer loop
      vertex 81.3877 26.9782 3
      vertex 80.8686 26.6314 0
      vertex 81.3877 26.9782 0
    endloop
  endfacet
  facet normal 0.555513 0.831508 -0
    outer loop
      vertex 81.3877 24.0218 0
      vertex 80.8686 24.3686 3
      vertex 81.3877 24.0218 3
    endloop
  endfacet
  facet normal 0.555513 0.831508 0
    outer loop
      vertex 80.8686 24.3686 3
      vertex 81.3877 24.0218 0
      vertex 80.8686 24.3686 0
    endloop
  endfacet
  facet normal -0.831508 -0.555513 0
    outer loop
      vertex 64.4782 45.1123 0
      vertex 64.1314 45.6314 3
      vertex 64.1314 45.6314 0
    endloop
  endfacet
  facet normal -0.831508 -0.555513 0
    outer loop
      vertex 64.1314 45.6314 3
      vertex 64.4782 45.1123 0
      vertex 64.4782 45.1123 3
    endloop
  endfacet
  facet normal -0.980783 -0.1951 0
    outer loop
      vertex 64.6 44.5 0
      vertex 64.4782 45.1123 3
      vertex 64.4782 45.1123 0
    endloop
  endfacet
  facet normal -0.980783 -0.1951 0
    outer loop
      vertex 64.4782 45.1123 3
      vertex 64.6 44.5 0
      vertex 64.6 44.5 3
    endloop
  endfacet
  facet normal -0.555513 -0.831508 0
    outer loop
      vertex 63.6123 45.9782 0
      vertex 64.1314 45.6314 3
      vertex 63.6123 45.9782 3
    endloop
  endfacet
  facet normal -0.555513 -0.831508 -0
    outer loop
      vertex 64.1314 45.6314 3
      vertex 63.6123 45.9782 0
      vertex 64.1314 45.6314 0
    endloop
  endfacet
  facet normal -0.831508 0.555513 0
    outer loop
      vertex 64.1314 43.3686 0
      vertex 64.4782 43.8877 3
      vertex 64.4782 43.8877 0
    endloop
  endfacet
  facet normal -0.831508 0.555513 0
    outer loop
      vertex 64.4782 43.8877 3
      vertex 64.1314 43.3686 0
      vertex 64.1314 43.3686 3
    endloop
  endfacet
  facet normal 0.1951 -0.980783 0
    outer loop
      vertex 62.3877 45.9782 0
      vertex 63 46.1 3
      vertex 62.3877 45.9782 3
    endloop
  endfacet
  facet normal 0.1951 -0.980783 0
    outer loop
      vertex 63 46.1 3
      vertex 62.3877 45.9782 0
      vertex 63 46.1 0
    endloop
  endfacet
  facet normal 0.831508 -0.555513 0
    outer loop
      vertex 61.5218 45.1123 3
      vertex 61.8686 45.6314 0
      vertex 61.8686 45.6314 3
    endloop
  endfacet
  facet normal 0.831508 -0.555513 0
    outer loop
      vertex 61.8686 45.6314 0
      vertex 61.5218 45.1123 3
      vertex 61.5218 45.1123 0
    endloop
  endfacet
  facet normal 0.980783 -0.1951 0
    outer loop
      vertex 61.4 44.5 3
      vertex 61.5218 45.1123 0
      vertex 61.5218 45.1123 3
    endloop
  endfacet
  facet normal 0.980783 -0.1951 0
    outer loop
      vertex 61.5218 45.1123 0
      vertex 61.4 44.5 3
      vertex 61.4 44.5 0
    endloop
  endfacet
  facet normal -0.1951 0.980783 0
    outer loop
      vertex 63.6123 43.0218 0
      vertex 63 42.9 3
      vertex 63.6123 43.0218 3
    endloop
  endfacet
  facet normal -0.1951 0.980783 0
    outer loop
      vertex 63 42.9 3
      vertex 63.6123 43.0218 0
      vertex 63 42.9 0
    endloop
  endfacet
  facet normal 0.1951 0.980783 -0
    outer loop
      vertex 63 42.9 0
      vertex 62.3877 43.0218 3
      vertex 63 42.9 3
    endloop
  endfacet
  facet normal 0.1951 0.980783 0
    outer loop
      vertex 62.3877 43.0218 3
      vertex 63 42.9 0
      vertex 62.3877 43.0218 0
    endloop
  endfacet
  facet normal 0.980783 0.1951 0
    outer loop
      vertex 61.5218 43.8877 3
      vertex 61.4 44.5 0
      vertex 61.4 44.5 3
    endloop
  endfacet
  facet normal 0.980783 0.1951 0
    outer loop
      vertex 61.4 44.5 0
      vertex 61.5218 43.8877 3
      vertex 61.5218 43.8877 0
    endloop
  endfacet
  facet normal -0.1951 -0.980783 0
    outer loop
      vertex 63 46.1 0
      vertex 63.6123 45.9782 3
      vertex 63 46.1 3
    endloop
  endfacet
  facet normal -0.1951 -0.980783 -0
    outer loop
      vertex 63.6123 45.9782 3
      vertex 63 46.1 0
      vertex 63.6123 45.9782 0
    endloop
  endfacet
  facet normal -0.980783 0.1951 0
    outer loop
      vertex 64.4782 43.8877 0
      vertex 64.6 44.5 3
      vertex 64.6 44.5 0
    endloop
  endfacet
  facet normal -0.980783 0.1951 0
    outer loop
      vertex 64.6 44.5 3
      vertex 64.4782 43.8877 0
      vertex 64.4782 43.8877 3
    endloop
  endfacet
  facet normal -0.555513 0.831508 0
    outer loop
      vertex 64.1314 43.3686 0
      vertex 63.6123 43.0218 3
      vertex 64.1314 43.3686 3
    endloop
  endfacet
  facet normal -0.555513 0.831508 0
    outer loop
      vertex 63.6123 43.0218 3
      vertex 64.1314 43.3686 0
      vertex 63.6123 43.0218 0
    endloop
  endfacet
  facet normal 0.831508 0.555513 0
    outer loop
      vertex 61.8686 43.3686 3
      vertex 61.5218 43.8877 0
      vertex 61.5218 43.8877 3
    endloop
  endfacet
  facet normal 0.831508 0.555513 0
    outer loop
      vertex 61.5218 43.8877 0
      vertex 61.8686 43.3686 3
      vertex 61.8686 43.3686 0
    endloop
  endfacet
  facet normal 0.555513 -0.831508 0
    outer loop
      vertex 61.8686 45.6314 0
      vertex 62.3877 45.9782 3
      vertex 61.8686 45.6314 3
    endloop
  endfacet
  facet normal 0.555513 -0.831508 0
    outer loop
      vertex 62.3877 45.9782 3
      vertex 61.8686 45.6314 0
      vertex 62.3877 45.9782 0
    endloop
  endfacet
  facet normal 0.555513 0.831508 -0
    outer loop
      vertex 62.3877 43.0218 0
      vertex 61.8686 43.3686 3
      vertex 62.3877 43.0218 3
    endloop
  endfacet
  facet normal 0.555513 0.831508 0
    outer loop
      vertex 61.8686 43.3686 3
      vertex 62.3877 43.0218 0
      vertex 61.8686 43.3686 0
    endloop
  endfacet
  facet normal -0.831508 -0.555513 0
    outer loop
      vertex 83.4782 45.1123 0
      vertex 83.1314 45.6314 3
      vertex 83.1314 45.6314 0
    endloop
  endfacet
  facet normal -0.831508 -0.555513 0
    outer loop
      vertex 83.1314 45.6314 3
      vertex 83.4782 45.1123 0
      vertex 83.4782 45.1123 3
    endloop
  endfacet
  facet normal -0.980783 -0.1951 0
    outer loop
      vertex 83.6 44.5 0
      vertex 83.4782 45.1123 3
      vertex 83.4782 45.1123 0
    endloop
  endfacet
  facet normal -0.980783 -0.1951 0
    outer loop
      vertex 83.4782 45.1123 3
      vertex 83.6 44.5 0
      vertex 83.6 44.5 3
    endloop
  endfacet
  facet normal -0.555513 -0.831508 0
    outer loop
      vertex 82.6123 45.9782 0
      vertex 83.1314 45.6314 3
      vertex 82.6123 45.9782 3
    endloop
  endfacet
  facet normal -0.555513 -0.831508 -0
    outer loop
      vertex 83.1314 45.6314 3
      vertex 82.6123 45.9782 0
      vertex 83.1314 45.6314 0
    endloop
  endfacet
  facet normal -0.831508 0.555513 0
    outer loop
      vertex 83.1314 43.3686 0
      vertex 83.4782 43.8877 3
      vertex 83.4782 43.8877 0
    endloop
  endfacet
  facet normal -0.831508 0.555513 0
    outer loop
      vertex 83.4782 43.8877 3
      vertex 83.1314 43.3686 0
      vertex 83.1314 43.3686 3
    endloop
  endfacet
  facet normal 0.1951 -0.980783 0
    outer loop
      vertex 81.3877 45.9782 0
      vertex 82 46.1 3
      vertex 81.3877 45.9782 3
    endloop
  endfacet
  facet normal 0.1951 -0.980783 0
    outer loop
      vertex 82 46.1 3
      vertex 81.3877 45.9782 0
      vertex 82 46.1 0
    endloop
  endfacet
  facet normal 0.831508 -0.555513 0
    outer loop
      vertex 80.5218 45.1123 3
      vertex 80.8686 45.6314 0
      vertex 80.8686 45.6314 3
    endloop
  endfacet
  facet normal 0.831508 -0.555513 0
    outer loop
      vertex 80.8686 45.6314 0
      vertex 80.5218 45.1123 3
      vertex 80.5218 45.1123 0
    endloop
  endfacet
  facet normal 0.980783 -0.1951 0
    outer loop
      vertex 80.4 44.5 3
      vertex 80.5218 45.1123 0
      vertex 80.5218 45.1123 3
    endloop
  endfacet
  facet normal 0.980783 -0.1951 0
    outer loop
      vertex 80.5218 45.1123 0
      vertex 80.4 44.5 3
      vertex 80.4 44.5 0
    endloop
  endfacet
  facet normal -0.1951 0.980783 0
    outer loop
      vertex 82.6123 43.0218 0
      vertex 82 42.9 3
      vertex 82.6123 43.0218 3
    endloop
  endfacet
  facet normal -0.1951 0.980783 0
    outer loop
      vertex 82 42.9 3
      vertex 82.6123 43.0218 0
      vertex 82 42.9 0
    endloop
  endfacet
  facet normal 0.1951 0.980783 -0
    outer loop
      vertex 82 42.9 0
      vertex 81.3877 43.0218 3
      vertex 82 42.9 3
    endloop
  endfacet
  facet normal 0.1951 0.980783 0
    outer loop
      vertex 81.3877 43.0218 3
      vertex 82 42.9 0
      vertex 81.3877 43.0218 0
    endloop
  endfacet
  facet normal 0.980783 0.1951 0
    outer loop
      vertex 80.5218 43.8877 3
      vertex 80.4 44.5 0
      vertex 80.4 44.5 3
    endloop
  endfacet
  facet normal 0.980783 0.1951 0
    outer loop
      vertex 80.4 44.5 0
      vertex 80.5218 43.8877 3
      vertex 80.5218 43.8877 0
    endloop
  endfacet
  facet normal -0.1951 -0.980783 0
    outer loop
      vertex 82 46.1 0
      vertex 82.6123 45.9782 3
      vertex 82 46.1 3
    endloop
  endfacet
  facet normal -0.1951 -0.980783 -0
    outer loop
      vertex 82.6123 45.9782 3
      vertex 82 46.1 0
      vertex 82.6123 45.9782 0
    endloop
  endfacet
  facet normal -0.980783 0.1951 0
    outer loop
      vertex 83.4782 43.8877 0
      vertex 83.6 44.5 3
      vertex 83.6 44.5 0
    endloop
  endfacet
  facet normal -0.980783 0.1951 0
    outer loop
      vertex 83.6 44.5 3
      vertex 83.4782 43.8877 0
      vertex 83.4782 43.8877 3
    endloop
  endfacet
  facet normal -0.555513 0.831508 0
    outer loop
      vertex 83.1314 43.3686 0
      vertex 82.6123 43.0218 3
      vertex 83.1314 43.3686 3
    endloop
  endfacet
  facet normal -0.555513 0.831508 0
    outer loop
      vertex 82.6123 43.0218 3
      vertex 83.1314 43.3686 0
      vertex 82.6123 43.0218 0
    endloop
  endfacet
  facet normal 0.831508 0.555513 0
    outer loop
      vertex 80.8686 43.3686 3
      vertex 80.5218 43.8877 0
      vertex 80.5218 43.8877 3
    endloop
  endfacet
  facet normal 0.831508 0.555513 0
    outer loop
      vertex 80.5218 43.8877 0
      vertex 80.8686 43.3686 3
      vertex 80.8686 43.3686 0
    endloop
  endfacet
  facet normal 0.555513 -0.831508 0
    outer loop
      vertex 80.8686 45.6314 0
      vertex 81.3877 45.9782 3
      vertex 80.8686 45.6314 3
    endloop
  endfacet
  facet normal 0.555513 -0.831508 0
    outer loop
      vertex 81.3877 45.9782 3
      vertex 80.8686 45.6314 0
      vertex 81.3877 45.9782 0
    endloop
  endfacet
  facet normal 0.555513 0.831508 -0
    outer loop
      vertex 81.3877 43.0218 0
      vertex 80.8686 43.3686 3
      vertex 81.3877 43.0218 3
    endloop
  endfacet
  facet normal 0.555513 0.831508 0
    outer loop
      vertex 80.8686 43.3686 3
      vertex 81.3877 43.0218 0
      vertex 80.8686 43.3686 0
    endloop
  endfacet
  facet normal 0.194996 0.980804 -0
    outer loop
      vertex 95 22.9 0
      vertex 94.579 22.9837 3
      vertex 95 22.9 3
    endloop
  endfacet
  facet normal 0.194996 0.980804 0
    outer loop
      vertex 94.579 22.9837 3
      vertex 95 22.9 0
      vertex 94.579 22.9837 0
    endloop
  endfacet
  facet normal -0.831497 0.555529 0
    outer loop
      vertex 95.7778 23.2222 0
      vertex 95.9634 23.5 3
      vertex 95.9634 23.5 0
    endloop
  endfacet
  facet normal -0.831497 0.555529 0
    outer loop
      vertex 95.9634 23.5 3
      vertex 95.7778 23.2222 0
      vertex 95.7778 23.2222 3
    endloop
  endfacet
  facet normal -0.555721 0.831369 0
    outer loop
      vertex 95.7778 23.2222 0
      vertex 95.421 22.9837 3
      vertex 95.7778 23.2222 3
    endloop
  endfacet
  facet normal -0.555721 0.831369 0
    outer loop
      vertex 95.421 22.9837 3
      vertex 95.7778 23.2222 0
      vertex 95.421 22.9837 0
    endloop
  endfacet
  facet normal 0.831497 0.555529 0
    outer loop
      vertex 94.2222 23.2222 3
      vertex 94.0366 23.5 0
      vertex 94.0366 23.5 3
    endloop
  endfacet
  facet normal 0.831497 0.555529 0
    outer loop
      vertex 94.0366 23.5 0
      vertex 94.2222 23.2222 3
      vertex 94.2222 23.2222 0
    endloop
  endfacet
  facet normal -0.194996 0.980804 0
    outer loop
      vertex 95.421 22.9837 0
      vertex 95 22.9 3
      vertex 95.421 22.9837 3
    endloop
  endfacet
  facet normal -0.194996 0.980804 0
    outer loop
      vertex 95 22.9 3
      vertex 95.421 22.9837 0
      vertex 95 22.9 0
    endloop
  endfacet
  facet normal 0.555721 0.831369 -0
    outer loop
      vertex 94.579 22.9837 0
      vertex 94.2222 23.2222 3
      vertex 94.579 22.9837 3
    endloop
  endfacet
  facet normal 0.555721 0.831369 0
    outer loop
      vertex 94.2222 23.2222 3
      vertex 94.579 22.9837 0
      vertex 94.2222 23.2222 0
    endloop
  endfacet
  facet normal -0.831497 -0.555529 0
    outer loop
      vertex 95.9634 46.5 0
      vertex 95.7778 46.7778 3
      vertex 95.7778 46.7778 0
    endloop
  endfacet
  facet normal -0.831497 -0.555529 0
    outer loop
      vertex 95.7778 46.7778 3
      vertex 95.9634 46.5 0
      vertex 95.9634 46.5 3
    endloop
  endfacet
  facet normal -0.555721 -0.831369 0
    outer loop
      vertex 95.421 47.0163 0
      vertex 95.7778 46.7778 3
      vertex 95.421 47.0163 3
    endloop
  endfacet
  facet normal -0.555721 -0.831369 -0
    outer loop
      vertex 95.7778 46.7778 3
      vertex 95.421 47.0163 0
      vertex 95.7778 46.7778 0
    endloop
  endfacet
  facet normal -0.194996 -0.980804 0
    outer loop
      vertex 95 47.1 0
      vertex 95.421 47.0163 3
      vertex 95 47.1 3
    endloop
  endfacet
  facet normal -0.194996 -0.980804 -0
    outer loop
      vertex 95.421 47.0163 3
      vertex 95 47.1 0
      vertex 95.421 47.0163 0
    endloop
  endfacet
  facet normal 0.831497 -0.555529 0
    outer loop
      vertex 94.0366 46.5 3
      vertex 94.2222 46.7778 0
      vertex 94.2222 46.7778 3
    endloop
  endfacet
  facet normal 0.831497 -0.555529 0
    outer loop
      vertex 94.2222 46.7778 0
      vertex 94.0366 46.5 3
      vertex 94.0366 46.5 0
    endloop
  endfacet
  facet normal 0.194996 -0.980804 0
    outer loop
      vertex 94.579 47.0163 0
      vertex 95 47.1 3
      vertex 94.579 47.0163 3
    endloop
  endfacet
  facet normal 0.194996 -0.980804 0
    outer loop
      vertex 95 47.1 3
      vertex 94.579 47.0163 0
      vertex 95 47.1 0
    endloop
  endfacet
  facet normal 0.555721 -0.831369 0
    outer loop
      vertex 94.2222 46.7778 0
      vertex 94.579 47.0163 3
      vertex 94.2222 46.7778 3
    endloop
  endfacet
  facet normal 0.555721 -0.831369 0
    outer loop
      vertex 94.579 47.0163 3
      vertex 94.2222 46.7778 0
      vertex 94.579 47.0163 0
    endloop
  endfacet
  facet normal -1 0 0
    outer loop
      vertex 47 21 0
      vertex 47 49 3
      vertex 47 49 0
    endloop
  endfacet
  facet normal -1 -0 0
    outer loop
      vertex 47 49 3
      vertex 47 21 0
      vertex 47 21 3
    endloop
  endfacet
  facet normal 0 0 -1
    outer loop
      vertex 11.25 46 4
      vertex 13 46 4
      vertex 12.9424 45.4147 4
    endloop
  endfacet
  facet normal 0 0 -1
    outer loop
      vertex 11.1548 45.5216 4
      vertex 12.9424 45.4147 4
      vertex 12.7716 44.852 4
    endloop
  endfacet
  facet normal 0 0 -1
    outer loop
      vertex 13 46 4
      vertex 11.25 46 4
      vertex 12.9424 46.5853 4
    endloop
  endfacet
  facet normal 0 0 -1
    outer loop
      vertex 11.1548 45.5216 4
      vertex 12.7716 44.852 4
      vertex 12.4944 44.3333 4
    endloop
  endfacet
  facet normal 0 0 -1
    outer loop
      vertex 11.1548 46.4784 4
      vertex 12.9424 46.5853 4
      vertex 11.25 46 4
    endloop
  endfacet
  facet normal 0 0 -1
    outer loop
      vertex 10.8839 45.1161 4
      vertex 12.4944 44.3333 4
      vertex 12.1213 43.8787 4
    endloop
  endfacet
  facet normal -0 0 -1
    outer loop
      vertex 12.9424 46.5853 4
      vertex 11.1548 46.4784 4
      vertex 12.7716 47.148 4
    endloop
  endfacet
  facet normal 0 0 -1
    outer loop
      vertex 10.8839 45.1161 4
      vertex 12.1213 43.8787 4
      vertex 11.6667 43.5056 4
    endloop
  endfacet
  facet normal -0 0 -1
    outer loop
      vertex 12.7716 47.148 4
      vertex 11.1548 46.4784 4
      vertex 12.4944 47.6667 4
    endloop
  endfacet
  facet normal 0 0 -1
    outer loop
      vertex 10.8839 46.8839 4
      vertex 12.4944 47.6667 4
      vertex 11.1548 46.4784 4
    endloop
  endfacet
  facet normal 0 0 -1
    outer loop
      vertex 12.9424 45.4147 4
      vertex 11.1548 45.5216 4
      vertex 11.25 46 4
    endloop
  endfacet
  facet normal 0 0 -1
    outer loop
      vertex 10.4784 44.8451 4
      vertex 11.6667 43.5056 4
      vertex 11.148 43.2284 4
    endloop
  endfacet
  facet normal 0 0 -1
    outer loop
      vertex 12.4944 44.3333 4
      vertex 10.8839 45.1161 4
      vertex 11.1548 45.5216 4
    endloop
  endfacet
  facet normal 0 0 -1
    outer loop
      vertex 10.4784 44.8451 4
      vertex 11.148 43.2284 4
      vertex 10.5853 43.0576 4
    endloop
  endfacet
  facet normal 0 0 -1
    outer loop
      vertex 11.6667 43.5056 4
      vertex 10.4784 44.8451 4
      vertex 10.8839 45.1161 4
    endloop
  endfacet
  facet normal 0 0 -1
    outer loop
      vertex 10 44.75 4
      vertex 10.5853 43.0576 4
      vertex 10 43 4
    endloop
  endfacet
  facet normal 0 0 -1
    outer loop
      vertex 10.5853 43.0576 4
      vertex 10 44.75 4
      vertex 10.4784 44.8451 4
    endloop
  endfacet
  facet normal 0 0 -1
    outer loop
      vertex 9.41473 43.0576 4
      vertex 10 44.75 4
      vertex 10 43 4
    endloop
  endfacet
  facet normal -0 0 -1
    outer loop
      vertex 10 44.75 4
      vertex 9.41473 43.0576 4
      vertex 9.52165 44.8451 4
    endloop
  endfacet
  facet normal 0 0 -1
    outer loop
      vertex 8.85195 43.2284 4
      vertex 9.52165 44.8451 4
      vertex 9.41473 43.0576 4
    endloop
  endfacet
  facet normal 0 0 -1
    outer loop
      vertex 8.33329 43.5056 4
      vertex 9.52165 44.8451 4
      vertex 8.85195 43.2284 4
    endloop
  endfacet
  facet normal -0 0 -1
    outer loop
      vertex 9.52165 44.8451 4
      vertex 8.33329 43.5056 4
      vertex 9.11612 45.1161 4
    endloop
  endfacet
  facet normal 0 0 -1
    outer loop
      vertex 7.87868 43.8787 4
      vertex 9.11612 45.1161 4
      vertex 8.33329 43.5056 4
    endloop
  endfacet
  facet normal 0 0 -1
    outer loop
      vertex 7.50559 44.3333 4
      vertex 9.11612 45.1161 4
      vertex 7.87868 43.8787 4
    endloop
  endfacet
  facet normal -0 0 -1
    outer loop
      vertex 12.4944 47.6667 4
      vertex 10.8839 46.8839 4
      vertex 12.1213 48.1213 4
    endloop
  endfacet
  facet normal -0 0 -1
    outer loop
      vertex 12.1213 48.1213 4
      vertex 10.8839 46.8839 4
      vertex 11.6667 48.4944 4
    endloop
  endfacet
  facet normal 0 0 -1
    outer loop
      vertex 10.4784 47.1549 4
      vertex 11.6667 48.4944 4
      vertex 10.8839 46.8839 4
    endloop
  endfacet
  facet normal -0 0 -1
    outer loop
      vertex 11.6667 48.4944 4
      vertex 10.4784 47.1549 4
      vertex 11.148 48.7716 4
    endloop
  endfacet
  facet normal -0 0 -1
    outer loop
      vertex 11.148 48.7716 4
      vertex 10.4784 47.1549 4
      vertex 10.5853 48.9424 4
    endloop
  endfacet
  facet normal 0 0 -1
    outer loop
      vertex 10 47.25 4
      vertex 10.5853 48.9424 4
      vertex 10.4784 47.1549 4
    endloop
  endfacet
  facet normal 0 0 -1
    outer loop
      vertex 10 47.25 4
      vertex 10 49 4
      vertex 10.5853 48.9424 4
    endloop
  endfacet
  facet normal 0 0 -1
    outer loop
      vertex 9.41473 48.9424 4
      vertex 10 47.25 4
      vertex 9.52165 47.1549 4
    endloop
  endfacet
  facet normal 0 0 -1
    outer loop
      vertex 10 47.25 4
      vertex 9.41473 48.9424 4
      vertex 10 49 4
    endloop
  endfacet
  facet normal 0 0 -1
    outer loop
      vertex 8.33329 48.4944 4
      vertex 9.52165 47.1549 4
      vertex 9.11612 46.8839 4
    endloop
  endfacet
  facet normal 0 0 -1
    outer loop
      vertex 9.52165 47.1549 4
      vertex 8.85195 48.7716 4
      vertex 9.41473 48.9424 4
    endloop
  endfacet
  facet normal 0 0 -1
    outer loop
      vertex 7.50559 47.6667 4
      vertex 9.11612 46.8839 4
      vertex 8.84515 46.4784 4
    endloop
  endfacet
  facet normal 0 0 -1
    outer loop
      vertex 7.05764 46.5853 4
      vertex 8.84515 46.4784 4
      vertex 8.75 46 4
    endloop
  endfacet
  facet normal -0 0 -1
    outer loop
      vertex 9.11612 45.1161 4
      vertex 7.50559 44.3333 4
      vertex 8.84515 45.5216 4
    endloop
  endfacet
  facet normal 0 0 -1
    outer loop
      vertex 9.52165 47.1549 4
      vertex 8.33329 48.4944 4
      vertex 8.85195 48.7716 4
    endloop
  endfacet
  facet normal 0 0 -1
    outer loop
      vertex 7.22836 44.852 4
      vertex 8.84515 45.5216 4
      vertex 7.50559 44.3333 4
    endloop
  endfacet
  facet normal 0 0 -1
    outer loop
      vertex 9.11612 46.8839 4
      vertex 7.87868 48.1213 4
      vertex 8.33329 48.4944 4
    endloop
  endfacet
  facet normal 0 0 -1
    outer loop
      vertex 7.05764 45.4147 4
      vertex 8.84515 45.5216 4
      vertex 7.22836 44.852 4
    endloop
  endfacet
  facet normal 0 0 -1
    outer loop
      vertex 9.11612 46.8839 4
      vertex 7.50559 47.6667 4
      vertex 7.87868 48.1213 4
    endloop
  endfacet
  facet normal -0 0 -1
    outer loop
      vertex 8.84515 45.5216 4
      vertex 7.05764 45.4147 4
      vertex 8.75 46 4
    endloop
  endfacet
  facet normal 0 0 -1
    outer loop
      vertex 8.84515 46.4784 4
      vertex 7.22836 47.148 4
      vertex 7.50559 47.6667 4
    endloop
  endfacet
  facet normal 0 0 -1
    outer loop
      vertex 7 46 4
      vertex 8.75 46 4
      vertex 7.05764 45.4147 4
    endloop
  endfacet
  facet normal 0 0 -1
    outer loop
      vertex 8.84515 46.4784 4
      vertex 7.05764 46.5853 4
      vertex 7.22836 47.148 4
    endloop
  endfacet
  facet normal 0 0 -1
    outer loop
      vertex 8.75 46 4
      vertex 7 46 4
      vertex 7.05764 46.5853 4
    endloop
  endfacet
  facet normal 0 0 -1
    outer loop
      vertex 43.25 46 4
      vertex 45 46 4
      vertex 44.9424 45.4147 4
    endloop
  endfacet
  facet normal 0 0 -1
    outer loop
      vertex 43.1549 45.5216 4
      vertex 44.9424 45.4147 4
      vertex 44.7716 44.852 4
    endloop
  endfacet
  facet normal 0 0 -1
    outer loop
      vertex 45 46 4
      vertex 43.25 46 4
      vertex 44.9424 46.5853 4
    endloop
  endfacet
  facet normal 0 0 -1
    outer loop
      vertex 43.1549 45.5216 4
      vertex 44.7716 44.852 4
      vertex 44.4944 44.3333 4
    endloop
  endfacet
  facet normal 0 0 -1
    outer loop
      vertex 43.1549 46.4784 4
      vertex 44.9424 46.5853 4
      vertex 43.25 46 4
    endloop
  endfacet
  facet normal 0 0 -1
    outer loop
      vertex 42.8839 45.1161 4
      vertex 44.4944 44.3333 4
      vertex 44.1213 43.8787 4
    endloop
  endfacet
  facet normal -0 0 -1
    outer loop
      vertex 44.9424 46.5853 4
      vertex 43.1549 46.4784 4
      vertex 44.7716 47.148 4
    endloop
  endfacet
  facet normal 0 0 -1
    outer loop
      vertex 42.8839 45.1161 4
      vertex 44.1213 43.8787 4
      vertex 43.6667 43.5056 4
    endloop
  endfacet
  facet normal -0 0 -1
    outer loop
      vertex 44.7716 47.148 4
      vertex 43.1549 46.4784 4
      vertex 44.4944 47.6667 4
    endloop
  endfacet
  facet normal 0 0 -1
    outer loop
      vertex 42.8839 46.8839 4
      vertex 44.4944 47.6667 4
      vertex 43.1549 46.4784 4
    endloop
  endfacet
  facet normal 0 0 -1
    outer loop
      vertex 44.9424 45.4147 4
      vertex 43.1549 45.5216 4
      vertex 43.25 46 4
    endloop
  endfacet
  facet normal 0 0 -1
    outer loop
      vertex 42.4784 44.8451 4
      vertex 43.6667 43.5056 4
      vertex 43.148 43.2284 4
    endloop
  endfacet
  facet normal 0 0 -1
    outer loop
      vertex 44.4944 44.3333 4
      vertex 42.8839 45.1161 4
      vertex 43.1549 45.5216 4
    endloop
  endfacet
  facet normal 0 0 -1
    outer loop
      vertex 42.4784 44.8451 4
      vertex 43.148 43.2284 4
      vertex 42.5853 43.0576 4
    endloop
  endfacet
  facet normal 0 0 -1
    outer loop
      vertex 43.6667 43.5056 4
      vertex 42.4784 44.8451 4
      vertex 42.8839 45.1161 4
    endloop
  endfacet
  facet normal 0 0 -1
    outer loop
      vertex 42 44.75 4
      vertex 42.5853 43.0576 4
      vertex 42 43 4
    endloop
  endfacet
  facet normal 0 0 -1
    outer loop
      vertex 42.5853 43.0576 4
      vertex 42 44.75 4
      vertex 42.4784 44.8451 4
    endloop
  endfacet
  facet normal 0 0 -1
    outer loop
      vertex 41.4147 43.0576 4
      vertex 42 44.75 4
      vertex 42 43 4
    endloop
  endfacet
  facet normal -0 0 -1
    outer loop
      vertex 42 44.75 4
      vertex 41.4147 43.0576 4
      vertex 41.5216 44.8451 4
    endloop
  endfacet
  facet normal 0 0 -1
    outer loop
      vertex 40.852 43.2284 4
      vertex 41.5216 44.8451 4
      vertex 41.4147 43.0576 4
    endloop
  endfacet
  facet normal 0 0 -1
    outer loop
      vertex 40.3333 43.5056 4
      vertex 41.5216 44.8451 4
      vertex 40.852 43.2284 4
    endloop
  endfacet
  facet normal -0 0 -1
    outer loop
      vertex 41.5216 44.8451 4
      vertex 40.3333 43.5056 4
      vertex 41.1161 45.1161 4
    endloop
  endfacet
  facet normal 0 0 -1
    outer loop
      vertex 39.8787 43.8787 4
      vertex 41.1161 45.1161 4
      vertex 40.3333 43.5056 4
    endloop
  endfacet
  facet normal 0 0 -1
    outer loop
      vertex 39.5056 44.3333 4
      vertex 41.1161 45.1161 4
      vertex 39.8787 43.8787 4
    endloop
  endfacet
  facet normal -0 0 -1
    outer loop
      vertex 44.4944 47.6667 4
      vertex 42.8839 46.8839 4
      vertex 44.1213 48.1213 4
    endloop
  endfacet
  facet normal -0 0 -1
    outer loop
      vertex 44.1213 48.1213 4
      vertex 42.8839 46.8839 4
      vertex 43.6667 48.4944 4
    endloop
  endfacet
  facet normal 0 0 -1
    outer loop
      vertex 42.4784 47.1549 4
      vertex 43.6667 48.4944 4
      vertex 42.8839 46.8839 4
    endloop
  endfacet
  facet normal -0 0 -1
    outer loop
      vertex 43.6667 48.4944 4
      vertex 42.4784 47.1549 4
      vertex 43.148 48.7716 4
    endloop
  endfacet
  facet normal -0 0 -1
    outer loop
      vertex 43.148 48.7716 4
      vertex 42.4784 47.1549 4
      vertex 42.5853 48.9424 4
    endloop
  endfacet
  facet normal 0 0 -1
    outer loop
      vertex 42 47.25 4
      vertex 42.5853 48.9424 4
      vertex 42.4784 47.1549 4
    endloop
  endfacet
  facet normal 0 0 -1
    outer loop
      vertex 42 47.25 4
      vertex 42 49 4
      vertex 42.5853 48.9424 4
    endloop
  endfacet
  facet normal 0 0 -1
    outer loop
      vertex 41.4147 48.9424 4
      vertex 42 47.25 4
      vertex 41.5216 47.1549 4
    endloop
  endfacet
  facet normal 0 0 -1
    outer loop
      vertex 42 47.25 4
      vertex 41.4147 48.9424 4
      vertex 42 49 4
    endloop
  endfacet
  facet normal 0 0 -1
    outer loop
      vertex 40.3333 48.4944 4
      vertex 41.5216 47.1549 4
      vertex 41.1161 46.8839 4
    endloop
  endfacet
  facet normal 0 0 -1
    outer loop
      vertex 41.5216 47.1549 4
      vertex 40.852 48.7716 4
      vertex 41.4147 48.9424 4
    endloop
  endfacet
  facet normal 0 0 -1
    outer loop
      vertex 39.5056 47.6667 4
      vertex 41.1161 46.8839 4
      vertex 40.8451 46.4784 4
    endloop
  endfacet
  facet normal 0 0 -1
    outer loop
      vertex 39.0576 46.5853 4
      vertex 40.8451 46.4784 4
      vertex 40.75 46 4
    endloop
  endfacet
  facet normal -0 0 -1
    outer loop
      vertex 41.1161 45.1161 4
      vertex 39.5056 44.3333 4
      vertex 40.8451 45.5216 4
    endloop
  endfacet
  facet normal 0 0 -1
    outer loop
      vertex 41.5216 47.1549 4
      vertex 40.3333 48.4944 4
      vertex 40.852 48.7716 4
    endloop
  endfacet
  facet normal 0 0 -1
    outer loop
      vertex 39.2284 44.852 4
      vertex 40.8451 45.5216 4
      vertex 39.5056 44.3333 4
    endloop
  endfacet
  facet normal 0 0 -1
    outer loop
      vertex 41.1161 46.8839 4
      vertex 39.8787 48.1213 4
      vertex 40.3333 48.4944 4
    endloop
  endfacet
  facet normal 0 0 -1
    outer loop
      vertex 39.0576 45.4147 4
      vertex 40.8451 45.5216 4
      vertex 39.2284 44.852 4
    endloop
  endfacet
  facet normal 0 0 -1
    outer loop
      vertex 41.1161 46.8839 4
      vertex 39.5056 47.6667 4
      vertex 39.8787 48.1213 4
    endloop
  endfacet
  facet normal -0 0 -1
    outer loop
      vertex 40.8451 45.5216 4
      vertex 39.0576 45.4147 4
      vertex 40.75 46 4
    endloop
  endfacet
  facet normal 0 0 -1
    outer loop
      vertex 40.8451 46.4784 4
      vertex 39.2284 47.148 4
      vertex 39.5056 47.6667 4
    endloop
  endfacet
  facet normal 0 0 -1
    outer loop
      vertex 39 46 4
      vertex 40.75 46 4
      vertex 39.0576 45.4147 4
    endloop
  endfacet
  facet normal 0 0 -1
    outer loop
      vertex 40.8451 46.4784 4
      vertex 39.0576 46.5853 4
      vertex 39.2284 47.148 4
    endloop
  endfacet
  facet normal 0 0 -1
    outer loop
      vertex 40.75 46 4
      vertex 39 46 4
      vertex 39.0576 46.5853 4
    endloop
  endfacet
  facet normal 0 0 -1
    outer loop
      vertex 11.25 24 4
      vertex 13 24 4
      vertex 12.9424 23.4147 4
    endloop
  endfacet
  facet normal 0 0 -1
    outer loop
      vertex 11.1548 23.5216 4
      vertex 12.9424 23.4147 4
      vertex 12.7716 22.8519 4
    endloop
  endfacet
  facet normal 0 0 -1
    outer loop
      vertex 13 24 4
      vertex 11.25 24 4
      vertex 12.9424 24.5853 4
    endloop
  endfacet
  facet normal 0 0 -1
    outer loop
      vertex 11.1548 23.5216 4
      vertex 12.7716 22.8519 4
      vertex 12.4944 22.3333 4
    endloop
  endfacet
  facet normal 0 0 -1
    outer loop
      vertex 11.1548 24.4784 4
      vertex 12.9424 24.5853 4
      vertex 11.25 24 4
    endloop
  endfacet
  facet normal 0 0 -1
    outer loop
      vertex 10.8839 23.1161 4
      vertex 12.4944 22.3333 4
      vertex 12.1213 21.8787 4
    endloop
  endfacet
  facet normal -0 0 -1
    outer loop
      vertex 12.9424 24.5853 4
      vertex 11.1548 24.4784 4
      vertex 12.7716 25.148 4
    endloop
  endfacet
  facet normal 0 0 -1
    outer loop
      vertex 10.8839 23.1161 4
      vertex 12.1213 21.8787 4
      vertex 11.6667 21.5056 4
    endloop
  endfacet
  facet normal -0 0 -1
    outer loop
      vertex 12.7716 25.148 4
      vertex 11.1548 24.4784 4
      vertex 12.4944 25.6667 4
    endloop
  endfacet
  facet normal 0 0 -1
    outer loop
      vertex 10.8839 24.8839 4
      vertex 12.4944 25.6667 4
      vertex 11.1548 24.4784 4
    endloop
  endfacet
  facet normal 0 0 -1
    outer loop
      vertex 12.9424 23.4147 4
      vertex 11.1548 23.5216 4
      vertex 11.25 24 4
    endloop
  endfacet
  facet normal 0 0 -1
    outer loop
      vertex 10.4784 22.8451 4
      vertex 11.6667 21.5056 4
      vertex 11.148 21.2284 4
    endloop
  endfacet
  facet normal 0 0 -1
    outer loop
      vertex 12.4944 22.3333 4
      vertex 10.8839 23.1161 4
      vertex 11.1548 23.5216 4
    endloop
  endfacet
  facet normal 0 0 -1
    outer loop
      vertex 10.4784 22.8451 4
      vertex 11.148 21.2284 4
      vertex 10.5853 21.0576 4
    endloop
  endfacet
  facet normal 0 0 -1
    outer loop
      vertex 11.6667 21.5056 4
      vertex 10.4784 22.8451 4
      vertex 10.8839 23.1161 4
    endloop
  endfacet
  facet normal 0 0 -1
    outer loop
      vertex 10 22.75 4
      vertex 10.5853 21.0576 4
      vertex 10 21 4
    endloop
  endfacet
  facet normal 0 0 -1
    outer loop
      vertex 10.5853 21.0576 4
      vertex 10 22.75 4
      vertex 10.4784 22.8451 4
    endloop
  endfacet
  facet normal 0 0 -1
    outer loop
      vertex 9.41473 21.0576 4
      vertex 10 22.75 4
      vertex 10 21 4
    endloop
  endfacet
  facet normal -0 0 -1
    outer loop
      vertex 10 22.75 4
      vertex 9.41473 21.0576 4
      vertex 9.52165 22.8451 4
    endloop
  endfacet
  facet normal 0 0 -1
    outer loop
      vertex 8.85195 21.2284 4
      vertex 9.52165 22.8451 4
      vertex 9.41473 21.0576 4
    endloop
  endfacet
  facet normal 0 0 -1
    outer loop
      vertex 8.33329 21.5056 4
      vertex 9.52165 22.8451 4
      vertex 8.85195 21.2284 4
    endloop
  endfacet
  facet normal -0 0 -1
    outer loop
      vertex 9.52165 22.8451 4
      vertex 8.33329 21.5056 4
      vertex 9.11612 23.1161 4
    endloop
  endfacet
  facet normal 0 0 -1
    outer loop
      vertex 7.87868 21.8787 4
      vertex 9.11612 23.1161 4
      vertex 8.33329 21.5056 4
    endloop
  endfacet
  facet normal 0 0 -1
    outer loop
      vertex 7.50559 22.3333 4
      vertex 9.11612 23.1161 4
      vertex 7.87868 21.8787 4
    endloop
  endfacet
  facet normal -0 0 -1
    outer loop
      vertex 12.4944 25.6667 4
      vertex 10.8839 24.8839 4
      vertex 12.1213 26.1213 4
    endloop
  endfacet
  facet normal -0 0 -1
    outer loop
      vertex 12.1213 26.1213 4
      vertex 10.8839 24.8839 4
      vertex 11.6667 26.4944 4
    endloop
  endfacet
  facet normal 0 0 -1
    outer loop
      vertex 10.4784 25.1549 4
      vertex 11.6667 26.4944 4
      vertex 10.8839 24.8839 4
    endloop
  endfacet
  facet normal -0 0 -1
    outer loop
      vertex 11.6667 26.4944 4
      vertex 10.4784 25.1549 4
      vertex 11.148 26.7716 4
    endloop
  endfacet
  facet normal -0 0 -1
    outer loop
      vertex 11.148 26.7716 4
      vertex 10.4784 25.1549 4
      vertex 10.5853 26.9424 4
    endloop
  endfacet
  facet normal 0 0 -1
    outer loop
      vertex 10 25.25 4
      vertex 10.5853 26.9424 4
      vertex 10.4784 25.1549 4
    endloop
  endfacet
  facet normal 0 0 -1
    outer loop
      vertex 10 25.25 4
      vertex 10 27 4
      vertex 10.5853 26.9424 4
    endloop
  endfacet
  facet normal 0 0 -1
    outer loop
      vertex 9.41473 26.9424 4
      vertex 10 25.25 4
      vertex 9.52165 25.1549 4
    endloop
  endfacet
  facet normal 0 0 -1
    outer loop
      vertex 10 25.25 4
      vertex 9.41473 26.9424 4
      vertex 10 27 4
    endloop
  endfacet
  facet normal 0 0 -1
    outer loop
      vertex 8.33329 26.4944 4
      vertex 9.52165 25.1549 4
      vertex 9.11612 24.8839 4
    endloop
  endfacet
  facet normal 0 0 -1
    outer loop
      vertex 9.52165 25.1549 4
      vertex 8.85195 26.7716 4
      vertex 9.41473 26.9424 4
    endloop
  endfacet
  facet normal 0 0 -1
    outer loop
      vertex 7.50559 25.6667 4
      vertex 9.11612 24.8839 4
      vertex 8.84515 24.4784 4
    endloop
  endfacet
  facet normal 0 0 -1
    outer loop
      vertex 7.05764 24.5853 4
      vertex 8.84515 24.4784 4
      vertex 8.75 24 4
    endloop
  endfacet
  facet normal -0 0 -1
    outer loop
      vertex 9.11612 23.1161 4
      vertex 7.50559 22.3333 4
      vertex 8.84515 23.5216 4
    endloop
  endfacet
  facet normal 0 0 -1
    outer loop
      vertex 9.52165 25.1549 4
      vertex 8.33329 26.4944 4
      vertex 8.85195 26.7716 4
    endloop
  endfacet
  facet normal 0 0 -1
    outer loop
      vertex 7.22836 22.8519 4
      vertex 8.84515 23.5216 4
      vertex 7.50559 22.3333 4
    endloop
  endfacet
  facet normal 0 0 -1
    outer loop
      vertex 9.11612 24.8839 4
      vertex 7.87868 26.1213 4
      vertex 8.33329 26.4944 4
    endloop
  endfacet
  facet normal 0 0 -1
    outer loop
      vertex 7.05764 23.4147 4
      vertex 8.84515 23.5216 4
      vertex 7.22836 22.8519 4
    endloop
  endfacet
  facet normal 0 0 -1
    outer loop
      vertex 9.11612 24.8839 4
      vertex 7.50559 25.6667 4
      vertex 7.87868 26.1213 4
    endloop
  endfacet
  facet normal -0 0 -1
    outer loop
      vertex 8.84515 23.5216 4
      vertex 7.05764 23.4147 4
      vertex 8.75 24 4
    endloop
  endfacet
  facet normal 0 0 -1
    outer loop
      vertex 8.84515 24.4784 4
      vertex 7.22836 25.148 4
      vertex 7.50559 25.6667 4
    endloop
  endfacet
  facet normal 0 0 -1
    outer loop
      vertex 7 24 4
      vertex 8.75 24 4
      vertex 7.05764 23.4147 4
    endloop
  endfacet
  facet normal 0 0 -1
    outer loop
      vertex 8.84515 24.4784 4
      vertex 7.05764 24.5853 4
      vertex 7.22836 25.148 4
    endloop
  endfacet
  facet normal 0 0 -1
    outer loop
      vertex 8.75 24 4
      vertex 7 24 4
      vertex 7.05764 24.5853 4
    endloop
  endfacet
  facet normal 0 0 -1
    outer loop
      vertex 43.25 24 4
      vertex 45 24 4
      vertex 44.9424 23.4147 4
    endloop
  endfacet
  facet normal 0 0 -1
    outer loop
      vertex 43.1549 23.5216 4
      vertex 44.9424 23.4147 4
      vertex 44.7716 22.8519 4
    endloop
  endfacet
  facet normal 0 0 -1
    outer loop
      vertex 45 24 4
      vertex 43.25 24 4
      vertex 44.9424 24.5853 4
    endloop
  endfacet
  facet normal 0 0 -1
    outer loop
      vertex 43.1549 23.5216 4
      vertex 44.7716 22.8519 4
      vertex 44.4944 22.3333 4
    endloop
  endfacet
  facet normal 0 0 -1
    outer loop
      vertex 43.1549 24.4784 4
      vertex 44.9424 24.5853 4
      vertex 43.25 24 4
    endloop
  endfacet
  facet normal 0 0 -1
    outer loop
      vertex 42.8839 23.1161 4
      vertex 44.4944 22.3333 4
      vertex 44.1213 21.8787 4
    endloop
  endfacet
  facet normal -0 0 -1
    outer loop
      vertex 44.9424 24.5853 4
      vertex 43.1549 24.4784 4
      vertex 44.7716 25.148 4
    endloop
  endfacet
  facet normal 0 0 -1
    outer loop
      vertex 42.8839 23.1161 4
      vertex 44.1213 21.8787 4
      vertex 43.6667 21.5056 4
    endloop
  endfacet
  facet normal -0 0 -1
    outer loop
      vertex 44.7716 25.148 4
      vertex 43.1549 24.4784 4
      vertex 44.4944 25.6667 4
    endloop
  endfacet
  facet normal 0 0 -1
    outer loop
      vertex 42.8839 24.8839 4
      vertex 44.4944 25.6667 4
      vertex 43.1549 24.4784 4
    endloop
  endfacet
  facet normal 0 0 -1
    outer loop
      vertex 44.9424 23.4147 4
      vertex 43.1549 23.5216 4
      vertex 43.25 24 4
    endloop
  endfacet
  facet normal 0 0 -1
    outer loop
      vertex 42.4784 22.8451 4
      vertex 43.6667 21.5056 4
      vertex 43.148 21.2284 4
    endloop
  endfacet
  facet normal 0 0 -1
    outer loop
      vertex 44.4944 22.3333 4
      vertex 42.8839 23.1161 4
      vertex 43.1549 23.5216 4
    endloop
  endfacet
  facet normal 0 0 -1
    outer loop
      vertex 42.4784 22.8451 4
      vertex 43.148 21.2284 4
      vertex 42.5853 21.0576 4
    endloop
  endfacet
  facet normal 0 0 -1
    outer loop
      vertex 43.6667 21.5056 4
      vertex 42.4784 22.8451 4
      vertex 42.8839 23.1161 4
    endloop
  endfacet
  facet normal 0 0 -1
    outer loop
      vertex 42 22.75 4
      vertex 42.5853 21.0576 4
      vertex 42 21 4
    endloop
  endfacet
  facet normal 0 0 -1
    outer loop
      vertex 42.5853 21.0576 4
      vertex 42 22.75 4
      vertex 42.4784 22.8451 4
    endloop
  endfacet
  facet normal 0 0 -1
    outer loop
      vertex 41.4147 21.0576 4
      vertex 42 22.75 4
      vertex 42 21 4
    endloop
  endfacet
  facet normal -0 0 -1
    outer loop
      vertex 42 22.75 4
      vertex 41.4147 21.0576 4
      vertex 41.5216 22.8451 4
    endloop
  endfacet
  facet normal 0 0 -1
    outer loop
      vertex 40.852 21.2284 4
      vertex 41.5216 22.8451 4
      vertex 41.4147 21.0576 4
    endloop
  endfacet
  facet normal 0 0 -1
    outer loop
      vertex 40.3333 21.5056 4
      vertex 41.5216 22.8451 4
      vertex 40.852 21.2284 4
    endloop
  endfacet
  facet normal -0 0 -1
    outer loop
      vertex 41.5216 22.8451 4
      vertex 40.3333 21.5056 4
      vertex 41.1161 23.1161 4
    endloop
  endfacet
  facet normal 0 0 -1
    outer loop
      vertex 39.8787 21.8787 4
      vertex 41.1161 23.1161 4
      vertex 40.3333 21.5056 4
    endloop
  endfacet
  facet normal 0 0 -1
    outer loop
      vertex 39.5056 22.3333 4
      vertex 41.1161 23.1161 4
      vertex 39.8787 21.8787 4
    endloop
  endfacet
  facet normal -0 0 -1
    outer loop
      vertex 44.4944 25.6667 4
      vertex 42.8839 24.8839 4
      vertex 44.1213 26.1213 4
    endloop
  endfacet
  facet normal -0 0 -1
    outer loop
      vertex 44.1213 26.1213 4
      vertex 42.8839 24.8839 4
      vertex 43.6667 26.4944 4
    endloop
  endfacet
  facet normal 0 0 -1
    outer loop
      vertex 42.4784 25.1549 4
      vertex 43.6667 26.4944 4
      vertex 42.8839 24.8839 4
    endloop
  endfacet
  facet normal -0 0 -1
    outer loop
      vertex 43.6667 26.4944 4
      vertex 42.4784 25.1549 4
      vertex 43.148 26.7716 4
    endloop
  endfacet
  facet normal -0 0 -1
    outer loop
      vertex 43.148 26.7716 4
      vertex 42.4784 25.1549 4
      vertex 42.5853 26.9424 4
    endloop
  endfacet
  facet normal 0 0 -1
    outer loop
      vertex 42 25.25 4
      vertex 42.5853 26.9424 4
      vertex 42.4784 25.1549 4
    endloop
  endfacet
  facet normal 0 0 -1
    outer loop
      vertex 42 25.25 4
      vertex 42 27 4
      vertex 42.5853 26.9424 4
    endloop
  endfacet
  facet normal 0 0 -1
    outer loop
      vertex 41.4147 26.9424 4
      vertex 42 25.25 4
      vertex 41.5216 25.1549 4
    endloop
  endfacet
  facet normal 0 0 -1
    outer loop
      vertex 42 25.25 4
      vertex 41.4147 26.9424 4
      vertex 42 27 4
    endloop
  endfacet
  facet normal 0 0 -1
    outer loop
      vertex 40.3333 26.4944 4
      vertex 41.5216 25.1549 4
      vertex 41.1161 24.8839 4
    endloop
  endfacet
  facet normal 0 0 -1
    outer loop
      vertex 41.5216 25.1549 4
      vertex 40.852 26.7716 4
      vertex 41.4147 26.9424 4
    endloop
  endfacet
  facet normal 0 0 -1
    outer loop
      vertex 39.5056 25.6667 4
      vertex 41.1161 24.8839 4
      vertex 40.8451 24.4784 4
    endloop
  endfacet
  facet normal 0 0 -1
    outer loop
      vertex 39.0576 24.5853 4
      vertex 40.8451 24.4784 4
      vertex 40.75 24 4
    endloop
  endfacet
  facet normal -0 0 -1
    outer loop
      vertex 41.1161 23.1161 4
      vertex 39.5056 22.3333 4
      vertex 40.8451 23.5216 4
    endloop
  endfacet
  facet normal 0 0 -1
    outer loop
      vertex 41.5216 25.1549 4
      vertex 40.3333 26.4944 4
      vertex 40.852 26.7716 4
    endloop
  endfacet
  facet normal 0 0 -1
    outer loop
      vertex 39.2284 22.8519 4
      vertex 40.8451 23.5216 4
      vertex 39.5056 22.3333 4
    endloop
  endfacet
  facet normal 0 0 -1
    outer loop
      vertex 41.1161 24.8839 4
      vertex 39.8787 26.1213 4
      vertex 40.3333 26.4944 4
    endloop
  endfacet
  facet normal 0 0 -1
    outer loop
      vertex 39.0576 23.4147 4
      vertex 40.8451 23.5216 4
      vertex 39.2284 22.8519 4
    endloop
  endfacet
  facet normal 0 0 -1
    outer loop
      vertex 41.1161 24.8839 4
      vertex 39.5056 25.6667 4
      vertex 39.8787 26.1213 4
    endloop
  endfacet
  facet normal -0 0 -1
    outer loop
      vertex 40.8451 23.5216 4
      vertex 39.0576 23.4147 4
      vertex 40.75 24 4
    endloop
  endfacet
  facet normal 0 0 -1
    outer loop
      vertex 40.8451 24.4784 4
      vertex 39.2284 25.148 4
      vertex 39.5056 25.6667 4
    endloop
  endfacet
  facet normal 0 0 -1
    outer loop
      vertex 39 24 4
      vertex 40.75 24 4
      vertex 39.0576 23.4147 4
    endloop
  endfacet
  facet normal 0 0 -1
    outer loop
      vertex 40.8451 24.4784 4
      vertex 39.0576 24.5853 4
      vertex 39.2284 25.148 4
    endloop
  endfacet
  facet normal 0 0 -1
    outer loop
      vertex 40.75 24 4
      vertex 39 24 4
      vertex 39.0576 24.5853 4
    endloop
  endfacet
  facet normal 1 -0 0
    outer loop
      vertex 5 21 3
      vertex 5 49 0
      vertex 5 49 3
    endloop
  endfacet
  facet normal 1 0 0
    outer loop
      vertex 5 49 0
      vertex 5 21 3
      vertex 5 21 0
    endloop
  endfacet
  facet normal 0 -1 0
    outer loop
      vertex 5 49 0
      vertex 47 49 3
      vertex 5 49 3
    endloop
  endfacet
  facet normal 0 -1 -0
    outer loop
      vertex 47 49 3
      vertex 5 49 0
      vertex 47 49 0
    endloop
  endfacet
  facet normal 0 1 -0
    outer loop
      vertex 47 21 0
      vertex 5 21 3
      vertex 47 21 3
    endloop
  endfacet
  facet normal 0 1 0
    outer loop
      vertex 5 21 3
      vertex 47 21 0
      vertex 5 21 0
    endloop
  endfacet
  facet normal -0.831514 -0.555504 0
    outer loop
      vertex 11.1548 24.4784 4
      vertex 10.8839 24.8839 6
      vertex 10.8839 24.8839 4
    endloop
  endfacet
  facet normal -0.831514 -0.555504 0
    outer loop
      vertex 10.8839 24.8839 6
      vertex 11.1548 24.4784 4
      vertex 11.1548 24.4784 6
    endloop
  endfacet
  facet normal -0.980769 -0.19517 0
    outer loop
      vertex 11.25 24 4
      vertex 11.1548 24.4784 6
      vertex 11.1548 24.4784 4
    endloop
  endfacet
  facet normal -0.980769 -0.19517 0
    outer loop
      vertex 11.1548 24.4784 6
      vertex 11.25 24 4
      vertex 11.25 24 6
    endloop
  endfacet
  facet normal -0.555646 -0.831419 0
    outer loop
      vertex 10.4784 25.1549 4
      vertex 10.8839 24.8839 6
      vertex 10.4784 25.1549 6
    endloop
  endfacet
  facet normal -0.555646 -0.831419 -0
    outer loop
      vertex 10.8839 24.8839 6
      vertex 10.4784 25.1549 4
      vertex 10.8839 24.8839 4
    endloop
  endfacet
  facet normal -0.831514 0.555504 0
    outer loop
      vertex 10.8839 23.1161 4
      vertex 11.1548 23.5216 6
      vertex 11.1548 23.5216 4
    endloop
  endfacet
  facet normal -0.831514 0.555504 0
    outer loop
      vertex 11.1548 23.5216 6
      vertex 10.8839 23.1161 4
      vertex 10.8839 23.1161 6
    endloop
  endfacet
  facet normal 0.194992 -0.980805 0
    outer loop
      vertex 9.52165 25.1549 4
      vertex 10 25.25 6
      vertex 9.52165 25.1549 6
    endloop
  endfacet
  facet normal 0.194992 -0.980805 0
    outer loop
      vertex 10 25.25 6
      vertex 9.52165 25.1549 4
      vertex 10 25.25 4
    endloop
  endfacet
  facet normal 0.831447 -0.555604 0
    outer loop
      vertex 8.84515 24.4784 6
      vertex 9.11612 24.8839 4
      vertex 9.11612 24.8839 6
    endloop
  endfacet
  facet normal 0.831447 -0.555604 0
    outer loop
      vertex 9.11612 24.8839 4
      vertex 8.84515 24.4784 6
      vertex 8.84515 24.4784 4
    endloop
  endfacet
  facet normal 0.980789 -0.195071 0
    outer loop
      vertex 8.75 24 6
      vertex 8.84515 24.4784 4
      vertex 8.84515 24.4784 6
    endloop
  endfacet
  facet normal 0.980789 -0.195071 0
    outer loop
      vertex 8.84515 24.4784 4
      vertex 8.75 24 6
      vertex 8.75 24 4
    endloop
  endfacet
  facet normal -0.194973 0.980809 0
    outer loop
      vertex 10.4784 22.8451 4
      vertex 10 22.75 6
      vertex 10.4784 22.8451 6
    endloop
  endfacet
  facet normal -0.194973 0.980809 0
    outer loop
      vertex 10 22.75 6
      vertex 10.4784 22.8451 4
      vertex 10 22.75 4
    endloop
  endfacet
  facet normal 0.194992 0.980805 -0
    outer loop
      vertex 10 22.75 4
      vertex 9.52165 22.8451 6
      vertex 10 22.75 6
    endloop
  endfacet
  facet normal 0.194992 0.980805 0
    outer loop
      vertex 9.52165 22.8451 6
      vertex 10 22.75 4
      vertex 9.52165 22.8451 4
    endloop
  endfacet
  facet normal 0.980789 0.195071 0
    outer loop
      vertex 8.84515 23.5216 6
      vertex 8.75 24 4
      vertex 8.75 24 6
    endloop
  endfacet
  facet normal 0.980789 0.195071 0
    outer loop
      vertex 8.75 24 4
      vertex 8.84515 23.5216 6
      vertex 8.84515 23.5216 4
    endloop
  endfacet
  facet normal -0.194973 -0.980809 0
    outer loop
      vertex 10 25.25 4
      vertex 10.4784 25.1549 6
      vertex 10 25.25 6
    endloop
  endfacet
  facet normal -0.194973 -0.980809 -0
    outer loop
      vertex 10.4784 25.1549 6
      vertex 10 25.25 4
      vertex 10.4784 25.1549 4
    endloop
  endfacet
  facet normal -0.980769 0.19517 0
    outer loop
      vertex 11.1548 23.5216 4
      vertex 11.25 24 6
      vertex 11.25 24 4
    endloop
  endfacet
  facet normal -0.980769 0.19517 0
    outer loop
      vertex 11.25 24 6
      vertex 11.1548 23.5216 4
      vertex 11.1548 23.5216 6
    endloop
  endfacet
  facet normal -0.555646 0.831419 0
    outer loop
      vertex 10.8839 23.1161 4
      vertex 10.4784 22.8451 6
      vertex 10.8839 23.1161 6
    endloop
  endfacet
  facet normal -0.555646 0.831419 0
    outer loop
      vertex 10.4784 22.8451 6
      vertex 10.8839 23.1161 4
      vertex 10.4784 22.8451 4
    endloop
  endfacet
  facet normal 0.831447 0.555604 0
    outer loop
      vertex 9.11612 23.1161 6
      vertex 8.84515 23.5216 4
      vertex 8.84515 23.5216 6
    endloop
  endfacet
  facet normal 0.831447 0.555604 0
    outer loop
      vertex 8.84515 23.5216 4
      vertex 9.11612 23.1161 6
      vertex 9.11612 23.1161 4
    endloop
  endfacet
  facet normal 0.555618 -0.831438 0
    outer loop
      vertex 9.11612 24.8839 4
      vertex 9.52165 25.1549 6
      vertex 9.11612 24.8839 6
    endloop
  endfacet
  facet normal 0.555618 -0.831438 0
    outer loop
      vertex 9.52165 25.1549 6
      vertex 9.11612 24.8839 4
      vertex 9.52165 25.1549 4
    endloop
  endfacet
  facet normal 0.555618 0.831438 -0
    outer loop
      vertex 9.52165 22.8451 4
      vertex 9.11612 23.1161 6
      vertex 9.52165 22.8451 6
    endloop
  endfacet
  facet normal 0.555618 0.831438 0
    outer loop
      vertex 9.11612 23.1161 6
      vertex 9.52165 22.8451 4
      vertex 9.11612 23.1161 4
    endloop
  endfacet
  facet normal -0.831419 -0.555646 0
    outer loop
      vertex 43.1549 24.4784 4
      vertex 42.8839 24.8839 6
      vertex 42.8839 24.8839 4
    endloop
  endfacet
  facet normal -0.831419 -0.555646 0
    outer loop
      vertex 42.8839 24.8839 6
      vertex 43.1549 24.4784 4
      vertex 43.1549 24.4784 6
    endloop
  endfacet
  facet normal -0.980809 -0.194973 0
    outer loop
      vertex 43.25 24 4
      vertex 43.1549 24.4784 6
      vertex 43.1549 24.4784 4
    endloop
  endfacet
  facet normal -0.980809 -0.194973 0
    outer loop
      vertex 43.1549 24.4784 6
      vertex 43.25 24 4
      vertex 43.25 24 6
    endloop
  endfacet
  facet normal -0.555646 -0.831419 0
    outer loop
      vertex 42.4784 25.1549 4
      vertex 42.8839 24.8839 6
      vertex 42.4784 25.1549 6
    endloop
  endfacet
  facet normal -0.555646 -0.831419 -0
    outer loop
      vertex 42.8839 24.8839 6
      vertex 42.4784 25.1549 4
      vertex 42.8839 24.8839 4
    endloop
  endfacet
  facet normal -0.831419 0.555646 0
    outer loop
      vertex 42.8839 23.1161 4
      vertex 43.1549 23.5216 6
      vertex 43.1549 23.5216 4
    endloop
  endfacet
  facet normal -0.831419 0.555646 0
    outer loop
      vertex 43.1549 23.5216 6
      vertex 42.8839 23.1161 4
      vertex 42.8839 23.1161 6
    endloop
  endfacet
  facet normal 0.194973 -0.980809 0
    outer loop
      vertex 41.5216 25.1549 4
      vertex 42 25.25 6
      vertex 41.5216 25.1549 6
    endloop
  endfacet
  facet normal 0.194973 -0.980809 0
    outer loop
      vertex 42 25.25 6
      vertex 41.5216 25.1549 4
      vertex 42 25.25 4
    endloop
  endfacet
  facet normal 0.831419 -0.555646 0
    outer loop
      vertex 40.8451 24.4784 6
      vertex 41.1161 24.8839 4
      vertex 41.1161 24.8839 6
    endloop
  endfacet
  facet normal 0.831419 -0.555646 0
    outer loop
      vertex 41.1161 24.8839 4
      vertex 40.8451 24.4784 6
      vertex 40.8451 24.4784 4
    endloop
  endfacet
  facet normal 0.980809 -0.194973 0
    outer loop
      vertex 40.75 24 6
      vertex 40.8451 24.4784 4
      vertex 40.8451 24.4784 6
    endloop
  endfacet
  facet normal 0.980809 -0.194973 0
    outer loop
      vertex 40.8451 24.4784 4
      vertex 40.75 24 6
      vertex 40.75 24 4
    endloop
  endfacet
  facet normal -0.194973 0.980809 0
    outer loop
      vertex 42.4784 22.8451 4
      vertex 42 22.75 6
      vertex 42.4784 22.8451 6
    endloop
  endfacet
  facet normal -0.194973 0.980809 0
    outer loop
      vertex 42 22.75 6
      vertex 42.4784 22.8451 4
      vertex 42 22.75 4
    endloop
  endfacet
  facet normal 0.194973 0.980809 -0
    outer loop
      vertex 42 22.75 4
      vertex 41.5216 22.8451 6
      vertex 42 22.75 6
    endloop
  endfacet
  facet normal 0.194973 0.980809 0
    outer loop
      vertex 41.5216 22.8451 6
      vertex 42 22.75 4
      vertex 41.5216 22.8451 4
    endloop
  endfacet
  facet normal 0.980809 0.194973 0
    outer loop
      vertex 40.8451 23.5216 6
      vertex 40.75 24 4
      vertex 40.75 24 6
    endloop
  endfacet
  facet normal 0.980809 0.194973 0
    outer loop
      vertex 40.75 24 4
      vertex 40.8451 23.5216 6
      vertex 40.8451 23.5216 4
    endloop
  endfacet
  facet normal -0.194973 -0.980809 0
    outer loop
      vertex 42 25.25 4
      vertex 42.4784 25.1549 6
      vertex 42 25.25 6
    endloop
  endfacet
  facet normal -0.194973 -0.980809 -0
    outer loop
      vertex 42.4784 25.1549 6
      vertex 42 25.25 4
      vertex 42.4784 25.1549 4
    endloop
  endfacet
  facet normal -0.980809 0.194973 0
    outer loop
      vertex 43.1549 23.5216 4
      vertex 43.25 24 6
      vertex 43.25 24 4
    endloop
  endfacet
  facet normal -0.980809 0.194973 0
    outer loop
      vertex 43.25 24 6
      vertex 43.1549 23.5216 4
      vertex 43.1549 23.5216 6
    endloop
  endfacet
  facet normal -0.555646 0.831419 0
    outer loop
      vertex 42.8839 23.1161 4
      vertex 42.4784 22.8451 6
      vertex 42.8839 23.1161 6
    endloop
  endfacet
  facet normal -0.555646 0.831419 0
    outer loop
      vertex 42.4784 22.8451 6
      vertex 42.8839 23.1161 4
      vertex 42.4784 22.8451 4
    endloop
  endfacet
  facet normal 0.831419 0.555646 0
    outer loop
      vertex 41.1161 23.1161 6
      vertex 40.8451 23.5216 4
      vertex 40.8451 23.5216 6
    endloop
  endfacet
  facet normal 0.831419 0.555646 0
    outer loop
      vertex 40.8451 23.5216 4
      vertex 41.1161 23.1161 6
      vertex 41.1161 23.1161 4
    endloop
  endfacet
  facet normal 0.555646 -0.831419 0
    outer loop
      vertex 41.1161 24.8839 4
      vertex 41.5216 25.1549 6
      vertex 41.1161 24.8839 6
    endloop
  endfacet
  facet normal 0.555646 -0.831419 0
    outer loop
      vertex 41.5216 25.1549 6
      vertex 41.1161 24.8839 4
      vertex 41.5216 25.1549 4
    endloop
  endfacet
  facet normal 0.555646 0.831419 -0
    outer loop
      vertex 41.5216 22.8451 4
      vertex 41.1161 23.1161 6
      vertex 41.5216 22.8451 6
    endloop
  endfacet
  facet normal 0.555646 0.831419 0
    outer loop
      vertex 41.1161 23.1161 6
      vertex 41.5216 22.8451 4
      vertex 41.1161 23.1161 4
    endloop
  endfacet
  facet normal -0.831514 -0.555504 0
    outer loop
      vertex 11.1548 46.4784 4
      vertex 10.8839 46.8839 6
      vertex 10.8839 46.8839 4
    endloop
  endfacet
  facet normal -0.831514 -0.555504 0
    outer loop
      vertex 10.8839 46.8839 6
      vertex 11.1548 46.4784 4
      vertex 11.1548 46.4784 6
    endloop
  endfacet
  facet normal -0.980769 -0.19517 0
    outer loop
      vertex 11.25 46 4
      vertex 11.1548 46.4784 6
      vertex 11.1548 46.4784 4
    endloop
  endfacet
  facet normal -0.980769 -0.19517 0
    outer loop
      vertex 11.1548 46.4784 6
      vertex 11.25 46 4
      vertex 11.25 46 6
    endloop
  endfacet
  facet normal -0.555646 -0.831419 0
    outer loop
      vertex 10.4784 47.1549 4
      vertex 10.8839 46.8839 6
      vertex 10.4784 47.1549 6
    endloop
  endfacet
  facet normal -0.555646 -0.831419 -0
    outer loop
      vertex 10.8839 46.8839 6
      vertex 10.4784 47.1549 4
      vertex 10.8839 46.8839 4
    endloop
  endfacet
  facet normal -0.831514 0.555504 0
    outer loop
      vertex 10.8839 45.1161 4
      vertex 11.1548 45.5216 6
      vertex 11.1548 45.5216 4
    endloop
  endfacet
  facet normal -0.831514 0.555504 0
    outer loop
      vertex 11.1548 45.5216 6
      vertex 10.8839 45.1161 4
      vertex 10.8839 45.1161 6
    endloop
  endfacet
  facet normal 0.194992 -0.980805 0
    outer loop
      vertex 9.52165 47.1549 4
      vertex 10 47.25 6
      vertex 9.52165 47.1549 6
    endloop
  endfacet
  facet normal 0.194992 -0.980805 0
    outer loop
      vertex 10 47.25 6
      vertex 9.52165 47.1549 4
      vertex 10 47.25 4
    endloop
  endfacet
  facet normal 0.831447 -0.555604 0
    outer loop
      vertex 8.84515 46.4784 6
      vertex 9.11612 46.8839 4
      vertex 9.11612 46.8839 6
    endloop
  endfacet
  facet normal 0.831447 -0.555604 0
    outer loop
      vertex 9.11612 46.8839 4
      vertex 8.84515 46.4784 6
      vertex 8.84515 46.4784 4
    endloop
  endfacet
  facet normal 0.980789 -0.195071 0
    outer loop
      vertex 8.75 46 6
      vertex 8.84515 46.4784 4
      vertex 8.84515 46.4784 6
    endloop
  endfacet
  facet normal 0.980789 -0.195071 0
    outer loop
      vertex 8.84515 46.4784 4
      vertex 8.75 46 6
      vertex 8.75 46 4
    endloop
  endfacet
  facet normal -0.194973 0.980809 0
    outer loop
      vertex 10.4784 44.8451 4
      vertex 10 44.75 6
      vertex 10.4784 44.8451 6
    endloop
  endfacet
  facet normal -0.194973 0.980809 0
    outer loop
      vertex 10 44.75 6
      vertex 10.4784 44.8451 4
      vertex 10 44.75 4
    endloop
  endfacet
  facet normal 0.194992 0.980805 -0
    outer loop
      vertex 10 44.75 4
      vertex 9.52165 44.8451 6
      vertex 10 44.75 6
    endloop
  endfacet
  facet normal 0.194992 0.980805 0
    outer loop
      vertex 9.52165 44.8451 6
      vertex 10 44.75 4
      vertex 9.52165 44.8451 4
    endloop
  endfacet
  facet normal 0.980789 0.195071 0
    outer loop
      vertex 8.84515 45.5216 6
      vertex 8.75 46 4
      vertex 8.75 46 6
    endloop
  endfacet
  facet normal 0.980789 0.195071 0
    outer loop
      vertex 8.75 46 4
      vertex 8.84515 45.5216 6
      vertex 8.84515 45.5216 4
    endloop
  endfacet
  facet normal -0.194973 -0.980809 0
    outer loop
      vertex 10 47.25 4
      vertex 10.4784 47.1549 6
      vertex 10 47.25 6
    endloop
  endfacet
  facet normal -0.194973 -0.980809 -0
    outer loop
      vertex 10.4784 47.1549 6
      vertex 10 47.25 4
      vertex 10.4784 47.1549 4
    endloop
  endfacet
  facet normal -0.980769 0.19517 0
    outer loop
      vertex 11.1548 45.5216 4
      vertex 11.25 46 6
      vertex 11.25 46 4
    endloop
  endfacet
  facet normal -0.980769 0.19517 0
    outer loop
      vertex 11.25 46 6
      vertex 11.1548 45.5216 4
      vertex 11.1548 45.5216 6
    endloop
  endfacet
  facet normal -0.555646 0.831419 0
    outer loop
      vertex 10.8839 45.1161 4
      vertex 10.4784 44.8451 6
      vertex 10.8839 45.1161 6
    endloop
  endfacet
  facet normal -0.555646 0.831419 0
    outer loop
      vertex 10.4784 44.8451 6
      vertex 10.8839 45.1161 4
      vertex 10.4784 44.8451 4
    endloop
  endfacet
  facet normal 0.831447 0.555604 0
    outer loop
      vertex 9.11612 45.1161 6
      vertex 8.84515 45.5216 4
      vertex 8.84515 45.5216 6
    endloop
  endfacet
  facet normal 0.831447 0.555604 0
    outer loop
      vertex 8.84515 45.5216 4
      vertex 9.11612 45.1161 6
      vertex 9.11612 45.1161 4
    endloop
  endfacet
  facet normal 0.555618 -0.831438 0
    outer loop
      vertex 9.11612 46.8839 4
      vertex 9.52165 47.1549 6
      vertex 9.11612 46.8839 6
    endloop
  endfacet
  facet normal 0.555618 -0.831438 0
    outer loop
      vertex 9.52165 47.1549 6
      vertex 9.11612 46.8839 4
      vertex 9.52165 47.1549 4
    endloop
  endfacet
  facet normal 0.555618 0.831438 -0
    outer loop
      vertex 9.52165 44.8451 4
      vertex 9.11612 45.1161 6
      vertex 9.52165 44.8451 6
    endloop
  endfacet
  facet normal 0.555618 0.831438 0
    outer loop
      vertex 9.11612 45.1161 6
      vertex 9.52165 44.8451 4
      vertex 9.11612 45.1161 4
    endloop
  endfacet
  facet normal -0.831419 -0.555646 0
    outer loop
      vertex 43.1549 46.4784 4
      vertex 42.8839 46.8839 6
      vertex 42.8839 46.8839 4
    endloop
  endfacet
  facet normal -0.831419 -0.555646 0
    outer loop
      vertex 42.8839 46.8839 6
      vertex 43.1549 46.4784 4
      vertex 43.1549 46.4784 6
    endloop
  endfacet
  facet normal -0.980809 -0.194973 0
    outer loop
      vertex 43.25 46 4
      vertex 43.1549 46.4784 6
      vertex 43.1549 46.4784 4
    endloop
  endfacet
  facet normal -0.980809 -0.194973 0
    outer loop
      vertex 43.1549 46.4784 6
      vertex 43.25 46 4
      vertex 43.25 46 6
    endloop
  endfacet
  facet normal -0.555646 -0.831419 0
    outer loop
      vertex 42.4784 47.1549 4
      vertex 42.8839 46.8839 6
      vertex 42.4784 47.1549 6
    endloop
  endfacet
  facet normal -0.555646 -0.831419 -0
    outer loop
      vertex 42.8839 46.8839 6
      vertex 42.4784 47.1549 4
      vertex 42.8839 46.8839 4
    endloop
  endfacet
  facet normal -0.831419 0.555646 0
    outer loop
      vertex 42.8839 45.1161 4
      vertex 43.1549 45.5216 6
      vertex 43.1549 45.5216 4
    endloop
  endfacet
  facet normal -0.831419 0.555646 0
    outer loop
      vertex 43.1549 45.5216 6
      vertex 42.8839 45.1161 4
      vertex 42.8839 45.1161 6
    endloop
  endfacet
  facet normal 0.194973 -0.980809 0
    outer loop
      vertex 41.5216 47.1549 4
      vertex 42 47.25 6
      vertex 41.5216 47.1549 6
    endloop
  endfacet
  facet normal 0.194973 -0.980809 0
    outer loop
      vertex 42 47.25 6
      vertex 41.5216 47.1549 4
      vertex 42 47.25 4
    endloop
  endfacet
  facet normal 0.831419 -0.555646 0
    outer loop
      vertex 40.8451 46.4784 6
      vertex 41.1161 46.8839 4
      vertex 41.1161 46.8839 6
    endloop
  endfacet
  facet normal 0.831419 -0.555646 0
    outer loop
      vertex 41.1161 46.8839 4
      vertex 40.8451 46.4784 6
      vertex 40.8451 46.4784 4
    endloop
  endfacet
  facet normal 0.980809 -0.194973 0
    outer loop
      vertex 40.75 46 6
      vertex 40.8451 46.4784 4
      vertex 40.8451 46.4784 6
    endloop
  endfacet
  facet normal 0.980809 -0.194973 0
    outer loop
      vertex 40.8451 46.4784 4
      vertex 40.75 46 6
      vertex 40.75 46 4
    endloop
  endfacet
  facet normal -0.194973 0.980809 0
    outer loop
      vertex 42.4784 44.8451 4
      vertex 42 44.75 6
      vertex 42.4784 44.8451 6
    endloop
  endfacet
  facet normal -0.194973 0.980809 0
    outer loop
      vertex 42 44.75 6
      vertex 42.4784 44.8451 4
      vertex 42 44.75 4
    endloop
  endfacet
  facet normal 0.194973 0.980809 -0
    outer loop
      vertex 42 44.75 4
      vertex 41.5216 44.8451 6
      vertex 42 44.75 6
    endloop
  endfacet
  facet normal 0.194973 0.980809 0
    outer loop
      vertex 41.5216 44.8451 6
      vertex 42 44.75 4
      vertex 41.5216 44.8451 4
    endloop
  endfacet
  facet normal 0.980809 0.194973 0
    outer loop
      vertex 40.8451 45.5216 6
      vertex 40.75 46 4
      vertex 40.75 46 6
    endloop
  endfacet
  facet normal 0.980809 0.194973 0
    outer loop
      vertex 40.75 46 4
      vertex 40.8451 45.5216 6
      vertex 40.8451 45.5216 4
    endloop
  endfacet
  facet normal -0.194973 -0.980809 0
    outer loop
      vertex 42 47.25 4
      vertex 42.4784 47.1549 6
      vertex 42 47.25 6
    endloop
  endfacet
  facet normal -0.194973 -0.980809 -0
    outer loop
      vertex 42.4784 47.1549 6
      vertex 42 47.25 4
      vertex 42.4784 47.1549 4
    endloop
  endfacet
  facet normal -0.980809 0.194973 0
    outer loop
      vertex 43.1549 45.5216 4
      vertex 43.25 46 6
      vertex 43.25 46 4
    endloop
  endfacet
  facet normal -0.980809 0.194973 0
    outer loop
      vertex 43.25 46 6
      vertex 43.1549 45.5216 4
      vertex 43.1549 45.5216 6
    endloop
  endfacet
  facet normal -0.555646 0.831419 0
    outer loop
      vertex 42.8839 45.1161 4
      vertex 42.4784 44.8451 6
      vertex 42.8839 45.1161 6
    endloop
  endfacet
  facet normal -0.555646 0.831419 0
    outer loop
      vertex 42.4784 44.8451 6
      vertex 42.8839 45.1161 4
      vertex 42.4784 44.8451 4
    endloop
  endfacet
  facet normal 0.831419 0.555646 0
    outer loop
      vertex 41.1161 45.1161 6
      vertex 40.8451 45.5216 4
      vertex 40.8451 45.5216 6
    endloop
  endfacet
  facet normal 0.831419 0.555646 0
    outer loop
      vertex 40.8451 45.5216 4
      vertex 41.1161 45.1161 6
      vertex 41.1161 45.1161 4
    endloop
  endfacet
  facet normal 0.555646 -0.831419 0
    outer loop
      vertex 41.1161 46.8839 4
      vertex 41.5216 47.1549 6
      vertex 41.1161 46.8839 6
    endloop
  endfacet
  facet normal 0.555646 -0.831419 0
    outer loop
      vertex 41.5216 47.1549 6
      vertex 41.1161 46.8839 4
      vertex 41.5216 47.1549 4
    endloop
  endfacet
  facet normal 0.555646 0.831419 -0
    outer loop
      vertex 41.5216 44.8451 4
      vertex 41.1161 45.1161 6
      vertex 41.5216 44.8451 6
    endloop
  endfacet
  facet normal 0.555646 0.831419 0
    outer loop
      vertex 41.1161 45.1161 6
      vertex 41.5216 44.8451 4
      vertex 41.1161 45.1161 4
    endloop
  endfacet
  facet normal -1 0 0
    outer loop
      vertex 79 28.5 0
      vertex 79 41.5 3
      vertex 79 41.5 0
    endloop
  endfacet
  facet normal -1 -0 0
    outer loop
      vertex 79 41.5 3
      vertex 79 28.5 0
      vertex 79 28.5 3
    endloop
  endfacet
  facet normal 1 -0 0
    outer loop
      vertex 66 28.5 3
      vertex 66 41.5 0
      vertex 66 41.5 3
    endloop
  endfacet
  facet normal 1 0 0
    outer loop
      vertex 66 41.5 0
      vertex 66 28.5 3
      vertex 66 28.5 0
    endloop
  endfacet
  facet normal 0 -1 0
    outer loop
      vertex 66 41.5 0
      vertex 79 41.5 3
      vertex 66 41.5 3
    endloop
  endfacet
  facet normal 0 -1 -0
    outer loop
      vertex 79 41.5 3
      vertex 66 41.5 0
      vertex 79 41.5 0
    endloop
  endfacet
  facet normal 0 1 -0
    outer loop
      vertex 79 28.5 0
      vertex 66 28.5 3
      vertex 79 28.5 3
    endloop
  endfacet
  facet normal 0 1 0
    outer loop
      vertex 66 28.5 3
      vertex 79 28.5 0
      vertex 66 28.5 0
    endloop
  endfacet
  facet normal -1 0 0
    outer loop
      vertex 101 23.5 0
      vertex 101 46.5 3
      vertex 101 46.5 0
    endloop
  endfacet
  facet normal -1 -0 0
    outer loop
      vertex 101 46.5 3
      vertex 101 23.5 0
      vertex 101 23.5 3
    endloop
  endfacet
  facet normal 1 -0 0
    outer loop
      vertex 89 23.5 3
      vertex 89 46.5 0
      vertex 89 46.5 3
    endloop
  endfacet
  facet normal 1 0 0
    outer loop
      vertex 89 46.5 0
      vertex 89 23.5 3
      vertex 89 23.5 0
    endloop
  endfacet
  facet normal 0 -1 0
    outer loop
      vertex 89 46.5 0
      vertex 94.0366 46.5 3
      vertex 89 46.5 3
    endloop
  endfacet
  facet normal 0 -1 -0
    outer loop
      vertex 94.0366 46.5 3
      vertex 89 46.5 0
      vertex 94.0366 46.5 0
    endloop
  endfacet
  facet normal 0 -1 0
    outer loop
      vertex 95.9634 46.5 0
      vertex 101 46.5 3
      vertex 95.9634 46.5 3
    endloop
  endfacet
  facet normal 0 -1 -0
    outer loop
      vertex 101 46.5 3
      vertex 95.9634 46.5 0
      vertex 101 46.5 0
    endloop
  endfacet
  facet normal 0 1 -0
    outer loop
      vertex 94.0366 23.5 0
      vertex 89 23.5 3
      vertex 94.0366 23.5 3
    endloop
  endfacet
  facet normal 0 1 0
    outer loop
      vertex 89 23.5 3
      vertex 94.0366 23.5 0
      vertex 89 23.5 0
    endloop
  endfacet
  facet normal 0 1 -0
    outer loop
      vertex 101 23.5 0
      vertex 95.9634 23.5 3
      vertex 101 23.5 3
    endloop
  endfacet
  facet normal 0 1 0
    outer loop
      vertex 95.9634 23.5 3
      vertex 101 23.5 0
      vertex 95.9634 23.5 0
    endloop
  endfacet
  facet normal -0.831468 -0.555572 0
    outer loop
      vertex 9.47821 8.61229 0
      vertex 9.13137 9.13137 3
      vertex 9.13137 9.13137 0
    endloop
  endfacet
  facet normal -0.831468 -0.555572 0
    outer loop
      vertex 9.13137 9.13137 3
      vertex 9.47821 8.61229 0
      vertex 9.47821 8.61229 3
    endloop
  endfacet
  facet normal -0.980786 -0.195087 0
    outer loop
      vertex 9.6 8 0
      vertex 9.47821 8.61229 3
      vertex 9.47821 8.61229 0
    endloop
  endfacet
  facet normal -0.980786 -0.195087 0
    outer loop
      vertex 9.47821 8.61229 3
      vertex 9.6 8 0
      vertex 9.6 8 3
    endloop
  endfacet
  facet normal -0.555572 -0.831468 0
    outer loop
      vertex 8.61229 9.47821 0
      vertex 9.13137 9.13137 3
      vertex 8.61229 9.47821 3
    endloop
  endfacet
  facet normal -0.555572 -0.831468 -0
    outer loop
      vertex 9.13137 9.13137 3
      vertex 8.61229 9.47821 0
      vertex 9.13137 9.13137 0
    endloop
  endfacet
  facet normal -0.831468 0.555572 0
    outer loop
      vertex 9.13137 6.86863 0
      vertex 9.47821 7.38771 3
      vertex 9.47821 7.38771 0
    endloop
  endfacet
  facet normal -0.831468 0.555572 0
    outer loop
      vertex 9.47821 7.38771 3
      vertex 9.13137 6.86863 0
      vertex 9.13137 6.86863 3
    endloop
  endfacet
  facet normal 0.195087 -0.980786 0
    outer loop
      vertex 7.38771 9.47821 0
      vertex 8 9.6 3
      vertex 7.38771 9.47821 3
    endloop
  endfacet
  facet normal 0.195087 -0.980786 0
    outer loop
      vertex 8 9.6 3
      vertex 7.38771 9.47821 0
      vertex 8 9.6 0
    endloop
  endfacet
  facet normal 0.831468 -0.555572 0
    outer loop
      vertex 6.52179 8.61229 3
      vertex 6.86863 9.13137 0
      vertex 6.86863 9.13137 3
    endloop
  endfacet
  facet normal 0.831468 -0.555572 0
    outer loop
      vertex 6.86863 9.13137 0
      vertex 6.52179 8.61229 3
      vertex 6.52179 8.61229 0
    endloop
  endfacet
  facet normal 0.980786 -0.195087 0
    outer loop
      vertex 6.4 8 3
      vertex 6.52179 8.61229 0
      vertex 6.52179 8.61229 3
    endloop
  endfacet
  facet normal 0.980786 -0.195087 0
    outer loop
      vertex 6.52179 8.61229 0
      vertex 6.4 8 3
      vertex 6.4 8 0
    endloop
  endfacet
  facet normal -0.195087 0.980786 0
    outer loop
      vertex 8.61229 6.52179 0
      vertex 8 6.4 3
      vertex 8.61229 6.52179 3
    endloop
  endfacet
  facet normal -0.195087 0.980786 0
    outer loop
      vertex 8 6.4 3
      vertex 8.61229 6.52179 0
      vertex 8 6.4 0
    endloop
  endfacet
  facet normal 0.195087 0.980786 -0
    outer loop
      vertex 8 6.4 0
      vertex 7.38771 6.52179 3
      vertex 8 6.4 3
    endloop
  endfacet
  facet normal 0.195087 0.980786 0
    outer loop
      vertex 7.38771 6.52179 3
      vertex 8 6.4 0
      vertex 7.38771 6.52179 0
    endloop
  endfacet
  facet normal 0.980786 0.195087 0
    outer loop
      vertex 6.52179 7.38771 3
      vertex 6.4 8 0
      vertex 6.4 8 3
    endloop
  endfacet
  facet normal 0.980786 0.195087 0
    outer loop
      vertex 6.4 8 0
      vertex 6.52179 7.38771 3
      vertex 6.52179 7.38771 0
    endloop
  endfacet
  facet normal -0.195087 -0.980786 0
    outer loop
      vertex 8 9.6 0
      vertex 8.61229 9.47821 3
      vertex 8 9.6 3
    endloop
  endfacet
  facet normal -0.195087 -0.980786 -0
    outer loop
      vertex 8.61229 9.47821 3
      vertex 8 9.6 0
      vertex 8.61229 9.47821 0
    endloop
  endfacet
  facet normal -0.980786 0.195087 0
    outer loop
      vertex 9.47821 7.38771 0
      vertex 9.6 8 3
      vertex 9.6 8 0
    endloop
  endfacet
  facet normal -0.980786 0.195087 0
    outer loop
      vertex 9.6 8 3
      vertex 9.47821 7.38771 0
      vertex 9.47821 7.38771 3
    endloop
  endfacet
  facet normal -0.555572 0.831468 0
    outer loop
      vertex 9.13137 6.86863 0
      vertex 8.61229 6.52179 3
      vertex 9.13137 6.86863 3
    endloop
  endfacet
  facet normal -0.555572 0.831468 0
    outer loop
      vertex 8.61229 6.52179 3
      vertex 9.13137 6.86863 0
      vertex 8.61229 6.52179 0
    endloop
  endfacet
  facet normal 0.831468 0.555572 0
    outer loop
      vertex 6.86863 6.86863 3
      vertex 6.52179 7.38771 0
      vertex 6.52179 7.38771 3
    endloop
  endfacet
  facet normal 0.831468 0.555572 0
    outer loop
      vertex 6.52179 7.38771 0
      vertex 6.86863 6.86863 3
      vertex 6.86863 6.86863 0
    endloop
  endfacet
  facet normal 0.555572 -0.831468 0
    outer loop
      vertex 6.86863 9.13137 0
      vertex 7.38771 9.47821 3
      vertex 6.86863 9.13137 3
    endloop
  endfacet
  facet normal 0.555572 -0.831468 0
    outer loop
      vertex 7.38771 9.47821 3
      vertex 6.86863 9.13137 0
      vertex 7.38771 9.47821 0
    endloop
  endfacet
  facet normal 0.555572 0.831468 -0
    outer loop
      vertex 7.38771 6.52179 0
      vertex 6.86863 6.86863 3
      vertex 7.38771 6.52179 3
    endloop
  endfacet
  facet normal 0.555572 0.831468 0
    outer loop
      vertex 6.86863 6.86863 3
      vertex 7.38771 6.52179 0
      vertex 6.86863 6.86863 0
    endloop
  endfacet
  facet normal -0.83135 -0.555749 0
    outer loop
      vertex 133.478 8.61229 0
      vertex 133.131 9.13137 3
      vertex 133.131 9.13137 0
    endloop
  endfacet
  facet normal -0.83135 -0.555749 0
    outer loop
      vertex 133.131 9.13137 3
      vertex 133.478 8.61229 0
      vertex 133.478 8.61229 3
    endloop
  endfacet
  facet normal -0.980721 -0.195411 0
    outer loop
      vertex 133.6 8 0
      vertex 133.478 8.61229 3
      vertex 133.478 8.61229 0
    endloop
  endfacet
  facet normal -0.980721 -0.195411 0
    outer loop
      vertex 133.478 8.61229 3
      vertex 133.6 8 0
      vertex 133.6 8 3
    endloop
  endfacet
  facet normal -0.555631 -0.831429 0
    outer loop
      vertex 132.612 9.47821 0
      vertex 133.131 9.13137 3
      vertex 132.612 9.47821 3
    endloop
  endfacet
  facet normal -0.555631 -0.831429 -0
    outer loop
      vertex 133.131 9.13137 3
      vertex 132.612 9.47821 0
      vertex 133.131 9.13137 0
    endloop
  endfacet
  facet normal -0.83135 0.555749 0
    outer loop
      vertex 133.131 6.86863 0
      vertex 133.478 7.38771 3
      vertex 133.478 7.38771 0
    endloop
  endfacet
  facet normal -0.83135 0.555749 0
    outer loop
      vertex 133.478 7.38771 3
      vertex 133.131 6.86863 0
      vertex 133.131 6.86863 3
    endloop
  endfacet
  facet normal 0.195176 -0.980768 0
    outer loop
      vertex 131.388 9.47821 0
      vertex 132 9.6 3
      vertex 131.388 9.47821 3
    endloop
  endfacet
  facet normal 0.195176 -0.980768 0
    outer loop
      vertex 132 9.6 3
      vertex 131.388 9.47821 0
      vertex 132 9.6 0
    endloop
  endfacet
  facet normal 0.83135 -0.555749 0
    outer loop
      vertex 130.522 8.61229 3
      vertex 130.869 9.13137 0
      vertex 130.869 9.13137 3
    endloop
  endfacet
  facet normal 0.83135 -0.555749 0
    outer loop
      vertex 130.869 9.13137 0
      vertex 130.522 8.61229 3
      vertex 130.522 8.61229 0
    endloop
  endfacet
  facet normal 0.980721 -0.195411 0
    outer loop
      vertex 130.4 8 3
      vertex 130.522 8.61229 0
      vertex 130.522 8.61229 3
    endloop
  endfacet
  facet normal 0.980721 -0.195411 0
    outer loop
      vertex 130.522 8.61229 0
      vertex 130.4 8 3
      vertex 130.4 8 0
    endloop
  endfacet
  facet normal -0.195176 0.980768 0
    outer loop
      vertex 132.612 6.52179 0
      vertex 132 6.4 3
      vertex 132.612 6.52179 3
    endloop
  endfacet
  facet normal -0.195176 0.980768 0
    outer loop
      vertex 132 6.4 3
      vertex 132.612 6.52179 0
      vertex 132 6.4 0
    endloop
  endfacet
  facet normal 0.195176 0.980768 -0
    outer loop
      vertex 132 6.4 0
      vertex 131.388 6.52179 3
      vertex 132 6.4 3
    endloop
  endfacet
  facet normal 0.195176 0.980768 0
    outer loop
      vertex 131.388 6.52179 3
      vertex 132 6.4 0
      vertex 131.388 6.52179 0
    endloop
  endfacet
  facet normal 0.980721 0.195411 0
    outer loop
      vertex 130.522 7.38771 3
      vertex 130.4 8 0
      vertex 130.4 8 3
    endloop
  endfacet
  facet normal 0.980721 0.195411 0
    outer loop
      vertex 130.4 8 0
      vertex 130.522 7.38771 3
      vertex 130.522 7.38771 0
    endloop
  endfacet
  facet normal -0.195176 -0.980768 0
    outer loop
      vertex 132 9.6 0
      vertex 132.612 9.47821 3
      vertex 132 9.6 3
    endloop
  endfacet
  facet normal -0.195176 -0.980768 -0
    outer loop
      vertex 132.612 9.47821 3
      vertex 132 9.6 0
      vertex 132.612 9.47821 0
    endloop
  endfacet
  facet normal -0.980721 0.195411 0
    outer loop
      vertex 133.478 7.38771 0
      vertex 133.6 8 3
      vertex 133.6 8 0
    endloop
  endfacet
  facet normal -0.980721 0.195411 0
    outer loop
      vertex 133.6 8 3
      vertex 133.478 7.38771 0
      vertex 133.478 7.38771 3
    endloop
  endfacet
  facet normal -0.555631 0.831429 0
    outer loop
      vertex 133.131 6.86863 0
      vertex 132.612 6.52179 3
      vertex 133.131 6.86863 3
    endloop
  endfacet
  facet normal -0.555631 0.831429 0
    outer loop
      vertex 132.612 6.52179 3
      vertex 133.131 6.86863 0
      vertex 132.612 6.52179 0
    endloop
  endfacet
  facet normal 0.83135 0.555749 0
    outer loop
      vertex 130.869 6.86863 3
      vertex 130.522 7.38771 0
      vertex 130.522 7.38771 3
    endloop
  endfacet
  facet normal 0.83135 0.555749 0
    outer loop
      vertex 130.522 7.38771 0
      vertex 130.869 6.86863 3
      vertex 130.869 6.86863 0
    endloop
  endfacet
  facet normal 0.555631 -0.831429 0
    outer loop
      vertex 130.869 9.13137 0
      vertex 131.388 9.47821 3
      vertex 130.869 9.13137 3
    endloop
  endfacet
  facet normal 0.555631 -0.831429 0
    outer loop
      vertex 131.388 9.47821 3
      vertex 130.869 9.13137 0
      vertex 131.388 9.47821 0
    endloop
  endfacet
  facet normal 0.555631 0.831429 -0
    outer loop
      vertex 131.388 6.52179 0
      vertex 130.869 6.86863 3
      vertex 131.388 6.52179 3
    endloop
  endfacet
  facet normal 0.555631 0.831429 0
    outer loop
      vertex 130.869 6.86863 3
      vertex 131.388 6.52179 0
      vertex 130.869 6.86863 0
    endloop
  endfacet
  facet normal -0.831478 -0.555557 0
    outer loop
      vertex 9.47821 62.6123 0
      vertex 9.13137 63.1314 3
      vertex 9.13137 63.1314 0
    endloop
  endfacet
  facet normal -0.831478 -0.555557 0
    outer loop
      vertex 9.13137 63.1314 3
      vertex 9.47821 62.6123 0
      vertex 9.47821 62.6123 3
    endloop
  endfacet
  facet normal -0.980787 -0.195084 0
    outer loop
      vertex 9.6 62 0
      vertex 9.47821 62.6123 3
      vertex 9.47821 62.6123 0
    endloop
  endfacet
  facet normal -0.980787 -0.195084 0
    outer loop
      vertex 9.47821 62.6123 3
      vertex 9.6 62 0
      vertex 9.6 62 3
    endloop
  endfacet
  facet normal -0.555528 -0.831498 0
    outer loop
      vertex 8.61229 63.4782 0
      vertex 9.13137 63.1314 3
      vertex 8.61229 63.4782 3
    endloop
  endfacet
  facet normal -0.555528 -0.831498 -0
    outer loop
      vertex 9.13137 63.1314 3
      vertex 8.61229 63.4782 0
      vertex 9.13137 63.1314 0
    endloop
  endfacet
  facet normal -0.831478 0.555557 0
    outer loop
      vertex 9.13137 60.8686 0
      vertex 9.47821 61.3877 3
      vertex 9.47821 61.3877 0
    endloop
  endfacet
  facet normal -0.831478 0.555557 0
    outer loop
      vertex 9.47821 61.3877 3
      vertex 9.13137 60.8686 0
      vertex 9.13137 60.8686 3
    endloop
  endfacet
  facet normal 0.195103 -0.980783 0
    outer loop
      vertex 7.38771 63.4782 0
      vertex 8 63.6 3
      vertex 7.38771 63.4782 3
    endloop
  endfacet
  facet normal 0.195103 -0.980783 0
    outer loop
      vertex 8 63.6 3
      vertex 7.38771 63.4782 0
      vertex 8 63.6 0
    endloop
  endfacet
  facet normal 0.831478 -0.555557 0
    outer loop
      vertex 6.52179 62.6123 3
      vertex 6.86863 63.1314 0
      vertex 6.86863 63.1314 3
    endloop
  endfacet
  facet normal 0.831478 -0.555557 0
    outer loop
      vertex 6.86863 63.1314 0
      vertex 6.52179 62.6123 3
      vertex 6.52179 62.6123 0
    endloop
  endfacet
  facet normal 0.980787 -0.195084 0
    outer loop
      vertex 6.4 62 3
      vertex 6.52179 62.6123 0
      vertex 6.52179 62.6123 3
    endloop
  endfacet
  facet normal 0.980787 -0.195084 0
    outer loop
      vertex 6.52179 62.6123 0
      vertex 6.4 62 3
      vertex 6.4 62 0
    endloop
  endfacet
  facet normal -0.195103 0.980783 0
    outer loop
      vertex 8.61229 60.5218 0
      vertex 8 60.4 3
      vertex 8.61229 60.5218 3
    endloop
  endfacet
  facet normal -0.195103 0.980783 0
    outer loop
      vertex 8 60.4 3
      vertex 8.61229 60.5218 0
      vertex 8 60.4 0
    endloop
  endfacet
  facet normal 0.195103 0.980783 -0
    outer loop
      vertex 8 60.4 0
      vertex 7.38771 60.5218 3
      vertex 8 60.4 3
    endloop
  endfacet
  facet normal 0.195103 0.980783 0
    outer loop
      vertex 7.38771 60.5218 3
      vertex 8 60.4 0
      vertex 7.38771 60.5218 0
    endloop
  endfacet
  facet normal 0.980787 0.195084 0
    outer loop
      vertex 6.52179 61.3877 3
      vertex 6.4 62 0
      vertex 6.4 62 3
    endloop
  endfacet
  facet normal 0.980787 0.195084 0
    outer loop
      vertex 6.4 62 0
      vertex 6.52179 61.3877 3
      vertex 6.52179 61.3877 0
    endloop
  endfacet
  facet normal -0.195103 -0.980783 0
    outer loop
      vertex 8 63.6 0
      vertex 8.61229 63.4782 3
      vertex 8 63.6 3
    endloop
  endfacet
  facet normal -0.195103 -0.980783 -0
    outer loop
      vertex 8.61229 63.4782 3
      vertex 8 63.6 0
      vertex 8.61229 63.4782 0
    endloop
  endfacet
  facet normal -0.980787 0.195084 0
    outer loop
      vertex 9.47821 61.3877 0
      vertex 9.6 62 3
      vertex 9.6 62 0
    endloop
  endfacet
  facet normal -0.980787 0.195084 0
    outer loop
      vertex 9.6 62 3
      vertex 9.47821 61.3877 0
      vertex 9.47821 61.3877 3
    endloop
  endfacet
  facet normal -0.555528 0.831498 0
    outer loop
      vertex 9.13137 60.8686 0
      vertex 8.61229 60.5218 3
      vertex 9.13137 60.8686 3
    endloop
  endfacet
  facet normal -0.555528 0.831498 0
    outer loop
      vertex 8.61229 60.5218 3
      vertex 9.13137 60.8686 0
      vertex 8.61229 60.5218 0
    endloop
  endfacet
  facet normal 0.831478 0.555557 0
    outer loop
      vertex 6.86863 60.8686 3
      vertex 6.52179 61.3877 0
      vertex 6.52179 61.3877 3
    endloop
  endfacet
  facet normal 0.831478 0.555557 0
    outer loop
      vertex 6.52179 61.3877 0
      vertex 6.86863 60.8686 3
      vertex 6.86863 60.8686 0
    endloop
  endfacet
  facet normal 0.555528 -0.831498 0
    outer loop
      vertex 6.86863 63.1314 0
      vertex 7.38771 63.4782 3
      vertex 6.86863 63.1314 3
    endloop
  endfacet
  facet normal 0.555528 -0.831498 0
    outer loop
      vertex 7.38771 63.4782 3
      vertex 6.86863 63.1314 0
      vertex 7.38771 63.4782 0
    endloop
  endfacet
  facet normal 0.555528 0.831498 -0
    outer loop
      vertex 7.38771 60.5218 0
      vertex 6.86863 60.8686 3
      vertex 7.38771 60.5218 3
    endloop
  endfacet
  facet normal 0.555528 0.831498 0
    outer loop
      vertex 6.86863 60.8686 3
      vertex 7.38771 60.5218 0
      vertex 6.86863 60.8686 0
    endloop
  endfacet
  facet normal -0.83136 -0.555735 0
    outer loop
      vertex 133.478 62.6123 0
      vertex 133.131 63.1314 3
      vertex 133.131 63.1314 0
    endloop
  endfacet
  facet normal -0.83136 -0.555735 0
    outer loop
      vertex 133.131 63.1314 3
      vertex 133.478 62.6123 0
      vertex 133.478 62.6123 3
    endloop
  endfacet
  facet normal -0.980722 -0.195408 0
    outer loop
      vertex 133.6 62 0
      vertex 133.478 62.6123 3
      vertex 133.478 62.6123 0
    endloop
  endfacet
  facet normal -0.980722 -0.195408 0
    outer loop
      vertex 133.478 62.6123 3
      vertex 133.6 62 0
      vertex 133.6 62 3
    endloop
  endfacet
  facet normal -0.555587 -0.831458 0
    outer loop
      vertex 132.612 63.4782 0
      vertex 133.131 63.1314 3
      vertex 132.612 63.4782 3
    endloop
  endfacet
  facet normal -0.555587 -0.831458 -0
    outer loop
      vertex 133.131 63.1314 3
      vertex 132.612 63.4782 0
      vertex 133.131 63.1314 0
    endloop
  endfacet
  facet normal -0.83136 0.555735 0
    outer loop
      vertex 133.131 60.8686 0
      vertex 133.478 61.3877 3
      vertex 133.478 61.3877 0
    endloop
  endfacet
  facet normal -0.83136 0.555735 0
    outer loop
      vertex 133.478 61.3877 3
      vertex 133.131 60.8686 0
      vertex 133.131 60.8686 3
    endloop
  endfacet
  facet normal 0.195191 -0.980765 0
    outer loop
      vertex 131.388 63.4782 0
      vertex 132 63.6 3
      vertex 131.388 63.4782 3
    endloop
  endfacet
  facet normal 0.195191 -0.980765 0
    outer loop
      vertex 132 63.6 3
      vertex 131.388 63.4782 0
      vertex 132 63.6 0
    endloop
  endfacet
  facet normal 0.83136 -0.555735 0
    outer loop
      vertex 130.522 62.6123 3
      vertex 130.869 63.1314 0
      vertex 130.869 63.1314 3
    endloop
  endfacet
  facet normal 0.83136 -0.555735 0
    outer loop
      vertex 130.869 63.1314 0
      vertex 130.522 62.6123 3
      vertex 130.522 62.6123 0
    endloop
  endfacet
  facet normal 0.980722 -0.195408 0
    outer loop
      vertex 130.4 62 3
      vertex 130.522 62.6123 0
      vertex 130.522 62.6123 3
    endloop
  endfacet
  facet normal 0.980722 -0.195408 0
    outer loop
      vertex 130.522 62.6123 0
      vertex 130.4 62 3
      vertex 130.4 62 0
    endloop
  endfacet
  facet normal -0.195191 0.980765 0
    outer loop
      vertex 132.612 60.5218 0
      vertex 132 60.4 3
      vertex 132.612 60.5218 3
    endloop
  endfacet
  facet normal -0.195191 0.980765 0
    outer loop
      vertex 132 60.4 3
      vertex 132.612 60.5218 0
      vertex 132 60.4 0
    endloop
  endfacet
  facet normal 0.195191 0.980765 -0
    outer loop
      vertex 132 60.4 0
      vertex 131.388 60.5218 3
      vertex 132 60.4 3
    endloop
  endfacet
  facet normal 0.195191 0.980765 0
    outer loop
      vertex 131.388 60.5218 3
      vertex 132 60.4 0
      vertex 131.388 60.5218 0
    endloop
  endfacet
  facet normal 0.980722 0.195408 0
    outer loop
      vertex 130.522 61.3877 3
      vertex 130.4 62 0
      vertex 130.4 62 3
    endloop
  endfacet
  facet normal 0.980722 0.195408 0
    outer loop
      vertex 130.4 62 0
      vertex 130.522 61.3877 3
      vertex 130.522 61.3877 0
    endloop
  endfacet
  facet normal -0.195191 -0.980765 0
    outer loop
      vertex 132 63.6 0
      vertex 132.612 63.4782 3
      vertex 132 63.6 3
    endloop
  endfacet
  facet normal -0.195191 -0.980765 -0
    outer loop
      vertex 132.612 63.4782 3
      vertex 132 63.6 0
      vertex 132.612 63.4782 0
    endloop
  endfacet
  facet normal -0.980722 0.195408 0
    outer loop
      vertex 133.478 61.3877 0
      vertex 133.6 62 3
      vertex 133.6 62 0
    endloop
  endfacet
  facet normal -0.980722 0.195408 0
    outer loop
      vertex 133.6 62 3
      vertex 133.478 61.3877 0
      vertex 133.478 61.3877 3
    endloop
  endfacet
  facet normal -0.555587 0.831458 0
    outer loop
      vertex 133.131 60.8686 0
      vertex 132.612 60.5218 3
      vertex 133.131 60.8686 3
    endloop
  endfacet
  facet normal -0.555587 0.831458 0
    outer loop
      vertex 132.612 60.5218 3
      vertex 133.131 60.8686 0
      vertex 132.612 60.5218 0
    endloop
  endfacet
  facet normal 0.83136 0.555735 0
    outer loop
      vertex 130.869 60.8686 3
      vertex 130.522 61.3877 0
      vertex 130.522 61.3877 3
    endloop
  endfacet
  facet normal 0.83136 0.555735 0
    outer loop
      vertex 130.522 61.3877 0
      vertex 130.869 60.8686 3
      vertex 130.869 60.8686 0
    endloop
  endfacet
  facet normal 0.555587 -0.831458 0
    outer loop
      vertex 130.869 63.1314 0
      vertex 131.388 63.4782 3
      vertex 130.869 63.1314 3
    endloop
  endfacet
  facet normal 0.555587 -0.831458 0
    outer loop
      vertex 131.388 63.4782 3
      vertex 130.869 63.1314 0
      vertex 131.388 63.4782 0
    endloop
  endfacet
  facet normal 0.555587 0.831458 -0
    outer loop
      vertex 131.388 60.5218 0
      vertex 130.869 60.8686 3
      vertex 131.388 60.5218 3
    endloop
  endfacet
  facet normal 0.555587 0.831458 0
    outer loop
      vertex 130.869 60.8686 3
      vertex 131.388 60.5218 0
      vertex 130.869 60.8686 0
    endloop
  endfacet
  facet normal -0.831498 -0.555528 0
    outer loop
      vertex 71.4782 8.61229 0
      vertex 71.1314 9.13137 3
      vertex 71.1314 9.13137 0
    endloop
  endfacet
  facet normal -0.831498 -0.555528 0
    outer loop
      vertex 71.1314 9.13137 3
      vertex 71.4782 8.61229 0
      vertex 71.4782 8.61229 3
    endloop
  endfacet
  facet normal -0.980783 -0.195103 0
    outer loop
      vertex 71.6 8 0
      vertex 71.4782 8.61229 3
      vertex 71.4782 8.61229 0
    endloop
  endfacet
  facet normal -0.980783 -0.195103 0
    outer loop
      vertex 71.4782 8.61229 3
      vertex 71.6 8 0
      vertex 71.6 8 3
    endloop
  endfacet
  facet normal -0.555557 -0.831478 0
    outer loop
      vertex 70.6123 9.47821 0
      vertex 71.1314 9.13137 3
      vertex 70.6123 9.47821 3
    endloop
  endfacet
  facet normal -0.555557 -0.831478 -0
    outer loop
      vertex 71.1314 9.13137 3
      vertex 70.6123 9.47821 0
      vertex 71.1314 9.13137 0
    endloop
  endfacet
  facet normal -0.831498 0.555528 0
    outer loop
      vertex 71.1314 6.86863 0
      vertex 71.4782 7.38771 3
      vertex 71.4782 7.38771 0
    endloop
  endfacet
  facet normal -0.831498 0.555528 0
    outer loop
      vertex 71.4782 7.38771 3
      vertex 71.1314 6.86863 0
      vertex 71.1314 6.86863 3
    endloop
  endfacet
  facet normal 0.195084 -0.980787 0
    outer loop
      vertex 69.3877 9.47821 0
      vertex 70 9.6 3
      vertex 69.3877 9.47821 3
    endloop
  endfacet
  facet normal 0.195084 -0.980787 0
    outer loop
      vertex 70 9.6 3
      vertex 69.3877 9.47821 0
      vertex 70 9.6 0
    endloop
  endfacet
  facet normal 0.831498 -0.555528 0
    outer loop
      vertex 68.5218 8.61229 3
      vertex 68.8686 9.13137 0
      vertex 68.8686 9.13137 3
    endloop
  endfacet
  facet normal 0.831498 -0.555528 0
    outer loop
      vertex 68.8686 9.13137 0
      vertex 68.5218 8.61229 3
      vertex 68.5218 8.61229 0
    endloop
  endfacet
  facet normal 0.980783 -0.195103 0
    outer loop
      vertex 68.4 8 3
      vertex 68.5218 8.61229 0
      vertex 68.5218 8.61229 3
    endloop
  endfacet
  facet normal 0.980783 -0.195103 0
    outer loop
      vertex 68.5218 8.61229 0
      vertex 68.4 8 3
      vertex 68.4 8 0
    endloop
  endfacet
  facet normal -0.195084 0.980787 0
    outer loop
      vertex 70.6123 6.52179 0
      vertex 70 6.4 3
      vertex 70.6123 6.52179 3
    endloop
  endfacet
  facet normal -0.195084 0.980787 0
    outer loop
      vertex 70 6.4 3
      vertex 70.6123 6.52179 0
      vertex 70 6.4 0
    endloop
  endfacet
  facet normal 0.195084 0.980787 -0
    outer loop
      vertex 70 6.4 0
      vertex 69.3877 6.52179 3
      vertex 70 6.4 3
    endloop
  endfacet
  facet normal 0.195084 0.980787 0
    outer loop
      vertex 69.3877 6.52179 3
      vertex 70 6.4 0
      vertex 69.3877 6.52179 0
    endloop
  endfacet
  facet normal 0.980783 0.195103 0
    outer loop
      vertex 68.5218 7.38771 3
      vertex 68.4 8 0
      vertex 68.4 8 3
    endloop
  endfacet
  facet normal 0.980783 0.195103 0
    outer loop
      vertex 68.4 8 0
      vertex 68.5218 7.38771 3
      vertex 68.5218 7.38771 0
    endloop
  endfacet
  facet normal -0.195084 -0.980787 0
    outer loop
      vertex 70 9.6 0
      vertex 70.6123 9.47821 3
      vertex 70 9.6 3
    endloop
  endfacet
  facet normal -0.195084 -0.980787 -0
    outer loop
      vertex 70.6123 9.47821 3
      vertex 70 9.6 0
      vertex 70.6123 9.47821 0
    endloop
  endfacet
  facet normal -0.980783 0.195103 0
    outer loop
      vertex 71.4782 7.38771 0
      vertex 71.6 8 3
      vertex 71.6 8 0
    endloop
  endfacet
  facet normal -0.980783 0.195103 0
    outer loop
      vertex 71.6 8 3
      vertex 71.4782 7.38771 0
      vertex 71.4782 7.38771 3
    endloop
  endfacet
  facet normal -0.555557 0.831478 0
    outer loop
      vertex 71.1314 6.86863 0
      vertex 70.6123 6.52179 3
      vertex 71.1314 6.86863 3
    endloop
  endfacet
  facet normal -0.555557 0.831478 0
    outer loop
      vertex 70.6123 6.52179 3
      vertex 71.1314 6.86863 0
      vertex 70.6123 6.52179 0
    endloop
  endfacet
  facet normal 0.831498 0.555528 0
    outer loop
      vertex 68.8686 6.86863 3
      vertex 68.5218 7.38771 0
      vertex 68.5218 7.38771 3
    endloop
  endfacet
  facet normal 0.831498 0.555528 0
    outer loop
      vertex 68.5218 7.38771 0
      vertex 68.8686 6.86863 3
      vertex 68.8686 6.86863 0
    endloop
  endfacet
  facet normal 0.555557 -0.831478 0
    outer loop
      vertex 68.8686 9.13137 0
      vertex 69.3877 9.47821 3
      vertex 68.8686 9.13137 3
    endloop
  endfacet
  facet normal 0.555557 -0.831478 0
    outer loop
      vertex 69.3877 9.47821 3
      vertex 68.8686 9.13137 0
      vertex 69.3877 9.47821 0
    endloop
  endfacet
  facet normal 0.555557 0.831478 -0
    outer loop
      vertex 69.3877 6.52179 0
      vertex 68.8686 6.86863 3
      vertex 69.3877 6.52179 3
    endloop
  endfacet
  facet normal 0.555557 0.831478 0
    outer loop
      vertex 68.8686 6.86863 3
      vertex 69.3877 6.52179 0
      vertex 68.8686 6.86863 0
    endloop
  endfacet
  facet normal -0.831508 -0.555513 0
    outer loop
      vertex 71.4782 62.6123 0
      vertex 71.1314 63.1314 3
      vertex 71.1314 63.1314 0
    endloop
  endfacet
  facet normal -0.831508 -0.555513 0
    outer loop
      vertex 71.1314 63.1314 3
      vertex 71.4782 62.6123 0
      vertex 71.4782 62.6123 3
    endloop
  endfacet
  facet normal -0.980783 -0.1951 0
    outer loop
      vertex 71.6 62 0
      vertex 71.4782 62.6123 3
      vertex 71.4782 62.6123 0
    endloop
  endfacet
  facet normal -0.980783 -0.1951 0
    outer loop
      vertex 71.4782 62.6123 3
      vertex 71.6 62 0
      vertex 71.6 62 3
    endloop
  endfacet
  facet normal -0.555513 -0.831508 0
    outer loop
      vertex 70.6123 63.4782 0
      vertex 71.1314 63.1314 3
      vertex 70.6123 63.4782 3
    endloop
  endfacet
  facet normal -0.555513 -0.831508 -0
    outer loop
      vertex 71.1314 63.1314 3
      vertex 70.6123 63.4782 0
      vertex 71.1314 63.1314 0
    endloop
  endfacet
  facet normal -0.831508 0.555513 0
    outer loop
      vertex 71.1314 60.8686 0
      vertex 71.4782 61.3877 3
      vertex 71.4782 61.3877 0
    endloop
  endfacet
  facet normal -0.831508 0.555513 0
    outer loop
      vertex 71.4782 61.3877 3
      vertex 71.1314 60.8686 0
      vertex 71.1314 60.8686 3
    endloop
  endfacet
  facet normal 0.1951 -0.980783 0
    outer loop
      vertex 69.3877 63.4782 0
      vertex 70 63.6 3
      vertex 69.3877 63.4782 3
    endloop
  endfacet
  facet normal 0.1951 -0.980783 0
    outer loop
      vertex 70 63.6 3
      vertex 69.3877 63.4782 0
      vertex 70 63.6 0
    endloop
  endfacet
  facet normal 0.831508 -0.555513 0
    outer loop
      vertex 68.5218 62.6123 3
      vertex 68.8686 63.1314 0
      vertex 68.8686 63.1314 3
    endloop
  endfacet
  facet normal 0.831508 -0.555513 0
    outer loop
      vertex 68.8686 63.1314 0
      vertex 68.5218 62.6123 3
      vertex 68.5218 62.6123 0
    endloop
  endfacet
  facet normal 0.980783 -0.1951 0
    outer loop
      vertex 68.4 62 3
      vertex 68.5218 62.6123 0
      vertex 68.5218 62.6123 3
    endloop
  endfacet
  facet normal 0.980783 -0.1951 0
    outer loop
      vertex 68.5218 62.6123 0
      vertex 68.4 62 3
      vertex 68.4 62 0
    endloop
  endfacet
  facet normal -0.1951 0.980783 0
    outer loop
      vertex 70.6123 60.5218 0
      vertex 70 60.4 3
      vertex 70.6123 60.5218 3
    endloop
  endfacet
  facet normal -0.1951 0.980783 0
    outer loop
      vertex 70 60.4 3
      vertex 70.6123 60.5218 0
      vertex 70 60.4 0
    endloop
  endfacet
  facet normal 0.1951 0.980783 -0
    outer loop
      vertex 70 60.4 0
      vertex 69.3877 60.5218 3
      vertex 70 60.4 3
    endloop
  endfacet
  facet normal 0.1951 0.980783 0
    outer loop
      vertex 69.3877 60.5218 3
      vertex 70 60.4 0
      vertex 69.3877 60.5218 0
    endloop
  endfacet
  facet normal 0.980783 0.1951 0
    outer loop
      vertex 68.5218 61.3877 3
      vertex 68.4 62 0
      vertex 68.4 62 3
    endloop
  endfacet
  facet normal 0.980783 0.1951 0
    outer loop
      vertex 68.4 62 0
      vertex 68.5218 61.3877 3
      vertex 68.5218 61.3877 0
    endloop
  endfacet
  facet normal -0.1951 -0.980783 0
    outer loop
      vertex 70 63.6 0
      vertex 70.6123 63.4782 3
      vertex 70 63.6 3
    endloop
  endfacet
  facet normal -0.1951 -0.980783 -0
    outer loop
      vertex 70.6123 63.4782 3
      vertex 70 63.6 0
      vertex 70.6123 63.4782 0
    endloop
  endfacet
  facet normal -0.980783 0.1951 0
    outer loop
      vertex 71.4782 61.3877 0
      vertex 71.6 62 3
      vertex 71.6 62 0
    endloop
  endfacet
  facet normal -0.980783 0.1951 0
    outer loop
      vertex 71.6 62 3
      vertex 71.4782 61.3877 0
      vertex 71.4782 61.3877 3
    endloop
  endfacet
  facet normal -0.555513 0.831508 0
    outer loop
      vertex 71.1314 60.8686 0
      vertex 70.6123 60.5218 3
      vertex 71.1314 60.8686 3
    endloop
  endfacet
  facet normal -0.555513 0.831508 0
    outer loop
      vertex 70.6123 60.5218 3
      vertex 71.1314 60.8686 0
      vertex 70.6123 60.5218 0
    endloop
  endfacet
  facet normal 0.831508 0.555513 0
    outer loop
      vertex 68.8686 60.8686 3
      vertex 68.5218 61.3877 0
      vertex 68.5218 61.3877 3
    endloop
  endfacet
  facet normal 0.831508 0.555513 0
    outer loop
      vertex 68.5218 61.3877 0
      vertex 68.8686 60.8686 3
      vertex 68.8686 60.8686 0
    endloop
  endfacet
  facet normal 0.555513 -0.831508 0
    outer loop
      vertex 68.8686 63.1314 0
      vertex 69.3877 63.4782 3
      vertex 68.8686 63.1314 3
    endloop
  endfacet
  facet normal 0.555513 -0.831508 0
    outer loop
      vertex 69.3877 63.4782 3
      vertex 68.8686 63.1314 0
      vertex 69.3877 63.4782 0
    endloop
  endfacet
  facet normal 0.555513 0.831508 -0
    outer loop
      vertex 69.3877 60.5218 0
      vertex 68.8686 60.8686 3
      vertex 69.3877 60.5218 3
    endloop
  endfacet
  facet normal 0.555513 0.831508 0
    outer loop
      vertex 68.8686 60.8686 3
      vertex 69.3877 60.5218 0
      vertex 68.8686 60.8686 0
    endloop
  endfacet
  facet normal -1 0 0
    outer loop
      vertex 58 30 0
      vertex 58 40 3
      vertex 58 40 0
    endloop
  endfacet
  facet normal -1 -0 0
    outer loop
      vertex 58 40 3
      vertex 58 30 0
      vertex 58 30 3
    endloop
  endfacet
  facet normal 1 -0 0
    outer loop
      vertex 55 30 3
      vertex 55 40 0
      vertex 55 40 3
    endloop
  endfacet
  facet normal 1 0 0
    outer loop
      vertex 55 40 0
      vertex 55 30 3
      vertex 55 30 0
    endloop
  endfacet
  facet normal 0 -1 0
    outer loop
      vertex 55 40 0
      vertex 58 40 3
      vertex 55 40 3
    endloop
  endfacet
  facet normal 0 -1 -0
    outer loop
      vertex 58 40 3
      vertex 55 40 0
      vertex 58 40 0
    endloop
  endfacet
  facet normal 0 1 -0
    outer loop
      vertex 58 30 0
      vertex 55 30 3
      vertex 58 30 3
    endloop
  endfacet
  facet normal 0 1 0
    outer loop
      vertex 55 30 3
      vertex 58 30 0
      vertex 55 30 0
    endloop
  endfacet
  facet normal -1 0 0
    outer loop
      vertex 108 32 0
      vertex 108 38 3
      vertex 108 38 0
    endloop
  endfacet
  facet normal -1 -0 0
    outer loop
      vertex 108 38 3
      vertex 108 32 0
      vertex 108 32 3
    endloop
  endfacet
  facet normal 1 -0 0
    outer loop
      vertex 105 32 3
      vertex 105 38 0
      vertex 105 38 3
    endloop
  endfacet
  facet normal 1 0 0
    outer loop
      vertex 105 38 0
      vertex 105 32 3
      vertex 105 32 0
    endloop
  endfacet
  facet normal 0 -1 0
    outer loop
      vertex 105 38 0
      vertex 108 38 3
      vertex 105 38 3
    endloop
  endfacet
  facet normal 0 -1 -0
    outer loop
      vertex 108 38 3
      vertex 105 38 0
      vertex 108 38 0
    endloop
  endfacet
  facet normal 0 1 -0
    outer loop
      vertex 108 32 0
      vertex 105 32 3
      vertex 108 32 3
    endloop
  endfacet
  facet normal 0 1 0
    outer loop
      vertex 105 32 3
      vertex 108 32 0
      vertex 105 32 0
    endloop
  endfacet
endsolid OpenSCAD_Model
