ISO-10303-21;
HEADER;
FILE_DESCRIPTION(('FreeCAD Model'),'2;1');
FILE_NAME('Open CASCADE Shape Model','2026-01-24T08:58:32',('FreeCAD'),(
    'FreeCAD'),'Open CASCADE STEP processor 7.8','FreeCAD','Unknown');
FILE_SCHEMA(('AUTOMOTIVE_DESIGN { 1 0 10303 214 1 1 1 1 }'));
ENDSEC;
DATA;
#1 = APPLICATION_PROTOCOL_DEFINITION('international standard',
  'automotive_design',2000,#2);
#2 = APPLICATION_CONTEXT(
  'core data for automotive mechanical design processes');
#3 = SHAPE_DEFINITION_REPRESENTATION(#4,#10);
#4 = PRODUCT_DEFINITION_SHAPE('','',#5);
#5 = PRODUCT_DEFINITION('design','',#6,#9);
#6 = PRODUCT_DEFINITION_FORMATION('','',#7);
#7 = PRODUCT('Open CASCADE STEP translator 7.8 1',
  'Open CASCADE STEP translator 7.8 1','',(#8));
#8 = PRODUCT_CONTEXT('',#2,'mechanical');
#9 = PRODUCT_DEFINITION_CONTEXT('part definition',#2,'design');
#10 = ADVANCED_BREP_SHAPE_REPRESENTATION('',(#11,#15),#13051);
#11 = AXIS2_PLACEMENT_3D('',#12,#13,#14);
#12 = CARTESIAN_POINT('',(0.,0.,0.));
#13 = DIRECTION('',(0.,0.,1.));
#14 = DIRECTION('',(1.,0.,-0.));
#15 = BREP_WITH_VOIDS('',#16,(#6627,#8233,#9839,#11445));
#16 = CLOSED_SHELL('',(#17,#1639,#1670,#3283,#3305,#3317,#3329,#3351,
    #3368,#3385,#3407,#3429,#3451,#3468,#3490,#3507,#3524,#3536,#3548,
    #3560,#3577,#3589,#3601,#3623,#3640,#3657,#3679,#3701,#3723,#3740,
    #3762,#3779,#3796,#3808,#3820,#3832,#3849,#3861,#3873,#3895,#3912,
    #3929,#3951,#3973,#3995,#4012,#4034,#4051,#4068,#4080,#4092,#4104,
    #4121,#4133,#4145,#4167,#4184,#4201,#4223,#4245,#4267,#4284,#4306,
    #4323,#4340,#4352,#4364,#4376,#4393,#4405,#4417,#4439,#4461,#4478,
    #4500,#4512,#4524,#4546,#4563,#4580,#4602,#4619,#4631,#4653,#4675,
    #4687,#4699,#4721,#4743,#4755,#4767,#4789,#4811,#4823,#4835,#4847,
    #4859,#4881,#4898,#4915,#4937,#4959,#4981,#4998,#5020,#5037,#5054,
    #5066,#5078,#5090,#5107,#5119,#5131,#5153,#5170,#5187,#5209,#5231,
    #5253,#5270,#5292,#5309,#5326,#5338,#5350,#5362,#5379,#5391,#5403,
    #5425,#5442,#5459,#5481,#5503,#5525,#5542,#5564,#5581,#5598,#5610,
    #5622,#5634,#5651,#5663,#5675,#5697,#5714,#5731,#5753,#5775,#5797,
    #5814,#5836,#5853,#5870,#5882,#5894,#5906,#5923,#5935,#5947,#5969,
    #5986,#6003,#6025,#6047,#6069,#6086,#6108,#6125,#6142,#6154,#6166,
    #6178,#6195,#6207,#6219,#6241,#6258,#6275,#6297,#6319,#6341,#6358,
    #6380,#6397,#6414,#6426,#6438,#6450,#6467,#6479,#6491,#6513,#6535,
    #6547,#6559,#6581,#6603,#6615));
#17 = ADVANCED_FACE('',(#18,#52,#86,#232,#266,#300,#334,#464,#594,#724,
    #854,#984,#1114,#1244,#1374,#1504),#1634,.T.);
#18 = FACE_BOUND('',#19,.T.);
#19 = EDGE_LOOP('',(#20,#30,#38,#46));
#20 = ORIENTED_EDGE('',*,*,#21,.T.);
#21 = EDGE_CURVE('',#22,#24,#26,.T.);
#22 = VERTEX_POINT('',#23);
#23 = CARTESIAN_POINT('',(0.,0.,3.));
#24 = VERTEX_POINT('',#25);
#25 = CARTESIAN_POINT('',(140.,0.,3.));
#26 = LINE('',#27,#28);
#27 = CARTESIAN_POINT('',(0.,0.,3.));
#28 = VECTOR('',#29,1.);
#29 = DIRECTION('',(1.,0.,0.));
#30 = ORIENTED_EDGE('',*,*,#31,.F.);
#31 = EDGE_CURVE('',#32,#24,#34,.T.);
#32 = VERTEX_POINT('',#33);
#33 = CARTESIAN_POINT('',(140.,70.,3.));
#34 = LINE('',#35,#36);
#35 = CARTESIAN_POINT('',(140.,70.,3.));
#36 = VECTOR('',#37,1.);
#37 = DIRECTION('',(0.,-1.,0.));
#38 = ORIENTED_EDGE('',*,*,#39,.T.);
#39 = EDGE_CURVE('',#32,#40,#42,.T.);
#40 = VERTEX_POINT('',#41);
#41 = CARTESIAN_POINT('',(0.,70.,3.));
#42 = LINE('',#43,#44);
#43 = CARTESIAN_POINT('',(140.,70.,3.));
#44 = VECTOR('',#45,1.);
#45 = DIRECTION('',(-1.,0.,0.));
#46 = ORIENTED_EDGE('',*,*,#47,.T.);
#47 = EDGE_CURVE('',#40,#22,#48,.T.);
#48 = LINE('',#49,#50);
#49 = CARTESIAN_POINT('',(0.,70.,3.));
#50 = VECTOR('',#51,1.);
#51 = DIRECTION('',(0.,-1.,0.));
#52 = FACE_BOUND('',#53,.T.);
#53 = EDGE_LOOP('',(#54,#64,#72,#80));
#54 = ORIENTED_EDGE('',*,*,#55,.T.);
#55 = EDGE_CURVE('',#56,#58,#60,.T.);
#56 = VERTEX_POINT('',#57);
#57 = CARTESIAN_POINT('',(5.,21.,3.));
#58 = VERTEX_POINT('',#59);
#59 = CARTESIAN_POINT('',(5.,49.,3.));
#60 = LINE('',#61,#62);
#61 = CARTESIAN_POINT('',(5.,21.,3.));
#62 = VECTOR('',#63,1.);
#63 = DIRECTION('',(0.,1.,0.));
#64 = ORIENTED_EDGE('',*,*,#65,.T.);
#65 = EDGE_CURVE('',#58,#66,#68,.T.);
#66 = VERTEX_POINT('',#67);
#67 = CARTESIAN_POINT('',(47.,49.,3.));
#68 = LINE('',#69,#70);
#69 = CARTESIAN_POINT('',(5.,49.,3.));
#70 = VECTOR('',#71,1.);
#71 = DIRECTION('',(1.,0.,0.));
#72 = ORIENTED_EDGE('',*,*,#73,.T.);
#73 = EDGE_CURVE('',#66,#74,#76,.T.);
#74 = VERTEX_POINT('',#75);
#75 = CARTESIAN_POINT('',(47.,21.,3.));
#76 = LINE('',#77,#78);
#77 = CARTESIAN_POINT('',(47.,49.,3.));
#78 = VECTOR('',#79,1.);
#79 = DIRECTION('',(0.,-1.,0.));
#80 = ORIENTED_EDGE('',*,*,#81,.T.);
#81 = EDGE_CURVE('',#74,#56,#82,.T.);
#82 = LINE('',#83,#84);
#83 = CARTESIAN_POINT('',(47.,21.,3.));
#84 = VECTOR('',#85,1.);
#85 = DIRECTION('',(-1.,0.,0.));
#86 = FACE_BOUND('',#87,.T.);
#87 = EDGE_LOOP('',(#88,#98,#106,#114,#122,#130,#138,#146,#154,#162,#170
    ,#178,#186,#194,#202,#210,#218,#226));
#88 = ORIENTED_EDGE('',*,*,#89,.T.);
#89 = EDGE_CURVE('',#90,#92,#94,.T.);
#90 = VERTEX_POINT('',#91);
#91 = CARTESIAN_POINT('',(89.,23.5,3.));
#92 = VERTEX_POINT('',#93);
#93 = CARTESIAN_POINT('',(89.,46.5,3.));
#94 = LINE('',#95,#96);
#95 = CARTESIAN_POINT('',(89.,23.5,3.));
#96 = VECTOR('',#97,1.);
#97 = DIRECTION('',(0.,1.,0.));
#98 = ORIENTED_EDGE('',*,*,#99,.T.);
#99 = EDGE_CURVE('',#92,#100,#102,.T.);
#100 = VERTEX_POINT('',#101);
#101 = CARTESIAN_POINT('',(94.036598205566,46.5,3.));
#102 = LINE('',#103,#104);
#103 = CARTESIAN_POINT('',(89.,46.5,3.));
#104 = VECTOR('',#105,1.);
#105 = DIRECTION('',(1.,0.,0.));
#106 = ORIENTED_EDGE('',*,*,#107,.T.);
#107 = EDGE_CURVE('',#100,#108,#110,.T.);
#108 = VERTEX_POINT('',#109);
#109 = CARTESIAN_POINT('',(94.222198486328,46.777801513672,3.));
#110 = LINE('',#111,#112);
#111 = CARTESIAN_POINT('',(94.036598205566,46.5,3.));
#112 = VECTOR('',#113,1.);
#113 = DIRECTION('',(0.555527281748,0.83149830982,0.));
#114 = ORIENTED_EDGE('',*,*,#115,.T.);
#115 = EDGE_CURVE('',#108,#116,#118,.T.);
#116 = VERTEX_POINT('',#117);
#117 = CARTESIAN_POINT('',(94.579002380371,47.016300201416,3.));
#118 = LINE('',#119,#120);
#119 = CARTESIAN_POINT('',(94.222198486328,46.777801513672,3.));
#120 = VECTOR('',#121,1.);
#121 = DIRECTION('',(0.831372784778,0.555715118321,0.));
#122 = ORIENTED_EDGE('',*,*,#123,.T.);
#123 = EDGE_CURVE('',#116,#124,#126,.T.);
#124 = VERTEX_POINT('',#125);
#125 = CARTESIAN_POINT('',(95.,47.099998474121,3.));
#126 = LINE('',#127,#128);
#127 = CARTESIAN_POINT('',(94.579002380371,47.016300201416,3.));
#128 = VECTOR('',#129,1.);
#129 = DIRECTION('',(0.980804604464,0.194993148244,0.));
#130 = ORIENTED_EDGE('',*,*,#131,.T.);
#131 = EDGE_CURVE('',#124,#132,#134,.T.);
#132 = VERTEX_POINT('',#133);
#133 = CARTESIAN_POINT('',(95.420997619629,47.016300201416,3.));
#134 = LINE('',#135,#136);
#135 = CARTESIAN_POINT('',(95.,47.099998474121,3.));
#136 = VECTOR('',#137,1.);
#137 = DIRECTION('',(0.980804604464,-0.194993148244,0.));
#138 = ORIENTED_EDGE('',*,*,#139,.T.);
#139 = EDGE_CURVE('',#132,#140,#142,.T.);
#140 = VERTEX_POINT('',#141);
#141 = CARTESIAN_POINT('',(95.777801513672,46.777801513672,3.));
#142 = LINE('',#143,#144);
#143 = CARTESIAN_POINT('',(95.420997619629,47.016300201416,3.));
#144 = VECTOR('',#145,1.);
#145 = DIRECTION('',(0.831372784778,-0.555715118321,0.));
#146 = ORIENTED_EDGE('',*,*,#147,.T.);
#147 = EDGE_CURVE('',#140,#148,#150,.T.);
#148 = VERTEX_POINT('',#149);
#149 = CARTESIAN_POINT('',(95.963401794434,46.5,3.));
#150 = LINE('',#151,#152);
#151 = CARTESIAN_POINT('',(95.777801513672,46.777801513672,3.));
#152 = VECTOR('',#153,1.);
#153 = DIRECTION('',(0.555527281748,-0.83149830982,0.));
#154 = ORIENTED_EDGE('',*,*,#155,.T.);
#155 = EDGE_CURVE('',#148,#156,#158,.T.);
#156 = VERTEX_POINT('',#157);
#157 = CARTESIAN_POINT('',(101.,46.5,3.));
#158 = LINE('',#159,#160);
#159 = CARTESIAN_POINT('',(95.963401794434,46.5,3.));
#160 = VECTOR('',#161,1.);
#161 = DIRECTION('',(1.,0.,0.));
#162 = ORIENTED_EDGE('',*,*,#163,.T.);
#163 = EDGE_CURVE('',#156,#164,#166,.T.);
#164 = VERTEX_POINT('',#165);
#165 = CARTESIAN_POINT('',(101.,23.5,3.));
#166 = LINE('',#167,#168);
#167 = CARTESIAN_POINT('',(101.,46.5,3.));
#168 = VECTOR('',#169,1.);
#169 = DIRECTION('',(0.,-1.,0.));
#170 = ORIENTED_EDGE('',*,*,#171,.T.);
#171 = EDGE_CURVE('',#164,#172,#174,.T.);
#172 = VERTEX_POINT('',#173);
#173 = CARTESIAN_POINT('',(95.963401794434,23.5,3.));
#174 = LINE('',#175,#176);
#175 = CARTESIAN_POINT('',(101.,23.5,3.));
#176 = VECTOR('',#177,1.);
#177 = DIRECTION('',(-1.,0.,0.));
#178 = ORIENTED_EDGE('',*,*,#179,.T.);
#179 = EDGE_CURVE('',#172,#180,#182,.T.);
#180 = VERTEX_POINT('',#181);
#181 = CARTESIAN_POINT('',(95.777801513672,23.222200393677,3.));
#182 = LINE('',#183,#184);
#183 = CARTESIAN_POINT('',(95.963401794434,23.5,3.));
#184 = VECTOR('',#185,1.);
#185 = DIRECTION('',(-0.555529918839,-0.831496547963,0.));
#186 = ORIENTED_EDGE('',*,*,#187,.T.);
#187 = EDGE_CURVE('',#180,#188,#190,.T.);
#188 = VERTEX_POINT('',#189);
#189 = CARTESIAN_POINT('',(95.420997619629,22.983699798584,3.));
#190 = LINE('',#191,#192);
#191 = CARTESIAN_POINT('',(95.777801513672,23.222200393677,3.));
#192 = VECTOR('',#193,1.);
#193 = DIRECTION('',(-0.831370731515,-0.555718190075,0.));
#194 = ORIENTED_EDGE('',*,*,#195,.T.);
#195 = EDGE_CURVE('',#188,#196,#198,.T.);
#196 = VERTEX_POINT('',#197);
#197 = CARTESIAN_POINT('',(95.,22.89999961853,3.));
#198 = LINE('',#199,#200);
#199 = CARTESIAN_POINT('',(95.420997619629,22.983699798584,3.));
#200 = VECTOR('',#201,1.);
#201 = DIRECTION('',(-0.98080375462,-0.194997422863,0.));
#202 = ORIENTED_EDGE('',*,*,#203,.T.);
#203 = EDGE_CURVE('',#196,#204,#206,.T.);
#204 = VERTEX_POINT('',#205);
#205 = CARTESIAN_POINT('',(94.579002380371,22.983699798584,3.));
#206 = LINE('',#207,#208);
#207 = CARTESIAN_POINT('',(95.,22.89999961853,3.));
#208 = VECTOR('',#209,1.);
#209 = DIRECTION('',(-0.98080375462,0.194997422863,0.));
#210 = ORIENTED_EDGE('',*,*,#211,.T.);
#211 = EDGE_CURVE('',#204,#212,#214,.T.);
#212 = VERTEX_POINT('',#213);
#213 = CARTESIAN_POINT('',(94.222198486328,23.222200393677,3.));
#214 = LINE('',#215,#216);
#215 = CARTESIAN_POINT('',(94.579002380371,22.983699798584,3.));
#216 = VECTOR('',#217,1.);
#217 = DIRECTION('',(-0.831370731515,0.555718190075,0.));
#218 = ORIENTED_EDGE('',*,*,#219,.T.);
#219 = EDGE_CURVE('',#212,#220,#222,.T.);
#220 = VERTEX_POINT('',#221);
#221 = CARTESIAN_POINT('',(94.036598205566,23.5,3.));
#222 = LINE('',#223,#224);
#223 = CARTESIAN_POINT('',(94.222198486328,23.222200393677,3.));
#224 = VECTOR('',#225,1.);
#225 = DIRECTION('',(-0.555529918839,0.831496547963,0.));
#226 = ORIENTED_EDGE('',*,*,#227,.T.);
#227 = EDGE_CURVE('',#220,#90,#228,.T.);
#228 = LINE('',#229,#230);
#229 = CARTESIAN_POINT('',(94.036598205566,23.5,3.));
#230 = VECTOR('',#231,1.);
#231 = DIRECTION('',(-1.,0.,0.));
#232 = FACE_BOUND('',#233,.T.);
#233 = EDGE_LOOP('',(#234,#244,#252,#260));
#234 = ORIENTED_EDGE('',*,*,#235,.T.);
#235 = EDGE_CURVE('',#236,#238,#240,.T.);
#236 = VERTEX_POINT('',#237);
#237 = CARTESIAN_POINT('',(79.,41.5,3.));
#238 = VERTEX_POINT('',#239);
#239 = CARTESIAN_POINT('',(79.,28.5,3.));
#240 = LINE('',#241,#242);
#241 = CARTESIAN_POINT('',(79.,41.5,3.));
#242 = VECTOR('',#243,1.);
#243 = DIRECTION('',(0.,-1.,0.));
#244 = ORIENTED_EDGE('',*,*,#245,.T.);
#245 = EDGE_CURVE('',#238,#246,#248,.T.);
#246 = VERTEX_POINT('',#247);
#247 = CARTESIAN_POINT('',(66.,28.5,3.));
#248 = LINE('',#249,#250);
#249 = CARTESIAN_POINT('',(79.,28.5,3.));
#250 = VECTOR('',#251,1.);
#251 = DIRECTION('',(-1.,0.,0.));
#252 = ORIENTED_EDGE('',*,*,#253,.T.);
#253 = EDGE_CURVE('',#246,#254,#256,.T.);
#254 = VERTEX_POINT('',#255);
#255 = CARTESIAN_POINT('',(66.,41.5,3.));
#256 = LINE('',#257,#258);
#257 = CARTESIAN_POINT('',(66.,28.5,3.));
#258 = VECTOR('',#259,1.);
#259 = DIRECTION('',(0.,1.,0.));
#260 = ORIENTED_EDGE('',*,*,#261,.T.);
#261 = EDGE_CURVE('',#254,#236,#262,.T.);
#262 = LINE('',#263,#264);
#263 = CARTESIAN_POINT('',(66.,41.5,3.));
#264 = VECTOR('',#265,1.);
#265 = DIRECTION('',(1.,0.,0.));
#266 = FACE_BOUND('',#267,.T.);
#267 = EDGE_LOOP('',(#268,#278,#286,#294));
#268 = ORIENTED_EDGE('',*,*,#269,.T.);
#269 = EDGE_CURVE('',#270,#272,#274,.T.);
#270 = VERTEX_POINT('',#271);
#271 = CARTESIAN_POINT('',(55.,40.,3.));
#272 = VERTEX_POINT('',#273);
#273 = CARTESIAN_POINT('',(58.,40.,3.));
#274 = LINE('',#275,#276);
#275 = CARTESIAN_POINT('',(55.,40.,3.));
#276 = VECTOR('',#277,1.);
#277 = DIRECTION('',(1.,0.,0.));
#278 = ORIENTED_EDGE('',*,*,#279,.T.);
#279 = EDGE_CURVE('',#272,#280,#282,.T.);
#280 = VERTEX_POINT('',#281);
#281 = CARTESIAN_POINT('',(58.,30.,3.));
#282 = LINE('',#283,#284);
#283 = CARTESIAN_POINT('',(58.,40.,3.));
#284 = VECTOR('',#285,1.);
#285 = DIRECTION('',(0.,-1.,0.));
#286 = ORIENTED_EDGE('',*,*,#287,.T.);
#287 = EDGE_CURVE('',#280,#288,#290,.T.);
#288 = VERTEX_POINT('',#289);
#289 = CARTESIAN_POINT('',(55.,30.,3.));
#290 = LINE('',#291,#292);
#291 = CARTESIAN_POINT('',(58.,30.,3.));
#292 = VECTOR('',#293,1.);
#293 = DIRECTION('',(-1.,0.,0.));
#294 = ORIENTED_EDGE('',*,*,#295,.T.);
#295 = EDGE_CURVE('',#288,#270,#296,.T.);
#296 = LINE('',#297,#298);
#297 = CARTESIAN_POINT('',(55.,30.,3.));
#298 = VECTOR('',#299,1.);
#299 = DIRECTION('',(0.,1.,0.));
#300 = FACE_BOUND('',#301,.T.);
#301 = EDGE_LOOP('',(#302,#312,#320,#328));
#302 = ORIENTED_EDGE('',*,*,#303,.T.);
#303 = EDGE_CURVE('',#304,#306,#308,.T.);
#304 = VERTEX_POINT('',#305);
#305 = CARTESIAN_POINT('',(108.,38.,3.));
#306 = VERTEX_POINT('',#307);
#307 = CARTESIAN_POINT('',(108.,32.,3.));
#308 = LINE('',#309,#310);
#309 = CARTESIAN_POINT('',(108.,38.,3.));
#310 = VECTOR('',#311,1.);
#311 = DIRECTION('',(0.,-1.,0.));
#312 = ORIENTED_EDGE('',*,*,#313,.T.);
#313 = EDGE_CURVE('',#306,#314,#316,.T.);
#314 = VERTEX_POINT('',#315);
#315 = CARTESIAN_POINT('',(105.,32.,3.));
#316 = LINE('',#317,#318);
#317 = CARTESIAN_POINT('',(108.,32.,3.));
#318 = VECTOR('',#319,1.);
#319 = DIRECTION('',(-1.,0.,0.));
#320 = ORIENTED_EDGE('',*,*,#321,.T.);
#321 = EDGE_CURVE('',#314,#322,#324,.T.);
#322 = VERTEX_POINT('',#323);
#323 = CARTESIAN_POINT('',(105.,38.,3.));
#324 = LINE('',#325,#326);
#325 = CARTESIAN_POINT('',(105.,32.,3.));
#326 = VECTOR('',#327,1.);
#327 = DIRECTION('',(0.,1.,0.));
#328 = ORIENTED_EDGE('',*,*,#329,.T.);
#329 = EDGE_CURVE('',#322,#304,#330,.T.);
#330 = LINE('',#331,#332);
#331 = CARTESIAN_POINT('',(105.,38.,3.));
#332 = VECTOR('',#333,1.);
#333 = DIRECTION('',(1.,0.,0.));
#334 = FACE_BOUND('',#335,.T.);
#335 = EDGE_LOOP('',(#336,#346,#354,#362,#370,#378,#386,#394,#402,#410,
    #418,#426,#434,#442,#450,#458));
#336 = ORIENTED_EDGE('',*,*,#337,.T.);
#337 = EDGE_CURVE('',#338,#340,#342,.T.);
#338 = VERTEX_POINT('',#339);
#339 = CARTESIAN_POINT('',(131.38800048828,6.521790027618,3.));
#340 = VERTEX_POINT('',#341);
#341 = CARTESIAN_POINT('',(130.86900329589,6.868629932404,3.));
#342 = LINE('',#343,#344);
#343 = CARTESIAN_POINT('',(131.38800048828,6.521790027618,3.));
#344 = VECTOR('',#345,1.);
#345 = DIRECTION('',(-0.831427378548,0.555633435101,0.));
#346 = ORIENTED_EDGE('',*,*,#347,.T.);
#347 = EDGE_CURVE('',#340,#348,#350,.T.);
#348 = VERTEX_POINT('',#349);
#349 = CARTESIAN_POINT('',(130.52200317382,7.387710094452,3.));
#350 = LINE('',#351,#352);
#351 = CARTESIAN_POINT('',(130.86900329589,6.868629932404,3.));
#352 = VECTOR('',#353,1.);
#353 = DIRECTION('',(-0.555749423109,0.831349853379,0.));
#354 = ORIENTED_EDGE('',*,*,#355,.T.);
#355 = EDGE_CURVE('',#348,#356,#358,.T.);
#356 = VERTEX_POINT('',#357);
#357 = CARTESIAN_POINT('',(130.39999389648,8.,3.));
#358 = LINE('',#359,#360);
#359 = CARTESIAN_POINT('',(130.52200317382,7.387710094452,3.));
#360 = VECTOR('',#361,1.);
#361 = DIRECTION('',(-0.195425029697,0.98071864353,0.));
#362 = ORIENTED_EDGE('',*,*,#363,.T.);
#363 = EDGE_CURVE('',#356,#364,#366,.T.);
#364 = VERTEX_POINT('',#365);
#365 = CARTESIAN_POINT('',(130.52200317382,8.612290382385,3.));
#366 = LINE('',#367,#368);
#367 = CARTESIAN_POINT('',(130.39999389648,8.,3.));
#368 = VECTOR('',#369,1.);
#369 = DIRECTION('',(0.195424883317,0.980718672699,0.));
#370 = ORIENTED_EDGE('',*,*,#371,.T.);
#371 = EDGE_CURVE('',#364,#372,#374,.T.);
#372 = VERTEX_POINT('',#373);
#373 = CARTESIAN_POINT('',(130.86900329589,9.131369590759,3.));
#374 = LINE('',#375,#376);
#375 = CARTESIAN_POINT('',(130.52200317382,8.612290382385,3.));
#376 = VECTOR('',#377,1.);
#377 = DIRECTION('',(0.555750128797,0.831349381633,0.));
#378 = ORIENTED_EDGE('',*,*,#379,.T.);
#379 = EDGE_CURVE('',#372,#380,#382,.T.);
#380 = VERTEX_POINT('',#381);
#381 = CARTESIAN_POINT('',(131.38800048828,9.478210449219,3.));
#382 = LINE('',#383,#384);
#383 = CARTESIAN_POINT('',(130.86900329589,9.131369590759,3.));
#384 = VECTOR('',#385,1.);
#385 = DIRECTION('',(0.831426672763,0.555634491206,0.));
#386 = ORIENTED_EDGE('',*,*,#387,.T.);
#387 = EDGE_CURVE('',#380,#388,#390,.T.);
#388 = VERTEX_POINT('',#389);
#389 = CARTESIAN_POINT('',(132.,9.60000038147,3.));
#390 = LINE('',#391,#392);
#391 = CARTESIAN_POINT('',(131.38800048828,9.478210449219,3.));
#392 = VECTOR('',#393,1.);
#393 = DIRECTION('',(0.980768209053,0.195176125875,0.));
#394 = ORIENTED_EDGE('',*,*,#395,.T.);
#395 = EDGE_CURVE('',#388,#396,#398,.T.);
#396 = VERTEX_POINT('',#397);
#397 = CARTESIAN_POINT('',(132.61199951171,9.478210449219,3.));
#398 = LINE('',#399,#400);
#399 = CARTESIAN_POINT('',(132.,9.60000038147,3.));
#400 = VECTOR('',#401,1.);
#401 = DIRECTION('',(0.980768209053,-0.195176125875,0.));
#402 = ORIENTED_EDGE('',*,*,#403,.T.);
#403 = EDGE_CURVE('',#396,#404,#406,.T.);
#404 = VERTEX_POINT('',#405);
#405 = CARTESIAN_POINT('',(133.1309967041,9.131369590759,3.));
#406 = LINE('',#407,#408);
#407 = CARTESIAN_POINT('',(132.61199951171,9.478210449219,3.));
#408 = VECTOR('',#409,1.);
#409 = DIRECTION('',(0.831426672763,-0.555634491206,0.));
#410 = ORIENTED_EDGE('',*,*,#411,.T.);
#411 = EDGE_CURVE('',#404,#412,#414,.T.);
#412 = VERTEX_POINT('',#413);
#413 = CARTESIAN_POINT('',(133.47799682617,8.612290382385,3.));
#414 = LINE('',#415,#416);
#415 = CARTESIAN_POINT('',(133.1309967041,9.131369590759,3.));
#416 = VECTOR('',#417,1.);
#417 = DIRECTION('',(0.555750128797,-0.831349381633,0.));
#418 = ORIENTED_EDGE('',*,*,#419,.T.);
#419 = EDGE_CURVE('',#412,#420,#422,.T.);
#420 = VERTEX_POINT('',#421);
#421 = CARTESIAN_POINT('',(133.60000610351,8.,3.));
#422 = LINE('',#423,#424);
#423 = CARTESIAN_POINT('',(133.47799682617,8.612290382385,3.));
#424 = VECTOR('',#425,1.);
#425 = DIRECTION('',(0.195424883317,-0.980718672699,0.));
#426 = ORIENTED_EDGE('',*,*,#427,.T.);
#427 = EDGE_CURVE('',#420,#428,#430,.T.);
#428 = VERTEX_POINT('',#429);
#429 = CARTESIAN_POINT('',(133.47799682617,7.387710094452,3.));
#430 = LINE('',#431,#432);
#431 = CARTESIAN_POINT('',(133.60000610351,8.,3.));
#432 = VECTOR('',#433,1.);
#433 = DIRECTION('',(-0.195425029697,-0.98071864353,0.));
#434 = ORIENTED_EDGE('',*,*,#435,.T.);
#435 = EDGE_CURVE('',#428,#436,#438,.T.);
#436 = VERTEX_POINT('',#437);
#437 = CARTESIAN_POINT('',(133.1309967041,6.868629932404,3.));
#438 = LINE('',#439,#440);
#439 = CARTESIAN_POINT('',(133.47799682617,7.387710094452,3.));
#440 = VECTOR('',#441,1.);
#441 = DIRECTION('',(-0.555749423109,-0.831349853379,0.));
#442 = ORIENTED_EDGE('',*,*,#443,.T.);
#443 = EDGE_CURVE('',#436,#444,#446,.T.);
#444 = VERTEX_POINT('',#445);
#445 = CARTESIAN_POINT('',(132.61199951171,6.521790027618,3.));
#446 = LINE('',#447,#448);
#447 = CARTESIAN_POINT('',(133.1309967041,6.868629932404,3.));
#448 = VECTOR('',#449,1.);
#449 = DIRECTION('',(-0.831427378548,-0.555633435101,0.));
#450 = ORIENTED_EDGE('',*,*,#451,.T.);
#451 = EDGE_CURVE('',#444,#452,#454,.T.);
#452 = VERTEX_POINT('',#453);
#453 = CARTESIAN_POINT('',(132.,6.400000095367,3.));
#454 = LINE('',#455,#456);
#455 = CARTESIAN_POINT('',(132.61199951171,6.521790027618,3.));
#456 = VECTOR('',#457,1.);
#457 = DIRECTION('',(-0.980768209053,-0.195176125875,0.));
#458 = ORIENTED_EDGE('',*,*,#459,.T.);
#459 = EDGE_CURVE('',#452,#338,#460,.T.);
#460 = LINE('',#461,#462);
#461 = CARTESIAN_POINT('',(132.,6.400000095367,3.));
#462 = VECTOR('',#463,1.);
#463 = DIRECTION('',(-0.980768209053,0.195176125875,0.));
#464 = FACE_BOUND('',#465,.T.);
#465 = EDGE_LOOP('',(#466,#476,#484,#492,#500,#508,#516,#524,#532,#540,
    #548,#556,#564,#572,#580,#588));
#466 = ORIENTED_EDGE('',*,*,#467,.T.);
#467 = EDGE_CURVE('',#468,#470,#472,.T.);
#468 = VERTEX_POINT('',#469);
#469 = CARTESIAN_POINT('',(132.,60.400001525879,3.));
#470 = VERTEX_POINT('',#471);
#471 = CARTESIAN_POINT('',(131.38800048828,60.521800994873,3.));
#472 = LINE('',#473,#474);
#473 = CARTESIAN_POINT('',(132.,60.400001525879,3.));
#474 = VECTOR('',#475,1.);
#475 = DIRECTION('',(-0.980765283395,0.195190826852,0.));
#476 = ORIENTED_EDGE('',*,*,#477,.T.);
#477 = EDGE_CURVE('',#470,#478,#480,.T.);
#478 = VERTEX_POINT('',#479);
#479 = CARTESIAN_POINT('',(130.86900329589,60.868598937988,3.));
#480 = LINE('',#481,#482);
#481 = CARTESIAN_POINT('',(131.38800048828,60.521800994873,3.));
#482 = VECTOR('',#483,1.);
#483 = DIRECTION('',(-0.831458432925,0.555586963776,0.));
#484 = ORIENTED_EDGE('',*,*,#485,.T.);
#485 = EDGE_CURVE('',#478,#486,#488,.T.);
#486 = VERTEX_POINT('',#487);
#487 = CARTESIAN_POINT('',(130.52200317382,61.387699127197,3.));
#488 = LINE('',#489,#490);
#489 = CARTESIAN_POINT('',(130.86900329589,60.868598937988,3.));
#490 = VECTOR('',#491,1.);
#491 = DIRECTION('',(-0.555734603982,0.831359759633,0.));
#492 = ORIENTED_EDGE('',*,*,#493,.T.);
#493 = EDGE_CURVE('',#486,#494,#496,.T.);
#494 = VERTEX_POINT('',#495);
#495 = CARTESIAN_POINT('',(130.39999389648,62.,3.));
#496 = LINE('',#497,#498);
#497 = CARTESIAN_POINT('',(130.52200317382,61.387699127197,3.));
#498 = VECTOR('',#499,1.);
#499 = DIRECTION('',(-0.195421663011,0.980719314394,0.));
#500 = ORIENTED_EDGE('',*,*,#501,.T.);
#501 = EDGE_CURVE('',#494,#502,#504,.T.);
#502 = VERTEX_POINT('',#503);
#503 = CARTESIAN_POINT('',(130.52200317382,62.612300872803,3.));
#504 = LINE('',#505,#506);
#505 = CARTESIAN_POINT('',(130.39999389648,62.,3.));
#506 = VECTOR('',#507,1.);
#507 = DIRECTION('',(0.195421663011,0.980719314394,0.));
#508 = ORIENTED_EDGE('',*,*,#509,.T.);
#509 = EDGE_CURVE('',#502,#510,#512,.T.);
#510 = VERTEX_POINT('',#511);
#511 = CARTESIAN_POINT('',(130.86900329589,63.131401062012,3.));
#512 = LINE('',#513,#514);
#513 = CARTESIAN_POINT('',(130.52200317382,62.612300872803,3.));
#514 = VECTOR('',#515,1.);
#515 = DIRECTION('',(0.555734603982,0.831359759633,0.));
#516 = ORIENTED_EDGE('',*,*,#517,.T.);
#517 = EDGE_CURVE('',#510,#518,#520,.T.);
#518 = VERTEX_POINT('',#519);
#519 = CARTESIAN_POINT('',(131.38800048828,63.478199005127,3.));
#520 = LINE('',#521,#522);
#521 = CARTESIAN_POINT('',(130.86900329589,63.131401062012,3.));
#522 = VECTOR('',#523,1.);
#523 = DIRECTION('',(0.831458432925,0.555586963776,0.));
#524 = ORIENTED_EDGE('',*,*,#525,.T.);
#525 = EDGE_CURVE('',#518,#526,#528,.T.);
#526 = VERTEX_POINT('',#527);
#527 = CARTESIAN_POINT('',(132.,63.599998474121,3.));
#528 = LINE('',#529,#530);
#529 = CARTESIAN_POINT('',(131.38800048828,63.478199005127,3.));
#530 = VECTOR('',#531,1.);
#531 = DIRECTION('',(0.980765283395,0.195190826852,0.));
#532 = ORIENTED_EDGE('',*,*,#533,.T.);
#533 = EDGE_CURVE('',#526,#534,#536,.T.);
#534 = VERTEX_POINT('',#535);
#535 = CARTESIAN_POINT('',(132.61199951171,63.478199005127,3.));
#536 = LINE('',#537,#538);
#537 = CARTESIAN_POINT('',(132.,63.599998474121,3.));
#538 = VECTOR('',#539,1.);
#539 = DIRECTION('',(0.980765283395,-0.195190826852,0.));
#540 = ORIENTED_EDGE('',*,*,#541,.T.);
#541 = EDGE_CURVE('',#534,#542,#544,.T.);
#542 = VERTEX_POINT('',#543);
#543 = CARTESIAN_POINT('',(133.1309967041,63.131401062012,3.));
#544 = LINE('',#545,#546);
#545 = CARTESIAN_POINT('',(132.61199951171,63.478199005127,3.));
#546 = VECTOR('',#547,1.);
#547 = DIRECTION('',(0.831458432925,-0.555586963776,0.));
#548 = ORIENTED_EDGE('',*,*,#549,.T.);
#549 = EDGE_CURVE('',#542,#550,#552,.T.);
#550 = VERTEX_POINT('',#551);
#551 = CARTESIAN_POINT('',(133.47799682617,62.612300872803,3.));
#552 = LINE('',#553,#554);
#553 = CARTESIAN_POINT('',(133.1309967041,63.131401062012,3.));
#554 = VECTOR('',#555,1.);
#555 = DIRECTION('',(0.555734603982,-0.831359759633,0.));
#556 = ORIENTED_EDGE('',*,*,#557,.T.);
#557 = EDGE_CURVE('',#550,#558,#560,.T.);
#558 = VERTEX_POINT('',#559);
#559 = CARTESIAN_POINT('',(133.60000610351,62.,3.));
#560 = LINE('',#561,#562);
#561 = CARTESIAN_POINT('',(133.47799682617,62.612300872803,3.));
#562 = VECTOR('',#563,1.);
#563 = DIRECTION('',(0.195421663011,-0.980719314394,0.));
#564 = ORIENTED_EDGE('',*,*,#565,.T.);
#565 = EDGE_CURVE('',#558,#566,#568,.T.);
#566 = VERTEX_POINT('',#567);
#567 = CARTESIAN_POINT('',(133.47799682617,61.387699127197,3.));
#568 = LINE('',#569,#570);
#569 = CARTESIAN_POINT('',(133.60000610351,62.,3.));
#570 = VECTOR('',#571,1.);
#571 = DIRECTION('',(-0.195421663011,-0.980719314394,0.));
#572 = ORIENTED_EDGE('',*,*,#573,.T.);
#573 = EDGE_CURVE('',#566,#574,#576,.T.);
#574 = VERTEX_POINT('',#575);
#575 = CARTESIAN_POINT('',(133.1309967041,60.868598937988,3.));
#576 = LINE('',#577,#578);
#577 = CARTESIAN_POINT('',(133.47799682617,61.387699127197,3.));
#578 = VECTOR('',#579,1.);
#579 = DIRECTION('',(-0.555734603982,-0.831359759633,0.));
#580 = ORIENTED_EDGE('',*,*,#581,.T.);
#581 = EDGE_CURVE('',#574,#582,#584,.T.);
#582 = VERTEX_POINT('',#583);
#583 = CARTESIAN_POINT('',(132.61199951171,60.521800994873,3.));
#584 = LINE('',#585,#586);
#585 = CARTESIAN_POINT('',(133.1309967041,60.868598937988,3.));
#586 = VECTOR('',#587,1.);
#587 = DIRECTION('',(-0.831458432925,-0.555586963776,0.));
#588 = ORIENTED_EDGE('',*,*,#589,.T.);
#589 = EDGE_CURVE('',#582,#468,#590,.T.);
#590 = LINE('',#591,#592);
#591 = CARTESIAN_POINT('',(132.61199951171,60.521800994873,3.));
#592 = VECTOR('',#593,1.);
#593 = DIRECTION('',(-0.980765283395,-0.195190826852,0.));
#594 = FACE_BOUND('',#595,.T.);
#595 = EDGE_LOOP('',(#596,#606,#614,#622,#630,#638,#646,#654,#662,#670,
    #678,#686,#694,#702,#710,#718));
#596 = ORIENTED_EDGE('',*,*,#597,.T.);
#597 = EDGE_CURVE('',#598,#600,#602,.T.);
#598 = VERTEX_POINT('',#599);
#599 = CARTESIAN_POINT('',(9.131369590759,6.868629932404,3.));
#600 = VERTEX_POINT('',#601);
#601 = CARTESIAN_POINT('',(8.612290382385,6.521790027618,3.));
#602 = LINE('',#603,#604);
#603 = CARTESIAN_POINT('',(9.131369590759,6.868629932404,3.));
#604 = VECTOR('',#605,1.);
#605 = DIRECTION('',(-0.831467935324,-0.555572742787,0.));
#606 = ORIENTED_EDGE('',*,*,#607,.T.);
#607 = EDGE_CURVE('',#600,#608,#610,.T.);
#608 = VERTEX_POINT('',#609);
#609 = CARTESIAN_POINT('',(8.,6.400000095367,3.));
#610 = LINE('',#611,#612);
#611 = CARTESIAN_POINT('',(8.612290382385,6.521790027618,3.));
#612 = VECTOR('',#613,1.);
#613 = DIRECTION('',(-0.980785953843,-0.195086936375,0.));
#614 = ORIENTED_EDGE('',*,*,#615,.T.);
#615 = EDGE_CURVE('',#608,#616,#618,.T.);
#616 = VERTEX_POINT('',#617);
#617 = CARTESIAN_POINT('',(7.387710094452,6.521790027618,3.));
#618 = LINE('',#619,#620);
#619 = CARTESIAN_POINT('',(8.,6.400000095367,3.));
#620 = VECTOR('',#621,1.);
#621 = DIRECTION('',(-0.980785924773,0.195087082522,0.));
#622 = ORIENTED_EDGE('',*,*,#623,.T.);
#623 = EDGE_CURVE('',#616,#624,#626,.T.);
#624 = VERTEX_POINT('',#625);
#625 = CARTESIAN_POINT('',(6.868629932404,6.868629932404,3.));
#626 = LINE('',#627,#628);
#627 = CARTESIAN_POINT('',(7.387710094452,6.521790027618,3.));
#628 = VECTOR('',#629,1.);
#629 = DIRECTION('',(-0.831468406837,0.555572037123,0.));
#630 = ORIENTED_EDGE('',*,*,#631,.T.);
#631 = EDGE_CURVE('',#624,#632,#634,.T.);
#632 = VERTEX_POINT('',#633);
#633 = CARTESIAN_POINT('',(6.521790027618,7.387710094452,3.));
#634 = LINE('',#635,#636);
#635 = CARTESIAN_POINT('',(6.868629932404,6.868629932404,3.));
#636 = VECTOR('',#637,1.);
#637 = DIRECTION('',(-0.555572037123,0.831468406837,0.));
#638 = ORIENTED_EDGE('',*,*,#639,.T.);
#639 = EDGE_CURVE('',#632,#640,#642,.T.);
#640 = VERTEX_POINT('',#641);
#641 = CARTESIAN_POINT('',(6.400000095367,8.,3.));
#642 = LINE('',#643,#644);
#643 = CARTESIAN_POINT('',(6.521790027618,7.387710094452,3.));
#644 = VECTOR('',#645,1.);
#645 = DIRECTION('',(-0.195087082522,0.980785924773,0.));
#646 = ORIENTED_EDGE('',*,*,#647,.T.);
#647 = EDGE_CURVE('',#640,#648,#650,.T.);
#648 = VERTEX_POINT('',#649);
#649 = CARTESIAN_POINT('',(6.521790027618,8.612290382385,3.));
#650 = LINE('',#651,#652);
#651 = CARTESIAN_POINT('',(6.400000095367,8.,3.));
#652 = VECTOR('',#653,1.);
#653 = DIRECTION('',(0.195086936375,0.980785953843,0.));
#654 = ORIENTED_EDGE('',*,*,#655,.T.);
#655 = EDGE_CURVE('',#648,#656,#658,.T.);
#656 = VERTEX_POINT('',#657);
#657 = CARTESIAN_POINT('',(6.868629932404,9.131369590759,3.));
#658 = LINE('',#659,#660);
#659 = CARTESIAN_POINT('',(6.521790027618,8.612290382385,3.));
#660 = VECTOR('',#661,1.);
#661 = DIRECTION('',(0.555572742787,0.831467935324,0.));
#662 = ORIENTED_EDGE('',*,*,#663,.T.);
#663 = EDGE_CURVE('',#656,#664,#666,.T.);
#664 = VERTEX_POINT('',#665);
#665 = CARTESIAN_POINT('',(7.387710094452,9.478210449219,3.));
#666 = LINE('',#667,#668);
#667 = CARTESIAN_POINT('',(6.868629932404,9.131369590759,3.));
#668 = VECTOR('',#669,1.);
#669 = DIRECTION('',(0.831467701173,0.555573093216,0.));
#670 = ORIENTED_EDGE('',*,*,#671,.T.);
#671 = EDGE_CURVE('',#664,#672,#674,.T.);
#672 = VERTEX_POINT('',#673);
#673 = CARTESIAN_POINT('',(8.,9.60000038147,3.));
#674 = LINE('',#675,#676);
#675 = CARTESIAN_POINT('',(7.387710094452,9.478210449219,3.));
#676 = VECTOR('',#677,1.);
#677 = DIRECTION('',(0.980785924773,0.195087082522,0.));
#678 = ORIENTED_EDGE('',*,*,#679,.T.);
#679 = EDGE_CURVE('',#672,#680,#682,.T.);
#680 = VERTEX_POINT('',#681);
#681 = CARTESIAN_POINT('',(8.612290382385,9.478210449219,3.));
#682 = LINE('',#683,#684);
#683 = CARTESIAN_POINT('',(8.,9.60000038147,3.));
#684 = VECTOR('',#685,1.);
#685 = DIRECTION('',(0.980785953843,-0.195086936375,0.));
#686 = ORIENTED_EDGE('',*,*,#687,.T.);
#687 = EDGE_CURVE('',#680,#688,#690,.T.);
#688 = VERTEX_POINT('',#689);
#689 = CARTESIAN_POINT('',(9.131369590759,9.131369590759,3.));
#690 = LINE('',#691,#692);
#691 = CARTESIAN_POINT('',(8.612290382385,9.478210449219,3.));
#692 = VECTOR('',#693,1.);
#693 = DIRECTION('',(0.83146722966,-0.55557379888,0.));
#694 = ORIENTED_EDGE('',*,*,#695,.T.);
#695 = EDGE_CURVE('',#688,#696,#698,.T.);
#696 = VERTEX_POINT('',#697);
#697 = CARTESIAN_POINT('',(9.478210449219,8.612290382385,3.));
#698 = LINE('',#699,#700);
#699 = CARTESIAN_POINT('',(9.131369590759,9.131369590759,3.));
#700 = VECTOR('',#701,1.);
#701 = DIRECTION('',(0.55557379888,-0.83146722966,0.));
#702 = ORIENTED_EDGE('',*,*,#703,.T.);
#703 = EDGE_CURVE('',#696,#704,#706,.T.);
#704 = VERTEX_POINT('',#705);
#705 = CARTESIAN_POINT('',(9.60000038147,8.,3.));
#706 = LINE('',#707,#708);
#707 = CARTESIAN_POINT('',(9.478210449219,8.612290382385,3.));
#708 = VECTOR('',#709,1.);
#709 = DIRECTION('',(0.195086936375,-0.980785953843,0.));
#710 = ORIENTED_EDGE('',*,*,#711,.T.);
#711 = EDGE_CURVE('',#704,#712,#714,.T.);
#712 = VERTEX_POINT('',#713);
#713 = CARTESIAN_POINT('',(9.478210449219,7.387710094452,3.));
#714 = LINE('',#715,#716);
#715 = CARTESIAN_POINT('',(9.60000038147,8.,3.));
#716 = VECTOR('',#717,1.);
#717 = DIRECTION('',(-0.195087082522,-0.980785924773,0.));
#718 = ORIENTED_EDGE('',*,*,#719,.T.);
#719 = EDGE_CURVE('',#712,#598,#720,.T.);
#720 = LINE('',#721,#722);
#721 = CARTESIAN_POINT('',(9.478210449219,7.387710094452,3.));
#722 = VECTOR('',#723,1.);
#723 = DIRECTION('',(-0.555573093216,-0.831467701173,0.));
#724 = FACE_BOUND('',#725,.T.);
#725 = EDGE_LOOP('',(#726,#736,#744,#752,#760,#768,#776,#784,#792,#800,
    #808,#816,#824,#832,#840,#848));
#726 = ORIENTED_EDGE('',*,*,#727,.T.);
#727 = EDGE_CURVE('',#728,#730,#732,.T.);
#728 = VERTEX_POINT('',#729);
#729 = CARTESIAN_POINT('',(63.,23.89999961853,3.));
#730 = VERTEX_POINT('',#731);
#731 = CARTESIAN_POINT('',(62.387699127197,24.021799087524,3.));
#732 = LINE('',#733,#734);
#733 = CARTESIAN_POINT('',(63.,23.89999961853,3.));
#734 = VECTOR('',#735,1.);
#735 = DIRECTION('',(-0.980783670422,0.195098415765,0.));
#736 = ORIENTED_EDGE('',*,*,#737,.T.);
#737 = EDGE_CURVE('',#730,#738,#740,.T.);
#738 = VERTEX_POINT('',#739);
#739 = CARTESIAN_POINT('',(61.868598937988,24.368600845337,3.));
#740 = LINE('',#741,#742);
#741 = CARTESIAN_POINT('',(62.387699127197,24.021799087524,3.));
#742 = VECTOR('',#743,1.);
#743 = DIRECTION('',(-0.831506533427,0.555514972677,0.));
#744 = ORIENTED_EDGE('',*,*,#745,.T.);
#745 = EDGE_CURVE('',#738,#746,#748,.T.);
#746 = VERTEX_POINT('',#747);
#747 = CARTESIAN_POINT('',(61.521800994873,24.887699127197,3.));
#748 = LINE('',#749,#750);
#749 = CARTESIAN_POINT('',(61.868598937988,24.368600845337,3.));
#750 = VECTOR('',#751,1.);
#751 = DIRECTION('',(-0.555512159116,0.831508413111,0.));
#752 = ORIENTED_EDGE('',*,*,#753,.T.);
#753 = EDGE_CURVE('',#746,#754,#756,.T.);
#754 = VERTEX_POINT('',#755);
#755 = CARTESIAN_POINT('',(61.400001525879,25.5,3.));
#756 = LINE('',#757,#758);
#757 = CARTESIAN_POINT('',(61.521800994873,24.887699127197,3.));
#758 = VECTOR('',#759,1.);
#759 = DIRECTION('',(-0.195098415765,0.980783670422,0.));
#760 = ORIENTED_EDGE('',*,*,#761,.T.);
#761 = EDGE_CURVE('',#754,#762,#764,.T.);
#762 = VERTEX_POINT('',#763);
#763 = CARTESIAN_POINT('',(61.521800994873,26.112300872803,3.));
#764 = LINE('',#765,#766);
#765 = CARTESIAN_POINT('',(61.400001525879,25.5,3.));
#766 = VECTOR('',#767,1.);
#767 = DIRECTION('',(0.195098415765,0.980783670422,0.));
#768 = ORIENTED_EDGE('',*,*,#769,.T.);
#769 = EDGE_CURVE('',#762,#770,#772,.T.);
#770 = VERTEX_POINT('',#771);
#771 = CARTESIAN_POINT('',(61.868598937988,26.631399154663,3.));
#772 = LINE('',#773,#774);
#773 = CARTESIAN_POINT('',(61.521800994873,26.112300872803,3.));
#774 = VECTOR('',#775,1.);
#775 = DIRECTION('',(0.555512159116,0.831508413111,0.));
#776 = ORIENTED_EDGE('',*,*,#777,.T.);
#777 = EDGE_CURVE('',#770,#778,#780,.T.);
#778 = VERTEX_POINT('',#779);
#779 = CARTESIAN_POINT('',(62.387699127197,26.978200912476,3.));
#780 = LINE('',#781,#782);
#781 = CARTESIAN_POINT('',(61.868598937988,26.631399154663,3.));
#782 = VECTOR('',#783,1.);
#783 = DIRECTION('',(0.831506533427,0.555514972677,0.));
#784 = ORIENTED_EDGE('',*,*,#785,.T.);
#785 = EDGE_CURVE('',#778,#786,#788,.T.);
#786 = VERTEX_POINT('',#787);
#787 = CARTESIAN_POINT('',(63.,27.10000038147,3.));
#788 = LINE('',#789,#790);
#789 = CARTESIAN_POINT('',(62.387699127197,26.978200912476,3.));
#790 = VECTOR('',#791,1.);
#791 = DIRECTION('',(0.980783670422,0.195098415765,0.));
#792 = ORIENTED_EDGE('',*,*,#793,.T.);
#793 = EDGE_CURVE('',#786,#794,#796,.T.);
#794 = VERTEX_POINT('',#795);
#795 = CARTESIAN_POINT('',(63.612300872803,26.978200912476,3.));
#796 = LINE('',#797,#798);
#797 = CARTESIAN_POINT('',(63.,27.10000038147,3.));
#798 = VECTOR('',#799,1.);
#799 = DIRECTION('',(0.980783670422,-0.195098415765,0.));
#800 = ORIENTED_EDGE('',*,*,#801,.T.);
#801 = EDGE_CURVE('',#794,#802,#804,.T.);
#802 = VERTEX_POINT('',#803);
#803 = CARTESIAN_POINT('',(64.131401062012,26.631399154663,3.));
#804 = LINE('',#805,#806);
#805 = CARTESIAN_POINT('',(63.612300872803,26.978200912476,3.));
#806 = VECTOR('',#807,1.);
#807 = DIRECTION('',(0.831506533427,-0.555514972677,0.));
#808 = ORIENTED_EDGE('',*,*,#809,.T.);
#809 = EDGE_CURVE('',#802,#810,#812,.T.);
#810 = VERTEX_POINT('',#811);
#811 = CARTESIAN_POINT('',(64.478202819824,26.112300872803,3.));
#812 = LINE('',#813,#814);
#813 = CARTESIAN_POINT('',(64.131401062012,26.631399154663,3.));
#814 = VECTOR('',#815,1.);
#815 = DIRECTION('',(0.555516383936,-0.831505590587,0.));
#816 = ORIENTED_EDGE('',*,*,#817,.T.);
#817 = EDGE_CURVE('',#810,#818,#820,.T.);
#818 = VERTEX_POINT('',#819);
#819 = CARTESIAN_POINT('',(64.599998474121,25.5,3.));
#820 = LINE('',#821,#822);
#821 = CARTESIAN_POINT('',(64.478202819824,26.112300872803,3.));
#822 = VECTOR('',#823,1.);
#823 = DIRECTION('',(0.195092537954,-0.980784839623,0.));
#824 = ORIENTED_EDGE('',*,*,#825,.T.);
#825 = EDGE_CURVE('',#818,#826,#828,.T.);
#826 = VERTEX_POINT('',#827);
#827 = CARTESIAN_POINT('',(64.478202819824,24.887699127197,3.));
#828 = LINE('',#829,#830);
#829 = CARTESIAN_POINT('',(64.599998474121,25.5,3.));
#830 = VECTOR('',#831,1.);
#831 = DIRECTION('',(-0.195092537954,-0.980784839623,0.));
#832 = ORIENTED_EDGE('',*,*,#833,.T.);
#833 = EDGE_CURVE('',#826,#834,#836,.T.);
#834 = VERTEX_POINT('',#835);
#835 = CARTESIAN_POINT('',(64.131401062012,24.368600845337,3.));
#836 = LINE('',#837,#838);
#837 = CARTESIAN_POINT('',(64.478202819824,24.887699127197,3.));
#838 = VECTOR('',#839,1.);
#839 = DIRECTION('',(-0.555516383936,-0.831505590587,0.));
#840 = ORIENTED_EDGE('',*,*,#841,.T.);
#841 = EDGE_CURVE('',#834,#842,#844,.T.);
#842 = VERTEX_POINT('',#843);
#843 = CARTESIAN_POINT('',(63.612300872803,24.021799087524,3.));
#844 = LINE('',#845,#846);
#845 = CARTESIAN_POINT('',(64.131401062012,24.368600845337,3.));
#846 = VECTOR('',#847,1.);
#847 = DIRECTION('',(-0.831506533427,-0.555514972677,0.));
#848 = ORIENTED_EDGE('',*,*,#849,.T.);
#849 = EDGE_CURVE('',#842,#728,#850,.T.);
#850 = LINE('',#851,#852);
#851 = CARTESIAN_POINT('',(63.612300872803,24.021799087524,3.));
#852 = VECTOR('',#853,1.);
#853 = DIRECTION('',(-0.980783670422,-0.195098415765,0.));
#854 = FACE_BOUND('',#855,.T.);
#855 = EDGE_LOOP('',(#856,#866,#874,#882,#890,#898,#906,#914,#922,#930,
    #938,#946,#954,#962,#970,#978));
#856 = ORIENTED_EDGE('',*,*,#857,.T.);
#857 = EDGE_CURVE('',#858,#860,#862,.T.);
#858 = VERTEX_POINT('',#859);
#859 = CARTESIAN_POINT('',(80.521797180176,24.887699127197,3.));
#860 = VERTEX_POINT('',#861);
#861 = CARTESIAN_POINT('',(80.400001525879,25.5,3.));
#862 = LINE('',#863,#864);
#863 = CARTESIAN_POINT('',(80.521797180176,24.887699127197,3.));
#864 = VECTOR('',#865,1.);
#865 = DIRECTION('',(-0.195092537954,0.980784839623,0.));
#866 = ORIENTED_EDGE('',*,*,#867,.T.);
#867 = EDGE_CURVE('',#860,#868,#870,.T.);
#868 = VERTEX_POINT('',#869);
#869 = CARTESIAN_POINT('',(80.521797180176,26.112300872803,3.));
#870 = LINE('',#871,#872);
#871 = CARTESIAN_POINT('',(80.400001525879,25.5,3.));
#872 = VECTOR('',#873,1.);
#873 = DIRECTION('',(0.195092537954,0.980784839623,0.));
#874 = ORIENTED_EDGE('',*,*,#875,.T.);
#875 = EDGE_CURVE('',#868,#876,#878,.T.);
#876 = VERTEX_POINT('',#877);
#877 = CARTESIAN_POINT('',(80.868598937988,26.631399154663,3.));
#878 = LINE('',#879,#880);
#879 = CARTESIAN_POINT('',(80.521797180176,26.112300872803,3.));
#880 = VECTOR('',#881,1.);
#881 = DIRECTION('',(0.555516383936,0.831505590587,0.));
#882 = ORIENTED_EDGE('',*,*,#883,.T.);
#883 = EDGE_CURVE('',#876,#884,#886,.T.);
#884 = VERTEX_POINT('',#885);
#885 = CARTESIAN_POINT('',(81.387702941895,26.978200912476,3.));
#886 = LINE('',#887,#888);
#887 = CARTESIAN_POINT('',(80.868598937988,26.631399154663,3.));
#888 = VECTOR('',#889,1.);
#889 = DIRECTION('',(0.831508419084,0.555512150175,0.));
#890 = ORIENTED_EDGE('',*,*,#891,.T.);
#891 = EDGE_CURVE('',#884,#892,#894,.T.);
#892 = VERTEX_POINT('',#893);
#893 = CARTESIAN_POINT('',(82.,27.10000038147,3.));
#894 = LINE('',#895,#896);
#895 = CARTESIAN_POINT('',(81.387702941895,26.978200912476,3.));
#896 = VECTOR('',#897,1.);
#897 = DIRECTION('',(0.980783437838,0.19509958499,0.));
#898 = ORIENTED_EDGE('',*,*,#899,.T.);
#899 = EDGE_CURVE('',#892,#900,#902,.T.);
#900 = VERTEX_POINT('',#901);
#901 = CARTESIAN_POINT('',(82.612297058105,26.978200912476,3.));
#902 = LINE('',#903,#904);
#903 = CARTESIAN_POINT('',(82.,27.10000038147,3.));
#904 = VECTOR('',#905,1.);
#905 = DIRECTION('',(0.980783437838,-0.19509958499,0.));
#906 = ORIENTED_EDGE('',*,*,#907,.T.);
#907 = EDGE_CURVE('',#900,#908,#910,.T.);
#908 = VERTEX_POINT('',#909);
#909 = CARTESIAN_POINT('',(83.131401062012,26.631399154663,3.));
#910 = LINE('',#911,#912);
#911 = CARTESIAN_POINT('',(82.612297058105,26.978200912476,3.));
#912 = VECTOR('',#913,1.);
#913 = DIRECTION('',(0.831508419084,-0.555512150175,0.));
#914 = ORIENTED_EDGE('',*,*,#915,.T.);
#915 = EDGE_CURVE('',#908,#916,#918,.T.);
#916 = VERTEX_POINT('',#917);
#917 = CARTESIAN_POINT('',(83.478202819824,26.112300872803,3.));
#918 = LINE('',#919,#920);
#919 = CARTESIAN_POINT('',(83.131401062012,26.631399154663,3.));
#920 = VECTOR('',#921,1.);
#921 = DIRECTION('',(0.555516383936,-0.831505590587,0.));
#922 = ORIENTED_EDGE('',*,*,#923,.T.);
#923 = EDGE_CURVE('',#916,#924,#926,.T.);
#924 = VERTEX_POINT('',#925);
#925 = CARTESIAN_POINT('',(83.599998474121,25.5,3.));
#926 = LINE('',#927,#928);
#927 = CARTESIAN_POINT('',(83.478202819824,26.112300872803,3.));
#928 = VECTOR('',#929,1.);
#929 = DIRECTION('',(0.195092537954,-0.980784839623,0.));
#930 = ORIENTED_EDGE('',*,*,#931,.T.);
#931 = EDGE_CURVE('',#924,#932,#934,.T.);
#932 = VERTEX_POINT('',#933);
#933 = CARTESIAN_POINT('',(83.478202819824,24.887699127197,3.));
#934 = LINE('',#935,#936);
#935 = CARTESIAN_POINT('',(83.599998474121,25.5,3.));
#936 = VECTOR('',#937,1.);
#937 = DIRECTION('',(-0.195092537954,-0.980784839623,0.));
#938 = ORIENTED_EDGE('',*,*,#939,.T.);
#939 = EDGE_CURVE('',#932,#940,#942,.T.);
#940 = VERTEX_POINT('',#941);
#941 = CARTESIAN_POINT('',(83.131401062012,24.368600845337,3.));
#942 = LINE('',#943,#944);
#943 = CARTESIAN_POINT('',(83.478202819824,24.887699127197,3.));
#944 = VECTOR('',#945,1.);
#945 = DIRECTION('',(-0.555516383936,-0.831505590587,0.));
#946 = ORIENTED_EDGE('',*,*,#947,.T.);
#947 = EDGE_CURVE('',#940,#948,#950,.T.);
#948 = VERTEX_POINT('',#949);
#949 = CARTESIAN_POINT('',(82.612297058105,24.021799087524,3.));
#950 = LINE('',#951,#952);
#951 = CARTESIAN_POINT('',(83.131401062012,24.368600845337,3.));
#952 = VECTOR('',#953,1.);
#953 = DIRECTION('',(-0.831508419084,-0.555512150175,0.));
#954 = ORIENTED_EDGE('',*,*,#955,.T.);
#955 = EDGE_CURVE('',#948,#956,#958,.T.);
#956 = VERTEX_POINT('',#957);
#957 = CARTESIAN_POINT('',(82.,23.89999961853,3.));
#958 = LINE('',#959,#960);
#959 = CARTESIAN_POINT('',(82.612297058105,24.021799087524,3.));
#960 = VECTOR('',#961,1.);
#961 = DIRECTION('',(-0.980783437838,-0.19509958499,0.));
#962 = ORIENTED_EDGE('',*,*,#963,.T.);
#963 = EDGE_CURVE('',#956,#964,#966,.T.);
#964 = VERTEX_POINT('',#965);
#965 = CARTESIAN_POINT('',(81.387702941895,24.021799087524,3.));
#966 = LINE('',#967,#968);
#967 = CARTESIAN_POINT('',(82.,23.89999961853,3.));
#968 = VECTOR('',#969,1.);
#969 = DIRECTION('',(-0.980783437838,0.19509958499,0.));
#970 = ORIENTED_EDGE('',*,*,#971,.T.);
#971 = EDGE_CURVE('',#964,#972,#974,.T.);
#972 = VERTEX_POINT('',#973);
#973 = CARTESIAN_POINT('',(80.868598937988,24.368600845337,3.));
#974 = LINE('',#975,#976);
#975 = CARTESIAN_POINT('',(81.387702941895,24.021799087524,3.));
#976 = VECTOR('',#977,1.);
#977 = DIRECTION('',(-0.831508419084,0.555512150175,0.));
#978 = ORIENTED_EDGE('',*,*,#979,.T.);
#979 = EDGE_CURVE('',#972,#858,#980,.T.);
#980 = LINE('',#981,#982);
#981 = CARTESIAN_POINT('',(80.868598937988,24.368600845337,3.));
#982 = VECTOR('',#983,1.);
#983 = DIRECTION('',(-0.555516383936,0.831505590587,0.));
#984 = FACE_BOUND('',#985,.T.);
#985 = EDGE_LOOP('',(#986,#996,#1004,#1012,#1020,#1028,#1036,#1044,#1052
    ,#1060,#1068,#1076,#1084,#1092,#1100,#1108));
#986 = ORIENTED_EDGE('',*,*,#987,.T.);
#987 = EDGE_CURVE('',#988,#990,#992,.T.);
#988 = VERTEX_POINT('',#989);
#989 = CARTESIAN_POINT('',(8.,63.599998474121,3.));
#990 = VERTEX_POINT('',#991);
#991 = CARTESIAN_POINT('',(8.612290382385,63.478199005127,3.));
#992 = LINE('',#993,#994);
#993 = CARTESIAN_POINT('',(8.,63.599998474121,3.));
#994 = VECTOR('',#995,1.);
#995 = DIRECTION('',(0.980783030806,-0.195101631166,0.));
#996 = ORIENTED_EDGE('',*,*,#997,.T.);
#997 = EDGE_CURVE('',#990,#998,#1000,.T.);
#998 = VERTEX_POINT('',#999);
#999 = CARTESIAN_POINT('',(9.131369590759,63.131401062012,3.));
#1000 = LINE('',#1001,#1002);
#1001 = CARTESIAN_POINT('',(8.612290382385,63.478199005127,3.));
#1002 = VECTOR('',#1003,1.);
#1003 = DIRECTION('',(0.831498984432,-0.555526272005,0.));
#1004 = ORIENTED_EDGE('',*,*,#1005,.T.);
#1005 = EDGE_CURVE('',#998,#1006,#1008,.T.);
#1006 = VERTEX_POINT('',#1007);
#1007 = CARTESIAN_POINT('',(9.478210449219,62.612300872803,3.));
#1008 = LINE('',#1009,#1010);
#1009 = CARTESIAN_POINT('',(9.131369590759,63.131401062012,3.));
#1010 = VECTOR('',#1011,1.);
#1011 = DIRECTION('',(0.55555827459,-0.831477602545,0.));
#1012 = ORIENTED_EDGE('',*,*,#1013,.T.);
#1013 = EDGE_CURVE('',#1006,#1014,#1016,.T.);
#1014 = VERTEX_POINT('',#1015);
#1015 = CARTESIAN_POINT('',(9.60000038147,62.,3.));
#1016 = LINE('',#1017,#1018);
#1017 = CARTESIAN_POINT('',(9.478210449219,62.612300872803,3.));
#1018 = VECTOR('',#1019,1.);
#1019 = DIRECTION('',(0.195083721197,-0.980786593365,0.));
#1020 = ORIENTED_EDGE('',*,*,#1021,.T.);
#1021 = EDGE_CURVE('',#1014,#1022,#1024,.T.);
#1022 = VERTEX_POINT('',#1023);
#1023 = CARTESIAN_POINT('',(9.478210449219,61.387699127197,3.));
#1024 = LINE('',#1025,#1026);
#1025 = CARTESIAN_POINT('',(9.60000038147,62.,3.));
#1026 = VECTOR('',#1027,1.);
#1027 = DIRECTION('',(-0.195083721197,-0.980786593365,0.));
#1028 = ORIENTED_EDGE('',*,*,#1029,.T.);
#1029 = EDGE_CURVE('',#1022,#1030,#1032,.T.);
#1030 = VERTEX_POINT('',#1031);
#1031 = CARTESIAN_POINT('',(9.131369590759,60.868598937988,3.));
#1032 = LINE('',#1033,#1034);
#1033 = CARTESIAN_POINT('',(9.478210449219,61.387699127197,3.));
#1034 = VECTOR('',#1035,1.);
#1035 = DIRECTION('',(-0.55555827459,-0.831477602545,0.));
#1036 = ORIENTED_EDGE('',*,*,#1037,.T.);
#1037 = EDGE_CURVE('',#1030,#1038,#1040,.T.);
#1038 = VERTEX_POINT('',#1039);
#1039 = CARTESIAN_POINT('',(8.612290382385,60.521800994873,3.));
#1040 = LINE('',#1041,#1042);
#1041 = CARTESIAN_POINT('',(9.131369590759,60.868598937988,3.));
#1042 = VECTOR('',#1043,1.);
#1043 = DIRECTION('',(-0.831498984432,-0.555526272005,0.));
#1044 = ORIENTED_EDGE('',*,*,#1045,.T.);
#1045 = EDGE_CURVE('',#1038,#1046,#1048,.T.);
#1046 = VERTEX_POINT('',#1047);
#1047 = CARTESIAN_POINT('',(8.,60.400001525879,3.));
#1048 = LINE('',#1049,#1050);
#1049 = CARTESIAN_POINT('',(8.612290382385,60.521800994873,3.));
#1050 = VECTOR('',#1051,1.);
#1051 = DIRECTION('',(-0.980783030806,-0.195101631166,0.));
#1052 = ORIENTED_EDGE('',*,*,#1053,.T.);
#1053 = EDGE_CURVE('',#1046,#1054,#1056,.T.);
#1054 = VERTEX_POINT('',#1055);
#1055 = CARTESIAN_POINT('',(7.387710094452,60.521800994873,3.));
#1056 = LINE('',#1057,#1058);
#1057 = CARTESIAN_POINT('',(8.,60.400001525879,3.));
#1058 = VECTOR('',#1059,1.);
#1059 = DIRECTION('',(-0.980783001731,0.195101777323,0.));
#1060 = ORIENTED_EDGE('',*,*,#1061,.T.);
#1061 = EDGE_CURVE('',#1054,#1062,#1064,.T.);
#1062 = VERTEX_POINT('',#1063);
#1063 = CARTESIAN_POINT('',(6.868629932404,60.868598937988,3.));
#1064 = LINE('',#1065,#1066);
#1065 = CARTESIAN_POINT('',(7.387710094452,60.521800994873,3.));
#1066 = VECTOR('',#1067,1.);
#1067 = DIRECTION('',(-0.831499455883,0.555525566348,0.));
#1068 = ORIENTED_EDGE('',*,*,#1069,.T.);
#1069 = EDGE_CURVE('',#1062,#1070,#1072,.T.);
#1070 = VERTEX_POINT('',#1071);
#1071 = CARTESIAN_POINT('',(6.521790027618,61.387699127197,3.));
#1072 = LINE('',#1073,#1074);
#1073 = CARTESIAN_POINT('',(6.868629932404,60.868598937988,3.));
#1074 = VECTOR('',#1075,1.);
#1075 = DIRECTION('',(-0.5555572185,0.831478308179,0.));
#1076 = ORIENTED_EDGE('',*,*,#1077,.T.);
#1077 = EDGE_CURVE('',#1070,#1078,#1080,.T.);
#1078 = VERTEX_POINT('',#1079);
#1079 = CARTESIAN_POINT('',(6.400000095367,62.,3.));
#1080 = LINE('',#1081,#1082);
#1081 = CARTESIAN_POINT('',(6.521790027618,61.387699127197,3.));
#1082 = VECTOR('',#1083,1.);
#1083 = DIRECTION('',(-0.195083721197,0.980786593365,0.));
#1084 = ORIENTED_EDGE('',*,*,#1085,.T.);
#1085 = EDGE_CURVE('',#1078,#1086,#1088,.T.);
#1086 = VERTEX_POINT('',#1087);
#1087 = CARTESIAN_POINT('',(6.521790027618,62.612300872803,3.));
#1088 = LINE('',#1089,#1090);
#1089 = CARTESIAN_POINT('',(6.400000095367,62.,3.));
#1090 = VECTOR('',#1091,1.);
#1091 = DIRECTION('',(0.195083721197,0.980786593365,0.));
#1092 = ORIENTED_EDGE('',*,*,#1093,.T.);
#1093 = EDGE_CURVE('',#1086,#1094,#1096,.T.);
#1094 = VERTEX_POINT('',#1095);
#1095 = CARTESIAN_POINT('',(6.868629932404,63.131401062012,3.));
#1096 = LINE('',#1097,#1098);
#1097 = CARTESIAN_POINT('',(6.521790027618,62.612300872803,3.));
#1098 = VECTOR('',#1099,1.);
#1099 = DIRECTION('',(0.5555572185,0.831478308179,0.));
#1100 = ORIENTED_EDGE('',*,*,#1101,.T.);
#1101 = EDGE_CURVE('',#1094,#1102,#1104,.T.);
#1102 = VERTEX_POINT('',#1103);
#1103 = CARTESIAN_POINT('',(7.387710094452,63.478199005127,3.));
#1104 = LINE('',#1105,#1106);
#1105 = CARTESIAN_POINT('',(6.868629932404,63.131401062012,3.));
#1106 = VECTOR('',#1107,1.);
#1107 = DIRECTION('',(0.831499455883,0.555525566348,0.));
#1108 = ORIENTED_EDGE('',*,*,#1109,.T.);
#1109 = EDGE_CURVE('',#1102,#988,#1110,.T.);
#1110 = LINE('',#1111,#1112);
#1111 = CARTESIAN_POINT('',(7.387710094452,63.478199005127,3.));
#1112 = VECTOR('',#1113,1.);
#1113 = DIRECTION('',(0.980783001731,0.195101777323,0.));
#1114 = FACE_BOUND('',#1115,.T.);
#1115 = EDGE_LOOP('',(#1116,#1126,#1134,#1142,#1150,#1158,#1166,#1174,
    #1182,#1190,#1198,#1206,#1214,#1222,#1230,#1238));
#1116 = ORIENTED_EDGE('',*,*,#1117,.T.);
#1117 = EDGE_CURVE('',#1118,#1120,#1122,.T.);
#1118 = VERTEX_POINT('',#1119);
#1119 = CARTESIAN_POINT('',(70.612297058105,6.521790027618,3.));
#1120 = VERTEX_POINT('',#1121);
#1121 = CARTESIAN_POINT('',(70.,6.400000095367,3.));
#1122 = LINE('',#1123,#1124);
#1123 = CARTESIAN_POINT('',(70.612297058105,6.521790027618,3.));
#1124 = VECTOR('',#1125,1.);
#1125 = DIRECTION('',(-0.980786360815,-0.195084890341,0.));
#1126 = ORIENTED_EDGE('',*,*,#1127,.T.);
#1127 = EDGE_CURVE('',#1120,#1128,#1130,.T.);
#1128 = VERTEX_POINT('',#1129);
#1129 = CARTESIAN_POINT('',(69.387702941895,6.521790027618,3.));
#1130 = LINE('',#1131,#1132);
#1131 = CARTESIAN_POINT('',(70.,6.400000095367,3.));
#1132 = VECTOR('',#1133,1.);
#1133 = DIRECTION('',(-0.980786360815,0.195084890341,0.));
#1134 = ORIENTED_EDGE('',*,*,#1135,.T.);
#1135 = EDGE_CURVE('',#1128,#1136,#1138,.T.);
#1136 = VERTEX_POINT('',#1137);
#1137 = CARTESIAN_POINT('',(68.868598937988,6.868629932404,3.));
#1138 = LINE('',#1139,#1140);
#1139 = CARTESIAN_POINT('',(69.387702941895,6.521790027618,3.));
#1140 = VECTOR('',#1141,1.);
#1141 = DIRECTION('',(-0.831480194059,0.555554395975,0.));
#1142 = ORIENTED_EDGE('',*,*,#1143,.T.);
#1143 = EDGE_CURVE('',#1136,#1144,#1146,.T.);
#1144 = VERTEX_POINT('',#1145);
#1145 = CARTESIAN_POINT('',(68.521797180176,7.387710094452,3.));
#1146 = LINE('',#1147,#1148);
#1147 = CARTESIAN_POINT('',(68.868598937988,6.868629932404,3.));
#1148 = VECTOR('',#1149,1.);
#1149 = DIRECTION('',(-0.555529791179,0.831496633254,0.));
#1150 = ORIENTED_EDGE('',*,*,#1151,.T.);
#1151 = EDGE_CURVE('',#1144,#1152,#1154,.T.);
#1152 = VERTEX_POINT('',#1153);
#1153 = CARTESIAN_POINT('',(68.400001525879,8.,3.));
#1154 = LINE('',#1155,#1156);
#1155 = CARTESIAN_POINT('',(68.521797180176,7.387710094452,3.));
#1156 = VECTOR('',#1157,1.);
#1157 = DIRECTION('',(-0.195095899418,0.980784170972,0.));
#1158 = ORIENTED_EDGE('',*,*,#1159,.T.);
#1159 = EDGE_CURVE('',#1152,#1160,#1162,.T.);
#1160 = VERTEX_POINT('',#1161);
#1161 = CARTESIAN_POINT('',(68.521797180176,8.612290382385,3.));
#1162 = LINE('',#1163,#1164);
#1163 = CARTESIAN_POINT('',(68.400001525879,8.,3.));
#1164 = VECTOR('',#1165,1.);
#1165 = DIRECTION('',(0.195095753265,0.980784200045,0.));
#1166 = ORIENTED_EDGE('',*,*,#1167,.T.);
#1167 = EDGE_CURVE('',#1160,#1168,#1170,.T.);
#1168 = VERTEX_POINT('',#1169);
#1169 = CARTESIAN_POINT('',(68.868598937988,9.131369590759,3.));
#1170 = LINE('',#1171,#1172);
#1171 = CARTESIAN_POINT('',(68.521797180176,8.612290382385,3.));
#1172 = VECTOR('',#1173,1.);
#1173 = DIRECTION('',(0.555530496837,0.831496161798,0.));
#1174 = ORIENTED_EDGE('',*,*,#1175,.T.);
#1175 = EDGE_CURVE('',#1168,#1176,#1178,.T.);
#1176 = VERTEX_POINT('',#1177);
#1177 = CARTESIAN_POINT('',(69.387702941895,9.478210449219,3.));
#1178 = LINE('',#1179,#1180);
#1179 = CARTESIAN_POINT('',(68.868598937988,9.131369590759,3.));
#1180 = VECTOR('',#1181,1.);
#1181 = DIRECTION('',(0.831479488431,0.555555452065,0.));
#1182 = ORIENTED_EDGE('',*,*,#1183,.T.);
#1183 = EDGE_CURVE('',#1176,#1184,#1186,.T.);
#1184 = VERTEX_POINT('',#1185);
#1185 = CARTESIAN_POINT('',(70.,9.60000038147,3.));
#1186 = LINE('',#1187,#1188);
#1187 = CARTESIAN_POINT('',(69.387702941895,9.478210449219,3.));
#1188 = VECTOR('',#1189,1.);
#1189 = DIRECTION('',(0.980786360815,0.195084890341,0.));
#1190 = ORIENTED_EDGE('',*,*,#1191,.T.);
#1191 = EDGE_CURVE('',#1184,#1192,#1194,.T.);
#1192 = VERTEX_POINT('',#1193);
#1193 = CARTESIAN_POINT('',(70.612297058105,9.478210449219,3.));
#1194 = LINE('',#1195,#1196);
#1195 = CARTESIAN_POINT('',(70.,9.60000038147,3.));
#1196 = VECTOR('',#1197,1.);
#1197 = DIRECTION('',(0.980786360815,-0.195084890341,0.));
#1198 = ORIENTED_EDGE('',*,*,#1199,.T.);
#1199 = EDGE_CURVE('',#1192,#1200,#1202,.T.);
#1200 = VERTEX_POINT('',#1201);
#1201 = CARTESIAN_POINT('',(71.131401062012,9.131369590759,3.));
#1202 = LINE('',#1203,#1204);
#1203 = CARTESIAN_POINT('',(70.612297058105,9.478210449219,3.));
#1204 = VECTOR('',#1205,1.);
#1205 = DIRECTION('',(0.831479488431,-0.555555452065,0.));
#1206 = ORIENTED_EDGE('',*,*,#1207,.T.);
#1207 = EDGE_CURVE('',#1200,#1208,#1210,.T.);
#1208 = VERTEX_POINT('',#1209);
#1209 = CARTESIAN_POINT('',(71.478202819824,8.612290382385,3.));
#1210 = LINE('',#1211,#1212);
#1211 = CARTESIAN_POINT('',(71.131401062012,9.131369590759,3.));
#1212 = VECTOR('',#1213,1.);
#1213 = DIRECTION('',(0.555530496837,-0.831496161798,0.));
#1214 = ORIENTED_EDGE('',*,*,#1215,.T.);
#1215 = EDGE_CURVE('',#1208,#1216,#1218,.T.);
#1216 = VERTEX_POINT('',#1217);
#1217 = CARTESIAN_POINT('',(71.599998474121,8.,3.));
#1218 = LINE('',#1219,#1220);
#1219 = CARTESIAN_POINT('',(71.478202819824,8.612290382385,3.));
#1220 = VECTOR('',#1221,1.);
#1221 = DIRECTION('',(0.195095753265,-0.980784200045,0.));
#1222 = ORIENTED_EDGE('',*,*,#1223,.T.);
#1223 = EDGE_CURVE('',#1216,#1224,#1226,.T.);
#1224 = VERTEX_POINT('',#1225);
#1225 = CARTESIAN_POINT('',(71.478202819824,7.387710094452,3.));
#1226 = LINE('',#1227,#1228);
#1227 = CARTESIAN_POINT('',(71.599998474121,8.,3.));
#1228 = VECTOR('',#1229,1.);
#1229 = DIRECTION('',(-0.195095899418,-0.980784170972,0.));
#1230 = ORIENTED_EDGE('',*,*,#1231,.T.);
#1231 = EDGE_CURVE('',#1224,#1232,#1234,.T.);
#1232 = VERTEX_POINT('',#1233);
#1233 = CARTESIAN_POINT('',(71.131401062012,6.868629932404,3.));
#1234 = LINE('',#1235,#1236);
#1235 = CARTESIAN_POINT('',(71.478202819824,7.387710094452,3.));
#1236 = VECTOR('',#1237,1.);
#1237 = DIRECTION('',(-0.555529791179,-0.831496633254,0.));
#1238 = ORIENTED_EDGE('',*,*,#1239,.T.);
#1239 = EDGE_CURVE('',#1232,#1118,#1240,.T.);
#1240 = LINE('',#1241,#1242);
#1241 = CARTESIAN_POINT('',(71.131401062012,6.868629932404,3.));
#1242 = VECTOR('',#1243,1.);
#1243 = DIRECTION('',(-0.831480194059,-0.555554395975,0.));
#1244 = FACE_BOUND('',#1245,.T.);
#1245 = EDGE_LOOP('',(#1246,#1256,#1264,#1272,#1280,#1288,#1296,#1304,
    #1312,#1320,#1328,#1336,#1344,#1352,#1360,#1368));
#1246 = ORIENTED_EDGE('',*,*,#1247,.T.);
#1247 = EDGE_CURVE('',#1248,#1250,#1252,.T.);
#1248 = VERTEX_POINT('',#1249);
#1249 = CARTESIAN_POINT('',(82.,42.900001525879,3.));
#1250 = VERTEX_POINT('',#1251);
#1251 = CARTESIAN_POINT('',(81.387702941895,43.021800994873,3.));
#1252 = LINE('',#1253,#1254);
#1253 = CARTESIAN_POINT('',(82.,42.900001525879,3.));
#1254 = VECTOR('',#1255,1.);
#1255 = DIRECTION('',(-0.980783437838,0.19509958499,0.));
#1256 = ORIENTED_EDGE('',*,*,#1257,.T.);
#1257 = EDGE_CURVE('',#1250,#1258,#1260,.T.);
#1258 = VERTEX_POINT('',#1259);
#1259 = CARTESIAN_POINT('',(80.868598937988,43.368598937988,3.));
#1260 = LINE('',#1261,#1262);
#1261 = CARTESIAN_POINT('',(81.387702941895,43.021800994873,3.));
#1262 = VECTOR('',#1263,1.);
#1263 = DIRECTION('',(-0.831511241574,0.555507925358,0.));
#1264 = ORIENTED_EDGE('',*,*,#1265,.T.);
#1265 = EDGE_CURVE('',#1258,#1266,#1268,.T.);
#1266 = VERTEX_POINT('',#1267);
#1267 = CARTESIAN_POINT('',(80.521797180176,43.887699127197,3.));
#1268 = LINE('',#1269,#1270);
#1269 = CARTESIAN_POINT('',(80.868598937988,43.368598937988,3.));
#1270 = VECTOR('',#1271,1.);
#1271 = DIRECTION('',(-0.555514972677,0.831506533427,0.));
#1272 = ORIENTED_EDGE('',*,*,#1273,.T.);
#1273 = EDGE_CURVE('',#1266,#1274,#1276,.T.);
#1274 = VERTEX_POINT('',#1275);
#1275 = CARTESIAN_POINT('',(80.400001525879,44.5,3.));
#1276 = LINE('',#1277,#1278);
#1277 = CARTESIAN_POINT('',(80.521797180176,43.887699127197,3.));
#1278 = VECTOR('',#1279,1.);
#1279 = DIRECTION('',(-0.195092537954,0.980784839623,0.));
#1280 = ORIENTED_EDGE('',*,*,#1281,.T.);
#1281 = EDGE_CURVE('',#1274,#1282,#1284,.T.);
#1282 = VERTEX_POINT('',#1283);
#1283 = CARTESIAN_POINT('',(80.521797180176,45.112300872803,3.));
#1284 = LINE('',#1285,#1286);
#1285 = CARTESIAN_POINT('',(80.400001525879,44.5,3.));
#1286 = VECTOR('',#1287,1.);
#1287 = DIRECTION('',(0.195092537954,0.980784839623,0.));
#1288 = ORIENTED_EDGE('',*,*,#1289,.T.);
#1289 = EDGE_CURVE('',#1282,#1290,#1292,.T.);
#1290 = VERTEX_POINT('',#1291);
#1291 = CARTESIAN_POINT('',(80.868598937988,45.631401062012,3.));
#1292 = LINE('',#1293,#1294);
#1293 = CARTESIAN_POINT('',(80.521797180176,45.112300872803,3.));
#1294 = VECTOR('',#1295,1.);
#1295 = DIRECTION('',(0.555514972677,0.831506533427,0.));
#1296 = ORIENTED_EDGE('',*,*,#1297,.T.);
#1297 = EDGE_CURVE('',#1290,#1298,#1300,.T.);
#1298 = VERTEX_POINT('',#1299);
#1299 = CARTESIAN_POINT('',(81.387702941895,45.978199005127,3.));
#1300 = LINE('',#1301,#1302);
#1301 = CARTESIAN_POINT('',(80.868598937988,45.631401062012,3.));
#1302 = VECTOR('',#1303,1.);
#1303 = DIRECTION('',(0.831511241574,0.555507925358,0.));
#1304 = ORIENTED_EDGE('',*,*,#1305,.T.);
#1305 = EDGE_CURVE('',#1298,#1306,#1308,.T.);
#1306 = VERTEX_POINT('',#1307);
#1307 = CARTESIAN_POINT('',(82.,46.099998474121,3.));
#1308 = LINE('',#1309,#1310);
#1309 = CARTESIAN_POINT('',(81.387702941895,45.978199005127,3.));
#1310 = VECTOR('',#1311,1.);
#1311 = DIRECTION('',(0.980783437838,0.19509958499,0.));
#1312 = ORIENTED_EDGE('',*,*,#1313,.T.);
#1313 = EDGE_CURVE('',#1306,#1314,#1316,.T.);
#1314 = VERTEX_POINT('',#1315);
#1315 = CARTESIAN_POINT('',(82.612297058105,45.978199005127,3.));
#1316 = LINE('',#1317,#1318);
#1317 = CARTESIAN_POINT('',(82.,46.099998474121,3.));
#1318 = VECTOR('',#1319,1.);
#1319 = DIRECTION('',(0.980783437838,-0.19509958499,0.));
#1320 = ORIENTED_EDGE('',*,*,#1321,.T.);
#1321 = EDGE_CURVE('',#1314,#1322,#1324,.T.);
#1322 = VERTEX_POINT('',#1323);
#1323 = CARTESIAN_POINT('',(83.131401062012,45.631401062012,3.));
#1324 = LINE('',#1325,#1326);
#1325 = CARTESIAN_POINT('',(82.612297058105,45.978199005127,3.));
#1326 = VECTOR('',#1327,1.);
#1327 = DIRECTION('',(0.831511241574,-0.555507925358,0.));
#1328 = ORIENTED_EDGE('',*,*,#1329,.T.);
#1329 = EDGE_CURVE('',#1322,#1330,#1332,.T.);
#1330 = VERTEX_POINT('',#1331);
#1331 = CARTESIAN_POINT('',(83.478202819824,45.112300872803,3.));
#1332 = LINE('',#1333,#1334);
#1333 = CARTESIAN_POINT('',(83.131401062012,45.631401062012,3.));
#1334 = VECTOR('',#1335,1.);
#1335 = DIRECTION('',(0.555514972677,-0.831506533427,0.));
#1336 = ORIENTED_EDGE('',*,*,#1337,.T.);
#1337 = EDGE_CURVE('',#1330,#1338,#1340,.T.);
#1338 = VERTEX_POINT('',#1339);
#1339 = CARTESIAN_POINT('',(83.599998474121,44.5,3.));
#1340 = LINE('',#1341,#1342);
#1341 = CARTESIAN_POINT('',(83.478202819824,45.112300872803,3.));
#1342 = VECTOR('',#1343,1.);
#1343 = DIRECTION('',(0.195092537954,-0.980784839623,0.));
#1344 = ORIENTED_EDGE('',*,*,#1345,.T.);
#1345 = EDGE_CURVE('',#1338,#1346,#1348,.T.);
#1346 = VERTEX_POINT('',#1347);
#1347 = CARTESIAN_POINT('',(83.478202819824,43.887699127197,3.));
#1348 = LINE('',#1349,#1350);
#1349 = CARTESIAN_POINT('',(83.599998474121,44.5,3.));
#1350 = VECTOR('',#1351,1.);
#1351 = DIRECTION('',(-0.195092537954,-0.980784839623,0.));
#1352 = ORIENTED_EDGE('',*,*,#1353,.T.);
#1353 = EDGE_CURVE('',#1346,#1354,#1356,.T.);
#1354 = VERTEX_POINT('',#1355);
#1355 = CARTESIAN_POINT('',(83.131401062012,43.368598937988,3.));
#1356 = LINE('',#1357,#1358);
#1357 = CARTESIAN_POINT('',(83.478202819824,43.887699127197,3.));
#1358 = VECTOR('',#1359,1.);
#1359 = DIRECTION('',(-0.555514972677,-0.831506533427,0.));
#1360 = ORIENTED_EDGE('',*,*,#1361,.T.);
#1361 = EDGE_CURVE('',#1354,#1362,#1364,.T.);
#1362 = VERTEX_POINT('',#1363);
#1363 = CARTESIAN_POINT('',(82.612297058105,43.021800994873,3.));
#1364 = LINE('',#1365,#1366);
#1365 = CARTESIAN_POINT('',(83.131401062012,43.368598937988,3.));
#1366 = VECTOR('',#1367,1.);
#1367 = DIRECTION('',(-0.831511241574,-0.555507925358,0.));
#1368 = ORIENTED_EDGE('',*,*,#1369,.T.);
#1369 = EDGE_CURVE('',#1362,#1248,#1370,.T.);
#1370 = LINE('',#1371,#1372);
#1371 = CARTESIAN_POINT('',(82.612297058105,43.021800994873,3.));
#1372 = VECTOR('',#1373,1.);
#1373 = DIRECTION('',(-0.980783437838,-0.19509958499,0.));
#1374 = FACE_BOUND('',#1375,.T.);
#1375 = EDGE_LOOP('',(#1376,#1386,#1394,#1402,#1410,#1418,#1426,#1434,
    #1442,#1450,#1458,#1466,#1474,#1482,#1490,#1498));
#1376 = ORIENTED_EDGE('',*,*,#1377,.T.);
#1377 = EDGE_CURVE('',#1378,#1380,#1382,.T.);
#1378 = VERTEX_POINT('',#1379);
#1379 = CARTESIAN_POINT('',(71.131401062012,60.868598937988,3.));
#1380 = VERTEX_POINT('',#1381);
#1381 = CARTESIAN_POINT('',(70.612297058105,60.521800994873,3.));
#1382 = LINE('',#1383,#1384);
#1383 = CARTESIAN_POINT('',(71.131401062012,60.868598937988,3.));
#1384 = VECTOR('',#1385,1.);
#1385 = DIRECTION('',(-0.831511241574,-0.555507925358,0.));
#1386 = ORIENTED_EDGE('',*,*,#1387,.T.);
#1387 = EDGE_CURVE('',#1380,#1388,#1390,.T.);
#1388 = VERTEX_POINT('',#1389);
#1389 = CARTESIAN_POINT('',(70.,60.400001525879,3.));
#1390 = LINE('',#1391,#1392);
#1391 = CARTESIAN_POINT('',(70.612297058105,60.521800994873,3.));
#1392 = VECTOR('',#1393,1.);
#1393 = DIRECTION('',(-0.980783437838,-0.19509958499,0.));
#1394 = ORIENTED_EDGE('',*,*,#1395,.T.);
#1395 = EDGE_CURVE('',#1388,#1396,#1398,.T.);
#1396 = VERTEX_POINT('',#1397);
#1397 = CARTESIAN_POINT('',(69.387702941895,60.521800994873,3.));
#1398 = LINE('',#1399,#1400);
#1399 = CARTESIAN_POINT('',(70.,60.400001525879,3.));
#1400 = VECTOR('',#1401,1.);
#1401 = DIRECTION('',(-0.980783437838,0.19509958499,0.));
#1402 = ORIENTED_EDGE('',*,*,#1403,.T.);
#1403 = EDGE_CURVE('',#1396,#1404,#1406,.T.);
#1404 = VERTEX_POINT('',#1405);
#1405 = CARTESIAN_POINT('',(68.868598937988,60.868598937988,3.));
#1406 = LINE('',#1407,#1408);
#1407 = CARTESIAN_POINT('',(69.387702941895,60.521800994873,3.));
#1408 = VECTOR('',#1409,1.);
#1409 = DIRECTION('',(-0.831511241574,0.555507925358,0.));
#1410 = ORIENTED_EDGE('',*,*,#1411,.T.);
#1411 = EDGE_CURVE('',#1404,#1412,#1414,.T.);
#1412 = VERTEX_POINT('',#1413);
#1413 = CARTESIAN_POINT('',(68.521797180176,61.387699127197,3.));
#1414 = LINE('',#1415,#1416);
#1415 = CARTESIAN_POINT('',(68.868598937988,60.868598937988,3.));
#1416 = VECTOR('',#1417,1.);
#1417 = DIRECTION('',(-0.555514972677,0.831506533427,0.));
#1418 = ORIENTED_EDGE('',*,*,#1419,.T.);
#1419 = EDGE_CURVE('',#1412,#1420,#1422,.T.);
#1420 = VERTEX_POINT('',#1421);
#1421 = CARTESIAN_POINT('',(68.400001525879,62.,3.));
#1422 = LINE('',#1423,#1424);
#1423 = CARTESIAN_POINT('',(68.521797180176,61.387699127197,3.));
#1424 = VECTOR('',#1425,1.);
#1425 = DIRECTION('',(-0.195092537954,0.980784839623,0.));
#1426 = ORIENTED_EDGE('',*,*,#1427,.T.);
#1427 = EDGE_CURVE('',#1420,#1428,#1430,.T.);
#1428 = VERTEX_POINT('',#1429);
#1429 = CARTESIAN_POINT('',(68.521797180176,62.612300872803,3.));
#1430 = LINE('',#1431,#1432);
#1431 = CARTESIAN_POINT('',(68.400001525879,62.,3.));
#1432 = VECTOR('',#1433,1.);
#1433 = DIRECTION('',(0.195092537954,0.980784839623,0.));
#1434 = ORIENTED_EDGE('',*,*,#1435,.T.);
#1435 = EDGE_CURVE('',#1428,#1436,#1438,.T.);
#1436 = VERTEX_POINT('',#1437);
#1437 = CARTESIAN_POINT('',(68.868598937988,63.131401062012,3.));
#1438 = LINE('',#1439,#1440);
#1439 = CARTESIAN_POINT('',(68.521797180176,62.612300872803,3.));
#1440 = VECTOR('',#1441,1.);
#1441 = DIRECTION('',(0.555514972677,0.831506533427,0.));
#1442 = ORIENTED_EDGE('',*,*,#1443,.T.);
#1443 = EDGE_CURVE('',#1436,#1444,#1446,.T.);
#1444 = VERTEX_POINT('',#1445);
#1445 = CARTESIAN_POINT('',(69.387702941895,63.478199005127,3.));
#1446 = LINE('',#1447,#1448);
#1447 = CARTESIAN_POINT('',(68.868598937988,63.131401062012,3.));
#1448 = VECTOR('',#1449,1.);
#1449 = DIRECTION('',(0.831511241574,0.555507925358,0.));
#1450 = ORIENTED_EDGE('',*,*,#1451,.T.);
#1451 = EDGE_CURVE('',#1444,#1452,#1454,.T.);
#1452 = VERTEX_POINT('',#1453);
#1453 = CARTESIAN_POINT('',(70.,63.599998474121,3.));
#1454 = LINE('',#1455,#1456);
#1455 = CARTESIAN_POINT('',(69.387702941895,63.478199005127,3.));
#1456 = VECTOR('',#1457,1.);
#1457 = DIRECTION('',(0.980783437838,0.19509958499,0.));
#1458 = ORIENTED_EDGE('',*,*,#1459,.T.);
#1459 = EDGE_CURVE('',#1452,#1460,#1462,.T.);
#1460 = VERTEX_POINT('',#1461);
#1461 = CARTESIAN_POINT('',(70.612297058105,63.478199005127,3.));
#1462 = LINE('',#1463,#1464);
#1463 = CARTESIAN_POINT('',(70.,63.599998474121,3.));
#1464 = VECTOR('',#1465,1.);
#1465 = DIRECTION('',(0.980783437838,-0.19509958499,0.));
#1466 = ORIENTED_EDGE('',*,*,#1467,.T.);
#1467 = EDGE_CURVE('',#1460,#1468,#1470,.T.);
#1468 = VERTEX_POINT('',#1469);
#1469 = CARTESIAN_POINT('',(71.131401062012,63.131401062012,3.));
#1470 = LINE('',#1471,#1472);
#1471 = CARTESIAN_POINT('',(70.612297058105,63.478199005127,3.));
#1472 = VECTOR('',#1473,1.);
#1473 = DIRECTION('',(0.831511241574,-0.555507925358,0.));
#1474 = ORIENTED_EDGE('',*,*,#1475,.T.);
#1475 = EDGE_CURVE('',#1468,#1476,#1478,.T.);
#1476 = VERTEX_POINT('',#1477);
#1477 = CARTESIAN_POINT('',(71.478202819824,62.612300872803,3.));
#1478 = LINE('',#1479,#1480);
#1479 = CARTESIAN_POINT('',(71.131401062012,63.131401062012,3.));
#1480 = VECTOR('',#1481,1.);
#1481 = DIRECTION('',(0.555514972677,-0.831506533427,0.));
#1482 = ORIENTED_EDGE('',*,*,#1483,.T.);
#1483 = EDGE_CURVE('',#1476,#1484,#1486,.T.);
#1484 = VERTEX_POINT('',#1485);
#1485 = CARTESIAN_POINT('',(71.599998474121,62.,3.));
#1486 = LINE('',#1487,#1488);
#1487 = CARTESIAN_POINT('',(71.478202819824,62.612300872803,3.));
#1488 = VECTOR('',#1489,1.);
#1489 = DIRECTION('',(0.195092537954,-0.980784839623,0.));
#1490 = ORIENTED_EDGE('',*,*,#1491,.T.);
#1491 = EDGE_CURVE('',#1484,#1492,#1494,.T.);
#1492 = VERTEX_POINT('',#1493);
#1493 = CARTESIAN_POINT('',(71.478202819824,61.387699127197,3.));
#1494 = LINE('',#1495,#1496);
#1495 = CARTESIAN_POINT('',(71.599998474121,62.,3.));
#1496 = VECTOR('',#1497,1.);
#1497 = DIRECTION('',(-0.195092537954,-0.980784839623,0.));
#1498 = ORIENTED_EDGE('',*,*,#1499,.T.);
#1499 = EDGE_CURVE('',#1492,#1378,#1500,.T.);
#1500 = LINE('',#1501,#1502);
#1501 = CARTESIAN_POINT('',(71.478202819824,61.387699127197,3.));
#1502 = VECTOR('',#1503,1.);
#1503 = DIRECTION('',(-0.555514972677,-0.831506533427,0.));
#1504 = FACE_BOUND('',#1505,.T.);
#1505 = EDGE_LOOP('',(#1506,#1516,#1524,#1532,#1540,#1548,#1556,#1564,
    #1572,#1580,#1588,#1596,#1604,#1612,#1620,#1628));
#1506 = ORIENTED_EDGE('',*,*,#1507,.T.);
#1507 = EDGE_CURVE('',#1508,#1510,#1512,.T.);
#1508 = VERTEX_POINT('',#1509);
#1509 = CARTESIAN_POINT('',(61.868598937988,45.631401062012,3.));
#1510 = VERTEX_POINT('',#1511);
#1511 = CARTESIAN_POINT('',(62.387699127197,45.978199005127,3.));
#1512 = LINE('',#1513,#1514);
#1513 = CARTESIAN_POINT('',(61.868598937988,45.631401062012,3.));
#1514 = VECTOR('',#1515,1.);
#1515 = DIRECTION('',(0.831509355939,0.555510747858,0.));
#1516 = ORIENTED_EDGE('',*,*,#1517,.T.);
#1517 = EDGE_CURVE('',#1510,#1518,#1520,.T.);
#1518 = VERTEX_POINT('',#1519);
#1519 = CARTESIAN_POINT('',(63.,46.099998474121,3.));
#1520 = LINE('',#1521,#1522);
#1521 = CARTESIAN_POINT('',(62.387699127197,45.978199005127,3.));
#1522 = VECTOR('',#1523,1.);
#1523 = DIRECTION('',(0.980783670422,0.195098415765,0.));
#1524 = ORIENTED_EDGE('',*,*,#1525,.T.);
#1525 = EDGE_CURVE('',#1518,#1526,#1528,.T.);
#1526 = VERTEX_POINT('',#1527);
#1527 = CARTESIAN_POINT('',(63.612300872803,45.978199005127,3.));
#1528 = LINE('',#1529,#1530);
#1529 = CARTESIAN_POINT('',(63.,46.099998474121,3.));
#1530 = VECTOR('',#1531,1.);
#1531 = DIRECTION('',(0.980783670422,-0.195098415765,0.));
#1532 = ORIENTED_EDGE('',*,*,#1533,.T.);
#1533 = EDGE_CURVE('',#1526,#1534,#1536,.T.);
#1534 = VERTEX_POINT('',#1535);
#1535 = CARTESIAN_POINT('',(64.131401062012,45.631401062012,3.));
#1536 = LINE('',#1537,#1538);
#1537 = CARTESIAN_POINT('',(63.612300872803,45.978199005127,3.));
#1538 = VECTOR('',#1539,1.);
#1539 = DIRECTION('',(0.831509355939,-0.555510747858,0.));
#1540 = ORIENTED_EDGE('',*,*,#1541,.T.);
#1541 = EDGE_CURVE('',#1534,#1542,#1544,.T.);
#1542 = VERTEX_POINT('',#1543);
#1543 = CARTESIAN_POINT('',(64.478202819824,45.112300872803,3.));
#1544 = LINE('',#1545,#1546);
#1545 = CARTESIAN_POINT('',(64.131401062012,45.631401062012,3.));
#1546 = VECTOR('',#1547,1.);
#1547 = DIRECTION('',(0.555514972677,-0.831506533427,0.));
#1548 = ORIENTED_EDGE('',*,*,#1549,.T.);
#1549 = EDGE_CURVE('',#1542,#1550,#1552,.T.);
#1550 = VERTEX_POINT('',#1551);
#1551 = CARTESIAN_POINT('',(64.599998474121,44.5,3.));
#1552 = LINE('',#1553,#1554);
#1553 = CARTESIAN_POINT('',(64.478202819824,45.112300872803,3.));
#1554 = VECTOR('',#1555,1.);
#1555 = DIRECTION('',(0.195092537954,-0.980784839623,0.));
#1556 = ORIENTED_EDGE('',*,*,#1557,.T.);
#1557 = EDGE_CURVE('',#1550,#1558,#1560,.T.);
#1558 = VERTEX_POINT('',#1559);
#1559 = CARTESIAN_POINT('',(64.478202819824,43.887699127197,3.));
#1560 = LINE('',#1561,#1562);
#1561 = CARTESIAN_POINT('',(64.599998474121,44.5,3.));
#1562 = VECTOR('',#1563,1.);
#1563 = DIRECTION('',(-0.195092537954,-0.980784839623,0.));
#1564 = ORIENTED_EDGE('',*,*,#1565,.T.);
#1565 = EDGE_CURVE('',#1558,#1566,#1568,.T.);
#1566 = VERTEX_POINT('',#1567);
#1567 = CARTESIAN_POINT('',(64.131401062012,43.368598937988,3.));
#1568 = LINE('',#1569,#1570);
#1569 = CARTESIAN_POINT('',(64.478202819824,43.887699127197,3.));
#1570 = VECTOR('',#1571,1.);
#1571 = DIRECTION('',(-0.555514972677,-0.831506533427,0.));
#1572 = ORIENTED_EDGE('',*,*,#1573,.T.);
#1573 = EDGE_CURVE('',#1566,#1574,#1576,.T.);
#1574 = VERTEX_POINT('',#1575);
#1575 = CARTESIAN_POINT('',(63.612300872803,43.021800994873,3.));
#1576 = LINE('',#1577,#1578);
#1577 = CARTESIAN_POINT('',(64.131401062012,43.368598937988,3.));
#1578 = VECTOR('',#1579,1.);
#1579 = DIRECTION('',(-0.831509355939,-0.555510747858,0.));
#1580 = ORIENTED_EDGE('',*,*,#1581,.T.);
#1581 = EDGE_CURVE('',#1574,#1582,#1584,.T.);
#1582 = VERTEX_POINT('',#1583);
#1583 = CARTESIAN_POINT('',(63.,42.900001525879,3.));
#1584 = LINE('',#1585,#1586);
#1585 = CARTESIAN_POINT('',(63.612300872803,43.021800994873,3.));
#1586 = VECTOR('',#1587,1.);
#1587 = DIRECTION('',(-0.980783670422,-0.195098415765,0.));
#1588 = ORIENTED_EDGE('',*,*,#1589,.T.);
#1589 = EDGE_CURVE('',#1582,#1590,#1592,.T.);
#1590 = VERTEX_POINT('',#1591);
#1591 = CARTESIAN_POINT('',(62.387699127197,43.021800994873,3.));
#1592 = LINE('',#1593,#1594);
#1593 = CARTESIAN_POINT('',(63.,42.900001525879,3.));
#1594 = VECTOR('',#1595,1.);
#1595 = DIRECTION('',(-0.980783670422,0.195098415765,0.));
#1596 = ORIENTED_EDGE('',*,*,#1597,.T.);
#1597 = EDGE_CURVE('',#1590,#1598,#1600,.T.);
#1598 = VERTEX_POINT('',#1599);
#1599 = CARTESIAN_POINT('',(61.868598937988,43.368598937988,3.));
#1600 = LINE('',#1601,#1602);
#1601 = CARTESIAN_POINT('',(62.387699127197,43.021800994873,3.));
#1602 = VECTOR('',#1603,1.);
#1603 = DIRECTION('',(-0.831509355939,0.555510747858,0.));
#1604 = ORIENTED_EDGE('',*,*,#1605,.T.);
#1605 = EDGE_CURVE('',#1598,#1606,#1608,.T.);
#1606 = VERTEX_POINT('',#1607);
#1607 = CARTESIAN_POINT('',(61.521800994873,43.887699127197,3.));
#1608 = LINE('',#1609,#1610);
#1609 = CARTESIAN_POINT('',(61.868598937988,43.368598937988,3.));
#1610 = VECTOR('',#1611,1.);
#1611 = DIRECTION('',(-0.555510747858,0.831509355939,0.));
#1612 = ORIENTED_EDGE('',*,*,#1613,.T.);
#1613 = EDGE_CURVE('',#1606,#1614,#1616,.T.);
#1614 = VERTEX_POINT('',#1615);
#1615 = CARTESIAN_POINT('',(61.400001525879,44.5,3.));
#1616 = LINE('',#1617,#1618);
#1617 = CARTESIAN_POINT('',(61.521800994873,43.887699127197,3.));
#1618 = VECTOR('',#1619,1.);
#1619 = DIRECTION('',(-0.195098415765,0.980783670422,0.));
#1620 = ORIENTED_EDGE('',*,*,#1621,.T.);
#1621 = EDGE_CURVE('',#1614,#1622,#1624,.T.);
#1622 = VERTEX_POINT('',#1623);
#1623 = CARTESIAN_POINT('',(61.521800994873,45.112300872803,3.));
#1624 = LINE('',#1625,#1626);
#1625 = CARTESIAN_POINT('',(61.400001525879,44.5,3.));
#1626 = VECTOR('',#1627,1.);
#1627 = DIRECTION('',(0.195098415765,0.980783670422,0.));
#1628 = ORIENTED_EDGE('',*,*,#1629,.T.);
#1629 = EDGE_CURVE('',#1622,#1508,#1630,.T.);
#1630 = LINE('',#1631,#1632);
#1631 = CARTESIAN_POINT('',(61.521800994873,45.112300872803,3.));
#1632 = VECTOR('',#1633,1.);
#1633 = DIRECTION('',(0.555510747858,0.831509355939,0.));
#1634 = PLANE('',#1635);
#1635 = AXIS2_PLACEMENT_3D('',#1636,#1637,#1638);
#1636 = CARTESIAN_POINT('',(70.,35.,3.));
#1637 = DIRECTION('',(0.,0.,1.));
#1638 = DIRECTION('',(1.,0.,-0.));
#1639 = ADVANCED_FACE('',(#1640),#1665,.T.);
#1640 = FACE_BOUND('',#1641,.T.);
#1641 = EDGE_LOOP('',(#1642,#1650,#1651,#1659));
#1642 = ORIENTED_EDGE('',*,*,#1643,.T.);
#1643 = EDGE_CURVE('',#1644,#32,#1646,.T.);
#1644 = VERTEX_POINT('',#1645);
#1645 = CARTESIAN_POINT('',(140.,70.,0.));
#1646 = LINE('',#1647,#1648);
#1647 = CARTESIAN_POINT('',(140.,70.,0.));
#1648 = VECTOR('',#1649,1.);
#1649 = DIRECTION('',(0.,0.,1.));
#1650 = ORIENTED_EDGE('',*,*,#31,.T.);
#1651 = ORIENTED_EDGE('',*,*,#1652,.T.);
#1652 = EDGE_CURVE('',#24,#1653,#1655,.T.);
#1653 = VERTEX_POINT('',#1654);
#1654 = CARTESIAN_POINT('',(140.,0.,0.));
#1655 = LINE('',#1656,#1657);
#1656 = CARTESIAN_POINT('',(140.,0.,3.));
#1657 = VECTOR('',#1658,1.);
#1658 = DIRECTION('',(0.,0.,-1.));
#1659 = ORIENTED_EDGE('',*,*,#1660,.T.);
#1660 = EDGE_CURVE('',#1653,#1644,#1661,.T.);
#1661 = LINE('',#1662,#1663);
#1662 = CARTESIAN_POINT('',(140.,0.,0.));
#1663 = VECTOR('',#1664,1.);
#1664 = DIRECTION('',(0.,1.,0.));
#1665 = PLANE('',#1666);
#1666 = AXIS2_PLACEMENT_3D('',#1667,#1668,#1669);
#1667 = CARTESIAN_POINT('',(140.,35.,1.5));
#1668 = DIRECTION('',(1.,0.,0.));
#1669 = DIRECTION('',(-0.,0.,1.));
#1670 = ADVANCED_FACE('',(#1671,#1696,#1730,#1876,#1910,#1944,#1978,
    #2108,#2238,#2368,#2498,#2628,#2758,#2888,#3018,#3148),#3278,.T.);
#1671 = FACE_BOUND('',#1672,.T.);
#1672 = EDGE_LOOP('',(#1673,#1681,#1682,#1690));
#1673 = ORIENTED_EDGE('',*,*,#1674,.T.);
#1674 = EDGE_CURVE('',#1675,#1644,#1677,.T.);
#1675 = VERTEX_POINT('',#1676);
#1676 = CARTESIAN_POINT('',(0.,70.,0.));
#1677 = LINE('',#1678,#1679);
#1678 = CARTESIAN_POINT('',(0.,70.,0.));
#1679 = VECTOR('',#1680,1.);
#1680 = DIRECTION('',(1.,0.,0.));
#1681 = ORIENTED_EDGE('',*,*,#1660,.F.);
#1682 = ORIENTED_EDGE('',*,*,#1683,.T.);
#1683 = EDGE_CURVE('',#1653,#1684,#1686,.T.);
#1684 = VERTEX_POINT('',#1685);
#1685 = CARTESIAN_POINT('',(0.,0.,0.));
#1686 = LINE('',#1687,#1688);
#1687 = CARTESIAN_POINT('',(140.,0.,0.));
#1688 = VECTOR('',#1689,1.);
#1689 = DIRECTION('',(-1.,0.,0.));
#1690 = ORIENTED_EDGE('',*,*,#1691,.T.);
#1691 = EDGE_CURVE('',#1684,#1675,#1692,.T.);
#1692 = LINE('',#1693,#1694);
#1693 = CARTESIAN_POINT('',(0.,0.,0.));
#1694 = VECTOR('',#1695,1.);
#1695 = DIRECTION('',(0.,1.,0.));
#1696 = FACE_BOUND('',#1697,.T.);
#1697 = EDGE_LOOP('',(#1698,#1708,#1716,#1724));
#1698 = ORIENTED_EDGE('',*,*,#1699,.T.);
#1699 = EDGE_CURVE('',#1700,#1702,#1704,.T.);
#1700 = VERTEX_POINT('',#1701);
#1701 = CARTESIAN_POINT('',(5.,49.,0.));
#1702 = VERTEX_POINT('',#1703);
#1703 = CARTESIAN_POINT('',(5.,21.,0.));
#1704 = LINE('',#1705,#1706);
#1705 = CARTESIAN_POINT('',(5.,49.,0.));
#1706 = VECTOR('',#1707,1.);
#1707 = DIRECTION('',(0.,-1.,0.));
#1708 = ORIENTED_EDGE('',*,*,#1709,.T.);
#1709 = EDGE_CURVE('',#1702,#1710,#1712,.T.);
#1710 = VERTEX_POINT('',#1711);
#1711 = CARTESIAN_POINT('',(47.,21.,0.));
#1712 = LINE('',#1713,#1714);
#1713 = CARTESIAN_POINT('',(5.,21.,0.));
#1714 = VECTOR('',#1715,1.);
#1715 = DIRECTION('',(1.,0.,0.));
#1716 = ORIENTED_EDGE('',*,*,#1717,.T.);
#1717 = EDGE_CURVE('',#1710,#1718,#1720,.T.);
#1718 = VERTEX_POINT('',#1719);
#1719 = CARTESIAN_POINT('',(47.,49.,0.));
#1720 = LINE('',#1721,#1722);
#1721 = CARTESIAN_POINT('',(47.,21.,0.));
#1722 = VECTOR('',#1723,1.);
#1723 = DIRECTION('',(0.,1.,0.));
#1724 = ORIENTED_EDGE('',*,*,#1725,.T.);
#1725 = EDGE_CURVE('',#1718,#1700,#1726,.T.);
#1726 = LINE('',#1727,#1728);
#1727 = CARTESIAN_POINT('',(47.,49.,0.));
#1728 = VECTOR('',#1729,1.);
#1729 = DIRECTION('',(-1.,0.,0.));
#1730 = FACE_BOUND('',#1731,.T.);
#1731 = EDGE_LOOP('',(#1732,#1742,#1750,#1758,#1766,#1774,#1782,#1790,
    #1798,#1806,#1814,#1822,#1830,#1838,#1846,#1854,#1862,#1870));
#1732 = ORIENTED_EDGE('',*,*,#1733,.T.);
#1733 = EDGE_CURVE('',#1734,#1736,#1738,.T.);
#1734 = VERTEX_POINT('',#1735);
#1735 = CARTESIAN_POINT('',(89.,46.5,0.));
#1736 = VERTEX_POINT('',#1737);
#1737 = CARTESIAN_POINT('',(89.,23.5,0.));
#1738 = LINE('',#1739,#1740);
#1739 = CARTESIAN_POINT('',(89.,46.5,0.));
#1740 = VECTOR('',#1741,1.);
#1741 = DIRECTION('',(0.,-1.,0.));
#1742 = ORIENTED_EDGE('',*,*,#1743,.T.);
#1743 = EDGE_CURVE('',#1736,#1744,#1746,.T.);
#1744 = VERTEX_POINT('',#1745);
#1745 = CARTESIAN_POINT('',(94.036598205566,23.5,0.));
#1746 = LINE('',#1747,#1748);
#1747 = CARTESIAN_POINT('',(89.,23.5,0.));
#1748 = VECTOR('',#1749,1.);
#1749 = DIRECTION('',(1.,0.,0.));
#1750 = ORIENTED_EDGE('',*,*,#1751,.T.);
#1751 = EDGE_CURVE('',#1744,#1752,#1754,.T.);
#1752 = VERTEX_POINT('',#1753);
#1753 = CARTESIAN_POINT('',(94.222198486328,23.222200393677,0.));
#1754 = LINE('',#1755,#1756);
#1755 = CARTESIAN_POINT('',(94.036598205566,23.5,0.));
#1756 = VECTOR('',#1757,1.);
#1757 = DIRECTION('',(0.555529918839,-0.831496547963,0.));
#1758 = ORIENTED_EDGE('',*,*,#1759,.T.);
#1759 = EDGE_CURVE('',#1752,#1760,#1762,.T.);
#1760 = VERTEX_POINT('',#1761);
#1761 = CARTESIAN_POINT('',(94.579002380371,22.983699798584,0.));
#1762 = LINE('',#1763,#1764);
#1763 = CARTESIAN_POINT('',(94.222198486328,23.222200393677,0.));
#1764 = VECTOR('',#1765,1.);
#1765 = DIRECTION('',(0.831370731515,-0.555718190075,0.));
#1766 = ORIENTED_EDGE('',*,*,#1767,.T.);
#1767 = EDGE_CURVE('',#1760,#1768,#1770,.T.);
#1768 = VERTEX_POINT('',#1769);
#1769 = CARTESIAN_POINT('',(95.,22.89999961853,0.));
#1770 = LINE('',#1771,#1772);
#1771 = CARTESIAN_POINT('',(94.579002380371,22.983699798584,0.));
#1772 = VECTOR('',#1773,1.);
#1773 = DIRECTION('',(0.98080375462,-0.194997422863,0.));
#1774 = ORIENTED_EDGE('',*,*,#1775,.T.);
#1775 = EDGE_CURVE('',#1768,#1776,#1778,.T.);
#1776 = VERTEX_POINT('',#1777);
#1777 = CARTESIAN_POINT('',(95.420997619629,22.983699798584,0.));
#1778 = LINE('',#1779,#1780);
#1779 = CARTESIAN_POINT('',(95.,22.89999961853,0.));
#1780 = VECTOR('',#1781,1.);
#1781 = DIRECTION('',(0.98080375462,0.194997422863,0.));
#1782 = ORIENTED_EDGE('',*,*,#1783,.T.);
#1783 = EDGE_CURVE('',#1776,#1784,#1786,.T.);
#1784 = VERTEX_POINT('',#1785);
#1785 = CARTESIAN_POINT('',(95.777801513672,23.222200393677,0.));
#1786 = LINE('',#1787,#1788);
#1787 = CARTESIAN_POINT('',(95.420997619629,22.983699798584,0.));
#1788 = VECTOR('',#1789,1.);
#1789 = DIRECTION('',(0.831370731515,0.555718190075,0.));
#1790 = ORIENTED_EDGE('',*,*,#1791,.T.);
#1791 = EDGE_CURVE('',#1784,#1792,#1794,.T.);
#1792 = VERTEX_POINT('',#1793);
#1793 = CARTESIAN_POINT('',(95.963401794434,23.5,0.));
#1794 = LINE('',#1795,#1796);
#1795 = CARTESIAN_POINT('',(95.777801513672,23.222200393677,0.));
#1796 = VECTOR('',#1797,1.);
#1797 = DIRECTION('',(0.555529918839,0.831496547963,0.));
#1798 = ORIENTED_EDGE('',*,*,#1799,.T.);
#1799 = EDGE_CURVE('',#1792,#1800,#1802,.T.);
#1800 = VERTEX_POINT('',#1801);
#1801 = CARTESIAN_POINT('',(101.,23.5,0.));
#1802 = LINE('',#1803,#1804);
#1803 = CARTESIAN_POINT('',(95.963401794434,23.5,0.));
#1804 = VECTOR('',#1805,1.);
#1805 = DIRECTION('',(1.,0.,0.));
#1806 = ORIENTED_EDGE('',*,*,#1807,.T.);
#1807 = EDGE_CURVE('',#1800,#1808,#1810,.T.);
#1808 = VERTEX_POINT('',#1809);
#1809 = CARTESIAN_POINT('',(101.,46.5,0.));
#1810 = LINE('',#1811,#1812);
#1811 = CARTESIAN_POINT('',(101.,23.5,0.));
#1812 = VECTOR('',#1813,1.);
#1813 = DIRECTION('',(0.,1.,0.));
#1814 = ORIENTED_EDGE('',*,*,#1815,.T.);
#1815 = EDGE_CURVE('',#1808,#1816,#1818,.T.);
#1816 = VERTEX_POINT('',#1817);
#1817 = CARTESIAN_POINT('',(95.963401794434,46.5,0.));
#1818 = LINE('',#1819,#1820);
#1819 = CARTESIAN_POINT('',(101.,46.5,0.));
#1820 = VECTOR('',#1821,1.);
#1821 = DIRECTION('',(-1.,0.,0.));
#1822 = ORIENTED_EDGE('',*,*,#1823,.T.);
#1823 = EDGE_CURVE('',#1816,#1824,#1826,.T.);
#1824 = VERTEX_POINT('',#1825);
#1825 = CARTESIAN_POINT('',(95.777801513672,46.777801513672,0.));
#1826 = LINE('',#1827,#1828);
#1827 = CARTESIAN_POINT('',(95.963401794434,46.5,0.));
#1828 = VECTOR('',#1829,1.);
#1829 = DIRECTION('',(-0.555527281748,0.83149830982,0.));
#1830 = ORIENTED_EDGE('',*,*,#1831,.T.);
#1831 = EDGE_CURVE('',#1824,#1832,#1834,.T.);
#1832 = VERTEX_POINT('',#1833);
#1833 = CARTESIAN_POINT('',(95.420997619629,47.016300201416,0.));
#1834 = LINE('',#1835,#1836);
#1835 = CARTESIAN_POINT('',(95.777801513672,46.777801513672,0.));
#1836 = VECTOR('',#1837,1.);
#1837 = DIRECTION('',(-0.831372784778,0.555715118321,0.));
#1838 = ORIENTED_EDGE('',*,*,#1839,.T.);
#1839 = EDGE_CURVE('',#1832,#1840,#1842,.T.);
#1840 = VERTEX_POINT('',#1841);
#1841 = CARTESIAN_POINT('',(95.,47.099998474121,0.));
#1842 = LINE('',#1843,#1844);
#1843 = CARTESIAN_POINT('',(95.420997619629,47.016300201416,0.));
#1844 = VECTOR('',#1845,1.);
#1845 = DIRECTION('',(-0.980804604464,0.194993148244,0.));
#1846 = ORIENTED_EDGE('',*,*,#1847,.T.);
#1847 = EDGE_CURVE('',#1840,#1848,#1850,.T.);
#1848 = VERTEX_POINT('',#1849);
#1849 = CARTESIAN_POINT('',(94.579002380371,47.016300201416,0.));
#1850 = LINE('',#1851,#1852);
#1851 = CARTESIAN_POINT('',(95.,47.099998474121,0.));
#1852 = VECTOR('',#1853,1.);
#1853 = DIRECTION('',(-0.980804604464,-0.194993148244,0.));
#1854 = ORIENTED_EDGE('',*,*,#1855,.T.);
#1855 = EDGE_CURVE('',#1848,#1856,#1858,.T.);
#1856 = VERTEX_POINT('',#1857);
#1857 = CARTESIAN_POINT('',(94.222198486328,46.777801513672,0.));
#1858 = LINE('',#1859,#1860);
#1859 = CARTESIAN_POINT('',(94.579002380371,47.016300201416,0.));
#1860 = VECTOR('',#1861,1.);
#1861 = DIRECTION('',(-0.831372784778,-0.555715118321,0.));
#1862 = ORIENTED_EDGE('',*,*,#1863,.T.);
#1863 = EDGE_CURVE('',#1856,#1864,#1866,.T.);
#1864 = VERTEX_POINT('',#1865);
#1865 = CARTESIAN_POINT('',(94.036598205566,46.5,0.));
#1866 = LINE('',#1867,#1868);
#1867 = CARTESIAN_POINT('',(94.222198486328,46.777801513672,0.));
#1868 = VECTOR('',#1869,1.);
#1869 = DIRECTION('',(-0.555527281748,-0.83149830982,0.));
#1870 = ORIENTED_EDGE('',*,*,#1871,.T.);
#1871 = EDGE_CURVE('',#1864,#1734,#1872,.T.);
#1872 = LINE('',#1873,#1874);
#1873 = CARTESIAN_POINT('',(94.036598205566,46.5,0.));
#1874 = VECTOR('',#1875,1.);
#1875 = DIRECTION('',(-1.,0.,0.));
#1876 = FACE_BOUND('',#1877,.T.);
#1877 = EDGE_LOOP('',(#1878,#1888,#1896,#1904));
#1878 = ORIENTED_EDGE('',*,*,#1879,.T.);
#1879 = EDGE_CURVE('',#1880,#1882,#1884,.T.);
#1880 = VERTEX_POINT('',#1881);
#1881 = CARTESIAN_POINT('',(79.,28.5,0.));
#1882 = VERTEX_POINT('',#1883);
#1883 = CARTESIAN_POINT('',(79.,41.5,0.));
#1884 = LINE('',#1885,#1886);
#1885 = CARTESIAN_POINT('',(79.,28.5,0.));
#1886 = VECTOR('',#1887,1.);
#1887 = DIRECTION('',(0.,1.,0.));
#1888 = ORIENTED_EDGE('',*,*,#1889,.T.);
#1889 = EDGE_CURVE('',#1882,#1890,#1892,.T.);
#1890 = VERTEX_POINT('',#1891);
#1891 = CARTESIAN_POINT('',(66.,41.5,0.));
#1892 = LINE('',#1893,#1894);
#1893 = CARTESIAN_POINT('',(79.,41.5,0.));
#1894 = VECTOR('',#1895,1.);
#1895 = DIRECTION('',(-1.,0.,0.));
#1896 = ORIENTED_EDGE('',*,*,#1897,.T.);
#1897 = EDGE_CURVE('',#1890,#1898,#1900,.T.);
#1898 = VERTEX_POINT('',#1899);
#1899 = CARTESIAN_POINT('',(66.,28.5,0.));
#1900 = LINE('',#1901,#1902);
#1901 = CARTESIAN_POINT('',(66.,41.5,0.));
#1902 = VECTOR('',#1903,1.);
#1903 = DIRECTION('',(0.,-1.,0.));
#1904 = ORIENTED_EDGE('',*,*,#1905,.T.);
#1905 = EDGE_CURVE('',#1898,#1880,#1906,.T.);
#1906 = LINE('',#1907,#1908);
#1907 = CARTESIAN_POINT('',(66.,28.5,0.));
#1908 = VECTOR('',#1909,1.);
#1909 = DIRECTION('',(1.,0.,0.));
#1910 = FACE_BOUND('',#1911,.T.);
#1911 = EDGE_LOOP('',(#1912,#1922,#1930,#1938));
#1912 = ORIENTED_EDGE('',*,*,#1913,.T.);
#1913 = EDGE_CURVE('',#1914,#1916,#1918,.T.);
#1914 = VERTEX_POINT('',#1915);
#1915 = CARTESIAN_POINT('',(55.,30.,0.));
#1916 = VERTEX_POINT('',#1917);
#1917 = CARTESIAN_POINT('',(58.,30.,0.));
#1918 = LINE('',#1919,#1920);
#1919 = CARTESIAN_POINT('',(55.,30.,0.));
#1920 = VECTOR('',#1921,1.);
#1921 = DIRECTION('',(1.,0.,0.));
#1922 = ORIENTED_EDGE('',*,*,#1923,.T.);
#1923 = EDGE_CURVE('',#1916,#1924,#1926,.T.);
#1924 = VERTEX_POINT('',#1925);
#1925 = CARTESIAN_POINT('',(58.,40.,0.));
#1926 = LINE('',#1927,#1928);
#1927 = CARTESIAN_POINT('',(58.,30.,0.));
#1928 = VECTOR('',#1929,1.);
#1929 = DIRECTION('',(0.,1.,0.));
#1930 = ORIENTED_EDGE('',*,*,#1931,.T.);
#1931 = EDGE_CURVE('',#1924,#1932,#1934,.T.);
#1932 = VERTEX_POINT('',#1933);
#1933 = CARTESIAN_POINT('',(55.,40.,0.));
#1934 = LINE('',#1935,#1936);
#1935 = CARTESIAN_POINT('',(58.,40.,0.));
#1936 = VECTOR('',#1937,1.);
#1937 = DIRECTION('',(-1.,0.,0.));
#1938 = ORIENTED_EDGE('',*,*,#1939,.T.);
#1939 = EDGE_CURVE('',#1932,#1914,#1940,.T.);
#1940 = LINE('',#1941,#1942);
#1941 = CARTESIAN_POINT('',(55.,40.,0.));
#1942 = VECTOR('',#1943,1.);
#1943 = DIRECTION('',(0.,-1.,0.));
#1944 = FACE_BOUND('',#1945,.T.);
#1945 = EDGE_LOOP('',(#1946,#1956,#1964,#1972));
#1946 = ORIENTED_EDGE('',*,*,#1947,.T.);
#1947 = EDGE_CURVE('',#1948,#1950,#1952,.T.);
#1948 = VERTEX_POINT('',#1949);
#1949 = CARTESIAN_POINT('',(108.,32.,0.));
#1950 = VERTEX_POINT('',#1951);
#1951 = CARTESIAN_POINT('',(108.,38.,0.));
#1952 = LINE('',#1953,#1954);
#1953 = CARTESIAN_POINT('',(108.,32.,0.));
#1954 = VECTOR('',#1955,1.);
#1955 = DIRECTION('',(0.,1.,0.));
#1956 = ORIENTED_EDGE('',*,*,#1957,.T.);
#1957 = EDGE_CURVE('',#1950,#1958,#1960,.T.);
#1958 = VERTEX_POINT('',#1959);
#1959 = CARTESIAN_POINT('',(105.,38.,0.));
#1960 = LINE('',#1961,#1962);
#1961 = CARTESIAN_POINT('',(108.,38.,0.));
#1962 = VECTOR('',#1963,1.);
#1963 = DIRECTION('',(-1.,0.,0.));
#1964 = ORIENTED_EDGE('',*,*,#1965,.T.);
#1965 = EDGE_CURVE('',#1958,#1966,#1968,.T.);
#1966 = VERTEX_POINT('',#1967);
#1967 = CARTESIAN_POINT('',(105.,32.,0.));
#1968 = LINE('',#1969,#1970);
#1969 = CARTESIAN_POINT('',(105.,38.,0.));
#1970 = VECTOR('',#1971,1.);
#1971 = DIRECTION('',(0.,-1.,0.));
#1972 = ORIENTED_EDGE('',*,*,#1973,.T.);
#1973 = EDGE_CURVE('',#1966,#1948,#1974,.T.);
#1974 = LINE('',#1975,#1976);
#1975 = CARTESIAN_POINT('',(105.,32.,0.));
#1976 = VECTOR('',#1977,1.);
#1977 = DIRECTION('',(1.,0.,0.));
#1978 = FACE_BOUND('',#1979,.T.);
#1979 = EDGE_LOOP('',(#1980,#1990,#1998,#2006,#2014,#2022,#2030,#2038,
    #2046,#2054,#2062,#2070,#2078,#2086,#2094,#2102));
#1980 = ORIENTED_EDGE('',*,*,#1981,.T.);
#1981 = EDGE_CURVE('',#1982,#1984,#1986,.T.);
#1982 = VERTEX_POINT('',#1983);
#1983 = CARTESIAN_POINT('',(132.,9.60000038147,0.));
#1984 = VERTEX_POINT('',#1985);
#1985 = CARTESIAN_POINT('',(131.38800048828,9.478210449219,0.));
#1986 = LINE('',#1987,#1988);
#1987 = CARTESIAN_POINT('',(132.,9.60000038147,0.));
#1988 = VECTOR('',#1989,1.);
#1989 = DIRECTION('',(-0.980768209053,-0.195176125875,0.));
#1990 = ORIENTED_EDGE('',*,*,#1991,.T.);
#1991 = EDGE_CURVE('',#1984,#1992,#1994,.T.);
#1992 = VERTEX_POINT('',#1993);
#1993 = CARTESIAN_POINT('',(130.86900329589,9.131369590759,0.));
#1994 = LINE('',#1995,#1996);
#1995 = CARTESIAN_POINT('',(131.38800048828,9.478210449219,0.));
#1996 = VECTOR('',#1997,1.);
#1997 = DIRECTION('',(-0.831426672763,-0.555634491206,0.));
#1998 = ORIENTED_EDGE('',*,*,#1999,.T.);
#1999 = EDGE_CURVE('',#1992,#2000,#2002,.T.);
#2000 = VERTEX_POINT('',#2001);
#2001 = CARTESIAN_POINT('',(130.52200317382,8.612290382385,0.));
#2002 = LINE('',#2003,#2004);
#2003 = CARTESIAN_POINT('',(130.86900329589,9.131369590759,0.));
#2004 = VECTOR('',#2005,1.);
#2005 = DIRECTION('',(-0.555750128797,-0.831349381633,0.));
#2006 = ORIENTED_EDGE('',*,*,#2007,.T.);
#2007 = EDGE_CURVE('',#2000,#2008,#2010,.T.);
#2008 = VERTEX_POINT('',#2009);
#2009 = CARTESIAN_POINT('',(130.39999389648,8.,0.));
#2010 = LINE('',#2011,#2012);
#2011 = CARTESIAN_POINT('',(130.52200317382,8.612290382385,0.));
#2012 = VECTOR('',#2013,1.);
#2013 = DIRECTION('',(-0.195424883317,-0.980718672699,0.));
#2014 = ORIENTED_EDGE('',*,*,#2015,.T.);
#2015 = EDGE_CURVE('',#2008,#2016,#2018,.T.);
#2016 = VERTEX_POINT('',#2017);
#2017 = CARTESIAN_POINT('',(130.52200317382,7.387710094452,0.));
#2018 = LINE('',#2019,#2020);
#2019 = CARTESIAN_POINT('',(130.39999389648,8.,0.));
#2020 = VECTOR('',#2021,1.);
#2021 = DIRECTION('',(0.195425029697,-0.98071864353,0.));
#2022 = ORIENTED_EDGE('',*,*,#2023,.T.);
#2023 = EDGE_CURVE('',#2016,#2024,#2026,.T.);
#2024 = VERTEX_POINT('',#2025);
#2025 = CARTESIAN_POINT('',(130.86900329589,6.868629932404,0.));
#2026 = LINE('',#2027,#2028);
#2027 = CARTESIAN_POINT('',(130.52200317382,7.387710094452,0.));
#2028 = VECTOR('',#2029,1.);
#2029 = DIRECTION('',(0.555749423109,-0.831349853379,0.));
#2030 = ORIENTED_EDGE('',*,*,#2031,.T.);
#2031 = EDGE_CURVE('',#2024,#2032,#2034,.T.);
#2032 = VERTEX_POINT('',#2033);
#2033 = CARTESIAN_POINT('',(131.38800048828,6.521790027618,0.));
#2034 = LINE('',#2035,#2036);
#2035 = CARTESIAN_POINT('',(130.86900329589,6.868629932404,0.));
#2036 = VECTOR('',#2037,1.);
#2037 = DIRECTION('',(0.831427378548,-0.555633435101,0.));
#2038 = ORIENTED_EDGE('',*,*,#2039,.T.);
#2039 = EDGE_CURVE('',#2032,#2040,#2042,.T.);
#2040 = VERTEX_POINT('',#2041);
#2041 = CARTESIAN_POINT('',(132.,6.400000095367,0.));
#2042 = LINE('',#2043,#2044);
#2043 = CARTESIAN_POINT('',(131.38800048828,6.521790027618,0.));
#2044 = VECTOR('',#2045,1.);
#2045 = DIRECTION('',(0.980768209053,-0.195176125875,0.));
#2046 = ORIENTED_EDGE('',*,*,#2047,.T.);
#2047 = EDGE_CURVE('',#2040,#2048,#2050,.T.);
#2048 = VERTEX_POINT('',#2049);
#2049 = CARTESIAN_POINT('',(132.61199951171,6.521790027618,0.));
#2050 = LINE('',#2051,#2052);
#2051 = CARTESIAN_POINT('',(132.,6.400000095367,0.));
#2052 = VECTOR('',#2053,1.);
#2053 = DIRECTION('',(0.980768209053,0.195176125875,0.));
#2054 = ORIENTED_EDGE('',*,*,#2055,.T.);
#2055 = EDGE_CURVE('',#2048,#2056,#2058,.T.);
#2056 = VERTEX_POINT('',#2057);
#2057 = CARTESIAN_POINT('',(133.1309967041,6.868629932404,0.));
#2058 = LINE('',#2059,#2060);
#2059 = CARTESIAN_POINT('',(132.61199951171,6.521790027618,0.));
#2060 = VECTOR('',#2061,1.);
#2061 = DIRECTION('',(0.831427378548,0.555633435101,0.));
#2062 = ORIENTED_EDGE('',*,*,#2063,.T.);
#2063 = EDGE_CURVE('',#2056,#2064,#2066,.T.);
#2064 = VERTEX_POINT('',#2065);
#2065 = CARTESIAN_POINT('',(133.47799682617,7.387710094452,0.));
#2066 = LINE('',#2067,#2068);
#2067 = CARTESIAN_POINT('',(133.1309967041,6.868629932404,0.));
#2068 = VECTOR('',#2069,1.);
#2069 = DIRECTION('',(0.555749423109,0.831349853379,0.));
#2070 = ORIENTED_EDGE('',*,*,#2071,.T.);
#2071 = EDGE_CURVE('',#2064,#2072,#2074,.T.);
#2072 = VERTEX_POINT('',#2073);
#2073 = CARTESIAN_POINT('',(133.60000610351,8.,0.));
#2074 = LINE('',#2075,#2076);
#2075 = CARTESIAN_POINT('',(133.47799682617,7.387710094452,0.));
#2076 = VECTOR('',#2077,1.);
#2077 = DIRECTION('',(0.195425029697,0.98071864353,0.));
#2078 = ORIENTED_EDGE('',*,*,#2079,.T.);
#2079 = EDGE_CURVE('',#2072,#2080,#2082,.T.);
#2080 = VERTEX_POINT('',#2081);
#2081 = CARTESIAN_POINT('',(133.47799682617,8.612290382385,0.));
#2082 = LINE('',#2083,#2084);
#2083 = CARTESIAN_POINT('',(133.60000610351,8.,0.));
#2084 = VECTOR('',#2085,1.);
#2085 = DIRECTION('',(-0.195424883317,0.980718672699,0.));
#2086 = ORIENTED_EDGE('',*,*,#2087,.T.);
#2087 = EDGE_CURVE('',#2080,#2088,#2090,.T.);
#2088 = VERTEX_POINT('',#2089);
#2089 = CARTESIAN_POINT('',(133.1309967041,9.131369590759,0.));
#2090 = LINE('',#2091,#2092);
#2091 = CARTESIAN_POINT('',(133.47799682617,8.612290382385,0.));
#2092 = VECTOR('',#2093,1.);
#2093 = DIRECTION('',(-0.555750128797,0.831349381633,0.));
#2094 = ORIENTED_EDGE('',*,*,#2095,.T.);
#2095 = EDGE_CURVE('',#2088,#2096,#2098,.T.);
#2096 = VERTEX_POINT('',#2097);
#2097 = CARTESIAN_POINT('',(132.61199951171,9.478210449219,0.));
#2098 = LINE('',#2099,#2100);
#2099 = CARTESIAN_POINT('',(133.1309967041,9.131369590759,0.));
#2100 = VECTOR('',#2101,1.);
#2101 = DIRECTION('',(-0.831426672763,0.555634491206,0.));
#2102 = ORIENTED_EDGE('',*,*,#2103,.T.);
#2103 = EDGE_CURVE('',#2096,#1982,#2104,.T.);
#2104 = LINE('',#2105,#2106);
#2105 = CARTESIAN_POINT('',(132.61199951171,9.478210449219,0.));
#2106 = VECTOR('',#2107,1.);
#2107 = DIRECTION('',(-0.980768209053,0.195176125875,0.));
#2108 = FACE_BOUND('',#2109,.T.);
#2109 = EDGE_LOOP('',(#2110,#2120,#2128,#2136,#2144,#2152,#2160,#2168,
    #2176,#2184,#2192,#2200,#2208,#2216,#2224,#2232));
#2110 = ORIENTED_EDGE('',*,*,#2111,.T.);
#2111 = EDGE_CURVE('',#2112,#2114,#2116,.T.);
#2112 = VERTEX_POINT('',#2113);
#2113 = CARTESIAN_POINT('',(131.38800048828,63.478199005127,0.));
#2114 = VERTEX_POINT('',#2115);
#2115 = CARTESIAN_POINT('',(130.86900329589,63.131401062012,0.));
#2116 = LINE('',#2117,#2118);
#2117 = CARTESIAN_POINT('',(131.38800048828,63.478199005127,0.));
#2118 = VECTOR('',#2119,1.);
#2119 = DIRECTION('',(-0.831458432925,-0.555586963776,0.));
#2120 = ORIENTED_EDGE('',*,*,#2121,.T.);
#2121 = EDGE_CURVE('',#2114,#2122,#2124,.T.);
#2122 = VERTEX_POINT('',#2123);
#2123 = CARTESIAN_POINT('',(130.52200317382,62.612300872803,0.));
#2124 = LINE('',#2125,#2126);
#2125 = CARTESIAN_POINT('',(130.86900329589,63.131401062012,0.));
#2126 = VECTOR('',#2127,1.);
#2127 = DIRECTION('',(-0.555734603982,-0.831359759633,0.));
#2128 = ORIENTED_EDGE('',*,*,#2129,.T.);
#2129 = EDGE_CURVE('',#2122,#2130,#2132,.T.);
#2130 = VERTEX_POINT('',#2131);
#2131 = CARTESIAN_POINT('',(130.39999389648,62.,0.));
#2132 = LINE('',#2133,#2134);
#2133 = CARTESIAN_POINT('',(130.52200317382,62.612300872803,0.));
#2134 = VECTOR('',#2135,1.);
#2135 = DIRECTION('',(-0.195421663011,-0.980719314394,0.));
#2136 = ORIENTED_EDGE('',*,*,#2137,.T.);
#2137 = EDGE_CURVE('',#2130,#2138,#2140,.T.);
#2138 = VERTEX_POINT('',#2139);
#2139 = CARTESIAN_POINT('',(130.52200317382,61.387699127197,0.));
#2140 = LINE('',#2141,#2142);
#2141 = CARTESIAN_POINT('',(130.39999389648,62.,0.));
#2142 = VECTOR('',#2143,1.);
#2143 = DIRECTION('',(0.195421663011,-0.980719314394,0.));
#2144 = ORIENTED_EDGE('',*,*,#2145,.T.);
#2145 = EDGE_CURVE('',#2138,#2146,#2148,.T.);
#2146 = VERTEX_POINT('',#2147);
#2147 = CARTESIAN_POINT('',(130.86900329589,60.868598937988,0.));
#2148 = LINE('',#2149,#2150);
#2149 = CARTESIAN_POINT('',(130.52200317382,61.387699127197,0.));
#2150 = VECTOR('',#2151,1.);
#2151 = DIRECTION('',(0.555734603982,-0.831359759633,0.));
#2152 = ORIENTED_EDGE('',*,*,#2153,.T.);
#2153 = EDGE_CURVE('',#2146,#2154,#2156,.T.);
#2154 = VERTEX_POINT('',#2155);
#2155 = CARTESIAN_POINT('',(131.38800048828,60.521800994873,0.));
#2156 = LINE('',#2157,#2158);
#2157 = CARTESIAN_POINT('',(130.86900329589,60.868598937988,0.));
#2158 = VECTOR('',#2159,1.);
#2159 = DIRECTION('',(0.831458432925,-0.555586963776,0.));
#2160 = ORIENTED_EDGE('',*,*,#2161,.T.);
#2161 = EDGE_CURVE('',#2154,#2162,#2164,.T.);
#2162 = VERTEX_POINT('',#2163);
#2163 = CARTESIAN_POINT('',(132.,60.400001525879,0.));
#2164 = LINE('',#2165,#2166);
#2165 = CARTESIAN_POINT('',(131.38800048828,60.521800994873,0.));
#2166 = VECTOR('',#2167,1.);
#2167 = DIRECTION('',(0.980765283395,-0.195190826852,0.));
#2168 = ORIENTED_EDGE('',*,*,#2169,.T.);
#2169 = EDGE_CURVE('',#2162,#2170,#2172,.T.);
#2170 = VERTEX_POINT('',#2171);
#2171 = CARTESIAN_POINT('',(132.61199951171,60.521800994873,0.));
#2172 = LINE('',#2173,#2174);
#2173 = CARTESIAN_POINT('',(132.,60.400001525879,0.));
#2174 = VECTOR('',#2175,1.);
#2175 = DIRECTION('',(0.980765283395,0.195190826852,0.));
#2176 = ORIENTED_EDGE('',*,*,#2177,.T.);
#2177 = EDGE_CURVE('',#2170,#2178,#2180,.T.);
#2178 = VERTEX_POINT('',#2179);
#2179 = CARTESIAN_POINT('',(133.1309967041,60.868598937988,0.));
#2180 = LINE('',#2181,#2182);
#2181 = CARTESIAN_POINT('',(132.61199951171,60.521800994873,0.));
#2182 = VECTOR('',#2183,1.);
#2183 = DIRECTION('',(0.831458432925,0.555586963776,0.));
#2184 = ORIENTED_EDGE('',*,*,#2185,.T.);
#2185 = EDGE_CURVE('',#2178,#2186,#2188,.T.);
#2186 = VERTEX_POINT('',#2187);
#2187 = CARTESIAN_POINT('',(133.47799682617,61.387699127197,0.));
#2188 = LINE('',#2189,#2190);
#2189 = CARTESIAN_POINT('',(133.1309967041,60.868598937988,0.));
#2190 = VECTOR('',#2191,1.);
#2191 = DIRECTION('',(0.555734603982,0.831359759633,0.));
#2192 = ORIENTED_EDGE('',*,*,#2193,.T.);
#2193 = EDGE_CURVE('',#2186,#2194,#2196,.T.);
#2194 = VERTEX_POINT('',#2195);
#2195 = CARTESIAN_POINT('',(133.60000610351,62.,0.));
#2196 = LINE('',#2197,#2198);
#2197 = CARTESIAN_POINT('',(133.47799682617,61.387699127197,0.));
#2198 = VECTOR('',#2199,1.);
#2199 = DIRECTION('',(0.195421663011,0.980719314394,0.));
#2200 = ORIENTED_EDGE('',*,*,#2201,.T.);
#2201 = EDGE_CURVE('',#2194,#2202,#2204,.T.);
#2202 = VERTEX_POINT('',#2203);
#2203 = CARTESIAN_POINT('',(133.47799682617,62.612300872803,0.));
#2204 = LINE('',#2205,#2206);
#2205 = CARTESIAN_POINT('',(133.60000610351,62.,0.));
#2206 = VECTOR('',#2207,1.);
#2207 = DIRECTION('',(-0.195421663011,0.980719314394,0.));
#2208 = ORIENTED_EDGE('',*,*,#2209,.T.);
#2209 = EDGE_CURVE('',#2202,#2210,#2212,.T.);
#2210 = VERTEX_POINT('',#2211);
#2211 = CARTESIAN_POINT('',(133.1309967041,63.131401062012,0.));
#2212 = LINE('',#2213,#2214);
#2213 = CARTESIAN_POINT('',(133.47799682617,62.612300872803,0.));
#2214 = VECTOR('',#2215,1.);
#2215 = DIRECTION('',(-0.555734603982,0.831359759633,0.));
#2216 = ORIENTED_EDGE('',*,*,#2217,.T.);
#2217 = EDGE_CURVE('',#2210,#2218,#2220,.T.);
#2218 = VERTEX_POINT('',#2219);
#2219 = CARTESIAN_POINT('',(132.61199951171,63.478199005127,0.));
#2220 = LINE('',#2221,#2222);
#2221 = CARTESIAN_POINT('',(133.1309967041,63.131401062012,0.));
#2222 = VECTOR('',#2223,1.);
#2223 = DIRECTION('',(-0.831458432925,0.555586963776,0.));
#2224 = ORIENTED_EDGE('',*,*,#2225,.T.);
#2225 = EDGE_CURVE('',#2218,#2226,#2228,.T.);
#2226 = VERTEX_POINT('',#2227);
#2227 = CARTESIAN_POINT('',(132.,63.599998474121,0.));
#2228 = LINE('',#2229,#2230);
#2229 = CARTESIAN_POINT('',(132.61199951171,63.478199005127,0.));
#2230 = VECTOR('',#2231,1.);
#2231 = DIRECTION('',(-0.980765283395,0.195190826852,0.));
#2232 = ORIENTED_EDGE('',*,*,#2233,.T.);
#2233 = EDGE_CURVE('',#2226,#2112,#2234,.T.);
#2234 = LINE('',#2235,#2236);
#2235 = CARTESIAN_POINT('',(132.,63.599998474121,0.));
#2236 = VECTOR('',#2237,1.);
#2237 = DIRECTION('',(-0.980765283395,-0.195190826852,0.));
#2238 = FACE_BOUND('',#2239,.T.);
#2239 = EDGE_LOOP('',(#2240,#2250,#2258,#2266,#2274,#2282,#2290,#2298,
    #2306,#2314,#2322,#2330,#2338,#2346,#2354,#2362));
#2240 = ORIENTED_EDGE('',*,*,#2241,.T.);
#2241 = EDGE_CURVE('',#2242,#2244,#2246,.T.);
#2242 = VERTEX_POINT('',#2243);
#2243 = CARTESIAN_POINT('',(8.,6.400000095367,0.));
#2244 = VERTEX_POINT('',#2245);
#2245 = CARTESIAN_POINT('',(8.612290382385,6.521790027618,0.));
#2246 = LINE('',#2247,#2248);
#2247 = CARTESIAN_POINT('',(8.,6.400000095367,0.));
#2248 = VECTOR('',#2249,1.);
#2249 = DIRECTION('',(0.980785953843,0.195086936375,0.));
#2250 = ORIENTED_EDGE('',*,*,#2251,.T.);
#2251 = EDGE_CURVE('',#2244,#2252,#2254,.T.);
#2252 = VERTEX_POINT('',#2253);
#2253 = CARTESIAN_POINT('',(9.131369590759,6.868629932404,0.));
#2254 = LINE('',#2255,#2256);
#2255 = CARTESIAN_POINT('',(8.612290382385,6.521790027618,0.));
#2256 = VECTOR('',#2257,1.);
#2257 = DIRECTION('',(0.831467935324,0.555572742787,0.));
#2258 = ORIENTED_EDGE('',*,*,#2259,.T.);
#2259 = EDGE_CURVE('',#2252,#2260,#2262,.T.);
#2260 = VERTEX_POINT('',#2261);
#2261 = CARTESIAN_POINT('',(9.478210449219,7.387710094452,0.));
#2262 = LINE('',#2263,#2264);
#2263 = CARTESIAN_POINT('',(9.131369590759,6.868629932404,0.));
#2264 = VECTOR('',#2265,1.);
#2265 = DIRECTION('',(0.555573093216,0.831467701173,0.));
#2266 = ORIENTED_EDGE('',*,*,#2267,.T.);
#2267 = EDGE_CURVE('',#2260,#2268,#2270,.T.);
#2268 = VERTEX_POINT('',#2269);
#2269 = CARTESIAN_POINT('',(9.60000038147,8.,0.));
#2270 = LINE('',#2271,#2272);
#2271 = CARTESIAN_POINT('',(9.478210449219,7.387710094452,0.));
#2272 = VECTOR('',#2273,1.);
#2273 = DIRECTION('',(0.195087082522,0.980785924773,0.));
#2274 = ORIENTED_EDGE('',*,*,#2275,.T.);
#2275 = EDGE_CURVE('',#2268,#2276,#2278,.T.);
#2276 = VERTEX_POINT('',#2277);
#2277 = CARTESIAN_POINT('',(9.478210449219,8.612290382385,0.));
#2278 = LINE('',#2279,#2280);
#2279 = CARTESIAN_POINT('',(9.60000038147,8.,0.));
#2280 = VECTOR('',#2281,1.);
#2281 = DIRECTION('',(-0.195086936375,0.980785953843,0.));
#2282 = ORIENTED_EDGE('',*,*,#2283,.T.);
#2283 = EDGE_CURVE('',#2276,#2284,#2286,.T.);
#2284 = VERTEX_POINT('',#2285);
#2285 = CARTESIAN_POINT('',(9.131369590759,9.131369590759,0.));
#2286 = LINE('',#2287,#2288);
#2287 = CARTESIAN_POINT('',(9.478210449219,8.612290382385,0.));
#2288 = VECTOR('',#2289,1.);
#2289 = DIRECTION('',(-0.55557379888,0.83146722966,0.));
#2290 = ORIENTED_EDGE('',*,*,#2291,.T.);
#2291 = EDGE_CURVE('',#2284,#2292,#2294,.T.);
#2292 = VERTEX_POINT('',#2293);
#2293 = CARTESIAN_POINT('',(8.612290382385,9.478210449219,0.));
#2294 = LINE('',#2295,#2296);
#2295 = CARTESIAN_POINT('',(9.131369590759,9.131369590759,0.));
#2296 = VECTOR('',#2297,1.);
#2297 = DIRECTION('',(-0.83146722966,0.55557379888,0.));
#2298 = ORIENTED_EDGE('',*,*,#2299,.T.);
#2299 = EDGE_CURVE('',#2292,#2300,#2302,.T.);
#2300 = VERTEX_POINT('',#2301);
#2301 = CARTESIAN_POINT('',(8.,9.60000038147,0.));
#2302 = LINE('',#2303,#2304);
#2303 = CARTESIAN_POINT('',(8.612290382385,9.478210449219,0.));
#2304 = VECTOR('',#2305,1.);
#2305 = DIRECTION('',(-0.980785953843,0.195086936375,0.));
#2306 = ORIENTED_EDGE('',*,*,#2307,.T.);
#2307 = EDGE_CURVE('',#2300,#2308,#2310,.T.);
#2308 = VERTEX_POINT('',#2309);
#2309 = CARTESIAN_POINT('',(7.387710094452,9.478210449219,0.));
#2310 = LINE('',#2311,#2312);
#2311 = CARTESIAN_POINT('',(8.,9.60000038147,0.));
#2312 = VECTOR('',#2313,1.);
#2313 = DIRECTION('',(-0.980785924773,-0.195087082522,0.));
#2314 = ORIENTED_EDGE('',*,*,#2315,.T.);
#2315 = EDGE_CURVE('',#2308,#2316,#2318,.T.);
#2316 = VERTEX_POINT('',#2317);
#2317 = CARTESIAN_POINT('',(6.868629932404,9.131369590759,0.));
#2318 = LINE('',#2319,#2320);
#2319 = CARTESIAN_POINT('',(7.387710094452,9.478210449219,0.));
#2320 = VECTOR('',#2321,1.);
#2321 = DIRECTION('',(-0.831467701173,-0.555573093216,0.));
#2322 = ORIENTED_EDGE('',*,*,#2323,.T.);
#2323 = EDGE_CURVE('',#2316,#2324,#2326,.T.);
#2324 = VERTEX_POINT('',#2325);
#2325 = CARTESIAN_POINT('',(6.521790027618,8.612290382385,0.));
#2326 = LINE('',#2327,#2328);
#2327 = CARTESIAN_POINT('',(6.868629932404,9.131369590759,0.));
#2328 = VECTOR('',#2329,1.);
#2329 = DIRECTION('',(-0.555572742787,-0.831467935324,0.));
#2330 = ORIENTED_EDGE('',*,*,#2331,.T.);
#2331 = EDGE_CURVE('',#2324,#2332,#2334,.T.);
#2332 = VERTEX_POINT('',#2333);
#2333 = CARTESIAN_POINT('',(6.400000095367,8.,0.));
#2334 = LINE('',#2335,#2336);
#2335 = CARTESIAN_POINT('',(6.521790027618,8.612290382385,0.));
#2336 = VECTOR('',#2337,1.);
#2337 = DIRECTION('',(-0.195086936375,-0.980785953843,0.));
#2338 = ORIENTED_EDGE('',*,*,#2339,.T.);
#2339 = EDGE_CURVE('',#2332,#2340,#2342,.T.);
#2340 = VERTEX_POINT('',#2341);
#2341 = CARTESIAN_POINT('',(6.521790027618,7.387710094452,0.));
#2342 = LINE('',#2343,#2344);
#2343 = CARTESIAN_POINT('',(6.400000095367,8.,0.));
#2344 = VECTOR('',#2345,1.);
#2345 = DIRECTION('',(0.195087082522,-0.980785924773,0.));
#2346 = ORIENTED_EDGE('',*,*,#2347,.T.);
#2347 = EDGE_CURVE('',#2340,#2348,#2350,.T.);
#2348 = VERTEX_POINT('',#2349);
#2349 = CARTESIAN_POINT('',(6.868629932404,6.868629932404,0.));
#2350 = LINE('',#2351,#2352);
#2351 = CARTESIAN_POINT('',(6.521790027618,7.387710094452,0.));
#2352 = VECTOR('',#2353,1.);
#2353 = DIRECTION('',(0.555572037123,-0.831468406837,0.));
#2354 = ORIENTED_EDGE('',*,*,#2355,.T.);
#2355 = EDGE_CURVE('',#2348,#2356,#2358,.T.);
#2356 = VERTEX_POINT('',#2357);
#2357 = CARTESIAN_POINT('',(7.387710094452,6.521790027618,0.));
#2358 = LINE('',#2359,#2360);
#2359 = CARTESIAN_POINT('',(6.868629932404,6.868629932404,0.));
#2360 = VECTOR('',#2361,1.);
#2361 = DIRECTION('',(0.831468406837,-0.555572037123,0.));
#2362 = ORIENTED_EDGE('',*,*,#2363,.T.);
#2363 = EDGE_CURVE('',#2356,#2242,#2364,.T.);
#2364 = LINE('',#2365,#2366);
#2365 = CARTESIAN_POINT('',(7.387710094452,6.521790027618,0.));
#2366 = VECTOR('',#2367,1.);
#2367 = DIRECTION('',(0.980785924773,-0.195087082522,0.));
#2368 = FACE_BOUND('',#2369,.T.);
#2369 = EDGE_LOOP('',(#2370,#2380,#2388,#2396,#2404,#2412,#2420,#2428,
    #2436,#2444,#2452,#2460,#2468,#2476,#2484,#2492));
#2370 = ORIENTED_EDGE('',*,*,#2371,.T.);
#2371 = EDGE_CURVE('',#2372,#2374,#2376,.T.);
#2372 = VERTEX_POINT('',#2373);
#2373 = CARTESIAN_POINT('',(82.,27.10000038147,0.));
#2374 = VERTEX_POINT('',#2375);
#2375 = CARTESIAN_POINT('',(81.387702941895,26.978200912476,0.));
#2376 = LINE('',#2377,#2378);
#2377 = CARTESIAN_POINT('',(82.,27.10000038147,0.));
#2378 = VECTOR('',#2379,1.);
#2379 = DIRECTION('',(-0.980783437838,-0.19509958499,0.));
#2380 = ORIENTED_EDGE('',*,*,#2381,.T.);
#2381 = EDGE_CURVE('',#2374,#2382,#2384,.T.);
#2382 = VERTEX_POINT('',#2383);
#2383 = CARTESIAN_POINT('',(80.868598937988,26.631399154663,0.));
#2384 = LINE('',#2385,#2386);
#2385 = CARTESIAN_POINT('',(81.387702941895,26.978200912476,0.));
#2386 = VECTOR('',#2387,1.);
#2387 = DIRECTION('',(-0.831508419084,-0.555512150175,0.));
#2388 = ORIENTED_EDGE('',*,*,#2389,.T.);
#2389 = EDGE_CURVE('',#2382,#2390,#2392,.T.);
#2390 = VERTEX_POINT('',#2391);
#2391 = CARTESIAN_POINT('',(80.521797180176,26.112300872803,0.));
#2392 = LINE('',#2393,#2394);
#2393 = CARTESIAN_POINT('',(80.868598937988,26.631399154663,0.));
#2394 = VECTOR('',#2395,1.);
#2395 = DIRECTION('',(-0.555516383936,-0.831505590587,0.));
#2396 = ORIENTED_EDGE('',*,*,#2397,.T.);
#2397 = EDGE_CURVE('',#2390,#2398,#2400,.T.);
#2398 = VERTEX_POINT('',#2399);
#2399 = CARTESIAN_POINT('',(80.400001525879,25.5,0.));
#2400 = LINE('',#2401,#2402);
#2401 = CARTESIAN_POINT('',(80.521797180176,26.112300872803,0.));
#2402 = VECTOR('',#2403,1.);
#2403 = DIRECTION('',(-0.195092537954,-0.980784839623,0.));
#2404 = ORIENTED_EDGE('',*,*,#2405,.T.);
#2405 = EDGE_CURVE('',#2398,#2406,#2408,.T.);
#2406 = VERTEX_POINT('',#2407);
#2407 = CARTESIAN_POINT('',(80.521797180176,24.887699127197,0.));
#2408 = LINE('',#2409,#2410);
#2409 = CARTESIAN_POINT('',(80.400001525879,25.5,0.));
#2410 = VECTOR('',#2411,1.);
#2411 = DIRECTION('',(0.195092537954,-0.980784839623,0.));
#2412 = ORIENTED_EDGE('',*,*,#2413,.T.);
#2413 = EDGE_CURVE('',#2406,#2414,#2416,.T.);
#2414 = VERTEX_POINT('',#2415);
#2415 = CARTESIAN_POINT('',(80.868598937988,24.368600845337,0.));
#2416 = LINE('',#2417,#2418);
#2417 = CARTESIAN_POINT('',(80.521797180176,24.887699127197,0.));
#2418 = VECTOR('',#2419,1.);
#2419 = DIRECTION('',(0.555516383936,-0.831505590587,0.));
#2420 = ORIENTED_EDGE('',*,*,#2421,.T.);
#2421 = EDGE_CURVE('',#2414,#2422,#2424,.T.);
#2422 = VERTEX_POINT('',#2423);
#2423 = CARTESIAN_POINT('',(81.387702941895,24.021799087524,0.));
#2424 = LINE('',#2425,#2426);
#2425 = CARTESIAN_POINT('',(80.868598937988,24.368600845337,0.));
#2426 = VECTOR('',#2427,1.);
#2427 = DIRECTION('',(0.831508419084,-0.555512150175,0.));
#2428 = ORIENTED_EDGE('',*,*,#2429,.T.);
#2429 = EDGE_CURVE('',#2422,#2430,#2432,.T.);
#2430 = VERTEX_POINT('',#2431);
#2431 = CARTESIAN_POINT('',(82.,23.89999961853,0.));
#2432 = LINE('',#2433,#2434);
#2433 = CARTESIAN_POINT('',(81.387702941895,24.021799087524,0.));
#2434 = VECTOR('',#2435,1.);
#2435 = DIRECTION('',(0.980783437838,-0.19509958499,0.));
#2436 = ORIENTED_EDGE('',*,*,#2437,.T.);
#2437 = EDGE_CURVE('',#2430,#2438,#2440,.T.);
#2438 = VERTEX_POINT('',#2439);
#2439 = CARTESIAN_POINT('',(82.612297058105,24.021799087524,0.));
#2440 = LINE('',#2441,#2442);
#2441 = CARTESIAN_POINT('',(82.,23.89999961853,0.));
#2442 = VECTOR('',#2443,1.);
#2443 = DIRECTION('',(0.980783437838,0.19509958499,0.));
#2444 = ORIENTED_EDGE('',*,*,#2445,.T.);
#2445 = EDGE_CURVE('',#2438,#2446,#2448,.T.);
#2446 = VERTEX_POINT('',#2447);
#2447 = CARTESIAN_POINT('',(83.131401062012,24.368600845337,0.));
#2448 = LINE('',#2449,#2450);
#2449 = CARTESIAN_POINT('',(82.612297058105,24.021799087524,0.));
#2450 = VECTOR('',#2451,1.);
#2451 = DIRECTION('',(0.831508419084,0.555512150175,0.));
#2452 = ORIENTED_EDGE('',*,*,#2453,.T.);
#2453 = EDGE_CURVE('',#2446,#2454,#2456,.T.);
#2454 = VERTEX_POINT('',#2455);
#2455 = CARTESIAN_POINT('',(83.478202819824,24.887699127197,0.));
#2456 = LINE('',#2457,#2458);
#2457 = CARTESIAN_POINT('',(83.131401062012,24.368600845337,0.));
#2458 = VECTOR('',#2459,1.);
#2459 = DIRECTION('',(0.555516383936,0.831505590587,0.));
#2460 = ORIENTED_EDGE('',*,*,#2461,.T.);
#2461 = EDGE_CURVE('',#2454,#2462,#2464,.T.);
#2462 = VERTEX_POINT('',#2463);
#2463 = CARTESIAN_POINT('',(83.599998474121,25.5,0.));
#2464 = LINE('',#2465,#2466);
#2465 = CARTESIAN_POINT('',(83.478202819824,24.887699127197,0.));
#2466 = VECTOR('',#2467,1.);
#2467 = DIRECTION('',(0.195092537954,0.980784839623,0.));
#2468 = ORIENTED_EDGE('',*,*,#2469,.T.);
#2469 = EDGE_CURVE('',#2462,#2470,#2472,.T.);
#2470 = VERTEX_POINT('',#2471);
#2471 = CARTESIAN_POINT('',(83.478202819824,26.112300872803,0.));
#2472 = LINE('',#2473,#2474);
#2473 = CARTESIAN_POINT('',(83.599998474121,25.5,0.));
#2474 = VECTOR('',#2475,1.);
#2475 = DIRECTION('',(-0.195092537954,0.980784839623,0.));
#2476 = ORIENTED_EDGE('',*,*,#2477,.T.);
#2477 = EDGE_CURVE('',#2470,#2478,#2480,.T.);
#2478 = VERTEX_POINT('',#2479);
#2479 = CARTESIAN_POINT('',(83.131401062012,26.631399154663,0.));
#2480 = LINE('',#2481,#2482);
#2481 = CARTESIAN_POINT('',(83.478202819824,26.112300872803,0.));
#2482 = VECTOR('',#2483,1.);
#2483 = DIRECTION('',(-0.555516383936,0.831505590587,0.));
#2484 = ORIENTED_EDGE('',*,*,#2485,.T.);
#2485 = EDGE_CURVE('',#2478,#2486,#2488,.T.);
#2486 = VERTEX_POINT('',#2487);
#2487 = CARTESIAN_POINT('',(82.612297058105,26.978200912476,0.));
#2488 = LINE('',#2489,#2490);
#2489 = CARTESIAN_POINT('',(83.131401062012,26.631399154663,0.));
#2490 = VECTOR('',#2491,1.);
#2491 = DIRECTION('',(-0.831508419084,0.555512150175,0.));
#2492 = ORIENTED_EDGE('',*,*,#2493,.T.);
#2493 = EDGE_CURVE('',#2486,#2372,#2494,.T.);
#2494 = LINE('',#2495,#2496);
#2495 = CARTESIAN_POINT('',(82.612297058105,26.978200912476,0.));
#2496 = VECTOR('',#2497,1.);
#2497 = DIRECTION('',(-0.980783437838,0.19509958499,0.));
#2498 = FACE_BOUND('',#2499,.T.);
#2499 = EDGE_LOOP('',(#2500,#2510,#2518,#2526,#2534,#2542,#2550,#2558,
    #2566,#2574,#2582,#2590,#2598,#2606,#2614,#2622));
#2500 = ORIENTED_EDGE('',*,*,#2501,.T.);
#2501 = EDGE_CURVE('',#2502,#2504,#2506,.T.);
#2502 = VERTEX_POINT('',#2503);
#2503 = CARTESIAN_POINT('',(61.868598937988,24.368600845337,0.));
#2504 = VERTEX_POINT('',#2505);
#2505 = CARTESIAN_POINT('',(62.387699127197,24.021799087524,0.));
#2506 = LINE('',#2507,#2508);
#2507 = CARTESIAN_POINT('',(61.868598937988,24.368600845337,0.));
#2508 = VECTOR('',#2509,1.);
#2509 = DIRECTION('',(0.831506533427,-0.555514972677,0.));
#2510 = ORIENTED_EDGE('',*,*,#2511,.T.);
#2511 = EDGE_CURVE('',#2504,#2512,#2514,.T.);
#2512 = VERTEX_POINT('',#2513);
#2513 = CARTESIAN_POINT('',(63.,23.89999961853,0.));
#2514 = LINE('',#2515,#2516);
#2515 = CARTESIAN_POINT('',(62.387699127197,24.021799087524,0.));
#2516 = VECTOR('',#2517,1.);
#2517 = DIRECTION('',(0.980783670422,-0.195098415765,0.));
#2518 = ORIENTED_EDGE('',*,*,#2519,.T.);
#2519 = EDGE_CURVE('',#2512,#2520,#2522,.T.);
#2520 = VERTEX_POINT('',#2521);
#2521 = CARTESIAN_POINT('',(63.612300872803,24.021799087524,0.));
#2522 = LINE('',#2523,#2524);
#2523 = CARTESIAN_POINT('',(63.,23.89999961853,0.));
#2524 = VECTOR('',#2525,1.);
#2525 = DIRECTION('',(0.980783670422,0.195098415765,0.));
#2526 = ORIENTED_EDGE('',*,*,#2527,.T.);
#2527 = EDGE_CURVE('',#2520,#2528,#2530,.T.);
#2528 = VERTEX_POINT('',#2529);
#2529 = CARTESIAN_POINT('',(64.131401062012,24.368600845337,0.));
#2530 = LINE('',#2531,#2532);
#2531 = CARTESIAN_POINT('',(63.612300872803,24.021799087524,0.));
#2532 = VECTOR('',#2533,1.);
#2533 = DIRECTION('',(0.831506533427,0.555514972677,0.));
#2534 = ORIENTED_EDGE('',*,*,#2535,.T.);
#2535 = EDGE_CURVE('',#2528,#2536,#2538,.T.);
#2536 = VERTEX_POINT('',#2537);
#2537 = CARTESIAN_POINT('',(64.478202819824,24.887699127197,0.));
#2538 = LINE('',#2539,#2540);
#2539 = CARTESIAN_POINT('',(64.131401062012,24.368600845337,0.));
#2540 = VECTOR('',#2541,1.);
#2541 = DIRECTION('',(0.555516383936,0.831505590587,0.));
#2542 = ORIENTED_EDGE('',*,*,#2543,.T.);
#2543 = EDGE_CURVE('',#2536,#2544,#2546,.T.);
#2544 = VERTEX_POINT('',#2545);
#2545 = CARTESIAN_POINT('',(64.599998474121,25.5,0.));
#2546 = LINE('',#2547,#2548);
#2547 = CARTESIAN_POINT('',(64.478202819824,24.887699127197,0.));
#2548 = VECTOR('',#2549,1.);
#2549 = DIRECTION('',(0.195092537954,0.980784839623,0.));
#2550 = ORIENTED_EDGE('',*,*,#2551,.T.);
#2551 = EDGE_CURVE('',#2544,#2552,#2554,.T.);
#2552 = VERTEX_POINT('',#2553);
#2553 = CARTESIAN_POINT('',(64.478202819824,26.112300872803,0.));
#2554 = LINE('',#2555,#2556);
#2555 = CARTESIAN_POINT('',(64.599998474121,25.5,0.));
#2556 = VECTOR('',#2557,1.);
#2557 = DIRECTION('',(-0.195092537954,0.980784839623,0.));
#2558 = ORIENTED_EDGE('',*,*,#2559,.T.);
#2559 = EDGE_CURVE('',#2552,#2560,#2562,.T.);
#2560 = VERTEX_POINT('',#2561);
#2561 = CARTESIAN_POINT('',(64.131401062012,26.631399154663,0.));
#2562 = LINE('',#2563,#2564);
#2563 = CARTESIAN_POINT('',(64.478202819824,26.112300872803,0.));
#2564 = VECTOR('',#2565,1.);
#2565 = DIRECTION('',(-0.555516383936,0.831505590587,0.));
#2566 = ORIENTED_EDGE('',*,*,#2567,.T.);
#2567 = EDGE_CURVE('',#2560,#2568,#2570,.T.);
#2568 = VERTEX_POINT('',#2569);
#2569 = CARTESIAN_POINT('',(63.612300872803,26.978200912476,0.));
#2570 = LINE('',#2571,#2572);
#2571 = CARTESIAN_POINT('',(64.131401062012,26.631399154663,0.));
#2572 = VECTOR('',#2573,1.);
#2573 = DIRECTION('',(-0.831506533427,0.555514972677,0.));
#2574 = ORIENTED_EDGE('',*,*,#2575,.T.);
#2575 = EDGE_CURVE('',#2568,#2576,#2578,.T.);
#2576 = VERTEX_POINT('',#2577);
#2577 = CARTESIAN_POINT('',(63.,27.10000038147,0.));
#2578 = LINE('',#2579,#2580);
#2579 = CARTESIAN_POINT('',(63.612300872803,26.978200912476,0.));
#2580 = VECTOR('',#2581,1.);
#2581 = DIRECTION('',(-0.980783670422,0.195098415765,0.));
#2582 = ORIENTED_EDGE('',*,*,#2583,.T.);
#2583 = EDGE_CURVE('',#2576,#2584,#2586,.T.);
#2584 = VERTEX_POINT('',#2585);
#2585 = CARTESIAN_POINT('',(62.387699127197,26.978200912476,0.));
#2586 = LINE('',#2587,#2588);
#2587 = CARTESIAN_POINT('',(63.,27.10000038147,0.));
#2588 = VECTOR('',#2589,1.);
#2589 = DIRECTION('',(-0.980783670422,-0.195098415765,0.));
#2590 = ORIENTED_EDGE('',*,*,#2591,.T.);
#2591 = EDGE_CURVE('',#2584,#2592,#2594,.T.);
#2592 = VERTEX_POINT('',#2593);
#2593 = CARTESIAN_POINT('',(61.868598937988,26.631399154663,0.));
#2594 = LINE('',#2595,#2596);
#2595 = CARTESIAN_POINT('',(62.387699127197,26.978200912476,0.));
#2596 = VECTOR('',#2597,1.);
#2597 = DIRECTION('',(-0.831506533427,-0.555514972677,0.));
#2598 = ORIENTED_EDGE('',*,*,#2599,.T.);
#2599 = EDGE_CURVE('',#2592,#2600,#2602,.T.);
#2600 = VERTEX_POINT('',#2601);
#2601 = CARTESIAN_POINT('',(61.521800994873,26.112300872803,0.));
#2602 = LINE('',#2603,#2604);
#2603 = CARTESIAN_POINT('',(61.868598937988,26.631399154663,0.));
#2604 = VECTOR('',#2605,1.);
#2605 = DIRECTION('',(-0.555512159116,-0.831508413111,0.));
#2606 = ORIENTED_EDGE('',*,*,#2607,.T.);
#2607 = EDGE_CURVE('',#2600,#2608,#2610,.T.);
#2608 = VERTEX_POINT('',#2609);
#2609 = CARTESIAN_POINT('',(61.400001525879,25.5,0.));
#2610 = LINE('',#2611,#2612);
#2611 = CARTESIAN_POINT('',(61.521800994873,26.112300872803,0.));
#2612 = VECTOR('',#2613,1.);
#2613 = DIRECTION('',(-0.195098415765,-0.980783670422,0.));
#2614 = ORIENTED_EDGE('',*,*,#2615,.T.);
#2615 = EDGE_CURVE('',#2608,#2616,#2618,.T.);
#2616 = VERTEX_POINT('',#2617);
#2617 = CARTESIAN_POINT('',(61.521800994873,24.887699127197,0.));
#2618 = LINE('',#2619,#2620);
#2619 = CARTESIAN_POINT('',(61.400001525879,25.5,0.));
#2620 = VECTOR('',#2621,1.);
#2621 = DIRECTION('',(0.195098415765,-0.980783670422,0.));
#2622 = ORIENTED_EDGE('',*,*,#2623,.T.);
#2623 = EDGE_CURVE('',#2616,#2502,#2624,.T.);
#2624 = LINE('',#2625,#2626);
#2625 = CARTESIAN_POINT('',(61.521800994873,24.887699127197,0.));
#2626 = VECTOR('',#2627,1.);
#2627 = DIRECTION('',(0.555512159116,-0.831508413111,0.));
#2628 = FACE_BOUND('',#2629,.T.);
#2629 = EDGE_LOOP('',(#2630,#2640,#2648,#2656,#2664,#2672,#2680,#2688,
    #2696,#2704,#2712,#2720,#2728,#2736,#2744,#2752));
#2630 = ORIENTED_EDGE('',*,*,#2631,.T.);
#2631 = EDGE_CURVE('',#2632,#2634,#2636,.T.);
#2632 = VERTEX_POINT('',#2633);
#2633 = CARTESIAN_POINT('',(9.131369590759,63.131401062012,0.));
#2634 = VERTEX_POINT('',#2635);
#2635 = CARTESIAN_POINT('',(8.612290382385,63.478199005127,0.));
#2636 = LINE('',#2637,#2638);
#2637 = CARTESIAN_POINT('',(9.131369590759,63.131401062012,0.));
#2638 = VECTOR('',#2639,1.);
#2639 = DIRECTION('',(-0.831498984432,0.555526272005,0.));
#2640 = ORIENTED_EDGE('',*,*,#2641,.T.);
#2641 = EDGE_CURVE('',#2634,#2642,#2644,.T.);
#2642 = VERTEX_POINT('',#2643);
#2643 = CARTESIAN_POINT('',(8.,63.599998474121,0.));
#2644 = LINE('',#2645,#2646);
#2645 = CARTESIAN_POINT('',(8.612290382385,63.478199005127,0.));
#2646 = VECTOR('',#2647,1.);
#2647 = DIRECTION('',(-0.980783030806,0.195101631166,0.));
#2648 = ORIENTED_EDGE('',*,*,#2649,.T.);
#2649 = EDGE_CURVE('',#2642,#2650,#2652,.T.);
#2650 = VERTEX_POINT('',#2651);
#2651 = CARTESIAN_POINT('',(7.387710094452,63.478199005127,0.));
#2652 = LINE('',#2653,#2654);
#2653 = CARTESIAN_POINT('',(8.,63.599998474121,0.));
#2654 = VECTOR('',#2655,1.);
#2655 = DIRECTION('',(-0.980783001731,-0.195101777323,0.));
#2656 = ORIENTED_EDGE('',*,*,#2657,.T.);
#2657 = EDGE_CURVE('',#2650,#2658,#2660,.T.);
#2658 = VERTEX_POINT('',#2659);
#2659 = CARTESIAN_POINT('',(6.868629932404,63.131401062012,0.));
#2660 = LINE('',#2661,#2662);
#2661 = CARTESIAN_POINT('',(7.387710094452,63.478199005127,0.));
#2662 = VECTOR('',#2663,1.);
#2663 = DIRECTION('',(-0.831499455883,-0.555525566348,0.));
#2664 = ORIENTED_EDGE('',*,*,#2665,.T.);
#2665 = EDGE_CURVE('',#2658,#2666,#2668,.T.);
#2666 = VERTEX_POINT('',#2667);
#2667 = CARTESIAN_POINT('',(6.521790027618,62.612300872803,0.));
#2668 = LINE('',#2669,#2670);
#2669 = CARTESIAN_POINT('',(6.868629932404,63.131401062012,0.));
#2670 = VECTOR('',#2671,1.);
#2671 = DIRECTION('',(-0.5555572185,-0.831478308179,0.));
#2672 = ORIENTED_EDGE('',*,*,#2673,.T.);
#2673 = EDGE_CURVE('',#2666,#2674,#2676,.T.);
#2674 = VERTEX_POINT('',#2675);
#2675 = CARTESIAN_POINT('',(6.400000095367,62.,0.));
#2676 = LINE('',#2677,#2678);
#2677 = CARTESIAN_POINT('',(6.521790027618,62.612300872803,0.));
#2678 = VECTOR('',#2679,1.);
#2679 = DIRECTION('',(-0.195083721197,-0.980786593365,0.));
#2680 = ORIENTED_EDGE('',*,*,#2681,.T.);
#2681 = EDGE_CURVE('',#2674,#2682,#2684,.T.);
#2682 = VERTEX_POINT('',#2683);
#2683 = CARTESIAN_POINT('',(6.521790027618,61.387699127197,0.));
#2684 = LINE('',#2685,#2686);
#2685 = CARTESIAN_POINT('',(6.400000095367,62.,0.));
#2686 = VECTOR('',#2687,1.);
#2687 = DIRECTION('',(0.195083721197,-0.980786593365,0.));
#2688 = ORIENTED_EDGE('',*,*,#2689,.T.);
#2689 = EDGE_CURVE('',#2682,#2690,#2692,.T.);
#2690 = VERTEX_POINT('',#2691);
#2691 = CARTESIAN_POINT('',(6.868629932404,60.868598937988,0.));
#2692 = LINE('',#2693,#2694);
#2693 = CARTESIAN_POINT('',(6.521790027618,61.387699127197,0.));
#2694 = VECTOR('',#2695,1.);
#2695 = DIRECTION('',(0.5555572185,-0.831478308179,0.));
#2696 = ORIENTED_EDGE('',*,*,#2697,.T.);
#2697 = EDGE_CURVE('',#2690,#2698,#2700,.T.);
#2698 = VERTEX_POINT('',#2699);
#2699 = CARTESIAN_POINT('',(7.387710094452,60.521800994873,0.));
#2700 = LINE('',#2701,#2702);
#2701 = CARTESIAN_POINT('',(6.868629932404,60.868598937988,0.));
#2702 = VECTOR('',#2703,1.);
#2703 = DIRECTION('',(0.831499455883,-0.555525566348,0.));
#2704 = ORIENTED_EDGE('',*,*,#2705,.T.);
#2705 = EDGE_CURVE('',#2698,#2706,#2708,.T.);
#2706 = VERTEX_POINT('',#2707);
#2707 = CARTESIAN_POINT('',(8.,60.400001525879,0.));
#2708 = LINE('',#2709,#2710);
#2709 = CARTESIAN_POINT('',(7.387710094452,60.521800994873,0.));
#2710 = VECTOR('',#2711,1.);
#2711 = DIRECTION('',(0.980783001731,-0.195101777323,0.));
#2712 = ORIENTED_EDGE('',*,*,#2713,.T.);
#2713 = EDGE_CURVE('',#2706,#2714,#2716,.T.);
#2714 = VERTEX_POINT('',#2715);
#2715 = CARTESIAN_POINT('',(8.612290382385,60.521800994873,0.));
#2716 = LINE('',#2717,#2718);
#2717 = CARTESIAN_POINT('',(8.,60.400001525879,0.));
#2718 = VECTOR('',#2719,1.);
#2719 = DIRECTION('',(0.980783030806,0.195101631166,0.));
#2720 = ORIENTED_EDGE('',*,*,#2721,.T.);
#2721 = EDGE_CURVE('',#2714,#2722,#2724,.T.);
#2722 = VERTEX_POINT('',#2723);
#2723 = CARTESIAN_POINT('',(9.131369590759,60.868598937988,0.));
#2724 = LINE('',#2725,#2726);
#2725 = CARTESIAN_POINT('',(8.612290382385,60.521800994873,0.));
#2726 = VECTOR('',#2727,1.);
#2727 = DIRECTION('',(0.831498984432,0.555526272005,0.));
#2728 = ORIENTED_EDGE('',*,*,#2729,.T.);
#2729 = EDGE_CURVE('',#2722,#2730,#2732,.T.);
#2730 = VERTEX_POINT('',#2731);
#2731 = CARTESIAN_POINT('',(9.478210449219,61.387699127197,0.));
#2732 = LINE('',#2733,#2734);
#2733 = CARTESIAN_POINT('',(9.131369590759,60.868598937988,0.));
#2734 = VECTOR('',#2735,1.);
#2735 = DIRECTION('',(0.55555827459,0.831477602545,0.));
#2736 = ORIENTED_EDGE('',*,*,#2737,.T.);
#2737 = EDGE_CURVE('',#2730,#2738,#2740,.T.);
#2738 = VERTEX_POINT('',#2739);
#2739 = CARTESIAN_POINT('',(9.60000038147,62.,0.));
#2740 = LINE('',#2741,#2742);
#2741 = CARTESIAN_POINT('',(9.478210449219,61.387699127197,0.));
#2742 = VECTOR('',#2743,1.);
#2743 = DIRECTION('',(0.195083721197,0.980786593365,0.));
#2744 = ORIENTED_EDGE('',*,*,#2745,.T.);
#2745 = EDGE_CURVE('',#2738,#2746,#2748,.T.);
#2746 = VERTEX_POINT('',#2747);
#2747 = CARTESIAN_POINT('',(9.478210449219,62.612300872803,0.));
#2748 = LINE('',#2749,#2750);
#2749 = CARTESIAN_POINT('',(9.60000038147,62.,0.));
#2750 = VECTOR('',#2751,1.);
#2751 = DIRECTION('',(-0.195083721197,0.980786593365,0.));
#2752 = ORIENTED_EDGE('',*,*,#2753,.T.);
#2753 = EDGE_CURVE('',#2746,#2632,#2754,.T.);
#2754 = LINE('',#2755,#2756);
#2755 = CARTESIAN_POINT('',(9.478210449219,62.612300872803,0.));
#2756 = VECTOR('',#2757,1.);
#2757 = DIRECTION('',(-0.55555827459,0.831477602545,0.));
#2758 = FACE_BOUND('',#2759,.T.);
#2759 = EDGE_LOOP('',(#2760,#2770,#2778,#2786,#2794,#2802,#2810,#2818,
    #2826,#2834,#2842,#2850,#2858,#2866,#2874,#2882));
#2760 = ORIENTED_EDGE('',*,*,#2761,.T.);
#2761 = EDGE_CURVE('',#2762,#2764,#2766,.T.);
#2762 = VERTEX_POINT('',#2763);
#2763 = CARTESIAN_POINT('',(71.131401062012,9.131369590759,0.));
#2764 = VERTEX_POINT('',#2765);
#2765 = CARTESIAN_POINT('',(70.612297058105,9.478210449219,0.));
#2766 = LINE('',#2767,#2768);
#2767 = CARTESIAN_POINT('',(71.131401062012,9.131369590759,0.));
#2768 = VECTOR('',#2769,1.);
#2769 = DIRECTION('',(-0.831479488431,0.555555452065,0.));
#2770 = ORIENTED_EDGE('',*,*,#2771,.T.);
#2771 = EDGE_CURVE('',#2764,#2772,#2774,.T.);
#2772 = VERTEX_POINT('',#2773);
#2773 = CARTESIAN_POINT('',(70.,9.60000038147,0.));
#2774 = LINE('',#2775,#2776);
#2775 = CARTESIAN_POINT('',(70.612297058105,9.478210449219,0.));
#2776 = VECTOR('',#2777,1.);
#2777 = DIRECTION('',(-0.980786360815,0.195084890341,0.));
#2778 = ORIENTED_EDGE('',*,*,#2779,.T.);
#2779 = EDGE_CURVE('',#2772,#2780,#2782,.T.);
#2780 = VERTEX_POINT('',#2781);
#2781 = CARTESIAN_POINT('',(69.387702941895,9.478210449219,0.));
#2782 = LINE('',#2783,#2784);
#2783 = CARTESIAN_POINT('',(70.,9.60000038147,0.));
#2784 = VECTOR('',#2785,1.);
#2785 = DIRECTION('',(-0.980786360815,-0.195084890341,0.));
#2786 = ORIENTED_EDGE('',*,*,#2787,.T.);
#2787 = EDGE_CURVE('',#2780,#2788,#2790,.T.);
#2788 = VERTEX_POINT('',#2789);
#2789 = CARTESIAN_POINT('',(68.868598937988,9.131369590759,0.));
#2790 = LINE('',#2791,#2792);
#2791 = CARTESIAN_POINT('',(69.387702941895,9.478210449219,0.));
#2792 = VECTOR('',#2793,1.);
#2793 = DIRECTION('',(-0.831479488431,-0.555555452065,0.));
#2794 = ORIENTED_EDGE('',*,*,#2795,.T.);
#2795 = EDGE_CURVE('',#2788,#2796,#2798,.T.);
#2796 = VERTEX_POINT('',#2797);
#2797 = CARTESIAN_POINT('',(68.521797180176,8.612290382385,0.));
#2798 = LINE('',#2799,#2800);
#2799 = CARTESIAN_POINT('',(68.868598937988,9.131369590759,0.));
#2800 = VECTOR('',#2801,1.);
#2801 = DIRECTION('',(-0.555530496837,-0.831496161798,0.));
#2802 = ORIENTED_EDGE('',*,*,#2803,.T.);
#2803 = EDGE_CURVE('',#2796,#2804,#2806,.T.);
#2804 = VERTEX_POINT('',#2805);
#2805 = CARTESIAN_POINT('',(68.400001525879,8.,0.));
#2806 = LINE('',#2807,#2808);
#2807 = CARTESIAN_POINT('',(68.521797180176,8.612290382385,0.));
#2808 = VECTOR('',#2809,1.);
#2809 = DIRECTION('',(-0.195095753265,-0.980784200045,0.));
#2810 = ORIENTED_EDGE('',*,*,#2811,.T.);
#2811 = EDGE_CURVE('',#2804,#2812,#2814,.T.);
#2812 = VERTEX_POINT('',#2813);
#2813 = CARTESIAN_POINT('',(68.521797180176,7.387710094452,0.));
#2814 = LINE('',#2815,#2816);
#2815 = CARTESIAN_POINT('',(68.400001525879,8.,0.));
#2816 = VECTOR('',#2817,1.);
#2817 = DIRECTION('',(0.195095899418,-0.980784170972,0.));
#2818 = ORIENTED_EDGE('',*,*,#2819,.T.);
#2819 = EDGE_CURVE('',#2812,#2820,#2822,.T.);
#2820 = VERTEX_POINT('',#2821);
#2821 = CARTESIAN_POINT('',(68.868598937988,6.868629932404,0.));
#2822 = LINE('',#2823,#2824);
#2823 = CARTESIAN_POINT('',(68.521797180176,7.387710094452,0.));
#2824 = VECTOR('',#2825,1.);
#2825 = DIRECTION('',(0.555529791179,-0.831496633254,0.));
#2826 = ORIENTED_EDGE('',*,*,#2827,.T.);
#2827 = EDGE_CURVE('',#2820,#2828,#2830,.T.);
#2828 = VERTEX_POINT('',#2829);
#2829 = CARTESIAN_POINT('',(69.387702941895,6.521790027618,0.));
#2830 = LINE('',#2831,#2832);
#2831 = CARTESIAN_POINT('',(68.868598937988,6.868629932404,0.));
#2832 = VECTOR('',#2833,1.);
#2833 = DIRECTION('',(0.831480194059,-0.555554395975,0.));
#2834 = ORIENTED_EDGE('',*,*,#2835,.T.);
#2835 = EDGE_CURVE('',#2828,#2836,#2838,.T.);
#2836 = VERTEX_POINT('',#2837);
#2837 = CARTESIAN_POINT('',(70.,6.400000095367,0.));
#2838 = LINE('',#2839,#2840);
#2839 = CARTESIAN_POINT('',(69.387702941895,6.521790027618,0.));
#2840 = VECTOR('',#2841,1.);
#2841 = DIRECTION('',(0.980786360815,-0.195084890341,0.));
#2842 = ORIENTED_EDGE('',*,*,#2843,.T.);
#2843 = EDGE_CURVE('',#2836,#2844,#2846,.T.);
#2844 = VERTEX_POINT('',#2845);
#2845 = CARTESIAN_POINT('',(70.612297058105,6.521790027618,0.));
#2846 = LINE('',#2847,#2848);
#2847 = CARTESIAN_POINT('',(70.,6.400000095367,0.));
#2848 = VECTOR('',#2849,1.);
#2849 = DIRECTION('',(0.980786360815,0.195084890341,0.));
#2850 = ORIENTED_EDGE('',*,*,#2851,.T.);
#2851 = EDGE_CURVE('',#2844,#2852,#2854,.T.);
#2852 = VERTEX_POINT('',#2853);
#2853 = CARTESIAN_POINT('',(71.131401062012,6.868629932404,0.));
#2854 = LINE('',#2855,#2856);
#2855 = CARTESIAN_POINT('',(70.612297058105,6.521790027618,0.));
#2856 = VECTOR('',#2857,1.);
#2857 = DIRECTION('',(0.831480194059,0.555554395975,0.));
#2858 = ORIENTED_EDGE('',*,*,#2859,.T.);
#2859 = EDGE_CURVE('',#2852,#2860,#2862,.T.);
#2860 = VERTEX_POINT('',#2861);
#2861 = CARTESIAN_POINT('',(71.478202819824,7.387710094452,0.));
#2862 = LINE('',#2863,#2864);
#2863 = CARTESIAN_POINT('',(71.131401062012,6.868629932404,0.));
#2864 = VECTOR('',#2865,1.);
#2865 = DIRECTION('',(0.555529791179,0.831496633254,0.));
#2866 = ORIENTED_EDGE('',*,*,#2867,.T.);
#2867 = EDGE_CURVE('',#2860,#2868,#2870,.T.);
#2868 = VERTEX_POINT('',#2869);
#2869 = CARTESIAN_POINT('',(71.599998474121,8.,0.));
#2870 = LINE('',#2871,#2872);
#2871 = CARTESIAN_POINT('',(71.478202819824,7.387710094452,0.));
#2872 = VECTOR('',#2873,1.);
#2873 = DIRECTION('',(0.195095899418,0.980784170972,0.));
#2874 = ORIENTED_EDGE('',*,*,#2875,.T.);
#2875 = EDGE_CURVE('',#2868,#2876,#2878,.T.);
#2876 = VERTEX_POINT('',#2877);
#2877 = CARTESIAN_POINT('',(71.478202819824,8.612290382385,0.));
#2878 = LINE('',#2879,#2880);
#2879 = CARTESIAN_POINT('',(71.599998474121,8.,0.));
#2880 = VECTOR('',#2881,1.);
#2881 = DIRECTION('',(-0.195095753265,0.980784200045,0.));
#2882 = ORIENTED_EDGE('',*,*,#2883,.T.);
#2883 = EDGE_CURVE('',#2876,#2762,#2884,.T.);
#2884 = LINE('',#2885,#2886);
#2885 = CARTESIAN_POINT('',(71.478202819824,8.612290382385,0.));
#2886 = VECTOR('',#2887,1.);
#2887 = DIRECTION('',(-0.555530496837,0.831496161798,0.));
#2888 = FACE_BOUND('',#2889,.T.);
#2889 = EDGE_LOOP('',(#2890,#2900,#2908,#2916,#2924,#2932,#2940,#2948,
    #2956,#2964,#2972,#2980,#2988,#2996,#3004,#3012));
#2890 = ORIENTED_EDGE('',*,*,#2891,.T.);
#2891 = EDGE_CURVE('',#2892,#2894,#2896,.T.);
#2892 = VERTEX_POINT('',#2893);
#2893 = CARTESIAN_POINT('',(70.612297058105,63.478199005127,0.));
#2894 = VERTEX_POINT('',#2895);
#2895 = CARTESIAN_POINT('',(70.,63.599998474121,0.));
#2896 = LINE('',#2897,#2898);
#2897 = CARTESIAN_POINT('',(70.612297058105,63.478199005127,0.));
#2898 = VECTOR('',#2899,1.);
#2899 = DIRECTION('',(-0.980783437838,0.19509958499,0.));
#2900 = ORIENTED_EDGE('',*,*,#2901,.T.);
#2901 = EDGE_CURVE('',#2894,#2902,#2904,.T.);
#2902 = VERTEX_POINT('',#2903);
#2903 = CARTESIAN_POINT('',(69.387702941895,63.478199005127,0.));
#2904 = LINE('',#2905,#2906);
#2905 = CARTESIAN_POINT('',(70.,63.599998474121,0.));
#2906 = VECTOR('',#2907,1.);
#2907 = DIRECTION('',(-0.980783437838,-0.19509958499,0.));
#2908 = ORIENTED_EDGE('',*,*,#2909,.T.);
#2909 = EDGE_CURVE('',#2902,#2910,#2912,.T.);
#2910 = VERTEX_POINT('',#2911);
#2911 = CARTESIAN_POINT('',(68.868598937988,63.131401062012,0.));
#2912 = LINE('',#2913,#2914);
#2913 = CARTESIAN_POINT('',(69.387702941895,63.478199005127,0.));
#2914 = VECTOR('',#2915,1.);
#2915 = DIRECTION('',(-0.831511241574,-0.555507925358,0.));
#2916 = ORIENTED_EDGE('',*,*,#2917,.T.);
#2917 = EDGE_CURVE('',#2910,#2918,#2920,.T.);
#2918 = VERTEX_POINT('',#2919);
#2919 = CARTESIAN_POINT('',(68.521797180176,62.612300872803,0.));
#2920 = LINE('',#2921,#2922);
#2921 = CARTESIAN_POINT('',(68.868598937988,63.131401062012,0.));
#2922 = VECTOR('',#2923,1.);
#2923 = DIRECTION('',(-0.555514972677,-0.831506533427,0.));
#2924 = ORIENTED_EDGE('',*,*,#2925,.T.);
#2925 = EDGE_CURVE('',#2918,#2926,#2928,.T.);
#2926 = VERTEX_POINT('',#2927);
#2927 = CARTESIAN_POINT('',(68.400001525879,62.,0.));
#2928 = LINE('',#2929,#2930);
#2929 = CARTESIAN_POINT('',(68.521797180176,62.612300872803,0.));
#2930 = VECTOR('',#2931,1.);
#2931 = DIRECTION('',(-0.195092537954,-0.980784839623,0.));
#2932 = ORIENTED_EDGE('',*,*,#2933,.T.);
#2933 = EDGE_CURVE('',#2926,#2934,#2936,.T.);
#2934 = VERTEX_POINT('',#2935);
#2935 = CARTESIAN_POINT('',(68.521797180176,61.387699127197,0.));
#2936 = LINE('',#2937,#2938);
#2937 = CARTESIAN_POINT('',(68.400001525879,62.,0.));
#2938 = VECTOR('',#2939,1.);
#2939 = DIRECTION('',(0.195092537954,-0.980784839623,0.));
#2940 = ORIENTED_EDGE('',*,*,#2941,.T.);
#2941 = EDGE_CURVE('',#2934,#2942,#2944,.T.);
#2942 = VERTEX_POINT('',#2943);
#2943 = CARTESIAN_POINT('',(68.868598937988,60.868598937988,0.));
#2944 = LINE('',#2945,#2946);
#2945 = CARTESIAN_POINT('',(68.521797180176,61.387699127197,0.));
#2946 = VECTOR('',#2947,1.);
#2947 = DIRECTION('',(0.555514972677,-0.831506533427,0.));
#2948 = ORIENTED_EDGE('',*,*,#2949,.T.);
#2949 = EDGE_CURVE('',#2942,#2950,#2952,.T.);
#2950 = VERTEX_POINT('',#2951);
#2951 = CARTESIAN_POINT('',(69.387702941895,60.521800994873,0.));
#2952 = LINE('',#2953,#2954);
#2953 = CARTESIAN_POINT('',(68.868598937988,60.868598937988,0.));
#2954 = VECTOR('',#2955,1.);
#2955 = DIRECTION('',(0.831511241574,-0.555507925358,0.));
#2956 = ORIENTED_EDGE('',*,*,#2957,.T.);
#2957 = EDGE_CURVE('',#2950,#2958,#2960,.T.);
#2958 = VERTEX_POINT('',#2959);
#2959 = CARTESIAN_POINT('',(70.,60.400001525879,0.));
#2960 = LINE('',#2961,#2962);
#2961 = CARTESIAN_POINT('',(69.387702941895,60.521800994873,0.));
#2962 = VECTOR('',#2963,1.);
#2963 = DIRECTION('',(0.980783437838,-0.19509958499,0.));
#2964 = ORIENTED_EDGE('',*,*,#2965,.T.);
#2965 = EDGE_CURVE('',#2958,#2966,#2968,.T.);
#2966 = VERTEX_POINT('',#2967);
#2967 = CARTESIAN_POINT('',(70.612297058105,60.521800994873,0.));
#2968 = LINE('',#2969,#2970);
#2969 = CARTESIAN_POINT('',(70.,60.400001525879,0.));
#2970 = VECTOR('',#2971,1.);
#2971 = DIRECTION('',(0.980783437838,0.19509958499,0.));
#2972 = ORIENTED_EDGE('',*,*,#2973,.T.);
#2973 = EDGE_CURVE('',#2966,#2974,#2976,.T.);
#2974 = VERTEX_POINT('',#2975);
#2975 = CARTESIAN_POINT('',(71.131401062012,60.868598937988,0.));
#2976 = LINE('',#2977,#2978);
#2977 = CARTESIAN_POINT('',(70.612297058105,60.521800994873,0.));
#2978 = VECTOR('',#2979,1.);
#2979 = DIRECTION('',(0.831511241574,0.555507925358,0.));
#2980 = ORIENTED_EDGE('',*,*,#2981,.T.);
#2981 = EDGE_CURVE('',#2974,#2982,#2984,.T.);
#2982 = VERTEX_POINT('',#2983);
#2983 = CARTESIAN_POINT('',(71.478202819824,61.387699127197,0.));
#2984 = LINE('',#2985,#2986);
#2985 = CARTESIAN_POINT('',(71.131401062012,60.868598937988,0.));
#2986 = VECTOR('',#2987,1.);
#2987 = DIRECTION('',(0.555514972677,0.831506533427,0.));
#2988 = ORIENTED_EDGE('',*,*,#2989,.T.);
#2989 = EDGE_CURVE('',#2982,#2990,#2992,.T.);
#2990 = VERTEX_POINT('',#2991);
#2991 = CARTESIAN_POINT('',(71.599998474121,62.,0.));
#2992 = LINE('',#2993,#2994);
#2993 = CARTESIAN_POINT('',(71.478202819824,61.387699127197,0.));
#2994 = VECTOR('',#2995,1.);
#2995 = DIRECTION('',(0.195092537954,0.980784839623,0.));
#2996 = ORIENTED_EDGE('',*,*,#2997,.T.);
#2997 = EDGE_CURVE('',#2990,#2998,#3000,.T.);
#2998 = VERTEX_POINT('',#2999);
#2999 = CARTESIAN_POINT('',(71.478202819824,62.612300872803,0.));
#3000 = LINE('',#3001,#3002);
#3001 = CARTESIAN_POINT('',(71.599998474121,62.,0.));
#3002 = VECTOR('',#3003,1.);
#3003 = DIRECTION('',(-0.195092537954,0.980784839623,0.));
#3004 = ORIENTED_EDGE('',*,*,#3005,.T.);
#3005 = EDGE_CURVE('',#2998,#3006,#3008,.T.);
#3006 = VERTEX_POINT('',#3007);
#3007 = CARTESIAN_POINT('',(71.131401062012,63.131401062012,0.));
#3008 = LINE('',#3009,#3010);
#3009 = CARTESIAN_POINT('',(71.478202819824,62.612300872803,0.));
#3010 = VECTOR('',#3011,1.);
#3011 = DIRECTION('',(-0.555514972677,0.831506533427,0.));
#3012 = ORIENTED_EDGE('',*,*,#3013,.T.);
#3013 = EDGE_CURVE('',#3006,#2892,#3014,.T.);
#3014 = LINE('',#3015,#3016);
#3015 = CARTESIAN_POINT('',(71.131401062012,63.131401062012,0.));
#3016 = VECTOR('',#3017,1.);
#3017 = DIRECTION('',(-0.831511241574,0.555507925358,0.));
#3018 = FACE_BOUND('',#3019,.T.);
#3019 = EDGE_LOOP('',(#3020,#3030,#3038,#3046,#3054,#3062,#3070,#3078,
    #3086,#3094,#3102,#3110,#3118,#3126,#3134,#3142));
#3020 = ORIENTED_EDGE('',*,*,#3021,.T.);
#3021 = EDGE_CURVE('',#3022,#3024,#3026,.T.);
#3022 = VERTEX_POINT('',#3023);
#3023 = CARTESIAN_POINT('',(63.,46.099998474121,0.));
#3024 = VERTEX_POINT('',#3025);
#3025 = CARTESIAN_POINT('',(62.387699127197,45.978199005127,0.));
#3026 = LINE('',#3027,#3028);
#3027 = CARTESIAN_POINT('',(63.,46.099998474121,0.));
#3028 = VECTOR('',#3029,1.);
#3029 = DIRECTION('',(-0.980783670422,-0.195098415765,0.));
#3030 = ORIENTED_EDGE('',*,*,#3031,.T.);
#3031 = EDGE_CURVE('',#3024,#3032,#3034,.T.);
#3032 = VERTEX_POINT('',#3033);
#3033 = CARTESIAN_POINT('',(61.868598937988,45.631401062012,0.));
#3034 = LINE('',#3035,#3036);
#3035 = CARTESIAN_POINT('',(62.387699127197,45.978199005127,0.));
#3036 = VECTOR('',#3037,1.);
#3037 = DIRECTION('',(-0.831509355939,-0.555510747858,0.));
#3038 = ORIENTED_EDGE('',*,*,#3039,.T.);
#3039 = EDGE_CURVE('',#3032,#3040,#3042,.T.);
#3040 = VERTEX_POINT('',#3041);
#3041 = CARTESIAN_POINT('',(61.521800994873,45.112300872803,0.));
#3042 = LINE('',#3043,#3044);
#3043 = CARTESIAN_POINT('',(61.868598937988,45.631401062012,0.));
#3044 = VECTOR('',#3045,1.);
#3045 = DIRECTION('',(-0.555510747858,-0.831509355939,0.));
#3046 = ORIENTED_EDGE('',*,*,#3047,.T.);
#3047 = EDGE_CURVE('',#3040,#3048,#3050,.T.);
#3048 = VERTEX_POINT('',#3049);
#3049 = CARTESIAN_POINT('',(61.400001525879,44.5,0.));
#3050 = LINE('',#3051,#3052);
#3051 = CARTESIAN_POINT('',(61.521800994873,45.112300872803,0.));
#3052 = VECTOR('',#3053,1.);
#3053 = DIRECTION('',(-0.195098415765,-0.980783670422,0.));
#3054 = ORIENTED_EDGE('',*,*,#3055,.T.);
#3055 = EDGE_CURVE('',#3048,#3056,#3058,.T.);
#3056 = VERTEX_POINT('',#3057);
#3057 = CARTESIAN_POINT('',(61.521800994873,43.887699127197,0.));
#3058 = LINE('',#3059,#3060);
#3059 = CARTESIAN_POINT('',(61.400001525879,44.5,0.));
#3060 = VECTOR('',#3061,1.);
#3061 = DIRECTION('',(0.195098415765,-0.980783670422,0.));
#3062 = ORIENTED_EDGE('',*,*,#3063,.T.);
#3063 = EDGE_CURVE('',#3056,#3064,#3066,.T.);
#3064 = VERTEX_POINT('',#3065);
#3065 = CARTESIAN_POINT('',(61.868598937988,43.368598937988,0.));
#3066 = LINE('',#3067,#3068);
#3067 = CARTESIAN_POINT('',(61.521800994873,43.887699127197,0.));
#3068 = VECTOR('',#3069,1.);
#3069 = DIRECTION('',(0.555510747858,-0.831509355939,0.));
#3070 = ORIENTED_EDGE('',*,*,#3071,.T.);
#3071 = EDGE_CURVE('',#3064,#3072,#3074,.T.);
#3072 = VERTEX_POINT('',#3073);
#3073 = CARTESIAN_POINT('',(62.387699127197,43.021800994873,0.));
#3074 = LINE('',#3075,#3076);
#3075 = CARTESIAN_POINT('',(61.868598937988,43.368598937988,0.));
#3076 = VECTOR('',#3077,1.);
#3077 = DIRECTION('',(0.831509355939,-0.555510747858,0.));
#3078 = ORIENTED_EDGE('',*,*,#3079,.T.);
#3079 = EDGE_CURVE('',#3072,#3080,#3082,.T.);
#3080 = VERTEX_POINT('',#3081);
#3081 = CARTESIAN_POINT('',(63.,42.900001525879,0.));
#3082 = LINE('',#3083,#3084);
#3083 = CARTESIAN_POINT('',(62.387699127197,43.021800994873,0.));
#3084 = VECTOR('',#3085,1.);
#3085 = DIRECTION('',(0.980783670422,-0.195098415765,0.));
#3086 = ORIENTED_EDGE('',*,*,#3087,.T.);
#3087 = EDGE_CURVE('',#3080,#3088,#3090,.T.);
#3088 = VERTEX_POINT('',#3089);
#3089 = CARTESIAN_POINT('',(63.612300872803,43.021800994873,0.));
#3090 = LINE('',#3091,#3092);
#3091 = CARTESIAN_POINT('',(63.,42.900001525879,0.));
#3092 = VECTOR('',#3093,1.);
#3093 = DIRECTION('',(0.980783670422,0.195098415765,0.));
#3094 = ORIENTED_EDGE('',*,*,#3095,.T.);
#3095 = EDGE_CURVE('',#3088,#3096,#3098,.T.);
#3096 = VERTEX_POINT('',#3097);
#3097 = CARTESIAN_POINT('',(64.131401062012,43.368598937988,0.));
#3098 = LINE('',#3099,#3100);
#3099 = CARTESIAN_POINT('',(63.612300872803,43.021800994873,0.));
#3100 = VECTOR('',#3101,1.);
#3101 = DIRECTION('',(0.831509355939,0.555510747858,0.));
#3102 = ORIENTED_EDGE('',*,*,#3103,.T.);
#3103 = EDGE_CURVE('',#3096,#3104,#3106,.T.);
#3104 = VERTEX_POINT('',#3105);
#3105 = CARTESIAN_POINT('',(64.478202819824,43.887699127197,0.));
#3106 = LINE('',#3107,#3108);
#3107 = CARTESIAN_POINT('',(64.131401062012,43.368598937988,0.));
#3108 = VECTOR('',#3109,1.);
#3109 = DIRECTION('',(0.555514972677,0.831506533427,0.));
#3110 = ORIENTED_EDGE('',*,*,#3111,.T.);
#3111 = EDGE_CURVE('',#3104,#3112,#3114,.T.);
#3112 = VERTEX_POINT('',#3113);
#3113 = CARTESIAN_POINT('',(64.599998474121,44.5,0.));
#3114 = LINE('',#3115,#3116);
#3115 = CARTESIAN_POINT('',(64.478202819824,43.887699127197,0.));
#3116 = VECTOR('',#3117,1.);
#3117 = DIRECTION('',(0.195092537954,0.980784839623,0.));
#3118 = ORIENTED_EDGE('',*,*,#3119,.T.);
#3119 = EDGE_CURVE('',#3112,#3120,#3122,.T.);
#3120 = VERTEX_POINT('',#3121);
#3121 = CARTESIAN_POINT('',(64.478202819824,45.112300872803,0.));
#3122 = LINE('',#3123,#3124);
#3123 = CARTESIAN_POINT('',(64.599998474121,44.5,0.));
#3124 = VECTOR('',#3125,1.);
#3125 = DIRECTION('',(-0.195092537954,0.980784839623,0.));
#3126 = ORIENTED_EDGE('',*,*,#3127,.T.);
#3127 = EDGE_CURVE('',#3120,#3128,#3130,.T.);
#3128 = VERTEX_POINT('',#3129);
#3129 = CARTESIAN_POINT('',(64.131401062012,45.631401062012,0.));
#3130 = LINE('',#3131,#3132);
#3131 = CARTESIAN_POINT('',(64.478202819824,45.112300872803,0.));
#3132 = VECTOR('',#3133,1.);
#3133 = DIRECTION('',(-0.555514972677,0.831506533427,0.));
#3134 = ORIENTED_EDGE('',*,*,#3135,.T.);
#3135 = EDGE_CURVE('',#3128,#3136,#3138,.T.);
#3136 = VERTEX_POINT('',#3137);
#3137 = CARTESIAN_POINT('',(63.612300872803,45.978199005127,0.));
#3138 = LINE('',#3139,#3140);
#3139 = CARTESIAN_POINT('',(64.131401062012,45.631401062012,0.));
#3140 = VECTOR('',#3141,1.);
#3141 = DIRECTION('',(-0.831509355939,0.555510747858,0.));
#3142 = ORIENTED_EDGE('',*,*,#3143,.T.);
#3143 = EDGE_CURVE('',#3136,#3022,#3144,.T.);
#3144 = LINE('',#3145,#3146);
#3145 = CARTESIAN_POINT('',(63.612300872803,45.978199005127,0.));
#3146 = VECTOR('',#3147,1.);
#3147 = DIRECTION('',(-0.980783670422,0.195098415765,0.));
#3148 = FACE_BOUND('',#3149,.T.);
#3149 = EDGE_LOOP('',(#3150,#3160,#3168,#3176,#3184,#3192,#3200,#3208,
    #3216,#3224,#3232,#3240,#3248,#3256,#3264,#3272));
#3150 = ORIENTED_EDGE('',*,*,#3151,.T.);
#3151 = EDGE_CURVE('',#3152,#3154,#3156,.T.);
#3152 = VERTEX_POINT('',#3153);
#3153 = CARTESIAN_POINT('',(80.521797180176,45.112300872803,0.));
#3154 = VERTEX_POINT('',#3155);
#3155 = CARTESIAN_POINT('',(80.400001525879,44.5,0.));
#3156 = LINE('',#3157,#3158);
#3157 = CARTESIAN_POINT('',(80.521797180176,45.112300872803,0.));
#3158 = VECTOR('',#3159,1.);
#3159 = DIRECTION('',(-0.195092537954,-0.980784839623,0.));
#3160 = ORIENTED_EDGE('',*,*,#3161,.T.);
#3161 = EDGE_CURVE('',#3154,#3162,#3164,.T.);
#3162 = VERTEX_POINT('',#3163);
#3163 = CARTESIAN_POINT('',(80.521797180176,43.887699127197,0.));
#3164 = LINE('',#3165,#3166);
#3165 = CARTESIAN_POINT('',(80.400001525879,44.5,0.));
#3166 = VECTOR('',#3167,1.);
#3167 = DIRECTION('',(0.195092537954,-0.980784839623,0.));
#3168 = ORIENTED_EDGE('',*,*,#3169,.T.);
#3169 = EDGE_CURVE('',#3162,#3170,#3172,.T.);
#3170 = VERTEX_POINT('',#3171);
#3171 = CARTESIAN_POINT('',(80.868598937988,43.368598937988,0.));
#3172 = LINE('',#3173,#3174);
#3173 = CARTESIAN_POINT('',(80.521797180176,43.887699127197,0.));
#3174 = VECTOR('',#3175,1.);
#3175 = DIRECTION('',(0.555514972677,-0.831506533427,0.));
#3176 = ORIENTED_EDGE('',*,*,#3177,.T.);
#3177 = EDGE_CURVE('',#3170,#3178,#3180,.T.);
#3178 = VERTEX_POINT('',#3179);
#3179 = CARTESIAN_POINT('',(81.387702941895,43.021800994873,0.));
#3180 = LINE('',#3181,#3182);
#3181 = CARTESIAN_POINT('',(80.868598937988,43.368598937988,0.));
#3182 = VECTOR('',#3183,1.);
#3183 = DIRECTION('',(0.831511241574,-0.555507925358,0.));
#3184 = ORIENTED_EDGE('',*,*,#3185,.T.);
#3185 = EDGE_CURVE('',#3178,#3186,#3188,.T.);
#3186 = VERTEX_POINT('',#3187);
#3187 = CARTESIAN_POINT('',(82.,42.900001525879,0.));
#3188 = LINE('',#3189,#3190);
#3189 = CARTESIAN_POINT('',(81.387702941895,43.021800994873,0.));
#3190 = VECTOR('',#3191,1.);
#3191 = DIRECTION('',(0.980783437838,-0.19509958499,0.));
#3192 = ORIENTED_EDGE('',*,*,#3193,.T.);
#3193 = EDGE_CURVE('',#3186,#3194,#3196,.T.);
#3194 = VERTEX_POINT('',#3195);
#3195 = CARTESIAN_POINT('',(82.612297058105,43.021800994873,0.));
#3196 = LINE('',#3197,#3198);
#3197 = CARTESIAN_POINT('',(82.,42.900001525879,0.));
#3198 = VECTOR('',#3199,1.);
#3199 = DIRECTION('',(0.980783437838,0.19509958499,0.));
#3200 = ORIENTED_EDGE('',*,*,#3201,.T.);
#3201 = EDGE_CURVE('',#3194,#3202,#3204,.T.);
#3202 = VERTEX_POINT('',#3203);
#3203 = CARTESIAN_POINT('',(83.131401062012,43.368598937988,0.));
#3204 = LINE('',#3205,#3206);
#3205 = CARTESIAN_POINT('',(82.612297058105,43.021800994873,0.));
#3206 = VECTOR('',#3207,1.);
#3207 = DIRECTION('',(0.831511241574,0.555507925358,0.));
#3208 = ORIENTED_EDGE('',*,*,#3209,.T.);
#3209 = EDGE_CURVE('',#3202,#3210,#3212,.T.);
#3210 = VERTEX_POINT('',#3211);
#3211 = CARTESIAN_POINT('',(83.478202819824,43.887699127197,0.));
#3212 = LINE('',#3213,#3214);
#3213 = CARTESIAN_POINT('',(83.131401062012,43.368598937988,0.));
#3214 = VECTOR('',#3215,1.);
#3215 = DIRECTION('',(0.555514972677,0.831506533427,0.));
#3216 = ORIENTED_EDGE('',*,*,#3217,.T.);
#3217 = EDGE_CURVE('',#3210,#3218,#3220,.T.);
#3218 = VERTEX_POINT('',#3219);
#3219 = CARTESIAN_POINT('',(83.599998474121,44.5,0.));
#3220 = LINE('',#3221,#3222);
#3221 = CARTESIAN_POINT('',(83.478202819824,43.887699127197,0.));
#3222 = VECTOR('',#3223,1.);
#3223 = DIRECTION('',(0.195092537954,0.980784839623,0.));
#3224 = ORIENTED_EDGE('',*,*,#3225,.T.);
#3225 = EDGE_CURVE('',#3218,#3226,#3228,.T.);
#3226 = VERTEX_POINT('',#3227);
#3227 = CARTESIAN_POINT('',(83.478202819824,45.112300872803,0.));
#3228 = LINE('',#3229,#3230);
#3229 = CARTESIAN_POINT('',(83.599998474121,44.5,0.));
#3230 = VECTOR('',#3231,1.);
#3231 = DIRECTION('',(-0.195092537954,0.980784839623,0.));
#3232 = ORIENTED_EDGE('',*,*,#3233,.T.);
#3233 = EDGE_CURVE('',#3226,#3234,#3236,.T.);
#3234 = VERTEX_POINT('',#3235);
#3235 = CARTESIAN_POINT('',(83.131401062012,45.631401062012,0.));
#3236 = LINE('',#3237,#3238);
#3237 = CARTESIAN_POINT('',(83.478202819824,45.112300872803,0.));
#3238 = VECTOR('',#3239,1.);
#3239 = DIRECTION('',(-0.555514972677,0.831506533427,0.));
#3240 = ORIENTED_EDGE('',*,*,#3241,.T.);
#3241 = EDGE_CURVE('',#3234,#3242,#3244,.T.);
#3242 = VERTEX_POINT('',#3243);
#3243 = CARTESIAN_POINT('',(82.612297058105,45.978199005127,0.));
#3244 = LINE('',#3245,#3246);
#3245 = CARTESIAN_POINT('',(83.131401062012,45.631401062012,0.));
#3246 = VECTOR('',#3247,1.);
#3247 = DIRECTION('',(-0.831511241574,0.555507925358,0.));
#3248 = ORIENTED_EDGE('',*,*,#3249,.T.);
#3249 = EDGE_CURVE('',#3242,#3250,#3252,.T.);
#3250 = VERTEX_POINT('',#3251);
#3251 = CARTESIAN_POINT('',(82.,46.099998474121,0.));
#3252 = LINE('',#3253,#3254);
#3253 = CARTESIAN_POINT('',(82.612297058105,45.978199005127,0.));
#3254 = VECTOR('',#3255,1.);
#3255 = DIRECTION('',(-0.980783437838,0.19509958499,0.));
#3256 = ORIENTED_EDGE('',*,*,#3257,.T.);
#3257 = EDGE_CURVE('',#3250,#3258,#3260,.T.);
#3258 = VERTEX_POINT('',#3259);
#3259 = CARTESIAN_POINT('',(81.387702941895,45.978199005127,0.));
#3260 = LINE('',#3261,#3262);
#3261 = CARTESIAN_POINT('',(82.,46.099998474121,0.));
#3262 = VECTOR('',#3263,1.);
#3263 = DIRECTION('',(-0.980783437838,-0.19509958499,0.));
#3264 = ORIENTED_EDGE('',*,*,#3265,.T.);
#3265 = EDGE_CURVE('',#3258,#3266,#3268,.T.);
#3266 = VERTEX_POINT('',#3267);
#3267 = CARTESIAN_POINT('',(80.868598937988,45.631401062012,0.));
#3268 = LINE('',#3269,#3270);
#3269 = CARTESIAN_POINT('',(81.387702941895,45.978199005127,0.));
#3270 = VECTOR('',#3271,1.);
#3271 = DIRECTION('',(-0.831511241574,-0.555507925358,0.));
#3272 = ORIENTED_EDGE('',*,*,#3273,.T.);
#3273 = EDGE_CURVE('',#3266,#3152,#3274,.T.);
#3274 = LINE('',#3275,#3276);
#3275 = CARTESIAN_POINT('',(80.868598937988,45.631401062012,0.));
#3276 = VECTOR('',#3277,1.);
#3277 = DIRECTION('',(-0.555514972677,-0.831506533427,0.));
#3278 = PLANE('',#3279);
#3279 = AXIS2_PLACEMENT_3D('',#3280,#3281,#3282);
#3280 = CARTESIAN_POINT('',(70.,35.,0.));
#3281 = DIRECTION('',(-0.,-0.,-1.));
#3282 = DIRECTION('',(-1.,0.,0.));
#3283 = ADVANCED_FACE('',(#3284),#3300,.T.);
#3284 = FACE_BOUND('',#3285,.T.);
#3285 = EDGE_LOOP('',(#3286,#3292,#3293,#3299));
#3286 = ORIENTED_EDGE('',*,*,#3287,.T.);
#3287 = EDGE_CURVE('',#40,#1675,#3288,.T.);
#3288 = LINE('',#3289,#3290);
#3289 = CARTESIAN_POINT('',(0.,70.,3.));
#3290 = VECTOR('',#3291,1.);
#3291 = DIRECTION('',(0.,0.,-1.));
#3292 = ORIENTED_EDGE('',*,*,#1691,.F.);
#3293 = ORIENTED_EDGE('',*,*,#3294,.T.);
#3294 = EDGE_CURVE('',#1684,#22,#3295,.T.);
#3295 = LINE('',#3296,#3297);
#3296 = CARTESIAN_POINT('',(0.,0.,0.));
#3297 = VECTOR('',#3298,1.);
#3298 = DIRECTION('',(0.,0.,1.));
#3299 = ORIENTED_EDGE('',*,*,#47,.F.);
#3300 = PLANE('',#3301);
#3301 = AXIS2_PLACEMENT_3D('',#3302,#3303,#3304);
#3302 = CARTESIAN_POINT('',(0.,35.,1.5));
#3303 = DIRECTION('',(-1.,-0.,-0.));
#3304 = DIRECTION('',(0.,0.,-1.));
#3305 = ADVANCED_FACE('',(#3306),#3312,.T.);
#3306 = FACE_BOUND('',#3307,.T.);
#3307 = EDGE_LOOP('',(#3308,#3309,#3310,#3311));
#3308 = ORIENTED_EDGE('',*,*,#39,.F.);
#3309 = ORIENTED_EDGE('',*,*,#1643,.F.);
#3310 = ORIENTED_EDGE('',*,*,#1674,.F.);
#3311 = ORIENTED_EDGE('',*,*,#3287,.F.);
#3312 = PLANE('',#3313);
#3313 = AXIS2_PLACEMENT_3D('',#3314,#3315,#3316);
#3314 = CARTESIAN_POINT('',(70.,70.,1.5));
#3315 = DIRECTION('',(0.,1.,0.));
#3316 = DIRECTION('',(0.,-0.,1.));
#3317 = ADVANCED_FACE('',(#3318),#3324,.T.);
#3318 = FACE_BOUND('',#3319,.T.);
#3319 = EDGE_LOOP('',(#3320,#3321,#3322,#3323));
#3320 = ORIENTED_EDGE('',*,*,#21,.F.);
#3321 = ORIENTED_EDGE('',*,*,#3294,.F.);
#3322 = ORIENTED_EDGE('',*,*,#1683,.F.);
#3323 = ORIENTED_EDGE('',*,*,#1652,.F.);
#3324 = PLANE('',#3325);
#3325 = AXIS2_PLACEMENT_3D('',#3326,#3327,#3328);
#3326 = CARTESIAN_POINT('',(70.,0.,1.5));
#3327 = DIRECTION('',(-0.,-1.,-0.));
#3328 = DIRECTION('',(0.,0.,-1.));
#3329 = ADVANCED_FACE('',(#3330),#3346,.T.);
#3330 = FACE_BOUND('',#3331,.T.);
#3331 = EDGE_LOOP('',(#3332,#3338,#3339,#3345));
#3332 = ORIENTED_EDGE('',*,*,#3333,.T.);
#3333 = EDGE_CURVE('',#802,#2560,#3334,.T.);
#3334 = LINE('',#3335,#3336);
#3335 = CARTESIAN_POINT('',(64.131401062012,26.631399154663,3.));
#3336 = VECTOR('',#3337,1.);
#3337 = DIRECTION('',(0.,0.,-1.));
#3338 = ORIENTED_EDGE('',*,*,#2559,.F.);
#3339 = ORIENTED_EDGE('',*,*,#3340,.T.);
#3340 = EDGE_CURVE('',#2552,#810,#3341,.T.);
#3341 = LINE('',#3342,#3343);
#3342 = CARTESIAN_POINT('',(64.478202819824,26.112300872803,0.));
#3343 = VECTOR('',#3344,1.);
#3344 = DIRECTION('',(0.,0.,1.));
#3345 = ORIENTED_EDGE('',*,*,#809,.F.);
#3346 = PLANE('',#3347);
#3347 = AXIS2_PLACEMENT_3D('',#3348,#3349,#3350);
#3348 = CARTESIAN_POINT('',(64.304801940918,26.371850013733,1.5));
#3349 = DIRECTION('',(-0.831505590587,-0.555516383936,-0.));
#3350 = DIRECTION('',(0.555516383936,-0.831505590587,0.));
#3351 = ADVANCED_FACE('',(#3352),#3363,.T.);
#3352 = FACE_BOUND('',#3353,.T.);
#3353 = EDGE_LOOP('',(#3354,#3355,#3356,#3362));
#3354 = ORIENTED_EDGE('',*,*,#3340,.F.);
#3355 = ORIENTED_EDGE('',*,*,#2551,.F.);
#3356 = ORIENTED_EDGE('',*,*,#3357,.T.);
#3357 = EDGE_CURVE('',#2544,#818,#3358,.T.);
#3358 = LINE('',#3359,#3360);
#3359 = CARTESIAN_POINT('',(64.599998474121,25.5,0.));
#3360 = VECTOR('',#3361,1.);
#3361 = DIRECTION('',(0.,0.,1.));
#3362 = ORIENTED_EDGE('',*,*,#817,.F.);
#3363 = PLANE('',#3364);
#3364 = AXIS2_PLACEMENT_3D('',#3365,#3366,#3367);
#3365 = CARTESIAN_POINT('',(64.539100646973,25.806150436401,1.5));
#3366 = DIRECTION('',(-0.980784839623,-0.195092537954,-0.));
#3367 = DIRECTION('',(0.195092537954,-0.980784839623,0.));
#3368 = ADVANCED_FACE('',(#3369),#3380,.T.);
#3369 = FACE_BOUND('',#3370,.T.);
#3370 = EDGE_LOOP('',(#3371,#3372,#3378,#3379));
#3371 = ORIENTED_EDGE('',*,*,#801,.F.);
#3372 = ORIENTED_EDGE('',*,*,#3373,.T.);
#3373 = EDGE_CURVE('',#794,#2568,#3374,.T.);
#3374 = LINE('',#3375,#3376);
#3375 = CARTESIAN_POINT('',(63.612300872803,26.978200912476,3.));
#3376 = VECTOR('',#3377,1.);
#3377 = DIRECTION('',(0.,0.,-1.));
#3378 = ORIENTED_EDGE('',*,*,#2567,.F.);
#3379 = ORIENTED_EDGE('',*,*,#3333,.F.);
#3380 = PLANE('',#3381);
#3381 = AXIS2_PLACEMENT_3D('',#3382,#3383,#3384);
#3382 = CARTESIAN_POINT('',(63.871850967407,26.804800033569,1.5));
#3383 = DIRECTION('',(-0.555514972677,-0.831506533427,-0.));
#3384 = DIRECTION('',(-0.831506533427,0.555514972677,0.));
#3385 = ADVANCED_FACE('',(#3386),#3402,.T.);
#3386 = FACE_BOUND('',#3387,.T.);
#3387 = EDGE_LOOP('',(#3388,#3394,#3395,#3401));
#3388 = ORIENTED_EDGE('',*,*,#3389,.T.);
#3389 = EDGE_CURVE('',#826,#2536,#3390,.T.);
#3390 = LINE('',#3391,#3392);
#3391 = CARTESIAN_POINT('',(64.478202819824,24.887699127197,3.));
#3392 = VECTOR('',#3393,1.);
#3393 = DIRECTION('',(0.,0.,-1.));
#3394 = ORIENTED_EDGE('',*,*,#2535,.F.);
#3395 = ORIENTED_EDGE('',*,*,#3396,.T.);
#3396 = EDGE_CURVE('',#2528,#834,#3397,.T.);
#3397 = LINE('',#3398,#3399);
#3398 = CARTESIAN_POINT('',(64.131401062012,24.368600845337,0.));
#3399 = VECTOR('',#3400,1.);
#3400 = DIRECTION('',(0.,0.,1.));
#3401 = ORIENTED_EDGE('',*,*,#833,.F.);
#3402 = PLANE('',#3403);
#3403 = AXIS2_PLACEMENT_3D('',#3404,#3405,#3406);
#3404 = CARTESIAN_POINT('',(64.304801940918,24.628149986267,1.5));
#3405 = DIRECTION('',(-0.831505590587,0.555516383936,-0.));
#3406 = DIRECTION('',(-0.555516383936,-0.831505590587,0.));
#3407 = ADVANCED_FACE('',(#3408),#3424,.T.);
#3408 = FACE_BOUND('',#3409,.T.);
#3409 = EDGE_LOOP('',(#3410,#3411,#3417,#3418));
#3410 = ORIENTED_EDGE('',*,*,#785,.F.);
#3411 = ORIENTED_EDGE('',*,*,#3412,.T.);
#3412 = EDGE_CURVE('',#778,#2584,#3413,.T.);
#3413 = LINE('',#3414,#3415);
#3414 = CARTESIAN_POINT('',(62.387699127197,26.978200912476,3.));
#3415 = VECTOR('',#3416,1.);
#3416 = DIRECTION('',(0.,0.,-1.));
#3417 = ORIENTED_EDGE('',*,*,#2583,.F.);
#3418 = ORIENTED_EDGE('',*,*,#3419,.T.);
#3419 = EDGE_CURVE('',#2576,#786,#3420,.T.);
#3420 = LINE('',#3421,#3422);
#3421 = CARTESIAN_POINT('',(63.,27.10000038147,0.));
#3422 = VECTOR('',#3423,1.);
#3423 = DIRECTION('',(0.,0.,1.));
#3424 = PLANE('',#3425);
#3425 = AXIS2_PLACEMENT_3D('',#3426,#3427,#3428);
#3426 = CARTESIAN_POINT('',(62.693849563599,27.039100646973,1.5));
#3427 = DIRECTION('',(0.195098415765,-0.980783670422,-0.));
#3428 = DIRECTION('',(-0.980783670422,-0.195098415765,0.));
#3429 = ADVANCED_FACE('',(#3430),#3446,.T.);
#3430 = FACE_BOUND('',#3431,.T.);
#3431 = EDGE_LOOP('',(#3432,#3438,#3439,#3445));
#3432 = ORIENTED_EDGE('',*,*,#3433,.T.);
#3433 = EDGE_CURVE('',#2592,#770,#3434,.T.);
#3434 = LINE('',#3435,#3436);
#3435 = CARTESIAN_POINT('',(61.868598937988,26.631399154663,0.));
#3436 = VECTOR('',#3437,1.);
#3437 = DIRECTION('',(0.,0.,1.));
#3438 = ORIENTED_EDGE('',*,*,#769,.F.);
#3439 = ORIENTED_EDGE('',*,*,#3440,.T.);
#3440 = EDGE_CURVE('',#762,#2600,#3441,.T.);
#3441 = LINE('',#3442,#3443);
#3442 = CARTESIAN_POINT('',(61.521800994873,26.112300872803,3.));
#3443 = VECTOR('',#3444,1.);
#3444 = DIRECTION('',(0.,0.,-1.));
#3445 = ORIENTED_EDGE('',*,*,#2599,.F.);
#3446 = PLANE('',#3447);
#3447 = AXIS2_PLACEMENT_3D('',#3448,#3449,#3450);
#3448 = CARTESIAN_POINT('',(61.695199966431,26.371850013733,1.5));
#3449 = DIRECTION('',(0.831508413111,-0.555512159116,0.));
#3450 = DIRECTION('',(0.555512159116,0.831508413111,0.));
#3451 = ADVANCED_FACE('',(#3452),#3463,.T.);
#3452 = FACE_BOUND('',#3453,.T.);
#3453 = EDGE_LOOP('',(#3454,#3455,#3456,#3462));
#3454 = ORIENTED_EDGE('',*,*,#3440,.F.);
#3455 = ORIENTED_EDGE('',*,*,#761,.F.);
#3456 = ORIENTED_EDGE('',*,*,#3457,.T.);
#3457 = EDGE_CURVE('',#754,#2608,#3458,.T.);
#3458 = LINE('',#3459,#3460);
#3459 = CARTESIAN_POINT('',(61.400001525879,25.5,3.));
#3460 = VECTOR('',#3461,1.);
#3461 = DIRECTION('',(0.,0.,-1.));
#3462 = ORIENTED_EDGE('',*,*,#2607,.F.);
#3463 = PLANE('',#3464);
#3464 = AXIS2_PLACEMENT_3D('',#3465,#3466,#3467);
#3465 = CARTESIAN_POINT('',(61.460901260376,25.806150436401,1.5));
#3466 = DIRECTION('',(0.980783670422,-0.195098415765,0.));
#3467 = DIRECTION('',(0.195098415765,0.980783670422,0.));
#3468 = ADVANCED_FACE('',(#3469),#3485,.T.);
#3469 = FACE_BOUND('',#3470,.T.);
#3470 = EDGE_LOOP('',(#3471,#3472,#3478,#3479));
#3471 = ORIENTED_EDGE('',*,*,#849,.F.);
#3472 = ORIENTED_EDGE('',*,*,#3473,.T.);
#3473 = EDGE_CURVE('',#842,#2520,#3474,.T.);
#3474 = LINE('',#3475,#3476);
#3475 = CARTESIAN_POINT('',(63.612300872803,24.021799087524,3.));
#3476 = VECTOR('',#3477,1.);
#3477 = DIRECTION('',(0.,0.,-1.));
#3478 = ORIENTED_EDGE('',*,*,#2519,.F.);
#3479 = ORIENTED_EDGE('',*,*,#3480,.T.);
#3480 = EDGE_CURVE('',#2512,#728,#3481,.T.);
#3481 = LINE('',#3482,#3483);
#3482 = CARTESIAN_POINT('',(63.,23.89999961853,0.));
#3483 = VECTOR('',#3484,1.);
#3484 = DIRECTION('',(0.,0.,1.));
#3485 = PLANE('',#3486);
#3486 = AXIS2_PLACEMENT_3D('',#3487,#3488,#3489);
#3487 = CARTESIAN_POINT('',(63.306150436401,23.960899353027,1.5));
#3488 = DIRECTION('',(-0.195098415765,0.980783670422,0.));
#3489 = DIRECTION('',(0.980783670422,0.195098415765,0.));
#3490 = ADVANCED_FACE('',(#3491),#3502,.T.);
#3491 = FACE_BOUND('',#3492,.T.);
#3492 = EDGE_LOOP('',(#3493,#3494,#3495,#3496));
#3493 = ORIENTED_EDGE('',*,*,#727,.F.);
#3494 = ORIENTED_EDGE('',*,*,#3480,.F.);
#3495 = ORIENTED_EDGE('',*,*,#2511,.F.);
#3496 = ORIENTED_EDGE('',*,*,#3497,.T.);
#3497 = EDGE_CURVE('',#2504,#730,#3498,.T.);
#3498 = LINE('',#3499,#3500);
#3499 = CARTESIAN_POINT('',(62.387699127197,24.021799087524,0.));
#3500 = VECTOR('',#3501,1.);
#3501 = DIRECTION('',(0.,0.,1.));
#3502 = PLANE('',#3503);
#3503 = AXIS2_PLACEMENT_3D('',#3504,#3505,#3506);
#3504 = CARTESIAN_POINT('',(62.693849563599,23.960899353027,1.5));
#3505 = DIRECTION('',(0.195098415765,0.980783670422,0.));
#3506 = DIRECTION('',(0.980783670422,-0.195098415765,0.));
#3507 = ADVANCED_FACE('',(#3508),#3519,.T.);
#3508 = FACE_BOUND('',#3509,.T.);
#3509 = EDGE_LOOP('',(#3510,#3511,#3512,#3518));
#3510 = ORIENTED_EDGE('',*,*,#3457,.F.);
#3511 = ORIENTED_EDGE('',*,*,#753,.F.);
#3512 = ORIENTED_EDGE('',*,*,#3513,.T.);
#3513 = EDGE_CURVE('',#746,#2616,#3514,.T.);
#3514 = LINE('',#3515,#3516);
#3515 = CARTESIAN_POINT('',(61.521800994873,24.887699127197,3.));
#3516 = VECTOR('',#3517,1.);
#3517 = DIRECTION('',(0.,0.,-1.));
#3518 = ORIENTED_EDGE('',*,*,#2615,.F.);
#3519 = PLANE('',#3520);
#3520 = AXIS2_PLACEMENT_3D('',#3521,#3522,#3523);
#3521 = CARTESIAN_POINT('',(61.460901260376,25.193849563599,1.5));
#3522 = DIRECTION('',(0.980783670422,0.195098415765,0.));
#3523 = DIRECTION('',(-0.195098415765,0.980783670422,0.));
#3524 = ADVANCED_FACE('',(#3525),#3531,.T.);
#3525 = FACE_BOUND('',#3526,.T.);
#3526 = EDGE_LOOP('',(#3527,#3528,#3529,#3530));
#3527 = ORIENTED_EDGE('',*,*,#793,.F.);
#3528 = ORIENTED_EDGE('',*,*,#3419,.F.);
#3529 = ORIENTED_EDGE('',*,*,#2575,.F.);
#3530 = ORIENTED_EDGE('',*,*,#3373,.F.);
#3531 = PLANE('',#3532);
#3532 = AXIS2_PLACEMENT_3D('',#3533,#3534,#3535);
#3533 = CARTESIAN_POINT('',(63.306150436401,27.039100646973,1.5));
#3534 = DIRECTION('',(-0.195098415765,-0.980783670422,-0.));
#3535 = DIRECTION('',(-0.980783670422,0.195098415765,0.));
#3536 = ADVANCED_FACE('',(#3537),#3543,.T.);
#3537 = FACE_BOUND('',#3538,.T.);
#3538 = EDGE_LOOP('',(#3539,#3540,#3541,#3542));
#3539 = ORIENTED_EDGE('',*,*,#3357,.F.);
#3540 = ORIENTED_EDGE('',*,*,#2543,.F.);
#3541 = ORIENTED_EDGE('',*,*,#3389,.F.);
#3542 = ORIENTED_EDGE('',*,*,#825,.F.);
#3543 = PLANE('',#3544);
#3544 = AXIS2_PLACEMENT_3D('',#3545,#3546,#3547);
#3545 = CARTESIAN_POINT('',(64.539100646973,25.193849563599,1.5));
#3546 = DIRECTION('',(-0.980784839623,0.195092537954,-0.));
#3547 = DIRECTION('',(-0.195092537954,-0.980784839623,0.));
#3548 = ADVANCED_FACE('',(#3549),#3555,.T.);
#3549 = FACE_BOUND('',#3550,.T.);
#3550 = EDGE_LOOP('',(#3551,#3552,#3553,#3554));
#3551 = ORIENTED_EDGE('',*,*,#841,.F.);
#3552 = ORIENTED_EDGE('',*,*,#3396,.F.);
#3553 = ORIENTED_EDGE('',*,*,#2527,.F.);
#3554 = ORIENTED_EDGE('',*,*,#3473,.F.);
#3555 = PLANE('',#3556);
#3556 = AXIS2_PLACEMENT_3D('',#3557,#3558,#3559);
#3557 = CARTESIAN_POINT('',(63.871850967407,24.195199966431,1.5));
#3558 = DIRECTION('',(-0.555514972677,0.831506533427,0.));
#3559 = DIRECTION('',(0.831506533427,0.555514972677,0.));
#3560 = ADVANCED_FACE('',(#3561),#3572,.T.);
#3561 = FACE_BOUND('',#3562,.T.);
#3562 = EDGE_LOOP('',(#3563,#3564,#3565,#3571));
#3563 = ORIENTED_EDGE('',*,*,#3513,.F.);
#3564 = ORIENTED_EDGE('',*,*,#745,.F.);
#3565 = ORIENTED_EDGE('',*,*,#3566,.T.);
#3566 = EDGE_CURVE('',#738,#2502,#3567,.T.);
#3567 = LINE('',#3568,#3569);
#3568 = CARTESIAN_POINT('',(61.868598937988,24.368600845337,3.));
#3569 = VECTOR('',#3570,1.);
#3570 = DIRECTION('',(0.,0.,-1.));
#3571 = ORIENTED_EDGE('',*,*,#2623,.F.);
#3572 = PLANE('',#3573);
#3573 = AXIS2_PLACEMENT_3D('',#3574,#3575,#3576);
#3574 = CARTESIAN_POINT('',(61.695199966431,24.628149986267,1.5));
#3575 = DIRECTION('',(0.831508413111,0.555512159116,0.));
#3576 = DIRECTION('',(-0.555512159116,0.831508413111,0.));
#3577 = ADVANCED_FACE('',(#3578),#3584,.T.);
#3578 = FACE_BOUND('',#3579,.T.);
#3579 = EDGE_LOOP('',(#3580,#3581,#3582,#3583));
#3580 = ORIENTED_EDGE('',*,*,#777,.F.);
#3581 = ORIENTED_EDGE('',*,*,#3433,.F.);
#3582 = ORIENTED_EDGE('',*,*,#2591,.F.);
#3583 = ORIENTED_EDGE('',*,*,#3412,.F.);
#3584 = PLANE('',#3585);
#3585 = AXIS2_PLACEMENT_3D('',#3586,#3587,#3588);
#3586 = CARTESIAN_POINT('',(62.128149032593,26.804800033569,1.5));
#3587 = DIRECTION('',(0.555514972677,-0.831506533427,-0.));
#3588 = DIRECTION('',(-0.831506533427,-0.555514972677,0.));
#3589 = ADVANCED_FACE('',(#3590),#3596,.T.);
#3590 = FACE_BOUND('',#3591,.T.);
#3591 = EDGE_LOOP('',(#3592,#3593,#3594,#3595));
#3592 = ORIENTED_EDGE('',*,*,#737,.F.);
#3593 = ORIENTED_EDGE('',*,*,#3497,.F.);
#3594 = ORIENTED_EDGE('',*,*,#2501,.F.);
#3595 = ORIENTED_EDGE('',*,*,#3566,.F.);
#3596 = PLANE('',#3597);
#3597 = AXIS2_PLACEMENT_3D('',#3598,#3599,#3600);
#3598 = CARTESIAN_POINT('',(62.128149032593,24.195199966431,1.5));
#3599 = DIRECTION('',(0.555514972677,0.831506533427,0.));
#3600 = DIRECTION('',(0.831506533427,-0.555514972677,0.));
#3601 = ADVANCED_FACE('',(#3602),#3618,.T.);
#3602 = FACE_BOUND('',#3603,.T.);
#3603 = EDGE_LOOP('',(#3604,#3610,#3611,#3617));
#3604 = ORIENTED_EDGE('',*,*,#3605,.T.);
#3605 = EDGE_CURVE('',#908,#2478,#3606,.T.);
#3606 = LINE('',#3607,#3608);
#3607 = CARTESIAN_POINT('',(83.131401062012,26.631399154663,3.));
#3608 = VECTOR('',#3609,1.);
#3609 = DIRECTION('',(0.,0.,-1.));
#3610 = ORIENTED_EDGE('',*,*,#2477,.F.);
#3611 = ORIENTED_EDGE('',*,*,#3612,.T.);
#3612 = EDGE_CURVE('',#2470,#916,#3613,.T.);
#3613 = LINE('',#3614,#3615);
#3614 = CARTESIAN_POINT('',(83.478202819824,26.112300872803,0.));
#3615 = VECTOR('',#3616,1.);
#3616 = DIRECTION('',(0.,0.,1.));
#3617 = ORIENTED_EDGE('',*,*,#915,.F.);
#3618 = PLANE('',#3619);
#3619 = AXIS2_PLACEMENT_3D('',#3620,#3621,#3622);
#3620 = CARTESIAN_POINT('',(83.304801940918,26.371850013733,1.5));
#3621 = DIRECTION('',(-0.831505590587,-0.555516383936,-0.));
#3622 = DIRECTION('',(0.555516383936,-0.831505590587,0.));
#3623 = ADVANCED_FACE('',(#3624),#3635,.T.);
#3624 = FACE_BOUND('',#3625,.T.);
#3625 = EDGE_LOOP('',(#3626,#3627,#3628,#3634));
#3626 = ORIENTED_EDGE('',*,*,#3612,.F.);
#3627 = ORIENTED_EDGE('',*,*,#2469,.F.);
#3628 = ORIENTED_EDGE('',*,*,#3629,.T.);
#3629 = EDGE_CURVE('',#2462,#924,#3630,.T.);
#3630 = LINE('',#3631,#3632);
#3631 = CARTESIAN_POINT('',(83.599998474121,25.5,0.));
#3632 = VECTOR('',#3633,1.);
#3633 = DIRECTION('',(0.,0.,1.));
#3634 = ORIENTED_EDGE('',*,*,#923,.F.);
#3635 = PLANE('',#3636);
#3636 = AXIS2_PLACEMENT_3D('',#3637,#3638,#3639);
#3637 = CARTESIAN_POINT('',(83.539100646973,25.806150436401,1.5));
#3638 = DIRECTION('',(-0.980784839623,-0.195092537954,-0.));
#3639 = DIRECTION('',(0.195092537954,-0.980784839623,0.));
#3640 = ADVANCED_FACE('',(#3641),#3652,.T.);
#3641 = FACE_BOUND('',#3642,.T.);
#3642 = EDGE_LOOP('',(#3643,#3644,#3650,#3651));
#3643 = ORIENTED_EDGE('',*,*,#907,.F.);
#3644 = ORIENTED_EDGE('',*,*,#3645,.T.);
#3645 = EDGE_CURVE('',#900,#2486,#3646,.T.);
#3646 = LINE('',#3647,#3648);
#3647 = CARTESIAN_POINT('',(82.612297058105,26.978200912476,3.));
#3648 = VECTOR('',#3649,1.);
#3649 = DIRECTION('',(0.,0.,-1.));
#3650 = ORIENTED_EDGE('',*,*,#2485,.F.);
#3651 = ORIENTED_EDGE('',*,*,#3605,.F.);
#3652 = PLANE('',#3653);
#3653 = AXIS2_PLACEMENT_3D('',#3654,#3655,#3656);
#3654 = CARTESIAN_POINT('',(82.871849060059,26.804800033569,1.5));
#3655 = DIRECTION('',(-0.555512150175,-0.831508419084,-0.));
#3656 = DIRECTION('',(-0.831508419084,0.555512150175,0.));
#3657 = ADVANCED_FACE('',(#3658),#3674,.T.);
#3658 = FACE_BOUND('',#3659,.T.);
#3659 = EDGE_LOOP('',(#3660,#3666,#3667,#3673));
#3660 = ORIENTED_EDGE('',*,*,#3661,.T.);
#3661 = EDGE_CURVE('',#932,#2454,#3662,.T.);
#3662 = LINE('',#3663,#3664);
#3663 = CARTESIAN_POINT('',(83.478202819824,24.887699127197,3.));
#3664 = VECTOR('',#3665,1.);
#3665 = DIRECTION('',(0.,0.,-1.));
#3666 = ORIENTED_EDGE('',*,*,#2453,.F.);
#3667 = ORIENTED_EDGE('',*,*,#3668,.T.);
#3668 = EDGE_CURVE('',#2446,#940,#3669,.T.);
#3669 = LINE('',#3670,#3671);
#3670 = CARTESIAN_POINT('',(83.131401062012,24.368600845337,0.));
#3671 = VECTOR('',#3672,1.);
#3672 = DIRECTION('',(0.,0.,1.));
#3673 = ORIENTED_EDGE('',*,*,#939,.F.);
#3674 = PLANE('',#3675);
#3675 = AXIS2_PLACEMENT_3D('',#3676,#3677,#3678);
#3676 = CARTESIAN_POINT('',(83.304801940918,24.628149986267,1.5));
#3677 = DIRECTION('',(-0.831505590587,0.555516383936,-0.));
#3678 = DIRECTION('',(-0.555516383936,-0.831505590587,0.));
#3679 = ADVANCED_FACE('',(#3680),#3696,.T.);
#3680 = FACE_BOUND('',#3681,.T.);
#3681 = EDGE_LOOP('',(#3682,#3683,#3689,#3690));
#3682 = ORIENTED_EDGE('',*,*,#891,.F.);
#3683 = ORIENTED_EDGE('',*,*,#3684,.T.);
#3684 = EDGE_CURVE('',#884,#2374,#3685,.T.);
#3685 = LINE('',#3686,#3687);
#3686 = CARTESIAN_POINT('',(81.387702941895,26.978200912476,3.));
#3687 = VECTOR('',#3688,1.);
#3688 = DIRECTION('',(0.,0.,-1.));
#3689 = ORIENTED_EDGE('',*,*,#2371,.F.);
#3690 = ORIENTED_EDGE('',*,*,#3691,.T.);
#3691 = EDGE_CURVE('',#2372,#892,#3692,.T.);
#3692 = LINE('',#3693,#3694);
#3693 = CARTESIAN_POINT('',(82.,27.10000038147,0.));
#3694 = VECTOR('',#3695,1.);
#3695 = DIRECTION('',(0.,0.,1.));
#3696 = PLANE('',#3697);
#3697 = AXIS2_PLACEMENT_3D('',#3698,#3699,#3700);
#3698 = CARTESIAN_POINT('',(81.693851470947,27.039100646973,1.5));
#3699 = DIRECTION('',(0.19509958499,-0.980783437838,-0.));
#3700 = DIRECTION('',(-0.980783437838,-0.19509958499,0.));
#3701 = ADVANCED_FACE('',(#3702),#3718,.T.);
#3702 = FACE_BOUND('',#3703,.T.);
#3703 = EDGE_LOOP('',(#3704,#3710,#3711,#3717));
#3704 = ORIENTED_EDGE('',*,*,#3705,.T.);
#3705 = EDGE_CURVE('',#2382,#876,#3706,.T.);
#3706 = LINE('',#3707,#3708);
#3707 = CARTESIAN_POINT('',(80.868598937988,26.631399154663,0.));
#3708 = VECTOR('',#3709,1.);
#3709 = DIRECTION('',(0.,0.,1.));
#3710 = ORIENTED_EDGE('',*,*,#875,.F.);
#3711 = ORIENTED_EDGE('',*,*,#3712,.T.);
#3712 = EDGE_CURVE('',#868,#2390,#3713,.T.);
#3713 = LINE('',#3714,#3715);
#3714 = CARTESIAN_POINT('',(80.521797180176,26.112300872803,3.));
#3715 = VECTOR('',#3716,1.);
#3716 = DIRECTION('',(0.,0.,-1.));
#3717 = ORIENTED_EDGE('',*,*,#2389,.F.);
#3718 = PLANE('',#3719);
#3719 = AXIS2_PLACEMENT_3D('',#3720,#3721,#3722);
#3720 = CARTESIAN_POINT('',(80.695198059082,26.371850013733,1.5));
#3721 = DIRECTION('',(0.831505590587,-0.555516383936,0.));
#3722 = DIRECTION('',(0.555516383936,0.831505590587,0.));
#3723 = ADVANCED_FACE('',(#3724),#3735,.T.);
#3724 = FACE_BOUND('',#3725,.T.);
#3725 = EDGE_LOOP('',(#3726,#3727,#3728,#3734));
#3726 = ORIENTED_EDGE('',*,*,#3712,.F.);
#3727 = ORIENTED_EDGE('',*,*,#867,.F.);
#3728 = ORIENTED_EDGE('',*,*,#3729,.T.);
#3729 = EDGE_CURVE('',#860,#2398,#3730,.T.);
#3730 = LINE('',#3731,#3732);
#3731 = CARTESIAN_POINT('',(80.400001525879,25.5,3.));
#3732 = VECTOR('',#3733,1.);
#3733 = DIRECTION('',(0.,0.,-1.));
#3734 = ORIENTED_EDGE('',*,*,#2397,.F.);
#3735 = PLANE('',#3736);
#3736 = AXIS2_PLACEMENT_3D('',#3737,#3738,#3739);
#3737 = CARTESIAN_POINT('',(80.460899353027,25.806150436401,1.5));
#3738 = DIRECTION('',(0.980784839623,-0.195092537954,0.));
#3739 = DIRECTION('',(0.195092537954,0.980784839623,0.));
#3740 = ADVANCED_FACE('',(#3741),#3757,.T.);
#3741 = FACE_BOUND('',#3742,.T.);
#3742 = EDGE_LOOP('',(#3743,#3744,#3750,#3751));
#3743 = ORIENTED_EDGE('',*,*,#955,.F.);
#3744 = ORIENTED_EDGE('',*,*,#3745,.T.);
#3745 = EDGE_CURVE('',#948,#2438,#3746,.T.);
#3746 = LINE('',#3747,#3748);
#3747 = CARTESIAN_POINT('',(82.612297058105,24.021799087524,3.));
#3748 = VECTOR('',#3749,1.);
#3749 = DIRECTION('',(0.,0.,-1.));
#3750 = ORIENTED_EDGE('',*,*,#2437,.F.);
#3751 = ORIENTED_EDGE('',*,*,#3752,.T.);
#3752 = EDGE_CURVE('',#2430,#956,#3753,.T.);
#3753 = LINE('',#3754,#3755);
#3754 = CARTESIAN_POINT('',(82.,23.89999961853,0.));
#3755 = VECTOR('',#3756,1.);
#3756 = DIRECTION('',(0.,0.,1.));
#3757 = PLANE('',#3758);
#3758 = AXIS2_PLACEMENT_3D('',#3759,#3760,#3761);
#3759 = CARTESIAN_POINT('',(82.306148529053,23.960899353027,1.5));
#3760 = DIRECTION('',(-0.19509958499,0.980783437838,0.));
#3761 = DIRECTION('',(0.980783437838,0.19509958499,0.));
#3762 = ADVANCED_FACE('',(#3763),#3774,.T.);
#3763 = FACE_BOUND('',#3764,.T.);
#3764 = EDGE_LOOP('',(#3765,#3766,#3767,#3768));
#3765 = ORIENTED_EDGE('',*,*,#963,.F.);
#3766 = ORIENTED_EDGE('',*,*,#3752,.F.);
#3767 = ORIENTED_EDGE('',*,*,#2429,.F.);
#3768 = ORIENTED_EDGE('',*,*,#3769,.T.);
#3769 = EDGE_CURVE('',#2422,#964,#3770,.T.);
#3770 = LINE('',#3771,#3772);
#3771 = CARTESIAN_POINT('',(81.387702941895,24.021799087524,0.));
#3772 = VECTOR('',#3773,1.);
#3773 = DIRECTION('',(0.,0.,1.));
#3774 = PLANE('',#3775);
#3775 = AXIS2_PLACEMENT_3D('',#3776,#3777,#3778);
#3776 = CARTESIAN_POINT('',(81.693851470947,23.960899353027,1.5));
#3777 = DIRECTION('',(0.19509958499,0.980783437838,0.));
#3778 = DIRECTION('',(0.980783437838,-0.19509958499,0.));
#3779 = ADVANCED_FACE('',(#3780),#3791,.T.);
#3780 = FACE_BOUND('',#3781,.T.);
#3781 = EDGE_LOOP('',(#3782,#3783,#3784,#3790));
#3782 = ORIENTED_EDGE('',*,*,#3729,.F.);
#3783 = ORIENTED_EDGE('',*,*,#857,.F.);
#3784 = ORIENTED_EDGE('',*,*,#3785,.T.);
#3785 = EDGE_CURVE('',#858,#2406,#3786,.T.);
#3786 = LINE('',#3787,#3788);
#3787 = CARTESIAN_POINT('',(80.521797180176,24.887699127197,3.));
#3788 = VECTOR('',#3789,1.);
#3789 = DIRECTION('',(0.,0.,-1.));
#3790 = ORIENTED_EDGE('',*,*,#2405,.F.);
#3791 = PLANE('',#3792);
#3792 = AXIS2_PLACEMENT_3D('',#3793,#3794,#3795);
#3793 = CARTESIAN_POINT('',(80.460899353027,25.193849563599,1.5));
#3794 = DIRECTION('',(0.980784839623,0.195092537954,0.));
#3795 = DIRECTION('',(-0.195092537954,0.980784839623,0.));
#3796 = ADVANCED_FACE('',(#3797),#3803,.T.);
#3797 = FACE_BOUND('',#3798,.T.);
#3798 = EDGE_LOOP('',(#3799,#3800,#3801,#3802));
#3799 = ORIENTED_EDGE('',*,*,#899,.F.);
#3800 = ORIENTED_EDGE('',*,*,#3691,.F.);
#3801 = ORIENTED_EDGE('',*,*,#2493,.F.);
#3802 = ORIENTED_EDGE('',*,*,#3645,.F.);
#3803 = PLANE('',#3804);
#3804 = AXIS2_PLACEMENT_3D('',#3805,#3806,#3807);
#3805 = CARTESIAN_POINT('',(82.306148529053,27.039100646973,1.5));
#3806 = DIRECTION('',(-0.19509958499,-0.980783437838,-0.));
#3807 = DIRECTION('',(-0.980783437838,0.19509958499,0.));
#3808 = ADVANCED_FACE('',(#3809),#3815,.T.);
#3809 = FACE_BOUND('',#3810,.T.);
#3810 = EDGE_LOOP('',(#3811,#3812,#3813,#3814));
#3811 = ORIENTED_EDGE('',*,*,#3629,.F.);
#3812 = ORIENTED_EDGE('',*,*,#2461,.F.);
#3813 = ORIENTED_EDGE('',*,*,#3661,.F.);
#3814 = ORIENTED_EDGE('',*,*,#931,.F.);
#3815 = PLANE('',#3816);
#3816 = AXIS2_PLACEMENT_3D('',#3817,#3818,#3819);
#3817 = CARTESIAN_POINT('',(83.539100646973,25.193849563599,1.5));
#3818 = DIRECTION('',(-0.980784839623,0.195092537954,-0.));
#3819 = DIRECTION('',(-0.195092537954,-0.980784839623,0.));
#3820 = ADVANCED_FACE('',(#3821),#3827,.T.);
#3821 = FACE_BOUND('',#3822,.T.);
#3822 = EDGE_LOOP('',(#3823,#3824,#3825,#3826));
#3823 = ORIENTED_EDGE('',*,*,#947,.F.);
#3824 = ORIENTED_EDGE('',*,*,#3668,.F.);
#3825 = ORIENTED_EDGE('',*,*,#2445,.F.);
#3826 = ORIENTED_EDGE('',*,*,#3745,.F.);
#3827 = PLANE('',#3828);
#3828 = AXIS2_PLACEMENT_3D('',#3829,#3830,#3831);
#3829 = CARTESIAN_POINT('',(82.871849060059,24.195199966431,1.5));
#3830 = DIRECTION('',(-0.555512150175,0.831508419084,0.));
#3831 = DIRECTION('',(0.831508419084,0.555512150175,0.));
#3832 = ADVANCED_FACE('',(#3833),#3844,.T.);
#3833 = FACE_BOUND('',#3834,.T.);
#3834 = EDGE_LOOP('',(#3835,#3836,#3837,#3843));
#3835 = ORIENTED_EDGE('',*,*,#3785,.F.);
#3836 = ORIENTED_EDGE('',*,*,#979,.F.);
#3837 = ORIENTED_EDGE('',*,*,#3838,.T.);
#3838 = EDGE_CURVE('',#972,#2414,#3839,.T.);
#3839 = LINE('',#3840,#3841);
#3840 = CARTESIAN_POINT('',(80.868598937988,24.368600845337,3.));
#3841 = VECTOR('',#3842,1.);
#3842 = DIRECTION('',(0.,0.,-1.));
#3843 = ORIENTED_EDGE('',*,*,#2413,.F.);
#3844 = PLANE('',#3845);
#3845 = AXIS2_PLACEMENT_3D('',#3846,#3847,#3848);
#3846 = CARTESIAN_POINT('',(80.695198059082,24.628149986267,1.5));
#3847 = DIRECTION('',(0.831505590587,0.555516383936,0.));
#3848 = DIRECTION('',(-0.555516383936,0.831505590587,0.));
#3849 = ADVANCED_FACE('',(#3850),#3856,.T.);
#3850 = FACE_BOUND('',#3851,.T.);
#3851 = EDGE_LOOP('',(#3852,#3853,#3854,#3855));
#3852 = ORIENTED_EDGE('',*,*,#883,.F.);
#3853 = ORIENTED_EDGE('',*,*,#3705,.F.);
#3854 = ORIENTED_EDGE('',*,*,#2381,.F.);
#3855 = ORIENTED_EDGE('',*,*,#3684,.F.);
#3856 = PLANE('',#3857);
#3857 = AXIS2_PLACEMENT_3D('',#3858,#3859,#3860);
#3858 = CARTESIAN_POINT('',(81.128150939941,26.804800033569,1.5));
#3859 = DIRECTION('',(0.555512150175,-0.831508419084,-0.));
#3860 = DIRECTION('',(-0.831508419084,-0.555512150175,0.));
#3861 = ADVANCED_FACE('',(#3862),#3868,.T.);
#3862 = FACE_BOUND('',#3863,.T.);
#3863 = EDGE_LOOP('',(#3864,#3865,#3866,#3867));
#3864 = ORIENTED_EDGE('',*,*,#971,.F.);
#3865 = ORIENTED_EDGE('',*,*,#3769,.F.);
#3866 = ORIENTED_EDGE('',*,*,#2421,.F.);
#3867 = ORIENTED_EDGE('',*,*,#3838,.F.);
#3868 = PLANE('',#3869);
#3869 = AXIS2_PLACEMENT_3D('',#3870,#3871,#3872);
#3870 = CARTESIAN_POINT('',(81.128150939941,24.195199966431,1.5));
#3871 = DIRECTION('',(0.555512150175,0.831508419084,0.));
#3872 = DIRECTION('',(0.831508419084,-0.555512150175,0.));
#3873 = ADVANCED_FACE('',(#3874),#3890,.T.);
#3874 = FACE_BOUND('',#3875,.T.);
#3875 = EDGE_LOOP('',(#3876,#3882,#3883,#3889));
#3876 = ORIENTED_EDGE('',*,*,#3877,.T.);
#3877 = EDGE_CURVE('',#1534,#3128,#3878,.T.);
#3878 = LINE('',#3879,#3880);
#3879 = CARTESIAN_POINT('',(64.131401062012,45.631401062012,3.));
#3880 = VECTOR('',#3881,1.);
#3881 = DIRECTION('',(0.,0.,-1.));
#3882 = ORIENTED_EDGE('',*,*,#3127,.F.);
#3883 = ORIENTED_EDGE('',*,*,#3884,.T.);
#3884 = EDGE_CURVE('',#3120,#1542,#3885,.T.);
#3885 = LINE('',#3886,#3887);
#3886 = CARTESIAN_POINT('',(64.478202819824,45.112300872803,0.));
#3887 = VECTOR('',#3888,1.);
#3888 = DIRECTION('',(0.,0.,1.));
#3889 = ORIENTED_EDGE('',*,*,#1541,.F.);
#3890 = PLANE('',#3891);
#3891 = AXIS2_PLACEMENT_3D('',#3892,#3893,#3894);
#3892 = CARTESIAN_POINT('',(64.304801940918,45.371850967407,1.5));
#3893 = DIRECTION('',(-0.831506533427,-0.555514972677,-0.));
#3894 = DIRECTION('',(0.555514972677,-0.831506533427,0.));
#3895 = ADVANCED_FACE('',(#3896),#3907,.T.);
#3896 = FACE_BOUND('',#3897,.T.);
#3897 = EDGE_LOOP('',(#3898,#3899,#3900,#3906));
#3898 = ORIENTED_EDGE('',*,*,#3884,.F.);
#3899 = ORIENTED_EDGE('',*,*,#3119,.F.);
#3900 = ORIENTED_EDGE('',*,*,#3901,.T.);
#3901 = EDGE_CURVE('',#3112,#1550,#3902,.T.);
#3902 = LINE('',#3903,#3904);
#3903 = CARTESIAN_POINT('',(64.599998474121,44.5,0.));
#3904 = VECTOR('',#3905,1.);
#3905 = DIRECTION('',(0.,0.,1.));
#3906 = ORIENTED_EDGE('',*,*,#1549,.F.);
#3907 = PLANE('',#3908);
#3908 = AXIS2_PLACEMENT_3D('',#3909,#3910,#3911);
#3909 = CARTESIAN_POINT('',(64.539100646973,44.806150436401,1.5));
#3910 = DIRECTION('',(-0.980784839623,-0.195092537954,-0.));
#3911 = DIRECTION('',(0.195092537954,-0.980784839623,0.));
#3912 = ADVANCED_FACE('',(#3913),#3924,.T.);
#3913 = FACE_BOUND('',#3914,.T.);
#3914 = EDGE_LOOP('',(#3915,#3916,#3922,#3923));
#3915 = ORIENTED_EDGE('',*,*,#1533,.F.);
#3916 = ORIENTED_EDGE('',*,*,#3917,.T.);
#3917 = EDGE_CURVE('',#1526,#3136,#3918,.T.);
#3918 = LINE('',#3919,#3920);
#3919 = CARTESIAN_POINT('',(63.612300872803,45.978199005127,3.));
#3920 = VECTOR('',#3921,1.);
#3921 = DIRECTION('',(0.,0.,-1.));
#3922 = ORIENTED_EDGE('',*,*,#3135,.F.);
#3923 = ORIENTED_EDGE('',*,*,#3877,.F.);
#3924 = PLANE('',#3925);
#3925 = AXIS2_PLACEMENT_3D('',#3926,#3927,#3928);
#3926 = CARTESIAN_POINT('',(63.871850967407,45.804800033569,1.5));
#3927 = DIRECTION('',(-0.555510747858,-0.831509355939,-0.));
#3928 = DIRECTION('',(-0.831509355939,0.555510747858,0.));
#3929 = ADVANCED_FACE('',(#3930),#3946,.T.);
#3930 = FACE_BOUND('',#3931,.T.);
#3931 = EDGE_LOOP('',(#3932,#3938,#3939,#3945));
#3932 = ORIENTED_EDGE('',*,*,#3933,.T.);
#3933 = EDGE_CURVE('',#1558,#3104,#3934,.T.);
#3934 = LINE('',#3935,#3936);
#3935 = CARTESIAN_POINT('',(64.478202819824,43.887699127197,3.));
#3936 = VECTOR('',#3937,1.);
#3937 = DIRECTION('',(0.,0.,-1.));
#3938 = ORIENTED_EDGE('',*,*,#3103,.F.);
#3939 = ORIENTED_EDGE('',*,*,#3940,.T.);
#3940 = EDGE_CURVE('',#3096,#1566,#3941,.T.);
#3941 = LINE('',#3942,#3943);
#3942 = CARTESIAN_POINT('',(64.131401062012,43.368598937988,0.));
#3943 = VECTOR('',#3944,1.);
#3944 = DIRECTION('',(0.,0.,1.));
#3945 = ORIENTED_EDGE('',*,*,#1565,.F.);
#3946 = PLANE('',#3947);
#3947 = AXIS2_PLACEMENT_3D('',#3948,#3949,#3950);
#3948 = CARTESIAN_POINT('',(64.304801940918,43.628149032593,1.5));
#3949 = DIRECTION('',(-0.831506533427,0.555514972677,-0.));
#3950 = DIRECTION('',(-0.555514972677,-0.831506533427,0.));
#3951 = ADVANCED_FACE('',(#3952),#3968,.T.);
#3952 = FACE_BOUND('',#3953,.T.);
#3953 = EDGE_LOOP('',(#3954,#3955,#3961,#3962));
#3954 = ORIENTED_EDGE('',*,*,#1517,.F.);
#3955 = ORIENTED_EDGE('',*,*,#3956,.T.);
#3956 = EDGE_CURVE('',#1510,#3024,#3957,.T.);
#3957 = LINE('',#3958,#3959);
#3958 = CARTESIAN_POINT('',(62.387699127197,45.978199005127,3.));
#3959 = VECTOR('',#3960,1.);
#3960 = DIRECTION('',(0.,0.,-1.));
#3961 = ORIENTED_EDGE('',*,*,#3021,.F.);
#3962 = ORIENTED_EDGE('',*,*,#3963,.T.);
#3963 = EDGE_CURVE('',#3022,#1518,#3964,.T.);
#3964 = LINE('',#3965,#3966);
#3965 = CARTESIAN_POINT('',(63.,46.099998474121,0.));
#3966 = VECTOR('',#3967,1.);
#3967 = DIRECTION('',(0.,0.,1.));
#3968 = PLANE('',#3969);
#3969 = AXIS2_PLACEMENT_3D('',#3970,#3971,#3972);
#3970 = CARTESIAN_POINT('',(62.693849563599,46.039098739624,1.5));
#3971 = DIRECTION('',(0.195098415765,-0.980783670422,-0.));
#3972 = DIRECTION('',(-0.980783670422,-0.195098415765,0.));
#3973 = ADVANCED_FACE('',(#3974),#3990,.T.);
#3974 = FACE_BOUND('',#3975,.T.);
#3975 = EDGE_LOOP('',(#3976,#3982,#3983,#3989));
#3976 = ORIENTED_EDGE('',*,*,#3977,.T.);
#3977 = EDGE_CURVE('',#3032,#1508,#3978,.T.);
#3978 = LINE('',#3979,#3980);
#3979 = CARTESIAN_POINT('',(61.868598937988,45.631401062012,0.));
#3980 = VECTOR('',#3981,1.);
#3981 = DIRECTION('',(0.,0.,1.));
#3982 = ORIENTED_EDGE('',*,*,#1629,.F.);
#3983 = ORIENTED_EDGE('',*,*,#3984,.T.);
#3984 = EDGE_CURVE('',#1622,#3040,#3985,.T.);
#3985 = LINE('',#3986,#3987);
#3986 = CARTESIAN_POINT('',(61.521800994873,45.112300872803,3.));
#3987 = VECTOR('',#3988,1.);
#3988 = DIRECTION('',(0.,0.,-1.));
#3989 = ORIENTED_EDGE('',*,*,#3039,.F.);
#3990 = PLANE('',#3991);
#3991 = AXIS2_PLACEMENT_3D('',#3992,#3993,#3994);
#3992 = CARTESIAN_POINT('',(61.695199966431,45.371850967407,1.5));
#3993 = DIRECTION('',(0.831509355939,-0.555510747858,0.));
#3994 = DIRECTION('',(0.555510747858,0.831509355939,0.));
#3995 = ADVANCED_FACE('',(#3996),#4007,.T.);
#3996 = FACE_BOUND('',#3997,.T.);
#3997 = EDGE_LOOP('',(#3998,#3999,#4000,#4006));
#3998 = ORIENTED_EDGE('',*,*,#3984,.F.);
#3999 = ORIENTED_EDGE('',*,*,#1621,.F.);
#4000 = ORIENTED_EDGE('',*,*,#4001,.T.);
#4001 = EDGE_CURVE('',#1614,#3048,#4002,.T.);
#4002 = LINE('',#4003,#4004);
#4003 = CARTESIAN_POINT('',(61.400001525879,44.5,3.));
#4004 = VECTOR('',#4005,1.);
#4005 = DIRECTION('',(0.,0.,-1.));
#4006 = ORIENTED_EDGE('',*,*,#3047,.F.);
#4007 = PLANE('',#4008);
#4008 = AXIS2_PLACEMENT_3D('',#4009,#4010,#4011);
#4009 = CARTESIAN_POINT('',(61.460901260376,44.806150436401,1.5));
#4010 = DIRECTION('',(0.980783670422,-0.195098415765,0.));
#4011 = DIRECTION('',(0.195098415765,0.980783670422,0.));
#4012 = ADVANCED_FACE('',(#4013),#4029,.T.);
#4013 = FACE_BOUND('',#4014,.T.);
#4014 = EDGE_LOOP('',(#4015,#4016,#4022,#4023));
#4015 = ORIENTED_EDGE('',*,*,#1581,.F.);
#4016 = ORIENTED_EDGE('',*,*,#4017,.T.);
#4017 = EDGE_CURVE('',#1574,#3088,#4018,.T.);
#4018 = LINE('',#4019,#4020);
#4019 = CARTESIAN_POINT('',(63.612300872803,43.021800994873,3.));
#4020 = VECTOR('',#4021,1.);
#4021 = DIRECTION('',(0.,0.,-1.));
#4022 = ORIENTED_EDGE('',*,*,#3087,.F.);
#4023 = ORIENTED_EDGE('',*,*,#4024,.T.);
#4024 = EDGE_CURVE('',#3080,#1582,#4025,.T.);
#4025 = LINE('',#4026,#4027);
#4026 = CARTESIAN_POINT('',(63.,42.900001525879,0.));
#4027 = VECTOR('',#4028,1.);
#4028 = DIRECTION('',(0.,0.,1.));
#4029 = PLANE('',#4030);
#4030 = AXIS2_PLACEMENT_3D('',#4031,#4032,#4033);
#4031 = CARTESIAN_POINT('',(63.306150436401,42.960901260376,1.5));
#4032 = DIRECTION('',(-0.195098415765,0.980783670422,0.));
#4033 = DIRECTION('',(0.980783670422,0.195098415765,0.));
#4034 = ADVANCED_FACE('',(#4035),#4046,.T.);
#4035 = FACE_BOUND('',#4036,.T.);
#4036 = EDGE_LOOP('',(#4037,#4038,#4039,#4040));
#4037 = ORIENTED_EDGE('',*,*,#1589,.F.);
#4038 = ORIENTED_EDGE('',*,*,#4024,.F.);
#4039 = ORIENTED_EDGE('',*,*,#3079,.F.);
#4040 = ORIENTED_EDGE('',*,*,#4041,.T.);
#4041 = EDGE_CURVE('',#3072,#1590,#4042,.T.);
#4042 = LINE('',#4043,#4044);
#4043 = CARTESIAN_POINT('',(62.387699127197,43.021800994873,0.));
#4044 = VECTOR('',#4045,1.);
#4045 = DIRECTION('',(0.,0.,1.));
#4046 = PLANE('',#4047);
#4047 = AXIS2_PLACEMENT_3D('',#4048,#4049,#4050);
#4048 = CARTESIAN_POINT('',(62.693849563599,42.960901260376,1.5));
#4049 = DIRECTION('',(0.195098415765,0.980783670422,0.));
#4050 = DIRECTION('',(0.980783670422,-0.195098415765,0.));
#4051 = ADVANCED_FACE('',(#4052),#4063,.T.);
#4052 = FACE_BOUND('',#4053,.T.);
#4053 = EDGE_LOOP('',(#4054,#4055,#4056,#4062));
#4054 = ORIENTED_EDGE('',*,*,#4001,.F.);
#4055 = ORIENTED_EDGE('',*,*,#1613,.F.);
#4056 = ORIENTED_EDGE('',*,*,#4057,.T.);
#4057 = EDGE_CURVE('',#1606,#3056,#4058,.T.);
#4058 = LINE('',#4059,#4060);
#4059 = CARTESIAN_POINT('',(61.521800994873,43.887699127197,3.));
#4060 = VECTOR('',#4061,1.);
#4061 = DIRECTION('',(0.,0.,-1.));
#4062 = ORIENTED_EDGE('',*,*,#3055,.F.);
#4063 = PLANE('',#4064);
#4064 = AXIS2_PLACEMENT_3D('',#4065,#4066,#4067);
#4065 = CARTESIAN_POINT('',(61.460901260376,44.193849563599,1.5));
#4066 = DIRECTION('',(0.980783670422,0.195098415765,0.));
#4067 = DIRECTION('',(-0.195098415765,0.980783670422,0.));
#4068 = ADVANCED_FACE('',(#4069),#4075,.T.);
#4069 = FACE_BOUND('',#4070,.T.);
#4070 = EDGE_LOOP('',(#4071,#4072,#4073,#4074));
#4071 = ORIENTED_EDGE('',*,*,#1525,.F.);
#4072 = ORIENTED_EDGE('',*,*,#3963,.F.);
#4073 = ORIENTED_EDGE('',*,*,#3143,.F.);
#4074 = ORIENTED_EDGE('',*,*,#3917,.F.);
#4075 = PLANE('',#4076);
#4076 = AXIS2_PLACEMENT_3D('',#4077,#4078,#4079);
#4077 = CARTESIAN_POINT('',(63.306150436401,46.039098739624,1.5));
#4078 = DIRECTION('',(-0.195098415765,-0.980783670422,-0.));
#4079 = DIRECTION('',(-0.980783670422,0.195098415765,0.));
#4080 = ADVANCED_FACE('',(#4081),#4087,.T.);
#4081 = FACE_BOUND('',#4082,.T.);
#4082 = EDGE_LOOP('',(#4083,#4084,#4085,#4086));
#4083 = ORIENTED_EDGE('',*,*,#3901,.F.);
#4084 = ORIENTED_EDGE('',*,*,#3111,.F.);
#4085 = ORIENTED_EDGE('',*,*,#3933,.F.);
#4086 = ORIENTED_EDGE('',*,*,#1557,.F.);
#4087 = PLANE('',#4088);
#4088 = AXIS2_PLACEMENT_3D('',#4089,#4090,#4091);
#4089 = CARTESIAN_POINT('',(64.539100646973,44.193849563599,1.5));
#4090 = DIRECTION('',(-0.980784839623,0.195092537954,-0.));
#4091 = DIRECTION('',(-0.195092537954,-0.980784839623,0.));
#4092 = ADVANCED_FACE('',(#4093),#4099,.T.);
#4093 = FACE_BOUND('',#4094,.T.);
#4094 = EDGE_LOOP('',(#4095,#4096,#4097,#4098));
#4095 = ORIENTED_EDGE('',*,*,#1573,.F.);
#4096 = ORIENTED_EDGE('',*,*,#3940,.F.);
#4097 = ORIENTED_EDGE('',*,*,#3095,.F.);
#4098 = ORIENTED_EDGE('',*,*,#4017,.F.);
#4099 = PLANE('',#4100);
#4100 = AXIS2_PLACEMENT_3D('',#4101,#4102,#4103);
#4101 = CARTESIAN_POINT('',(63.871850967407,43.195199966431,1.5));
#4102 = DIRECTION('',(-0.555510747858,0.831509355939,0.));
#4103 = DIRECTION('',(0.831509355939,0.555510747858,0.));
#4104 = ADVANCED_FACE('',(#4105),#4116,.T.);
#4105 = FACE_BOUND('',#4106,.T.);
#4106 = EDGE_LOOP('',(#4107,#4108,#4109,#4115));
#4107 = ORIENTED_EDGE('',*,*,#4057,.F.);
#4108 = ORIENTED_EDGE('',*,*,#1605,.F.);
#4109 = ORIENTED_EDGE('',*,*,#4110,.T.);
#4110 = EDGE_CURVE('',#1598,#3064,#4111,.T.);
#4111 = LINE('',#4112,#4113);
#4112 = CARTESIAN_POINT('',(61.868598937988,43.368598937988,3.));
#4113 = VECTOR('',#4114,1.);
#4114 = DIRECTION('',(0.,0.,-1.));
#4115 = ORIENTED_EDGE('',*,*,#3063,.F.);
#4116 = PLANE('',#4117);
#4117 = AXIS2_PLACEMENT_3D('',#4118,#4119,#4120);
#4118 = CARTESIAN_POINT('',(61.695199966431,43.628149032593,1.5));
#4119 = DIRECTION('',(0.831509355939,0.555510747858,0.));
#4120 = DIRECTION('',(-0.555510747858,0.831509355939,0.));
#4121 = ADVANCED_FACE('',(#4122),#4128,.T.);
#4122 = FACE_BOUND('',#4123,.T.);
#4123 = EDGE_LOOP('',(#4124,#4125,#4126,#4127));
#4124 = ORIENTED_EDGE('',*,*,#1507,.F.);
#4125 = ORIENTED_EDGE('',*,*,#3977,.F.);
#4126 = ORIENTED_EDGE('',*,*,#3031,.F.);
#4127 = ORIENTED_EDGE('',*,*,#3956,.F.);
#4128 = PLANE('',#4129);
#4129 = AXIS2_PLACEMENT_3D('',#4130,#4131,#4132);
#4130 = CARTESIAN_POINT('',(62.128149032593,45.804800033569,1.5));
#4131 = DIRECTION('',(0.555510747858,-0.831509355939,-0.));
#4132 = DIRECTION('',(-0.831509355939,-0.555510747858,0.));
#4133 = ADVANCED_FACE('',(#4134),#4140,.T.);
#4134 = FACE_BOUND('',#4135,.T.);
#4135 = EDGE_LOOP('',(#4136,#4137,#4138,#4139));
#4136 = ORIENTED_EDGE('',*,*,#1597,.F.);
#4137 = ORIENTED_EDGE('',*,*,#4041,.F.);
#4138 = ORIENTED_EDGE('',*,*,#3071,.F.);
#4139 = ORIENTED_EDGE('',*,*,#4110,.F.);
#4140 = PLANE('',#4141);
#4141 = AXIS2_PLACEMENT_3D('',#4142,#4143,#4144);
#4142 = CARTESIAN_POINT('',(62.128149032593,43.195199966431,1.5));
#4143 = DIRECTION('',(0.555510747858,0.831509355939,0.));
#4144 = DIRECTION('',(0.831509355939,-0.555510747858,0.));
#4145 = ADVANCED_FACE('',(#4146),#4162,.T.);
#4146 = FACE_BOUND('',#4147,.T.);
#4147 = EDGE_LOOP('',(#4148,#4154,#4155,#4161));
#4148 = ORIENTED_EDGE('',*,*,#4149,.T.);
#4149 = EDGE_CURVE('',#1322,#3234,#4150,.T.);
#4150 = LINE('',#4151,#4152);
#4151 = CARTESIAN_POINT('',(83.131401062012,45.631401062012,3.));
#4152 = VECTOR('',#4153,1.);
#4153 = DIRECTION('',(0.,0.,-1.));
#4154 = ORIENTED_EDGE('',*,*,#3233,.F.);
#4155 = ORIENTED_EDGE('',*,*,#4156,.T.);
#4156 = EDGE_CURVE('',#3226,#1330,#4157,.T.);
#4157 = LINE('',#4158,#4159);
#4158 = CARTESIAN_POINT('',(83.478202819824,45.112300872803,0.));
#4159 = VECTOR('',#4160,1.);
#4160 = DIRECTION('',(0.,0.,1.));
#4161 = ORIENTED_EDGE('',*,*,#1329,.F.);
#4162 = PLANE('',#4163);
#4163 = AXIS2_PLACEMENT_3D('',#4164,#4165,#4166);
#4164 = CARTESIAN_POINT('',(83.304801940918,45.371850967407,1.5));
#4165 = DIRECTION('',(-0.831506533427,-0.555514972677,-0.));
#4166 = DIRECTION('',(0.555514972677,-0.831506533427,0.));
#4167 = ADVANCED_FACE('',(#4168),#4179,.T.);
#4168 = FACE_BOUND('',#4169,.T.);
#4169 = EDGE_LOOP('',(#4170,#4171,#4172,#4178));
#4170 = ORIENTED_EDGE('',*,*,#4156,.F.);
#4171 = ORIENTED_EDGE('',*,*,#3225,.F.);
#4172 = ORIENTED_EDGE('',*,*,#4173,.T.);
#4173 = EDGE_CURVE('',#3218,#1338,#4174,.T.);
#4174 = LINE('',#4175,#4176);
#4175 = CARTESIAN_POINT('',(83.599998474121,44.5,0.));
#4176 = VECTOR('',#4177,1.);
#4177 = DIRECTION('',(0.,0.,1.));
#4178 = ORIENTED_EDGE('',*,*,#1337,.F.);
#4179 = PLANE('',#4180);
#4180 = AXIS2_PLACEMENT_3D('',#4181,#4182,#4183);
#4181 = CARTESIAN_POINT('',(83.539100646973,44.806150436401,1.5));
#4182 = DIRECTION('',(-0.980784839623,-0.195092537954,-0.));
#4183 = DIRECTION('',(0.195092537954,-0.980784839623,0.));
#4184 = ADVANCED_FACE('',(#4185),#4196,.T.);
#4185 = FACE_BOUND('',#4186,.T.);
#4186 = EDGE_LOOP('',(#4187,#4188,#4194,#4195));
#4187 = ORIENTED_EDGE('',*,*,#1321,.F.);
#4188 = ORIENTED_EDGE('',*,*,#4189,.T.);
#4189 = EDGE_CURVE('',#1314,#3242,#4190,.T.);
#4190 = LINE('',#4191,#4192);
#4191 = CARTESIAN_POINT('',(82.612297058105,45.978199005127,3.));
#4192 = VECTOR('',#4193,1.);
#4193 = DIRECTION('',(0.,0.,-1.));
#4194 = ORIENTED_EDGE('',*,*,#3241,.F.);
#4195 = ORIENTED_EDGE('',*,*,#4149,.F.);
#4196 = PLANE('',#4197);
#4197 = AXIS2_PLACEMENT_3D('',#4198,#4199,#4200);
#4198 = CARTESIAN_POINT('',(82.871849060059,45.804800033569,1.5));
#4199 = DIRECTION('',(-0.555507925358,-0.831511241574,-0.));
#4200 = DIRECTION('',(-0.831511241574,0.555507925358,0.));
#4201 = ADVANCED_FACE('',(#4202),#4218,.T.);
#4202 = FACE_BOUND('',#4203,.T.);
#4203 = EDGE_LOOP('',(#4204,#4210,#4211,#4217));
#4204 = ORIENTED_EDGE('',*,*,#4205,.T.);
#4205 = EDGE_CURVE('',#1346,#3210,#4206,.T.);
#4206 = LINE('',#4207,#4208);
#4207 = CARTESIAN_POINT('',(83.478202819824,43.887699127197,3.));
#4208 = VECTOR('',#4209,1.);
#4209 = DIRECTION('',(0.,0.,-1.));
#4210 = ORIENTED_EDGE('',*,*,#3209,.F.);
#4211 = ORIENTED_EDGE('',*,*,#4212,.T.);
#4212 = EDGE_CURVE('',#3202,#1354,#4213,.T.);
#4213 = LINE('',#4214,#4215);
#4214 = CARTESIAN_POINT('',(83.131401062012,43.368598937988,0.));
#4215 = VECTOR('',#4216,1.);
#4216 = DIRECTION('',(0.,0.,1.));
#4217 = ORIENTED_EDGE('',*,*,#1353,.F.);
#4218 = PLANE('',#4219);
#4219 = AXIS2_PLACEMENT_3D('',#4220,#4221,#4222);
#4220 = CARTESIAN_POINT('',(83.304801940918,43.628149032593,1.5));
#4221 = DIRECTION('',(-0.831506533427,0.555514972677,-0.));
#4222 = DIRECTION('',(-0.555514972677,-0.831506533427,0.));
#4223 = ADVANCED_FACE('',(#4224),#4240,.T.);
#4224 = FACE_BOUND('',#4225,.T.);
#4225 = EDGE_LOOP('',(#4226,#4227,#4233,#4234));
#4226 = ORIENTED_EDGE('',*,*,#1305,.F.);
#4227 = ORIENTED_EDGE('',*,*,#4228,.T.);
#4228 = EDGE_CURVE('',#1298,#3258,#4229,.T.);
#4229 = LINE('',#4230,#4231);
#4230 = CARTESIAN_POINT('',(81.387702941895,45.978199005127,3.));
#4231 = VECTOR('',#4232,1.);
#4232 = DIRECTION('',(0.,0.,-1.));
#4233 = ORIENTED_EDGE('',*,*,#3257,.F.);
#4234 = ORIENTED_EDGE('',*,*,#4235,.T.);
#4235 = EDGE_CURVE('',#3250,#1306,#4236,.T.);
#4236 = LINE('',#4237,#4238);
#4237 = CARTESIAN_POINT('',(82.,46.099998474121,0.));
#4238 = VECTOR('',#4239,1.);
#4239 = DIRECTION('',(0.,0.,1.));
#4240 = PLANE('',#4241);
#4241 = AXIS2_PLACEMENT_3D('',#4242,#4243,#4244);
#4242 = CARTESIAN_POINT('',(81.693851470947,46.039098739624,1.5));
#4243 = DIRECTION('',(0.19509958499,-0.980783437838,-0.));
#4244 = DIRECTION('',(-0.980783437838,-0.19509958499,0.));
#4245 = ADVANCED_FACE('',(#4246),#4262,.T.);
#4246 = FACE_BOUND('',#4247,.T.);
#4247 = EDGE_LOOP('',(#4248,#4254,#4255,#4261));
#4248 = ORIENTED_EDGE('',*,*,#4249,.T.);
#4249 = EDGE_CURVE('',#3266,#1290,#4250,.T.);
#4250 = LINE('',#4251,#4252);
#4251 = CARTESIAN_POINT('',(80.868598937988,45.631401062012,0.));
#4252 = VECTOR('',#4253,1.);
#4253 = DIRECTION('',(0.,0.,1.));
#4254 = ORIENTED_EDGE('',*,*,#1289,.F.);
#4255 = ORIENTED_EDGE('',*,*,#4256,.T.);
#4256 = EDGE_CURVE('',#1282,#3152,#4257,.T.);
#4257 = LINE('',#4258,#4259);
#4258 = CARTESIAN_POINT('',(80.521797180176,45.112300872803,3.));
#4259 = VECTOR('',#4260,1.);
#4260 = DIRECTION('',(0.,0.,-1.));
#4261 = ORIENTED_EDGE('',*,*,#3273,.F.);
#4262 = PLANE('',#4263);
#4263 = AXIS2_PLACEMENT_3D('',#4264,#4265,#4266);
#4264 = CARTESIAN_POINT('',(80.695198059082,45.371850967407,1.5));
#4265 = DIRECTION('',(0.831506533427,-0.555514972677,0.));
#4266 = DIRECTION('',(0.555514972677,0.831506533427,0.));
#4267 = ADVANCED_FACE('',(#4268),#4279,.T.);
#4268 = FACE_BOUND('',#4269,.T.);
#4269 = EDGE_LOOP('',(#4270,#4271,#4272,#4278));
#4270 = ORIENTED_EDGE('',*,*,#4256,.F.);
#4271 = ORIENTED_EDGE('',*,*,#1281,.F.);
#4272 = ORIENTED_EDGE('',*,*,#4273,.T.);
#4273 = EDGE_CURVE('',#1274,#3154,#4274,.T.);
#4274 = LINE('',#4275,#4276);
#4275 = CARTESIAN_POINT('',(80.400001525879,44.5,3.));
#4276 = VECTOR('',#4277,1.);
#4277 = DIRECTION('',(0.,0.,-1.));
#4278 = ORIENTED_EDGE('',*,*,#3151,.F.);
#4279 = PLANE('',#4280);
#4280 = AXIS2_PLACEMENT_3D('',#4281,#4282,#4283);
#4281 = CARTESIAN_POINT('',(80.460899353027,44.806150436401,1.5));
#4282 = DIRECTION('',(0.980784839623,-0.195092537954,0.));
#4283 = DIRECTION('',(0.195092537954,0.980784839623,0.));
#4284 = ADVANCED_FACE('',(#4285),#4301,.T.);
#4285 = FACE_BOUND('',#4286,.T.);
#4286 = EDGE_LOOP('',(#4287,#4288,#4294,#4295));
#4287 = ORIENTED_EDGE('',*,*,#1369,.F.);
#4288 = ORIENTED_EDGE('',*,*,#4289,.T.);
#4289 = EDGE_CURVE('',#1362,#3194,#4290,.T.);
#4290 = LINE('',#4291,#4292);
#4291 = CARTESIAN_POINT('',(82.612297058105,43.021800994873,3.));
#4292 = VECTOR('',#4293,1.);
#4293 = DIRECTION('',(0.,0.,-1.));
#4294 = ORIENTED_EDGE('',*,*,#3193,.F.);
#4295 = ORIENTED_EDGE('',*,*,#4296,.T.);
#4296 = EDGE_CURVE('',#3186,#1248,#4297,.T.);
#4297 = LINE('',#4298,#4299);
#4298 = CARTESIAN_POINT('',(82.,42.900001525879,0.));
#4299 = VECTOR('',#4300,1.);
#4300 = DIRECTION('',(0.,0.,1.));
#4301 = PLANE('',#4302);
#4302 = AXIS2_PLACEMENT_3D('',#4303,#4304,#4305);
#4303 = CARTESIAN_POINT('',(82.306148529053,42.960901260376,1.5));
#4304 = DIRECTION('',(-0.19509958499,0.980783437838,0.));
#4305 = DIRECTION('',(0.980783437838,0.19509958499,0.));
#4306 = ADVANCED_FACE('',(#4307),#4318,.T.);
#4307 = FACE_BOUND('',#4308,.T.);
#4308 = EDGE_LOOP('',(#4309,#4310,#4311,#4312));
#4309 = ORIENTED_EDGE('',*,*,#1247,.F.);
#4310 = ORIENTED_EDGE('',*,*,#4296,.F.);
#4311 = ORIENTED_EDGE('',*,*,#3185,.F.);
#4312 = ORIENTED_EDGE('',*,*,#4313,.T.);
#4313 = EDGE_CURVE('',#3178,#1250,#4314,.T.);
#4314 = LINE('',#4315,#4316);
#4315 = CARTESIAN_POINT('',(81.387702941895,43.021800994873,0.));
#4316 = VECTOR('',#4317,1.);
#4317 = DIRECTION('',(0.,0.,1.));
#4318 = PLANE('',#4319);
#4319 = AXIS2_PLACEMENT_3D('',#4320,#4321,#4322);
#4320 = CARTESIAN_POINT('',(81.693851470947,42.960901260376,1.5));
#4321 = DIRECTION('',(0.19509958499,0.980783437838,0.));
#4322 = DIRECTION('',(0.980783437838,-0.19509958499,0.));
#4323 = ADVANCED_FACE('',(#4324),#4335,.T.);
#4324 = FACE_BOUND('',#4325,.T.);
#4325 = EDGE_LOOP('',(#4326,#4327,#4328,#4334));
#4326 = ORIENTED_EDGE('',*,*,#4273,.F.);
#4327 = ORIENTED_EDGE('',*,*,#1273,.F.);
#4328 = ORIENTED_EDGE('',*,*,#4329,.T.);
#4329 = EDGE_CURVE('',#1266,#3162,#4330,.T.);
#4330 = LINE('',#4331,#4332);
#4331 = CARTESIAN_POINT('',(80.521797180176,43.887699127197,3.));
#4332 = VECTOR('',#4333,1.);
#4333 = DIRECTION('',(0.,0.,-1.));
#4334 = ORIENTED_EDGE('',*,*,#3161,.F.);
#4335 = PLANE('',#4336);
#4336 = AXIS2_PLACEMENT_3D('',#4337,#4338,#4339);
#4337 = CARTESIAN_POINT('',(80.460899353027,44.193849563599,1.5));
#4338 = DIRECTION('',(0.980784839623,0.195092537954,0.));
#4339 = DIRECTION('',(-0.195092537954,0.980784839623,0.));
#4340 = ADVANCED_FACE('',(#4341),#4347,.T.);
#4341 = FACE_BOUND('',#4342,.T.);
#4342 = EDGE_LOOP('',(#4343,#4344,#4345,#4346));
#4343 = ORIENTED_EDGE('',*,*,#1313,.F.);
#4344 = ORIENTED_EDGE('',*,*,#4235,.F.);
#4345 = ORIENTED_EDGE('',*,*,#3249,.F.);
#4346 = ORIENTED_EDGE('',*,*,#4189,.F.);
#4347 = PLANE('',#4348);
#4348 = AXIS2_PLACEMENT_3D('',#4349,#4350,#4351);
#4349 = CARTESIAN_POINT('',(82.306148529053,46.039098739624,1.5));
#4350 = DIRECTION('',(-0.19509958499,-0.980783437838,-0.));
#4351 = DIRECTION('',(-0.980783437838,0.19509958499,0.));
#4352 = ADVANCED_FACE('',(#4353),#4359,.T.);
#4353 = FACE_BOUND('',#4354,.T.);
#4354 = EDGE_LOOP('',(#4355,#4356,#4357,#4358));
#4355 = ORIENTED_EDGE('',*,*,#4173,.F.);
#4356 = ORIENTED_EDGE('',*,*,#3217,.F.);
#4357 = ORIENTED_EDGE('',*,*,#4205,.F.);
#4358 = ORIENTED_EDGE('',*,*,#1345,.F.);
#4359 = PLANE('',#4360);
#4360 = AXIS2_PLACEMENT_3D('',#4361,#4362,#4363);
#4361 = CARTESIAN_POINT('',(83.539100646973,44.193849563599,1.5));
#4362 = DIRECTION('',(-0.980784839623,0.195092537954,-0.));
#4363 = DIRECTION('',(-0.195092537954,-0.980784839623,0.));
#4364 = ADVANCED_FACE('',(#4365),#4371,.T.);
#4365 = FACE_BOUND('',#4366,.T.);
#4366 = EDGE_LOOP('',(#4367,#4368,#4369,#4370));
#4367 = ORIENTED_EDGE('',*,*,#1361,.F.);
#4368 = ORIENTED_EDGE('',*,*,#4212,.F.);
#4369 = ORIENTED_EDGE('',*,*,#3201,.F.);
#4370 = ORIENTED_EDGE('',*,*,#4289,.F.);
#4371 = PLANE('',#4372);
#4372 = AXIS2_PLACEMENT_3D('',#4373,#4374,#4375);
#4373 = CARTESIAN_POINT('',(82.871849060059,43.195199966431,1.5));
#4374 = DIRECTION('',(-0.555507925358,0.831511241574,0.));
#4375 = DIRECTION('',(0.831511241574,0.555507925358,0.));
#4376 = ADVANCED_FACE('',(#4377),#4388,.T.);
#4377 = FACE_BOUND('',#4378,.T.);
#4378 = EDGE_LOOP('',(#4379,#4380,#4381,#4387));
#4379 = ORIENTED_EDGE('',*,*,#4329,.F.);
#4380 = ORIENTED_EDGE('',*,*,#1265,.F.);
#4381 = ORIENTED_EDGE('',*,*,#4382,.T.);
#4382 = EDGE_CURVE('',#1258,#3170,#4383,.T.);
#4383 = LINE('',#4384,#4385);
#4384 = CARTESIAN_POINT('',(80.868598937988,43.368598937988,3.));
#4385 = VECTOR('',#4386,1.);
#4386 = DIRECTION('',(0.,0.,-1.));
#4387 = ORIENTED_EDGE('',*,*,#3169,.F.);
#4388 = PLANE('',#4389);
#4389 = AXIS2_PLACEMENT_3D('',#4390,#4391,#4392);
#4390 = CARTESIAN_POINT('',(80.695198059082,43.628149032593,1.5));
#4391 = DIRECTION('',(0.831506533427,0.555514972677,0.));
#4392 = DIRECTION('',(-0.555514972677,0.831506533427,0.));
#4393 = ADVANCED_FACE('',(#4394),#4400,.T.);
#4394 = FACE_BOUND('',#4395,.T.);
#4395 = EDGE_LOOP('',(#4396,#4397,#4398,#4399));
#4396 = ORIENTED_EDGE('',*,*,#1297,.F.);
#4397 = ORIENTED_EDGE('',*,*,#4249,.F.);
#4398 = ORIENTED_EDGE('',*,*,#3265,.F.);
#4399 = ORIENTED_EDGE('',*,*,#4228,.F.);
#4400 = PLANE('',#4401);
#4401 = AXIS2_PLACEMENT_3D('',#4402,#4403,#4404);
#4402 = CARTESIAN_POINT('',(81.128150939941,45.804800033569,1.5));
#4403 = DIRECTION('',(0.555507925358,-0.831511241574,-0.));
#4404 = DIRECTION('',(-0.831511241574,-0.555507925358,0.));
#4405 = ADVANCED_FACE('',(#4406),#4412,.T.);
#4406 = FACE_BOUND('',#4407,.T.);
#4407 = EDGE_LOOP('',(#4408,#4409,#4410,#4411));
#4408 = ORIENTED_EDGE('',*,*,#1257,.F.);
#4409 = ORIENTED_EDGE('',*,*,#4313,.F.);
#4410 = ORIENTED_EDGE('',*,*,#3177,.F.);
#4411 = ORIENTED_EDGE('',*,*,#4382,.F.);
#4412 = PLANE('',#4413);
#4413 = AXIS2_PLACEMENT_3D('',#4414,#4415,#4416);
#4414 = CARTESIAN_POINT('',(81.128150939941,43.195199966431,1.5));
#4415 = DIRECTION('',(0.555507925358,0.831511241574,0.));
#4416 = DIRECTION('',(0.831511241574,-0.555507925358,0.));
#4417 = ADVANCED_FACE('',(#4418),#4434,.T.);
#4418 = FACE_BOUND('',#4419,.T.);
#4419 = EDGE_LOOP('',(#4420,#4421,#4427,#4428));
#4420 = ORIENTED_EDGE('',*,*,#203,.F.);
#4421 = ORIENTED_EDGE('',*,*,#4422,.T.);
#4422 = EDGE_CURVE('',#196,#1768,#4423,.T.);
#4423 = LINE('',#4424,#4425);
#4424 = CARTESIAN_POINT('',(95.,22.89999961853,3.));
#4425 = VECTOR('',#4426,1.);
#4426 = DIRECTION('',(0.,0.,-1.));
#4427 = ORIENTED_EDGE('',*,*,#1767,.F.);
#4428 = ORIENTED_EDGE('',*,*,#4429,.T.);
#4429 = EDGE_CURVE('',#1760,#204,#4430,.T.);
#4430 = LINE('',#4431,#4432);
#4431 = CARTESIAN_POINT('',(94.579002380371,22.983699798584,0.));
#4432 = VECTOR('',#4433,1.);
#4433 = DIRECTION('',(0.,0.,1.));
#4434 = PLANE('',#4435);
#4435 = AXIS2_PLACEMENT_3D('',#4436,#4437,#4438);
#4436 = CARTESIAN_POINT('',(94.789501190186,22.941849708557,1.5));
#4437 = DIRECTION('',(0.194997422863,0.98080375462,0.));
#4438 = DIRECTION('',(0.98080375462,-0.194997422863,0.));
#4439 = ADVANCED_FACE('',(#4440),#4456,.T.);
#4440 = FACE_BOUND('',#4441,.T.);
#4441 = EDGE_LOOP('',(#4442,#4448,#4449,#4455));
#4442 = ORIENTED_EDGE('',*,*,#4443,.T.);
#4443 = EDGE_CURVE('',#172,#1792,#4444,.T.);
#4444 = LINE('',#4445,#4446);
#4445 = CARTESIAN_POINT('',(95.963401794434,23.5,3.));
#4446 = VECTOR('',#4447,1.);
#4447 = DIRECTION('',(0.,0.,-1.));
#4448 = ORIENTED_EDGE('',*,*,#1791,.F.);
#4449 = ORIENTED_EDGE('',*,*,#4450,.T.);
#4450 = EDGE_CURVE('',#1784,#180,#4451,.T.);
#4451 = LINE('',#4452,#4453);
#4452 = CARTESIAN_POINT('',(95.777801513672,23.222200393677,0.));
#4453 = VECTOR('',#4454,1.);
#4454 = DIRECTION('',(0.,0.,1.));
#4455 = ORIENTED_EDGE('',*,*,#179,.F.);
#4456 = PLANE('',#4457);
#4457 = AXIS2_PLACEMENT_3D('',#4458,#4459,#4460);
#4458 = CARTESIAN_POINT('',(95.870601654053,23.361100196838,1.5));
#4459 = DIRECTION('',(-0.831496547963,0.555529918839,-0.));
#4460 = DIRECTION('',(-0.555529918839,-0.831496547963,0.));
#4461 = ADVANCED_FACE('',(#4462),#4473,.T.);
#4462 = FACE_BOUND('',#4463,.T.);
#4463 = EDGE_LOOP('',(#4464,#4465,#4466,#4467));
#4464 = ORIENTED_EDGE('',*,*,#187,.F.);
#4465 = ORIENTED_EDGE('',*,*,#4450,.F.);
#4466 = ORIENTED_EDGE('',*,*,#1783,.F.);
#4467 = ORIENTED_EDGE('',*,*,#4468,.T.);
#4468 = EDGE_CURVE('',#1776,#188,#4469,.T.);
#4469 = LINE('',#4470,#4471);
#4470 = CARTESIAN_POINT('',(95.420997619629,22.983699798584,0.));
#4471 = VECTOR('',#4472,1.);
#4472 = DIRECTION('',(0.,0.,1.));
#4473 = PLANE('',#4474);
#4474 = AXIS2_PLACEMENT_3D('',#4475,#4476,#4477);
#4475 = CARTESIAN_POINT('',(95.59939956665,23.10295009613,1.5));
#4476 = DIRECTION('',(-0.555718190075,0.831370731515,0.));
#4477 = DIRECTION('',(0.831370731515,0.555718190075,0.));
#4478 = ADVANCED_FACE('',(#4479),#4495,.T.);
#4479 = FACE_BOUND('',#4480,.T.);
#4480 = EDGE_LOOP('',(#4481,#4487,#4488,#4494));
#4481 = ORIENTED_EDGE('',*,*,#4482,.T.);
#4482 = EDGE_CURVE('',#1744,#220,#4483,.T.);
#4483 = LINE('',#4484,#4485);
#4484 = CARTESIAN_POINT('',(94.036598205566,23.5,0.));
#4485 = VECTOR('',#4486,1.);
#4486 = DIRECTION('',(0.,0.,1.));
#4487 = ORIENTED_EDGE('',*,*,#219,.F.);
#4488 = ORIENTED_EDGE('',*,*,#4489,.T.);
#4489 = EDGE_CURVE('',#212,#1752,#4490,.T.);
#4490 = LINE('',#4491,#4492);
#4491 = CARTESIAN_POINT('',(94.222198486328,23.222200393677,3.));
#4492 = VECTOR('',#4493,1.);
#4493 = DIRECTION('',(0.,0.,-1.));
#4494 = ORIENTED_EDGE('',*,*,#1751,.F.);
#4495 = PLANE('',#4496);
#4496 = AXIS2_PLACEMENT_3D('',#4497,#4498,#4499);
#4497 = CARTESIAN_POINT('',(94.129398345947,23.361100196838,1.5));
#4498 = DIRECTION('',(0.831496547963,0.555529918839,0.));
#4499 = DIRECTION('',(-0.555529918839,0.831496547963,0.));
#4500 = ADVANCED_FACE('',(#4501),#4507,.T.);
#4501 = FACE_BOUND('',#4502,.T.);
#4502 = EDGE_LOOP('',(#4503,#4504,#4505,#4506));
#4503 = ORIENTED_EDGE('',*,*,#195,.F.);
#4504 = ORIENTED_EDGE('',*,*,#4468,.F.);
#4505 = ORIENTED_EDGE('',*,*,#1775,.F.);
#4506 = ORIENTED_EDGE('',*,*,#4422,.F.);
#4507 = PLANE('',#4508);
#4508 = AXIS2_PLACEMENT_3D('',#4509,#4510,#4511);
#4509 = CARTESIAN_POINT('',(95.210498809814,22.941849708557,1.5));
#4510 = DIRECTION('',(-0.194997422863,0.98080375462,0.));
#4511 = DIRECTION('',(0.98080375462,0.194997422863,0.));
#4512 = ADVANCED_FACE('',(#4513),#4519,.T.);
#4513 = FACE_BOUND('',#4514,.T.);
#4514 = EDGE_LOOP('',(#4515,#4516,#4517,#4518));
#4515 = ORIENTED_EDGE('',*,*,#211,.F.);
#4516 = ORIENTED_EDGE('',*,*,#4429,.F.);
#4517 = ORIENTED_EDGE('',*,*,#1759,.F.);
#4518 = ORIENTED_EDGE('',*,*,#4489,.F.);
#4519 = PLANE('',#4520);
#4520 = AXIS2_PLACEMENT_3D('',#4521,#4522,#4523);
#4521 = CARTESIAN_POINT('',(94.40060043335,23.10295009613,1.5));
#4522 = DIRECTION('',(0.555718190075,0.831370731515,0.));
#4523 = DIRECTION('',(0.831370731515,-0.555718190075,0.));
#4524 = ADVANCED_FACE('',(#4525),#4541,.T.);
#4525 = FACE_BOUND('',#4526,.T.);
#4526 = EDGE_LOOP('',(#4527,#4533,#4534,#4540));
#4527 = ORIENTED_EDGE('',*,*,#4528,.T.);
#4528 = EDGE_CURVE('',#140,#1824,#4529,.T.);
#4529 = LINE('',#4530,#4531);
#4530 = CARTESIAN_POINT('',(95.777801513672,46.777801513672,3.));
#4531 = VECTOR('',#4532,1.);
#4532 = DIRECTION('',(0.,0.,-1.));
#4533 = ORIENTED_EDGE('',*,*,#1823,.F.);
#4534 = ORIENTED_EDGE('',*,*,#4535,.T.);
#4535 = EDGE_CURVE('',#1816,#148,#4536,.T.);
#4536 = LINE('',#4537,#4538);
#4537 = CARTESIAN_POINT('',(95.963401794434,46.5,0.));
#4538 = VECTOR('',#4539,1.);
#4539 = DIRECTION('',(0.,0.,1.));
#4540 = ORIENTED_EDGE('',*,*,#147,.F.);
#4541 = PLANE('',#4542);
#4542 = AXIS2_PLACEMENT_3D('',#4543,#4544,#4545);
#4543 = CARTESIAN_POINT('',(95.870601654053,46.638900756836,1.5));
#4544 = DIRECTION('',(-0.83149830982,-0.555527281748,-0.));
#4545 = DIRECTION('',(0.555527281748,-0.83149830982,0.));
#4546 = ADVANCED_FACE('',(#4547),#4558,.T.);
#4547 = FACE_BOUND('',#4548,.T.);
#4548 = EDGE_LOOP('',(#4549,#4550,#4556,#4557));
#4549 = ORIENTED_EDGE('',*,*,#139,.F.);
#4550 = ORIENTED_EDGE('',*,*,#4551,.T.);
#4551 = EDGE_CURVE('',#132,#1832,#4552,.T.);
#4552 = LINE('',#4553,#4554);
#4553 = CARTESIAN_POINT('',(95.420997619629,47.016300201416,3.));
#4554 = VECTOR('',#4555,1.);
#4555 = DIRECTION('',(0.,0.,-1.));
#4556 = ORIENTED_EDGE('',*,*,#1831,.F.);
#4557 = ORIENTED_EDGE('',*,*,#4528,.F.);
#4558 = PLANE('',#4559);
#4559 = AXIS2_PLACEMENT_3D('',#4560,#4561,#4562);
#4560 = CARTESIAN_POINT('',(95.59939956665,46.897050857544,1.5));
#4561 = DIRECTION('',(-0.555715118321,-0.831372784778,-0.));
#4562 = DIRECTION('',(-0.831372784778,0.555715118321,0.));
#4563 = ADVANCED_FACE('',(#4564),#4575,.T.);
#4564 = FACE_BOUND('',#4565,.T.);
#4565 = EDGE_LOOP('',(#4566,#4567,#4573,#4574));
#4566 = ORIENTED_EDGE('',*,*,#131,.F.);
#4567 = ORIENTED_EDGE('',*,*,#4568,.T.);
#4568 = EDGE_CURVE('',#124,#1840,#4569,.T.);
#4569 = LINE('',#4570,#4571);
#4570 = CARTESIAN_POINT('',(95.,47.099998474121,3.));
#4571 = VECTOR('',#4572,1.);
#4572 = DIRECTION('',(0.,0.,-1.));
#4573 = ORIENTED_EDGE('',*,*,#1839,.F.);
#4574 = ORIENTED_EDGE('',*,*,#4551,.F.);
#4575 = PLANE('',#4576);
#4576 = AXIS2_PLACEMENT_3D('',#4577,#4578,#4579);
#4577 = CARTESIAN_POINT('',(95.210498809814,47.058149337769,1.5));
#4578 = DIRECTION('',(-0.194993148244,-0.980804604464,-0.));
#4579 = DIRECTION('',(-0.980804604464,0.194993148244,0.));
#4580 = ADVANCED_FACE('',(#4581),#4597,.T.);
#4581 = FACE_BOUND('',#4582,.T.);
#4582 = EDGE_LOOP('',(#4583,#4589,#4590,#4596));
#4583 = ORIENTED_EDGE('',*,*,#4584,.T.);
#4584 = EDGE_CURVE('',#1856,#108,#4585,.T.);
#4585 = LINE('',#4586,#4587);
#4586 = CARTESIAN_POINT('',(94.222198486328,46.777801513672,0.));
#4587 = VECTOR('',#4588,1.);
#4588 = DIRECTION('',(0.,0.,1.));
#4589 = ORIENTED_EDGE('',*,*,#107,.F.);
#4590 = ORIENTED_EDGE('',*,*,#4591,.T.);
#4591 = EDGE_CURVE('',#100,#1864,#4592,.T.);
#4592 = LINE('',#4593,#4594);
#4593 = CARTESIAN_POINT('',(94.036598205566,46.5,3.));
#4594 = VECTOR('',#4595,1.);
#4595 = DIRECTION('',(0.,0.,-1.));
#4596 = ORIENTED_EDGE('',*,*,#1863,.F.);
#4597 = PLANE('',#4598);
#4598 = AXIS2_PLACEMENT_3D('',#4599,#4600,#4601);
#4599 = CARTESIAN_POINT('',(94.129398345947,46.638900756836,1.5));
#4600 = DIRECTION('',(0.83149830982,-0.555527281748,0.));
#4601 = DIRECTION('',(0.555527281748,0.83149830982,0.));
#4602 = ADVANCED_FACE('',(#4603),#4614,.T.);
#4603 = FACE_BOUND('',#4604,.T.);
#4604 = EDGE_LOOP('',(#4605,#4606,#4612,#4613));
#4605 = ORIENTED_EDGE('',*,*,#123,.F.);
#4606 = ORIENTED_EDGE('',*,*,#4607,.T.);
#4607 = EDGE_CURVE('',#116,#1848,#4608,.T.);
#4608 = LINE('',#4609,#4610);
#4609 = CARTESIAN_POINT('',(94.579002380371,47.016300201416,3.));
#4610 = VECTOR('',#4611,1.);
#4611 = DIRECTION('',(0.,0.,-1.));
#4612 = ORIENTED_EDGE('',*,*,#1847,.F.);
#4613 = ORIENTED_EDGE('',*,*,#4568,.F.);
#4614 = PLANE('',#4615);
#4615 = AXIS2_PLACEMENT_3D('',#4616,#4617,#4618);
#4616 = CARTESIAN_POINT('',(94.789501190186,47.058149337769,1.5));
#4617 = DIRECTION('',(0.194993148244,-0.980804604464,-0.));
#4618 = DIRECTION('',(-0.980804604464,-0.194993148244,0.));
#4619 = ADVANCED_FACE('',(#4620),#4626,.T.);
#4620 = FACE_BOUND('',#4621,.T.);
#4621 = EDGE_LOOP('',(#4622,#4623,#4624,#4625));
#4622 = ORIENTED_EDGE('',*,*,#115,.F.);
#4623 = ORIENTED_EDGE('',*,*,#4584,.F.);
#4624 = ORIENTED_EDGE('',*,*,#1855,.F.);
#4625 = ORIENTED_EDGE('',*,*,#4607,.F.);
#4626 = PLANE('',#4627);
#4627 = AXIS2_PLACEMENT_3D('',#4628,#4629,#4630);
#4628 = CARTESIAN_POINT('',(94.40060043335,46.897050857544,1.5));
#4629 = DIRECTION('',(0.555715118321,-0.831372784778,-0.));
#4630 = DIRECTION('',(-0.831372784778,-0.555715118321,0.));
#4631 = ADVANCED_FACE('',(#4632),#4648,.T.);
#4632 = FACE_BOUND('',#4633,.T.);
#4633 = EDGE_LOOP('',(#4634,#4640,#4641,#4647));
#4634 = ORIENTED_EDGE('',*,*,#4635,.T.);
#4635 = EDGE_CURVE('',#66,#1718,#4636,.T.);
#4636 = LINE('',#4637,#4638);
#4637 = CARTESIAN_POINT('',(47.,49.,3.));
#4638 = VECTOR('',#4639,1.);
#4639 = DIRECTION('',(0.,0.,-1.));
#4640 = ORIENTED_EDGE('',*,*,#1717,.F.);
#4641 = ORIENTED_EDGE('',*,*,#4642,.T.);
#4642 = EDGE_CURVE('',#1710,#74,#4643,.T.);
#4643 = LINE('',#4644,#4645);
#4644 = CARTESIAN_POINT('',(47.,21.,0.));
#4645 = VECTOR('',#4646,1.);
#4646 = DIRECTION('',(0.,0.,1.));
#4647 = ORIENTED_EDGE('',*,*,#73,.F.);
#4648 = PLANE('',#4649);
#4649 = AXIS2_PLACEMENT_3D('',#4650,#4651,#4652);
#4650 = CARTESIAN_POINT('',(47.,35.,1.5));
#4651 = DIRECTION('',(-1.,-0.,-0.));
#4652 = DIRECTION('',(0.,0.,-1.));
#4653 = ADVANCED_FACE('',(#4654),#4670,.T.);
#4654 = FACE_BOUND('',#4655,.T.);
#4655 = EDGE_LOOP('',(#4656,#4662,#4663,#4669));
#4656 = ORIENTED_EDGE('',*,*,#4657,.T.);
#4657 = EDGE_CURVE('',#1700,#58,#4658,.T.);
#4658 = LINE('',#4659,#4660);
#4659 = CARTESIAN_POINT('',(5.,49.,0.));
#4660 = VECTOR('',#4661,1.);
#4661 = DIRECTION('',(0.,0.,1.));
#4662 = ORIENTED_EDGE('',*,*,#55,.F.);
#4663 = ORIENTED_EDGE('',*,*,#4664,.T.);
#4664 = EDGE_CURVE('',#56,#1702,#4665,.T.);
#4665 = LINE('',#4666,#4667);
#4666 = CARTESIAN_POINT('',(5.,21.,3.));
#4667 = VECTOR('',#4668,1.);
#4668 = DIRECTION('',(0.,0.,-1.));
#4669 = ORIENTED_EDGE('',*,*,#1699,.F.);
#4670 = PLANE('',#4671);
#4671 = AXIS2_PLACEMENT_3D('',#4672,#4673,#4674);
#4672 = CARTESIAN_POINT('',(5.,35.,1.5));
#4673 = DIRECTION('',(1.,0.,0.));
#4674 = DIRECTION('',(-0.,0.,1.));
#4675 = ADVANCED_FACE('',(#4676),#4682,.T.);
#4676 = FACE_BOUND('',#4677,.T.);
#4677 = EDGE_LOOP('',(#4678,#4679,#4680,#4681));
#4678 = ORIENTED_EDGE('',*,*,#65,.F.);
#4679 = ORIENTED_EDGE('',*,*,#4657,.F.);
#4680 = ORIENTED_EDGE('',*,*,#1725,.F.);
#4681 = ORIENTED_EDGE('',*,*,#4635,.F.);
#4682 = PLANE('',#4683);
#4683 = AXIS2_PLACEMENT_3D('',#4684,#4685,#4686);
#4684 = CARTESIAN_POINT('',(26.,49.,1.5));
#4685 = DIRECTION('',(-0.,-1.,-0.));
#4686 = DIRECTION('',(0.,0.,-1.));
#4687 = ADVANCED_FACE('',(#4688),#4694,.T.);
#4688 = FACE_BOUND('',#4689,.T.);
#4689 = EDGE_LOOP('',(#4690,#4691,#4692,#4693));
#4690 = ORIENTED_EDGE('',*,*,#81,.F.);
#4691 = ORIENTED_EDGE('',*,*,#4642,.F.);
#4692 = ORIENTED_EDGE('',*,*,#1709,.F.);
#4693 = ORIENTED_EDGE('',*,*,#4664,.F.);
#4694 = PLANE('',#4695);
#4695 = AXIS2_PLACEMENT_3D('',#4696,#4697,#4698);
#4696 = CARTESIAN_POINT('',(26.,21.,1.5));
#4697 = DIRECTION('',(0.,1.,0.));
#4698 = DIRECTION('',(0.,-0.,1.));
#4699 = ADVANCED_FACE('',(#4700),#4716,.T.);
#4700 = FACE_BOUND('',#4701,.T.);
#4701 = EDGE_LOOP('',(#4702,#4708,#4709,#4715));
#4702 = ORIENTED_EDGE('',*,*,#4703,.T.);
#4703 = EDGE_CURVE('',#236,#1882,#4704,.T.);
#4704 = LINE('',#4705,#4706);
#4705 = CARTESIAN_POINT('',(79.,41.5,3.));
#4706 = VECTOR('',#4707,1.);
#4707 = DIRECTION('',(0.,0.,-1.));
#4708 = ORIENTED_EDGE('',*,*,#1879,.F.);
#4709 = ORIENTED_EDGE('',*,*,#4710,.T.);
#4710 = EDGE_CURVE('',#1880,#238,#4711,.T.);
#4711 = LINE('',#4712,#4713);
#4712 = CARTESIAN_POINT('',(79.,28.5,0.));
#4713 = VECTOR('',#4714,1.);
#4714 = DIRECTION('',(0.,0.,1.));
#4715 = ORIENTED_EDGE('',*,*,#235,.F.);
#4716 = PLANE('',#4717);
#4717 = AXIS2_PLACEMENT_3D('',#4718,#4719,#4720);
#4718 = CARTESIAN_POINT('',(79.,35.,1.5));
#4719 = DIRECTION('',(-1.,-0.,-0.));
#4720 = DIRECTION('',(0.,0.,-1.));
#4721 = ADVANCED_FACE('',(#4722),#4738,.T.);
#4722 = FACE_BOUND('',#4723,.T.);
#4723 = EDGE_LOOP('',(#4724,#4730,#4731,#4737));
#4724 = ORIENTED_EDGE('',*,*,#4725,.T.);
#4725 = EDGE_CURVE('',#1890,#254,#4726,.T.);
#4726 = LINE('',#4727,#4728);
#4727 = CARTESIAN_POINT('',(66.,41.5,0.));
#4728 = VECTOR('',#4729,1.);
#4729 = DIRECTION('',(0.,0.,1.));
#4730 = ORIENTED_EDGE('',*,*,#253,.F.);
#4731 = ORIENTED_EDGE('',*,*,#4732,.T.);
#4732 = EDGE_CURVE('',#246,#1898,#4733,.T.);
#4733 = LINE('',#4734,#4735);
#4734 = CARTESIAN_POINT('',(66.,28.5,3.));
#4735 = VECTOR('',#4736,1.);
#4736 = DIRECTION('',(0.,0.,-1.));
#4737 = ORIENTED_EDGE('',*,*,#1897,.F.);
#4738 = PLANE('',#4739);
#4739 = AXIS2_PLACEMENT_3D('',#4740,#4741,#4742);
#4740 = CARTESIAN_POINT('',(66.,35.,1.5));
#4741 = DIRECTION('',(1.,0.,0.));
#4742 = DIRECTION('',(-0.,0.,1.));
#4743 = ADVANCED_FACE('',(#4744),#4750,.T.);
#4744 = FACE_BOUND('',#4745,.T.);
#4745 = EDGE_LOOP('',(#4746,#4747,#4748,#4749));
#4746 = ORIENTED_EDGE('',*,*,#261,.F.);
#4747 = ORIENTED_EDGE('',*,*,#4725,.F.);
#4748 = ORIENTED_EDGE('',*,*,#1889,.F.);
#4749 = ORIENTED_EDGE('',*,*,#4703,.F.);
#4750 = PLANE('',#4751);
#4751 = AXIS2_PLACEMENT_3D('',#4752,#4753,#4754);
#4752 = CARTESIAN_POINT('',(72.5,41.5,1.5));
#4753 = DIRECTION('',(-0.,-1.,-0.));
#4754 = DIRECTION('',(0.,0.,-1.));
#4755 = ADVANCED_FACE('',(#4756),#4762,.T.);
#4756 = FACE_BOUND('',#4757,.T.);
#4757 = EDGE_LOOP('',(#4758,#4759,#4760,#4761));
#4758 = ORIENTED_EDGE('',*,*,#245,.F.);
#4759 = ORIENTED_EDGE('',*,*,#4710,.F.);
#4760 = ORIENTED_EDGE('',*,*,#1905,.F.);
#4761 = ORIENTED_EDGE('',*,*,#4732,.F.);
#4762 = PLANE('',#4763);
#4763 = AXIS2_PLACEMENT_3D('',#4764,#4765,#4766);
#4764 = CARTESIAN_POINT('',(72.5,28.5,1.5));
#4765 = DIRECTION('',(0.,1.,0.));
#4766 = DIRECTION('',(0.,-0.,1.));
#4767 = ADVANCED_FACE('',(#4768),#4784,.T.);
#4768 = FACE_BOUND('',#4769,.T.);
#4769 = EDGE_LOOP('',(#4770,#4776,#4777,#4783));
#4770 = ORIENTED_EDGE('',*,*,#4771,.T.);
#4771 = EDGE_CURVE('',#156,#1808,#4772,.T.);
#4772 = LINE('',#4773,#4774);
#4773 = CARTESIAN_POINT('',(101.,46.5,3.));
#4774 = VECTOR('',#4775,1.);
#4775 = DIRECTION('',(0.,0.,-1.));
#4776 = ORIENTED_EDGE('',*,*,#1807,.F.);
#4777 = ORIENTED_EDGE('',*,*,#4778,.T.);
#4778 = EDGE_CURVE('',#1800,#164,#4779,.T.);
#4779 = LINE('',#4780,#4781);
#4780 = CARTESIAN_POINT('',(101.,23.5,0.));
#4781 = VECTOR('',#4782,1.);
#4782 = DIRECTION('',(0.,0.,1.));
#4783 = ORIENTED_EDGE('',*,*,#163,.F.);
#4784 = PLANE('',#4785);
#4785 = AXIS2_PLACEMENT_3D('',#4786,#4787,#4788);
#4786 = CARTESIAN_POINT('',(101.,35.,1.5));
#4787 = DIRECTION('',(-1.,-0.,-0.));
#4788 = DIRECTION('',(0.,0.,-1.));
#4789 = ADVANCED_FACE('',(#4790),#4806,.T.);
#4790 = FACE_BOUND('',#4791,.T.);
#4791 = EDGE_LOOP('',(#4792,#4798,#4799,#4805));
#4792 = ORIENTED_EDGE('',*,*,#4793,.T.);
#4793 = EDGE_CURVE('',#1734,#92,#4794,.T.);
#4794 = LINE('',#4795,#4796);
#4795 = CARTESIAN_POINT('',(89.,46.5,0.));
#4796 = VECTOR('',#4797,1.);
#4797 = DIRECTION('',(0.,0.,1.));
#4798 = ORIENTED_EDGE('',*,*,#89,.F.);
#4799 = ORIENTED_EDGE('',*,*,#4800,.T.);
#4800 = EDGE_CURVE('',#90,#1736,#4801,.T.);
#4801 = LINE('',#4802,#4803);
#4802 = CARTESIAN_POINT('',(89.,23.5,3.));
#4803 = VECTOR('',#4804,1.);
#4804 = DIRECTION('',(0.,0.,-1.));
#4805 = ORIENTED_EDGE('',*,*,#1733,.F.);
#4806 = PLANE('',#4807);
#4807 = AXIS2_PLACEMENT_3D('',#4808,#4809,#4810);
#4808 = CARTESIAN_POINT('',(89.,35.,1.5));
#4809 = DIRECTION('',(1.,0.,0.));
#4810 = DIRECTION('',(-0.,0.,1.));
#4811 = ADVANCED_FACE('',(#4812),#4818,.T.);
#4812 = FACE_BOUND('',#4813,.T.);
#4813 = EDGE_LOOP('',(#4814,#4815,#4816,#4817));
#4814 = ORIENTED_EDGE('',*,*,#99,.F.);
#4815 = ORIENTED_EDGE('',*,*,#4793,.F.);
#4816 = ORIENTED_EDGE('',*,*,#1871,.F.);
#4817 = ORIENTED_EDGE('',*,*,#4591,.F.);
#4818 = PLANE('',#4819);
#4819 = AXIS2_PLACEMENT_3D('',#4820,#4821,#4822);
#4820 = CARTESIAN_POINT('',(91.518299102783,46.5,1.5));
#4821 = DIRECTION('',(-0.,-1.,-0.));
#4822 = DIRECTION('',(0.,0.,-1.));
#4823 = ADVANCED_FACE('',(#4824),#4830,.T.);
#4824 = FACE_BOUND('',#4825,.T.);
#4825 = EDGE_LOOP('',(#4826,#4827,#4828,#4829));
#4826 = ORIENTED_EDGE('',*,*,#155,.F.);
#4827 = ORIENTED_EDGE('',*,*,#4535,.F.);
#4828 = ORIENTED_EDGE('',*,*,#1815,.F.);
#4829 = ORIENTED_EDGE('',*,*,#4771,.F.);
#4830 = PLANE('',#4831);
#4831 = AXIS2_PLACEMENT_3D('',#4832,#4833,#4834);
#4832 = CARTESIAN_POINT('',(98.481700897217,46.5,1.5));
#4833 = DIRECTION('',(-0.,-1.,-0.));
#4834 = DIRECTION('',(0.,0.,-1.));
#4835 = ADVANCED_FACE('',(#4836),#4842,.T.);
#4836 = FACE_BOUND('',#4837,.T.);
#4837 = EDGE_LOOP('',(#4838,#4839,#4840,#4841));
#4838 = ORIENTED_EDGE('',*,*,#227,.F.);
#4839 = ORIENTED_EDGE('',*,*,#4482,.F.);
#4840 = ORIENTED_EDGE('',*,*,#1743,.F.);
#4841 = ORIENTED_EDGE('',*,*,#4800,.F.);
#4842 = PLANE('',#4843);
#4843 = AXIS2_PLACEMENT_3D('',#4844,#4845,#4846);
#4844 = CARTESIAN_POINT('',(91.518299102783,23.5,1.5));
#4845 = DIRECTION('',(0.,1.,0.));
#4846 = DIRECTION('',(0.,-0.,1.));
#4847 = ADVANCED_FACE('',(#4848),#4854,.T.);
#4848 = FACE_BOUND('',#4849,.T.);
#4849 = EDGE_LOOP('',(#4850,#4851,#4852,#4853));
#4850 = ORIENTED_EDGE('',*,*,#171,.F.);
#4851 = ORIENTED_EDGE('',*,*,#4778,.F.);
#4852 = ORIENTED_EDGE('',*,*,#1799,.F.);
#4853 = ORIENTED_EDGE('',*,*,#4443,.F.);
#4854 = PLANE('',#4855);
#4855 = AXIS2_PLACEMENT_3D('',#4856,#4857,#4858);
#4856 = CARTESIAN_POINT('',(98.481700897217,23.5,1.5));
#4857 = DIRECTION('',(0.,1.,0.));
#4858 = DIRECTION('',(0.,-0.,1.));
#4859 = ADVANCED_FACE('',(#4860),#4876,.T.);
#4860 = FACE_BOUND('',#4861,.T.);
#4861 = EDGE_LOOP('',(#4862,#4868,#4869,#4875));
#4862 = ORIENTED_EDGE('',*,*,#4863,.T.);
#4863 = EDGE_CURVE('',#688,#2284,#4864,.T.);
#4864 = LINE('',#4865,#4866);
#4865 = CARTESIAN_POINT('',(9.131369590759,9.131369590759,3.));
#4866 = VECTOR('',#4867,1.);
#4867 = DIRECTION('',(0.,0.,-1.));
#4868 = ORIENTED_EDGE('',*,*,#2283,.F.);
#4869 = ORIENTED_EDGE('',*,*,#4870,.T.);
#4870 = EDGE_CURVE('',#2276,#696,#4871,.T.);
#4871 = LINE('',#4872,#4873);
#4872 = CARTESIAN_POINT('',(9.478210449219,8.612290382385,0.));
#4873 = VECTOR('',#4874,1.);
#4874 = DIRECTION('',(0.,0.,1.));
#4875 = ORIENTED_EDGE('',*,*,#695,.F.);
#4876 = PLANE('',#4877);
#4877 = AXIS2_PLACEMENT_3D('',#4878,#4879,#4880);
#4878 = CARTESIAN_POINT('',(9.304790019989,8.871829986572,1.5));
#4879 = DIRECTION('',(-0.83146722966,-0.55557379888,-0.));
#4880 = DIRECTION('',(0.55557379888,-0.83146722966,0.));
#4881 = ADVANCED_FACE('',(#4882),#4893,.T.);
#4882 = FACE_BOUND('',#4883,.T.);
#4883 = EDGE_LOOP('',(#4884,#4885,#4886,#4892));
#4884 = ORIENTED_EDGE('',*,*,#4870,.F.);
#4885 = ORIENTED_EDGE('',*,*,#2275,.F.);
#4886 = ORIENTED_EDGE('',*,*,#4887,.T.);
#4887 = EDGE_CURVE('',#2268,#704,#4888,.T.);
#4888 = LINE('',#4889,#4890);
#4889 = CARTESIAN_POINT('',(9.60000038147,8.,0.));
#4890 = VECTOR('',#4891,1.);
#4891 = DIRECTION('',(0.,0.,1.));
#4892 = ORIENTED_EDGE('',*,*,#703,.F.);
#4893 = PLANE('',#4894);
#4894 = AXIS2_PLACEMENT_3D('',#4895,#4896,#4897);
#4895 = CARTESIAN_POINT('',(9.539105415344,8.306145191193,1.5));
#4896 = DIRECTION('',(-0.980785953843,-0.195086936375,-0.));
#4897 = DIRECTION('',(0.195086936375,-0.980785953843,0.));
#4898 = ADVANCED_FACE('',(#4899),#4910,.T.);
#4899 = FACE_BOUND('',#4900,.T.);
#4900 = EDGE_LOOP('',(#4901,#4902,#4908,#4909));
#4901 = ORIENTED_EDGE('',*,*,#687,.F.);
#4902 = ORIENTED_EDGE('',*,*,#4903,.T.);
#4903 = EDGE_CURVE('',#680,#2292,#4904,.T.);
#4904 = LINE('',#4905,#4906);
#4905 = CARTESIAN_POINT('',(8.612290382385,9.478210449219,3.));
#4906 = VECTOR('',#4907,1.);
#4907 = DIRECTION('',(0.,0.,-1.));
#4908 = ORIENTED_EDGE('',*,*,#2291,.F.);
#4909 = ORIENTED_EDGE('',*,*,#4863,.F.);
#4910 = PLANE('',#4911);
#4911 = AXIS2_PLACEMENT_3D('',#4912,#4913,#4914);
#4912 = CARTESIAN_POINT('',(8.871829986572,9.304790019989,1.5));
#4913 = DIRECTION('',(-0.55557379888,-0.83146722966,-0.));
#4914 = DIRECTION('',(-0.83146722966,0.55557379888,0.));
#4915 = ADVANCED_FACE('',(#4916),#4932,.T.);
#4916 = FACE_BOUND('',#4917,.T.);
#4917 = EDGE_LOOP('',(#4918,#4924,#4925,#4931));
#4918 = ORIENTED_EDGE('',*,*,#4919,.T.);
#4919 = EDGE_CURVE('',#712,#2260,#4920,.T.);
#4920 = LINE('',#4921,#4922);
#4921 = CARTESIAN_POINT('',(9.478210449219,7.387710094452,3.));
#4922 = VECTOR('',#4923,1.);
#4923 = DIRECTION('',(0.,0.,-1.));
#4924 = ORIENTED_EDGE('',*,*,#2259,.F.);
#4925 = ORIENTED_EDGE('',*,*,#4926,.T.);
#4926 = EDGE_CURVE('',#2252,#598,#4927,.T.);
#4927 = LINE('',#4928,#4929);
#4928 = CARTESIAN_POINT('',(9.131369590759,6.868629932404,0.));
#4929 = VECTOR('',#4930,1.);
#4930 = DIRECTION('',(0.,0.,1.));
#4931 = ORIENTED_EDGE('',*,*,#719,.F.);
#4932 = PLANE('',#4933);
#4933 = AXIS2_PLACEMENT_3D('',#4934,#4935,#4936);
#4934 = CARTESIAN_POINT('',(9.304790019989,7.128170013428,1.5));
#4935 = DIRECTION('',(-0.831467701173,0.555573093216,-0.));
#4936 = DIRECTION('',(-0.555573093216,-0.831467701173,0.));
#4937 = ADVANCED_FACE('',(#4938),#4954,.T.);
#4938 = FACE_BOUND('',#4939,.T.);
#4939 = EDGE_LOOP('',(#4940,#4941,#4947,#4948));
#4940 = ORIENTED_EDGE('',*,*,#671,.F.);
#4941 = ORIENTED_EDGE('',*,*,#4942,.T.);
#4942 = EDGE_CURVE('',#664,#2308,#4943,.T.);
#4943 = LINE('',#4944,#4945);
#4944 = CARTESIAN_POINT('',(7.387710094452,9.478210449219,3.));
#4945 = VECTOR('',#4946,1.);
#4946 = DIRECTION('',(0.,0.,-1.));
#4947 = ORIENTED_EDGE('',*,*,#2307,.F.);
#4948 = ORIENTED_EDGE('',*,*,#4949,.T.);
#4949 = EDGE_CURVE('',#2300,#672,#4950,.T.);
#4950 = LINE('',#4951,#4952);
#4951 = CARTESIAN_POINT('',(8.,9.60000038147,0.));
#4952 = VECTOR('',#4953,1.);
#4953 = DIRECTION('',(0.,0.,1.));
#4954 = PLANE('',#4955);
#4955 = AXIS2_PLACEMENT_3D('',#4956,#4957,#4958);
#4956 = CARTESIAN_POINT('',(7.693855047226,9.539105415344,1.5));
#4957 = DIRECTION('',(0.195087082522,-0.980785924773,-0.));
#4958 = DIRECTION('',(-0.980785924773,-0.195087082522,0.));
#4959 = ADVANCED_FACE('',(#4960),#4976,.T.);
#4960 = FACE_BOUND('',#4961,.T.);
#4961 = EDGE_LOOP('',(#4962,#4968,#4969,#4975));
#4962 = ORIENTED_EDGE('',*,*,#4963,.T.);
#4963 = EDGE_CURVE('',#2316,#656,#4964,.T.);
#4964 = LINE('',#4965,#4966);
#4965 = CARTESIAN_POINT('',(6.868629932404,9.131369590759,0.));
#4966 = VECTOR('',#4967,1.);
#4967 = DIRECTION('',(0.,0.,1.));
#4968 = ORIENTED_EDGE('',*,*,#655,.F.);
#4969 = ORIENTED_EDGE('',*,*,#4970,.T.);
#4970 = EDGE_CURVE('',#648,#2324,#4971,.T.);
#4971 = LINE('',#4972,#4973);
#4972 = CARTESIAN_POINT('',(6.521790027618,8.612290382385,3.));
#4973 = VECTOR('',#4974,1.);
#4974 = DIRECTION('',(0.,0.,-1.));
#4975 = ORIENTED_EDGE('',*,*,#2323,.F.);
#4976 = PLANE('',#4977);
#4977 = AXIS2_PLACEMENT_3D('',#4978,#4979,#4980);
#4978 = CARTESIAN_POINT('',(6.695209980011,8.871829986572,1.5));
#4979 = DIRECTION('',(0.831467935324,-0.555572742787,0.));
#4980 = DIRECTION('',(0.555572742787,0.831467935324,0.));
#4981 = ADVANCED_FACE('',(#4982),#4993,.T.);
#4982 = FACE_BOUND('',#4983,.T.);
#4983 = EDGE_LOOP('',(#4984,#4985,#4986,#4992));
#4984 = ORIENTED_EDGE('',*,*,#4970,.F.);
#4985 = ORIENTED_EDGE('',*,*,#647,.F.);
#4986 = ORIENTED_EDGE('',*,*,#4987,.T.);
#4987 = EDGE_CURVE('',#640,#2332,#4988,.T.);
#4988 = LINE('',#4989,#4990);
#4989 = CARTESIAN_POINT('',(6.400000095367,8.,3.));
#4990 = VECTOR('',#4991,1.);
#4991 = DIRECTION('',(0.,0.,-1.));
#4992 = ORIENTED_EDGE('',*,*,#2331,.F.);
#4993 = PLANE('',#4994);
#4994 = AXIS2_PLACEMENT_3D('',#4995,#4996,#4997);
#4995 = CARTESIAN_POINT('',(6.460895061493,8.306145191193,1.5));
#4996 = DIRECTION('',(0.980785953843,-0.195086936375,0.));
#4997 = DIRECTION('',(0.195086936375,0.980785953843,0.));
#4998 = ADVANCED_FACE('',(#4999),#5015,.T.);
#4999 = FACE_BOUND('',#5000,.T.);
#5000 = EDGE_LOOP('',(#5001,#5002,#5008,#5009));
#5001 = ORIENTED_EDGE('',*,*,#607,.F.);
#5002 = ORIENTED_EDGE('',*,*,#5003,.T.);
#5003 = EDGE_CURVE('',#600,#2244,#5004,.T.);
#5004 = LINE('',#5005,#5006);
#5005 = CARTESIAN_POINT('',(8.612290382385,6.521790027618,3.));
#5006 = VECTOR('',#5007,1.);
#5007 = DIRECTION('',(0.,0.,-1.));
#5008 = ORIENTED_EDGE('',*,*,#2241,.F.);
#5009 = ORIENTED_EDGE('',*,*,#5010,.T.);
#5010 = EDGE_CURVE('',#2242,#608,#5011,.T.);
#5011 = LINE('',#5012,#5013);
#5012 = CARTESIAN_POINT('',(8.,6.400000095367,0.));
#5013 = VECTOR('',#5014,1.);
#5014 = DIRECTION('',(0.,0.,1.));
#5015 = PLANE('',#5016);
#5016 = AXIS2_PLACEMENT_3D('',#5017,#5018,#5019);
#5017 = CARTESIAN_POINT('',(8.306145191193,6.460895061493,1.5));
#5018 = DIRECTION('',(-0.195086936375,0.980785953843,0.));
#5019 = DIRECTION('',(0.980785953843,0.195086936375,0.));
#5020 = ADVANCED_FACE('',(#5021),#5032,.T.);
#5021 = FACE_BOUND('',#5022,.T.);
#5022 = EDGE_LOOP('',(#5023,#5024,#5025,#5026));
#5023 = ORIENTED_EDGE('',*,*,#615,.F.);
#5024 = ORIENTED_EDGE('',*,*,#5010,.F.);
#5025 = ORIENTED_EDGE('',*,*,#2363,.F.);
#5026 = ORIENTED_EDGE('',*,*,#5027,.T.);
#5027 = EDGE_CURVE('',#2356,#616,#5028,.T.);
#5028 = LINE('',#5029,#5030);
#5029 = CARTESIAN_POINT('',(7.387710094452,6.521790027618,0.));
#5030 = VECTOR('',#5031,1.);
#5031 = DIRECTION('',(0.,0.,1.));
#5032 = PLANE('',#5033);
#5033 = AXIS2_PLACEMENT_3D('',#5034,#5035,#5036);
#5034 = CARTESIAN_POINT('',(7.693855047226,6.460895061493,1.5));
#5035 = DIRECTION('',(0.195087082522,0.980785924773,0.));
#5036 = DIRECTION('',(0.980785924773,-0.195087082522,0.));
#5037 = ADVANCED_FACE('',(#5038),#5049,.T.);
#5038 = FACE_BOUND('',#5039,.T.);
#5039 = EDGE_LOOP('',(#5040,#5041,#5042,#5048));
#5040 = ORIENTED_EDGE('',*,*,#4987,.F.);
#5041 = ORIENTED_EDGE('',*,*,#639,.F.);
#5042 = ORIENTED_EDGE('',*,*,#5043,.T.);
#5043 = EDGE_CURVE('',#632,#2340,#5044,.T.);
#5044 = LINE('',#5045,#5046);
#5045 = CARTESIAN_POINT('',(6.521790027618,7.387710094452,3.));
#5046 = VECTOR('',#5047,1.);
#5047 = DIRECTION('',(0.,0.,-1.));
#5048 = ORIENTED_EDGE('',*,*,#2339,.F.);
#5049 = PLANE('',#5050);
#5050 = AXIS2_PLACEMENT_3D('',#5051,#5052,#5053);
#5051 = CARTESIAN_POINT('',(6.460895061493,7.693855047226,1.5));
#5052 = DIRECTION('',(0.980785924773,0.195087082522,0.));
#5053 = DIRECTION('',(-0.195087082522,0.980785924773,0.));
#5054 = ADVANCED_FACE('',(#5055),#5061,.T.);
#5055 = FACE_BOUND('',#5056,.T.);
#5056 = EDGE_LOOP('',(#5057,#5058,#5059,#5060));
#5057 = ORIENTED_EDGE('',*,*,#679,.F.);
#5058 = ORIENTED_EDGE('',*,*,#4949,.F.);
#5059 = ORIENTED_EDGE('',*,*,#2299,.F.);
#5060 = ORIENTED_EDGE('',*,*,#4903,.F.);
#5061 = PLANE('',#5062);
#5062 = AXIS2_PLACEMENT_3D('',#5063,#5064,#5065);
#5063 = CARTESIAN_POINT('',(8.306145191193,9.539105415344,1.5));
#5064 = DIRECTION('',(-0.195086936375,-0.980785953843,-0.));
#5065 = DIRECTION('',(-0.980785953843,0.195086936375,0.));
#5066 = ADVANCED_FACE('',(#5067),#5073,.T.);
#5067 = FACE_BOUND('',#5068,.T.);
#5068 = EDGE_LOOP('',(#5069,#5070,#5071,#5072));
#5069 = ORIENTED_EDGE('',*,*,#4887,.F.);
#5070 = ORIENTED_EDGE('',*,*,#2267,.F.);
#5071 = ORIENTED_EDGE('',*,*,#4919,.F.);
#5072 = ORIENTED_EDGE('',*,*,#711,.F.);
#5073 = PLANE('',#5074);
#5074 = AXIS2_PLACEMENT_3D('',#5075,#5076,#5077);
#5075 = CARTESIAN_POINT('',(9.539105415344,7.693855047226,1.5));
#5076 = DIRECTION('',(-0.980785924773,0.195087082522,-0.));
#5077 = DIRECTION('',(-0.195087082522,-0.980785924773,0.));
#5078 = ADVANCED_FACE('',(#5079),#5085,.T.);
#5079 = FACE_BOUND('',#5080,.T.);
#5080 = EDGE_LOOP('',(#5081,#5082,#5083,#5084));
#5081 = ORIENTED_EDGE('',*,*,#597,.F.);
#5082 = ORIENTED_EDGE('',*,*,#4926,.F.);
#5083 = ORIENTED_EDGE('',*,*,#2251,.F.);
#5084 = ORIENTED_EDGE('',*,*,#5003,.F.);
#5085 = PLANE('',#5086);
#5086 = AXIS2_PLACEMENT_3D('',#5087,#5088,#5089);
#5087 = CARTESIAN_POINT('',(8.871829986572,6.695209980011,1.5));
#5088 = DIRECTION('',(-0.555572742787,0.831467935324,0.));
#5089 = DIRECTION('',(0.831467935324,0.555572742787,0.));
#5090 = ADVANCED_FACE('',(#5091),#5102,.T.);
#5091 = FACE_BOUND('',#5092,.T.);
#5092 = EDGE_LOOP('',(#5093,#5094,#5095,#5101));
#5093 = ORIENTED_EDGE('',*,*,#5043,.F.);
#5094 = ORIENTED_EDGE('',*,*,#631,.F.);
#5095 = ORIENTED_EDGE('',*,*,#5096,.T.);
#5096 = EDGE_CURVE('',#624,#2348,#5097,.T.);
#5097 = LINE('',#5098,#5099);
#5098 = CARTESIAN_POINT('',(6.868629932404,6.868629932404,3.));
#5099 = VECTOR('',#5100,1.);
#5100 = DIRECTION('',(0.,0.,-1.));
#5101 = ORIENTED_EDGE('',*,*,#2347,.F.);
#5102 = PLANE('',#5103);
#5103 = AXIS2_PLACEMENT_3D('',#5104,#5105,#5106);
#5104 = CARTESIAN_POINT('',(6.695209980011,7.128170013428,1.5));
#5105 = DIRECTION('',(0.831468406837,0.555572037123,0.));
#5106 = DIRECTION('',(-0.555572037123,0.831468406837,0.));
#5107 = ADVANCED_FACE('',(#5108),#5114,.T.);
#5108 = FACE_BOUND('',#5109,.T.);
#5109 = EDGE_LOOP('',(#5110,#5111,#5112,#5113));
#5110 = ORIENTED_EDGE('',*,*,#663,.F.);
#5111 = ORIENTED_EDGE('',*,*,#4963,.F.);
#5112 = ORIENTED_EDGE('',*,*,#2315,.F.);
#5113 = ORIENTED_EDGE('',*,*,#4942,.F.);
#5114 = PLANE('',#5115);
#5115 = AXIS2_PLACEMENT_3D('',#5116,#5117,#5118);
#5116 = CARTESIAN_POINT('',(7.128170013428,9.304790019989,1.5));
#5117 = DIRECTION('',(0.555573093216,-0.831467701173,-0.));
#5118 = DIRECTION('',(-0.831467701173,-0.555573093216,0.));
#5119 = ADVANCED_FACE('',(#5120),#5126,.T.);
#5120 = FACE_BOUND('',#5121,.T.);
#5121 = EDGE_LOOP('',(#5122,#5123,#5124,#5125));
#5122 = ORIENTED_EDGE('',*,*,#623,.F.);
#5123 = ORIENTED_EDGE('',*,*,#5027,.F.);
#5124 = ORIENTED_EDGE('',*,*,#2355,.F.);
#5125 = ORIENTED_EDGE('',*,*,#5096,.F.);
#5126 = PLANE('',#5127);
#5127 = AXIS2_PLACEMENT_3D('',#5128,#5129,#5130);
#5128 = CARTESIAN_POINT('',(7.128170013428,6.695209980011,1.5));
#5129 = DIRECTION('',(0.555572037123,0.831468406837,0.));
#5130 = DIRECTION('',(0.831468406837,-0.555572037123,0.));
#5131 = ADVANCED_FACE('',(#5132),#5148,.T.);
#5132 = FACE_BOUND('',#5133,.T.);
#5133 = EDGE_LOOP('',(#5134,#5140,#5141,#5147));
#5134 = ORIENTED_EDGE('',*,*,#5135,.T.);
#5135 = EDGE_CURVE('',#404,#2088,#5136,.T.);
#5136 = LINE('',#5137,#5138);
#5137 = CARTESIAN_POINT('',(133.1309967041,9.131369590759,3.));
#5138 = VECTOR('',#5139,1.);
#5139 = DIRECTION('',(0.,0.,-1.));
#5140 = ORIENTED_EDGE('',*,*,#2087,.F.);
#5141 = ORIENTED_EDGE('',*,*,#5142,.T.);
#5142 = EDGE_CURVE('',#2080,#412,#5143,.T.);
#5143 = LINE('',#5144,#5145);
#5144 = CARTESIAN_POINT('',(133.47799682617,8.612290382385,0.));
#5145 = VECTOR('',#5146,1.);
#5146 = DIRECTION('',(0.,0.,1.));
#5147 = ORIENTED_EDGE('',*,*,#411,.F.);
#5148 = PLANE('',#5149);
#5149 = AXIS2_PLACEMENT_3D('',#5150,#5151,#5152);
#5150 = CARTESIAN_POINT('',(133.30449676513,8.871829986572,1.5));
#5151 = DIRECTION('',(-0.831349381633,-0.555750128797,-0.));
#5152 = DIRECTION('',(0.555750128797,-0.831349381633,0.));
#5153 = ADVANCED_FACE('',(#5154),#5165,.T.);
#5154 = FACE_BOUND('',#5155,.T.);
#5155 = EDGE_LOOP('',(#5156,#5157,#5158,#5164));
#5156 = ORIENTED_EDGE('',*,*,#5142,.F.);
#5157 = ORIENTED_EDGE('',*,*,#2079,.F.);
#5158 = ORIENTED_EDGE('',*,*,#5159,.T.);
#5159 = EDGE_CURVE('',#2072,#420,#5160,.T.);
#5160 = LINE('',#5161,#5162);
#5161 = CARTESIAN_POINT('',(133.60000610351,8.,0.));
#5162 = VECTOR('',#5163,1.);
#5163 = DIRECTION('',(0.,0.,1.));
#5164 = ORIENTED_EDGE('',*,*,#419,.F.);
#5165 = PLANE('',#5166);
#5166 = AXIS2_PLACEMENT_3D('',#5167,#5168,#5169);
#5167 = CARTESIAN_POINT('',(133.53900146484,8.306145191193,1.5));
#5168 = DIRECTION('',(-0.980718672699,-0.195424883317,-0.));
#5169 = DIRECTION('',(0.195424883317,-0.980718672699,0.));
#5170 = ADVANCED_FACE('',(#5171),#5182,.T.);
#5171 = FACE_BOUND('',#5172,.T.);
#5172 = EDGE_LOOP('',(#5173,#5174,#5180,#5181));
#5173 = ORIENTED_EDGE('',*,*,#403,.F.);
#5174 = ORIENTED_EDGE('',*,*,#5175,.T.);
#5175 = EDGE_CURVE('',#396,#2096,#5176,.T.);
#5176 = LINE('',#5177,#5178);
#5177 = CARTESIAN_POINT('',(132.61199951171,9.478210449219,3.));
#5178 = VECTOR('',#5179,1.);
#5179 = DIRECTION('',(0.,0.,-1.));
#5180 = ORIENTED_EDGE('',*,*,#2095,.F.);
#5181 = ORIENTED_EDGE('',*,*,#5135,.F.);
#5182 = PLANE('',#5183);
#5183 = AXIS2_PLACEMENT_3D('',#5184,#5185,#5186);
#5184 = CARTESIAN_POINT('',(132.87149810791,9.304790019989,1.5));
#5185 = DIRECTION('',(-0.555634491206,-0.831426672763,-0.));
#5186 = DIRECTION('',(-0.831426672763,0.555634491206,0.));
#5187 = ADVANCED_FACE('',(#5188),#5204,.T.);
#5188 = FACE_BOUND('',#5189,.T.);
#5189 = EDGE_LOOP('',(#5190,#5196,#5197,#5203));
#5190 = ORIENTED_EDGE('',*,*,#5191,.T.);
#5191 = EDGE_CURVE('',#428,#2064,#5192,.T.);
#5192 = LINE('',#5193,#5194);
#5193 = CARTESIAN_POINT('',(133.47799682617,7.387710094452,3.));
#5194 = VECTOR('',#5195,1.);
#5195 = DIRECTION('',(0.,0.,-1.));
#5196 = ORIENTED_EDGE('',*,*,#2063,.F.);
#5197 = ORIENTED_EDGE('',*,*,#5198,.T.);
#5198 = EDGE_CURVE('',#2056,#436,#5199,.T.);
#5199 = LINE('',#5200,#5201);
#5200 = CARTESIAN_POINT('',(133.1309967041,6.868629932404,0.));
#5201 = VECTOR('',#5202,1.);
#5202 = DIRECTION('',(0.,0.,1.));
#5203 = ORIENTED_EDGE('',*,*,#435,.F.);
#5204 = PLANE('',#5205);
#5205 = AXIS2_PLACEMENT_3D('',#5206,#5207,#5208);
#5206 = CARTESIAN_POINT('',(133.30449676513,7.128170013428,1.5));
#5207 = DIRECTION('',(-0.831349853379,0.555749423109,-0.));
#5208 = DIRECTION('',(-0.555749423109,-0.831349853379,0.));
#5209 = ADVANCED_FACE('',(#5210),#5226,.T.);
#5210 = FACE_BOUND('',#5211,.T.);
#5211 = EDGE_LOOP('',(#5212,#5213,#5219,#5220));
#5212 = ORIENTED_EDGE('',*,*,#387,.F.);
#5213 = ORIENTED_EDGE('',*,*,#5214,.T.);
#5214 = EDGE_CURVE('',#380,#1984,#5215,.T.);
#5215 = LINE('',#5216,#5217);
#5216 = CARTESIAN_POINT('',(131.38800048828,9.478210449219,3.));
#5217 = VECTOR('',#5218,1.);
#5218 = DIRECTION('',(0.,0.,-1.));
#5219 = ORIENTED_EDGE('',*,*,#1981,.F.);
#5220 = ORIENTED_EDGE('',*,*,#5221,.T.);
#5221 = EDGE_CURVE('',#1982,#388,#5222,.T.);
#5222 = LINE('',#5223,#5224);
#5223 = CARTESIAN_POINT('',(132.,9.60000038147,0.));
#5224 = VECTOR('',#5225,1.);
#5225 = DIRECTION('',(0.,0.,1.));
#5226 = PLANE('',#5227);
#5227 = AXIS2_PLACEMENT_3D('',#5228,#5229,#5230);
#5228 = CARTESIAN_POINT('',(131.69400024414,9.539105415344,1.5));
#5229 = DIRECTION('',(0.195176125875,-0.980768209053,-0.));
#5230 = DIRECTION('',(-0.980768209053,-0.195176125875,0.));
#5231 = ADVANCED_FACE('',(#5232),#5248,.T.);
#5232 = FACE_BOUND('',#5233,.T.);
#5233 = EDGE_LOOP('',(#5234,#5240,#5241,#5247));
#5234 = ORIENTED_EDGE('',*,*,#5235,.T.);
#5235 = EDGE_CURVE('',#1992,#372,#5236,.T.);
#5236 = LINE('',#5237,#5238);
#5237 = CARTESIAN_POINT('',(130.86900329589,9.131369590759,0.));
#5238 = VECTOR('',#5239,1.);
#5239 = DIRECTION('',(0.,0.,1.));
#5240 = ORIENTED_EDGE('',*,*,#371,.F.);
#5241 = ORIENTED_EDGE('',*,*,#5242,.T.);
#5242 = EDGE_CURVE('',#364,#2000,#5243,.T.);
#5243 = LINE('',#5244,#5245);
#5244 = CARTESIAN_POINT('',(130.52200317382,8.612290382385,3.));
#5245 = VECTOR('',#5246,1.);
#5246 = DIRECTION('',(0.,0.,-1.));
#5247 = ORIENTED_EDGE('',*,*,#1999,.F.);
#5248 = PLANE('',#5249);
#5249 = AXIS2_PLACEMENT_3D('',#5250,#5251,#5252);
#5250 = CARTESIAN_POINT('',(130.69550323486,8.871829986572,1.5));
#5251 = DIRECTION('',(0.831349381633,-0.555750128797,0.));
#5252 = DIRECTION('',(0.555750128797,0.831349381633,0.));
#5253 = ADVANCED_FACE('',(#5254),#5265,.T.);
#5254 = FACE_BOUND('',#5255,.T.);
#5255 = EDGE_LOOP('',(#5256,#5257,#5258,#5264));
#5256 = ORIENTED_EDGE('',*,*,#5242,.F.);
#5257 = ORIENTED_EDGE('',*,*,#363,.F.);
#5258 = ORIENTED_EDGE('',*,*,#5259,.T.);
#5259 = EDGE_CURVE('',#356,#2008,#5260,.T.);
#5260 = LINE('',#5261,#5262);
#5261 = CARTESIAN_POINT('',(130.39999389648,8.,3.));
#5262 = VECTOR('',#5263,1.);
#5263 = DIRECTION('',(0.,0.,-1.));
#5264 = ORIENTED_EDGE('',*,*,#2007,.F.);
#5265 = PLANE('',#5266);
#5266 = AXIS2_PLACEMENT_3D('',#5267,#5268,#5269);
#5267 = CARTESIAN_POINT('',(130.46099853515,8.306145191193,1.5));
#5268 = DIRECTION('',(0.980718672699,-0.195424883317,0.));
#5269 = DIRECTION('',(0.195424883317,0.980718672699,0.));
#5270 = ADVANCED_FACE('',(#5271),#5287,.T.);
#5271 = FACE_BOUND('',#5272,.T.);
#5272 = EDGE_LOOP('',(#5273,#5274,#5280,#5281));
#5273 = ORIENTED_EDGE('',*,*,#451,.F.);
#5274 = ORIENTED_EDGE('',*,*,#5275,.T.);
#5275 = EDGE_CURVE('',#444,#2048,#5276,.T.);
#5276 = LINE('',#5277,#5278);
#5277 = CARTESIAN_POINT('',(132.61199951171,6.521790027618,3.));
#5278 = VECTOR('',#5279,1.);
#5279 = DIRECTION('',(0.,0.,-1.));
#5280 = ORIENTED_EDGE('',*,*,#2047,.F.);
#5281 = ORIENTED_EDGE('',*,*,#5282,.T.);
#5282 = EDGE_CURVE('',#2040,#452,#5283,.T.);
#5283 = LINE('',#5284,#5285);
#5284 = CARTESIAN_POINT('',(132.,6.400000095367,0.));
#5285 = VECTOR('',#5286,1.);
#5286 = DIRECTION('',(0.,0.,1.));
#5287 = PLANE('',#5288);
#5288 = AXIS2_PLACEMENT_3D('',#5289,#5290,#5291);
#5289 = CARTESIAN_POINT('',(132.30599975585,6.460895061493,1.5));
#5290 = DIRECTION('',(-0.195176125875,0.980768209053,0.));
#5291 = DIRECTION('',(0.980768209053,0.195176125875,0.));
#5292 = ADVANCED_FACE('',(#5293),#5304,.T.);
#5293 = FACE_BOUND('',#5294,.T.);
#5294 = EDGE_LOOP('',(#5295,#5296,#5297,#5298));
#5295 = ORIENTED_EDGE('',*,*,#459,.F.);
#5296 = ORIENTED_EDGE('',*,*,#5282,.F.);
#5297 = ORIENTED_EDGE('',*,*,#2039,.F.);
#5298 = ORIENTED_EDGE('',*,*,#5299,.T.);
#5299 = EDGE_CURVE('',#2032,#338,#5300,.T.);
#5300 = LINE('',#5301,#5302);
#5301 = CARTESIAN_POINT('',(131.38800048828,6.521790027618,0.));
#5302 = VECTOR('',#5303,1.);
#5303 = DIRECTION('',(0.,0.,1.));
#5304 = PLANE('',#5305);
#5305 = AXIS2_PLACEMENT_3D('',#5306,#5307,#5308);
#5306 = CARTESIAN_POINT('',(131.69400024414,6.460895061493,1.5));
#5307 = DIRECTION('',(0.195176125875,0.980768209053,0.));
#5308 = DIRECTION('',(0.980768209053,-0.195176125875,0.));
#5309 = ADVANCED_FACE('',(#5310),#5321,.T.);
#5310 = FACE_BOUND('',#5311,.T.);
#5311 = EDGE_LOOP('',(#5312,#5313,#5314,#5320));
#5312 = ORIENTED_EDGE('',*,*,#5259,.F.);
#5313 = ORIENTED_EDGE('',*,*,#355,.F.);
#5314 = ORIENTED_EDGE('',*,*,#5315,.T.);
#5315 = EDGE_CURVE('',#348,#2016,#5316,.T.);
#5316 = LINE('',#5317,#5318);
#5317 = CARTESIAN_POINT('',(130.52200317382,7.387710094452,3.));
#5318 = VECTOR('',#5319,1.);
#5319 = DIRECTION('',(0.,0.,-1.));
#5320 = ORIENTED_EDGE('',*,*,#2015,.F.);
#5321 = PLANE('',#5322);
#5322 = AXIS2_PLACEMENT_3D('',#5323,#5324,#5325);
#5323 = CARTESIAN_POINT('',(130.46099853515,7.693855047226,1.5));
#5324 = DIRECTION('',(0.98071864353,0.195425029697,0.));
#5325 = DIRECTION('',(-0.195425029697,0.98071864353,0.));
#5326 = ADVANCED_FACE('',(#5327),#5333,.T.);
#5327 = FACE_BOUND('',#5328,.T.);
#5328 = EDGE_LOOP('',(#5329,#5330,#5331,#5332));
#5329 = ORIENTED_EDGE('',*,*,#395,.F.);
#5330 = ORIENTED_EDGE('',*,*,#5221,.F.);
#5331 = ORIENTED_EDGE('',*,*,#2103,.F.);
#5332 = ORIENTED_EDGE('',*,*,#5175,.F.);
#5333 = PLANE('',#5334);
#5334 = AXIS2_PLACEMENT_3D('',#5335,#5336,#5337);
#5335 = CARTESIAN_POINT('',(132.30599975585,9.539105415344,1.5));
#5336 = DIRECTION('',(-0.195176125875,-0.980768209053,-0.));
#5337 = DIRECTION('',(-0.980768209053,0.195176125875,0.));
#5338 = ADVANCED_FACE('',(#5339),#5345,.T.);
#5339 = FACE_BOUND('',#5340,.T.);
#5340 = EDGE_LOOP('',(#5341,#5342,#5343,#5344));
#5341 = ORIENTED_EDGE('',*,*,#5159,.F.);
#5342 = ORIENTED_EDGE('',*,*,#2071,.F.);
#5343 = ORIENTED_EDGE('',*,*,#5191,.F.);
#5344 = ORIENTED_EDGE('',*,*,#427,.F.);
#5345 = PLANE('',#5346);
#5346 = AXIS2_PLACEMENT_3D('',#5347,#5348,#5349);
#5347 = CARTESIAN_POINT('',(133.53900146484,7.693855047226,1.5));
#5348 = DIRECTION('',(-0.98071864353,0.195425029697,-0.));
#5349 = DIRECTION('',(-0.195425029697,-0.98071864353,0.));
#5350 = ADVANCED_FACE('',(#5351),#5357,.T.);
#5351 = FACE_BOUND('',#5352,.T.);
#5352 = EDGE_LOOP('',(#5353,#5354,#5355,#5356));
#5353 = ORIENTED_EDGE('',*,*,#443,.F.);
#5354 = ORIENTED_EDGE('',*,*,#5198,.F.);
#5355 = ORIENTED_EDGE('',*,*,#2055,.F.);
#5356 = ORIENTED_EDGE('',*,*,#5275,.F.);
#5357 = PLANE('',#5358);
#5358 = AXIS2_PLACEMENT_3D('',#5359,#5360,#5361);
#5359 = CARTESIAN_POINT('',(132.87149810791,6.695209980011,1.5));
#5360 = DIRECTION('',(-0.555633435101,0.831427378548,0.));
#5361 = DIRECTION('',(0.831427378548,0.555633435101,0.));
#5362 = ADVANCED_FACE('',(#5363),#5374,.T.);
#5363 = FACE_BOUND('',#5364,.T.);
#5364 = EDGE_LOOP('',(#5365,#5366,#5367,#5373));
#5365 = ORIENTED_EDGE('',*,*,#5315,.F.);
#5366 = ORIENTED_EDGE('',*,*,#347,.F.);
#5367 = ORIENTED_EDGE('',*,*,#5368,.T.);
#5368 = EDGE_CURVE('',#340,#2024,#5369,.T.);
#5369 = LINE('',#5370,#5371);
#5370 = CARTESIAN_POINT('',(130.86900329589,6.868629932404,3.));
#5371 = VECTOR('',#5372,1.);
#5372 = DIRECTION('',(0.,0.,-1.));
#5373 = ORIENTED_EDGE('',*,*,#2023,.F.);
#5374 = PLANE('',#5375);
#5375 = AXIS2_PLACEMENT_3D('',#5376,#5377,#5378);
#5376 = CARTESIAN_POINT('',(130.69550323486,7.128170013428,1.5));
#5377 = DIRECTION('',(0.831349853379,0.555749423109,0.));
#5378 = DIRECTION('',(-0.555749423109,0.831349853379,0.));
#5379 = ADVANCED_FACE('',(#5380),#5386,.T.);
#5380 = FACE_BOUND('',#5381,.T.);
#5381 = EDGE_LOOP('',(#5382,#5383,#5384,#5385));
#5382 = ORIENTED_EDGE('',*,*,#379,.F.);
#5383 = ORIENTED_EDGE('',*,*,#5235,.F.);
#5384 = ORIENTED_EDGE('',*,*,#1991,.F.);
#5385 = ORIENTED_EDGE('',*,*,#5214,.F.);
#5386 = PLANE('',#5387);
#5387 = AXIS2_PLACEMENT_3D('',#5388,#5389,#5390);
#5388 = CARTESIAN_POINT('',(131.12850189209,9.304790019989,1.5));
#5389 = DIRECTION('',(0.555634491206,-0.831426672763,-0.));
#5390 = DIRECTION('',(-0.831426672763,-0.555634491206,0.));
#5391 = ADVANCED_FACE('',(#5392),#5398,.T.);
#5392 = FACE_BOUND('',#5393,.T.);
#5393 = EDGE_LOOP('',(#5394,#5395,#5396,#5397));
#5394 = ORIENTED_EDGE('',*,*,#337,.F.);
#5395 = ORIENTED_EDGE('',*,*,#5299,.F.);
#5396 = ORIENTED_EDGE('',*,*,#2031,.F.);
#5397 = ORIENTED_EDGE('',*,*,#5368,.F.);
#5398 = PLANE('',#5399);
#5399 = AXIS2_PLACEMENT_3D('',#5400,#5401,#5402);
#5400 = CARTESIAN_POINT('',(131.12850189209,6.695209980011,1.5));
#5401 = DIRECTION('',(0.555633435101,0.831427378548,0.));
#5402 = DIRECTION('',(0.831427378548,-0.555633435101,0.));
#5403 = ADVANCED_FACE('',(#5404),#5420,.T.);
#5404 = FACE_BOUND('',#5405,.T.);
#5405 = EDGE_LOOP('',(#5406,#5412,#5413,#5419));
#5406 = ORIENTED_EDGE('',*,*,#5407,.T.);
#5407 = EDGE_CURVE('',#998,#2632,#5408,.T.);
#5408 = LINE('',#5409,#5410);
#5409 = CARTESIAN_POINT('',(9.131369590759,63.131401062012,3.));
#5410 = VECTOR('',#5411,1.);
#5411 = DIRECTION('',(0.,0.,-1.));
#5412 = ORIENTED_EDGE('',*,*,#2753,.F.);
#5413 = ORIENTED_EDGE('',*,*,#5414,.T.);
#5414 = EDGE_CURVE('',#2746,#1006,#5415,.T.);
#5415 = LINE('',#5416,#5417);
#5416 = CARTESIAN_POINT('',(9.478210449219,62.612300872803,0.));
#5417 = VECTOR('',#5418,1.);
#5418 = DIRECTION('',(0.,0.,1.));
#5419 = ORIENTED_EDGE('',*,*,#1005,.F.);
#5420 = PLANE('',#5421);
#5421 = AXIS2_PLACEMENT_3D('',#5422,#5423,#5424);
#5422 = CARTESIAN_POINT('',(9.304790019989,62.871850967407,1.5));
#5423 = DIRECTION('',(-0.831477602545,-0.55555827459,-0.));
#5424 = DIRECTION('',(0.55555827459,-0.831477602545,0.));
#5425 = ADVANCED_FACE('',(#5426),#5437,.T.);
#5426 = FACE_BOUND('',#5427,.T.);
#5427 = EDGE_LOOP('',(#5428,#5429,#5430,#5436));
#5428 = ORIENTED_EDGE('',*,*,#5414,.F.);
#5429 = ORIENTED_EDGE('',*,*,#2745,.F.);
#5430 = ORIENTED_EDGE('',*,*,#5431,.T.);
#5431 = EDGE_CURVE('',#2738,#1014,#5432,.T.);
#5432 = LINE('',#5433,#5434);
#5433 = CARTESIAN_POINT('',(9.60000038147,62.,0.));
#5434 = VECTOR('',#5435,1.);
#5435 = DIRECTION('',(0.,0.,1.));
#5436 = ORIENTED_EDGE('',*,*,#1013,.F.);
#5437 = PLANE('',#5438);
#5438 = AXIS2_PLACEMENT_3D('',#5439,#5440,#5441);
#5439 = CARTESIAN_POINT('',(9.539105415344,62.306150436401,1.5));
#5440 = DIRECTION('',(-0.980786593365,-0.195083721197,-0.));
#5441 = DIRECTION('',(0.195083721197,-0.980786593365,0.));
#5442 = ADVANCED_FACE('',(#5443),#5454,.T.);
#5443 = FACE_BOUND('',#5444,.T.);
#5444 = EDGE_LOOP('',(#5445,#5446,#5452,#5453));
#5445 = ORIENTED_EDGE('',*,*,#997,.F.);
#5446 = ORIENTED_EDGE('',*,*,#5447,.T.);
#5447 = EDGE_CURVE('',#990,#2634,#5448,.T.);
#5448 = LINE('',#5449,#5450);
#5449 = CARTESIAN_POINT('',(8.612290382385,63.478199005127,3.));
#5450 = VECTOR('',#5451,1.);
#5451 = DIRECTION('',(0.,0.,-1.));
#5452 = ORIENTED_EDGE('',*,*,#2631,.F.);
#5453 = ORIENTED_EDGE('',*,*,#5407,.F.);
#5454 = PLANE('',#5455);
#5455 = AXIS2_PLACEMENT_3D('',#5456,#5457,#5458);
#5456 = CARTESIAN_POINT('',(8.871829986572,63.304800033569,1.5));
#5457 = DIRECTION('',(-0.555526272005,-0.831498984432,-0.));
#5458 = DIRECTION('',(-0.831498984432,0.555526272005,0.));
#5459 = ADVANCED_FACE('',(#5460),#5476,.T.);
#5460 = FACE_BOUND('',#5461,.T.);
#5461 = EDGE_LOOP('',(#5462,#5468,#5469,#5475));
#5462 = ORIENTED_EDGE('',*,*,#5463,.T.);
#5463 = EDGE_CURVE('',#1022,#2730,#5464,.T.);
#5464 = LINE('',#5465,#5466);
#5465 = CARTESIAN_POINT('',(9.478210449219,61.387699127197,3.));
#5466 = VECTOR('',#5467,1.);
#5467 = DIRECTION('',(0.,0.,-1.));
#5468 = ORIENTED_EDGE('',*,*,#2729,.F.);
#5469 = ORIENTED_EDGE('',*,*,#5470,.T.);
#5470 = EDGE_CURVE('',#2722,#1030,#5471,.T.);
#5471 = LINE('',#5472,#5473);
#5472 = CARTESIAN_POINT('',(9.131369590759,60.868598937988,0.));
#5473 = VECTOR('',#5474,1.);
#5474 = DIRECTION('',(0.,0.,1.));
#5475 = ORIENTED_EDGE('',*,*,#1029,.F.);
#5476 = PLANE('',#5477);
#5477 = AXIS2_PLACEMENT_3D('',#5478,#5479,#5480);
#5478 = CARTESIAN_POINT('',(9.304790019989,61.128149032593,1.5));
#5479 = DIRECTION('',(-0.831477602545,0.55555827459,-0.));
#5480 = DIRECTION('',(-0.55555827459,-0.831477602545,0.));
#5481 = ADVANCED_FACE('',(#5482),#5498,.T.);
#5482 = FACE_BOUND('',#5483,.T.);
#5483 = EDGE_LOOP('',(#5484,#5485,#5491,#5492));
#5484 = ORIENTED_EDGE('',*,*,#1109,.F.);
#5485 = ORIENTED_EDGE('',*,*,#5486,.T.);
#5486 = EDGE_CURVE('',#1102,#2650,#5487,.T.);
#5487 = LINE('',#5488,#5489);
#5488 = CARTESIAN_POINT('',(7.387710094452,63.478199005127,3.));
#5489 = VECTOR('',#5490,1.);
#5490 = DIRECTION('',(0.,0.,-1.));
#5491 = ORIENTED_EDGE('',*,*,#2649,.F.);
#5492 = ORIENTED_EDGE('',*,*,#5493,.T.);
#5493 = EDGE_CURVE('',#2642,#988,#5494,.T.);
#5494 = LINE('',#5495,#5496);
#5495 = CARTESIAN_POINT('',(8.,63.599998474121,0.));
#5496 = VECTOR('',#5497,1.);
#5497 = DIRECTION('',(0.,0.,1.));
#5498 = PLANE('',#5499);
#5499 = AXIS2_PLACEMENT_3D('',#5500,#5501,#5502);
#5500 = CARTESIAN_POINT('',(7.693855047226,63.539098739624,1.5));
#5501 = DIRECTION('',(0.195101777323,-0.980783001731,-0.));
#5502 = DIRECTION('',(-0.980783001731,-0.195101777323,0.));
#5503 = ADVANCED_FACE('',(#5504),#5520,.T.);
#5504 = FACE_BOUND('',#5505,.T.);
#5505 = EDGE_LOOP('',(#5506,#5512,#5513,#5519));
#5506 = ORIENTED_EDGE('',*,*,#5507,.T.);
#5507 = EDGE_CURVE('',#2658,#1094,#5508,.T.);
#5508 = LINE('',#5509,#5510);
#5509 = CARTESIAN_POINT('',(6.868629932404,63.131401062012,0.));
#5510 = VECTOR('',#5511,1.);
#5511 = DIRECTION('',(0.,0.,1.));
#5512 = ORIENTED_EDGE('',*,*,#1093,.F.);
#5513 = ORIENTED_EDGE('',*,*,#5514,.T.);
#5514 = EDGE_CURVE('',#1086,#2666,#5515,.T.);
#5515 = LINE('',#5516,#5517);
#5516 = CARTESIAN_POINT('',(6.521790027618,62.612300872803,3.));
#5517 = VECTOR('',#5518,1.);
#5518 = DIRECTION('',(0.,0.,-1.));
#5519 = ORIENTED_EDGE('',*,*,#2665,.F.);
#5520 = PLANE('',#5521);
#5521 = AXIS2_PLACEMENT_3D('',#5522,#5523,#5524);
#5522 = CARTESIAN_POINT('',(6.695209980011,62.871850967407,1.5));
#5523 = DIRECTION('',(0.831478308179,-0.5555572185,0.));
#5524 = DIRECTION('',(0.5555572185,0.831478308179,0.));
#5525 = ADVANCED_FACE('',(#5526),#5537,.T.);
#5526 = FACE_BOUND('',#5527,.T.);
#5527 = EDGE_LOOP('',(#5528,#5529,#5530,#5536));
#5528 = ORIENTED_EDGE('',*,*,#5514,.F.);
#5529 = ORIENTED_EDGE('',*,*,#1085,.F.);
#5530 = ORIENTED_EDGE('',*,*,#5531,.T.);
#5531 = EDGE_CURVE('',#1078,#2674,#5532,.T.);
#5532 = LINE('',#5533,#5534);
#5533 = CARTESIAN_POINT('',(6.400000095367,62.,3.));
#5534 = VECTOR('',#5535,1.);
#5535 = DIRECTION('',(0.,0.,-1.));
#5536 = ORIENTED_EDGE('',*,*,#2673,.F.);
#5537 = PLANE('',#5538);
#5538 = AXIS2_PLACEMENT_3D('',#5539,#5540,#5541);
#5539 = CARTESIAN_POINT('',(6.460895061493,62.306150436401,1.5));
#5540 = DIRECTION('',(0.980786593365,-0.195083721197,0.));
#5541 = DIRECTION('',(0.195083721197,0.980786593365,0.));
#5542 = ADVANCED_FACE('',(#5543),#5559,.T.);
#5543 = FACE_BOUND('',#5544,.T.);
#5544 = EDGE_LOOP('',(#5545,#5546,#5552,#5553));
#5545 = ORIENTED_EDGE('',*,*,#1045,.F.);
#5546 = ORIENTED_EDGE('',*,*,#5547,.T.);
#5547 = EDGE_CURVE('',#1038,#2714,#5548,.T.);
#5548 = LINE('',#5549,#5550);
#5549 = CARTESIAN_POINT('',(8.612290382385,60.521800994873,3.));
#5550 = VECTOR('',#5551,1.);
#5551 = DIRECTION('',(0.,0.,-1.));
#5552 = ORIENTED_EDGE('',*,*,#2713,.F.);
#5553 = ORIENTED_EDGE('',*,*,#5554,.T.);
#5554 = EDGE_CURVE('',#2706,#1046,#5555,.T.);
#5555 = LINE('',#5556,#5557);
#5556 = CARTESIAN_POINT('',(8.,60.400001525879,0.));
#5557 = VECTOR('',#5558,1.);
#5558 = DIRECTION('',(0.,0.,1.));
#5559 = PLANE('',#5560);
#5560 = AXIS2_PLACEMENT_3D('',#5561,#5562,#5563);
#5561 = CARTESIAN_POINT('',(8.306145191193,60.460901260376,1.5));
#5562 = DIRECTION('',(-0.195101631166,0.980783030806,0.));
#5563 = DIRECTION('',(0.980783030806,0.195101631166,0.));
#5564 = ADVANCED_FACE('',(#5565),#5576,.T.);
#5565 = FACE_BOUND('',#5566,.T.);
#5566 = EDGE_LOOP('',(#5567,#5568,#5569,#5570));
#5567 = ORIENTED_EDGE('',*,*,#1053,.F.);
#5568 = ORIENTED_EDGE('',*,*,#5554,.F.);
#5569 = ORIENTED_EDGE('',*,*,#2705,.F.);
#5570 = ORIENTED_EDGE('',*,*,#5571,.T.);
#5571 = EDGE_CURVE('',#2698,#1054,#5572,.T.);
#5572 = LINE('',#5573,#5574);
#5573 = CARTESIAN_POINT('',(7.387710094452,60.521800994873,0.));
#5574 = VECTOR('',#5575,1.);
#5575 = DIRECTION('',(0.,0.,1.));
#5576 = PLANE('',#5577);
#5577 = AXIS2_PLACEMENT_3D('',#5578,#5579,#5580);
#5578 = CARTESIAN_POINT('',(7.693855047226,60.460901260376,1.5));
#5579 = DIRECTION('',(0.195101777323,0.980783001731,0.));
#5580 = DIRECTION('',(0.980783001731,-0.195101777323,0.));
#5581 = ADVANCED_FACE('',(#5582),#5593,.T.);
#5582 = FACE_BOUND('',#5583,.T.);
#5583 = EDGE_LOOP('',(#5584,#5585,#5586,#5592));
#5584 = ORIENTED_EDGE('',*,*,#5531,.F.);
#5585 = ORIENTED_EDGE('',*,*,#1077,.F.);
#5586 = ORIENTED_EDGE('',*,*,#5587,.T.);
#5587 = EDGE_CURVE('',#1070,#2682,#5588,.T.);
#5588 = LINE('',#5589,#5590);
#5589 = CARTESIAN_POINT('',(6.521790027618,61.387699127197,3.));
#5590 = VECTOR('',#5591,1.);
#5591 = DIRECTION('',(0.,0.,-1.));
#5592 = ORIENTED_EDGE('',*,*,#2681,.F.);
#5593 = PLANE('',#5594);
#5594 = AXIS2_PLACEMENT_3D('',#5595,#5596,#5597);
#5595 = CARTESIAN_POINT('',(6.460895061493,61.693849563599,1.5));
#5596 = DIRECTION('',(0.980786593365,0.195083721197,0.));
#5597 = DIRECTION('',(-0.195083721197,0.980786593365,0.));
#5598 = ADVANCED_FACE('',(#5599),#5605,.T.);
#5599 = FACE_BOUND('',#5600,.T.);
#5600 = EDGE_LOOP('',(#5601,#5602,#5603,#5604));
#5601 = ORIENTED_EDGE('',*,*,#987,.F.);
#5602 = ORIENTED_EDGE('',*,*,#5493,.F.);
#5603 = ORIENTED_EDGE('',*,*,#2641,.F.);
#5604 = ORIENTED_EDGE('',*,*,#5447,.F.);
#5605 = PLANE('',#5606);
#5606 = AXIS2_PLACEMENT_3D('',#5607,#5608,#5609);
#5607 = CARTESIAN_POINT('',(8.306145191193,63.539098739624,1.5));
#5608 = DIRECTION('',(-0.195101631166,-0.980783030806,-0.));
#5609 = DIRECTION('',(-0.980783030806,0.195101631166,0.));
#5610 = ADVANCED_FACE('',(#5611),#5617,.T.);
#5611 = FACE_BOUND('',#5612,.T.);
#5612 = EDGE_LOOP('',(#5613,#5614,#5615,#5616));
#5613 = ORIENTED_EDGE('',*,*,#5431,.F.);
#5614 = ORIENTED_EDGE('',*,*,#2737,.F.);
#5615 = ORIENTED_EDGE('',*,*,#5463,.F.);
#5616 = ORIENTED_EDGE('',*,*,#1021,.F.);
#5617 = PLANE('',#5618);
#5618 = AXIS2_PLACEMENT_3D('',#5619,#5620,#5621);
#5619 = CARTESIAN_POINT('',(9.539105415344,61.693849563599,1.5));
#5620 = DIRECTION('',(-0.980786593365,0.195083721197,-0.));
#5621 = DIRECTION('',(-0.195083721197,-0.980786593365,0.));
#5622 = ADVANCED_FACE('',(#5623),#5629,.T.);
#5623 = FACE_BOUND('',#5624,.T.);
#5624 = EDGE_LOOP('',(#5625,#5626,#5627,#5628));
#5625 = ORIENTED_EDGE('',*,*,#1037,.F.);
#5626 = ORIENTED_EDGE('',*,*,#5470,.F.);
#5627 = ORIENTED_EDGE('',*,*,#2721,.F.);
#5628 = ORIENTED_EDGE('',*,*,#5547,.F.);
#5629 = PLANE('',#5630);
#5630 = AXIS2_PLACEMENT_3D('',#5631,#5632,#5633);
#5631 = CARTESIAN_POINT('',(8.871829986572,60.695199966431,1.5));
#5632 = DIRECTION('',(-0.555526272005,0.831498984432,0.));
#5633 = DIRECTION('',(0.831498984432,0.555526272005,0.));
#5634 = ADVANCED_FACE('',(#5635),#5646,.T.);
#5635 = FACE_BOUND('',#5636,.T.);
#5636 = EDGE_LOOP('',(#5637,#5638,#5639,#5645));
#5637 = ORIENTED_EDGE('',*,*,#5587,.F.);
#5638 = ORIENTED_EDGE('',*,*,#1069,.F.);
#5639 = ORIENTED_EDGE('',*,*,#5640,.T.);
#5640 = EDGE_CURVE('',#1062,#2690,#5641,.T.);
#5641 = LINE('',#5642,#5643);
#5642 = CARTESIAN_POINT('',(6.868629932404,60.868598937988,3.));
#5643 = VECTOR('',#5644,1.);
#5644 = DIRECTION('',(0.,0.,-1.));
#5645 = ORIENTED_EDGE('',*,*,#2689,.F.);
#5646 = PLANE('',#5647);
#5647 = AXIS2_PLACEMENT_3D('',#5648,#5649,#5650);
#5648 = CARTESIAN_POINT('',(6.695209980011,61.128149032593,1.5));
#5649 = DIRECTION('',(0.831478308179,0.5555572185,0.));
#5650 = DIRECTION('',(-0.5555572185,0.831478308179,0.));
#5651 = ADVANCED_FACE('',(#5652),#5658,.T.);
#5652 = FACE_BOUND('',#5653,.T.);
#5653 = EDGE_LOOP('',(#5654,#5655,#5656,#5657));
#5654 = ORIENTED_EDGE('',*,*,#1101,.F.);
#5655 = ORIENTED_EDGE('',*,*,#5507,.F.);
#5656 = ORIENTED_EDGE('',*,*,#2657,.F.);
#5657 = ORIENTED_EDGE('',*,*,#5486,.F.);
#5658 = PLANE('',#5659);
#5659 = AXIS2_PLACEMENT_3D('',#5660,#5661,#5662);
#5660 = CARTESIAN_POINT('',(7.128170013428,63.304800033569,1.5));
#5661 = DIRECTION('',(0.555525566348,-0.831499455883,-0.));
#5662 = DIRECTION('',(-0.831499455883,-0.555525566348,0.));
#5663 = ADVANCED_FACE('',(#5664),#5670,.T.);
#5664 = FACE_BOUND('',#5665,.T.);
#5665 = EDGE_LOOP('',(#5666,#5667,#5668,#5669));
#5666 = ORIENTED_EDGE('',*,*,#1061,.F.);
#5667 = ORIENTED_EDGE('',*,*,#5571,.F.);
#5668 = ORIENTED_EDGE('',*,*,#2697,.F.);
#5669 = ORIENTED_EDGE('',*,*,#5640,.F.);
#5670 = PLANE('',#5671);
#5671 = AXIS2_PLACEMENT_3D('',#5672,#5673,#5674);
#5672 = CARTESIAN_POINT('',(7.128170013428,60.695199966431,1.5));
#5673 = DIRECTION('',(0.555525566348,0.831499455883,0.));
#5674 = DIRECTION('',(0.831499455883,-0.555525566348,0.));
#5675 = ADVANCED_FACE('',(#5676),#5692,.T.);
#5676 = FACE_BOUND('',#5677,.T.);
#5677 = EDGE_LOOP('',(#5678,#5684,#5685,#5691));
#5678 = ORIENTED_EDGE('',*,*,#5679,.T.);
#5679 = EDGE_CURVE('',#542,#2210,#5680,.T.);
#5680 = LINE('',#5681,#5682);
#5681 = CARTESIAN_POINT('',(133.1309967041,63.131401062012,3.));
#5682 = VECTOR('',#5683,1.);
#5683 = DIRECTION('',(0.,0.,-1.));
#5684 = ORIENTED_EDGE('',*,*,#2209,.F.);
#5685 = ORIENTED_EDGE('',*,*,#5686,.T.);
#5686 = EDGE_CURVE('',#2202,#550,#5687,.T.);
#5687 = LINE('',#5688,#5689);
#5688 = CARTESIAN_POINT('',(133.47799682617,62.612300872803,0.));
#5689 = VECTOR('',#5690,1.);
#5690 = DIRECTION('',(0.,0.,1.));
#5691 = ORIENTED_EDGE('',*,*,#549,.F.);
#5692 = PLANE('',#5693);
#5693 = AXIS2_PLACEMENT_3D('',#5694,#5695,#5696);
#5694 = CARTESIAN_POINT('',(133.30449676513,62.871850967407,1.5));
#5695 = DIRECTION('',(-0.831359759633,-0.555734603982,-0.));
#5696 = DIRECTION('',(0.555734603982,-0.831359759633,0.));
#5697 = ADVANCED_FACE('',(#5698),#5709,.T.);
#5698 = FACE_BOUND('',#5699,.T.);
#5699 = EDGE_LOOP('',(#5700,#5701,#5702,#5708));
#5700 = ORIENTED_EDGE('',*,*,#5686,.F.);
#5701 = ORIENTED_EDGE('',*,*,#2201,.F.);
#5702 = ORIENTED_EDGE('',*,*,#5703,.T.);
#5703 = EDGE_CURVE('',#2194,#558,#5704,.T.);
#5704 = LINE('',#5705,#5706);
#5705 = CARTESIAN_POINT('',(133.60000610351,62.,0.));
#5706 = VECTOR('',#5707,1.);
#5707 = DIRECTION('',(0.,0.,1.));
#5708 = ORIENTED_EDGE('',*,*,#557,.F.);
#5709 = PLANE('',#5710);
#5710 = AXIS2_PLACEMENT_3D('',#5711,#5712,#5713);
#5711 = CARTESIAN_POINT('',(133.53900146484,62.306150436401,1.5));
#5712 = DIRECTION('',(-0.980719314394,-0.195421663011,-0.));
#5713 = DIRECTION('',(0.195421663011,-0.980719314394,0.));
#5714 = ADVANCED_FACE('',(#5715),#5726,.T.);
#5715 = FACE_BOUND('',#5716,.T.);
#5716 = EDGE_LOOP('',(#5717,#5718,#5724,#5725));
#5717 = ORIENTED_EDGE('',*,*,#541,.F.);
#5718 = ORIENTED_EDGE('',*,*,#5719,.T.);
#5719 = EDGE_CURVE('',#534,#2218,#5720,.T.);
#5720 = LINE('',#5721,#5722);
#5721 = CARTESIAN_POINT('',(132.61199951171,63.478199005127,3.));
#5722 = VECTOR('',#5723,1.);
#5723 = DIRECTION('',(0.,0.,-1.));
#5724 = ORIENTED_EDGE('',*,*,#2217,.F.);
#5725 = ORIENTED_EDGE('',*,*,#5679,.F.);
#5726 = PLANE('',#5727);
#5727 = AXIS2_PLACEMENT_3D('',#5728,#5729,#5730);
#5728 = CARTESIAN_POINT('',(132.87149810791,63.304800033569,1.5));
#5729 = DIRECTION('',(-0.555586963776,-0.831458432925,-0.));
#5730 = DIRECTION('',(-0.831458432925,0.555586963776,0.));
#5731 = ADVANCED_FACE('',(#5732),#5748,.T.);
#5732 = FACE_BOUND('',#5733,.T.);
#5733 = EDGE_LOOP('',(#5734,#5740,#5741,#5747));
#5734 = ORIENTED_EDGE('',*,*,#5735,.T.);
#5735 = EDGE_CURVE('',#566,#2186,#5736,.T.);
#5736 = LINE('',#5737,#5738);
#5737 = CARTESIAN_POINT('',(133.47799682617,61.387699127197,3.));
#5738 = VECTOR('',#5739,1.);
#5739 = DIRECTION('',(0.,0.,-1.));
#5740 = ORIENTED_EDGE('',*,*,#2185,.F.);
#5741 = ORIENTED_EDGE('',*,*,#5742,.T.);
#5742 = EDGE_CURVE('',#2178,#574,#5743,.T.);
#5743 = LINE('',#5744,#5745);
#5744 = CARTESIAN_POINT('',(133.1309967041,60.868598937988,0.));
#5745 = VECTOR('',#5746,1.);
#5746 = DIRECTION('',(0.,0.,1.));
#5747 = ORIENTED_EDGE('',*,*,#573,.F.);
#5748 = PLANE('',#5749);
#5749 = AXIS2_PLACEMENT_3D('',#5750,#5751,#5752);
#5750 = CARTESIAN_POINT('',(133.30449676513,61.128149032593,1.5));
#5751 = DIRECTION('',(-0.831359759633,0.555734603982,-0.));
#5752 = DIRECTION('',(-0.555734603982,-0.831359759633,0.));
#5753 = ADVANCED_FACE('',(#5754),#5770,.T.);
#5754 = FACE_BOUND('',#5755,.T.);
#5755 = EDGE_LOOP('',(#5756,#5757,#5763,#5764));
#5756 = ORIENTED_EDGE('',*,*,#525,.F.);
#5757 = ORIENTED_EDGE('',*,*,#5758,.T.);
#5758 = EDGE_CURVE('',#518,#2112,#5759,.T.);
#5759 = LINE('',#5760,#5761);
#5760 = CARTESIAN_POINT('',(131.38800048828,63.478199005127,3.));
#5761 = VECTOR('',#5762,1.);
#5762 = DIRECTION('',(0.,0.,-1.));
#5763 = ORIENTED_EDGE('',*,*,#2233,.F.);
#5764 = ORIENTED_EDGE('',*,*,#5765,.T.);
#5765 = EDGE_CURVE('',#2226,#526,#5766,.T.);
#5766 = LINE('',#5767,#5768);
#5767 = CARTESIAN_POINT('',(132.,63.599998474121,0.));
#5768 = VECTOR('',#5769,1.);
#5769 = DIRECTION('',(0.,0.,1.));
#5770 = PLANE('',#5771);
#5771 = AXIS2_PLACEMENT_3D('',#5772,#5773,#5774);
#5772 = CARTESIAN_POINT('',(131.69400024414,63.539098739624,1.5));
#5773 = DIRECTION('',(0.195190826852,-0.980765283395,-0.));
#5774 = DIRECTION('',(-0.980765283395,-0.195190826852,0.));
#5775 = ADVANCED_FACE('',(#5776),#5792,.T.);
#5776 = FACE_BOUND('',#5777,.T.);
#5777 = EDGE_LOOP('',(#5778,#5784,#5785,#5791));
#5778 = ORIENTED_EDGE('',*,*,#5779,.T.);
#5779 = EDGE_CURVE('',#2114,#510,#5780,.T.);
#5780 = LINE('',#5781,#5782);
#5781 = CARTESIAN_POINT('',(130.86900329589,63.131401062012,0.));
#5782 = VECTOR('',#5783,1.);
#5783 = DIRECTION('',(0.,0.,1.));
#5784 = ORIENTED_EDGE('',*,*,#509,.F.);
#5785 = ORIENTED_EDGE('',*,*,#5786,.T.);
#5786 = EDGE_CURVE('',#502,#2122,#5787,.T.);
#5787 = LINE('',#5788,#5789);
#5788 = CARTESIAN_POINT('',(130.52200317382,62.612300872803,3.));
#5789 = VECTOR('',#5790,1.);
#5790 = DIRECTION('',(0.,0.,-1.));
#5791 = ORIENTED_EDGE('',*,*,#2121,.F.);
#5792 = PLANE('',#5793);
#5793 = AXIS2_PLACEMENT_3D('',#5794,#5795,#5796);
#5794 = CARTESIAN_POINT('',(130.69550323486,62.871850967407,1.5));
#5795 = DIRECTION('',(0.831359759633,-0.555734603982,0.));
#5796 = DIRECTION('',(0.555734603982,0.831359759633,0.));
#5797 = ADVANCED_FACE('',(#5798),#5809,.T.);
#5798 = FACE_BOUND('',#5799,.T.);
#5799 = EDGE_LOOP('',(#5800,#5801,#5802,#5808));
#5800 = ORIENTED_EDGE('',*,*,#5786,.F.);
#5801 = ORIENTED_EDGE('',*,*,#501,.F.);
#5802 = ORIENTED_EDGE('',*,*,#5803,.T.);
#5803 = EDGE_CURVE('',#494,#2130,#5804,.T.);
#5804 = LINE('',#5805,#5806);
#5805 = CARTESIAN_POINT('',(130.39999389648,62.,3.));
#5806 = VECTOR('',#5807,1.);
#5807 = DIRECTION('',(0.,0.,-1.));
#5808 = ORIENTED_EDGE('',*,*,#2129,.F.);
#5809 = PLANE('',#5810);
#5810 = AXIS2_PLACEMENT_3D('',#5811,#5812,#5813);
#5811 = CARTESIAN_POINT('',(130.46099853515,62.306150436401,1.5));
#5812 = DIRECTION('',(0.980719314394,-0.195421663011,0.));
#5813 = DIRECTION('',(0.195421663011,0.980719314394,0.));
#5814 = ADVANCED_FACE('',(#5815),#5831,.T.);
#5815 = FACE_BOUND('',#5816,.T.);
#5816 = EDGE_LOOP('',(#5817,#5818,#5824,#5825));
#5817 = ORIENTED_EDGE('',*,*,#589,.F.);
#5818 = ORIENTED_EDGE('',*,*,#5819,.T.);
#5819 = EDGE_CURVE('',#582,#2170,#5820,.T.);
#5820 = LINE('',#5821,#5822);
#5821 = CARTESIAN_POINT('',(132.61199951171,60.521800994873,3.));
#5822 = VECTOR('',#5823,1.);
#5823 = DIRECTION('',(0.,0.,-1.));
#5824 = ORIENTED_EDGE('',*,*,#2169,.F.);
#5825 = ORIENTED_EDGE('',*,*,#5826,.T.);
#5826 = EDGE_CURVE('',#2162,#468,#5827,.T.);
#5827 = LINE('',#5828,#5829);
#5828 = CARTESIAN_POINT('',(132.,60.400001525879,0.));
#5829 = VECTOR('',#5830,1.);
#5830 = DIRECTION('',(0.,0.,1.));
#5831 = PLANE('',#5832);
#5832 = AXIS2_PLACEMENT_3D('',#5833,#5834,#5835);
#5833 = CARTESIAN_POINT('',(132.30599975585,60.460901260376,1.5));
#5834 = DIRECTION('',(-0.195190826852,0.980765283395,0.));
#5835 = DIRECTION('',(0.980765283395,0.195190826852,0.));
#5836 = ADVANCED_FACE('',(#5837),#5848,.T.);
#5837 = FACE_BOUND('',#5838,.T.);
#5838 = EDGE_LOOP('',(#5839,#5840,#5841,#5842));
#5839 = ORIENTED_EDGE('',*,*,#467,.F.);
#5840 = ORIENTED_EDGE('',*,*,#5826,.F.);
#5841 = ORIENTED_EDGE('',*,*,#2161,.F.);
#5842 = ORIENTED_EDGE('',*,*,#5843,.T.);
#5843 = EDGE_CURVE('',#2154,#470,#5844,.T.);
#5844 = LINE('',#5845,#5846);
#5845 = CARTESIAN_POINT('',(131.38800048828,60.521800994873,0.));
#5846 = VECTOR('',#5847,1.);
#5847 = DIRECTION('',(0.,0.,1.));
#5848 = PLANE('',#5849);
#5849 = AXIS2_PLACEMENT_3D('',#5850,#5851,#5852);
#5850 = CARTESIAN_POINT('',(131.69400024414,60.460901260376,1.5));
#5851 = DIRECTION('',(0.195190826852,0.980765283395,0.));
#5852 = DIRECTION('',(0.980765283395,-0.195190826852,0.));
#5853 = ADVANCED_FACE('',(#5854),#5865,.T.);
#5854 = FACE_BOUND('',#5855,.T.);
#5855 = EDGE_LOOP('',(#5856,#5857,#5858,#5864));
#5856 = ORIENTED_EDGE('',*,*,#5803,.F.);
#5857 = ORIENTED_EDGE('',*,*,#493,.F.);
#5858 = ORIENTED_EDGE('',*,*,#5859,.T.);
#5859 = EDGE_CURVE('',#486,#2138,#5860,.T.);
#5860 = LINE('',#5861,#5862);
#5861 = CARTESIAN_POINT('',(130.52200317382,61.387699127197,3.));
#5862 = VECTOR('',#5863,1.);
#5863 = DIRECTION('',(0.,0.,-1.));
#5864 = ORIENTED_EDGE('',*,*,#2137,.F.);
#5865 = PLANE('',#5866);
#5866 = AXIS2_PLACEMENT_3D('',#5867,#5868,#5869);
#5867 = CARTESIAN_POINT('',(130.46099853515,61.693849563599,1.5));
#5868 = DIRECTION('',(0.980719314394,0.195421663011,0.));
#5869 = DIRECTION('',(-0.195421663011,0.980719314394,0.));
#5870 = ADVANCED_FACE('',(#5871),#5877,.T.);
#5871 = FACE_BOUND('',#5872,.T.);
#5872 = EDGE_LOOP('',(#5873,#5874,#5875,#5876));
#5873 = ORIENTED_EDGE('',*,*,#533,.F.);
#5874 = ORIENTED_EDGE('',*,*,#5765,.F.);
#5875 = ORIENTED_EDGE('',*,*,#2225,.F.);
#5876 = ORIENTED_EDGE('',*,*,#5719,.F.);
#5877 = PLANE('',#5878);
#5878 = AXIS2_PLACEMENT_3D('',#5879,#5880,#5881);
#5879 = CARTESIAN_POINT('',(132.30599975585,63.539098739624,1.5));
#5880 = DIRECTION('',(-0.195190826852,-0.980765283395,-0.));
#5881 = DIRECTION('',(-0.980765283395,0.195190826852,0.));
#5882 = ADVANCED_FACE('',(#5883),#5889,.T.);
#5883 = FACE_BOUND('',#5884,.T.);
#5884 = EDGE_LOOP('',(#5885,#5886,#5887,#5888));
#5885 = ORIENTED_EDGE('',*,*,#5703,.F.);
#5886 = ORIENTED_EDGE('',*,*,#2193,.F.);
#5887 = ORIENTED_EDGE('',*,*,#5735,.F.);
#5888 = ORIENTED_EDGE('',*,*,#565,.F.);
#5889 = PLANE('',#5890);
#5890 = AXIS2_PLACEMENT_3D('',#5891,#5892,#5893);
#5891 = CARTESIAN_POINT('',(133.53900146484,61.693849563599,1.5));
#5892 = DIRECTION('',(-0.980719314394,0.195421663011,-0.));
#5893 = DIRECTION('',(-0.195421663011,-0.980719314394,0.));
#5894 = ADVANCED_FACE('',(#5895),#5901,.T.);
#5895 = FACE_BOUND('',#5896,.T.);
#5896 = EDGE_LOOP('',(#5897,#5898,#5899,#5900));
#5897 = ORIENTED_EDGE('',*,*,#581,.F.);
#5898 = ORIENTED_EDGE('',*,*,#5742,.F.);
#5899 = ORIENTED_EDGE('',*,*,#2177,.F.);
#5900 = ORIENTED_EDGE('',*,*,#5819,.F.);
#5901 = PLANE('',#5902);
#5902 = AXIS2_PLACEMENT_3D('',#5903,#5904,#5905);
#5903 = CARTESIAN_POINT('',(132.87149810791,60.695199966431,1.5));
#5904 = DIRECTION('',(-0.555586963776,0.831458432925,0.));
#5905 = DIRECTION('',(0.831458432925,0.555586963776,0.));
#5906 = ADVANCED_FACE('',(#5907),#5918,.T.);
#5907 = FACE_BOUND('',#5908,.T.);
#5908 = EDGE_LOOP('',(#5909,#5910,#5911,#5917));
#5909 = ORIENTED_EDGE('',*,*,#5859,.F.);
#5910 = ORIENTED_EDGE('',*,*,#485,.F.);
#5911 = ORIENTED_EDGE('',*,*,#5912,.T.);
#5912 = EDGE_CURVE('',#478,#2146,#5913,.T.);
#5913 = LINE('',#5914,#5915);
#5914 = CARTESIAN_POINT('',(130.86900329589,60.868598937988,3.));
#5915 = VECTOR('',#5916,1.);
#5916 = DIRECTION('',(0.,0.,-1.));
#5917 = ORIENTED_EDGE('',*,*,#2145,.F.);
#5918 = PLANE('',#5919);
#5919 = AXIS2_PLACEMENT_3D('',#5920,#5921,#5922);
#5920 = CARTESIAN_POINT('',(130.69550323486,61.128149032593,1.5));
#5921 = DIRECTION('',(0.831359759633,0.555734603982,0.));
#5922 = DIRECTION('',(-0.555734603982,0.831359759633,0.));
#5923 = ADVANCED_FACE('',(#5924),#5930,.T.);
#5924 = FACE_BOUND('',#5925,.T.);
#5925 = EDGE_LOOP('',(#5926,#5927,#5928,#5929));
#5926 = ORIENTED_EDGE('',*,*,#517,.F.);
#5927 = ORIENTED_EDGE('',*,*,#5779,.F.);
#5928 = ORIENTED_EDGE('',*,*,#2111,.F.);
#5929 = ORIENTED_EDGE('',*,*,#5758,.F.);
#5930 = PLANE('',#5931);
#5931 = AXIS2_PLACEMENT_3D('',#5932,#5933,#5934);
#5932 = CARTESIAN_POINT('',(131.12850189209,63.304800033569,1.5));
#5933 = DIRECTION('',(0.555586963776,-0.831458432925,-0.));
#5934 = DIRECTION('',(-0.831458432925,-0.555586963776,0.));
#5935 = ADVANCED_FACE('',(#5936),#5942,.T.);
#5936 = FACE_BOUND('',#5937,.T.);
#5937 = EDGE_LOOP('',(#5938,#5939,#5940,#5941));
#5938 = ORIENTED_EDGE('',*,*,#477,.F.);
#5939 = ORIENTED_EDGE('',*,*,#5843,.F.);
#5940 = ORIENTED_EDGE('',*,*,#2153,.F.);
#5941 = ORIENTED_EDGE('',*,*,#5912,.F.);
#5942 = PLANE('',#5943);
#5943 = AXIS2_PLACEMENT_3D('',#5944,#5945,#5946);
#5944 = CARTESIAN_POINT('',(131.12850189209,60.695199966431,1.5));
#5945 = DIRECTION('',(0.555586963776,0.831458432925,0.));
#5946 = DIRECTION('',(0.831458432925,-0.555586963776,0.));
#5947 = ADVANCED_FACE('',(#5948),#5964,.T.);
#5948 = FACE_BOUND('',#5949,.T.);
#5949 = EDGE_LOOP('',(#5950,#5956,#5957,#5963));
#5950 = ORIENTED_EDGE('',*,*,#5951,.T.);
#5951 = EDGE_CURVE('',#1200,#2762,#5952,.T.);
#5952 = LINE('',#5953,#5954);
#5953 = CARTESIAN_POINT('',(71.131401062012,9.131369590759,3.));
#5954 = VECTOR('',#5955,1.);
#5955 = DIRECTION('',(0.,0.,-1.));
#5956 = ORIENTED_EDGE('',*,*,#2883,.F.);
#5957 = ORIENTED_EDGE('',*,*,#5958,.T.);
#5958 = EDGE_CURVE('',#2876,#1208,#5959,.T.);
#5959 = LINE('',#5960,#5961);
#5960 = CARTESIAN_POINT('',(71.478202819824,8.612290382385,0.));
#5961 = VECTOR('',#5962,1.);
#5962 = DIRECTION('',(0.,0.,1.));
#5963 = ORIENTED_EDGE('',*,*,#1207,.F.);
#5964 = PLANE('',#5965);
#5965 = AXIS2_PLACEMENT_3D('',#5966,#5967,#5968);
#5966 = CARTESIAN_POINT('',(71.304801940918,8.871829986572,1.5));
#5967 = DIRECTION('',(-0.831496161798,-0.555530496837,-0.));
#5968 = DIRECTION('',(0.555530496837,-0.831496161798,0.));
#5969 = ADVANCED_FACE('',(#5970),#5981,.T.);
#5970 = FACE_BOUND('',#5971,.T.);
#5971 = EDGE_LOOP('',(#5972,#5973,#5974,#5980));
#5972 = ORIENTED_EDGE('',*,*,#5958,.F.);
#5973 = ORIENTED_EDGE('',*,*,#2875,.F.);
#5974 = ORIENTED_EDGE('',*,*,#5975,.T.);
#5975 = EDGE_CURVE('',#2868,#1216,#5976,.T.);
#5976 = LINE('',#5977,#5978);
#5977 = CARTESIAN_POINT('',(71.599998474121,8.,0.));
#5978 = VECTOR('',#5979,1.);
#5979 = DIRECTION('',(0.,0.,1.));
#5980 = ORIENTED_EDGE('',*,*,#1215,.F.);
#5981 = PLANE('',#5982);
#5982 = AXIS2_PLACEMENT_3D('',#5983,#5984,#5985);
#5983 = CARTESIAN_POINT('',(71.539100646973,8.306145191193,1.5));
#5984 = DIRECTION('',(-0.980784200045,-0.195095753265,-0.));
#5985 = DIRECTION('',(0.195095753265,-0.980784200045,0.));
#5986 = ADVANCED_FACE('',(#5987),#5998,.T.);
#5987 = FACE_BOUND('',#5988,.T.);
#5988 = EDGE_LOOP('',(#5989,#5990,#5996,#5997));
#5989 = ORIENTED_EDGE('',*,*,#1199,.F.);
#5990 = ORIENTED_EDGE('',*,*,#5991,.T.);
#5991 = EDGE_CURVE('',#1192,#2764,#5992,.T.);
#5992 = LINE('',#5993,#5994);
#5993 = CARTESIAN_POINT('',(70.612297058105,9.478210449219,3.));
#5994 = VECTOR('',#5995,1.);
#5995 = DIRECTION('',(0.,0.,-1.));
#5996 = ORIENTED_EDGE('',*,*,#2761,.F.);
#5997 = ORIENTED_EDGE('',*,*,#5951,.F.);
#5998 = PLANE('',#5999);
#5999 = AXIS2_PLACEMENT_3D('',#6000,#6001,#6002);
#6000 = CARTESIAN_POINT('',(70.871849060059,9.304790019989,1.5));
#6001 = DIRECTION('',(-0.555555452065,-0.831479488431,-0.));
#6002 = DIRECTION('',(-0.831479488431,0.555555452065,0.));
#6003 = ADVANCED_FACE('',(#6004),#6020,.T.);
#6004 = FACE_BOUND('',#6005,.T.);
#6005 = EDGE_LOOP('',(#6006,#6012,#6013,#6019));
#6006 = ORIENTED_EDGE('',*,*,#6007,.T.);
#6007 = EDGE_CURVE('',#1224,#2860,#6008,.T.);
#6008 = LINE('',#6009,#6010);
#6009 = CARTESIAN_POINT('',(71.478202819824,7.387710094452,3.));
#6010 = VECTOR('',#6011,1.);
#6011 = DIRECTION('',(0.,0.,-1.));
#6012 = ORIENTED_EDGE('',*,*,#2859,.F.);
#6013 = ORIENTED_EDGE('',*,*,#6014,.T.);
#6014 = EDGE_CURVE('',#2852,#1232,#6015,.T.);
#6015 = LINE('',#6016,#6017);
#6016 = CARTESIAN_POINT('',(71.131401062012,6.868629932404,0.));
#6017 = VECTOR('',#6018,1.);
#6018 = DIRECTION('',(0.,0.,1.));
#6019 = ORIENTED_EDGE('',*,*,#1231,.F.);
#6020 = PLANE('',#6021);
#6021 = AXIS2_PLACEMENT_3D('',#6022,#6023,#6024);
#6022 = CARTESIAN_POINT('',(71.304801940918,7.128170013428,1.5));
#6023 = DIRECTION('',(-0.831496633254,0.555529791179,-0.));
#6024 = DIRECTION('',(-0.555529791179,-0.831496633254,0.));
#6025 = ADVANCED_FACE('',(#6026),#6042,.T.);
#6026 = FACE_BOUND('',#6027,.T.);
#6027 = EDGE_LOOP('',(#6028,#6029,#6035,#6036));
#6028 = ORIENTED_EDGE('',*,*,#1183,.F.);
#6029 = ORIENTED_EDGE('',*,*,#6030,.T.);
#6030 = EDGE_CURVE('',#1176,#2780,#6031,.T.);
#6031 = LINE('',#6032,#6033);
#6032 = CARTESIAN_POINT('',(69.387702941895,9.478210449219,3.));
#6033 = VECTOR('',#6034,1.);
#6034 = DIRECTION('',(0.,0.,-1.));
#6035 = ORIENTED_EDGE('',*,*,#2779,.F.);
#6036 = ORIENTED_EDGE('',*,*,#6037,.T.);
#6037 = EDGE_CURVE('',#2772,#1184,#6038,.T.);
#6038 = LINE('',#6039,#6040);
#6039 = CARTESIAN_POINT('',(70.,9.60000038147,0.));
#6040 = VECTOR('',#6041,1.);
#6041 = DIRECTION('',(0.,0.,1.));
#6042 = PLANE('',#6043);
#6043 = AXIS2_PLACEMENT_3D('',#6044,#6045,#6046);
#6044 = CARTESIAN_POINT('',(69.693851470947,9.539105415344,1.5));
#6045 = DIRECTION('',(0.195084890341,-0.980786360815,-0.));
#6046 = DIRECTION('',(-0.980786360815,-0.195084890341,0.));
#6047 = ADVANCED_FACE('',(#6048),#6064,.T.);
#6048 = FACE_BOUND('',#6049,.T.);
#6049 = EDGE_LOOP('',(#6050,#6056,#6057,#6063));
#6050 = ORIENTED_EDGE('',*,*,#6051,.T.);
#6051 = EDGE_CURVE('',#2788,#1168,#6052,.T.);
#6052 = LINE('',#6053,#6054);
#6053 = CARTESIAN_POINT('',(68.868598937988,9.131369590759,0.));
#6054 = VECTOR('',#6055,1.);
#6055 = DIRECTION('',(0.,0.,1.));
#6056 = ORIENTED_EDGE('',*,*,#1167,.F.);
#6057 = ORIENTED_EDGE('',*,*,#6058,.T.);
#6058 = EDGE_CURVE('',#1160,#2796,#6059,.T.);
#6059 = LINE('',#6060,#6061);
#6060 = CARTESIAN_POINT('',(68.521797180176,8.612290382385,3.));
#6061 = VECTOR('',#6062,1.);
#6062 = DIRECTION('',(0.,0.,-1.));
#6063 = ORIENTED_EDGE('',*,*,#2795,.F.);
#6064 = PLANE('',#6065);
#6065 = AXIS2_PLACEMENT_3D('',#6066,#6067,#6068);
#6066 = CARTESIAN_POINT('',(68.695198059082,8.871829986572,1.5));
#6067 = DIRECTION('',(0.831496161798,-0.555530496837,0.));
#6068 = DIRECTION('',(0.555530496837,0.831496161798,0.));
#6069 = ADVANCED_FACE('',(#6070),#6081,.T.);
#6070 = FACE_BOUND('',#6071,.T.);
#6071 = EDGE_LOOP('',(#6072,#6073,#6074,#6080));
#6072 = ORIENTED_EDGE('',*,*,#6058,.F.);
#6073 = ORIENTED_EDGE('',*,*,#1159,.F.);
#6074 = ORIENTED_EDGE('',*,*,#6075,.T.);
#6075 = EDGE_CURVE('',#1152,#2804,#6076,.T.);
#6076 = LINE('',#6077,#6078);
#6077 = CARTESIAN_POINT('',(68.400001525879,8.,3.));
#6078 = VECTOR('',#6079,1.);
#6079 = DIRECTION('',(0.,0.,-1.));
#6080 = ORIENTED_EDGE('',*,*,#2803,.F.);
#6081 = PLANE('',#6082);
#6082 = AXIS2_PLACEMENT_3D('',#6083,#6084,#6085);
#6083 = CARTESIAN_POINT('',(68.460899353027,8.306145191193,1.5));
#6084 = DIRECTION('',(0.980784200045,-0.195095753265,0.));
#6085 = DIRECTION('',(0.195095753265,0.980784200045,0.));
#6086 = ADVANCED_FACE('',(#6087),#6103,.T.);
#6087 = FACE_BOUND('',#6088,.T.);
#6088 = EDGE_LOOP('',(#6089,#6090,#6096,#6097));
#6089 = ORIENTED_EDGE('',*,*,#1117,.F.);
#6090 = ORIENTED_EDGE('',*,*,#6091,.T.);
#6091 = EDGE_CURVE('',#1118,#2844,#6092,.T.);
#6092 = LINE('',#6093,#6094);
#6093 = CARTESIAN_POINT('',(70.612297058105,6.521790027618,3.));
#6094 = VECTOR('',#6095,1.);
#6095 = DIRECTION('',(0.,0.,-1.));
#6096 = ORIENTED_EDGE('',*,*,#2843,.F.);
#6097 = ORIENTED_EDGE('',*,*,#6098,.T.);
#6098 = EDGE_CURVE('',#2836,#1120,#6099,.T.);
#6099 = LINE('',#6100,#6101);
#6100 = CARTESIAN_POINT('',(70.,6.400000095367,0.));
#6101 = VECTOR('',#6102,1.);
#6102 = DIRECTION('',(0.,0.,1.));
#6103 = PLANE('',#6104);
#6104 = AXIS2_PLACEMENT_3D('',#6105,#6106,#6107);
#6105 = CARTESIAN_POINT('',(70.306148529053,6.460895061493,1.5));
#6106 = DIRECTION('',(-0.195084890341,0.980786360815,0.));
#6107 = DIRECTION('',(0.980786360815,0.195084890341,0.));
#6108 = ADVANCED_FACE('',(#6109),#6120,.T.);
#6109 = FACE_BOUND('',#6110,.T.);
#6110 = EDGE_LOOP('',(#6111,#6112,#6113,#6114));
#6111 = ORIENTED_EDGE('',*,*,#1127,.F.);
#6112 = ORIENTED_EDGE('',*,*,#6098,.F.);
#6113 = ORIENTED_EDGE('',*,*,#2835,.F.);
#6114 = ORIENTED_EDGE('',*,*,#6115,.T.);
#6115 = EDGE_CURVE('',#2828,#1128,#6116,.T.);
#6116 = LINE('',#6117,#6118);
#6117 = CARTESIAN_POINT('',(69.387702941895,6.521790027618,0.));
#6118 = VECTOR('',#6119,1.);
#6119 = DIRECTION('',(0.,0.,1.));
#6120 = PLANE('',#6121);
#6121 = AXIS2_PLACEMENT_3D('',#6122,#6123,#6124);
#6122 = CARTESIAN_POINT('',(69.693851470947,6.460895061493,1.5));
#6123 = DIRECTION('',(0.195084890341,0.980786360815,0.));
#6124 = DIRECTION('',(0.980786360815,-0.195084890341,0.));
#6125 = ADVANCED_FACE('',(#6126),#6137,.T.);
#6126 = FACE_BOUND('',#6127,.T.);
#6127 = EDGE_LOOP('',(#6128,#6129,#6130,#6136));
#6128 = ORIENTED_EDGE('',*,*,#6075,.F.);
#6129 = ORIENTED_EDGE('',*,*,#1151,.F.);
#6130 = ORIENTED_EDGE('',*,*,#6131,.T.);
#6131 = EDGE_CURVE('',#1144,#2812,#6132,.T.);
#6132 = LINE('',#6133,#6134);
#6133 = CARTESIAN_POINT('',(68.521797180176,7.387710094452,3.));
#6134 = VECTOR('',#6135,1.);
#6135 = DIRECTION('',(0.,0.,-1.));
#6136 = ORIENTED_EDGE('',*,*,#2811,.F.);
#6137 = PLANE('',#6138);
#6138 = AXIS2_PLACEMENT_3D('',#6139,#6140,#6141);
#6139 = CARTESIAN_POINT('',(68.460899353027,7.693855047226,1.5));
#6140 = DIRECTION('',(0.980784170972,0.195095899418,0.));
#6141 = DIRECTION('',(-0.195095899418,0.980784170972,0.));
#6142 = ADVANCED_FACE('',(#6143),#6149,.T.);
#6143 = FACE_BOUND('',#6144,.T.);
#6144 = EDGE_LOOP('',(#6145,#6146,#6147,#6148));
#6145 = ORIENTED_EDGE('',*,*,#1191,.F.);
#6146 = ORIENTED_EDGE('',*,*,#6037,.F.);
#6147 = ORIENTED_EDGE('',*,*,#2771,.F.);
#6148 = ORIENTED_EDGE('',*,*,#5991,.F.);
#6149 = PLANE('',#6150);
#6150 = AXIS2_PLACEMENT_3D('',#6151,#6152,#6153);
#6151 = CARTESIAN_POINT('',(70.306148529053,9.539105415344,1.5));
#6152 = DIRECTION('',(-0.195084890341,-0.980786360815,-0.));
#6153 = DIRECTION('',(-0.980786360815,0.195084890341,0.));
#6154 = ADVANCED_FACE('',(#6155),#6161,.T.);
#6155 = FACE_BOUND('',#6156,.T.);
#6156 = EDGE_LOOP('',(#6157,#6158,#6159,#6160));
#6157 = ORIENTED_EDGE('',*,*,#5975,.F.);
#6158 = ORIENTED_EDGE('',*,*,#2867,.F.);
#6159 = ORIENTED_EDGE('',*,*,#6007,.F.);
#6160 = ORIENTED_EDGE('',*,*,#1223,.F.);
#6161 = PLANE('',#6162);
#6162 = AXIS2_PLACEMENT_3D('',#6163,#6164,#6165);
#6163 = CARTESIAN_POINT('',(71.539100646973,7.693855047226,1.5));
#6164 = DIRECTION('',(-0.980784170972,0.195095899418,-0.));
#6165 = DIRECTION('',(-0.195095899418,-0.980784170972,0.));
#6166 = ADVANCED_FACE('',(#6167),#6173,.T.);
#6167 = FACE_BOUND('',#6168,.T.);
#6168 = EDGE_LOOP('',(#6169,#6170,#6171,#6172));
#6169 = ORIENTED_EDGE('',*,*,#1239,.F.);
#6170 = ORIENTED_EDGE('',*,*,#6014,.F.);
#6171 = ORIENTED_EDGE('',*,*,#2851,.F.);
#6172 = ORIENTED_EDGE('',*,*,#6091,.F.);
#6173 = PLANE('',#6174);
#6174 = AXIS2_PLACEMENT_3D('',#6175,#6176,#6177);
#6175 = CARTESIAN_POINT('',(70.871849060059,6.695209980011,1.5));
#6176 = DIRECTION('',(-0.555554395975,0.831480194059,0.));
#6177 = DIRECTION('',(0.831480194059,0.555554395975,0.));
#6178 = ADVANCED_FACE('',(#6179),#6190,.T.);
#6179 = FACE_BOUND('',#6180,.T.);
#6180 = EDGE_LOOP('',(#6181,#6182,#6183,#6189));
#6181 = ORIENTED_EDGE('',*,*,#6131,.F.);
#6182 = ORIENTED_EDGE('',*,*,#1143,.F.);
#6183 = ORIENTED_EDGE('',*,*,#6184,.T.);
#6184 = EDGE_CURVE('',#1136,#2820,#6185,.T.);
#6185 = LINE('',#6186,#6187);
#6186 = CARTESIAN_POINT('',(68.868598937988,6.868629932404,3.));
#6187 = VECTOR('',#6188,1.);
#6188 = DIRECTION('',(0.,0.,-1.));
#6189 = ORIENTED_EDGE('',*,*,#2819,.F.);
#6190 = PLANE('',#6191);
#6191 = AXIS2_PLACEMENT_3D('',#6192,#6193,#6194);
#6192 = CARTESIAN_POINT('',(68.695198059082,7.128170013428,1.5));
#6193 = DIRECTION('',(0.831496633254,0.555529791179,0.));
#6194 = DIRECTION('',(-0.555529791179,0.831496633254,0.));
#6195 = ADVANCED_FACE('',(#6196),#6202,.T.);
#6196 = FACE_BOUND('',#6197,.T.);
#6197 = EDGE_LOOP('',(#6198,#6199,#6200,#6201));
#6198 = ORIENTED_EDGE('',*,*,#1175,.F.);
#6199 = ORIENTED_EDGE('',*,*,#6051,.F.);
#6200 = ORIENTED_EDGE('',*,*,#2787,.F.);
#6201 = ORIENTED_EDGE('',*,*,#6030,.F.);
#6202 = PLANE('',#6203);
#6203 = AXIS2_PLACEMENT_3D('',#6204,#6205,#6206);
#6204 = CARTESIAN_POINT('',(69.128150939941,9.304790019989,1.5));
#6205 = DIRECTION('',(0.555555452065,-0.831479488431,-0.));
#6206 = DIRECTION('',(-0.831479488431,-0.555555452065,0.));
#6207 = ADVANCED_FACE('',(#6208),#6214,.T.);
#6208 = FACE_BOUND('',#6209,.T.);
#6209 = EDGE_LOOP('',(#6210,#6211,#6212,#6213));
#6210 = ORIENTED_EDGE('',*,*,#1135,.F.);
#6211 = ORIENTED_EDGE('',*,*,#6115,.F.);
#6212 = ORIENTED_EDGE('',*,*,#2827,.F.);
#6213 = ORIENTED_EDGE('',*,*,#6184,.F.);
#6214 = PLANE('',#6215);
#6215 = AXIS2_PLACEMENT_3D('',#6216,#6217,#6218);
#6216 = CARTESIAN_POINT('',(69.128150939941,6.695209980011,1.5));
#6217 = DIRECTION('',(0.555554395975,0.831480194059,0.));
#6218 = DIRECTION('',(0.831480194059,-0.555554395975,0.));
#6219 = ADVANCED_FACE('',(#6220),#6236,.T.);
#6220 = FACE_BOUND('',#6221,.T.);
#6221 = EDGE_LOOP('',(#6222,#6228,#6229,#6235));
#6222 = ORIENTED_EDGE('',*,*,#6223,.T.);
#6223 = EDGE_CURVE('',#1468,#3006,#6224,.T.);
#6224 = LINE('',#6225,#6226);
#6225 = CARTESIAN_POINT('',(71.131401062012,63.131401062012,3.));
#6226 = VECTOR('',#6227,1.);
#6227 = DIRECTION('',(0.,0.,-1.));
#6228 = ORIENTED_EDGE('',*,*,#3005,.F.);
#6229 = ORIENTED_EDGE('',*,*,#6230,.T.);
#6230 = EDGE_CURVE('',#2998,#1476,#6231,.T.);
#6231 = LINE('',#6232,#6233);
#6232 = CARTESIAN_POINT('',(71.478202819824,62.612300872803,0.));
#6233 = VECTOR('',#6234,1.);
#6234 = DIRECTION('',(0.,0.,1.));
#6235 = ORIENTED_EDGE('',*,*,#1475,.F.);
#6236 = PLANE('',#6237);
#6237 = AXIS2_PLACEMENT_3D('',#6238,#6239,#6240);
#6238 = CARTESIAN_POINT('',(71.304801940918,62.871850967407,1.5));
#6239 = DIRECTION('',(-0.831506533427,-0.555514972677,-0.));
#6240 = DIRECTION('',(0.555514972677,-0.831506533427,0.));
#6241 = ADVANCED_FACE('',(#6242),#6253,.T.);
#6242 = FACE_BOUND('',#6243,.T.);
#6243 = EDGE_LOOP('',(#6244,#6245,#6246,#6252));
#6244 = ORIENTED_EDGE('',*,*,#6230,.F.);
#6245 = ORIENTED_EDGE('',*,*,#2997,.F.);
#6246 = ORIENTED_EDGE('',*,*,#6247,.T.);
#6247 = EDGE_CURVE('',#2990,#1484,#6248,.T.);
#6248 = LINE('',#6249,#6250);
#6249 = CARTESIAN_POINT('',(71.599998474121,62.,0.));
#6250 = VECTOR('',#6251,1.);
#6251 = DIRECTION('',(0.,0.,1.));
#6252 = ORIENTED_EDGE('',*,*,#1483,.F.);
#6253 = PLANE('',#6254);
#6254 = AXIS2_PLACEMENT_3D('',#6255,#6256,#6257);
#6255 = CARTESIAN_POINT('',(71.539100646973,62.306150436401,1.5));
#6256 = DIRECTION('',(-0.980784839623,-0.195092537954,-0.));
#6257 = DIRECTION('',(0.195092537954,-0.980784839623,0.));
#6258 = ADVANCED_FACE('',(#6259),#6270,.T.);
#6259 = FACE_BOUND('',#6260,.T.);
#6260 = EDGE_LOOP('',(#6261,#6262,#6268,#6269));
#6261 = ORIENTED_EDGE('',*,*,#1467,.F.);
#6262 = ORIENTED_EDGE('',*,*,#6263,.T.);
#6263 = EDGE_CURVE('',#1460,#2892,#6264,.T.);
#6264 = LINE('',#6265,#6266);
#6265 = CARTESIAN_POINT('',(70.612297058105,63.478199005127,3.));
#6266 = VECTOR('',#6267,1.);
#6267 = DIRECTION('',(0.,0.,-1.));
#6268 = ORIENTED_EDGE('',*,*,#3013,.F.);
#6269 = ORIENTED_EDGE('',*,*,#6223,.F.);
#6270 = PLANE('',#6271);
#6271 = AXIS2_PLACEMENT_3D('',#6272,#6273,#6274);
#6272 = CARTESIAN_POINT('',(70.871849060059,63.304800033569,1.5));
#6273 = DIRECTION('',(-0.555507925358,-0.831511241574,-0.));
#6274 = DIRECTION('',(-0.831511241574,0.555507925358,0.));
#6275 = ADVANCED_FACE('',(#6276),#6292,.T.);
#6276 = FACE_BOUND('',#6277,.T.);
#6277 = EDGE_LOOP('',(#6278,#6284,#6285,#6291));
#6278 = ORIENTED_EDGE('',*,*,#6279,.T.);
#6279 = EDGE_CURVE('',#1492,#2982,#6280,.T.);
#6280 = LINE('',#6281,#6282);
#6281 = CARTESIAN_POINT('',(71.478202819824,61.387699127197,3.));
#6282 = VECTOR('',#6283,1.);
#6283 = DIRECTION('',(0.,0.,-1.));
#6284 = ORIENTED_EDGE('',*,*,#2981,.F.);
#6285 = ORIENTED_EDGE('',*,*,#6286,.T.);
#6286 = EDGE_CURVE('',#2974,#1378,#6287,.T.);
#6287 = LINE('',#6288,#6289);
#6288 = CARTESIAN_POINT('',(71.131401062012,60.868598937988,0.));
#6289 = VECTOR('',#6290,1.);
#6290 = DIRECTION('',(0.,0.,1.));
#6291 = ORIENTED_EDGE('',*,*,#1499,.F.);
#6292 = PLANE('',#6293);
#6293 = AXIS2_PLACEMENT_3D('',#6294,#6295,#6296);
#6294 = CARTESIAN_POINT('',(71.304801940918,61.128149032593,1.5));
#6295 = DIRECTION('',(-0.831506533427,0.555514972677,-0.));
#6296 = DIRECTION('',(-0.555514972677,-0.831506533427,0.));
#6297 = ADVANCED_FACE('',(#6298),#6314,.T.);
#6298 = FACE_BOUND('',#6299,.T.);
#6299 = EDGE_LOOP('',(#6300,#6301,#6307,#6308));
#6300 = ORIENTED_EDGE('',*,*,#1451,.F.);
#6301 = ORIENTED_EDGE('',*,*,#6302,.T.);
#6302 = EDGE_CURVE('',#1444,#2902,#6303,.T.);
#6303 = LINE('',#6304,#6305);
#6304 = CARTESIAN_POINT('',(69.387702941895,63.478199005127,3.));
#6305 = VECTOR('',#6306,1.);
#6306 = DIRECTION('',(0.,0.,-1.));
#6307 = ORIENTED_EDGE('',*,*,#2901,.F.);
#6308 = ORIENTED_EDGE('',*,*,#6309,.T.);
#6309 = EDGE_CURVE('',#2894,#1452,#6310,.T.);
#6310 = LINE('',#6311,#6312);
#6311 = CARTESIAN_POINT('',(70.,63.599998474121,0.));
#6312 = VECTOR('',#6313,1.);
#6313 = DIRECTION('',(0.,0.,1.));
#6314 = PLANE('',#6315);
#6315 = AXIS2_PLACEMENT_3D('',#6316,#6317,#6318);
#6316 = CARTESIAN_POINT('',(69.693851470947,63.539098739624,1.5));
#6317 = DIRECTION('',(0.19509958499,-0.980783437838,-0.));
#6318 = DIRECTION('',(-0.980783437838,-0.19509958499,0.));
#6319 = ADVANCED_FACE('',(#6320),#6336,.T.);
#6320 = FACE_BOUND('',#6321,.T.);
#6321 = EDGE_LOOP('',(#6322,#6328,#6329,#6335));
#6322 = ORIENTED_EDGE('',*,*,#6323,.T.);
#6323 = EDGE_CURVE('',#2910,#1436,#6324,.T.);
#6324 = LINE('',#6325,#6326);
#6325 = CARTESIAN_POINT('',(68.868598937988,63.131401062012,0.));
#6326 = VECTOR('',#6327,1.);
#6327 = DIRECTION('',(0.,0.,1.));
#6328 = ORIENTED_EDGE('',*,*,#1435,.F.);
#6329 = ORIENTED_EDGE('',*,*,#6330,.T.);
#6330 = EDGE_CURVE('',#1428,#2918,#6331,.T.);
#6331 = LINE('',#6332,#6333);
#6332 = CARTESIAN_POINT('',(68.521797180176,62.612300872803,3.));
#6333 = VECTOR('',#6334,1.);
#6334 = DIRECTION('',(0.,0.,-1.));
#6335 = ORIENTED_EDGE('',*,*,#2917,.F.);
#6336 = PLANE('',#6337);
#6337 = AXIS2_PLACEMENT_3D('',#6338,#6339,#6340);
#6338 = CARTESIAN_POINT('',(68.695198059082,62.871850967407,1.5));
#6339 = DIRECTION('',(0.831506533427,-0.555514972677,0.));
#6340 = DIRECTION('',(0.555514972677,0.831506533427,0.));
#6341 = ADVANCED_FACE('',(#6342),#6353,.T.);
#6342 = FACE_BOUND('',#6343,.T.);
#6343 = EDGE_LOOP('',(#6344,#6345,#6346,#6352));
#6344 = ORIENTED_EDGE('',*,*,#6330,.F.);
#6345 = ORIENTED_EDGE('',*,*,#1427,.F.);
#6346 = ORIENTED_EDGE('',*,*,#6347,.T.);
#6347 = EDGE_CURVE('',#1420,#2926,#6348,.T.);
#6348 = LINE('',#6349,#6350);
#6349 = CARTESIAN_POINT('',(68.400001525879,62.,3.));
#6350 = VECTOR('',#6351,1.);
#6351 = DIRECTION('',(0.,0.,-1.));
#6352 = ORIENTED_EDGE('',*,*,#2925,.F.);
#6353 = PLANE('',#6354);
#6354 = AXIS2_PLACEMENT_3D('',#6355,#6356,#6357);
#6355 = CARTESIAN_POINT('',(68.460899353027,62.306150436401,1.5));
#6356 = DIRECTION('',(0.980784839623,-0.195092537954,0.));
#6357 = DIRECTION('',(0.195092537954,0.980784839623,0.));
#6358 = ADVANCED_FACE('',(#6359),#6375,.T.);
#6359 = FACE_BOUND('',#6360,.T.);
#6360 = EDGE_LOOP('',(#6361,#6362,#6368,#6369));
#6361 = ORIENTED_EDGE('',*,*,#1387,.F.);
#6362 = ORIENTED_EDGE('',*,*,#6363,.T.);
#6363 = EDGE_CURVE('',#1380,#2966,#6364,.T.);
#6364 = LINE('',#6365,#6366);
#6365 = CARTESIAN_POINT('',(70.612297058105,60.521800994873,3.));
#6366 = VECTOR('',#6367,1.);
#6367 = DIRECTION('',(0.,0.,-1.));
#6368 = ORIENTED_EDGE('',*,*,#2965,.F.);
#6369 = ORIENTED_EDGE('',*,*,#6370,.T.);
#6370 = EDGE_CURVE('',#2958,#1388,#6371,.T.);
#6371 = LINE('',#6372,#6373);
#6372 = CARTESIAN_POINT('',(70.,60.400001525879,0.));
#6373 = VECTOR('',#6374,1.);
#6374 = DIRECTION('',(0.,0.,1.));
#6375 = PLANE('',#6376);
#6376 = AXIS2_PLACEMENT_3D('',#6377,#6378,#6379);
#6377 = CARTESIAN_POINT('',(70.306148529053,60.460901260376,1.5));
#6378 = DIRECTION('',(-0.19509958499,0.980783437838,0.));
#6379 = DIRECTION('',(0.980783437838,0.19509958499,0.));
#6380 = ADVANCED_FACE('',(#6381),#6392,.T.);
#6381 = FACE_BOUND('',#6382,.T.);
#6382 = EDGE_LOOP('',(#6383,#6384,#6385,#6386));
#6383 = ORIENTED_EDGE('',*,*,#1395,.F.);
#6384 = ORIENTED_EDGE('',*,*,#6370,.F.);
#6385 = ORIENTED_EDGE('',*,*,#2957,.F.);
#6386 = ORIENTED_EDGE('',*,*,#6387,.T.);
#6387 = EDGE_CURVE('',#2950,#1396,#6388,.T.);
#6388 = LINE('',#6389,#6390);
#6389 = CARTESIAN_POINT('',(69.387702941895,60.521800994873,0.));
#6390 = VECTOR('',#6391,1.);
#6391 = DIRECTION('',(0.,0.,1.));
#6392 = PLANE('',#6393);
#6393 = AXIS2_PLACEMENT_3D('',#6394,#6395,#6396);
#6394 = CARTESIAN_POINT('',(69.693851470947,60.460901260376,1.5));
#6395 = DIRECTION('',(0.19509958499,0.980783437838,0.));
#6396 = DIRECTION('',(0.980783437838,-0.19509958499,0.));
#6397 = ADVANCED_FACE('',(#6398),#6409,.T.);
#6398 = FACE_BOUND('',#6399,.T.);
#6399 = EDGE_LOOP('',(#6400,#6401,#6402,#6408));
#6400 = ORIENTED_EDGE('',*,*,#6347,.F.);
#6401 = ORIENTED_EDGE('',*,*,#1419,.F.);
#6402 = ORIENTED_EDGE('',*,*,#6403,.T.);
#6403 = EDGE_CURVE('',#1412,#2934,#6404,.T.);
#6404 = LINE('',#6405,#6406);
#6405 = CARTESIAN_POINT('',(68.521797180176,61.387699127197,3.));
#6406 = VECTOR('',#6407,1.);
#6407 = DIRECTION('',(0.,0.,-1.));
#6408 = ORIENTED_EDGE('',*,*,#2933,.F.);
#6409 = PLANE('',#6410);
#6410 = AXIS2_PLACEMENT_3D('',#6411,#6412,#6413);
#6411 = CARTESIAN_POINT('',(68.460899353027,61.693849563599,1.5));
#6412 = DIRECTION('',(0.980784839623,0.195092537954,0.));
#6413 = DIRECTION('',(-0.195092537954,0.980784839623,0.));
#6414 = ADVANCED_FACE('',(#6415),#6421,.T.);
#6415 = FACE_BOUND('',#6416,.T.);
#6416 = EDGE_LOOP('',(#6417,#6418,#6419,#6420));
#6417 = ORIENTED_EDGE('',*,*,#1459,.F.);
#6418 = ORIENTED_EDGE('',*,*,#6309,.F.);
#6419 = ORIENTED_EDGE('',*,*,#2891,.F.);
#6420 = ORIENTED_EDGE('',*,*,#6263,.F.);
#6421 = PLANE('',#6422);
#6422 = AXIS2_PLACEMENT_3D('',#6423,#6424,#6425);
#6423 = CARTESIAN_POINT('',(70.306148529053,63.539098739624,1.5));
#6424 = DIRECTION('',(-0.19509958499,-0.980783437838,-0.));
#6425 = DIRECTION('',(-0.980783437838,0.19509958499,0.));
#6426 = ADVANCED_FACE('',(#6427),#6433,.T.);
#6427 = FACE_BOUND('',#6428,.T.);
#6428 = EDGE_LOOP('',(#6429,#6430,#6431,#6432));
#6429 = ORIENTED_EDGE('',*,*,#6247,.F.);
#6430 = ORIENTED_EDGE('',*,*,#2989,.F.);
#6431 = ORIENTED_EDGE('',*,*,#6279,.F.);
#6432 = ORIENTED_EDGE('',*,*,#1491,.F.);
#6433 = PLANE('',#6434);
#6434 = AXIS2_PLACEMENT_3D('',#6435,#6436,#6437);
#6435 = CARTESIAN_POINT('',(71.539100646973,61.693849563599,1.5));
#6436 = DIRECTION('',(-0.980784839623,0.195092537954,-0.));
#6437 = DIRECTION('',(-0.195092537954,-0.980784839623,0.));
#6438 = ADVANCED_FACE('',(#6439),#6445,.T.);
#6439 = FACE_BOUND('',#6440,.T.);
#6440 = EDGE_LOOP('',(#6441,#6442,#6443,#6444));
#6441 = ORIENTED_EDGE('',*,*,#1377,.F.);
#6442 = ORIENTED_EDGE('',*,*,#6286,.F.);
#6443 = ORIENTED_EDGE('',*,*,#2973,.F.);
#6444 = ORIENTED_EDGE('',*,*,#6363,.F.);
#6445 = PLANE('',#6446);
#6446 = AXIS2_PLACEMENT_3D('',#6447,#6448,#6449);
#6447 = CARTESIAN_POINT('',(70.871849060059,60.695199966431,1.5));
#6448 = DIRECTION('',(-0.555507925358,0.831511241574,0.));
#6449 = DIRECTION('',(0.831511241574,0.555507925358,0.));
#6450 = ADVANCED_FACE('',(#6451),#6462,.T.);
#6451 = FACE_BOUND('',#6452,.T.);
#6452 = EDGE_LOOP('',(#6453,#6454,#6455,#6461));
#6453 = ORIENTED_EDGE('',*,*,#6403,.F.);
#6454 = ORIENTED_EDGE('',*,*,#1411,.F.);
#6455 = ORIENTED_EDGE('',*,*,#6456,.T.);
#6456 = EDGE_CURVE('',#1404,#2942,#6457,.T.);
#6457 = LINE('',#6458,#6459);
#6458 = CARTESIAN_POINT('',(68.868598937988,60.868598937988,3.));
#6459 = VECTOR('',#6460,1.);
#6460 = DIRECTION('',(0.,0.,-1.));
#6461 = ORIENTED_EDGE('',*,*,#2941,.F.);
#6462 = PLANE('',#6463);
#6463 = AXIS2_PLACEMENT_3D('',#6464,#6465,#6466);
#6464 = CARTESIAN_POINT('',(68.695198059082,61.128149032593,1.5));
#6465 = DIRECTION('',(0.831506533427,0.555514972677,0.));
#6466 = DIRECTION('',(-0.555514972677,0.831506533427,0.));
#6467 = ADVANCED_FACE('',(#6468),#6474,.T.);
#6468 = FACE_BOUND('',#6469,.T.);
#6469 = EDGE_LOOP('',(#6470,#6471,#6472,#6473));
#6470 = ORIENTED_EDGE('',*,*,#1443,.F.);
#6471 = ORIENTED_EDGE('',*,*,#6323,.F.);
#6472 = ORIENTED_EDGE('',*,*,#2909,.F.);
#6473 = ORIENTED_EDGE('',*,*,#6302,.F.);
#6474 = PLANE('',#6475);
#6475 = AXIS2_PLACEMENT_3D('',#6476,#6477,#6478);
#6476 = CARTESIAN_POINT('',(69.128150939941,63.304800033569,1.5));
#6477 = DIRECTION('',(0.555507925358,-0.831511241574,-0.));
#6478 = DIRECTION('',(-0.831511241574,-0.555507925358,0.));
#6479 = ADVANCED_FACE('',(#6480),#6486,.T.);
#6480 = FACE_BOUND('',#6481,.T.);
#6481 = EDGE_LOOP('',(#6482,#6483,#6484,#6485));
#6482 = ORIENTED_EDGE('',*,*,#1403,.F.);
#6483 = ORIENTED_EDGE('',*,*,#6387,.F.);
#6484 = ORIENTED_EDGE('',*,*,#2949,.F.);
#6485 = ORIENTED_EDGE('',*,*,#6456,.F.);
#6486 = PLANE('',#6487);
#6487 = AXIS2_PLACEMENT_3D('',#6488,#6489,#6490);
#6488 = CARTESIAN_POINT('',(69.128150939941,60.695199966431,1.5));
#6489 = DIRECTION('',(0.555507925358,0.831511241574,0.));
#6490 = DIRECTION('',(0.831511241574,-0.555507925358,0.));
#6491 = ADVANCED_FACE('',(#6492),#6508,.T.);
#6492 = FACE_BOUND('',#6493,.T.);
#6493 = EDGE_LOOP('',(#6494,#6500,#6501,#6507));
#6494 = ORIENTED_EDGE('',*,*,#6495,.T.);
#6495 = EDGE_CURVE('',#272,#1924,#6496,.T.);
#6496 = LINE('',#6497,#6498);
#6497 = CARTESIAN_POINT('',(58.,40.,3.));
#6498 = VECTOR('',#6499,1.);
#6499 = DIRECTION('',(0.,0.,-1.));
#6500 = ORIENTED_EDGE('',*,*,#1923,.F.);
#6501 = ORIENTED_EDGE('',*,*,#6502,.T.);
#6502 = EDGE_CURVE('',#1916,#280,#6503,.T.);
#6503 = LINE('',#6504,#6505);
#6504 = CARTESIAN_POINT('',(58.,30.,0.));
#6505 = VECTOR('',#6506,1.);
#6506 = DIRECTION('',(0.,0.,1.));
#6507 = ORIENTED_EDGE('',*,*,#279,.F.);
#6508 = PLANE('',#6509);
#6509 = AXIS2_PLACEMENT_3D('',#6510,#6511,#6512);
#6510 = CARTESIAN_POINT('',(58.,35.,1.5));
#6511 = DIRECTION('',(-1.,-0.,-0.));
#6512 = DIRECTION('',(0.,0.,-1.));
#6513 = ADVANCED_FACE('',(#6514),#6530,.T.);
#6514 = FACE_BOUND('',#6515,.T.);
#6515 = EDGE_LOOP('',(#6516,#6522,#6523,#6529));
#6516 = ORIENTED_EDGE('',*,*,#6517,.T.);
#6517 = EDGE_CURVE('',#1932,#270,#6518,.T.);
#6518 = LINE('',#6519,#6520);
#6519 = CARTESIAN_POINT('',(55.,40.,0.));
#6520 = VECTOR('',#6521,1.);
#6521 = DIRECTION('',(0.,0.,1.));
#6522 = ORIENTED_EDGE('',*,*,#295,.F.);
#6523 = ORIENTED_EDGE('',*,*,#6524,.T.);
#6524 = EDGE_CURVE('',#288,#1914,#6525,.T.);
#6525 = LINE('',#6526,#6527);
#6526 = CARTESIAN_POINT('',(55.,30.,3.));
#6527 = VECTOR('',#6528,1.);
#6528 = DIRECTION('',(0.,0.,-1.));
#6529 = ORIENTED_EDGE('',*,*,#1939,.F.);
#6530 = PLANE('',#6531);
#6531 = AXIS2_PLACEMENT_3D('',#6532,#6533,#6534);
#6532 = CARTESIAN_POINT('',(55.,35.,1.5));
#6533 = DIRECTION('',(1.,0.,0.));
#6534 = DIRECTION('',(-0.,0.,1.));
#6535 = ADVANCED_FACE('',(#6536),#6542,.T.);
#6536 = FACE_BOUND('',#6537,.T.);
#6537 = EDGE_LOOP('',(#6538,#6539,#6540,#6541));
#6538 = ORIENTED_EDGE('',*,*,#269,.F.);
#6539 = ORIENTED_EDGE('',*,*,#6517,.F.);
#6540 = ORIENTED_EDGE('',*,*,#1931,.F.);
#6541 = ORIENTED_EDGE('',*,*,#6495,.F.);
#6542 = PLANE('',#6543);
#6543 = AXIS2_PLACEMENT_3D('',#6544,#6545,#6546);
#6544 = CARTESIAN_POINT('',(56.5,40.,1.5));
#6545 = DIRECTION('',(-0.,-1.,-0.));
#6546 = DIRECTION('',(0.,0.,-1.));
#6547 = ADVANCED_FACE('',(#6548),#6554,.T.);
#6548 = FACE_BOUND('',#6549,.T.);
#6549 = EDGE_LOOP('',(#6550,#6551,#6552,#6553));
#6550 = ORIENTED_EDGE('',*,*,#287,.F.);
#6551 = ORIENTED_EDGE('',*,*,#6502,.F.);
#6552 = ORIENTED_EDGE('',*,*,#1913,.F.);
#6553 = ORIENTED_EDGE('',*,*,#6524,.F.);
#6554 = PLANE('',#6555);
#6555 = AXIS2_PLACEMENT_3D('',#6556,#6557,#6558);
#6556 = CARTESIAN_POINT('',(56.5,30.,1.5));
#6557 = DIRECTION('',(0.,1.,0.));
#6558 = DIRECTION('',(0.,-0.,1.));
#6559 = ADVANCED_FACE('',(#6560),#6576,.T.);
#6560 = FACE_BOUND('',#6561,.T.);
#6561 = EDGE_LOOP('',(#6562,#6568,#6569,#6575));
#6562 = ORIENTED_EDGE('',*,*,#6563,.T.);
#6563 = EDGE_CURVE('',#304,#1950,#6564,.T.);
#6564 = LINE('',#6565,#6566);
#6565 = CARTESIAN_POINT('',(108.,38.,3.));
#6566 = VECTOR('',#6567,1.);
#6567 = DIRECTION('',(0.,0.,-1.));
#6568 = ORIENTED_EDGE('',*,*,#1947,.F.);
#6569 = ORIENTED_EDGE('',*,*,#6570,.T.);
#6570 = EDGE_CURVE('',#1948,#306,#6571,.T.);
#6571 = LINE('',#6572,#6573);
#6572 = CARTESIAN_POINT('',(108.,32.,0.));
#6573 = VECTOR('',#6574,1.);
#6574 = DIRECTION('',(0.,0.,1.));
#6575 = ORIENTED_EDGE('',*,*,#303,.F.);
#6576 = PLANE('',#6577);
#6577 = AXIS2_PLACEMENT_3D('',#6578,#6579,#6580);
#6578 = CARTESIAN_POINT('',(108.,35.,1.5));
#6579 = DIRECTION('',(-1.,-0.,-0.));
#6580 = DIRECTION('',(0.,0.,-1.));
#6581 = ADVANCED_FACE('',(#6582),#6598,.T.);
#6582 = FACE_BOUND('',#6583,.T.);
#6583 = EDGE_LOOP('',(#6584,#6590,#6591,#6597));
#6584 = ORIENTED_EDGE('',*,*,#6585,.T.);
#6585 = EDGE_CURVE('',#1958,#322,#6586,.T.);
#6586 = LINE('',#6587,#6588);
#6587 = CARTESIAN_POINT('',(105.,38.,0.));
#6588 = VECTOR('',#6589,1.);
#6589 = DIRECTION('',(0.,0.,1.));
#6590 = ORIENTED_EDGE('',*,*,#321,.F.);
#6591 = ORIENTED_EDGE('',*,*,#6592,.T.);
#6592 = EDGE_CURVE('',#314,#1966,#6593,.T.);
#6593 = LINE('',#6594,#6595);
#6594 = CARTESIAN_POINT('',(105.,32.,3.));
#6595 = VECTOR('',#6596,1.);
#6596 = DIRECTION('',(0.,0.,-1.));
#6597 = ORIENTED_EDGE('',*,*,#1965,.F.);
#6598 = PLANE('',#6599);
#6599 = AXIS2_PLACEMENT_3D('',#6600,#6601,#6602);
#6600 = CARTESIAN_POINT('',(105.,35.,1.5));
#6601 = DIRECTION('',(1.,0.,0.));
#6602 = DIRECTION('',(-0.,0.,1.));
#6603 = ADVANCED_FACE('',(#6604),#6610,.T.);
#6604 = FACE_BOUND('',#6605,.T.);
#6605 = EDGE_LOOP('',(#6606,#6607,#6608,#6609));
#6606 = ORIENTED_EDGE('',*,*,#329,.F.);
#6607 = ORIENTED_EDGE('',*,*,#6585,.F.);
#6608 = ORIENTED_EDGE('',*,*,#1957,.F.);
#6609 = ORIENTED_EDGE('',*,*,#6563,.F.);
#6610 = PLANE('',#6611);
#6611 = AXIS2_PLACEMENT_3D('',#6612,#6613,#6614);
#6612 = CARTESIAN_POINT('',(106.5,38.,1.5));
#6613 = DIRECTION('',(-0.,-1.,-0.));
#6614 = DIRECTION('',(0.,0.,-1.));
#6615 = ADVANCED_FACE('',(#6616),#6622,.T.);
#6616 = FACE_BOUND('',#6617,.T.);
#6617 = EDGE_LOOP('',(#6618,#6619,#6620,#6621));
#6618 = ORIENTED_EDGE('',*,*,#313,.F.);
#6619 = ORIENTED_EDGE('',*,*,#6570,.F.);
#6620 = ORIENTED_EDGE('',*,*,#1973,.F.);
#6621 = ORIENTED_EDGE('',*,*,#6592,.F.);
#6622 = PLANE('',#6623);
#6623 = AXIS2_PLACEMENT_3D('',#6624,#6625,#6626);
#6624 = CARTESIAN_POINT('',(106.5,32.,1.5));
#6625 = DIRECTION('',(0.,1.,0.));
#6626 = DIRECTION('',(0.,-0.,1.));
#6627 = ORIENTED_CLOSED_SHELL('',*,#6628,.F.);
#6628 = CLOSED_SHELL('',(#6629,#7023,#7054,#7078,#7109,#7478,#7495,#7517
    ,#7534,#7551,#7573,#7595,#7612,#7629,#7646,#7663,#7685,#7702,#7719,
    #7741,#7763,#7780,#7797,#7814,#7831,#7843,#7855,#7867,#7884,#7896,
    #7908,#7925,#7937,#7949,#7961,#7983,#8000,#8017,#8039,#8061,#8083,
    #8100,#8122,#8139,#8156,#8168,#8180,#8192,#8209,#8221));
#6629 = ADVANCED_FACE('',(#6630,#6888),#7018,.F.);
#6630 = FACE_BOUND('',#6631,.F.);
#6631 = EDGE_LOOP('',(#6632,#6642,#6650,#6658,#6666,#6674,#6682,#6690,
    #6698,#6706,#6714,#6722,#6730,#6738,#6746,#6754,#6762,#6770,#6778,
    #6786,#6794,#6802,#6810,#6818,#6826,#6834,#6842,#6850,#6858,#6866,
    #6874,#6882));
#6632 = ORIENTED_EDGE('',*,*,#6633,.F.);
#6633 = EDGE_CURVE('',#6634,#6636,#6638,.T.);
#6634 = VERTEX_POINT('',#6635);
#6635 = CARTESIAN_POINT('',(7.228360176086,47.147998809814,4.));
#6636 = VERTEX_POINT('',#6637);
#6637 = CARTESIAN_POINT('',(7.057640075684,46.585300445557,4.));
#6638 = LINE('',#6639,#6640);
#6639 = CARTESIAN_POINT('',(7.228360176086,47.147998809814,4.));
#6640 = VECTOR('',#6641,1.);
#6641 = DIRECTION('',(-0.290327374678,-0.95692738257,0.));
#6642 = ORIENTED_EDGE('',*,*,#6643,.F.);
#6643 = EDGE_CURVE('',#6644,#6634,#6646,.T.);
#6644 = VERTEX_POINT('',#6645);
#6645 = CARTESIAN_POINT('',(7.505589962006,47.666698455811,4.));
#6646 = LINE('',#6647,#6648);
#6647 = CARTESIAN_POINT('',(7.505589962006,47.666698455811,4.));
#6648 = VECTOR('',#6649,1.);
#6649 = DIRECTION('',(-0.471369029741,-0.881936073534,0.));
#6650 = ORIENTED_EDGE('',*,*,#6651,.F.);
#6651 = EDGE_CURVE('',#6652,#6644,#6654,.T.);
#6652 = VERTEX_POINT('',#6653);
#6653 = CARTESIAN_POINT('',(7.878680229187,48.121299743652,4.));
#6654 = LINE('',#6655,#6656);
#6655 = CARTESIAN_POINT('',(7.878680229187,48.121299743652,4.));
#6656 = VECTOR('',#6657,1.);
#6657 = DIRECTION('',(-0.63440205476,-0.773003255437,0.));
#6658 = ORIENTED_EDGE('',*,*,#6659,.F.);
#6659 = EDGE_CURVE('',#6660,#6652,#6662,.T.);
#6660 = VERTEX_POINT('',#6661);
#6661 = CARTESIAN_POINT('',(8.333290100098,48.494400024414,4.));
#6662 = LINE('',#6663,#6664);
#6663 = CARTESIAN_POINT('',(8.333290100098,48.494400024414,4.));
#6664 = VECTOR('',#6665,1.);
#6665 = DIRECTION('',(-0.77300077934,-0.634405071811,0.));
#6666 = ORIENTED_EDGE('',*,*,#6667,.F.);
#6667 = EDGE_CURVE('',#6668,#6660,#6670,.T.);
#6668 = VERTEX_POINT('',#6669);
#6669 = CARTESIAN_POINT('',(8.851949691772,48.771598815918,4.));
#6670 = LINE('',#6671,#6672);
#6671 = CARTESIAN_POINT('',(8.851949691772,48.771598815918,4.));
#6672 = VECTOR('',#6673,1.);
#6673 = DIRECTION('',(-0.881942850149,-0.47135635041,0.));
#6674 = ORIENTED_EDGE('',*,*,#6675,.F.);
#6675 = EDGE_CURVE('',#6676,#6668,#6678,.T.);
#6676 = VERTEX_POINT('',#6677);
#6677 = CARTESIAN_POINT('',(9.414730072021,48.942401885986,4.));
#6678 = LINE('',#6679,#6680);
#6679 = CARTESIAN_POINT('',(9.414730072021,48.942401885986,4.));
#6680 = VECTOR('',#6681,1.);
#6681 = DIRECTION('',(-0.956899939255,-0.290417813252,0.));
#6682 = ORIENTED_EDGE('',*,*,#6683,.F.);
#6683 = EDGE_CURVE('',#6684,#6676,#6686,.T.);
#6684 = VERTEX_POINT('',#6685);
#6685 = CARTESIAN_POINT('',(10.,49.,4.));
#6686 = LINE('',#6687,#6688);
#6687 = CARTESIAN_POINT('',(10.,49.,4.));
#6688 = VECTOR('',#6689,1.);
#6689 = DIRECTION('',(-0.995192343955,-9.793976992911E-02,0.));
#6690 = ORIENTED_EDGE('',*,*,#6691,.F.);
#6691 = EDGE_CURVE('',#6692,#6684,#6694,.T.);
#6692 = VERTEX_POINT('',#6693);
#6693 = CARTESIAN_POINT('',(10.585300445557,48.942401885986,4.));
#6694 = LINE('',#6695,#6696);
#6695 = CARTESIAN_POINT('',(10.585300445557,48.942401885986,4.));
#6696 = VECTOR('',#6697,1.);
#6697 = DIRECTION('',(-0.995192841675,9.79347123269E-02,0.));
#6698 = ORIENTED_EDGE('',*,*,#6699,.F.);
#6699 = EDGE_CURVE('',#6700,#6692,#6702,.T.);
#6700 = VERTEX_POINT('',#6701);
#6701 = CARTESIAN_POINT('',(11.147999763489,48.771598815918,4.));
#6702 = LINE('',#6703,#6704);
#6703 = CARTESIAN_POINT('',(11.147999763489,48.771598815918,4.));
#6704 = VECTOR('',#6705,1.);
#6705 = DIRECTION('',(-0.956888311951,0.290456121387,0.));
#6706 = ORIENTED_EDGE('',*,*,#6707,.F.);
#6707 = EDGE_CURVE('',#6708,#6700,#6710,.T.);
#6708 = VERTEX_POINT('',#6709);
#6709 = CARTESIAN_POINT('',(11.666700363159,48.494400024414,4.));
#6710 = LINE('',#6711,#6712);
#6711 = CARTESIAN_POINT('',(11.666700363159,48.494400024414,4.));
#6712 = VECTOR('',#6713,1.);
#6713 = DIRECTION('',(-0.881958341355,0.471327364063,0.));
#6714 = ORIENTED_EDGE('',*,*,#6715,.F.);
#6715 = EDGE_CURVE('',#6716,#6708,#6718,.T.);
#6716 = VERTEX_POINT('',#6717);
#6717 = CARTESIAN_POINT('',(12.121299743652,48.121299743652,4.));
#6718 = LINE('',#6719,#6720);
#6719 = CARTESIAN_POINT('',(12.121299743652,48.121299743652,4.));
#6720 = VECTOR('',#6721,1.);
#6721 = DIRECTION('',(-0.772993600139,0.63441381932,0.));
#6722 = ORIENTED_EDGE('',*,*,#6723,.F.);
#6723 = EDGE_CURVE('',#6724,#6716,#6726,.T.);
#6724 = VERTEX_POINT('',#6725);
#6725 = CARTESIAN_POINT('',(12.494400024414,47.666698455811,4.));
#6726 = LINE('',#6727,#6728);
#6727 = CARTESIAN_POINT('',(12.494400024414,47.666698455811,4.));
#6728 = VECTOR('',#6729,1.);
#6729 = DIRECTION('',(-0.634412228852,0.772994905471,0.));
#6730 = ORIENTED_EDGE('',*,*,#6731,.F.);
#6731 = EDGE_CURVE('',#6732,#6724,#6734,.T.);
#6732 = VERTEX_POINT('',#6733);
#6733 = CARTESIAN_POINT('',(12.771599769592,47.147998809814,4.));
#6734 = LINE('',#6735,#6736);
#6735 = CARTESIAN_POINT('',(12.771599769592,47.147998809814,4.));
#6736 = VECTOR('',#6737,1.);
#6737 = DIRECTION('',(-0.471329299455,0.881957307059,0.));
#6738 = ORIENTED_EDGE('',*,*,#6739,.F.);
#6739 = EDGE_CURVE('',#6740,#6732,#6742,.T.);
#6740 = VERTEX_POINT('',#6741);
#6741 = CARTESIAN_POINT('',(12.942399978638,46.585300445557,4.));
#6742 = LINE('',#6743,#6744);
#6743 = CARTESIAN_POINT('',(12.942399978638,46.585300445557,4.));
#6744 = VECTOR('',#6745,1.);
#6745 = DIRECTION('',(-0.290452117308,0.956889527349,0.));
#6746 = ORIENTED_EDGE('',*,*,#6747,.F.);
#6747 = EDGE_CURVE('',#6748,#6740,#6750,.T.);
#6748 = VERTEX_POINT('',#6749);
#6749 = CARTESIAN_POINT('',(13.,46.,4.));
#6750 = LINE('',#6751,#6752);
#6751 = CARTESIAN_POINT('',(13.,46.,4.));
#6752 = VECTOR('',#6753,1.);
#6753 = DIRECTION('',(-9.79379243063E-02,0.995192525586,0.));
#6754 = ORIENTED_EDGE('',*,*,#6755,.F.);
#6755 = EDGE_CURVE('',#6756,#6748,#6758,.T.);
#6756 = VERTEX_POINT('',#6757);
#6757 = CARTESIAN_POINT('',(12.942399978638,45.414699554443,4.));
#6758 = LINE('',#6759,#6760);
#6759 = CARTESIAN_POINT('',(12.942399978638,45.414699554443,4.));
#6760 = VECTOR('',#6761,1.);
#6761 = DIRECTION('',(9.79379243063E-02,0.995192525586,0.));
#6762 = ORIENTED_EDGE('',*,*,#6763,.F.);
#6763 = EDGE_CURVE('',#6764,#6756,#6766,.T.);
#6764 = VERTEX_POINT('',#6765);
#6765 = CARTESIAN_POINT('',(12.771599769592,44.852001190186,4.));
#6766 = LINE('',#6767,#6768);
#6767 = CARTESIAN_POINT('',(12.771599769592,44.852001190186,4.));
#6768 = VECTOR('',#6769,1.);
#6769 = DIRECTION('',(0.290452117308,0.956889527349,0.));
#6770 = ORIENTED_EDGE('',*,*,#6771,.F.);
#6771 = EDGE_CURVE('',#6772,#6764,#6774,.T.);
#6772 = VERTEX_POINT('',#6773);
#6773 = CARTESIAN_POINT('',(12.494400024414,44.333301544189,4.));
#6774 = LINE('',#6775,#6776);
#6775 = CARTESIAN_POINT('',(12.494400024414,44.333301544189,4.));
#6776 = VECTOR('',#6777,1.);
#6777 = DIRECTION('',(0.471329299455,0.881957307059,0.));
#6778 = ORIENTED_EDGE('',*,*,#6779,.F.);
#6779 = EDGE_CURVE('',#6780,#6772,#6782,.T.);
#6780 = VERTEX_POINT('',#6781);
#6781 = CARTESIAN_POINT('',(12.121299743652,43.878700256348,4.));
#6782 = LINE('',#6783,#6784);
#6783 = CARTESIAN_POINT('',(12.121299743652,43.878700256348,4.));
#6784 = VECTOR('',#6785,1.);
#6785 = DIRECTION('',(0.634412228852,0.772994905471,0.));
#6786 = ORIENTED_EDGE('',*,*,#6787,.F.);
#6787 = EDGE_CURVE('',#6788,#6780,#6790,.T.);
#6788 = VERTEX_POINT('',#6789);
#6789 = CARTESIAN_POINT('',(11.666700363159,43.505599975586,4.));
#6790 = LINE('',#6791,#6792);
#6791 = CARTESIAN_POINT('',(11.666700363159,43.505599975586,4.));
#6792 = VECTOR('',#6793,1.);
#6793 = DIRECTION('',(0.772993600139,0.63441381932,0.));
#6794 = ORIENTED_EDGE('',*,*,#6795,.F.);
#6795 = EDGE_CURVE('',#6796,#6788,#6798,.T.);
#6796 = VERTEX_POINT('',#6797);
#6797 = CARTESIAN_POINT('',(11.147999763489,43.228401184082,4.));
#6798 = LINE('',#6799,#6800);
#6799 = CARTESIAN_POINT('',(11.147999763489,43.228401184082,4.));
#6800 = VECTOR('',#6801,1.);
#6801 = DIRECTION('',(0.881958341355,0.471327364063,0.));
#6802 = ORIENTED_EDGE('',*,*,#6803,.F.);
#6803 = EDGE_CURVE('',#6804,#6796,#6806,.T.);
#6804 = VERTEX_POINT('',#6805);
#6805 = CARTESIAN_POINT('',(10.585300445557,43.057598114014,4.));
#6806 = LINE('',#6807,#6808);
#6807 = CARTESIAN_POINT('',(10.585300445557,43.057598114014,4.));
#6808 = VECTOR('',#6809,1.);
#6809 = DIRECTION('',(0.956888311951,0.290456121387,0.));
#6810 = ORIENTED_EDGE('',*,*,#6811,.F.);
#6811 = EDGE_CURVE('',#6812,#6804,#6814,.T.);
#6812 = VERTEX_POINT('',#6813);
#6813 = CARTESIAN_POINT('',(10.,43.,4.));
#6814 = LINE('',#6815,#6816);
#6815 = CARTESIAN_POINT('',(10.,43.,4.));
#6816 = VECTOR('',#6817,1.);
#6817 = DIRECTION('',(0.995192841675,9.79347123269E-02,0.));
#6818 = ORIENTED_EDGE('',*,*,#6819,.F.);
#6819 = EDGE_CURVE('',#6820,#6812,#6822,.T.);
#6820 = VERTEX_POINT('',#6821);
#6821 = CARTESIAN_POINT('',(9.414730072021,43.057598114014,4.));
#6822 = LINE('',#6823,#6824);
#6823 = CARTESIAN_POINT('',(9.414730072021,43.057598114014,4.));
#6824 = VECTOR('',#6825,1.);
#6825 = DIRECTION('',(0.995192343955,-9.793976992911E-02,0.));
#6826 = ORIENTED_EDGE('',*,*,#6827,.F.);
#6827 = EDGE_CURVE('',#6828,#6820,#6830,.T.);
#6828 = VERTEX_POINT('',#6829);
#6829 = CARTESIAN_POINT('',(8.851949691772,43.228401184082,4.));
#6830 = LINE('',#6831,#6832);
#6831 = CARTESIAN_POINT('',(8.851949691772,43.228401184082,4.));
#6832 = VECTOR('',#6833,1.);
#6833 = DIRECTION('',(0.956899939255,-0.290417813252,0.));
#6834 = ORIENTED_EDGE('',*,*,#6835,.F.);
#6835 = EDGE_CURVE('',#6836,#6828,#6838,.T.);
#6836 = VERTEX_POINT('',#6837);
#6837 = CARTESIAN_POINT('',(8.333290100098,43.505599975586,4.));
#6838 = LINE('',#6839,#6840);
#6839 = CARTESIAN_POINT('',(8.333290100098,43.505599975586,4.));
#6840 = VECTOR('',#6841,1.);
#6841 = DIRECTION('',(0.881942850149,-0.47135635041,0.));
#6842 = ORIENTED_EDGE('',*,*,#6843,.F.);
#6843 = EDGE_CURVE('',#6844,#6836,#6846,.T.);
#6844 = VERTEX_POINT('',#6845);
#6845 = CARTESIAN_POINT('',(7.878680229187,43.878700256348,4.));
#6846 = LINE('',#6847,#6848);
#6847 = CARTESIAN_POINT('',(7.878680229187,43.878700256348,4.));
#6848 = VECTOR('',#6849,1.);
#6849 = DIRECTION('',(0.77300077934,-0.634405071811,0.));
#6850 = ORIENTED_EDGE('',*,*,#6851,.F.);
#6851 = EDGE_CURVE('',#6852,#6844,#6854,.T.);
#6852 = VERTEX_POINT('',#6853);
#6853 = CARTESIAN_POINT('',(7.505589962006,44.333301544189,4.));
#6854 = LINE('',#6855,#6856);
#6855 = CARTESIAN_POINT('',(7.505589962006,44.333301544189,4.));
#6856 = VECTOR('',#6857,1.);
#6857 = DIRECTION('',(0.63440205476,-0.773003255437,0.));
#6858 = ORIENTED_EDGE('',*,*,#6859,.F.);
#6859 = EDGE_CURVE('',#6860,#6852,#6862,.T.);
#6860 = VERTEX_POINT('',#6861);
#6861 = CARTESIAN_POINT('',(7.228360176086,44.852001190186,4.));
#6862 = LINE('',#6863,#6864);
#6863 = CARTESIAN_POINT('',(7.228360176086,44.852001190186,4.));
#6864 = VECTOR('',#6865,1.);
#6865 = DIRECTION('',(0.471369029741,-0.881936073534,0.));
#6866 = ORIENTED_EDGE('',*,*,#6867,.F.);
#6867 = EDGE_CURVE('',#6868,#6860,#6870,.T.);
#6868 = VERTEX_POINT('',#6869);
#6869 = CARTESIAN_POINT('',(7.057640075684,45.414699554443,4.));
#6870 = LINE('',#6871,#6872);
#6871 = CARTESIAN_POINT('',(7.057640075684,45.414699554443,4.));
#6872 = VECTOR('',#6873,1.);
#6873 = DIRECTION('',(0.290327374678,-0.95692738257,0.));
#6874 = ORIENTED_EDGE('',*,*,#6875,.F.);
#6875 = EDGE_CURVE('',#6876,#6868,#6878,.T.);
#6876 = VERTEX_POINT('',#6877);
#6877 = CARTESIAN_POINT('',(7.,46.,4.));
#6878 = LINE('',#6879,#6880);
#6879 = CARTESIAN_POINT('',(7.,46.,4.));
#6880 = VECTOR('',#6881,1.);
#6881 = DIRECTION('',(9.800537516656E-02,-0.995185885369,0.));
#6882 = ORIENTED_EDGE('',*,*,#6883,.F.);
#6883 = EDGE_CURVE('',#6636,#6876,#6884,.T.);
#6884 = LINE('',#6885,#6886);
#6885 = CARTESIAN_POINT('',(7.057640075684,46.585300445557,4.));
#6886 = VECTOR('',#6887,1.);
#6887 = DIRECTION('',(-9.800537516656E-02,-0.995185885369,0.));
#6888 = FACE_BOUND('',#6889,.F.);
#6889 = EDGE_LOOP('',(#6890,#6900,#6908,#6916,#6924,#6932,#6940,#6948,
    #6956,#6964,#6972,#6980,#6988,#6996,#7004,#7012));
#6890 = ORIENTED_EDGE('',*,*,#6891,.T.);
#6891 = EDGE_CURVE('',#6892,#6894,#6896,.T.);
#6892 = VERTEX_POINT('',#6893);
#6893 = CARTESIAN_POINT('',(8.845149993896,46.478401184082,4.));
#6894 = VERTEX_POINT('',#6895);
#6895 = CARTESIAN_POINT('',(8.75,46.,4.));
#6896 = LINE('',#6897,#6898);
#6897 = CARTESIAN_POINT('',(8.845149993896,46.478401184082,4.));
#6898 = VECTOR('',#6899,1.);
#6899 = DIRECTION('',(-0.195070762215,-0.980789170887,0.));
#6900 = ORIENTED_EDGE('',*,*,#6901,.T.);
#6901 = EDGE_CURVE('',#6894,#6902,#6904,.T.);
#6902 = VERTEX_POINT('',#6903);
#6903 = CARTESIAN_POINT('',(8.845149993896,45.521598815918,4.));
#6904 = LINE('',#6905,#6906);
#6905 = CARTESIAN_POINT('',(8.75,46.,4.));
#6906 = VECTOR('',#6907,1.);
#6907 = DIRECTION('',(0.195070762215,-0.980789170887,0.));
#6908 = ORIENTED_EDGE('',*,*,#6909,.T.);
#6909 = EDGE_CURVE('',#6902,#6910,#6912,.T.);
#6910 = VERTEX_POINT('',#6911);
#6911 = CARTESIAN_POINT('',(9.11612033844,45.116100311279,4.));
#6912 = LINE('',#6913,#6914);
#6913 = CARTESIAN_POINT('',(8.845149993896,45.521598815918,4.));
#6914 = VECTOR('',#6915,1.);
#6915 = DIRECTION('',(0.555605538003,-0.831446021183,0.));
#6916 = ORIENTED_EDGE('',*,*,#6917,.T.);
#6917 = EDGE_CURVE('',#6910,#6918,#6920,.T.);
#6918 = VERTEX_POINT('',#6919);
#6919 = CARTESIAN_POINT('',(9.521650314331,44.845100402832,4.));
#6920 = LINE('',#6921,#6922);
#6921 = CARTESIAN_POINT('',(9.11612033844,45.116100311279,4.));
#6922 = VECTOR('',#6923,1.);
#6923 = DIRECTION('',(0.83143793875,-0.555617632916,0.));
#6924 = ORIENTED_EDGE('',*,*,#6925,.T.);
#6925 = EDGE_CURVE('',#6918,#6926,#6928,.T.);
#6926 = VERTEX_POINT('',#6927);
#6927 = CARTESIAN_POINT('',(10.,44.75,4.));
#6928 = LINE('',#6929,#6930);
#6929 = CARTESIAN_POINT('',(9.521650314331,44.845100402832,4.));
#6930 = VECTOR('',#6931,1.);
#6931 = DIRECTION('',(0.980804603739,-0.194993151892,0.));
#6932 = ORIENTED_EDGE('',*,*,#6933,.T.);
#6933 = EDGE_CURVE('',#6926,#6934,#6936,.T.);
#6934 = VERTEX_POINT('',#6935);
#6935 = CARTESIAN_POINT('',(10.478400230408,44.845100402832,4.));
#6936 = LINE('',#6937,#6938);
#6937 = CARTESIAN_POINT('',(10.,44.75,4.));
#6938 = VECTOR('',#6939,1.);
#6939 = DIRECTION('',(0.980808543641,0.194973333357,0.));
#6940 = ORIENTED_EDGE('',*,*,#6941,.T.);
#6941 = EDGE_CURVE('',#6934,#6942,#6944,.T.);
#6942 = VERTEX_POINT('',#6943);
#6943 = CARTESIAN_POINT('',(10.883899688721,45.116100311279,4.));
#6944 = LINE('',#6945,#6946);
#6945 = CARTESIAN_POINT('',(10.478400230408,44.845100402832,4.));
#6946 = VECTOR('',#6947,1.);
#6947 = DIRECTION('',(0.831418621608,0.555646538406,0.));
#6948 = ORIENTED_EDGE('',*,*,#6949,.T.);
#6949 = EDGE_CURVE('',#6942,#6950,#6952,.T.);
#6950 = VERTEX_POINT('',#6951);
#6951 = CARTESIAN_POINT('',(11.154800415039,45.521598815918,4.));
#6952 = LINE('',#6953,#6954);
#6953 = CARTESIAN_POINT('',(10.883899688721,45.116100311279,4.));
#6954 = VECTOR('',#6955,1.);
#6955 = DIRECTION('',(0.555506844734,0.831511963506,0.));
#6956 = ORIENTED_EDGE('',*,*,#6957,.T.);
#6957 = EDGE_CURVE('',#6950,#6958,#6960,.T.);
#6958 = VERTEX_POINT('',#6959);
#6959 = CARTESIAN_POINT('',(11.25,46.,4.));
#6960 = LINE('',#6961,#6962);
#6961 = CARTESIAN_POINT('',(11.154800415039,45.521598815918,4.));
#6962 = VECTOR('',#6963,1.);
#6963 = DIRECTION('',(0.195168559151,0.980769714825,0.));
#6964 = ORIENTED_EDGE('',*,*,#6965,.T.);
#6965 = EDGE_CURVE('',#6958,#6966,#6968,.T.);
#6966 = VERTEX_POINT('',#6967);
#6967 = CARTESIAN_POINT('',(11.154800415039,46.478401184082,4.));
#6968 = LINE('',#6969,#6970);
#6969 = CARTESIAN_POINT('',(11.25,46.,4.));
#6970 = VECTOR('',#6971,1.);
#6971 = DIRECTION('',(-0.195168559151,0.980769714825,0.));
#6972 = ORIENTED_EDGE('',*,*,#6973,.T.);
#6973 = EDGE_CURVE('',#6966,#6974,#6976,.T.);
#6974 = VERTEX_POINT('',#6975);
#6975 = CARTESIAN_POINT('',(10.883899688721,46.883899688721,4.));
#6976 = LINE('',#6977,#6978);
#6977 = CARTESIAN_POINT('',(11.154800415039,46.478401184082,4.));
#6978 = VECTOR('',#6979,1.);
#6979 = DIRECTION('',(-0.555506844734,0.831511963506,0.));
#6980 = ORIENTED_EDGE('',*,*,#6981,.T.);
#6981 = EDGE_CURVE('',#6974,#6982,#6984,.T.);
#6982 = VERTEX_POINT('',#6983);
#6983 = CARTESIAN_POINT('',(10.478400230408,47.154899597168,4.));
#6984 = LINE('',#6985,#6986);
#6985 = CARTESIAN_POINT('',(10.883899688721,46.883899688721,4.));
#6986 = VECTOR('',#6987,1.);
#6987 = DIRECTION('',(-0.831418621608,0.555646538406,0.));
#6988 = ORIENTED_EDGE('',*,*,#6989,.T.);
#6989 = EDGE_CURVE('',#6982,#6990,#6992,.T.);
#6990 = VERTEX_POINT('',#6991);
#6991 = CARTESIAN_POINT('',(10.,47.25,4.));
#6992 = LINE('',#6993,#6994);
#6993 = CARTESIAN_POINT('',(10.478400230408,47.154899597168,4.));
#6994 = VECTOR('',#6995,1.);
#6995 = DIRECTION('',(-0.980808543641,0.194973333357,0.));
#6996 = ORIENTED_EDGE('',*,*,#6997,.T.);
#6997 = EDGE_CURVE('',#6990,#6998,#7000,.T.);
#6998 = VERTEX_POINT('',#6999);
#6999 = CARTESIAN_POINT('',(9.521650314331,47.154899597168,4.));
#7000 = LINE('',#7001,#7002);
#7001 = CARTESIAN_POINT('',(10.,47.25,4.));
#7002 = VECTOR('',#7003,1.);
#7003 = DIRECTION('',(-0.980804603739,-0.194993151892,0.));
#7004 = ORIENTED_EDGE('',*,*,#7005,.T.);
#7005 = EDGE_CURVE('',#6998,#7006,#7008,.T.);
#7006 = VERTEX_POINT('',#7007);
#7007 = CARTESIAN_POINT('',(9.11612033844,46.883899688721,4.));
#7008 = LINE('',#7009,#7010);
#7009 = CARTESIAN_POINT('',(9.521650314331,47.154899597168,4.));
#7010 = VECTOR('',#7011,1.);
#7011 = DIRECTION('',(-0.83143793875,-0.555617632916,0.));
#7012 = ORIENTED_EDGE('',*,*,#7013,.T.);
#7013 = EDGE_CURVE('',#7006,#6892,#7014,.T.);
#7014 = LINE('',#7015,#7016);
#7015 = CARTESIAN_POINT('',(9.11612033844,46.883899688721,4.));
#7016 = VECTOR('',#7017,1.);
#7017 = DIRECTION('',(-0.555605538003,-0.831446021183,0.));
#7018 = PLANE('',#7019);
#7019 = AXIS2_PLACEMENT_3D('',#7020,#7021,#7022);
#7020 = CARTESIAN_POINT('',(9.999997272112,46.,4.));
#7021 = DIRECTION('',(-0.,-0.,-1.));
#7022 = DIRECTION('',(-1.,0.,0.));
#7023 = ADVANCED_FACE('',(#7024),#7049,.F.);
#7024 = FACE_BOUND('',#7025,.F.);
#7025 = EDGE_LOOP('',(#7026,#7034,#7035,#7043));
#7026 = ORIENTED_EDGE('',*,*,#7027,.T.);
#7027 = EDGE_CURVE('',#7028,#6634,#7030,.T.);
#7028 = VERTEX_POINT('',#7029);
#7029 = CARTESIAN_POINT('',(7.228360176086,47.147998809814,6.));
#7030 = LINE('',#7031,#7032);
#7031 = CARTESIAN_POINT('',(7.228360176086,47.147998809814,6.));
#7032 = VECTOR('',#7033,1.);
#7033 = DIRECTION('',(0.,0.,-1.));
#7034 = ORIENTED_EDGE('',*,*,#6633,.T.);
#7035 = ORIENTED_EDGE('',*,*,#7036,.F.);
#7036 = EDGE_CURVE('',#7037,#6636,#7039,.T.);
#7037 = VERTEX_POINT('',#7038);
#7038 = CARTESIAN_POINT('',(7.057640075684,46.585300445557,6.));
#7039 = LINE('',#7040,#7041);
#7040 = CARTESIAN_POINT('',(7.057640075684,46.585300445557,6.));
#7041 = VECTOR('',#7042,1.);
#7042 = DIRECTION('',(0.,0.,-1.));
#7043 = ORIENTED_EDGE('',*,*,#7044,.F.);
#7044 = EDGE_CURVE('',#7028,#7037,#7045,.T.);
#7045 = LINE('',#7046,#7047);
#7046 = CARTESIAN_POINT('',(7.228360176086,47.147998809814,6.));
#7047 = VECTOR('',#7048,1.);
#7048 = DIRECTION('',(-0.290327374678,-0.95692738257,0.));
#7049 = PLANE('',#7050);
#7050 = AXIS2_PLACEMENT_3D('',#7051,#7052,#7053);
#7051 = CARTESIAN_POINT('',(7.143000125885,46.866649627686,5.));
#7052 = DIRECTION('',(-0.95692738257,0.290327374678,-0.));
#7053 = DIRECTION('',(-0.290327374678,-0.95692738257,0.));
#7054 = ADVANCED_FACE('',(#7055),#7073,.F.);
#7055 = FACE_BOUND('',#7056,.F.);
#7056 = EDGE_LOOP('',(#7057,#7058,#7059,#7067));
#7057 = ORIENTED_EDGE('',*,*,#7036,.T.);
#7058 = ORIENTED_EDGE('',*,*,#6883,.T.);
#7059 = ORIENTED_EDGE('',*,*,#7060,.T.);
#7060 = EDGE_CURVE('',#6876,#7061,#7063,.T.);
#7061 = VERTEX_POINT('',#7062);
#7062 = CARTESIAN_POINT('',(7.,46.,6.));
#7063 = LINE('',#7064,#7065);
#7064 = CARTESIAN_POINT('',(7.,46.,4.));
#7065 = VECTOR('',#7066,1.);
#7066 = DIRECTION('',(0.,0.,1.));
#7067 = ORIENTED_EDGE('',*,*,#7068,.F.);
#7068 = EDGE_CURVE('',#7037,#7061,#7069,.T.);
#7069 = LINE('',#7070,#7071);
#7070 = CARTESIAN_POINT('',(7.057640075684,46.585300445557,6.));
#7071 = VECTOR('',#7072,1.);
#7072 = DIRECTION('',(-9.800537516656E-02,-0.995185885369,0.));
#7073 = PLANE('',#7074);
#7074 = AXIS2_PLACEMENT_3D('',#7075,#7076,#7077);
#7075 = CARTESIAN_POINT('',(7.028820037842,46.292650222778,5.));
#7076 = DIRECTION('',(-0.995185885369,9.800537516656E-02,-0.));
#7077 = DIRECTION('',(-9.800537516656E-02,-0.995185885369,0.));
#7078 = ADVANCED_FACE('',(#7079),#7104,.F.);
#7079 = FACE_BOUND('',#7080,.F.);
#7080 = EDGE_LOOP('',(#7081,#7089,#7090,#7098));
#7081 = ORIENTED_EDGE('',*,*,#7082,.T.);
#7082 = EDGE_CURVE('',#7083,#6868,#7085,.T.);
#7083 = VERTEX_POINT('',#7084);
#7084 = CARTESIAN_POINT('',(7.057640075684,45.414699554443,6.));
#7085 = LINE('',#7086,#7087);
#7086 = CARTESIAN_POINT('',(7.057640075684,45.414699554443,6.));
#7087 = VECTOR('',#7088,1.);
#7088 = DIRECTION('',(0.,0.,-1.));
#7089 = ORIENTED_EDGE('',*,*,#6867,.T.);
#7090 = ORIENTED_EDGE('',*,*,#7091,.F.);
#7091 = EDGE_CURVE('',#7092,#6860,#7094,.T.);
#7092 = VERTEX_POINT('',#7093);
#7093 = CARTESIAN_POINT('',(7.228360176086,44.852001190186,6.));
#7094 = LINE('',#7095,#7096);
#7095 = CARTESIAN_POINT('',(7.228360176086,44.852001190186,6.));
#7096 = VECTOR('',#7097,1.);
#7097 = DIRECTION('',(0.,0.,-1.));
#7098 = ORIENTED_EDGE('',*,*,#7099,.F.);
#7099 = EDGE_CURVE('',#7083,#7092,#7100,.T.);
#7100 = LINE('',#7101,#7102);
#7101 = CARTESIAN_POINT('',(7.057640075684,45.414699554443,6.));
#7102 = VECTOR('',#7103,1.);
#7103 = DIRECTION('',(0.290327374678,-0.95692738257,0.));
#7104 = PLANE('',#7105);
#7105 = AXIS2_PLACEMENT_3D('',#7106,#7107,#7108);
#7106 = CARTESIAN_POINT('',(7.143000125885,45.133350372314,5.));
#7107 = DIRECTION('',(-0.95692738257,-0.290327374678,-0.));
#7108 = DIRECTION('',(0.290327374678,-0.95692738257,0.));
#7109 = ADVANCED_FACE('',(#7110,#7343),#7473,.F.);
#7110 = FACE_BOUND('',#7111,.F.);
#7111 = EDGE_LOOP('',(#7112,#7113,#7121,#7129,#7137,#7145,#7153,#7161,
    #7169,#7177,#7185,#7193,#7201,#7209,#7217,#7225,#7233,#7241,#7249,
    #7257,#7265,#7273,#7281,#7289,#7297,#7305,#7313,#7321,#7329,#7335,
    #7336,#7337));
#7112 = ORIENTED_EDGE('',*,*,#7099,.T.);
#7113 = ORIENTED_EDGE('',*,*,#7114,.F.);
#7114 = EDGE_CURVE('',#7115,#7092,#7117,.T.);
#7115 = VERTEX_POINT('',#7116);
#7116 = CARTESIAN_POINT('',(7.505589962006,44.333301544189,6.));
#7117 = LINE('',#7118,#7119);
#7118 = CARTESIAN_POINT('',(7.505589962006,44.333301544189,6.));
#7119 = VECTOR('',#7120,1.);
#7120 = DIRECTION('',(-0.471369029741,0.881936073534,0.));
#7121 = ORIENTED_EDGE('',*,*,#7122,.T.);
#7122 = EDGE_CURVE('',#7115,#7123,#7125,.T.);
#7123 = VERTEX_POINT('',#7124);
#7124 = CARTESIAN_POINT('',(7.878680229187,43.878700256348,6.));
#7125 = LINE('',#7126,#7127);
#7126 = CARTESIAN_POINT('',(7.505589962006,44.333301544189,6.));
#7127 = VECTOR('',#7128,1.);
#7128 = DIRECTION('',(0.63440205476,-0.773003255437,0.));
#7129 = ORIENTED_EDGE('',*,*,#7130,.T.);
#7130 = EDGE_CURVE('',#7123,#7131,#7133,.T.);
#7131 = VERTEX_POINT('',#7132);
#7132 = CARTESIAN_POINT('',(8.333290100098,43.505599975586,6.));
#7133 = LINE('',#7134,#7135);
#7134 = CARTESIAN_POINT('',(7.878680229187,43.878700256348,6.));
#7135 = VECTOR('',#7136,1.);
#7136 = DIRECTION('',(0.77300077934,-0.634405071811,0.));
#7137 = ORIENTED_EDGE('',*,*,#7138,.F.);
#7138 = EDGE_CURVE('',#7139,#7131,#7141,.T.);
#7139 = VERTEX_POINT('',#7140);
#7140 = CARTESIAN_POINT('',(8.851949691772,43.228401184082,6.));
#7141 = LINE('',#7142,#7143);
#7142 = CARTESIAN_POINT('',(8.851949691772,43.228401184082,6.));
#7143 = VECTOR('',#7144,1.);
#7144 = DIRECTION('',(-0.881942850149,0.47135635041,0.));
#7145 = ORIENTED_EDGE('',*,*,#7146,.F.);
#7146 = EDGE_CURVE('',#7147,#7139,#7149,.T.);
#7147 = VERTEX_POINT('',#7148);
#7148 = CARTESIAN_POINT('',(9.414730072021,43.057598114014,6.));
#7149 = LINE('',#7150,#7151);
#7150 = CARTESIAN_POINT('',(9.414730072021,43.057598114014,6.));
#7151 = VECTOR('',#7152,1.);
#7152 = DIRECTION('',(-0.956899939255,0.290417813252,0.));
#7153 = ORIENTED_EDGE('',*,*,#7154,.F.);
#7154 = EDGE_CURVE('',#7155,#7147,#7157,.T.);
#7155 = VERTEX_POINT('',#7156);
#7156 = CARTESIAN_POINT('',(10.,43.,6.));
#7157 = LINE('',#7158,#7159);
#7158 = CARTESIAN_POINT('',(10.,43.,6.));
#7159 = VECTOR('',#7160,1.);
#7160 = DIRECTION('',(-0.995192343955,9.793976992911E-02,0.));
#7161 = ORIENTED_EDGE('',*,*,#7162,.T.);
#7162 = EDGE_CURVE('',#7155,#7163,#7165,.T.);
#7163 = VERTEX_POINT('',#7164);
#7164 = CARTESIAN_POINT('',(10.585300445557,43.057598114014,6.));
#7165 = LINE('',#7166,#7167);
#7166 = CARTESIAN_POINT('',(10.,43.,6.));
#7167 = VECTOR('',#7168,1.);
#7168 = DIRECTION('',(0.995192841675,9.79347123269E-02,0.));
#7169 = ORIENTED_EDGE('',*,*,#7170,.F.);
#7170 = EDGE_CURVE('',#7171,#7163,#7173,.T.);
#7171 = VERTEX_POINT('',#7172);
#7172 = CARTESIAN_POINT('',(11.147999763489,43.228401184082,6.));
#7173 = LINE('',#7174,#7175);
#7174 = CARTESIAN_POINT('',(11.147999763489,43.228401184082,6.));
#7175 = VECTOR('',#7176,1.);
#7176 = DIRECTION('',(-0.956888311951,-0.290456121387,0.));
#7177 = ORIENTED_EDGE('',*,*,#7178,.F.);
#7178 = EDGE_CURVE('',#7179,#7171,#7181,.T.);
#7179 = VERTEX_POINT('',#7180);
#7180 = CARTESIAN_POINT('',(11.666700363159,43.505599975586,6.));
#7181 = LINE('',#7182,#7183);
#7182 = CARTESIAN_POINT('',(11.666700363159,43.505599975586,6.));
#7183 = VECTOR('',#7184,1.);
#7184 = DIRECTION('',(-0.881958341355,-0.471327364063,0.));
#7185 = ORIENTED_EDGE('',*,*,#7186,.F.);
#7186 = EDGE_CURVE('',#7187,#7179,#7189,.T.);
#7187 = VERTEX_POINT('',#7188);
#7188 = CARTESIAN_POINT('',(12.121299743652,43.878700256348,6.));
#7189 = LINE('',#7190,#7191);
#7190 = CARTESIAN_POINT('',(12.121299743652,43.878700256348,6.));
#7191 = VECTOR('',#7192,1.);
#7192 = DIRECTION('',(-0.772993600139,-0.63441381932,0.));
#7193 = ORIENTED_EDGE('',*,*,#7194,.F.);
#7194 = EDGE_CURVE('',#7195,#7187,#7197,.T.);
#7195 = VERTEX_POINT('',#7196);
#7196 = CARTESIAN_POINT('',(12.494400024414,44.333301544189,6.));
#7197 = LINE('',#7198,#7199);
#7198 = CARTESIAN_POINT('',(12.494400024414,44.333301544189,6.));
#7199 = VECTOR('',#7200,1.);
#7200 = DIRECTION('',(-0.634412228852,-0.772994905471,0.));
#7201 = ORIENTED_EDGE('',*,*,#7202,.T.);
#7202 = EDGE_CURVE('',#7195,#7203,#7205,.T.);
#7203 = VERTEX_POINT('',#7204);
#7204 = CARTESIAN_POINT('',(12.771599769592,44.852001190186,6.));
#7205 = LINE('',#7206,#7207);
#7206 = CARTESIAN_POINT('',(12.494400024414,44.333301544189,6.));
#7207 = VECTOR('',#7208,1.);
#7208 = DIRECTION('',(0.471329299455,0.881957307059,0.));
#7209 = ORIENTED_EDGE('',*,*,#7210,.T.);
#7210 = EDGE_CURVE('',#7203,#7211,#7213,.T.);
#7211 = VERTEX_POINT('',#7212);
#7212 = CARTESIAN_POINT('',(12.942399978638,45.414699554443,6.));
#7213 = LINE('',#7214,#7215);
#7214 = CARTESIAN_POINT('',(12.771599769592,44.852001190186,6.));
#7215 = VECTOR('',#7216,1.);
#7216 = DIRECTION('',(0.290452117308,0.956889527349,0.));
#7217 = ORIENTED_EDGE('',*,*,#7218,.F.);
#7218 = EDGE_CURVE('',#7219,#7211,#7221,.T.);
#7219 = VERTEX_POINT('',#7220);
#7220 = CARTESIAN_POINT('',(13.,46.,6.));
#7221 = LINE('',#7222,#7223);
#7222 = CARTESIAN_POINT('',(13.,46.,6.));
#7223 = VECTOR('',#7224,1.);
#7224 = DIRECTION('',(-9.79379243063E-02,-0.995192525586,0.));
#7225 = ORIENTED_EDGE('',*,*,#7226,.F.);
#7226 = EDGE_CURVE('',#7227,#7219,#7229,.T.);
#7227 = VERTEX_POINT('',#7228);
#7228 = CARTESIAN_POINT('',(12.942399978638,46.585300445557,6.));
#7229 = LINE('',#7230,#7231);
#7230 = CARTESIAN_POINT('',(12.942399978638,46.585300445557,6.));
#7231 = VECTOR('',#7232,1.);
#7232 = DIRECTION('',(9.79379243063E-02,-0.995192525586,0.));
#7233 = ORIENTED_EDGE('',*,*,#7234,.F.);
#7234 = EDGE_CURVE('',#7235,#7227,#7237,.T.);
#7235 = VERTEX_POINT('',#7236);
#7236 = CARTESIAN_POINT('',(12.771599769592,47.147998809814,6.));
#7237 = LINE('',#7238,#7239);
#7238 = CARTESIAN_POINT('',(12.771599769592,47.147998809814,6.));
#7239 = VECTOR('',#7240,1.);
#7240 = DIRECTION('',(0.290452117308,-0.956889527349,0.));
#7241 = ORIENTED_EDGE('',*,*,#7242,.F.);
#7242 = EDGE_CURVE('',#7243,#7235,#7245,.T.);
#7243 = VERTEX_POINT('',#7244);
#7244 = CARTESIAN_POINT('',(12.494400024414,47.666698455811,6.));
#7245 = LINE('',#7246,#7247);
#7246 = CARTESIAN_POINT('',(12.494400024414,47.666698455811,6.));
#7247 = VECTOR('',#7248,1.);
#7248 = DIRECTION('',(0.471329299455,-0.881957307059,0.));
#7249 = ORIENTED_EDGE('',*,*,#7250,.F.);
#7250 = EDGE_CURVE('',#7251,#7243,#7253,.T.);
#7251 = VERTEX_POINT('',#7252);
#7252 = CARTESIAN_POINT('',(12.121299743652,48.121299743652,6.));
#7253 = LINE('',#7254,#7255);
#7254 = CARTESIAN_POINT('',(12.121299743652,48.121299743652,6.));
#7255 = VECTOR('',#7256,1.);
#7256 = DIRECTION('',(0.634412228852,-0.772994905471,0.));
#7257 = ORIENTED_EDGE('',*,*,#7258,.T.);
#7258 = EDGE_CURVE('',#7251,#7259,#7261,.T.);
#7259 = VERTEX_POINT('',#7260);
#7260 = CARTESIAN_POINT('',(11.666700363159,48.494400024414,6.));
#7261 = LINE('',#7262,#7263);
#7262 = CARTESIAN_POINT('',(12.121299743652,48.121299743652,6.));
#7263 = VECTOR('',#7264,1.);
#7264 = DIRECTION('',(-0.772993600139,0.63441381932,0.));
#7265 = ORIENTED_EDGE('',*,*,#7266,.T.);
#7266 = EDGE_CURVE('',#7259,#7267,#7269,.T.);
#7267 = VERTEX_POINT('',#7268);
#7268 = CARTESIAN_POINT('',(11.147999763489,48.771598815918,6.));
#7269 = LINE('',#7270,#7271);
#7270 = CARTESIAN_POINT('',(11.666700363159,48.494400024414,6.));
#7271 = VECTOR('',#7272,1.);
#7272 = DIRECTION('',(-0.881958341355,0.471327364063,0.));
#7273 = ORIENTED_EDGE('',*,*,#7274,.F.);
#7274 = EDGE_CURVE('',#7275,#7267,#7277,.T.);
#7275 = VERTEX_POINT('',#7276);
#7276 = CARTESIAN_POINT('',(10.585300445557,48.942401885986,6.));
#7277 = LINE('',#7278,#7279);
#7278 = CARTESIAN_POINT('',(10.585300445557,48.942401885986,6.));
#7279 = VECTOR('',#7280,1.);
#7280 = DIRECTION('',(0.956888311951,-0.290456121387,0.));
#7281 = ORIENTED_EDGE('',*,*,#7282,.T.);
#7282 = EDGE_CURVE('',#7275,#7283,#7285,.T.);
#7283 = VERTEX_POINT('',#7284);
#7284 = CARTESIAN_POINT('',(10.,49.,6.));
#7285 = LINE('',#7286,#7287);
#7286 = CARTESIAN_POINT('',(10.585300445557,48.942401885986,6.));
#7287 = VECTOR('',#7288,1.);
#7288 = DIRECTION('',(-0.995192841675,9.79347123269E-02,0.));
#7289 = ORIENTED_EDGE('',*,*,#7290,.F.);
#7290 = EDGE_CURVE('',#7291,#7283,#7293,.T.);
#7291 = VERTEX_POINT('',#7292);
#7292 = CARTESIAN_POINT('',(9.414730072021,48.942401885986,6.));
#7293 = LINE('',#7294,#7295);
#7294 = CARTESIAN_POINT('',(9.414730072021,48.942401885986,6.));
#7295 = VECTOR('',#7296,1.);
#7296 = DIRECTION('',(0.995192343955,9.793976992911E-02,0.));
#7297 = ORIENTED_EDGE('',*,*,#7298,.F.);
#7298 = EDGE_CURVE('',#7299,#7291,#7301,.T.);
#7299 = VERTEX_POINT('',#7300);
#7300 = CARTESIAN_POINT('',(8.851949691772,48.771598815918,6.));
#7301 = LINE('',#7302,#7303);
#7302 = CARTESIAN_POINT('',(8.851949691772,48.771598815918,6.));
#7303 = VECTOR('',#7304,1.);
#7304 = DIRECTION('',(0.956899939255,0.290417813252,0.));
#7305 = ORIENTED_EDGE('',*,*,#7306,.F.);
#7306 = EDGE_CURVE('',#7307,#7299,#7309,.T.);
#7307 = VERTEX_POINT('',#7308);
#7308 = CARTESIAN_POINT('',(8.333290100098,48.494400024414,6.));
#7309 = LINE('',#7310,#7311);
#7310 = CARTESIAN_POINT('',(8.333290100098,48.494400024414,6.));
#7311 = VECTOR('',#7312,1.);
#7312 = DIRECTION('',(0.881942850149,0.47135635041,0.));
#7313 = ORIENTED_EDGE('',*,*,#7314,.T.);
#7314 = EDGE_CURVE('',#7307,#7315,#7317,.T.);
#7315 = VERTEX_POINT('',#7316);
#7316 = CARTESIAN_POINT('',(7.878680229187,48.121299743652,6.));
#7317 = LINE('',#7318,#7319);
#7318 = CARTESIAN_POINT('',(8.333290100098,48.494400024414,6.));
#7319 = VECTOR('',#7320,1.);
#7320 = DIRECTION('',(-0.77300077934,-0.634405071811,0.));
#7321 = ORIENTED_EDGE('',*,*,#7322,.F.);
#7322 = EDGE_CURVE('',#7323,#7315,#7325,.T.);
#7323 = VERTEX_POINT('',#7324);
#7324 = CARTESIAN_POINT('',(7.505589962006,47.666698455811,6.));
#7325 = LINE('',#7326,#7327);
#7326 = CARTESIAN_POINT('',(7.505589962006,47.666698455811,6.));
#7327 = VECTOR('',#7328,1.);
#7328 = DIRECTION('',(0.63440205476,0.773003255437,0.));
#7329 = ORIENTED_EDGE('',*,*,#7330,.T.);
#7330 = EDGE_CURVE('',#7323,#7028,#7331,.T.);
#7331 = LINE('',#7332,#7333);
#7332 = CARTESIAN_POINT('',(7.505589962006,47.666698455811,6.));
#7333 = VECTOR('',#7334,1.);
#7334 = DIRECTION('',(-0.471369029741,-0.881936073534,0.));
#7335 = ORIENTED_EDGE('',*,*,#7044,.T.);
#7336 = ORIENTED_EDGE('',*,*,#7068,.T.);
#7337 = ORIENTED_EDGE('',*,*,#7338,.T.);
#7338 = EDGE_CURVE('',#7061,#7083,#7339,.T.);
#7339 = LINE('',#7340,#7341);
#7340 = CARTESIAN_POINT('',(7.,46.,6.));
#7341 = VECTOR('',#7342,1.);
#7342 = DIRECTION('',(9.800537516656E-02,-0.995185885369,0.));
#7343 = FACE_BOUND('',#7344,.F.);
#7344 = EDGE_LOOP('',(#7345,#7355,#7363,#7371,#7379,#7387,#7395,#7403,
    #7411,#7419,#7427,#7435,#7443,#7451,#7459,#7467));
#7345 = ORIENTED_EDGE('',*,*,#7346,.T.);
#7346 = EDGE_CURVE('',#7347,#7349,#7351,.T.);
#7347 = VERTEX_POINT('',#7348);
#7348 = CARTESIAN_POINT('',(8.845149993896,45.521598815918,6.));
#7349 = VERTEX_POINT('',#7350);
#7350 = CARTESIAN_POINT('',(8.75,46.,6.));
#7351 = LINE('',#7352,#7353);
#7352 = CARTESIAN_POINT('',(8.845149993896,45.521598815918,6.));
#7353 = VECTOR('',#7354,1.);
#7354 = DIRECTION('',(-0.195070762215,0.980789170887,0.));
#7355 = ORIENTED_EDGE('',*,*,#7356,.T.);
#7356 = EDGE_CURVE('',#7349,#7357,#7359,.T.);
#7357 = VERTEX_POINT('',#7358);
#7358 = CARTESIAN_POINT('',(8.845149993896,46.478401184082,6.));
#7359 = LINE('',#7360,#7361);
#7360 = CARTESIAN_POINT('',(8.75,46.,6.));
#7361 = VECTOR('',#7362,1.);
#7362 = DIRECTION('',(0.195070762215,0.980789170887,0.));
#7363 = ORIENTED_EDGE('',*,*,#7364,.T.);
#7364 = EDGE_CURVE('',#7357,#7365,#7367,.T.);
#7365 = VERTEX_POINT('',#7366);
#7366 = CARTESIAN_POINT('',(9.11612033844,46.883899688721,6.));
#7367 = LINE('',#7368,#7369);
#7368 = CARTESIAN_POINT('',(8.845149993896,46.478401184082,6.));
#7369 = VECTOR('',#7370,1.);
#7370 = DIRECTION('',(0.555605538003,0.831446021183,0.));
#7371 = ORIENTED_EDGE('',*,*,#7372,.T.);
#7372 = EDGE_CURVE('',#7365,#7373,#7375,.T.);
#7373 = VERTEX_POINT('',#7374);
#7374 = CARTESIAN_POINT('',(9.521650314331,47.154899597168,6.));
#7375 = LINE('',#7376,#7377);
#7376 = CARTESIAN_POINT('',(9.11612033844,46.883899688721,6.));
#7377 = VECTOR('',#7378,1.);
#7378 = DIRECTION('',(0.83143793875,0.555617632916,0.));
#7379 = ORIENTED_EDGE('',*,*,#7380,.T.);
#7380 = EDGE_CURVE('',#7373,#7381,#7383,.T.);
#7381 = VERTEX_POINT('',#7382);
#7382 = CARTESIAN_POINT('',(10.,47.25,6.));
#7383 = LINE('',#7384,#7385);
#7384 = CARTESIAN_POINT('',(9.521650314331,47.154899597168,6.));
#7385 = VECTOR('',#7386,1.);
#7386 = DIRECTION('',(0.980804603739,0.194993151892,0.));
#7387 = ORIENTED_EDGE('',*,*,#7388,.T.);
#7388 = EDGE_CURVE('',#7381,#7389,#7391,.T.);
#7389 = VERTEX_POINT('',#7390);
#7390 = CARTESIAN_POINT('',(10.478400230408,47.154899597168,6.));
#7391 = LINE('',#7392,#7393);
#7392 = CARTESIAN_POINT('',(10.,47.25,6.));
#7393 = VECTOR('',#7394,1.);
#7394 = DIRECTION('',(0.980808543641,-0.194973333357,0.));
#7395 = ORIENTED_EDGE('',*,*,#7396,.T.);
#7396 = EDGE_CURVE('',#7389,#7397,#7399,.T.);
#7397 = VERTEX_POINT('',#7398);
#7398 = CARTESIAN_POINT('',(10.883899688721,46.883899688721,6.));
#7399 = LINE('',#7400,#7401);
#7400 = CARTESIAN_POINT('',(10.478400230408,47.154899597168,6.));
#7401 = VECTOR('',#7402,1.);
#7402 = DIRECTION('',(0.831418621608,-0.555646538406,0.));
#7403 = ORIENTED_EDGE('',*,*,#7404,.T.);
#7404 = EDGE_CURVE('',#7397,#7405,#7407,.T.);
#7405 = VERTEX_POINT('',#7406);
#7406 = CARTESIAN_POINT('',(11.154800415039,46.478401184082,6.));
#7407 = LINE('',#7408,#7409);
#7408 = CARTESIAN_POINT('',(10.883899688721,46.883899688721,6.));
#7409 = VECTOR('',#7410,1.);
#7410 = DIRECTION('',(0.555506844734,-0.831511963506,0.));
#7411 = ORIENTED_EDGE('',*,*,#7412,.T.);
#7412 = EDGE_CURVE('',#7405,#7413,#7415,.T.);
#7413 = VERTEX_POINT('',#7414);
#7414 = CARTESIAN_POINT('',(11.25,46.,6.));
#7415 = LINE('',#7416,#7417);
#7416 = CARTESIAN_POINT('',(11.154800415039,46.478401184082,6.));
#7417 = VECTOR('',#7418,1.);
#7418 = DIRECTION('',(0.195168559151,-0.980769714825,0.));
#7419 = ORIENTED_EDGE('',*,*,#7420,.T.);
#7420 = EDGE_CURVE('',#7413,#7421,#7423,.T.);
#7421 = VERTEX_POINT('',#7422);
#7422 = CARTESIAN_POINT('',(11.154800415039,45.521598815918,6.));
#7423 = LINE('',#7424,#7425);
#7424 = CARTESIAN_POINT('',(11.25,46.,6.));
#7425 = VECTOR('',#7426,1.);
#7426 = DIRECTION('',(-0.195168559151,-0.980769714825,0.));
#7427 = ORIENTED_EDGE('',*,*,#7428,.T.);
#7428 = EDGE_CURVE('',#7421,#7429,#7431,.T.);
#7429 = VERTEX_POINT('',#7430);
#7430 = CARTESIAN_POINT('',(10.883899688721,45.116100311279,6.));
#7431 = LINE('',#7432,#7433);
#7432 = CARTESIAN_POINT('',(11.154800415039,45.521598815918,6.));
#7433 = VECTOR('',#7434,1.);
#7434 = DIRECTION('',(-0.555506844734,-0.831511963506,0.));
#7435 = ORIENTED_EDGE('',*,*,#7436,.T.);
#7436 = EDGE_CURVE('',#7429,#7437,#7439,.T.);
#7437 = VERTEX_POINT('',#7438);
#7438 = CARTESIAN_POINT('',(10.478400230408,44.845100402832,6.));
#7439 = LINE('',#7440,#7441);
#7440 = CARTESIAN_POINT('',(10.883899688721,45.116100311279,6.));
#7441 = VECTOR('',#7442,1.);
#7442 = DIRECTION('',(-0.831418621608,-0.555646538406,0.));
#7443 = ORIENTED_EDGE('',*,*,#7444,.T.);
#7444 = EDGE_CURVE('',#7437,#7445,#7447,.T.);
#7445 = VERTEX_POINT('',#7446);
#7446 = CARTESIAN_POINT('',(10.,44.75,6.));
#7447 = LINE('',#7448,#7449);
#7448 = CARTESIAN_POINT('',(10.478400230408,44.845100402832,6.));
#7449 = VECTOR('',#7450,1.);
#7450 = DIRECTION('',(-0.980808543641,-0.194973333357,0.));
#7451 = ORIENTED_EDGE('',*,*,#7452,.T.);
#7452 = EDGE_CURVE('',#7445,#7453,#7455,.T.);
#7453 = VERTEX_POINT('',#7454);
#7454 = CARTESIAN_POINT('',(9.521650314331,44.845100402832,6.));
#7455 = LINE('',#7456,#7457);
#7456 = CARTESIAN_POINT('',(10.,44.75,6.));
#7457 = VECTOR('',#7458,1.);
#7458 = DIRECTION('',(-0.980804603739,0.194993151892,0.));
#7459 = ORIENTED_EDGE('',*,*,#7460,.T.);
#7460 = EDGE_CURVE('',#7453,#7461,#7463,.T.);
#7461 = VERTEX_POINT('',#7462);
#7462 = CARTESIAN_POINT('',(9.11612033844,45.116100311279,6.));
#7463 = LINE('',#7464,#7465);
#7464 = CARTESIAN_POINT('',(9.521650314331,44.845100402832,6.));
#7465 = VECTOR('',#7466,1.);
#7466 = DIRECTION('',(-0.83143793875,0.555617632916,0.));
#7467 = ORIENTED_EDGE('',*,*,#7468,.T.);
#7468 = EDGE_CURVE('',#7461,#7347,#7469,.T.);
#7469 = LINE('',#7470,#7471);
#7470 = CARTESIAN_POINT('',(9.11612033844,45.116100311279,6.));
#7471 = VECTOR('',#7472,1.);
#7472 = DIRECTION('',(-0.555605538003,0.831446021183,0.));
#7473 = PLANE('',#7474);
#7474 = AXIS2_PLACEMENT_3D('',#7475,#7476,#7477);
#7475 = CARTESIAN_POINT('',(9.999997272112,46.,6.));
#7476 = DIRECTION('',(0.,0.,1.));
#7477 = DIRECTION('',(1.,0.,-0.));
#7478 = ADVANCED_FACE('',(#7479),#7490,.F.);
#7479 = FACE_BOUND('',#7480,.F.);
#7480 = EDGE_LOOP('',(#7481,#7482,#7483,#7489));
#7481 = ORIENTED_EDGE('',*,*,#7091,.T.);
#7482 = ORIENTED_EDGE('',*,*,#6859,.T.);
#7483 = ORIENTED_EDGE('',*,*,#7484,.T.);
#7484 = EDGE_CURVE('',#6852,#7115,#7485,.T.);
#7485 = LINE('',#7486,#7487);
#7486 = CARTESIAN_POINT('',(7.505589962006,44.333301544189,4.));
#7487 = VECTOR('',#7488,1.);
#7488 = DIRECTION('',(0.,0.,1.));
#7489 = ORIENTED_EDGE('',*,*,#7114,.T.);
#7490 = PLANE('',#7491);
#7491 = AXIS2_PLACEMENT_3D('',#7492,#7493,#7494);
#7492 = CARTESIAN_POINT('',(7.366975069046,44.592651367188,5.));
#7493 = DIRECTION('',(-0.881936073534,-0.471369029741,-0.));
#7494 = DIRECTION('',(0.471369029741,-0.881936073534,0.));
#7495 = ADVANCED_FACE('',(#7496),#7512,.F.);
#7496 = FACE_BOUND('',#7497,.F.);
#7497 = EDGE_LOOP('',(#7498,#7499,#7505,#7506));
#7498 = ORIENTED_EDGE('',*,*,#7138,.T.);
#7499 = ORIENTED_EDGE('',*,*,#7500,.T.);
#7500 = EDGE_CURVE('',#7131,#6836,#7501,.T.);
#7501 = LINE('',#7502,#7503);
#7502 = CARTESIAN_POINT('',(8.333290100098,43.505599975586,6.));
#7503 = VECTOR('',#7504,1.);
#7504 = DIRECTION('',(0.,0.,-1.));
#7505 = ORIENTED_EDGE('',*,*,#6835,.T.);
#7506 = ORIENTED_EDGE('',*,*,#7507,.T.);
#7507 = EDGE_CURVE('',#6828,#7139,#7508,.T.);
#7508 = LINE('',#7509,#7510);
#7509 = CARTESIAN_POINT('',(8.851949691772,43.228401184082,4.));
#7510 = VECTOR('',#7511,1.);
#7511 = DIRECTION('',(0.,0.,1.));
#7512 = PLANE('',#7513);
#7513 = AXIS2_PLACEMENT_3D('',#7514,#7515,#7516);
#7514 = CARTESIAN_POINT('',(8.592619895935,43.367000579834,5.));
#7515 = DIRECTION('',(-0.47135635041,-0.881942850149,-0.));
#7516 = DIRECTION('',(-0.881942850149,0.47135635041,0.));
#7517 = ADVANCED_FACE('',(#7518),#7529,.F.);
#7518 = FACE_BOUND('',#7519,.F.);
#7519 = EDGE_LOOP('',(#7520,#7521,#7522,#7523));
#7520 = ORIENTED_EDGE('',*,*,#7146,.T.);
#7521 = ORIENTED_EDGE('',*,*,#7507,.F.);
#7522 = ORIENTED_EDGE('',*,*,#6827,.T.);
#7523 = ORIENTED_EDGE('',*,*,#7524,.F.);
#7524 = EDGE_CURVE('',#7147,#6820,#7525,.T.);
#7525 = LINE('',#7526,#7527);
#7526 = CARTESIAN_POINT('',(9.414730072021,43.057598114014,6.));
#7527 = VECTOR('',#7528,1.);
#7528 = DIRECTION('',(0.,0.,-1.));
#7529 = PLANE('',#7530);
#7530 = AXIS2_PLACEMENT_3D('',#7531,#7532,#7533);
#7531 = CARTESIAN_POINT('',(9.133339881897,43.142999649048,5.));
#7532 = DIRECTION('',(-0.290417813252,-0.956899939255,-0.));
#7533 = DIRECTION('',(-0.956899939255,0.290417813252,0.));
#7534 = ADVANCED_FACE('',(#7535),#7546,.F.);
#7535 = FACE_BOUND('',#7536,.F.);
#7536 = EDGE_LOOP('',(#7537,#7538,#7539,#7540));
#7537 = ORIENTED_EDGE('',*,*,#7154,.T.);
#7538 = ORIENTED_EDGE('',*,*,#7524,.T.);
#7539 = ORIENTED_EDGE('',*,*,#6819,.T.);
#7540 = ORIENTED_EDGE('',*,*,#7541,.T.);
#7541 = EDGE_CURVE('',#6812,#7155,#7542,.T.);
#7542 = LINE('',#7543,#7544);
#7543 = CARTESIAN_POINT('',(10.,43.,4.));
#7544 = VECTOR('',#7545,1.);
#7545 = DIRECTION('',(0.,0.,1.));
#7546 = PLANE('',#7547);
#7547 = AXIS2_PLACEMENT_3D('',#7548,#7549,#7550);
#7548 = CARTESIAN_POINT('',(9.707365036011,43.028799057007,5.));
#7549 = DIRECTION('',(-9.793976992911E-02,-0.995192343955,-0.));
#7550 = DIRECTION('',(-0.995192343955,9.793976992911E-02,0.));
#7551 = ADVANCED_FACE('',(#7552),#7568,.F.);
#7552 = FACE_BOUND('',#7553,.F.);
#7553 = EDGE_LOOP('',(#7554,#7555,#7561,#7562));
#7554 = ORIENTED_EDGE('',*,*,#7274,.T.);
#7555 = ORIENTED_EDGE('',*,*,#7556,.T.);
#7556 = EDGE_CURVE('',#7267,#6700,#7557,.T.);
#7557 = LINE('',#7558,#7559);
#7558 = CARTESIAN_POINT('',(11.147999763489,48.771598815918,6.));
#7559 = VECTOR('',#7560,1.);
#7560 = DIRECTION('',(0.,0.,-1.));
#7561 = ORIENTED_EDGE('',*,*,#6699,.T.);
#7562 = ORIENTED_EDGE('',*,*,#7563,.T.);
#7563 = EDGE_CURVE('',#6692,#7275,#7564,.T.);
#7564 = LINE('',#7565,#7566);
#7565 = CARTESIAN_POINT('',(10.585300445557,48.942401885986,4.));
#7566 = VECTOR('',#7567,1.);
#7567 = DIRECTION('',(0.,0.,1.));
#7568 = PLANE('',#7569);
#7569 = AXIS2_PLACEMENT_3D('',#7570,#7571,#7572);
#7570 = CARTESIAN_POINT('',(10.866650104523,48.857000350952,5.));
#7571 = DIRECTION('',(0.290456121387,0.956888311951,0.));
#7572 = DIRECTION('',(0.956888311951,-0.290456121387,0.));
#7573 = ADVANCED_FACE('',(#7574),#7590,.F.);
#7574 = FACE_BOUND('',#7575,.F.);
#7575 = EDGE_LOOP('',(#7576,#7582,#7583,#7589));
#7576 = ORIENTED_EDGE('',*,*,#7577,.T.);
#7577 = EDGE_CURVE('',#6716,#7251,#7578,.T.);
#7578 = LINE('',#7579,#7580);
#7579 = CARTESIAN_POINT('',(12.121299743652,48.121299743652,4.));
#7580 = VECTOR('',#7581,1.);
#7581 = DIRECTION('',(0.,0.,1.));
#7582 = ORIENTED_EDGE('',*,*,#7250,.T.);
#7583 = ORIENTED_EDGE('',*,*,#7584,.F.);
#7584 = EDGE_CURVE('',#6724,#7243,#7585,.T.);
#7585 = LINE('',#7586,#7587);
#7586 = CARTESIAN_POINT('',(12.494400024414,47.666698455811,4.));
#7587 = VECTOR('',#7588,1.);
#7588 = DIRECTION('',(0.,0.,1.));
#7589 = ORIENTED_EDGE('',*,*,#6723,.T.);
#7590 = PLANE('',#7591);
#7591 = AXIS2_PLACEMENT_3D('',#7592,#7593,#7594);
#7592 = CARTESIAN_POINT('',(12.307849884033,47.893999099731,5.));
#7593 = DIRECTION('',(0.772994905471,0.634412228852,0.));
#7594 = DIRECTION('',(-0.634412228852,0.772994905471,0.));
#7595 = ADVANCED_FACE('',(#7596),#7607,.F.);
#7596 = FACE_BOUND('',#7597,.F.);
#7597 = EDGE_LOOP('',(#7598,#7599,#7600,#7606));
#7598 = ORIENTED_EDGE('',*,*,#7584,.T.);
#7599 = ORIENTED_EDGE('',*,*,#7242,.T.);
#7600 = ORIENTED_EDGE('',*,*,#7601,.F.);
#7601 = EDGE_CURVE('',#6732,#7235,#7602,.T.);
#7602 = LINE('',#7603,#7604);
#7603 = CARTESIAN_POINT('',(12.771599769592,47.147998809814,4.));
#7604 = VECTOR('',#7605,1.);
#7605 = DIRECTION('',(0.,0.,1.));
#7606 = ORIENTED_EDGE('',*,*,#6731,.T.);
#7607 = PLANE('',#7608);
#7608 = AXIS2_PLACEMENT_3D('',#7609,#7610,#7611);
#7609 = CARTESIAN_POINT('',(12.632999897003,47.407348632812,5.));
#7610 = DIRECTION('',(0.881957307059,0.471329299455,0.));
#7611 = DIRECTION('',(-0.471329299455,0.881957307059,0.));
#7612 = ADVANCED_FACE('',(#7613),#7624,.F.);
#7613 = FACE_BOUND('',#7614,.F.);
#7614 = EDGE_LOOP('',(#7615,#7616,#7617,#7623));
#7615 = ORIENTED_EDGE('',*,*,#7601,.T.);
#7616 = ORIENTED_EDGE('',*,*,#7234,.T.);
#7617 = ORIENTED_EDGE('',*,*,#7618,.T.);
#7618 = EDGE_CURVE('',#7227,#6740,#7619,.T.);
#7619 = LINE('',#7620,#7621);
#7620 = CARTESIAN_POINT('',(12.942399978638,46.585300445557,6.));
#7621 = VECTOR('',#7622,1.);
#7622 = DIRECTION('',(0.,0.,-1.));
#7623 = ORIENTED_EDGE('',*,*,#6739,.T.);
#7624 = PLANE('',#7625);
#7625 = AXIS2_PLACEMENT_3D('',#7626,#7627,#7628);
#7626 = CARTESIAN_POINT('',(12.856999874115,46.866649627686,5.));
#7627 = DIRECTION('',(0.956889527349,0.290452117308,0.));
#7628 = DIRECTION('',(-0.290452117308,0.956889527349,0.));
#7629 = ADVANCED_FACE('',(#7630),#7641,.F.);
#7630 = FACE_BOUND('',#7631,.F.);
#7631 = EDGE_LOOP('',(#7632,#7633,#7634,#7640));
#7632 = ORIENTED_EDGE('',*,*,#7618,.F.);
#7633 = ORIENTED_EDGE('',*,*,#7226,.T.);
#7634 = ORIENTED_EDGE('',*,*,#7635,.T.);
#7635 = EDGE_CURVE('',#7219,#6748,#7636,.T.);
#7636 = LINE('',#7637,#7638);
#7637 = CARTESIAN_POINT('',(13.,46.,6.));
#7638 = VECTOR('',#7639,1.);
#7639 = DIRECTION('',(0.,0.,-1.));
#7640 = ORIENTED_EDGE('',*,*,#6747,.T.);
#7641 = PLANE('',#7642);
#7642 = AXIS2_PLACEMENT_3D('',#7643,#7644,#7645);
#7643 = CARTESIAN_POINT('',(12.971199989319,46.292650222778,5.));
#7644 = DIRECTION('',(0.995192525586,9.79379243063E-02,0.));
#7645 = DIRECTION('',(-9.79379243063E-02,0.995192525586,0.));
#7646 = ADVANCED_FACE('',(#7647),#7658,.F.);
#7647 = FACE_BOUND('',#7648,.F.);
#7648 = EDGE_LOOP('',(#7649,#7650,#7651,#7657));
#7649 = ORIENTED_EDGE('',*,*,#7635,.F.);
#7650 = ORIENTED_EDGE('',*,*,#7218,.T.);
#7651 = ORIENTED_EDGE('',*,*,#7652,.T.);
#7652 = EDGE_CURVE('',#7211,#6756,#7653,.T.);
#7653 = LINE('',#7654,#7655);
#7654 = CARTESIAN_POINT('',(12.942399978638,45.414699554443,6.));
#7655 = VECTOR('',#7656,1.);
#7656 = DIRECTION('',(0.,0.,-1.));
#7657 = ORIENTED_EDGE('',*,*,#6755,.T.);
#7658 = PLANE('',#7659);
#7659 = AXIS2_PLACEMENT_3D('',#7660,#7661,#7662);
#7660 = CARTESIAN_POINT('',(12.971199989319,45.707349777222,5.));
#7661 = DIRECTION('',(0.995192525586,-9.79379243063E-02,0.));
#7662 = DIRECTION('',(9.79379243063E-02,0.995192525586,0.));
#7663 = ADVANCED_FACE('',(#7664),#7680,.F.);
#7664 = FACE_BOUND('',#7665,.F.);
#7665 = EDGE_LOOP('',(#7666,#7667,#7673,#7674));
#7666 = ORIENTED_EDGE('',*,*,#7290,.T.);
#7667 = ORIENTED_EDGE('',*,*,#7668,.T.);
#7668 = EDGE_CURVE('',#7283,#6684,#7669,.T.);
#7669 = LINE('',#7670,#7671);
#7670 = CARTESIAN_POINT('',(10.,49.,6.));
#7671 = VECTOR('',#7672,1.);
#7672 = DIRECTION('',(0.,0.,-1.));
#7673 = ORIENTED_EDGE('',*,*,#6683,.T.);
#7674 = ORIENTED_EDGE('',*,*,#7675,.T.);
#7675 = EDGE_CURVE('',#6676,#7291,#7676,.T.);
#7676 = LINE('',#7677,#7678);
#7677 = CARTESIAN_POINT('',(9.414730072021,48.942401885986,4.));
#7678 = VECTOR('',#7679,1.);
#7679 = DIRECTION('',(0.,0.,1.));
#7680 = PLANE('',#7681);
#7681 = AXIS2_PLACEMENT_3D('',#7682,#7683,#7684);
#7682 = CARTESIAN_POINT('',(9.707365036011,48.971200942993,5.));
#7683 = DIRECTION('',(-9.793976992911E-02,0.995192343955,0.));
#7684 = DIRECTION('',(0.995192343955,9.793976992911E-02,0.));
#7685 = ADVANCED_FACE('',(#7686),#7697,.F.);
#7686 = FACE_BOUND('',#7687,.F.);
#7687 = EDGE_LOOP('',(#7688,#7689,#7690,#7691));
#7688 = ORIENTED_EDGE('',*,*,#7298,.T.);
#7689 = ORIENTED_EDGE('',*,*,#7675,.F.);
#7690 = ORIENTED_EDGE('',*,*,#6675,.T.);
#7691 = ORIENTED_EDGE('',*,*,#7692,.F.);
#7692 = EDGE_CURVE('',#7299,#6668,#7693,.T.);
#7693 = LINE('',#7694,#7695);
#7694 = CARTESIAN_POINT('',(8.851949691772,48.771598815918,6.));
#7695 = VECTOR('',#7696,1.);
#7696 = DIRECTION('',(0.,0.,-1.));
#7697 = PLANE('',#7698);
#7698 = AXIS2_PLACEMENT_3D('',#7699,#7700,#7701);
#7699 = CARTESIAN_POINT('',(9.133339881897,48.857000350952,5.));
#7700 = DIRECTION('',(-0.290417813252,0.956899939255,0.));
#7701 = DIRECTION('',(0.956899939255,0.290417813252,0.));
#7702 = ADVANCED_FACE('',(#7703),#7714,.F.);
#7703 = FACE_BOUND('',#7704,.F.);
#7704 = EDGE_LOOP('',(#7705,#7706,#7707,#7708));
#7705 = ORIENTED_EDGE('',*,*,#7306,.T.);
#7706 = ORIENTED_EDGE('',*,*,#7692,.T.);
#7707 = ORIENTED_EDGE('',*,*,#6667,.T.);
#7708 = ORIENTED_EDGE('',*,*,#7709,.T.);
#7709 = EDGE_CURVE('',#6660,#7307,#7710,.T.);
#7710 = LINE('',#7711,#7712);
#7711 = CARTESIAN_POINT('',(8.333290100098,48.494400024414,4.));
#7712 = VECTOR('',#7713,1.);
#7713 = DIRECTION('',(0.,0.,1.));
#7714 = PLANE('',#7715);
#7715 = AXIS2_PLACEMENT_3D('',#7716,#7717,#7718);
#7716 = CARTESIAN_POINT('',(8.592619895935,48.632999420166,5.));
#7717 = DIRECTION('',(-0.47135635041,0.881942850149,0.));
#7718 = DIRECTION('',(0.881942850149,0.47135635041,0.));
#7719 = ADVANCED_FACE('',(#7720),#7736,.F.);
#7720 = FACE_BOUND('',#7721,.F.);
#7721 = EDGE_LOOP('',(#7722,#7728,#7729,#7735));
#7722 = ORIENTED_EDGE('',*,*,#7723,.T.);
#7723 = EDGE_CURVE('',#7315,#6652,#7724,.T.);
#7724 = LINE('',#7725,#7726);
#7725 = CARTESIAN_POINT('',(7.878680229187,48.121299743652,6.));
#7726 = VECTOR('',#7727,1.);
#7727 = DIRECTION('',(0.,0.,-1.));
#7728 = ORIENTED_EDGE('',*,*,#6651,.T.);
#7729 = ORIENTED_EDGE('',*,*,#7730,.T.);
#7730 = EDGE_CURVE('',#6644,#7323,#7731,.T.);
#7731 = LINE('',#7732,#7733);
#7732 = CARTESIAN_POINT('',(7.505589962006,47.666698455811,4.));
#7733 = VECTOR('',#7734,1.);
#7734 = DIRECTION('',(0.,0.,1.));
#7735 = ORIENTED_EDGE('',*,*,#7322,.T.);
#7736 = PLANE('',#7737);
#7737 = AXIS2_PLACEMENT_3D('',#7738,#7739,#7740);
#7738 = CARTESIAN_POINT('',(7.692135095596,47.893999099731,5.));
#7739 = DIRECTION('',(-0.773003255437,0.63440205476,-0.));
#7740 = DIRECTION('',(-0.63440205476,-0.773003255437,0.));
#7741 = ADVANCED_FACE('',(#7742),#7758,.F.);
#7742 = FACE_BOUND('',#7743,.F.);
#7743 = EDGE_LOOP('',(#7744,#7745,#7751,#7752));
#7744 = ORIENTED_EDGE('',*,*,#7170,.T.);
#7745 = ORIENTED_EDGE('',*,*,#7746,.T.);
#7746 = EDGE_CURVE('',#7163,#6804,#7747,.T.);
#7747 = LINE('',#7748,#7749);
#7748 = CARTESIAN_POINT('',(10.585300445557,43.057598114014,6.));
#7749 = VECTOR('',#7750,1.);
#7750 = DIRECTION('',(0.,0.,-1.));
#7751 = ORIENTED_EDGE('',*,*,#6803,.T.);
#7752 = ORIENTED_EDGE('',*,*,#7753,.T.);
#7753 = EDGE_CURVE('',#6796,#7171,#7754,.T.);
#7754 = LINE('',#7755,#7756);
#7755 = CARTESIAN_POINT('',(11.147999763489,43.228401184082,4.));
#7756 = VECTOR('',#7757,1.);
#7757 = DIRECTION('',(0.,0.,1.));
#7758 = PLANE('',#7759);
#7759 = AXIS2_PLACEMENT_3D('',#7760,#7761,#7762);
#7760 = CARTESIAN_POINT('',(10.866650104523,43.142999649048,5.));
#7761 = DIRECTION('',(0.290456121387,-0.956888311951,-0.));
#7762 = DIRECTION('',(-0.956888311951,-0.290456121387,0.));
#7763 = ADVANCED_FACE('',(#7764),#7775,.F.);
#7764 = FACE_BOUND('',#7765,.F.);
#7765 = EDGE_LOOP('',(#7766,#7767,#7768,#7769));
#7766 = ORIENTED_EDGE('',*,*,#7178,.T.);
#7767 = ORIENTED_EDGE('',*,*,#7753,.F.);
#7768 = ORIENTED_EDGE('',*,*,#6795,.T.);
#7769 = ORIENTED_EDGE('',*,*,#7770,.T.);
#7770 = EDGE_CURVE('',#6788,#7179,#7771,.T.);
#7771 = LINE('',#7772,#7773);
#7772 = CARTESIAN_POINT('',(11.666700363159,43.505599975586,4.));
#7773 = VECTOR('',#7774,1.);
#7774 = DIRECTION('',(0.,0.,1.));
#7775 = PLANE('',#7776);
#7776 = AXIS2_PLACEMENT_3D('',#7777,#7778,#7779);
#7777 = CARTESIAN_POINT('',(11.407350063324,43.367000579834,5.));
#7778 = DIRECTION('',(0.471327364063,-0.881958341355,-0.));
#7779 = DIRECTION('',(-0.881958341355,-0.471327364063,0.));
#7780 = ADVANCED_FACE('',(#7781),#7792,.F.);
#7781 = FACE_BOUND('',#7782,.F.);
#7782 = EDGE_LOOP('',(#7783,#7784,#7785,#7786));
#7783 = ORIENTED_EDGE('',*,*,#7186,.T.);
#7784 = ORIENTED_EDGE('',*,*,#7770,.F.);
#7785 = ORIENTED_EDGE('',*,*,#6787,.T.);
#7786 = ORIENTED_EDGE('',*,*,#7787,.F.);
#7787 = EDGE_CURVE('',#7187,#6780,#7788,.T.);
#7788 = LINE('',#7789,#7790);
#7789 = CARTESIAN_POINT('',(12.121299743652,43.878700256348,6.));
#7790 = VECTOR('',#7791,1.);
#7791 = DIRECTION('',(0.,0.,-1.));
#7792 = PLANE('',#7793);
#7793 = AXIS2_PLACEMENT_3D('',#7794,#7795,#7796);
#7794 = CARTESIAN_POINT('',(11.894000053406,43.692150115967,5.));
#7795 = DIRECTION('',(0.63441381932,-0.772993600139,-0.));
#7796 = DIRECTION('',(-0.772993600139,-0.63441381932,0.));
#7797 = ADVANCED_FACE('',(#7798),#7809,.F.);
#7798 = FACE_BOUND('',#7799,.F.);
#7799 = EDGE_LOOP('',(#7800,#7806,#7807,#7808));
#7800 = ORIENTED_EDGE('',*,*,#7801,.T.);
#7801 = EDGE_CURVE('',#6772,#7195,#7802,.T.);
#7802 = LINE('',#7803,#7804);
#7803 = CARTESIAN_POINT('',(12.494400024414,44.333301544189,4.));
#7804 = VECTOR('',#7805,1.);
#7805 = DIRECTION('',(0.,0.,1.));
#7806 = ORIENTED_EDGE('',*,*,#7194,.T.);
#7807 = ORIENTED_EDGE('',*,*,#7787,.T.);
#7808 = ORIENTED_EDGE('',*,*,#6779,.T.);
#7809 = PLANE('',#7810);
#7810 = AXIS2_PLACEMENT_3D('',#7811,#7812,#7813);
#7811 = CARTESIAN_POINT('',(12.307849884033,44.106000900269,5.));
#7812 = DIRECTION('',(0.772994905471,-0.634412228852,0.));
#7813 = DIRECTION('',(0.634412228852,0.772994905471,0.));
#7814 = ADVANCED_FACE('',(#7815),#7826,.F.);
#7815 = FACE_BOUND('',#7816,.F.);
#7816 = EDGE_LOOP('',(#7817,#7818,#7819,#7825));
#7817 = ORIENTED_EDGE('',*,*,#7652,.F.);
#7818 = ORIENTED_EDGE('',*,*,#7210,.F.);
#7819 = ORIENTED_EDGE('',*,*,#7820,.T.);
#7820 = EDGE_CURVE('',#7203,#6764,#7821,.T.);
#7821 = LINE('',#7822,#7823);
#7822 = CARTESIAN_POINT('',(12.771599769592,44.852001190186,6.));
#7823 = VECTOR('',#7824,1.);
#7824 = DIRECTION('',(0.,0.,-1.));
#7825 = ORIENTED_EDGE('',*,*,#6763,.T.);
#7826 = PLANE('',#7827);
#7827 = AXIS2_PLACEMENT_3D('',#7828,#7829,#7830);
#7828 = CARTESIAN_POINT('',(12.856999874115,45.133350372314,5.));
#7829 = DIRECTION('',(0.956889527349,-0.290452117308,0.));
#7830 = DIRECTION('',(0.290452117308,0.956889527349,0.));
#7831 = ADVANCED_FACE('',(#7832),#7838,.F.);
#7832 = FACE_BOUND('',#7833,.F.);
#7833 = EDGE_LOOP('',(#7834,#7835,#7836,#7837));
#7834 = ORIENTED_EDGE('',*,*,#7820,.F.);
#7835 = ORIENTED_EDGE('',*,*,#7202,.F.);
#7836 = ORIENTED_EDGE('',*,*,#7801,.F.);
#7837 = ORIENTED_EDGE('',*,*,#6771,.T.);
#7838 = PLANE('',#7839);
#7839 = AXIS2_PLACEMENT_3D('',#7840,#7841,#7842);
#7840 = CARTESIAN_POINT('',(12.632999897003,44.592651367188,5.));
#7841 = DIRECTION('',(0.881957307059,-0.471329299455,0.));
#7842 = DIRECTION('',(0.471329299455,0.881957307059,0.));
#7843 = ADVANCED_FACE('',(#7844),#7850,.F.);
#7844 = FACE_BOUND('',#7845,.F.);
#7845 = EDGE_LOOP('',(#7846,#7847,#7848,#7849));
#7846 = ORIENTED_EDGE('',*,*,#7282,.F.);
#7847 = ORIENTED_EDGE('',*,*,#7563,.F.);
#7848 = ORIENTED_EDGE('',*,*,#6691,.T.);
#7849 = ORIENTED_EDGE('',*,*,#7668,.F.);
#7850 = PLANE('',#7851);
#7851 = AXIS2_PLACEMENT_3D('',#7852,#7853,#7854);
#7852 = CARTESIAN_POINT('',(10.292650222778,48.971200942993,5.));
#7853 = DIRECTION('',(9.79347123269E-02,0.995192841675,0.));
#7854 = DIRECTION('',(0.995192841675,-9.79347123269E-02,0.));
#7855 = ADVANCED_FACE('',(#7856),#7862,.F.);
#7856 = FACE_BOUND('',#7857,.F.);
#7857 = EDGE_LOOP('',(#7858,#7859,#7860,#7861));
#7858 = ORIENTED_EDGE('',*,*,#7314,.F.);
#7859 = ORIENTED_EDGE('',*,*,#7709,.F.);
#7860 = ORIENTED_EDGE('',*,*,#6659,.T.);
#7861 = ORIENTED_EDGE('',*,*,#7723,.F.);
#7862 = PLANE('',#7863);
#7863 = AXIS2_PLACEMENT_3D('',#7864,#7865,#7866);
#7864 = CARTESIAN_POINT('',(8.105985164642,48.307849884033,5.));
#7865 = DIRECTION('',(-0.634405071811,0.77300077934,0.));
#7866 = DIRECTION('',(0.77300077934,0.634405071811,0.));
#7867 = ADVANCED_FACE('',(#7868),#7879,.F.);
#7868 = FACE_BOUND('',#7869,.F.);
#7869 = EDGE_LOOP('',(#7870,#7871,#7872,#7873));
#7870 = ORIENTED_EDGE('',*,*,#7258,.F.);
#7871 = ORIENTED_EDGE('',*,*,#7577,.F.);
#7872 = ORIENTED_EDGE('',*,*,#6715,.T.);
#7873 = ORIENTED_EDGE('',*,*,#7874,.T.);
#7874 = EDGE_CURVE('',#6708,#7259,#7875,.T.);
#7875 = LINE('',#7876,#7877);
#7876 = CARTESIAN_POINT('',(11.666700363159,48.494400024414,4.));
#7877 = VECTOR('',#7878,1.);
#7878 = DIRECTION('',(0.,0.,1.));
#7879 = PLANE('',#7880);
#7880 = AXIS2_PLACEMENT_3D('',#7881,#7882,#7883);
#7881 = CARTESIAN_POINT('',(11.894000053406,48.307849884033,5.));
#7882 = DIRECTION('',(0.63441381932,0.772993600139,0.));
#7883 = DIRECTION('',(0.772993600139,-0.63441381932,0.));
#7884 = ADVANCED_FACE('',(#7885),#7891,.F.);
#7885 = FACE_BOUND('',#7886,.F.);
#7886 = EDGE_LOOP('',(#7887,#7888,#7889,#7890));
#7887 = ORIENTED_EDGE('',*,*,#7162,.F.);
#7888 = ORIENTED_EDGE('',*,*,#7541,.F.);
#7889 = ORIENTED_EDGE('',*,*,#6811,.T.);
#7890 = ORIENTED_EDGE('',*,*,#7746,.F.);
#7891 = PLANE('',#7892);
#7892 = AXIS2_PLACEMENT_3D('',#7893,#7894,#7895);
#7893 = CARTESIAN_POINT('',(10.292650222778,43.028799057007,5.));
#7894 = DIRECTION('',(9.79347123269E-02,-0.995192841675,-0.));
#7895 = DIRECTION('',(-0.995192841675,-9.79347123269E-02,0.));
#7896 = ADVANCED_FACE('',(#7897),#7903,.F.);
#7897 = FACE_BOUND('',#7898,.F.);
#7898 = EDGE_LOOP('',(#7899,#7900,#7901,#7902));
#7899 = ORIENTED_EDGE('',*,*,#7266,.F.);
#7900 = ORIENTED_EDGE('',*,*,#7874,.F.);
#7901 = ORIENTED_EDGE('',*,*,#6707,.T.);
#7902 = ORIENTED_EDGE('',*,*,#7556,.F.);
#7903 = PLANE('',#7904);
#7904 = AXIS2_PLACEMENT_3D('',#7905,#7906,#7907);
#7905 = CARTESIAN_POINT('',(11.407350063324,48.632999420166,5.));
#7906 = DIRECTION('',(0.471327364063,0.881958341355,0.));
#7907 = DIRECTION('',(0.881958341355,-0.471327364063,0.));
#7908 = ADVANCED_FACE('',(#7909),#7920,.F.);
#7909 = FACE_BOUND('',#7910,.F.);
#7910 = EDGE_LOOP('',(#7911,#7912,#7913,#7919));
#7911 = ORIENTED_EDGE('',*,*,#7484,.F.);
#7912 = ORIENTED_EDGE('',*,*,#6851,.T.);
#7913 = ORIENTED_EDGE('',*,*,#7914,.T.);
#7914 = EDGE_CURVE('',#6844,#7123,#7915,.T.);
#7915 = LINE('',#7916,#7917);
#7916 = CARTESIAN_POINT('',(7.878680229187,43.878700256348,4.));
#7917 = VECTOR('',#7918,1.);
#7918 = DIRECTION('',(0.,0.,1.));
#7919 = ORIENTED_EDGE('',*,*,#7122,.F.);
#7920 = PLANE('',#7921);
#7921 = AXIS2_PLACEMENT_3D('',#7922,#7923,#7924);
#7922 = CARTESIAN_POINT('',(7.692135095596,44.106000900269,5.));
#7923 = DIRECTION('',(-0.773003255437,-0.63440205476,-0.));
#7924 = DIRECTION('',(0.63440205476,-0.773003255437,0.));
#7925 = ADVANCED_FACE('',(#7926),#7932,.F.);
#7926 = FACE_BOUND('',#7927,.F.);
#7927 = EDGE_LOOP('',(#7928,#7929,#7930,#7931));
#7928 = ORIENTED_EDGE('',*,*,#7130,.F.);
#7929 = ORIENTED_EDGE('',*,*,#7914,.F.);
#7930 = ORIENTED_EDGE('',*,*,#6843,.T.);
#7931 = ORIENTED_EDGE('',*,*,#7500,.F.);
#7932 = PLANE('',#7933);
#7933 = AXIS2_PLACEMENT_3D('',#7934,#7935,#7936);
#7934 = CARTESIAN_POINT('',(8.105985164642,43.692150115967,5.));
#7935 = DIRECTION('',(-0.634405071811,-0.77300077934,-0.));
#7936 = DIRECTION('',(-0.77300077934,0.634405071811,0.));
#7937 = ADVANCED_FACE('',(#7938),#7944,.F.);
#7938 = FACE_BOUND('',#7939,.F.);
#7939 = EDGE_LOOP('',(#7940,#7941,#7942,#7943));
#7940 = ORIENTED_EDGE('',*,*,#7730,.F.);
#7941 = ORIENTED_EDGE('',*,*,#6643,.T.);
#7942 = ORIENTED_EDGE('',*,*,#7027,.F.);
#7943 = ORIENTED_EDGE('',*,*,#7330,.F.);
#7944 = PLANE('',#7945);
#7945 = AXIS2_PLACEMENT_3D('',#7946,#7947,#7948);
#7946 = CARTESIAN_POINT('',(7.366975069046,47.407348632812,5.));
#7947 = DIRECTION('',(-0.881936073534,0.471369029741,-0.));
#7948 = DIRECTION('',(-0.471369029741,-0.881936073534,0.));
#7949 = ADVANCED_FACE('',(#7950),#7956,.F.);
#7950 = FACE_BOUND('',#7951,.F.);
#7951 = EDGE_LOOP('',(#7952,#7953,#7954,#7955));
#7952 = ORIENTED_EDGE('',*,*,#7060,.F.);
#7953 = ORIENTED_EDGE('',*,*,#6875,.T.);
#7954 = ORIENTED_EDGE('',*,*,#7082,.F.);
#7955 = ORIENTED_EDGE('',*,*,#7338,.F.);
#7956 = PLANE('',#7957);
#7957 = AXIS2_PLACEMENT_3D('',#7958,#7959,#7960);
#7958 = CARTESIAN_POINT('',(7.028820037842,45.707349777222,5.));
#7959 = DIRECTION('',(-0.995185885369,-9.800537516656E-02,-0.));
#7960 = DIRECTION('',(9.800537516656E-02,-0.995185885369,0.));
#7961 = ADVANCED_FACE('',(#7962),#7978,.F.);
#7962 = FACE_BOUND('',#7963,.F.);
#7963 = EDGE_LOOP('',(#7964,#7970,#7971,#7977));
#7964 = ORIENTED_EDGE('',*,*,#7965,.T.);
#7965 = EDGE_CURVE('',#7397,#6974,#7966,.T.);
#7966 = LINE('',#7967,#7968);
#7967 = CARTESIAN_POINT('',(10.883899688721,46.883899688721,6.));
#7968 = VECTOR('',#7969,1.);
#7969 = DIRECTION('',(0.,0.,-1.));
#7970 = ORIENTED_EDGE('',*,*,#6973,.F.);
#7971 = ORIENTED_EDGE('',*,*,#7972,.T.);
#7972 = EDGE_CURVE('',#6966,#7405,#7973,.T.);
#7973 = LINE('',#7974,#7975);
#7974 = CARTESIAN_POINT('',(11.154800415039,46.478401184082,4.));
#7975 = VECTOR('',#7976,1.);
#7976 = DIRECTION('',(0.,0.,1.));
#7977 = ORIENTED_EDGE('',*,*,#7404,.F.);
#7978 = PLANE('',#7979);
#7979 = AXIS2_PLACEMENT_3D('',#7980,#7981,#7982);
#7980 = CARTESIAN_POINT('',(11.01935005188,46.681150436401,5.));
#7981 = DIRECTION('',(-0.831511963506,-0.555506844734,-0.));
#7982 = DIRECTION('',(0.555506844734,-0.831511963506,0.));
#7983 = ADVANCED_FACE('',(#7984),#7995,.F.);
#7984 = FACE_BOUND('',#7985,.F.);
#7985 = EDGE_LOOP('',(#7986,#7987,#7988,#7994));
#7986 = ORIENTED_EDGE('',*,*,#7972,.F.);
#7987 = ORIENTED_EDGE('',*,*,#6965,.F.);
#7988 = ORIENTED_EDGE('',*,*,#7989,.T.);
#7989 = EDGE_CURVE('',#6958,#7413,#7990,.T.);
#7990 = LINE('',#7991,#7992);
#7991 = CARTESIAN_POINT('',(11.25,46.,4.));
#7992 = VECTOR('',#7993,1.);
#7993 = DIRECTION('',(0.,0.,1.));
#7994 = ORIENTED_EDGE('',*,*,#7412,.F.);
#7995 = PLANE('',#7996);
#7996 = AXIS2_PLACEMENT_3D('',#7997,#7998,#7999);
#7997 = CARTESIAN_POINT('',(11.20240020752,46.239200592041,5.));
#7998 = DIRECTION('',(-0.980769714825,-0.195168559151,-0.));
#7999 = DIRECTION('',(0.195168559151,-0.980769714825,0.));
#8000 = ADVANCED_FACE('',(#8001),#8012,.F.);
#8001 = FACE_BOUND('',#8002,.F.);
#8002 = EDGE_LOOP('',(#8003,#8004,#8010,#8011));
#8003 = ORIENTED_EDGE('',*,*,#7396,.F.);
#8004 = ORIENTED_EDGE('',*,*,#8005,.T.);
#8005 = EDGE_CURVE('',#7389,#6982,#8006,.T.);
#8006 = LINE('',#8007,#8008);
#8007 = CARTESIAN_POINT('',(10.478400230408,47.154899597168,6.));
#8008 = VECTOR('',#8009,1.);
#8009 = DIRECTION('',(0.,0.,-1.));
#8010 = ORIENTED_EDGE('',*,*,#6981,.F.);
#8011 = ORIENTED_EDGE('',*,*,#7965,.F.);
#8012 = PLANE('',#8013);
#8013 = AXIS2_PLACEMENT_3D('',#8014,#8015,#8016);
#8014 = CARTESIAN_POINT('',(10.681149959564,47.019399642944,5.));
#8015 = DIRECTION('',(-0.555646538406,-0.831418621608,-0.));
#8016 = DIRECTION('',(-0.831418621608,0.555646538406,0.));
#8017 = ADVANCED_FACE('',(#8018),#8034,.F.);
#8018 = FACE_BOUND('',#8019,.F.);
#8019 = EDGE_LOOP('',(#8020,#8026,#8027,#8033));
#8020 = ORIENTED_EDGE('',*,*,#8021,.T.);
#8021 = EDGE_CURVE('',#7421,#6950,#8022,.T.);
#8022 = LINE('',#8023,#8024);
#8023 = CARTESIAN_POINT('',(11.154800415039,45.521598815918,6.));
#8024 = VECTOR('',#8025,1.);
#8025 = DIRECTION('',(0.,0.,-1.));
#8026 = ORIENTED_EDGE('',*,*,#6949,.F.);
#8027 = ORIENTED_EDGE('',*,*,#8028,.T.);
#8028 = EDGE_CURVE('',#6942,#7429,#8029,.T.);
#8029 = LINE('',#8030,#8031);
#8030 = CARTESIAN_POINT('',(10.883899688721,45.116100311279,4.));
#8031 = VECTOR('',#8032,1.);
#8032 = DIRECTION('',(0.,0.,1.));
#8033 = ORIENTED_EDGE('',*,*,#7428,.F.);
#8034 = PLANE('',#8035);
#8035 = AXIS2_PLACEMENT_3D('',#8036,#8037,#8038);
#8036 = CARTESIAN_POINT('',(11.01935005188,45.318849563599,5.));
#8037 = DIRECTION('',(-0.831511963506,0.555506844734,-0.));
#8038 = DIRECTION('',(-0.555506844734,-0.831511963506,0.));
#8039 = ADVANCED_FACE('',(#8040),#8056,.F.);
#8040 = FACE_BOUND('',#8041,.F.);
#8041 = EDGE_LOOP('',(#8042,#8043,#8049,#8050));
#8042 = ORIENTED_EDGE('',*,*,#7380,.F.);
#8043 = ORIENTED_EDGE('',*,*,#8044,.T.);
#8044 = EDGE_CURVE('',#7373,#6998,#8045,.T.);
#8045 = LINE('',#8046,#8047);
#8046 = CARTESIAN_POINT('',(9.521650314331,47.154899597168,6.));
#8047 = VECTOR('',#8048,1.);
#8048 = DIRECTION('',(0.,0.,-1.));
#8049 = ORIENTED_EDGE('',*,*,#6997,.F.);
#8050 = ORIENTED_EDGE('',*,*,#8051,.T.);
#8051 = EDGE_CURVE('',#6990,#7381,#8052,.T.);
#8052 = LINE('',#8053,#8054);
#8053 = CARTESIAN_POINT('',(10.,47.25,4.));
#8054 = VECTOR('',#8055,1.);
#8055 = DIRECTION('',(0.,0.,1.));
#8056 = PLANE('',#8057);
#8057 = AXIS2_PLACEMENT_3D('',#8058,#8059,#8060);
#8058 = CARTESIAN_POINT('',(9.760825157166,47.202449798584,5.));
#8059 = DIRECTION('',(0.194993151892,-0.980804603739,-0.));
#8060 = DIRECTION('',(-0.980804603739,-0.194993151892,0.));
#8061 = ADVANCED_FACE('',(#8062),#8078,.F.);
#8062 = FACE_BOUND('',#8063,.F.);
#8063 = EDGE_LOOP('',(#8064,#8070,#8071,#8077));
#8064 = ORIENTED_EDGE('',*,*,#8065,.T.);
#8065 = EDGE_CURVE('',#7006,#7365,#8066,.T.);
#8066 = LINE('',#8067,#8068);
#8067 = CARTESIAN_POINT('',(9.11612033844,46.883899688721,4.));
#8068 = VECTOR('',#8069,1.);
#8069 = DIRECTION('',(0.,0.,1.));
#8070 = ORIENTED_EDGE('',*,*,#7364,.F.);
#8071 = ORIENTED_EDGE('',*,*,#8072,.T.);
#8072 = EDGE_CURVE('',#7357,#6892,#8073,.T.);
#8073 = LINE('',#8074,#8075);
#8074 = CARTESIAN_POINT('',(8.845149993896,46.478401184082,6.));
#8075 = VECTOR('',#8076,1.);
#8076 = DIRECTION('',(0.,0.,-1.));
#8077 = ORIENTED_EDGE('',*,*,#7013,.F.);
#8078 = PLANE('',#8079);
#8079 = AXIS2_PLACEMENT_3D('',#8080,#8081,#8082);
#8080 = CARTESIAN_POINT('',(8.980635166168,46.681150436401,5.));
#8081 = DIRECTION('',(0.831446021183,-0.555605538003,0.));
#8082 = DIRECTION('',(0.555605538003,0.831446021183,0.));
#8083 = ADVANCED_FACE('',(#8084),#8095,.F.);
#8084 = FACE_BOUND('',#8085,.F.);
#8085 = EDGE_LOOP('',(#8086,#8087,#8088,#8094));
#8086 = ORIENTED_EDGE('',*,*,#8072,.F.);
#8087 = ORIENTED_EDGE('',*,*,#7356,.F.);
#8088 = ORIENTED_EDGE('',*,*,#8089,.T.);
#8089 = EDGE_CURVE('',#7349,#6894,#8090,.T.);
#8090 = LINE('',#8091,#8092);
#8091 = CARTESIAN_POINT('',(8.75,46.,6.));
#8092 = VECTOR('',#8093,1.);
#8093 = DIRECTION('',(0.,0.,-1.));
#8094 = ORIENTED_EDGE('',*,*,#6891,.F.);
#8095 = PLANE('',#8096);
#8096 = AXIS2_PLACEMENT_3D('',#8097,#8098,#8099);
#8097 = CARTESIAN_POINT('',(8.797574996948,46.239200592041,5.));
#8098 = DIRECTION('',(0.980789170887,-0.195070762215,0.));
#8099 = DIRECTION('',(0.195070762215,0.980789170887,0.));
#8100 = ADVANCED_FACE('',(#8101),#8117,.F.);
#8101 = FACE_BOUND('',#8102,.F.);
#8102 = EDGE_LOOP('',(#8103,#8104,#8110,#8111));
#8103 = ORIENTED_EDGE('',*,*,#7444,.F.);
#8104 = ORIENTED_EDGE('',*,*,#8105,.T.);
#8105 = EDGE_CURVE('',#7437,#6934,#8106,.T.);
#8106 = LINE('',#8107,#8108);
#8107 = CARTESIAN_POINT('',(10.478400230408,44.845100402832,6.));
#8108 = VECTOR('',#8109,1.);
#8109 = DIRECTION('',(0.,0.,-1.));
#8110 = ORIENTED_EDGE('',*,*,#6933,.F.);
#8111 = ORIENTED_EDGE('',*,*,#8112,.T.);
#8112 = EDGE_CURVE('',#6926,#7445,#8113,.T.);
#8113 = LINE('',#8114,#8115);
#8114 = CARTESIAN_POINT('',(10.,44.75,4.));
#8115 = VECTOR('',#8116,1.);
#8116 = DIRECTION('',(0.,0.,1.));
#8117 = PLANE('',#8118);
#8118 = AXIS2_PLACEMENT_3D('',#8119,#8120,#8121);
#8119 = CARTESIAN_POINT('',(10.239200115204,44.797550201416,5.));
#8120 = DIRECTION('',(-0.194973333357,0.980808543641,0.));
#8121 = DIRECTION('',(0.980808543641,0.194973333357,0.));
#8122 = ADVANCED_FACE('',(#8123),#8134,.F.);
#8123 = FACE_BOUND('',#8124,.F.);
#8124 = EDGE_LOOP('',(#8125,#8126,#8127,#8128));
#8125 = ORIENTED_EDGE('',*,*,#7452,.F.);
#8126 = ORIENTED_EDGE('',*,*,#8112,.F.);
#8127 = ORIENTED_EDGE('',*,*,#6925,.F.);
#8128 = ORIENTED_EDGE('',*,*,#8129,.T.);
#8129 = EDGE_CURVE('',#6918,#7453,#8130,.T.);
#8130 = LINE('',#8131,#8132);
#8131 = CARTESIAN_POINT('',(9.521650314331,44.845100402832,4.));
#8132 = VECTOR('',#8133,1.);
#8133 = DIRECTION('',(0.,0.,1.));
#8134 = PLANE('',#8135);
#8135 = AXIS2_PLACEMENT_3D('',#8136,#8137,#8138);
#8136 = CARTESIAN_POINT('',(9.760825157166,44.797550201416,5.));
#8137 = DIRECTION('',(0.194993151892,0.980804603739,0.));
#8138 = DIRECTION('',(0.980804603739,-0.194993151892,0.));
#8139 = ADVANCED_FACE('',(#8140),#8151,.F.);
#8140 = FACE_BOUND('',#8141,.F.);
#8141 = EDGE_LOOP('',(#8142,#8143,#8144,#8150));
#8142 = ORIENTED_EDGE('',*,*,#8089,.F.);
#8143 = ORIENTED_EDGE('',*,*,#7346,.F.);
#8144 = ORIENTED_EDGE('',*,*,#8145,.T.);
#8145 = EDGE_CURVE('',#7347,#6902,#8146,.T.);
#8146 = LINE('',#8147,#8148);
#8147 = CARTESIAN_POINT('',(8.845149993896,45.521598815918,6.));
#8148 = VECTOR('',#8149,1.);
#8149 = DIRECTION('',(0.,0.,-1.));
#8150 = ORIENTED_EDGE('',*,*,#6901,.F.);
#8151 = PLANE('',#8152);
#8152 = AXIS2_PLACEMENT_3D('',#8153,#8154,#8155);
#8153 = CARTESIAN_POINT('',(8.797574996948,45.760799407959,5.));
#8154 = DIRECTION('',(0.980789170887,0.195070762215,0.));
#8155 = DIRECTION('',(-0.195070762215,0.980789170887,0.));
#8156 = ADVANCED_FACE('',(#8157),#8163,.F.);
#8157 = FACE_BOUND('',#8158,.F.);
#8158 = EDGE_LOOP('',(#8159,#8160,#8161,#8162));
#8159 = ORIENTED_EDGE('',*,*,#7388,.F.);
#8160 = ORIENTED_EDGE('',*,*,#8051,.F.);
#8161 = ORIENTED_EDGE('',*,*,#6989,.F.);
#8162 = ORIENTED_EDGE('',*,*,#8005,.F.);
#8163 = PLANE('',#8164);
#8164 = AXIS2_PLACEMENT_3D('',#8165,#8166,#8167);
#8165 = CARTESIAN_POINT('',(10.239200115204,47.202449798584,5.));
#8166 = DIRECTION('',(-0.194973333357,-0.980808543641,-0.));
#8167 = DIRECTION('',(-0.980808543641,0.194973333357,0.));
#8168 = ADVANCED_FACE('',(#8169),#8175,.F.);
#8169 = FACE_BOUND('',#8170,.F.);
#8170 = EDGE_LOOP('',(#8171,#8172,#8173,#8174));
#8171 = ORIENTED_EDGE('',*,*,#7989,.F.);
#8172 = ORIENTED_EDGE('',*,*,#6957,.F.);
#8173 = ORIENTED_EDGE('',*,*,#8021,.F.);
#8174 = ORIENTED_EDGE('',*,*,#7420,.F.);
#8175 = PLANE('',#8176);
#8176 = AXIS2_PLACEMENT_3D('',#8177,#8178,#8179);
#8177 = CARTESIAN_POINT('',(11.20240020752,45.760799407959,5.));
#8178 = DIRECTION('',(-0.980769714825,0.195168559151,-0.));
#8179 = DIRECTION('',(-0.195168559151,-0.980769714825,0.));
#8180 = ADVANCED_FACE('',(#8181),#8187,.F.);
#8181 = FACE_BOUND('',#8182,.F.);
#8182 = EDGE_LOOP('',(#8183,#8184,#8185,#8186));
#8183 = ORIENTED_EDGE('',*,*,#7436,.F.);
#8184 = ORIENTED_EDGE('',*,*,#8028,.F.);
#8185 = ORIENTED_EDGE('',*,*,#6941,.F.);
#8186 = ORIENTED_EDGE('',*,*,#8105,.F.);
#8187 = PLANE('',#8188);
#8188 = AXIS2_PLACEMENT_3D('',#8189,#8190,#8191);
#8189 = CARTESIAN_POINT('',(10.681149959564,44.980600357056,5.));
#8190 = DIRECTION('',(-0.555646538406,0.831418621608,0.));
#8191 = DIRECTION('',(0.831418621608,0.555646538406,0.));
#8192 = ADVANCED_FACE('',(#8193),#8204,.F.);
#8193 = FACE_BOUND('',#8194,.F.);
#8194 = EDGE_LOOP('',(#8195,#8196,#8197,#8203));
#8195 = ORIENTED_EDGE('',*,*,#8145,.F.);
#8196 = ORIENTED_EDGE('',*,*,#7468,.F.);
#8197 = ORIENTED_EDGE('',*,*,#8198,.T.);
#8198 = EDGE_CURVE('',#7461,#6910,#8199,.T.);
#8199 = LINE('',#8200,#8201);
#8200 = CARTESIAN_POINT('',(9.11612033844,45.116100311279,6.));
#8201 = VECTOR('',#8202,1.);
#8202 = DIRECTION('',(0.,0.,-1.));
#8203 = ORIENTED_EDGE('',*,*,#6909,.F.);
#8204 = PLANE('',#8205);
#8205 = AXIS2_PLACEMENT_3D('',#8206,#8207,#8208);
#8206 = CARTESIAN_POINT('',(8.980635166168,45.318849563599,5.));
#8207 = DIRECTION('',(0.831446021183,0.555605538003,0.));
#8208 = DIRECTION('',(-0.555605538003,0.831446021183,0.));
#8209 = ADVANCED_FACE('',(#8210),#8216,.F.);
#8210 = FACE_BOUND('',#8211,.F.);
#8211 = EDGE_LOOP('',(#8212,#8213,#8214,#8215));
#8212 = ORIENTED_EDGE('',*,*,#7372,.F.);
#8213 = ORIENTED_EDGE('',*,*,#8065,.F.);
#8214 = ORIENTED_EDGE('',*,*,#7005,.F.);
#8215 = ORIENTED_EDGE('',*,*,#8044,.F.);
#8216 = PLANE('',#8217);
#8217 = AXIS2_PLACEMENT_3D('',#8218,#8219,#8220);
#8218 = CARTESIAN_POINT('',(9.318885326385,47.019399642944,5.));
#8219 = DIRECTION('',(0.555617632916,-0.83143793875,-0.));
#8220 = DIRECTION('',(-0.83143793875,-0.555617632916,0.));
#8221 = ADVANCED_FACE('',(#8222),#8228,.F.);
#8222 = FACE_BOUND('',#8223,.F.);
#8223 = EDGE_LOOP('',(#8224,#8225,#8226,#8227));
#8224 = ORIENTED_EDGE('',*,*,#7460,.F.);
#8225 = ORIENTED_EDGE('',*,*,#8129,.F.);
#8226 = ORIENTED_EDGE('',*,*,#6917,.F.);
#8227 = ORIENTED_EDGE('',*,*,#8198,.F.);
#8228 = PLANE('',#8229);
#8229 = AXIS2_PLACEMENT_3D('',#8230,#8231,#8232);
#8230 = CARTESIAN_POINT('',(9.318885326385,44.980600357056,5.));
#8231 = DIRECTION('',(0.555617632916,0.83143793875,0.));
#8232 = DIRECTION('',(0.83143793875,-0.555617632916,0.));
#8233 = ORIENTED_CLOSED_SHELL('',*,#8234,.F.);
#8234 = CLOSED_SHELL('',(#8235,#8629,#8660,#8684,#8715,#9084,#9101,#9123
    ,#9140,#9157,#9179,#9201,#9218,#9235,#9252,#9269,#9291,#9308,#9325,
    #9347,#9369,#9386,#9403,#9420,#9437,#9449,#9461,#9473,#9490,#9502,
    #9514,#9531,#9543,#9555,#9567,#9589,#9606,#9623,#9645,#9667,#9689,
    #9706,#9728,#9745,#9762,#9774,#9786,#9798,#9815,#9827));
#8235 = ADVANCED_FACE('',(#8236,#8494),#8624,.F.);
#8236 = FACE_BOUND('',#8237,.F.);
#8237 = EDGE_LOOP('',(#8238,#8248,#8256,#8264,#8272,#8280,#8288,#8296,
    #8304,#8312,#8320,#8328,#8336,#8344,#8352,#8360,#8368,#8376,#8384,
    #8392,#8400,#8408,#8416,#8424,#8432,#8440,#8448,#8456,#8464,#8472,
    #8480,#8488));
#8238 = ORIENTED_EDGE('',*,*,#8239,.F.);
#8239 = EDGE_CURVE('',#8240,#8242,#8244,.T.);
#8240 = VERTEX_POINT('',#8241);
#8241 = CARTESIAN_POINT('',(39.228401184082,47.147998809814,4.));
#8242 = VERTEX_POINT('',#8243);
#8243 = CARTESIAN_POINT('',(39.057598114014,46.585300445557,4.));
#8244 = LINE('',#8245,#8246);
#8245 = CARTESIAN_POINT('',(39.228401184082,47.147998809814,4.));
#8246 = VECTOR('',#8247,1.);
#8247 = DIRECTION('',(-0.290456572129,-0.956888175132,0.));
#8248 = ORIENTED_EDGE('',*,*,#8249,.F.);
#8249 = EDGE_CURVE('',#8250,#8240,#8252,.T.);
#8250 = VERTEX_POINT('',#8251);
#8251 = CARTESIAN_POINT('',(39.505599975586,47.666698455811,4.));
#8252 = LINE('',#8253,#8254);
#8253 = CARTESIAN_POINT('',(39.505599975586,47.666698455811,4.));
#8254 = VECTOR('',#8255,1.);
#8255 = DIRECTION('',(-0.471328038129,-0.881957981127,0.));
#8256 = ORIENTED_EDGE('',*,*,#8257,.F.);
#8257 = EDGE_CURVE('',#8258,#8250,#8260,.T.);
#8258 = VERTEX_POINT('',#8259);
#8259 = CARTESIAN_POINT('',(39.878700256348,48.121299743652,4.));
#8260 = LINE('',#8261,#8262);
#8261 = CARTESIAN_POINT('',(39.878700256348,48.121299743652,4.));
#8262 = VECTOR('',#8263,1.);
#8263 = DIRECTION('',(-0.634412228852,-0.772994905471,0.));
#8264 = ORIENTED_EDGE('',*,*,#8265,.F.);
#8265 = EDGE_CURVE('',#8266,#8258,#8268,.T.);
#8266 = VERTEX_POINT('',#8267);
#8267 = CARTESIAN_POINT('',(40.333301544189,48.494400024414,4.));
#8268 = LINE('',#8269,#8270);
#8269 = CARTESIAN_POINT('',(40.333301544189,48.494400024414,4.));
#8270 = VECTOR('',#8271,1.);
#8271 = DIRECTION('',(-0.772994905471,-0.634412228852,0.));
#8272 = ORIENTED_EDGE('',*,*,#8273,.F.);
#8273 = EDGE_CURVE('',#8274,#8266,#8276,.T.);
#8274 = VERTEX_POINT('',#8275);
#8275 = CARTESIAN_POINT('',(40.852001190186,48.771598815918,4.));
#8276 = LINE('',#8277,#8278);
#8277 = CARTESIAN_POINT('',(40.852001190186,48.771598815918,4.));
#8278 = VECTOR('',#8279,1.);
#8279 = DIRECTION('',(-0.881957981127,-0.471328038129,0.));
#8280 = ORIENTED_EDGE('',*,*,#8281,.F.);
#8281 = EDGE_CURVE('',#8282,#8274,#8284,.T.);
#8282 = VERTEX_POINT('',#8283);
#8283 = CARTESIAN_POINT('',(41.414699554443,48.942401885986,4.));
#8284 = LINE('',#8285,#8286);
#8285 = CARTESIAN_POINT('',(41.414699554443,48.942401885986,4.));
#8286 = VECTOR('',#8287,1.);
#8287 = DIRECTION('',(-0.956888175132,-0.290456572129,0.));
#8288 = ORIENTED_EDGE('',*,*,#8289,.F.);
#8289 = EDGE_CURVE('',#8290,#8282,#8292,.T.);
#8290 = VERTEX_POINT('',#8291);
#8291 = CARTESIAN_POINT('',(42.,49.,4.));
#8292 = LINE('',#8293,#8294);
#8293 = CARTESIAN_POINT('',(42.,49.,4.));
#8294 = VECTOR('',#8295,1.);
#8295 = DIRECTION('',(-0.995192841675,-9.79347123269E-02,0.));
#8296 = ORIENTED_EDGE('',*,*,#8297,.F.);
#8297 = EDGE_CURVE('',#8298,#8290,#8300,.T.);
#8298 = VERTEX_POINT('',#8299);
#8299 = CARTESIAN_POINT('',(42.585300445557,48.942401885986,4.));
#8300 = LINE('',#8301,#8302);
#8301 = CARTESIAN_POINT('',(42.585300445557,48.942401885986,4.));
#8302 = VECTOR('',#8303,1.);
#8303 = DIRECTION('',(-0.995192841675,9.79347123269E-02,0.));
#8304 = ORIENTED_EDGE('',*,*,#8305,.F.);
#8305 = EDGE_CURVE('',#8306,#8298,#8308,.T.);
#8306 = VERTEX_POINT('',#8307);
#8307 = CARTESIAN_POINT('',(43.147998809814,48.771598815918,4.));
#8308 = LINE('',#8309,#8310);
#8309 = CARTESIAN_POINT('',(43.147998809814,48.771598815918,4.));
#8310 = VECTOR('',#8311,1.);
#8311 = DIRECTION('',(-0.956888175132,0.290456572129,0.));
#8312 = ORIENTED_EDGE('',*,*,#8313,.F.);
#8313 = EDGE_CURVE('',#8314,#8306,#8316,.T.);
#8314 = VERTEX_POINT('',#8315);
#8315 = CARTESIAN_POINT('',(43.666698455811,48.494400024414,4.));
#8316 = LINE('',#8317,#8318);
#8317 = CARTESIAN_POINT('',(43.666698455811,48.494400024414,4.));
#8318 = VECTOR('',#8319,1.);
#8319 = DIRECTION('',(-0.881957981127,0.471328038129,0.));
#8320 = ORIENTED_EDGE('',*,*,#8321,.F.);
#8321 = EDGE_CURVE('',#8322,#8314,#8324,.T.);
#8322 = VERTEX_POINT('',#8323);
#8323 = CARTESIAN_POINT('',(44.121299743652,48.121299743652,4.));
#8324 = LINE('',#8325,#8326);
#8325 = CARTESIAN_POINT('',(44.121299743652,48.121299743652,4.));
#8326 = VECTOR('',#8327,1.);
#8327 = DIRECTION('',(-0.772994905471,0.634412228852,0.));
#8328 = ORIENTED_EDGE('',*,*,#8329,.F.);
#8329 = EDGE_CURVE('',#8330,#8322,#8332,.T.);
#8330 = VERTEX_POINT('',#8331);
#8331 = CARTESIAN_POINT('',(44.494400024414,47.666698455811,4.));
#8332 = LINE('',#8333,#8334);
#8333 = CARTESIAN_POINT('',(44.494400024414,47.666698455811,4.));
#8334 = VECTOR('',#8335,1.);
#8335 = DIRECTION('',(-0.634412228852,0.772994905471,0.));
#8336 = ORIENTED_EDGE('',*,*,#8337,.F.);
#8337 = EDGE_CURVE('',#8338,#8330,#8340,.T.);
#8338 = VERTEX_POINT('',#8339);
#8339 = CARTESIAN_POINT('',(44.771598815918,47.147998809814,4.));
#8340 = LINE('',#8341,#8342);
#8341 = CARTESIAN_POINT('',(44.771598815918,47.147998809814,4.));
#8342 = VECTOR('',#8343,1.);
#8343 = DIRECTION('',(-0.471328038129,0.881957981127,0.));
#8344 = ORIENTED_EDGE('',*,*,#8345,.F.);
#8345 = EDGE_CURVE('',#8346,#8338,#8348,.T.);
#8346 = VERTEX_POINT('',#8347);
#8347 = CARTESIAN_POINT('',(44.942401885986,46.585300445557,4.));
#8348 = LINE('',#8349,#8350);
#8349 = CARTESIAN_POINT('',(44.942401885986,46.585300445557,4.));
#8350 = VECTOR('',#8351,1.);
#8351 = DIRECTION('',(-0.290456572129,0.956888175132,0.));
#8352 = ORIENTED_EDGE('',*,*,#8353,.F.);
#8353 = EDGE_CURVE('',#8354,#8346,#8356,.T.);
#8354 = VERTEX_POINT('',#8355);
#8355 = CARTESIAN_POINT('',(45.,46.,4.));
#8356 = LINE('',#8357,#8358);
#8357 = CARTESIAN_POINT('',(45.,46.,4.));
#8358 = VECTOR('',#8359,1.);
#8359 = DIRECTION('',(-9.79347123269E-02,0.995192841675,0.));
#8360 = ORIENTED_EDGE('',*,*,#8361,.F.);
#8361 = EDGE_CURVE('',#8362,#8354,#8364,.T.);
#8362 = VERTEX_POINT('',#8363);
#8363 = CARTESIAN_POINT('',(44.942401885986,45.414699554443,4.));
#8364 = LINE('',#8365,#8366);
#8365 = CARTESIAN_POINT('',(44.942401885986,45.414699554443,4.));
#8366 = VECTOR('',#8367,1.);
#8367 = DIRECTION('',(9.79347123269E-02,0.995192841675,0.));
#8368 = ORIENTED_EDGE('',*,*,#8369,.F.);
#8369 = EDGE_CURVE('',#8370,#8362,#8372,.T.);
#8370 = VERTEX_POINT('',#8371);
#8371 = CARTESIAN_POINT('',(44.771598815918,44.852001190186,4.));
#8372 = LINE('',#8373,#8374);
#8373 = CARTESIAN_POINT('',(44.771598815918,44.852001190186,4.));
#8374 = VECTOR('',#8375,1.);
#8375 = DIRECTION('',(0.290456572129,0.956888175132,0.));
#8376 = ORIENTED_EDGE('',*,*,#8377,.F.);
#8377 = EDGE_CURVE('',#8378,#8370,#8380,.T.);
#8378 = VERTEX_POINT('',#8379);
#8379 = CARTESIAN_POINT('',(44.494400024414,44.333301544189,4.));
#8380 = LINE('',#8381,#8382);
#8381 = CARTESIAN_POINT('',(44.494400024414,44.333301544189,4.));
#8382 = VECTOR('',#8383,1.);
#8383 = DIRECTION('',(0.471328038129,0.881957981127,0.));
#8384 = ORIENTED_EDGE('',*,*,#8385,.F.);
#8385 = EDGE_CURVE('',#8386,#8378,#8388,.T.);
#8386 = VERTEX_POINT('',#8387);
#8387 = CARTESIAN_POINT('',(44.121299743652,43.878700256348,4.));
#8388 = LINE('',#8389,#8390);
#8389 = CARTESIAN_POINT('',(44.121299743652,43.878700256348,4.));
#8390 = VECTOR('',#8391,1.);
#8391 = DIRECTION('',(0.634412228852,0.772994905471,0.));
#8392 = ORIENTED_EDGE('',*,*,#8393,.F.);
#8393 = EDGE_CURVE('',#8394,#8386,#8396,.T.);
#8394 = VERTEX_POINT('',#8395);
#8395 = CARTESIAN_POINT('',(43.666698455811,43.505599975586,4.));
#8396 = LINE('',#8397,#8398);
#8397 = CARTESIAN_POINT('',(43.666698455811,43.505599975586,4.));
#8398 = VECTOR('',#8399,1.);
#8399 = DIRECTION('',(0.772994905471,0.634412228852,0.));
#8400 = ORIENTED_EDGE('',*,*,#8401,.F.);
#8401 = EDGE_CURVE('',#8402,#8394,#8404,.T.);
#8402 = VERTEX_POINT('',#8403);
#8403 = CARTESIAN_POINT('',(43.147998809814,43.228401184082,4.));
#8404 = LINE('',#8405,#8406);
#8405 = CARTESIAN_POINT('',(43.147998809814,43.228401184082,4.));
#8406 = VECTOR('',#8407,1.);
#8407 = DIRECTION('',(0.881957981127,0.471328038129,0.));
#8408 = ORIENTED_EDGE('',*,*,#8409,.F.);
#8409 = EDGE_CURVE('',#8410,#8402,#8412,.T.);
#8410 = VERTEX_POINT('',#8411);
#8411 = CARTESIAN_POINT('',(42.585300445557,43.057598114014,4.));
#8412 = LINE('',#8413,#8414);
#8413 = CARTESIAN_POINT('',(42.585300445557,43.057598114014,4.));
#8414 = VECTOR('',#8415,1.);
#8415 = DIRECTION('',(0.956888175132,0.290456572129,0.));
#8416 = ORIENTED_EDGE('',*,*,#8417,.F.);
#8417 = EDGE_CURVE('',#8418,#8410,#8420,.T.);
#8418 = VERTEX_POINT('',#8419);
#8419 = CARTESIAN_POINT('',(42.,43.,4.));
#8420 = LINE('',#8421,#8422);
#8421 = CARTESIAN_POINT('',(42.,43.,4.));
#8422 = VECTOR('',#8423,1.);
#8423 = DIRECTION('',(0.995192841675,9.79347123269E-02,0.));
#8424 = ORIENTED_EDGE('',*,*,#8425,.F.);
#8425 = EDGE_CURVE('',#8426,#8418,#8428,.T.);
#8426 = VERTEX_POINT('',#8427);
#8427 = CARTESIAN_POINT('',(41.414699554443,43.057598114014,4.));
#8428 = LINE('',#8429,#8430);
#8429 = CARTESIAN_POINT('',(41.414699554443,43.057598114014,4.));
#8430 = VECTOR('',#8431,1.);
#8431 = DIRECTION('',(0.995192841675,-9.79347123269E-02,0.));
#8432 = ORIENTED_EDGE('',*,*,#8433,.F.);
#8433 = EDGE_CURVE('',#8434,#8426,#8436,.T.);
#8434 = VERTEX_POINT('',#8435);
#8435 = CARTESIAN_POINT('',(40.852001190186,43.228401184082,4.));
#8436 = LINE('',#8437,#8438);
#8437 = CARTESIAN_POINT('',(40.852001190186,43.228401184082,4.));
#8438 = VECTOR('',#8439,1.);
#8439 = DIRECTION('',(0.956888175132,-0.290456572129,0.));
#8440 = ORIENTED_EDGE('',*,*,#8441,.F.);
#8441 = EDGE_CURVE('',#8442,#8434,#8444,.T.);
#8442 = VERTEX_POINT('',#8443);
#8443 = CARTESIAN_POINT('',(40.333301544189,43.505599975586,4.));
#8444 = LINE('',#8445,#8446);
#8445 = CARTESIAN_POINT('',(40.333301544189,43.505599975586,4.));
#8446 = VECTOR('',#8447,1.);
#8447 = DIRECTION('',(0.881957981127,-0.471328038129,0.));
#8448 = ORIENTED_EDGE('',*,*,#8449,.F.);
#8449 = EDGE_CURVE('',#8450,#8442,#8452,.T.);
#8450 = VERTEX_POINT('',#8451);
#8451 = CARTESIAN_POINT('',(39.878700256348,43.878700256348,4.));
#8452 = LINE('',#8453,#8454);
#8453 = CARTESIAN_POINT('',(39.878700256348,43.878700256348,4.));
#8454 = VECTOR('',#8455,1.);
#8455 = DIRECTION('',(0.772994905471,-0.634412228852,0.));
#8456 = ORIENTED_EDGE('',*,*,#8457,.F.);
#8457 = EDGE_CURVE('',#8458,#8450,#8460,.T.);
#8458 = VERTEX_POINT('',#8459);
#8459 = CARTESIAN_POINT('',(39.505599975586,44.333301544189,4.));
#8460 = LINE('',#8461,#8462);
#8461 = CARTESIAN_POINT('',(39.505599975586,44.333301544189,4.));
#8462 = VECTOR('',#8463,1.);
#8463 = DIRECTION('',(0.634412228852,-0.772994905471,0.));
#8464 = ORIENTED_EDGE('',*,*,#8465,.F.);
#8465 = EDGE_CURVE('',#8466,#8458,#8468,.T.);
#8466 = VERTEX_POINT('',#8467);
#8467 = CARTESIAN_POINT('',(39.228401184082,44.852001190186,4.));
#8468 = LINE('',#8469,#8470);
#8469 = CARTESIAN_POINT('',(39.228401184082,44.852001190186,4.));
#8470 = VECTOR('',#8471,1.);
#8471 = DIRECTION('',(0.471328038129,-0.881957981127,0.));
#8472 = ORIENTED_EDGE('',*,*,#8473,.F.);
#8473 = EDGE_CURVE('',#8474,#8466,#8476,.T.);
#8474 = VERTEX_POINT('',#8475);
#8475 = CARTESIAN_POINT('',(39.057598114014,45.414699554443,4.));
#8476 = LINE('',#8477,#8478);
#8477 = CARTESIAN_POINT('',(39.057598114014,45.414699554443,4.));
#8478 = VECTOR('',#8479,1.);
#8479 = DIRECTION('',(0.290456572129,-0.956888175132,0.));
#8480 = ORIENTED_EDGE('',*,*,#8481,.F.);
#8481 = EDGE_CURVE('',#8482,#8474,#8484,.T.);
#8482 = VERTEX_POINT('',#8483);
#8483 = CARTESIAN_POINT('',(39.,46.,4.));
#8484 = LINE('',#8485,#8486);
#8485 = CARTESIAN_POINT('',(39.,46.,4.));
#8486 = VECTOR('',#8487,1.);
#8487 = DIRECTION('',(9.79347123269E-02,-0.995192841675,0.));
#8488 = ORIENTED_EDGE('',*,*,#8489,.F.);
#8489 = EDGE_CURVE('',#8242,#8482,#8490,.T.);
#8490 = LINE('',#8491,#8492);
#8491 = CARTESIAN_POINT('',(39.057598114014,46.585300445557,4.));
#8492 = VECTOR('',#8493,1.);
#8493 = DIRECTION('',(-9.79347123269E-02,-0.995192841675,0.));
#8494 = FACE_BOUND('',#8495,.F.);
#8495 = EDGE_LOOP('',(#8496,#8506,#8514,#8522,#8530,#8538,#8546,#8554,
    #8562,#8570,#8578,#8586,#8594,#8602,#8610,#8618));
#8496 = ORIENTED_EDGE('',*,*,#8497,.T.);
#8497 = EDGE_CURVE('',#8498,#8500,#8502,.T.);
#8498 = VERTEX_POINT('',#8499);
#8499 = CARTESIAN_POINT('',(40.845100402832,46.478401184082,4.));
#8500 = VERTEX_POINT('',#8501);
#8501 = CARTESIAN_POINT('',(40.75,46.,4.));
#8502 = LINE('',#8503,#8504);
#8503 = CARTESIAN_POINT('',(40.845100402832,46.478401184082,4.));
#8504 = VECTOR('',#8505,1.);
#8505 = DIRECTION('',(-0.19497295946,-0.980808617967,0.));
#8506 = ORIENTED_EDGE('',*,*,#8507,.T.);
#8507 = EDGE_CURVE('',#8500,#8508,#8510,.T.);
#8508 = VERTEX_POINT('',#8509);
#8509 = CARTESIAN_POINT('',(40.845100402832,45.521598815918,4.));
#8510 = LINE('',#8511,#8512);
#8511 = CARTESIAN_POINT('',(40.75,46.,4.));
#8512 = VECTOR('',#8513,1.);
#8513 = DIRECTION('',(0.19497295946,-0.980808617967,0.));
#8514 = ORIENTED_EDGE('',*,*,#8515,.T.);
#8515 = EDGE_CURVE('',#8508,#8516,#8518,.T.);
#8516 = VERTEX_POINT('',#8517);
#8517 = CARTESIAN_POINT('',(41.116100311279,45.116100311279,4.));
#8518 = LINE('',#8519,#8520);
#8519 = CARTESIAN_POINT('',(40.845100402832,45.521598815918,4.));
#8520 = VECTOR('',#8521,1.);
#8521 = DIRECTION('',(0.55564744174,-0.831418017899,0.));
#8522 = ORIENTED_EDGE('',*,*,#8523,.T.);
#8523 = EDGE_CURVE('',#8516,#8524,#8526,.T.);
#8524 = VERTEX_POINT('',#8525);
#8525 = CARTESIAN_POINT('',(41.521598815918,44.845100402832,4.));
#8526 = LINE('',#8527,#8528);
#8527 = CARTESIAN_POINT('',(41.116100311279,45.116100311279,4.));
#8528 = VECTOR('',#8529,1.);
#8529 = DIRECTION('',(0.831418017899,-0.55564744174,0.));
#8530 = ORIENTED_EDGE('',*,*,#8531,.T.);
#8531 = EDGE_CURVE('',#8524,#8532,#8534,.T.);
#8532 = VERTEX_POINT('',#8533);
#8533 = CARTESIAN_POINT('',(42.,44.75,4.));
#8534 = LINE('',#8535,#8536);
#8535 = CARTESIAN_POINT('',(41.521598815918,44.845100402832,4.));
#8536 = VECTOR('',#8537,1.);
#8537 = DIRECTION('',(0.980808617967,-0.19497295946,0.));
#8538 = ORIENTED_EDGE('',*,*,#8539,.T.);
#8539 = EDGE_CURVE('',#8532,#8540,#8542,.T.);
#8540 = VERTEX_POINT('',#8541);
#8541 = CARTESIAN_POINT('',(42.478401184082,44.845100402832,4.));
#8542 = LINE('',#8543,#8544);
#8543 = CARTESIAN_POINT('',(42.,44.75,4.));
#8544 = VECTOR('',#8545,1.);
#8545 = DIRECTION('',(0.980808617967,0.19497295946,0.));
#8546 = ORIENTED_EDGE('',*,*,#8547,.T.);
#8547 = EDGE_CURVE('',#8540,#8548,#8550,.T.);
#8548 = VERTEX_POINT('',#8549);
#8549 = CARTESIAN_POINT('',(42.883899688721,45.116100311279,4.));
#8550 = LINE('',#8551,#8552);
#8551 = CARTESIAN_POINT('',(42.478401184082,44.845100402832,4.));
#8552 = VECTOR('',#8553,1.);
#8553 = DIRECTION('',(0.831418017899,0.55564744174,0.));
#8554 = ORIENTED_EDGE('',*,*,#8555,.T.);
#8555 = EDGE_CURVE('',#8548,#8556,#8558,.T.);
#8556 = VERTEX_POINT('',#8557);
#8557 = CARTESIAN_POINT('',(43.154899597168,45.521598815918,4.));
#8558 = LINE('',#8559,#8560);
#8559 = CARTESIAN_POINT('',(42.883899688721,45.116100311279,4.));
#8560 = VECTOR('',#8561,1.);
#8561 = DIRECTION('',(0.55564744174,0.831418017899,0.));
#8562 = ORIENTED_EDGE('',*,*,#8563,.T.);
#8563 = EDGE_CURVE('',#8556,#8564,#8566,.T.);
#8564 = VERTEX_POINT('',#8565);
#8565 = CARTESIAN_POINT('',(43.25,46.,4.));
#8566 = LINE('',#8567,#8568);
#8567 = CARTESIAN_POINT('',(43.154899597168,45.521598815918,4.));
#8568 = VECTOR('',#8569,1.);
#8569 = DIRECTION('',(0.19497295946,0.980808617967,0.));
#8570 = ORIENTED_EDGE('',*,*,#8571,.T.);
#8571 = EDGE_CURVE('',#8564,#8572,#8574,.T.);
#8572 = VERTEX_POINT('',#8573);
#8573 = CARTESIAN_POINT('',(43.154899597168,46.478401184082,4.));
#8574 = LINE('',#8575,#8576);
#8575 = CARTESIAN_POINT('',(43.25,46.,4.));
#8576 = VECTOR('',#8577,1.);
#8577 = DIRECTION('',(-0.19497295946,0.980808617967,0.));
#8578 = ORIENTED_EDGE('',*,*,#8579,.T.);
#8579 = EDGE_CURVE('',#8572,#8580,#8582,.T.);
#8580 = VERTEX_POINT('',#8581);
#8581 = CARTESIAN_POINT('',(42.883899688721,46.883899688721,4.));
#8582 = LINE('',#8583,#8584);
#8583 = CARTESIAN_POINT('',(43.154899597168,46.478401184082,4.));
#8584 = VECTOR('',#8585,1.);
#8585 = DIRECTION('',(-0.55564744174,0.831418017899,0.));
#8586 = ORIENTED_EDGE('',*,*,#8587,.T.);
#8587 = EDGE_CURVE('',#8580,#8588,#8590,.T.);
#8588 = VERTEX_POINT('',#8589);
#8589 = CARTESIAN_POINT('',(42.478401184082,47.154899597168,4.));
#8590 = LINE('',#8591,#8592);
#8591 = CARTESIAN_POINT('',(42.883899688721,46.883899688721,4.));
#8592 = VECTOR('',#8593,1.);
#8593 = DIRECTION('',(-0.831418017899,0.55564744174,0.));
#8594 = ORIENTED_EDGE('',*,*,#8595,.T.);
#8595 = EDGE_CURVE('',#8588,#8596,#8598,.T.);
#8596 = VERTEX_POINT('',#8597);
#8597 = CARTESIAN_POINT('',(42.,47.25,4.));
#8598 = LINE('',#8599,#8600);
#8599 = CARTESIAN_POINT('',(42.478401184082,47.154899597168,4.));
#8600 = VECTOR('',#8601,1.);
#8601 = DIRECTION('',(-0.980808617967,0.19497295946,0.));
#8602 = ORIENTED_EDGE('',*,*,#8603,.T.);
#8603 = EDGE_CURVE('',#8596,#8604,#8606,.T.);
#8604 = VERTEX_POINT('',#8605);
#8605 = CARTESIAN_POINT('',(41.521598815918,47.154899597168,4.));
#8606 = LINE('',#8607,#8608);
#8607 = CARTESIAN_POINT('',(42.,47.25,4.));
#8608 = VECTOR('',#8609,1.);
#8609 = DIRECTION('',(-0.980808617967,-0.19497295946,0.));
#8610 = ORIENTED_EDGE('',*,*,#8611,.T.);
#8611 = EDGE_CURVE('',#8604,#8612,#8614,.T.);
#8612 = VERTEX_POINT('',#8613);
#8613 = CARTESIAN_POINT('',(41.116100311279,46.883899688721,4.));
#8614 = LINE('',#8615,#8616);
#8615 = CARTESIAN_POINT('',(41.521598815918,47.154899597168,4.));
#8616 = VECTOR('',#8617,1.);
#8617 = DIRECTION('',(-0.831418017899,-0.55564744174,0.));
#8618 = ORIENTED_EDGE('',*,*,#8619,.T.);
#8619 = EDGE_CURVE('',#8612,#8498,#8620,.T.);
#8620 = LINE('',#8621,#8622);
#8621 = CARTESIAN_POINT('',(41.116100311279,46.883899688721,4.));
#8622 = VECTOR('',#8623,1.);
#8623 = DIRECTION('',(-0.55564744174,-0.831418017899,0.));
#8624 = PLANE('',#8625);
#8625 = AXIS2_PLACEMENT_3D('',#8626,#8627,#8628);
#8626 = CARTESIAN_POINT('',(42.,46.,4.));
#8627 = DIRECTION('',(-0.,-0.,-1.));
#8628 = DIRECTION('',(-1.,0.,0.));
#8629 = ADVANCED_FACE('',(#8630),#8655,.F.);
#8630 = FACE_BOUND('',#8631,.F.);
#8631 = EDGE_LOOP('',(#8632,#8640,#8641,#8649));
#8632 = ORIENTED_EDGE('',*,*,#8633,.T.);
#8633 = EDGE_CURVE('',#8634,#8240,#8636,.T.);
#8634 = VERTEX_POINT('',#8635);
#8635 = CARTESIAN_POINT('',(39.228401184082,47.147998809814,6.));
#8636 = LINE('',#8637,#8638);
#8637 = CARTESIAN_POINT('',(39.228401184082,47.147998809814,6.));
#8638 = VECTOR('',#8639,1.);
#8639 = DIRECTION('',(0.,0.,-1.));
#8640 = ORIENTED_EDGE('',*,*,#8239,.T.);
#8641 = ORIENTED_EDGE('',*,*,#8642,.F.);
#8642 = EDGE_CURVE('',#8643,#8242,#8645,.T.);
#8643 = VERTEX_POINT('',#8644);
#8644 = CARTESIAN_POINT('',(39.057598114014,46.585300445557,6.));
#8645 = LINE('',#8646,#8647);
#8646 = CARTESIAN_POINT('',(39.057598114014,46.585300445557,6.));
#8647 = VECTOR('',#8648,1.);
#8648 = DIRECTION('',(0.,0.,-1.));
#8649 = ORIENTED_EDGE('',*,*,#8650,.F.);
#8650 = EDGE_CURVE('',#8634,#8643,#8651,.T.);
#8651 = LINE('',#8652,#8653);
#8652 = CARTESIAN_POINT('',(39.228401184082,47.147998809814,6.));
#8653 = VECTOR('',#8654,1.);
#8654 = DIRECTION('',(-0.290456572129,-0.956888175132,0.));
#8655 = PLANE('',#8656);
#8656 = AXIS2_PLACEMENT_3D('',#8657,#8658,#8659);
#8657 = CARTESIAN_POINT('',(39.142999649048,46.866649627686,5.));
#8658 = DIRECTION('',(-0.956888175132,0.290456572129,-0.));
#8659 = DIRECTION('',(-0.290456572129,-0.956888175132,0.));
#8660 = ADVANCED_FACE('',(#8661),#8679,.F.);
#8661 = FACE_BOUND('',#8662,.F.);
#8662 = EDGE_LOOP('',(#8663,#8664,#8665,#8673));
#8663 = ORIENTED_EDGE('',*,*,#8642,.T.);
#8664 = ORIENTED_EDGE('',*,*,#8489,.T.);
#8665 = ORIENTED_EDGE('',*,*,#8666,.T.);
#8666 = EDGE_CURVE('',#8482,#8667,#8669,.T.);
#8667 = VERTEX_POINT('',#8668);
#8668 = CARTESIAN_POINT('',(39.,46.,6.));
#8669 = LINE('',#8670,#8671);
#8670 = CARTESIAN_POINT('',(39.,46.,4.));
#8671 = VECTOR('',#8672,1.);
#8672 = DIRECTION('',(0.,0.,1.));
#8673 = ORIENTED_EDGE('',*,*,#8674,.F.);
#8674 = EDGE_CURVE('',#8643,#8667,#8675,.T.);
#8675 = LINE('',#8676,#8677);
#8676 = CARTESIAN_POINT('',(39.057598114014,46.585300445557,6.));
#8677 = VECTOR('',#8678,1.);
#8678 = DIRECTION('',(-9.79347123269E-02,-0.995192841675,0.));
#8679 = PLANE('',#8680);
#8680 = AXIS2_PLACEMENT_3D('',#8681,#8682,#8683);
#8681 = CARTESIAN_POINT('',(39.028799057007,46.292650222778,5.));
#8682 = DIRECTION('',(-0.995192841675,9.79347123269E-02,-0.));
#8683 = DIRECTION('',(-9.79347123269E-02,-0.995192841675,0.));
#8684 = ADVANCED_FACE('',(#8685),#8710,.F.);
#8685 = FACE_BOUND('',#8686,.F.);
#8686 = EDGE_LOOP('',(#8687,#8695,#8696,#8704));
#8687 = ORIENTED_EDGE('',*,*,#8688,.T.);
#8688 = EDGE_CURVE('',#8689,#8474,#8691,.T.);
#8689 = VERTEX_POINT('',#8690);
#8690 = CARTESIAN_POINT('',(39.057598114014,45.414699554443,6.));
#8691 = LINE('',#8692,#8693);
#8692 = CARTESIAN_POINT('',(39.057598114014,45.414699554443,6.));
#8693 = VECTOR('',#8694,1.);
#8694 = DIRECTION('',(0.,0.,-1.));
#8695 = ORIENTED_EDGE('',*,*,#8473,.T.);
#8696 = ORIENTED_EDGE('',*,*,#8697,.F.);
#8697 = EDGE_CURVE('',#8698,#8466,#8700,.T.);
#8698 = VERTEX_POINT('',#8699);
#8699 = CARTESIAN_POINT('',(39.228401184082,44.852001190186,6.));
#8700 = LINE('',#8701,#8702);
#8701 = CARTESIAN_POINT('',(39.228401184082,44.852001190186,6.));
#8702 = VECTOR('',#8703,1.);
#8703 = DIRECTION('',(0.,0.,-1.));
#8704 = ORIENTED_EDGE('',*,*,#8705,.F.);
#8705 = EDGE_CURVE('',#8689,#8698,#8706,.T.);
#8706 = LINE('',#8707,#8708);
#8707 = CARTESIAN_POINT('',(39.057598114014,45.414699554443,6.));
#8708 = VECTOR('',#8709,1.);
#8709 = DIRECTION('',(0.290456572129,-0.956888175132,0.));
#8710 = PLANE('',#8711);
#8711 = AXIS2_PLACEMENT_3D('',#8712,#8713,#8714);
#8712 = CARTESIAN_POINT('',(39.142999649048,45.133350372314,5.));
#8713 = DIRECTION('',(-0.956888175132,-0.290456572129,-0.));
#8714 = DIRECTION('',(0.290456572129,-0.956888175132,0.));
#8715 = ADVANCED_FACE('',(#8716,#8949),#9079,.F.);
#8716 = FACE_BOUND('',#8717,.F.);
#8717 = EDGE_LOOP('',(#8718,#8719,#8727,#8735,#8743,#8751,#8759,#8767,
    #8775,#8783,#8791,#8799,#8807,#8815,#8823,#8831,#8839,#8847,#8855,
    #8863,#8871,#8879,#8887,#8895,#8903,#8911,#8919,#8927,#8935,#8941,
    #8942,#8943));
#8718 = ORIENTED_EDGE('',*,*,#8705,.T.);
#8719 = ORIENTED_EDGE('',*,*,#8720,.F.);
#8720 = EDGE_CURVE('',#8721,#8698,#8723,.T.);
#8721 = VERTEX_POINT('',#8722);
#8722 = CARTESIAN_POINT('',(39.505599975586,44.333301544189,6.));
#8723 = LINE('',#8724,#8725);
#8724 = CARTESIAN_POINT('',(39.505599975586,44.333301544189,6.));
#8725 = VECTOR('',#8726,1.);
#8726 = DIRECTION('',(-0.471328038129,0.881957981127,0.));
#8727 = ORIENTED_EDGE('',*,*,#8728,.T.);
#8728 = EDGE_CURVE('',#8721,#8729,#8731,.T.);
#8729 = VERTEX_POINT('',#8730);
#8730 = CARTESIAN_POINT('',(39.878700256348,43.878700256348,6.));
#8731 = LINE('',#8732,#8733);
#8732 = CARTESIAN_POINT('',(39.505599975586,44.333301544189,6.));
#8733 = VECTOR('',#8734,1.);
#8734 = DIRECTION('',(0.634412228852,-0.772994905471,0.));
#8735 = ORIENTED_EDGE('',*,*,#8736,.T.);
#8736 = EDGE_CURVE('',#8729,#8737,#8739,.T.);
#8737 = VERTEX_POINT('',#8738);
#8738 = CARTESIAN_POINT('',(40.333301544189,43.505599975586,6.));
#8739 = LINE('',#8740,#8741);
#8740 = CARTESIAN_POINT('',(39.878700256348,43.878700256348,6.));
#8741 = VECTOR('',#8742,1.);
#8742 = DIRECTION('',(0.772994905471,-0.634412228852,0.));
#8743 = ORIENTED_EDGE('',*,*,#8744,.F.);
#8744 = EDGE_CURVE('',#8745,#8737,#8747,.T.);
#8745 = VERTEX_POINT('',#8746);
#8746 = CARTESIAN_POINT('',(40.852001190186,43.228401184082,6.));
#8747 = LINE('',#8748,#8749);
#8748 = CARTESIAN_POINT('',(40.852001190186,43.228401184082,6.));
#8749 = VECTOR('',#8750,1.);
#8750 = DIRECTION('',(-0.881957981127,0.471328038129,0.));
#8751 = ORIENTED_EDGE('',*,*,#8752,.F.);
#8752 = EDGE_CURVE('',#8753,#8745,#8755,.T.);
#8753 = VERTEX_POINT('',#8754);
#8754 = CARTESIAN_POINT('',(41.414699554443,43.057598114014,6.));
#8755 = LINE('',#8756,#8757);
#8756 = CARTESIAN_POINT('',(41.414699554443,43.057598114014,6.));
#8757 = VECTOR('',#8758,1.);
#8758 = DIRECTION('',(-0.956888175132,0.290456572129,0.));
#8759 = ORIENTED_EDGE('',*,*,#8760,.F.);
#8760 = EDGE_CURVE('',#8761,#8753,#8763,.T.);
#8761 = VERTEX_POINT('',#8762);
#8762 = CARTESIAN_POINT('',(42.,43.,6.));
#8763 = LINE('',#8764,#8765);
#8764 = CARTESIAN_POINT('',(42.,43.,6.));
#8765 = VECTOR('',#8766,1.);
#8766 = DIRECTION('',(-0.995192841675,9.79347123269E-02,0.));
#8767 = ORIENTED_EDGE('',*,*,#8768,.T.);
#8768 = EDGE_CURVE('',#8761,#8769,#8771,.T.);
#8769 = VERTEX_POINT('',#8770);
#8770 = CARTESIAN_POINT('',(42.585300445557,43.057598114014,6.));
#8771 = LINE('',#8772,#8773);
#8772 = CARTESIAN_POINT('',(42.,43.,6.));
#8773 = VECTOR('',#8774,1.);
#8774 = DIRECTION('',(0.995192841675,9.79347123269E-02,0.));
#8775 = ORIENTED_EDGE('',*,*,#8776,.F.);
#8776 = EDGE_CURVE('',#8777,#8769,#8779,.T.);
#8777 = VERTEX_POINT('',#8778);
#8778 = CARTESIAN_POINT('',(43.147998809814,43.228401184082,6.));
#8779 = LINE('',#8780,#8781);
#8780 = CARTESIAN_POINT('',(43.147998809814,43.228401184082,6.));
#8781 = VECTOR('',#8782,1.);
#8782 = DIRECTION('',(-0.956888175132,-0.290456572129,0.));
#8783 = ORIENTED_EDGE('',*,*,#8784,.F.);
#8784 = EDGE_CURVE('',#8785,#8777,#8787,.T.);
#8785 = VERTEX_POINT('',#8786);
#8786 = CARTESIAN_POINT('',(43.666698455811,43.505599975586,6.));
#8787 = LINE('',#8788,#8789);
#8788 = CARTESIAN_POINT('',(43.666698455811,43.505599975586,6.));
#8789 = VECTOR('',#8790,1.);
#8790 = DIRECTION('',(-0.881957981127,-0.471328038129,0.));
#8791 = ORIENTED_EDGE('',*,*,#8792,.F.);
#8792 = EDGE_CURVE('',#8793,#8785,#8795,.T.);
#8793 = VERTEX_POINT('',#8794);
#8794 = CARTESIAN_POINT('',(44.121299743652,43.878700256348,6.));
#8795 = LINE('',#8796,#8797);
#8796 = CARTESIAN_POINT('',(44.121299743652,43.878700256348,6.));
#8797 = VECTOR('',#8798,1.);
#8798 = DIRECTION('',(-0.772994905471,-0.634412228852,0.));
#8799 = ORIENTED_EDGE('',*,*,#8800,.F.);
#8800 = EDGE_CURVE('',#8801,#8793,#8803,.T.);
#8801 = VERTEX_POINT('',#8802);
#8802 = CARTESIAN_POINT('',(44.494400024414,44.333301544189,6.));
#8803 = LINE('',#8804,#8805);
#8804 = CARTESIAN_POINT('',(44.494400024414,44.333301544189,6.));
#8805 = VECTOR('',#8806,1.);
#8806 = DIRECTION('',(-0.634412228852,-0.772994905471,0.));
#8807 = ORIENTED_EDGE('',*,*,#8808,.T.);
#8808 = EDGE_CURVE('',#8801,#8809,#8811,.T.);
#8809 = VERTEX_POINT('',#8810);
#8810 = CARTESIAN_POINT('',(44.771598815918,44.852001190186,6.));
#8811 = LINE('',#8812,#8813);
#8812 = CARTESIAN_POINT('',(44.494400024414,44.333301544189,6.));
#8813 = VECTOR('',#8814,1.);
#8814 = DIRECTION('',(0.471328038129,0.881957981127,0.));
#8815 = ORIENTED_EDGE('',*,*,#8816,.T.);
#8816 = EDGE_CURVE('',#8809,#8817,#8819,.T.);
#8817 = VERTEX_POINT('',#8818);
#8818 = CARTESIAN_POINT('',(44.942401885986,45.414699554443,6.));
#8819 = LINE('',#8820,#8821);
#8820 = CARTESIAN_POINT('',(44.771598815918,44.852001190186,6.));
#8821 = VECTOR('',#8822,1.);
#8822 = DIRECTION('',(0.290456572129,0.956888175132,0.));
#8823 = ORIENTED_EDGE('',*,*,#8824,.F.);
#8824 = EDGE_CURVE('',#8825,#8817,#8827,.T.);
#8825 = VERTEX_POINT('',#8826);
#8826 = CARTESIAN_POINT('',(45.,46.,6.));
#8827 = LINE('',#8828,#8829);
#8828 = CARTESIAN_POINT('',(45.,46.,6.));
#8829 = VECTOR('',#8830,1.);
#8830 = DIRECTION('',(-9.79347123269E-02,-0.995192841675,0.));
#8831 = ORIENTED_EDGE('',*,*,#8832,.F.);
#8832 = EDGE_CURVE('',#8833,#8825,#8835,.T.);
#8833 = VERTEX_POINT('',#8834);
#8834 = CARTESIAN_POINT('',(44.942401885986,46.585300445557,6.));
#8835 = LINE('',#8836,#8837);
#8836 = CARTESIAN_POINT('',(44.942401885986,46.585300445557,6.));
#8837 = VECTOR('',#8838,1.);
#8838 = DIRECTION('',(9.79347123269E-02,-0.995192841675,0.));
#8839 = ORIENTED_EDGE('',*,*,#8840,.F.);
#8840 = EDGE_CURVE('',#8841,#8833,#8843,.T.);
#8841 = VERTEX_POINT('',#8842);
#8842 = CARTESIAN_POINT('',(44.771598815918,47.147998809814,6.));
#8843 = LINE('',#8844,#8845);
#8844 = CARTESIAN_POINT('',(44.771598815918,47.147998809814,6.));
#8845 = VECTOR('',#8846,1.);
#8846 = DIRECTION('',(0.290456572129,-0.956888175132,0.));
#8847 = ORIENTED_EDGE('',*,*,#8848,.F.);
#8848 = EDGE_CURVE('',#8849,#8841,#8851,.T.);
#8849 = VERTEX_POINT('',#8850);
#8850 = CARTESIAN_POINT('',(44.494400024414,47.666698455811,6.));
#8851 = LINE('',#8852,#8853);
#8852 = CARTESIAN_POINT('',(44.494400024414,47.666698455811,6.));
#8853 = VECTOR('',#8854,1.);
#8854 = DIRECTION('',(0.471328038129,-0.881957981127,0.));
#8855 = ORIENTED_EDGE('',*,*,#8856,.F.);
#8856 = EDGE_CURVE('',#8857,#8849,#8859,.T.);
#8857 = VERTEX_POINT('',#8858);
#8858 = CARTESIAN_POINT('',(44.121299743652,48.121299743652,6.));
#8859 = LINE('',#8860,#8861);
#8860 = CARTESIAN_POINT('',(44.121299743652,48.121299743652,6.));
#8861 = VECTOR('',#8862,1.);
#8862 = DIRECTION('',(0.634412228852,-0.772994905471,0.));
#8863 = ORIENTED_EDGE('',*,*,#8864,.T.);
#8864 = EDGE_CURVE('',#8857,#8865,#8867,.T.);
#8865 = VERTEX_POINT('',#8866);
#8866 = CARTESIAN_POINT('',(43.666698455811,48.494400024414,6.));
#8867 = LINE('',#8868,#8869);
#8868 = CARTESIAN_POINT('',(44.121299743652,48.121299743652,6.));
#8869 = VECTOR('',#8870,1.);
#8870 = DIRECTION('',(-0.772994905471,0.634412228852,0.));
#8871 = ORIENTED_EDGE('',*,*,#8872,.T.);
#8872 = EDGE_CURVE('',#8865,#8873,#8875,.T.);
#8873 = VERTEX_POINT('',#8874);
#8874 = CARTESIAN_POINT('',(43.147998809814,48.771598815918,6.));
#8875 = LINE('',#8876,#8877);
#8876 = CARTESIAN_POINT('',(43.666698455811,48.494400024414,6.));
#8877 = VECTOR('',#8878,1.);
#8878 = DIRECTION('',(-0.881957981127,0.471328038129,0.));
#8879 = ORIENTED_EDGE('',*,*,#8880,.F.);
#8880 = EDGE_CURVE('',#8881,#8873,#8883,.T.);
#8881 = VERTEX_POINT('',#8882);
#8882 = CARTESIAN_POINT('',(42.585300445557,48.942401885986,6.));
#8883 = LINE('',#8884,#8885);
#8884 = CARTESIAN_POINT('',(42.585300445557,48.942401885986,6.));
#8885 = VECTOR('',#8886,1.);
#8886 = DIRECTION('',(0.956888175132,-0.290456572129,0.));
#8887 = ORIENTED_EDGE('',*,*,#8888,.T.);
#8888 = EDGE_CURVE('',#8881,#8889,#8891,.T.);
#8889 = VERTEX_POINT('',#8890);
#8890 = CARTESIAN_POINT('',(42.,49.,6.));
#8891 = LINE('',#8892,#8893);
#8892 = CARTESIAN_POINT('',(42.585300445557,48.942401885986,6.));
#8893 = VECTOR('',#8894,1.);
#8894 = DIRECTION('',(-0.995192841675,9.79347123269E-02,0.));
#8895 = ORIENTED_EDGE('',*,*,#8896,.F.);
#8896 = EDGE_CURVE('',#8897,#8889,#8899,.T.);
#8897 = VERTEX_POINT('',#8898);
#8898 = CARTESIAN_POINT('',(41.414699554443,48.942401885986,6.));
#8899 = LINE('',#8900,#8901);
#8900 = CARTESIAN_POINT('',(41.414699554443,48.942401885986,6.));
#8901 = VECTOR('',#8902,1.);
#8902 = DIRECTION('',(0.995192841675,9.79347123269E-02,0.));
#8903 = ORIENTED_EDGE('',*,*,#8904,.F.);
#8904 = EDGE_CURVE('',#8905,#8897,#8907,.T.);
#8905 = VERTEX_POINT('',#8906);
#8906 = CARTESIAN_POINT('',(40.852001190186,48.771598815918,6.));
#8907 = LINE('',#8908,#8909);
#8908 = CARTESIAN_POINT('',(40.852001190186,48.771598815918,6.));
#8909 = VECTOR('',#8910,1.);
#8910 = DIRECTION('',(0.956888175132,0.290456572129,0.));
#8911 = ORIENTED_EDGE('',*,*,#8912,.F.);
#8912 = EDGE_CURVE('',#8913,#8905,#8915,.T.);
#8913 = VERTEX_POINT('',#8914);
#8914 = CARTESIAN_POINT('',(40.333301544189,48.494400024414,6.));
#8915 = LINE('',#8916,#8917);
#8916 = CARTESIAN_POINT('',(40.333301544189,48.494400024414,6.));
#8917 = VECTOR('',#8918,1.);
#8918 = DIRECTION('',(0.881957981127,0.471328038129,0.));
#8919 = ORIENTED_EDGE('',*,*,#8920,.T.);
#8920 = EDGE_CURVE('',#8913,#8921,#8923,.T.);
#8921 = VERTEX_POINT('',#8922);
#8922 = CARTESIAN_POINT('',(39.878700256348,48.121299743652,6.));
#8923 = LINE('',#8924,#8925);
#8924 = CARTESIAN_POINT('',(40.333301544189,48.494400024414,6.));
#8925 = VECTOR('',#8926,1.);
#8926 = DIRECTION('',(-0.772994905471,-0.634412228852,0.));
#8927 = ORIENTED_EDGE('',*,*,#8928,.F.);
#8928 = EDGE_CURVE('',#8929,#8921,#8931,.T.);
#8929 = VERTEX_POINT('',#8930);
#8930 = CARTESIAN_POINT('',(39.505599975586,47.666698455811,6.));
#8931 = LINE('',#8932,#8933);
#8932 = CARTESIAN_POINT('',(39.505599975586,47.666698455811,6.));
#8933 = VECTOR('',#8934,1.);
#8934 = DIRECTION('',(0.634412228852,0.772994905471,0.));
#8935 = ORIENTED_EDGE('',*,*,#8936,.T.);
#8936 = EDGE_CURVE('',#8929,#8634,#8937,.T.);
#8937 = LINE('',#8938,#8939);
#8938 = CARTESIAN_POINT('',(39.505599975586,47.666698455811,6.));
#8939 = VECTOR('',#8940,1.);
#8940 = DIRECTION('',(-0.471328038129,-0.881957981127,0.));
#8941 = ORIENTED_EDGE('',*,*,#8650,.T.);
#8942 = ORIENTED_EDGE('',*,*,#8674,.T.);
#8943 = ORIENTED_EDGE('',*,*,#8944,.T.);
#8944 = EDGE_CURVE('',#8667,#8689,#8945,.T.);
#8945 = LINE('',#8946,#8947);
#8946 = CARTESIAN_POINT('',(39.,46.,6.));
#8947 = VECTOR('',#8948,1.);
#8948 = DIRECTION('',(9.79347123269E-02,-0.995192841675,0.));
#8949 = FACE_BOUND('',#8950,.F.);
#8950 = EDGE_LOOP('',(#8951,#8961,#8969,#8977,#8985,#8993,#9001,#9009,
    #9017,#9025,#9033,#9041,#9049,#9057,#9065,#9073));
#8951 = ORIENTED_EDGE('',*,*,#8952,.T.);
#8952 = EDGE_CURVE('',#8953,#8955,#8957,.T.);
#8953 = VERTEX_POINT('',#8954);
#8954 = CARTESIAN_POINT('',(40.845100402832,45.521598815918,6.));
#8955 = VERTEX_POINT('',#8956);
#8956 = CARTESIAN_POINT('',(40.75,46.,6.));
#8957 = LINE('',#8958,#8959);
#8958 = CARTESIAN_POINT('',(40.845100402832,45.521598815918,6.));
#8959 = VECTOR('',#8960,1.);
#8960 = DIRECTION('',(-0.19497295946,0.980808617967,0.));
#8961 = ORIENTED_EDGE('',*,*,#8962,.T.);
#8962 = EDGE_CURVE('',#8955,#8963,#8965,.T.);
#8963 = VERTEX_POINT('',#8964);
#8964 = CARTESIAN_POINT('',(40.845100402832,46.478401184082,6.));
#8965 = LINE('',#8966,#8967);
#8966 = CARTESIAN_POINT('',(40.75,46.,6.));
#8967 = VECTOR('',#8968,1.);
#8968 = DIRECTION('',(0.19497295946,0.980808617967,0.));
#8969 = ORIENTED_EDGE('',*,*,#8970,.T.);
#8970 = EDGE_CURVE('',#8963,#8971,#8973,.T.);
#8971 = VERTEX_POINT('',#8972);
#8972 = CARTESIAN_POINT('',(41.116100311279,46.883899688721,6.));
#8973 = LINE('',#8974,#8975);
#8974 = CARTESIAN_POINT('',(40.845100402832,46.478401184082,6.));
#8975 = VECTOR('',#8976,1.);
#8976 = DIRECTION('',(0.55564744174,0.831418017899,0.));
#8977 = ORIENTED_EDGE('',*,*,#8978,.T.);
#8978 = EDGE_CURVE('',#8971,#8979,#8981,.T.);
#8979 = VERTEX_POINT('',#8980);
#8980 = CARTESIAN_POINT('',(41.521598815918,47.154899597168,6.));
#8981 = LINE('',#8982,#8983);
#8982 = CARTESIAN_POINT('',(41.116100311279,46.883899688721,6.));
#8983 = VECTOR('',#8984,1.);
#8984 = DIRECTION('',(0.831418017899,0.55564744174,0.));
#8985 = ORIENTED_EDGE('',*,*,#8986,.T.);
#8986 = EDGE_CURVE('',#8979,#8987,#8989,.T.);
#8987 = VERTEX_POINT('',#8988);
#8988 = CARTESIAN_POINT('',(42.,47.25,6.));
#8989 = LINE('',#8990,#8991);
#8990 = CARTESIAN_POINT('',(41.521598815918,47.154899597168,6.));
#8991 = VECTOR('',#8992,1.);
#8992 = DIRECTION('',(0.980808617967,0.19497295946,0.));
#8993 = ORIENTED_EDGE('',*,*,#8994,.T.);
#8994 = EDGE_CURVE('',#8987,#8995,#8997,.T.);
#8995 = VERTEX_POINT('',#8996);
#8996 = CARTESIAN_POINT('',(42.478401184082,47.154899597168,6.));
#8997 = LINE('',#8998,#8999);
#8998 = CARTESIAN_POINT('',(42.,47.25,6.));
#8999 = VECTOR('',#9000,1.);
#9000 = DIRECTION('',(0.980808617967,-0.19497295946,0.));
#9001 = ORIENTED_EDGE('',*,*,#9002,.T.);
#9002 = EDGE_CURVE('',#8995,#9003,#9005,.T.);
#9003 = VERTEX_POINT('',#9004);
#9004 = CARTESIAN_POINT('',(42.883899688721,46.883899688721,6.));
#9005 = LINE('',#9006,#9007);
#9006 = CARTESIAN_POINT('',(42.478401184082,47.154899597168,6.));
#9007 = VECTOR('',#9008,1.);
#9008 = DIRECTION('',(0.831418017899,-0.55564744174,0.));
#9009 = ORIENTED_EDGE('',*,*,#9010,.T.);
#9010 = EDGE_CURVE('',#9003,#9011,#9013,.T.);
#9011 = VERTEX_POINT('',#9012);
#9012 = CARTESIAN_POINT('',(43.154899597168,46.478401184082,6.));
#9013 = LINE('',#9014,#9015);
#9014 = CARTESIAN_POINT('',(42.883899688721,46.883899688721,6.));
#9015 = VECTOR('',#9016,1.);
#9016 = DIRECTION('',(0.55564744174,-0.831418017899,0.));
#9017 = ORIENTED_EDGE('',*,*,#9018,.T.);
#9018 = EDGE_CURVE('',#9011,#9019,#9021,.T.);
#9019 = VERTEX_POINT('',#9020);
#9020 = CARTESIAN_POINT('',(43.25,46.,6.));
#9021 = LINE('',#9022,#9023);
#9022 = CARTESIAN_POINT('',(43.154899597168,46.478401184082,6.));
#9023 = VECTOR('',#9024,1.);
#9024 = DIRECTION('',(0.19497295946,-0.980808617967,0.));
#9025 = ORIENTED_EDGE('',*,*,#9026,.T.);
#9026 = EDGE_CURVE('',#9019,#9027,#9029,.T.);
#9027 = VERTEX_POINT('',#9028);
#9028 = CARTESIAN_POINT('',(43.154899597168,45.521598815918,6.));
#9029 = LINE('',#9030,#9031);
#9030 = CARTESIAN_POINT('',(43.25,46.,6.));
#9031 = VECTOR('',#9032,1.);
#9032 = DIRECTION('',(-0.19497295946,-0.980808617967,0.));
#9033 = ORIENTED_EDGE('',*,*,#9034,.T.);
#9034 = EDGE_CURVE('',#9027,#9035,#9037,.T.);
#9035 = VERTEX_POINT('',#9036);
#9036 = CARTESIAN_POINT('',(42.883899688721,45.116100311279,6.));
#9037 = LINE('',#9038,#9039);
#9038 = CARTESIAN_POINT('',(43.154899597168,45.521598815918,6.));
#9039 = VECTOR('',#9040,1.);
#9040 = DIRECTION('',(-0.55564744174,-0.831418017899,0.));
#9041 = ORIENTED_EDGE('',*,*,#9042,.T.);
#9042 = EDGE_CURVE('',#9035,#9043,#9045,.T.);
#9043 = VERTEX_POINT('',#9044);
#9044 = CARTESIAN_POINT('',(42.478401184082,44.845100402832,6.));
#9045 = LINE('',#9046,#9047);
#9046 = CARTESIAN_POINT('',(42.883899688721,45.116100311279,6.));
#9047 = VECTOR('',#9048,1.);
#9048 = DIRECTION('',(-0.831418017899,-0.55564744174,0.));
#9049 = ORIENTED_EDGE('',*,*,#9050,.T.);
#9050 = EDGE_CURVE('',#9043,#9051,#9053,.T.);
#9051 = VERTEX_POINT('',#9052);
#9052 = CARTESIAN_POINT('',(42.,44.75,6.));
#9053 = LINE('',#9054,#9055);
#9054 = CARTESIAN_POINT('',(42.478401184082,44.845100402832,6.));
#9055 = VECTOR('',#9056,1.);
#9056 = DIRECTION('',(-0.980808617967,-0.19497295946,0.));
#9057 = ORIENTED_EDGE('',*,*,#9058,.T.);
#9058 = EDGE_CURVE('',#9051,#9059,#9061,.T.);
#9059 = VERTEX_POINT('',#9060);
#9060 = CARTESIAN_POINT('',(41.521598815918,44.845100402832,6.));
#9061 = LINE('',#9062,#9063);
#9062 = CARTESIAN_POINT('',(42.,44.75,6.));
#9063 = VECTOR('',#9064,1.);
#9064 = DIRECTION('',(-0.980808617967,0.19497295946,0.));
#9065 = ORIENTED_EDGE('',*,*,#9066,.T.);
#9066 = EDGE_CURVE('',#9059,#9067,#9069,.T.);
#9067 = VERTEX_POINT('',#9068);
#9068 = CARTESIAN_POINT('',(41.116100311279,45.116100311279,6.));
#9069 = LINE('',#9070,#9071);
#9070 = CARTESIAN_POINT('',(41.521598815918,44.845100402832,6.));
#9071 = VECTOR('',#9072,1.);
#9072 = DIRECTION('',(-0.831418017899,0.55564744174,0.));
#9073 = ORIENTED_EDGE('',*,*,#9074,.T.);
#9074 = EDGE_CURVE('',#9067,#8953,#9075,.T.);
#9075 = LINE('',#9076,#9077);
#9076 = CARTESIAN_POINT('',(41.116100311279,45.116100311279,6.));
#9077 = VECTOR('',#9078,1.);
#9078 = DIRECTION('',(-0.55564744174,0.831418017899,0.));
#9079 = PLANE('',#9080);
#9080 = AXIS2_PLACEMENT_3D('',#9081,#9082,#9083);
#9081 = CARTESIAN_POINT('',(42.,46.,6.));
#9082 = DIRECTION('',(0.,0.,1.));
#9083 = DIRECTION('',(1.,0.,-0.));
#9084 = ADVANCED_FACE('',(#9085),#9096,.F.);
#9085 = FACE_BOUND('',#9086,.F.);
#9086 = EDGE_LOOP('',(#9087,#9088,#9089,#9095));
#9087 = ORIENTED_EDGE('',*,*,#8697,.T.);
#9088 = ORIENTED_EDGE('',*,*,#8465,.T.);
#9089 = ORIENTED_EDGE('',*,*,#9090,.T.);
#9090 = EDGE_CURVE('',#8458,#8721,#9091,.T.);
#9091 = LINE('',#9092,#9093);
#9092 = CARTESIAN_POINT('',(39.505599975586,44.333301544189,4.));
#9093 = VECTOR('',#9094,1.);
#9094 = DIRECTION('',(0.,0.,1.));
#9095 = ORIENTED_EDGE('',*,*,#8720,.T.);
#9096 = PLANE('',#9097);
#9097 = AXIS2_PLACEMENT_3D('',#9098,#9099,#9100);
#9098 = CARTESIAN_POINT('',(39.367000579834,44.592651367187,5.));
#9099 = DIRECTION('',(-0.881957981127,-0.471328038129,-0.));
#9100 = DIRECTION('',(0.471328038129,-0.881957981127,0.));
#9101 = ADVANCED_FACE('',(#9102),#9118,.F.);
#9102 = FACE_BOUND('',#9103,.F.);
#9103 = EDGE_LOOP('',(#9104,#9105,#9111,#9112));
#9104 = ORIENTED_EDGE('',*,*,#8744,.T.);
#9105 = ORIENTED_EDGE('',*,*,#9106,.T.);
#9106 = EDGE_CURVE('',#8737,#8442,#9107,.T.);
#9107 = LINE('',#9108,#9109);
#9108 = CARTESIAN_POINT('',(40.333301544189,43.505599975586,6.));
#9109 = VECTOR('',#9110,1.);
#9110 = DIRECTION('',(0.,0.,-1.));
#9111 = ORIENTED_EDGE('',*,*,#8441,.T.);
#9112 = ORIENTED_EDGE('',*,*,#9113,.T.);
#9113 = EDGE_CURVE('',#8434,#8745,#9114,.T.);
#9114 = LINE('',#9115,#9116);
#9115 = CARTESIAN_POINT('',(40.852001190186,43.228401184082,4.));
#9116 = VECTOR('',#9117,1.);
#9117 = DIRECTION('',(0.,0.,1.));
#9118 = PLANE('',#9119);
#9119 = AXIS2_PLACEMENT_3D('',#9120,#9121,#9122);
#9120 = CARTESIAN_POINT('',(40.592651367187,43.367000579834,5.));
#9121 = DIRECTION('',(-0.471328038129,-0.881957981127,-0.));
#9122 = DIRECTION('',(-0.881957981127,0.471328038129,0.));
#9123 = ADVANCED_FACE('',(#9124),#9135,.F.);
#9124 = FACE_BOUND('',#9125,.F.);
#9125 = EDGE_LOOP('',(#9126,#9127,#9128,#9129));
#9126 = ORIENTED_EDGE('',*,*,#8752,.T.);
#9127 = ORIENTED_EDGE('',*,*,#9113,.F.);
#9128 = ORIENTED_EDGE('',*,*,#8433,.T.);
#9129 = ORIENTED_EDGE('',*,*,#9130,.F.);
#9130 = EDGE_CURVE('',#8753,#8426,#9131,.T.);
#9131 = LINE('',#9132,#9133);
#9132 = CARTESIAN_POINT('',(41.414699554443,43.057598114014,6.));
#9133 = VECTOR('',#9134,1.);
#9134 = DIRECTION('',(0.,0.,-1.));
#9135 = PLANE('',#9136);
#9136 = AXIS2_PLACEMENT_3D('',#9137,#9138,#9139);
#9137 = CARTESIAN_POINT('',(41.133350372314,43.142999649048,5.));
#9138 = DIRECTION('',(-0.290456572129,-0.956888175132,-0.));
#9139 = DIRECTION('',(-0.956888175132,0.290456572129,0.));
#9140 = ADVANCED_FACE('',(#9141),#9152,.F.);
#9141 = FACE_BOUND('',#9142,.F.);
#9142 = EDGE_LOOP('',(#9143,#9144,#9145,#9146));
#9143 = ORIENTED_EDGE('',*,*,#8760,.T.);
#9144 = ORIENTED_EDGE('',*,*,#9130,.T.);
#9145 = ORIENTED_EDGE('',*,*,#8425,.T.);
#9146 = ORIENTED_EDGE('',*,*,#9147,.T.);
#9147 = EDGE_CURVE('',#8418,#8761,#9148,.T.);
#9148 = LINE('',#9149,#9150);
#9149 = CARTESIAN_POINT('',(42.,43.,4.));
#9150 = VECTOR('',#9151,1.);
#9151 = DIRECTION('',(0.,0.,1.));
#9152 = PLANE('',#9153);
#9153 = AXIS2_PLACEMENT_3D('',#9154,#9155,#9156);
#9154 = CARTESIAN_POINT('',(41.707349777222,43.028799057007,5.));
#9155 = DIRECTION('',(-9.79347123269E-02,-0.995192841675,-0.));
#9156 = DIRECTION('',(-0.995192841675,9.79347123269E-02,0.));
#9157 = ADVANCED_FACE('',(#9158),#9174,.F.);
#9158 = FACE_BOUND('',#9159,.F.);
#9159 = EDGE_LOOP('',(#9160,#9161,#9167,#9168));
#9160 = ORIENTED_EDGE('',*,*,#8880,.T.);
#9161 = ORIENTED_EDGE('',*,*,#9162,.T.);
#9162 = EDGE_CURVE('',#8873,#8306,#9163,.T.);
#9163 = LINE('',#9164,#9165);
#9164 = CARTESIAN_POINT('',(43.147998809814,48.771598815918,6.));
#9165 = VECTOR('',#9166,1.);
#9166 = DIRECTION('',(0.,0.,-1.));
#9167 = ORIENTED_EDGE('',*,*,#8305,.T.);
#9168 = ORIENTED_EDGE('',*,*,#9169,.T.);
#9169 = EDGE_CURVE('',#8298,#8881,#9170,.T.);
#9170 = LINE('',#9171,#9172);
#9171 = CARTESIAN_POINT('',(42.585300445557,48.942401885986,4.));
#9172 = VECTOR('',#9173,1.);
#9173 = DIRECTION('',(0.,0.,1.));
#9174 = PLANE('',#9175);
#9175 = AXIS2_PLACEMENT_3D('',#9176,#9177,#9178);
#9176 = CARTESIAN_POINT('',(42.866649627686,48.857000350952,5.));
#9177 = DIRECTION('',(0.290456572129,0.956888175132,0.));
#9178 = DIRECTION('',(0.956888175132,-0.290456572129,0.));
#9179 = ADVANCED_FACE('',(#9180),#9196,.F.);
#9180 = FACE_BOUND('',#9181,.F.);
#9181 = EDGE_LOOP('',(#9182,#9188,#9189,#9195));
#9182 = ORIENTED_EDGE('',*,*,#9183,.T.);
#9183 = EDGE_CURVE('',#8322,#8857,#9184,.T.);
#9184 = LINE('',#9185,#9186);
#9185 = CARTESIAN_POINT('',(44.121299743652,48.121299743652,4.));
#9186 = VECTOR('',#9187,1.);
#9187 = DIRECTION('',(0.,0.,1.));
#9188 = ORIENTED_EDGE('',*,*,#8856,.T.);
#9189 = ORIENTED_EDGE('',*,*,#9190,.F.);
#9190 = EDGE_CURVE('',#8330,#8849,#9191,.T.);
#9191 = LINE('',#9192,#9193);
#9192 = CARTESIAN_POINT('',(44.494400024414,47.666698455811,4.));
#9193 = VECTOR('',#9194,1.);
#9194 = DIRECTION('',(0.,0.,1.));
#9195 = ORIENTED_EDGE('',*,*,#8329,.T.);
#9196 = PLANE('',#9197);
#9197 = AXIS2_PLACEMENT_3D('',#9198,#9199,#9200);
#9198 = CARTESIAN_POINT('',(44.307849884033,47.893999099731,5.));
#9199 = DIRECTION('',(0.772994905471,0.634412228852,0.));
#9200 = DIRECTION('',(-0.634412228852,0.772994905471,0.));
#9201 = ADVANCED_FACE('',(#9202),#9213,.F.);
#9202 = FACE_BOUND('',#9203,.F.);
#9203 = EDGE_LOOP('',(#9204,#9205,#9206,#9212));
#9204 = ORIENTED_EDGE('',*,*,#9190,.T.);
#9205 = ORIENTED_EDGE('',*,*,#8848,.T.);
#9206 = ORIENTED_EDGE('',*,*,#9207,.F.);
#9207 = EDGE_CURVE('',#8338,#8841,#9208,.T.);
#9208 = LINE('',#9209,#9210);
#9209 = CARTESIAN_POINT('',(44.771598815918,47.147998809814,4.));
#9210 = VECTOR('',#9211,1.);
#9211 = DIRECTION('',(0.,0.,1.));
#9212 = ORIENTED_EDGE('',*,*,#8337,.T.);
#9213 = PLANE('',#9214);
#9214 = AXIS2_PLACEMENT_3D('',#9215,#9216,#9217);
#9215 = CARTESIAN_POINT('',(44.632999420166,47.407348632812,5.));
#9216 = DIRECTION('',(0.881957981127,0.471328038129,0.));
#9217 = DIRECTION('',(-0.471328038129,0.881957981127,0.));
#9218 = ADVANCED_FACE('',(#9219),#9230,.F.);
#9219 = FACE_BOUND('',#9220,.F.);
#9220 = EDGE_LOOP('',(#9221,#9222,#9223,#9229));
#9221 = ORIENTED_EDGE('',*,*,#9207,.T.);
#9222 = ORIENTED_EDGE('',*,*,#8840,.T.);
#9223 = ORIENTED_EDGE('',*,*,#9224,.T.);
#9224 = EDGE_CURVE('',#8833,#8346,#9225,.T.);
#9225 = LINE('',#9226,#9227);
#9226 = CARTESIAN_POINT('',(44.942401885986,46.585300445557,6.));
#9227 = VECTOR('',#9228,1.);
#9228 = DIRECTION('',(0.,0.,-1.));
#9229 = ORIENTED_EDGE('',*,*,#8345,.T.);
#9230 = PLANE('',#9231);
#9231 = AXIS2_PLACEMENT_3D('',#9232,#9233,#9234);
#9232 = CARTESIAN_POINT('',(44.857000350952,46.866649627686,5.));
#9233 = DIRECTION('',(0.956888175132,0.290456572129,0.));
#9234 = DIRECTION('',(-0.290456572129,0.956888175132,0.));
#9235 = ADVANCED_FACE('',(#9236),#9247,.F.);
#9236 = FACE_BOUND('',#9237,.F.);
#9237 = EDGE_LOOP('',(#9238,#9239,#9240,#9246));
#9238 = ORIENTED_EDGE('',*,*,#9224,.F.);
#9239 = ORIENTED_EDGE('',*,*,#8832,.T.);
#9240 = ORIENTED_EDGE('',*,*,#9241,.T.);
#9241 = EDGE_CURVE('',#8825,#8354,#9242,.T.);
#9242 = LINE('',#9243,#9244);
#9243 = CARTESIAN_POINT('',(45.,46.,6.));
#9244 = VECTOR('',#9245,1.);
#9245 = DIRECTION('',(0.,0.,-1.));
#9246 = ORIENTED_EDGE('',*,*,#8353,.T.);
#9247 = PLANE('',#9248);
#9248 = AXIS2_PLACEMENT_3D('',#9249,#9250,#9251);
#9249 = CARTESIAN_POINT('',(44.971200942993,46.292650222778,5.));
#9250 = DIRECTION('',(0.995192841675,9.79347123269E-02,0.));
#9251 = DIRECTION('',(-9.79347123269E-02,0.995192841675,0.));
#9252 = ADVANCED_FACE('',(#9253),#9264,.F.);
#9253 = FACE_BOUND('',#9254,.F.);
#9254 = EDGE_LOOP('',(#9255,#9256,#9257,#9263));
#9255 = ORIENTED_EDGE('',*,*,#9241,.F.);
#9256 = ORIENTED_EDGE('',*,*,#8824,.T.);
#9257 = ORIENTED_EDGE('',*,*,#9258,.T.);
#9258 = EDGE_CURVE('',#8817,#8362,#9259,.T.);
#9259 = LINE('',#9260,#9261);
#9260 = CARTESIAN_POINT('',(44.942401885986,45.414699554443,6.));
#9261 = VECTOR('',#9262,1.);
#9262 = DIRECTION('',(0.,0.,-1.));
#9263 = ORIENTED_EDGE('',*,*,#8361,.T.);
#9264 = PLANE('',#9265);
#9265 = AXIS2_PLACEMENT_3D('',#9266,#9267,#9268);
#9266 = CARTESIAN_POINT('',(44.971200942993,45.707349777222,5.));
#9267 = DIRECTION('',(0.995192841675,-9.79347123269E-02,0.));
#9268 = DIRECTION('',(9.79347123269E-02,0.995192841675,0.));
#9269 = ADVANCED_FACE('',(#9270),#9286,.F.);
#9270 = FACE_BOUND('',#9271,.F.);
#9271 = EDGE_LOOP('',(#9272,#9273,#9279,#9280));
#9272 = ORIENTED_EDGE('',*,*,#8896,.T.);
#9273 = ORIENTED_EDGE('',*,*,#9274,.T.);
#9274 = EDGE_CURVE('',#8889,#8290,#9275,.T.);
#9275 = LINE('',#9276,#9277);
#9276 = CARTESIAN_POINT('',(42.,49.,6.));
#9277 = VECTOR('',#9278,1.);
#9278 = DIRECTION('',(0.,0.,-1.));
#9279 = ORIENTED_EDGE('',*,*,#8289,.T.);
#9280 = ORIENTED_EDGE('',*,*,#9281,.T.);
#9281 = EDGE_CURVE('',#8282,#8897,#9282,.T.);
#9282 = LINE('',#9283,#9284);
#9283 = CARTESIAN_POINT('',(41.414699554443,48.942401885986,4.));
#9284 = VECTOR('',#9285,1.);
#9285 = DIRECTION('',(0.,0.,1.));
#9286 = PLANE('',#9287);
#9287 = AXIS2_PLACEMENT_3D('',#9288,#9289,#9290);
#9288 = CARTESIAN_POINT('',(41.707349777222,48.971200942993,5.));
#9289 = DIRECTION('',(-9.79347123269E-02,0.995192841675,0.));
#9290 = DIRECTION('',(0.995192841675,9.79347123269E-02,0.));
#9291 = ADVANCED_FACE('',(#9292),#9303,.F.);
#9292 = FACE_BOUND('',#9293,.F.);
#9293 = EDGE_LOOP('',(#9294,#9295,#9296,#9297));
#9294 = ORIENTED_EDGE('',*,*,#8904,.T.);
#9295 = ORIENTED_EDGE('',*,*,#9281,.F.);
#9296 = ORIENTED_EDGE('',*,*,#8281,.T.);
#9297 = ORIENTED_EDGE('',*,*,#9298,.F.);
#9298 = EDGE_CURVE('',#8905,#8274,#9299,.T.);
#9299 = LINE('',#9300,#9301);
#9300 = CARTESIAN_POINT('',(40.852001190186,48.771598815918,6.));
#9301 = VECTOR('',#9302,1.);
#9302 = DIRECTION('',(0.,0.,-1.));
#9303 = PLANE('',#9304);
#9304 = AXIS2_PLACEMENT_3D('',#9305,#9306,#9307);
#9305 = CARTESIAN_POINT('',(41.133350372314,48.857000350952,5.));
#9306 = DIRECTION('',(-0.290456572129,0.956888175132,0.));
#9307 = DIRECTION('',(0.956888175132,0.290456572129,0.));
#9308 = ADVANCED_FACE('',(#9309),#9320,.F.);
#9309 = FACE_BOUND('',#9310,.F.);
#9310 = EDGE_LOOP('',(#9311,#9312,#9313,#9314));
#9311 = ORIENTED_EDGE('',*,*,#8912,.T.);
#9312 = ORIENTED_EDGE('',*,*,#9298,.T.);
#9313 = ORIENTED_EDGE('',*,*,#8273,.T.);
#9314 = ORIENTED_EDGE('',*,*,#9315,.T.);
#9315 = EDGE_CURVE('',#8266,#8913,#9316,.T.);
#9316 = LINE('',#9317,#9318);
#9317 = CARTESIAN_POINT('',(40.333301544189,48.494400024414,4.));
#9318 = VECTOR('',#9319,1.);
#9319 = DIRECTION('',(0.,0.,1.));
#9320 = PLANE('',#9321);
#9321 = AXIS2_PLACEMENT_3D('',#9322,#9323,#9324);
#9322 = CARTESIAN_POINT('',(40.592651367187,48.632999420166,5.));
#9323 = DIRECTION('',(-0.471328038129,0.881957981127,0.));
#9324 = DIRECTION('',(0.881957981127,0.471328038129,0.));
#9325 = ADVANCED_FACE('',(#9326),#9342,.F.);
#9326 = FACE_BOUND('',#9327,.F.);
#9327 = EDGE_LOOP('',(#9328,#9334,#9335,#9341));
#9328 = ORIENTED_EDGE('',*,*,#9329,.T.);
#9329 = EDGE_CURVE('',#8921,#8258,#9330,.T.);
#9330 = LINE('',#9331,#9332);
#9331 = CARTESIAN_POINT('',(39.878700256348,48.121299743652,6.));
#9332 = VECTOR('',#9333,1.);
#9333 = DIRECTION('',(0.,0.,-1.));
#9334 = ORIENTED_EDGE('',*,*,#8257,.T.);
#9335 = ORIENTED_EDGE('',*,*,#9336,.T.);
#9336 = EDGE_CURVE('',#8250,#8929,#9337,.T.);
#9337 = LINE('',#9338,#9339);
#9338 = CARTESIAN_POINT('',(39.505599975586,47.666698455811,4.));
#9339 = VECTOR('',#9340,1.);
#9340 = DIRECTION('',(0.,0.,1.));
#9341 = ORIENTED_EDGE('',*,*,#8928,.T.);
#9342 = PLANE('',#9343);
#9343 = AXIS2_PLACEMENT_3D('',#9344,#9345,#9346);
#9344 = CARTESIAN_POINT('',(39.692150115967,47.893999099731,5.));
#9345 = DIRECTION('',(-0.772994905471,0.634412228852,-0.));
#9346 = DIRECTION('',(-0.634412228852,-0.772994905471,0.));
#9347 = ADVANCED_FACE('',(#9348),#9364,.F.);
#9348 = FACE_BOUND('',#9349,.F.);
#9349 = EDGE_LOOP('',(#9350,#9351,#9357,#9358));
#9350 = ORIENTED_EDGE('',*,*,#8776,.T.);
#9351 = ORIENTED_EDGE('',*,*,#9352,.T.);
#9352 = EDGE_CURVE('',#8769,#8410,#9353,.T.);
#9353 = LINE('',#9354,#9355);
#9354 = CARTESIAN_POINT('',(42.585300445557,43.057598114014,6.));
#9355 = VECTOR('',#9356,1.);
#9356 = DIRECTION('',(0.,0.,-1.));
#9357 = ORIENTED_EDGE('',*,*,#8409,.T.);
#9358 = ORIENTED_EDGE('',*,*,#9359,.T.);
#9359 = EDGE_CURVE('',#8402,#8777,#9360,.T.);
#9360 = LINE('',#9361,#9362);
#9361 = CARTESIAN_POINT('',(43.147998809814,43.228401184082,4.));
#9362 = VECTOR('',#9363,1.);
#9363 = DIRECTION('',(0.,0.,1.));
#9364 = PLANE('',#9365);
#9365 = AXIS2_PLACEMENT_3D('',#9366,#9367,#9368);
#9366 = CARTESIAN_POINT('',(42.866649627686,43.142999649048,5.));
#9367 = DIRECTION('',(0.290456572129,-0.956888175132,-0.));
#9368 = DIRECTION('',(-0.956888175132,-0.290456572129,0.));
#9369 = ADVANCED_FACE('',(#9370),#9381,.F.);
#9370 = FACE_BOUND('',#9371,.F.);
#9371 = EDGE_LOOP('',(#9372,#9373,#9374,#9375));
#9372 = ORIENTED_EDGE('',*,*,#8784,.T.);
#9373 = ORIENTED_EDGE('',*,*,#9359,.F.);
#9374 = ORIENTED_EDGE('',*,*,#8401,.T.);
#9375 = ORIENTED_EDGE('',*,*,#9376,.T.);
#9376 = EDGE_CURVE('',#8394,#8785,#9377,.T.);
#9377 = LINE('',#9378,#9379);
#9378 = CARTESIAN_POINT('',(43.666698455811,43.505599975586,4.));
#9379 = VECTOR('',#9380,1.);
#9380 = DIRECTION('',(0.,0.,1.));
#9381 = PLANE('',#9382);
#9382 = AXIS2_PLACEMENT_3D('',#9383,#9384,#9385);
#9383 = CARTESIAN_POINT('',(43.407348632812,43.367000579834,5.));
#9384 = DIRECTION('',(0.471328038129,-0.881957981127,-0.));
#9385 = DIRECTION('',(-0.881957981127,-0.471328038129,0.));
#9386 = ADVANCED_FACE('',(#9387),#9398,.F.);
#9387 = FACE_BOUND('',#9388,.F.);
#9388 = EDGE_LOOP('',(#9389,#9390,#9391,#9392));
#9389 = ORIENTED_EDGE('',*,*,#8792,.T.);
#9390 = ORIENTED_EDGE('',*,*,#9376,.F.);
#9391 = ORIENTED_EDGE('',*,*,#8393,.T.);
#9392 = ORIENTED_EDGE('',*,*,#9393,.F.);
#9393 = EDGE_CURVE('',#8793,#8386,#9394,.T.);
#9394 = LINE('',#9395,#9396);
#9395 = CARTESIAN_POINT('',(44.121299743652,43.878700256348,6.));
#9396 = VECTOR('',#9397,1.);
#9397 = DIRECTION('',(0.,0.,-1.));
#9398 = PLANE('',#9399);
#9399 = AXIS2_PLACEMENT_3D('',#9400,#9401,#9402);
#9400 = CARTESIAN_POINT('',(43.893999099731,43.692150115967,5.));
#9401 = DIRECTION('',(0.634412228852,-0.772994905471,-0.));
#9402 = DIRECTION('',(-0.772994905471,-0.634412228852,0.));
#9403 = ADVANCED_FACE('',(#9404),#9415,.F.);
#9404 = FACE_BOUND('',#9405,.F.);
#9405 = EDGE_LOOP('',(#9406,#9412,#9413,#9414));
#9406 = ORIENTED_EDGE('',*,*,#9407,.T.);
#9407 = EDGE_CURVE('',#8378,#8801,#9408,.T.);
#9408 = LINE('',#9409,#9410);
#9409 = CARTESIAN_POINT('',(44.494400024414,44.333301544189,4.));
#9410 = VECTOR('',#9411,1.);
#9411 = DIRECTION('',(0.,0.,1.));
#9412 = ORIENTED_EDGE('',*,*,#8800,.T.);
#9413 = ORIENTED_EDGE('',*,*,#9393,.T.);
#9414 = ORIENTED_EDGE('',*,*,#8385,.T.);
#9415 = PLANE('',#9416);
#9416 = AXIS2_PLACEMENT_3D('',#9417,#9418,#9419);
#9417 = CARTESIAN_POINT('',(44.307849884033,44.106000900269,5.));
#9418 = DIRECTION('',(0.772994905471,-0.634412228852,0.));
#9419 = DIRECTION('',(0.634412228852,0.772994905471,0.));
#9420 = ADVANCED_FACE('',(#9421),#9432,.F.);
#9421 = FACE_BOUND('',#9422,.F.);
#9422 = EDGE_LOOP('',(#9423,#9424,#9425,#9431));
#9423 = ORIENTED_EDGE('',*,*,#9258,.F.);
#9424 = ORIENTED_EDGE('',*,*,#8816,.F.);
#9425 = ORIENTED_EDGE('',*,*,#9426,.T.);
#9426 = EDGE_CURVE('',#8809,#8370,#9427,.T.);
#9427 = LINE('',#9428,#9429);
#9428 = CARTESIAN_POINT('',(44.771598815918,44.852001190186,6.));
#9429 = VECTOR('',#9430,1.);
#9430 = DIRECTION('',(0.,0.,-1.));
#9431 = ORIENTED_EDGE('',*,*,#8369,.T.);
#9432 = PLANE('',#9433);
#9433 = AXIS2_PLACEMENT_3D('',#9434,#9435,#9436);
#9434 = CARTESIAN_POINT('',(44.857000350952,45.133350372314,5.));
#9435 = DIRECTION('',(0.956888175132,-0.290456572129,0.));
#9436 = DIRECTION('',(0.290456572129,0.956888175132,0.));
#9437 = ADVANCED_FACE('',(#9438),#9444,.F.);
#9438 = FACE_BOUND('',#9439,.F.);
#9439 = EDGE_LOOP('',(#9440,#9441,#9442,#9443));
#9440 = ORIENTED_EDGE('',*,*,#9426,.F.);
#9441 = ORIENTED_EDGE('',*,*,#8808,.F.);
#9442 = ORIENTED_EDGE('',*,*,#9407,.F.);
#9443 = ORIENTED_EDGE('',*,*,#8377,.T.);
#9444 = PLANE('',#9445);
#9445 = AXIS2_PLACEMENT_3D('',#9446,#9447,#9448);
#9446 = CARTESIAN_POINT('',(44.632999420166,44.592651367187,5.));
#9447 = DIRECTION('',(0.881957981127,-0.471328038129,0.));
#9448 = DIRECTION('',(0.471328038129,0.881957981127,0.));
#9449 = ADVANCED_FACE('',(#9450),#9456,.F.);
#9450 = FACE_BOUND('',#9451,.F.);
#9451 = EDGE_LOOP('',(#9452,#9453,#9454,#9455));
#9452 = ORIENTED_EDGE('',*,*,#8888,.F.);
#9453 = ORIENTED_EDGE('',*,*,#9169,.F.);
#9454 = ORIENTED_EDGE('',*,*,#8297,.T.);
#9455 = ORIENTED_EDGE('',*,*,#9274,.F.);
#9456 = PLANE('',#9457);
#9457 = AXIS2_PLACEMENT_3D('',#9458,#9459,#9460);
#9458 = CARTESIAN_POINT('',(42.292650222778,48.971200942993,5.));
#9459 = DIRECTION('',(9.79347123269E-02,0.995192841675,0.));
#9460 = DIRECTION('',(0.995192841675,-9.79347123269E-02,0.));
#9461 = ADVANCED_FACE('',(#9462),#9468,.F.);
#9462 = FACE_BOUND('',#9463,.F.);
#9463 = EDGE_LOOP('',(#9464,#9465,#9466,#9467));
#9464 = ORIENTED_EDGE('',*,*,#8920,.F.);
#9465 = ORIENTED_EDGE('',*,*,#9315,.F.);
#9466 = ORIENTED_EDGE('',*,*,#8265,.T.);
#9467 = ORIENTED_EDGE('',*,*,#9329,.F.);
#9468 = PLANE('',#9469);
#9469 = AXIS2_PLACEMENT_3D('',#9470,#9471,#9472);
#9470 = CARTESIAN_POINT('',(40.106000900269,48.307849884033,5.));
#9471 = DIRECTION('',(-0.634412228852,0.772994905471,0.));
#9472 = DIRECTION('',(0.772994905471,0.634412228852,0.));
#9473 = ADVANCED_FACE('',(#9474),#9485,.F.);
#9474 = FACE_BOUND('',#9475,.F.);
#9475 = EDGE_LOOP('',(#9476,#9477,#9478,#9479));
#9476 = ORIENTED_EDGE('',*,*,#8864,.F.);
#9477 = ORIENTED_EDGE('',*,*,#9183,.F.);
#9478 = ORIENTED_EDGE('',*,*,#8321,.T.);
#9479 = ORIENTED_EDGE('',*,*,#9480,.T.);
#9480 = EDGE_CURVE('',#8314,#8865,#9481,.T.);
#9481 = LINE('',#9482,#9483);
#9482 = CARTESIAN_POINT('',(43.666698455811,48.494400024414,4.));
#9483 = VECTOR('',#9484,1.);
#9484 = DIRECTION('',(0.,0.,1.));
#9485 = PLANE('',#9486);
#9486 = AXIS2_PLACEMENT_3D('',#9487,#9488,#9489);
#9487 = CARTESIAN_POINT('',(43.893999099731,48.307849884033,5.));
#9488 = DIRECTION('',(0.634412228852,0.772994905471,0.));
#9489 = DIRECTION('',(0.772994905471,-0.634412228852,0.));
#9490 = ADVANCED_FACE('',(#9491),#9497,.F.);
#9491 = FACE_BOUND('',#9492,.F.);
#9492 = EDGE_LOOP('',(#9493,#9494,#9495,#9496));
#9493 = ORIENTED_EDGE('',*,*,#8768,.F.);
#9494 = ORIENTED_EDGE('',*,*,#9147,.F.);
#9495 = ORIENTED_EDGE('',*,*,#8417,.T.);
#9496 = ORIENTED_EDGE('',*,*,#9352,.F.);
#9497 = PLANE('',#9498);
#9498 = AXIS2_PLACEMENT_3D('',#9499,#9500,#9501);
#9499 = CARTESIAN_POINT('',(42.292650222778,43.028799057007,5.));
#9500 = DIRECTION('',(9.79347123269E-02,-0.995192841675,-0.));
#9501 = DIRECTION('',(-0.995192841675,-9.79347123269E-02,0.));
#9502 = ADVANCED_FACE('',(#9503),#9509,.F.);
#9503 = FACE_BOUND('',#9504,.F.);
#9504 = EDGE_LOOP('',(#9505,#9506,#9507,#9508));
#9505 = ORIENTED_EDGE('',*,*,#8872,.F.);
#9506 = ORIENTED_EDGE('',*,*,#9480,.F.);
#9507 = ORIENTED_EDGE('',*,*,#8313,.T.);
#9508 = ORIENTED_EDGE('',*,*,#9162,.F.);
#9509 = PLANE('',#9510);
#9510 = AXIS2_PLACEMENT_3D('',#9511,#9512,#9513);
#9511 = CARTESIAN_POINT('',(43.407348632812,48.632999420166,5.));
#9512 = DIRECTION('',(0.471328038129,0.881957981127,0.));
#9513 = DIRECTION('',(0.881957981127,-0.471328038129,0.));
#9514 = ADVANCED_FACE('',(#9515),#9526,.F.);
#9515 = FACE_BOUND('',#9516,.F.);
#9516 = EDGE_LOOP('',(#9517,#9518,#9519,#9525));
#9517 = ORIENTED_EDGE('',*,*,#9090,.F.);
#9518 = ORIENTED_EDGE('',*,*,#8457,.T.);
#9519 = ORIENTED_EDGE('',*,*,#9520,.T.);
#9520 = EDGE_CURVE('',#8450,#8729,#9521,.T.);
#9521 = LINE('',#9522,#9523);
#9522 = CARTESIAN_POINT('',(39.878700256348,43.878700256348,4.));
#9523 = VECTOR('',#9524,1.);
#9524 = DIRECTION('',(0.,0.,1.));
#9525 = ORIENTED_EDGE('',*,*,#8728,.F.);
#9526 = PLANE('',#9527);
#9527 = AXIS2_PLACEMENT_3D('',#9528,#9529,#9530);
#9528 = CARTESIAN_POINT('',(39.692150115967,44.106000900269,5.));
#9529 = DIRECTION('',(-0.772994905471,-0.634412228852,-0.));
#9530 = DIRECTION('',(0.634412228852,-0.772994905471,0.));
#9531 = ADVANCED_FACE('',(#9532),#9538,.F.);
#9532 = FACE_BOUND('',#9533,.F.);
#9533 = EDGE_LOOP('',(#9534,#9535,#9536,#9537));
#9534 = ORIENTED_EDGE('',*,*,#8736,.F.);
#9535 = ORIENTED_EDGE('',*,*,#9520,.F.);
#9536 = ORIENTED_EDGE('',*,*,#8449,.T.);
#9537 = ORIENTED_EDGE('',*,*,#9106,.F.);
#9538 = PLANE('',#9539);
#9539 = AXIS2_PLACEMENT_3D('',#9540,#9541,#9542);
#9540 = CARTESIAN_POINT('',(40.106000900269,43.692150115967,5.));
#9541 = DIRECTION('',(-0.634412228852,-0.772994905471,-0.));
#9542 = DIRECTION('',(-0.772994905471,0.634412228852,0.));
#9543 = ADVANCED_FACE('',(#9544),#9550,.F.);
#9544 = FACE_BOUND('',#9545,.F.);
#9545 = EDGE_LOOP('',(#9546,#9547,#9548,#9549));
#9546 = ORIENTED_EDGE('',*,*,#9336,.F.);
#9547 = ORIENTED_EDGE('',*,*,#8249,.T.);
#9548 = ORIENTED_EDGE('',*,*,#8633,.F.);
#9549 = ORIENTED_EDGE('',*,*,#8936,.F.);
#9550 = PLANE('',#9551);
#9551 = AXIS2_PLACEMENT_3D('',#9552,#9553,#9554);
#9552 = CARTESIAN_POINT('',(39.367000579834,47.407348632812,5.));
#9553 = DIRECTION('',(-0.881957981127,0.471328038129,-0.));
#9554 = DIRECTION('',(-0.471328038129,-0.881957981127,0.));
#9555 = ADVANCED_FACE('',(#9556),#9562,.F.);
#9556 = FACE_BOUND('',#9557,.F.);
#9557 = EDGE_LOOP('',(#9558,#9559,#9560,#9561));
#9558 = ORIENTED_EDGE('',*,*,#8666,.F.);
#9559 = ORIENTED_EDGE('',*,*,#8481,.T.);
#9560 = ORIENTED_EDGE('',*,*,#8688,.F.);
#9561 = ORIENTED_EDGE('',*,*,#8944,.F.);
#9562 = PLANE('',#9563);
#9563 = AXIS2_PLACEMENT_3D('',#9564,#9565,#9566);
#9564 = CARTESIAN_POINT('',(39.028799057007,45.707349777222,5.));
#9565 = DIRECTION('',(-0.995192841675,-9.79347123269E-02,-0.));
#9566 = DIRECTION('',(9.79347123269E-02,-0.995192841675,0.));
#9567 = ADVANCED_FACE('',(#9568),#9584,.F.);
#9568 = FACE_BOUND('',#9569,.F.);
#9569 = EDGE_LOOP('',(#9570,#9576,#9577,#9583));
#9570 = ORIENTED_EDGE('',*,*,#9571,.T.);
#9571 = EDGE_CURVE('',#9003,#8580,#9572,.T.);
#9572 = LINE('',#9573,#9574);
#9573 = CARTESIAN_POINT('',(42.883899688721,46.883899688721,6.));
#9574 = VECTOR('',#9575,1.);
#9575 = DIRECTION('',(0.,0.,-1.));
#9576 = ORIENTED_EDGE('',*,*,#8579,.F.);
#9577 = ORIENTED_EDGE('',*,*,#9578,.T.);
#9578 = EDGE_CURVE('',#8572,#9011,#9579,.T.);
#9579 = LINE('',#9580,#9581);
#9580 = CARTESIAN_POINT('',(43.154899597168,46.478401184082,4.));
#9581 = VECTOR('',#9582,1.);
#9582 = DIRECTION('',(0.,0.,1.));
#9583 = ORIENTED_EDGE('',*,*,#9010,.F.);
#9584 = PLANE('',#9585);
#9585 = AXIS2_PLACEMENT_3D('',#9586,#9587,#9588);
#9586 = CARTESIAN_POINT('',(43.019399642944,46.681150436401,5.));
#9587 = DIRECTION('',(-0.831418017899,-0.55564744174,-0.));
#9588 = DIRECTION('',(0.55564744174,-0.831418017899,0.));
#9589 = ADVANCED_FACE('',(#9590),#9601,.F.);
#9590 = FACE_BOUND('',#9591,.F.);
#9591 = EDGE_LOOP('',(#9592,#9593,#9594,#9600));
#9592 = ORIENTED_EDGE('',*,*,#9578,.F.);
#9593 = ORIENTED_EDGE('',*,*,#8571,.F.);
#9594 = ORIENTED_EDGE('',*,*,#9595,.T.);
#9595 = EDGE_CURVE('',#8564,#9019,#9596,.T.);
#9596 = LINE('',#9597,#9598);
#9597 = CARTESIAN_POINT('',(43.25,46.,4.));
#9598 = VECTOR('',#9599,1.);
#9599 = DIRECTION('',(0.,0.,1.));
#9600 = ORIENTED_EDGE('',*,*,#9018,.F.);
#9601 = PLANE('',#9602);
#9602 = AXIS2_PLACEMENT_3D('',#9603,#9604,#9605);
#9603 = CARTESIAN_POINT('',(43.202449798584,46.239200592041,5.));
#9604 = DIRECTION('',(-0.980808617967,-0.19497295946,-0.));
#9605 = DIRECTION('',(0.19497295946,-0.980808617967,0.));
#9606 = ADVANCED_FACE('',(#9607),#9618,.F.);
#9607 = FACE_BOUND('',#9608,.F.);
#9608 = EDGE_LOOP('',(#9609,#9610,#9616,#9617));
#9609 = ORIENTED_EDGE('',*,*,#9002,.F.);
#9610 = ORIENTED_EDGE('',*,*,#9611,.T.);
#9611 = EDGE_CURVE('',#8995,#8588,#9612,.T.);
#9612 = LINE('',#9613,#9614);
#9613 = CARTESIAN_POINT('',(42.478401184082,47.154899597168,6.));
#9614 = VECTOR('',#9615,1.);
#9615 = DIRECTION('',(0.,0.,-1.));
#9616 = ORIENTED_EDGE('',*,*,#8587,.F.);
#9617 = ORIENTED_EDGE('',*,*,#9571,.F.);
#9618 = PLANE('',#9619);
#9619 = AXIS2_PLACEMENT_3D('',#9620,#9621,#9622);
#9620 = CARTESIAN_POINT('',(42.681150436401,47.019399642944,5.));
#9621 = DIRECTION('',(-0.55564744174,-0.831418017899,-0.));
#9622 = DIRECTION('',(-0.831418017899,0.55564744174,0.));
#9623 = ADVANCED_FACE('',(#9624),#9640,.F.);
#9624 = FACE_BOUND('',#9625,.F.);
#9625 = EDGE_LOOP('',(#9626,#9632,#9633,#9639));
#9626 = ORIENTED_EDGE('',*,*,#9627,.T.);
#9627 = EDGE_CURVE('',#9027,#8556,#9628,.T.);
#9628 = LINE('',#9629,#9630);
#9629 = CARTESIAN_POINT('',(43.154899597168,45.521598815918,6.));
#9630 = VECTOR('',#9631,1.);
#9631 = DIRECTION('',(0.,0.,-1.));
#9632 = ORIENTED_EDGE('',*,*,#8555,.F.);
#9633 = ORIENTED_EDGE('',*,*,#9634,.T.);
#9634 = EDGE_CURVE('',#8548,#9035,#9635,.T.);
#9635 = LINE('',#9636,#9637);
#9636 = CARTESIAN_POINT('',(42.883899688721,45.116100311279,4.));
#9637 = VECTOR('',#9638,1.);
#9638 = DIRECTION('',(0.,0.,1.));
#9639 = ORIENTED_EDGE('',*,*,#9034,.F.);
#9640 = PLANE('',#9641);
#9641 = AXIS2_PLACEMENT_3D('',#9642,#9643,#9644);
#9642 = CARTESIAN_POINT('',(43.019399642944,45.318849563599,5.));
#9643 = DIRECTION('',(-0.831418017899,0.55564744174,-0.));
#9644 = DIRECTION('',(-0.55564744174,-0.831418017899,0.));
#9645 = ADVANCED_FACE('',(#9646),#9662,.F.);
#9646 = FACE_BOUND('',#9647,.F.);
#9647 = EDGE_LOOP('',(#9648,#9649,#9655,#9656));
#9648 = ORIENTED_EDGE('',*,*,#8986,.F.);
#9649 = ORIENTED_EDGE('',*,*,#9650,.T.);
#9650 = EDGE_CURVE('',#8979,#8604,#9651,.T.);
#9651 = LINE('',#9652,#9653);
#9652 = CARTESIAN_POINT('',(41.521598815918,47.154899597168,6.));
#9653 = VECTOR('',#9654,1.);
#9654 = DIRECTION('',(0.,0.,-1.));
#9655 = ORIENTED_EDGE('',*,*,#8603,.F.);
#9656 = ORIENTED_EDGE('',*,*,#9657,.T.);
#9657 = EDGE_CURVE('',#8596,#8987,#9658,.T.);
#9658 = LINE('',#9659,#9660);
#9659 = CARTESIAN_POINT('',(42.,47.25,4.));
#9660 = VECTOR('',#9661,1.);
#9661 = DIRECTION('',(0.,0.,1.));
#9662 = PLANE('',#9663);
#9663 = AXIS2_PLACEMENT_3D('',#9664,#9665,#9666);
#9664 = CARTESIAN_POINT('',(41.760799407959,47.202449798584,5.));
#9665 = DIRECTION('',(0.19497295946,-0.980808617967,-0.));
#9666 = DIRECTION('',(-0.980808617967,-0.19497295946,0.));
#9667 = ADVANCED_FACE('',(#9668),#9684,.F.);
#9668 = FACE_BOUND('',#9669,.F.);
#9669 = EDGE_LOOP('',(#9670,#9676,#9677,#9683));
#9670 = ORIENTED_EDGE('',*,*,#9671,.T.);
#9671 = EDGE_CURVE('',#8612,#8971,#9672,.T.);
#9672 = LINE('',#9673,#9674);
#9673 = CARTESIAN_POINT('',(41.116100311279,46.883899688721,4.));
#9674 = VECTOR('',#9675,1.);
#9675 = DIRECTION('',(0.,0.,1.));
#9676 = ORIENTED_EDGE('',*,*,#8970,.F.);
#9677 = ORIENTED_EDGE('',*,*,#9678,.T.);
#9678 = EDGE_CURVE('',#8963,#8498,#9679,.T.);
#9679 = LINE('',#9680,#9681);
#9680 = CARTESIAN_POINT('',(40.845100402832,46.478401184082,6.));
#9681 = VECTOR('',#9682,1.);
#9682 = DIRECTION('',(0.,0.,-1.));
#9683 = ORIENTED_EDGE('',*,*,#8619,.F.);
#9684 = PLANE('',#9685);
#9685 = AXIS2_PLACEMENT_3D('',#9686,#9687,#9688);
#9686 = CARTESIAN_POINT('',(40.980600357056,46.681150436401,5.));
#9687 = DIRECTION('',(0.831418017899,-0.55564744174,0.));
#9688 = DIRECTION('',(0.55564744174,0.831418017899,0.));
#9689 = ADVANCED_FACE('',(#9690),#9701,.F.);
#9690 = FACE_BOUND('',#9691,.F.);
#9691 = EDGE_LOOP('',(#9692,#9693,#9694,#9700));
#9692 = ORIENTED_EDGE('',*,*,#9678,.F.);
#9693 = ORIENTED_EDGE('',*,*,#8962,.F.);
#9694 = ORIENTED_EDGE('',*,*,#9695,.T.);
#9695 = EDGE_CURVE('',#8955,#8500,#9696,.T.);
#9696 = LINE('',#9697,#9698);
#9697 = CARTESIAN_POINT('',(40.75,46.,6.));
#9698 = VECTOR('',#9699,1.);
#9699 = DIRECTION('',(0.,0.,-1.));
#9700 = ORIENTED_EDGE('',*,*,#8497,.F.);
#9701 = PLANE('',#9702);
#9702 = AXIS2_PLACEMENT_3D('',#9703,#9704,#9705);
#9703 = CARTESIAN_POINT('',(40.797550201416,46.239200592041,5.));
#9704 = DIRECTION('',(0.980808617967,-0.19497295946,0.));
#9705 = DIRECTION('',(0.19497295946,0.980808617967,0.));
#9706 = ADVANCED_FACE('',(#9707),#9723,.F.);
#9707 = FACE_BOUND('',#9708,.F.);
#9708 = EDGE_LOOP('',(#9709,#9710,#9716,#9717));
#9709 = ORIENTED_EDGE('',*,*,#9050,.F.);
#9710 = ORIENTED_EDGE('',*,*,#9711,.T.);
#9711 = EDGE_CURVE('',#9043,#8540,#9712,.T.);
#9712 = LINE('',#9713,#9714);
#9713 = CARTESIAN_POINT('',(42.478401184082,44.845100402832,6.));
#9714 = VECTOR('',#9715,1.);
#9715 = DIRECTION('',(0.,0.,-1.));
#9716 = ORIENTED_EDGE('',*,*,#8539,.F.);
#9717 = ORIENTED_EDGE('',*,*,#9718,.T.);
#9718 = EDGE_CURVE('',#8532,#9051,#9719,.T.);
#9719 = LINE('',#9720,#9721);
#9720 = CARTESIAN_POINT('',(42.,44.75,4.));
#9721 = VECTOR('',#9722,1.);
#9722 = DIRECTION('',(0.,0.,1.));
#9723 = PLANE('',#9724);
#9724 = AXIS2_PLACEMENT_3D('',#9725,#9726,#9727);
#9725 = CARTESIAN_POINT('',(42.239200592041,44.797550201416,5.));
#9726 = DIRECTION('',(-0.19497295946,0.980808617967,0.));
#9727 = DIRECTION('',(0.980808617967,0.19497295946,0.));
#9728 = ADVANCED_FACE('',(#9729),#9740,.F.);
#9729 = FACE_BOUND('',#9730,.F.);
#9730 = EDGE_LOOP('',(#9731,#9732,#9733,#9734));
#9731 = ORIENTED_EDGE('',*,*,#9058,.F.);
#9732 = ORIENTED_EDGE('',*,*,#9718,.F.);
#9733 = ORIENTED_EDGE('',*,*,#8531,.F.);
#9734 = ORIENTED_EDGE('',*,*,#9735,.T.);
#9735 = EDGE_CURVE('',#8524,#9059,#9736,.T.);
#9736 = LINE('',#9737,#9738);
#9737 = CARTESIAN_POINT('',(41.521598815918,44.845100402832,4.));
#9738 = VECTOR('',#9739,1.);
#9739 = DIRECTION('',(0.,0.,1.));
#9740 = PLANE('',#9741);
#9741 = AXIS2_PLACEMENT_3D('',#9742,#9743,#9744);
#9742 = CARTESIAN_POINT('',(41.760799407959,44.797550201416,5.));
#9743 = DIRECTION('',(0.19497295946,0.980808617967,0.));
#9744 = DIRECTION('',(0.980808617967,-0.19497295946,0.));
#9745 = ADVANCED_FACE('',(#9746),#9757,.F.);
#9746 = FACE_BOUND('',#9747,.F.);
#9747 = EDGE_LOOP('',(#9748,#9749,#9750,#9756));
#9748 = ORIENTED_EDGE('',*,*,#9695,.F.);
#9749 = ORIENTED_EDGE('',*,*,#8952,.F.);
#9750 = ORIENTED_EDGE('',*,*,#9751,.T.);
#9751 = EDGE_CURVE('',#8953,#8508,#9752,.T.);
#9752 = LINE('',#9753,#9754);
#9753 = CARTESIAN_POINT('',(40.845100402832,45.521598815918,6.));
#9754 = VECTOR('',#9755,1.);
#9755 = DIRECTION('',(0.,0.,-1.));
#9756 = ORIENTED_EDGE('',*,*,#8507,.F.);
#9757 = PLANE('',#9758);
#9758 = AXIS2_PLACEMENT_3D('',#9759,#9760,#9761);
#9759 = CARTESIAN_POINT('',(40.797550201416,45.760799407959,5.));
#9760 = DIRECTION('',(0.980808617967,0.19497295946,0.));
#9761 = DIRECTION('',(-0.19497295946,0.980808617967,0.));
#9762 = ADVANCED_FACE('',(#9763),#9769,.F.);
#9763 = FACE_BOUND('',#9764,.F.);
#9764 = EDGE_LOOP('',(#9765,#9766,#9767,#9768));
#9765 = ORIENTED_EDGE('',*,*,#8994,.F.);
#9766 = ORIENTED_EDGE('',*,*,#9657,.F.);
#9767 = ORIENTED_EDGE('',*,*,#8595,.F.);
#9768 = ORIENTED_EDGE('',*,*,#9611,.F.);
#9769 = PLANE('',#9770);
#9770 = AXIS2_PLACEMENT_3D('',#9771,#9772,#9773);
#9771 = CARTESIAN_POINT('',(42.239200592041,47.202449798584,5.));
#9772 = DIRECTION('',(-0.19497295946,-0.980808617967,-0.));
#9773 = DIRECTION('',(-0.980808617967,0.19497295946,0.));
#9774 = ADVANCED_FACE('',(#9775),#9781,.F.);
#9775 = FACE_BOUND('',#9776,.F.);
#9776 = EDGE_LOOP('',(#9777,#9778,#9779,#9780));
#9777 = ORIENTED_EDGE('',*,*,#9595,.F.);
#9778 = ORIENTED_EDGE('',*,*,#8563,.F.);
#9779 = ORIENTED_EDGE('',*,*,#9627,.F.);
#9780 = ORIENTED_EDGE('',*,*,#9026,.F.);
#9781 = PLANE('',#9782);
#9782 = AXIS2_PLACEMENT_3D('',#9783,#9784,#9785);
#9783 = CARTESIAN_POINT('',(43.202449798584,45.760799407959,5.));
#9784 = DIRECTION('',(-0.980808617967,0.19497295946,-0.));
#9785 = DIRECTION('',(-0.19497295946,-0.980808617967,0.));
#9786 = ADVANCED_FACE('',(#9787),#9793,.F.);
#9787 = FACE_BOUND('',#9788,.F.);
#9788 = EDGE_LOOP('',(#9789,#9790,#9791,#9792));
#9789 = ORIENTED_EDGE('',*,*,#9042,.F.);
#9790 = ORIENTED_EDGE('',*,*,#9634,.F.);
#9791 = ORIENTED_EDGE('',*,*,#8547,.F.);
#9792 = ORIENTED_EDGE('',*,*,#9711,.F.);
#9793 = PLANE('',#9794);
#9794 = AXIS2_PLACEMENT_3D('',#9795,#9796,#9797);
#9795 = CARTESIAN_POINT('',(42.681150436401,44.980600357056,5.));
#9796 = DIRECTION('',(-0.55564744174,0.831418017899,0.));
#9797 = DIRECTION('',(0.831418017899,0.55564744174,0.));
#9798 = ADVANCED_FACE('',(#9799),#9810,.F.);
#9799 = FACE_BOUND('',#9800,.F.);
#9800 = EDGE_LOOP('',(#9801,#9802,#9803,#9809));
#9801 = ORIENTED_EDGE('',*,*,#9751,.F.);
#9802 = ORIENTED_EDGE('',*,*,#9074,.F.);
#9803 = ORIENTED_EDGE('',*,*,#9804,.T.);
#9804 = EDGE_CURVE('',#9067,#8516,#9805,.T.);
#9805 = LINE('',#9806,#9807);
#9806 = CARTESIAN_POINT('',(41.116100311279,45.116100311279,6.));
#9807 = VECTOR('',#9808,1.);
#9808 = DIRECTION('',(0.,0.,-1.));
#9809 = ORIENTED_EDGE('',*,*,#8515,.F.);
#9810 = PLANE('',#9811);
#9811 = AXIS2_PLACEMENT_3D('',#9812,#9813,#9814);
#9812 = CARTESIAN_POINT('',(40.980600357056,45.318849563599,5.));
#9813 = DIRECTION('',(0.831418017899,0.55564744174,0.));
#9814 = DIRECTION('',(-0.55564744174,0.831418017899,0.));
#9815 = ADVANCED_FACE('',(#9816),#9822,.F.);
#9816 = FACE_BOUND('',#9817,.F.);
#9817 = EDGE_LOOP('',(#9818,#9819,#9820,#9821));
#9818 = ORIENTED_EDGE('',*,*,#8978,.F.);
#9819 = ORIENTED_EDGE('',*,*,#9671,.F.);
#9820 = ORIENTED_EDGE('',*,*,#8611,.F.);
#9821 = ORIENTED_EDGE('',*,*,#9650,.F.);
#9822 = PLANE('',#9823);
#9823 = AXIS2_PLACEMENT_3D('',#9824,#9825,#9826);
#9824 = CARTESIAN_POINT('',(41.318849563599,47.019399642944,5.));
#9825 = DIRECTION('',(0.55564744174,-0.831418017899,-0.));
#9826 = DIRECTION('',(-0.831418017899,-0.55564744174,0.));
#9827 = ADVANCED_FACE('',(#9828),#9834,.F.);
#9828 = FACE_BOUND('',#9829,.F.);
#9829 = EDGE_LOOP('',(#9830,#9831,#9832,#9833));
#9830 = ORIENTED_EDGE('',*,*,#9066,.F.);
#9831 = ORIENTED_EDGE('',*,*,#9735,.F.);
#9832 = ORIENTED_EDGE('',*,*,#8523,.F.);
#9833 = ORIENTED_EDGE('',*,*,#9804,.F.);
#9834 = PLANE('',#9835);
#9835 = AXIS2_PLACEMENT_3D('',#9836,#9837,#9838);
#9836 = CARTESIAN_POINT('',(41.318849563599,44.980600357056,5.));
#9837 = DIRECTION('',(0.55564744174,0.831418017899,0.));
#9838 = DIRECTION('',(0.831418017899,-0.55564744174,0.));
#9839 = ORIENTED_CLOSED_SHELL('',*,#9840,.F.);
#9840 = CLOSED_SHELL('',(#9841,#10235,#10266,#10290,#10321,#10690,#10707
    ,#10729,#10746,#10763,#10785,#10807,#10824,#10841,#10858,#10875,
    #10897,#10914,#10931,#10953,#10975,#10992,#11009,#11026,#11043,
    #11055,#11067,#11079,#11096,#11108,#11120,#11137,#11149,#11161,
    #11173,#11195,#11212,#11229,#11251,#11273,#11295,#11312,#11334,
    #11351,#11368,#11380,#11392,#11404,#11421,#11433));
#9841 = ADVANCED_FACE('',(#9842,#10100),#10230,.F.);
#9842 = FACE_BOUND('',#9843,.F.);
#9843 = EDGE_LOOP('',(#9844,#9854,#9862,#9870,#9878,#9886,#9894,#9902,
    #9910,#9918,#9926,#9934,#9942,#9950,#9958,#9966,#9974,#9982,#9990,
    #9998,#10006,#10014,#10022,#10030,#10038,#10046,#10054,#10062,#10070
    ,#10078,#10086,#10094));
#9844 = ORIENTED_EDGE('',*,*,#9845,.F.);
#9845 = EDGE_CURVE('',#9846,#9848,#9850,.T.);
#9846 = VERTEX_POINT('',#9847);
#9847 = CARTESIAN_POINT('',(7.228360176086,25.148000717163,4.));
#9848 = VERTEX_POINT('',#9849);
#9849 = CARTESIAN_POINT('',(7.057640075684,24.585300445557,4.));
#9850 = LINE('',#9851,#9852);
#9851 = CARTESIAN_POINT('',(7.228360176086,25.148000717163,4.));
#9852 = VECTOR('',#9853,1.);
#9853 = DIRECTION('',(-0.290326473524,-0.956927655976,0.));
#9854 = ORIENTED_EDGE('',*,*,#9855,.F.);
#9855 = EDGE_CURVE('',#9856,#9846,#9858,.T.);
#9856 = VERTEX_POINT('',#9857);
#9857 = CARTESIAN_POINT('',(7.505589962006,25.666700363159,4.));
#9858 = LINE('',#9859,#9860);
#9859 = CARTESIAN_POINT('',(7.505589962006,25.666700363159,4.));
#9860 = VECTOR('',#9861,1.);
#9861 = DIRECTION('',(-0.471369029741,-0.881936073534,0.));
#9862 = ORIENTED_EDGE('',*,*,#9863,.F.);
#9863 = EDGE_CURVE('',#9864,#9856,#9866,.T.);
#9864 = VERTEX_POINT('',#9865);
#9865 = CARTESIAN_POINT('',(7.878680229187,26.121299743652,4.));
#9866 = LINE('',#9867,#9868);
#9867 = CARTESIAN_POINT('',(7.878680229187,26.121299743652,4.));
#9868 = VECTOR('',#9869,1.);
#9869 = DIRECTION('',(-0.634403645237,-0.773001950134,0.));
#9870 = ORIENTED_EDGE('',*,*,#9871,.F.);
#9871 = EDGE_CURVE('',#9872,#9864,#9874,.T.);
#9872 = VERTEX_POINT('',#9873);
#9873 = CARTESIAN_POINT('',(8.333290100098,26.494400024414,4.));
#9874 = LINE('',#9875,#9876);
#9875 = CARTESIAN_POINT('',(8.333290100098,26.494400024414,4.));
#9876 = VECTOR('',#9877,1.);
#9877 = DIRECTION('',(-0.77300077934,-0.634405071811,0.));
#9878 = ORIENTED_EDGE('',*,*,#9879,.F.);
#9879 = EDGE_CURVE('',#9880,#9872,#9882,.T.);
#9880 = VERTEX_POINT('',#9881);
#9881 = CARTESIAN_POINT('',(8.851949691772,26.771600723267,4.));
#9882 = LINE('',#9883,#9884);
#9883 = CARTESIAN_POINT('',(8.851949691772,26.771600723267,4.));
#9884 = VECTOR('',#9885,1.);
#9885 = DIRECTION('',(-0.881941501874,-0.471358873123,0.));
#9886 = ORIENTED_EDGE('',*,*,#9887,.F.);
#9887 = EDGE_CURVE('',#9888,#9880,#9890,.T.);
#9888 = VERTEX_POINT('',#9889);
#9889 = CARTESIAN_POINT('',(9.414730072021,26.942399978638,4.));
#9890 = LINE('',#9891,#9892);
#9891 = CARTESIAN_POINT('',(9.414730072021,26.942399978638,4.));
#9892 = VECTOR('',#9893,1.);
#9893 = DIRECTION('',(-0.956901741749,-0.290411874134,0.));
#9894 = ORIENTED_EDGE('',*,*,#9895,.F.);
#9895 = EDGE_CURVE('',#9896,#9888,#9898,.T.);
#9896 = VERTEX_POINT('',#9897);
#9897 = CARTESIAN_POINT('',(10.,27.,4.));
#9898 = LINE('',#9899,#9900);
#9899 = CARTESIAN_POINT('',(10.,27.,4.));
#9900 = VECTOR('',#9901,1.);
#9901 = DIRECTION('',(-0.995192027833,-9.794298207117E-02,0.));
#9902 = ORIENTED_EDGE('',*,*,#9903,.F.);
#9903 = EDGE_CURVE('',#9904,#9896,#9906,.T.);
#9904 = VERTEX_POINT('',#9905);
#9905 = CARTESIAN_POINT('',(10.585300445557,26.942399978638,4.));
#9906 = LINE('',#9907,#9908);
#9907 = CARTESIAN_POINT('',(10.585300445557,26.942399978638,4.));
#9908 = VECTOR('',#9909,1.);
#9909 = DIRECTION('',(-0.995192525586,9.79379243063E-02,0.));
#9910 = ORIENTED_EDGE('',*,*,#9911,.F.);
#9911 = EDGE_CURVE('',#9912,#9904,#9914,.T.);
#9912 = VERTEX_POINT('',#9913);
#9913 = CARTESIAN_POINT('',(11.147999763489,26.771600723267,4.));
#9914 = LINE('',#9915,#9916);
#9915 = CARTESIAN_POINT('',(11.147999763489,26.771600723267,4.));
#9916 = VECTOR('',#9917,1.);
#9917 = DIRECTION('',(-0.956890114899,0.29045018163,0.));
#9918 = ORIENTED_EDGE('',*,*,#9919,.F.);
#9919 = EDGE_CURVE('',#9920,#9912,#9922,.T.);
#9920 = VERTEX_POINT('',#9921);
#9921 = CARTESIAN_POINT('',(11.666700363159,26.494400024414,4.));
#9922 = LINE('',#9923,#9924);
#9923 = CARTESIAN_POINT('',(11.666700363159,26.494400024414,4.));
#9924 = VECTOR('',#9925,1.);
#9925 = DIRECTION('',(-0.881956993222,0.47132988671,0.));
#9926 = ORIENTED_EDGE('',*,*,#9927,.F.);
#9927 = EDGE_CURVE('',#9928,#9920,#9930,.T.);
#9928 = VERTEX_POINT('',#9929);
#9929 = CARTESIAN_POINT('',(12.121299743652,26.121299743652,4.));
#9930 = LINE('',#9931,#9932);
#9931 = CARTESIAN_POINT('',(12.121299743652,26.121299743652,4.));
#9932 = VECTOR('',#9933,1.);
#9933 = DIRECTION('',(-0.772993600139,0.63441381932,0.));
#9934 = ORIENTED_EDGE('',*,*,#9935,.F.);
#9935 = EDGE_CURVE('',#9936,#9928,#9938,.T.);
#9936 = VERTEX_POINT('',#9937);
#9937 = CARTESIAN_POINT('',(12.494400024414,25.666700363159,4.));
#9938 = LINE('',#9939,#9940);
#9939 = CARTESIAN_POINT('',(12.494400024414,25.666700363159,4.));
#9940 = VECTOR('',#9941,1.);
#9941 = DIRECTION('',(-0.63441381932,0.772993600139,0.));
#9942 = ORIENTED_EDGE('',*,*,#9943,.F.);
#9943 = EDGE_CURVE('',#9944,#9936,#9946,.T.);
#9944 = VERTEX_POINT('',#9945);
#9945 = CARTESIAN_POINT('',(12.771599769592,25.148000717163,4.));
#9946 = LINE('',#9947,#9948);
#9947 = CARTESIAN_POINT('',(12.771599769592,25.148000717163,4.));
#9948 = VECTOR('',#9949,1.);
#9949 = DIRECTION('',(-0.471329299455,0.881957307059,0.));
#9950 = ORIENTED_EDGE('',*,*,#9951,.F.);
#9951 = EDGE_CURVE('',#9952,#9944,#9954,.T.);
#9952 = VERTEX_POINT('',#9953);
#9953 = CARTESIAN_POINT('',(12.942399978638,24.585300445557,4.));
#9954 = LINE('',#9955,#9956);
#9955 = CARTESIAN_POINT('',(12.942399978638,24.585300445557,4.));
#9956 = VECTOR('',#9957,1.);
#9957 = DIRECTION('',(-0.290451215838,0.956889800979,0.));
#9958 = ORIENTED_EDGE('',*,*,#9959,.F.);
#9959 = EDGE_CURVE('',#9960,#9952,#9962,.T.);
#9960 = VERTEX_POINT('',#9961);
#9961 = CARTESIAN_POINT('',(13.,24.,4.));
#9962 = LINE('',#9963,#9964);
#9963 = CARTESIAN_POINT('',(13.,24.,4.));
#9964 = VECTOR('',#9965,1.);
#9965 = DIRECTION('',(-9.79379243063E-02,0.995192525586,0.));
#9966 = ORIENTED_EDGE('',*,*,#9967,.F.);
#9967 = EDGE_CURVE('',#9968,#9960,#9970,.T.);
#9968 = VERTEX_POINT('',#9969);
#9969 = CARTESIAN_POINT('',(12.942399978638,23.414699554443,4.));
#9970 = LINE('',#9971,#9972);
#9971 = CARTESIAN_POINT('',(12.942399978638,23.414699554443,4.));
#9972 = VECTOR('',#9973,1.);
#9973 = DIRECTION('',(9.79379243063E-02,0.995192525586,0.));
#9974 = ORIENTED_EDGE('',*,*,#9975,.F.);
#9975 = EDGE_CURVE('',#9976,#9968,#9978,.T.);
#9976 = VERTEX_POINT('',#9977);
#9977 = CARTESIAN_POINT('',(12.771599769592,22.851900100708,4.));
#9978 = LINE('',#9979,#9980);
#9979 = CARTESIAN_POINT('',(12.771599769592,22.851900100708,4.));
#9980 = VECTOR('',#9981,1.);
#9981 = DIRECTION('',(0.290404346751,0.956904026216,0.));
#9982 = ORIENTED_EDGE('',*,*,#9983,.F.);
#9983 = EDGE_CURVE('',#9984,#9976,#9986,.T.);
#9984 = VERTEX_POINT('',#9985);
#9985 = CARTESIAN_POINT('',(12.494400024414,22.333299636841,4.));
#9986 = LINE('',#9987,#9988);
#9987 = CARTESIAN_POINT('',(12.494400024414,22.333299636841,4.));
#9988 = VECTOR('',#9989,1.);
#9989 = DIRECTION('',(0.471399411464,0.881919834719,0.));
#9990 = ORIENTED_EDGE('',*,*,#9991,.F.);
#9991 = EDGE_CURVE('',#9992,#9984,#9994,.T.);
#9992 = VERTEX_POINT('',#9993);
#9993 = CARTESIAN_POINT('',(12.121299743652,21.878700256348,4.));
#9994 = LINE('',#9995,#9996);
#9995 = CARTESIAN_POINT('',(12.121299743652,21.878700256348,4.));
#9996 = VECTOR('',#9997,1.);
#9997 = DIRECTION('',(0.63441381932,0.772993600139,0.));
#9998 = ORIENTED_EDGE('',*,*,#9999,.F.);
#9999 = EDGE_CURVE('',#10000,#9992,#10002,.T.);
#10000 = VERTEX_POINT('',#10001);
#10001 = CARTESIAN_POINT('',(11.666700363159,21.505599975586,4.));
#10002 = LINE('',#10003,#10004);
#10003 = CARTESIAN_POINT('',(11.666700363159,21.505599975586,4.));
#10004 = VECTOR('',#10005,1.);
#10005 = DIRECTION('',(0.772993600139,0.63441381932,0.));
#10006 = ORIENTED_EDGE('',*,*,#10007,.F.);
#10007 = EDGE_CURVE('',#10008,#10000,#10010,.T.);
#10008 = VERTEX_POINT('',#10009);
#10009 = CARTESIAN_POINT('',(11.147999763489,21.228399276733,4.));
#10010 = LINE('',#10011,#10012);
#10011 = CARTESIAN_POINT('',(11.147999763489,21.228399276733,4.));
#10012 = VECTOR('',#10013,1.);
#10013 = DIRECTION('',(0.881956993222,0.47132988671,0.));
#10014 = ORIENTED_EDGE('',*,*,#10015,.F.);
#10015 = EDGE_CURVE('',#10016,#10008,#10018,.T.);
#10016 = VERTEX_POINT('',#10017);
#10017 = CARTESIAN_POINT('',(10.585300445557,21.057600021362,4.));
#10018 = LINE('',#10019,#10020);
#10019 = CARTESIAN_POINT('',(10.585300445557,21.057600021362,4.));
#10020 = VECTOR('',#10021,1.);
#10021 = DIRECTION('',(0.956890114899,0.29045018163,0.));
#10022 = ORIENTED_EDGE('',*,*,#10023,.F.);
#10023 = EDGE_CURVE('',#10024,#10016,#10026,.T.);
#10024 = VERTEX_POINT('',#10025);
#10025 = CARTESIAN_POINT('',(10.,21.,4.));
#10026 = LINE('',#10027,#10028);
#10027 = CARTESIAN_POINT('',(10.,21.,4.));
#10028 = VECTOR('',#10029,1.);
#10029 = DIRECTION('',(0.995192525586,9.79379243063E-02,0.));
#10030 = ORIENTED_EDGE('',*,*,#10031,.F.);
#10031 = EDGE_CURVE('',#10032,#10024,#10034,.T.);
#10032 = VERTEX_POINT('',#10033);
#10033 = CARTESIAN_POINT('',(9.414730072021,21.057600021362,4.));
#10034 = LINE('',#10035,#10036);
#10035 = CARTESIAN_POINT('',(9.414730072021,21.057600021362,4.));
#10036 = VECTOR('',#10037,1.);
#10037 = DIRECTION('',(0.995192027833,-9.794298207117E-02,0.));
#10038 = ORIENTED_EDGE('',*,*,#10039,.F.);
#10039 = EDGE_CURVE('',#10040,#10032,#10042,.T.);
#10040 = VERTEX_POINT('',#10041);
#10041 = CARTESIAN_POINT('',(8.851949691772,21.228399276733,4.));
#10042 = LINE('',#10043,#10044);
#10043 = CARTESIAN_POINT('',(8.851949691772,21.228399276733,4.));
#10044 = VECTOR('',#10045,1.);
#10045 = DIRECTION('',(0.956901741749,-0.290411874134,0.));
#10046 = ORIENTED_EDGE('',*,*,#10047,.F.);
#10047 = EDGE_CURVE('',#10048,#10040,#10050,.T.);
#10048 = VERTEX_POINT('',#10049);
#10049 = CARTESIAN_POINT('',(8.333290100098,21.505599975586,4.));
#10050 = LINE('',#10051,#10052);
#10051 = CARTESIAN_POINT('',(8.333290100098,21.505599975586,4.));
#10052 = VECTOR('',#10053,1.);
#10053 = DIRECTION('',(0.881941501874,-0.471358873123,0.));
#10054 = ORIENTED_EDGE('',*,*,#10055,.F.);
#10055 = EDGE_CURVE('',#10056,#10048,#10058,.T.);
#10056 = VERTEX_POINT('',#10057);
#10057 = CARTESIAN_POINT('',(7.878680229187,21.878700256348,4.));
#10058 = LINE('',#10059,#10060);
#10059 = CARTESIAN_POINT('',(7.878680229187,21.878700256348,4.));
#10060 = VECTOR('',#10061,1.);
#10061 = DIRECTION('',(0.77300077934,-0.634405071811,0.));
#10062 = ORIENTED_EDGE('',*,*,#10063,.F.);
#10063 = EDGE_CURVE('',#10064,#10056,#10066,.T.);
#10064 = VERTEX_POINT('',#10065);
#10065 = CARTESIAN_POINT('',(7.505589962006,22.333299636841,4.));
#10066 = LINE('',#10067,#10068);
#10067 = CARTESIAN_POINT('',(7.505589962006,22.333299636841,4.));
#10068 = VECTOR('',#10069,1.);
#10069 = DIRECTION('',(0.634403645237,-0.773001950134,0.));
#10070 = ORIENTED_EDGE('',*,*,#10071,.F.);
#10071 = EDGE_CURVE('',#10072,#10064,#10074,.T.);
#10072 = VERTEX_POINT('',#10073);
#10073 = CARTESIAN_POINT('',(7.228360176086,22.851900100708,4.));
#10074 = LINE('',#10075,#10076);
#10075 = CARTESIAN_POINT('',(7.228360176086,22.851900100708,4.));
#10076 = VECTOR('',#10077,1.);
#10077 = DIRECTION('',(0.471439144283,-0.881898595779,0.));
#10078 = ORIENTED_EDGE('',*,*,#10079,.F.);
#10079 = EDGE_CURVE('',#10080,#10072,#10082,.T.);
#10080 = VERTEX_POINT('',#10081);
#10081 = CARTESIAN_POINT('',(7.057640075684,23.414699554443,4.));
#10082 = LINE('',#10083,#10084);
#10083 = CARTESIAN_POINT('',(7.057640075684,23.414699554443,4.));
#10084 = VECTOR('',#10085,1.);
#10085 = DIRECTION('',(0.29027962086,-0.956941869558,0.));
#10086 = ORIENTED_EDGE('',*,*,#10087,.F.);
#10087 = EDGE_CURVE('',#10088,#10080,#10090,.T.);
#10088 = VERTEX_POINT('',#10089);
#10089 = CARTESIAN_POINT('',(7.,24.,4.));
#10090 = LINE('',#10091,#10092);
#10091 = CARTESIAN_POINT('',(7.,24.,4.));
#10092 = VECTOR('',#10093,1.);
#10093 = DIRECTION('',(9.800537516656E-02,-0.995185885369,0.));
#10094 = ORIENTED_EDGE('',*,*,#10095,.F.);
#10095 = EDGE_CURVE('',#9848,#10088,#10096,.T.);
#10096 = LINE('',#10097,#10098);
#10097 = CARTESIAN_POINT('',(7.057640075684,24.585300445557,4.));
#10098 = VECTOR('',#10099,1.);
#10099 = DIRECTION('',(-9.800537516656E-02,-0.995185885369,0.));
#10100 = FACE_BOUND('',#10101,.F.);
#10101 = EDGE_LOOP('',(#10102,#10112,#10120,#10128,#10136,#10144,#10152,
    #10160,#10168,#10176,#10184,#10192,#10200,#10208,#10216,#10224));
#10102 = ORIENTED_EDGE('',*,*,#10103,.T.);
#10103 = EDGE_CURVE('',#10104,#10106,#10108,.T.);
#10104 = VERTEX_POINT('',#10105);
#10105 = CARTESIAN_POINT('',(8.845149993896,24.478399276733,4.));
#10106 = VERTEX_POINT('',#10107);
#10107 = CARTESIAN_POINT('',(8.75,24.,4.));
#10108 = LINE('',#10109,#10110);
#10109 = CARTESIAN_POINT('',(8.845149993896,24.478399276733,4.));
#10110 = VECTOR('',#10111,1.);
#10111 = DIRECTION('',(-0.195071510356,-0.980789022088,0.));
#10112 = ORIENTED_EDGE('',*,*,#10113,.T.);
#10113 = EDGE_CURVE('',#10106,#10114,#10116,.T.);
#10114 = VERTEX_POINT('',#10115);
#10115 = CARTESIAN_POINT('',(8.845149993896,23.521600723267,4.));
#10116 = LINE('',#10117,#10118);
#10117 = CARTESIAN_POINT('',(8.75,24.,4.));
#10118 = VECTOR('',#10119,1.);
#10119 = DIRECTION('',(0.195071510356,-0.980789022088,0.));
#10120 = ORIENTED_EDGE('',*,*,#10121,.T.);
#10121 = EDGE_CURVE('',#10114,#10122,#10124,.T.);
#10122 = VERTEX_POINT('',#10123);
#10123 = CARTESIAN_POINT('',(9.11612033844,23.116100311279,4.));
#10124 = LINE('',#10125,#10126);
#10125 = CARTESIAN_POINT('',(8.845149993896,23.521600723267,4.));
#10126 = VECTOR('',#10127,1.);
#10127 = DIRECTION('',(0.555603731351,-0.831447228457,0.));
#10128 = ORIENTED_EDGE('',*,*,#10129,.T.);
#10129 = EDGE_CURVE('',#10122,#10130,#10132,.T.);
#10130 = VERTEX_POINT('',#10131);
#10131 = CARTESIAN_POINT('',(9.521650314331,22.845100402832,4.));
#10132 = LINE('',#10133,#10134);
#10133 = CARTESIAN_POINT('',(9.11612033844,23.116100311279,4.));
#10134 = VECTOR('',#10135,1.);
#10135 = DIRECTION('',(0.83143793875,-0.555617632916,0.));
#10136 = ORIENTED_EDGE('',*,*,#10137,.T.);
#10137 = EDGE_CURVE('',#10130,#10138,#10140,.T.);
#10138 = VERTEX_POINT('',#10139);
#10139 = CARTESIAN_POINT('',(10.,22.75,4.));
#10140 = LINE('',#10141,#10142);
#10141 = CARTESIAN_POINT('',(9.521650314331,22.845100402832,4.));
#10142 = VECTOR('',#10143,1.);
#10143 = DIRECTION('',(0.980804603739,-0.194993151892,0.));
#10144 = ORIENTED_EDGE('',*,*,#10145,.T.);
#10145 = EDGE_CURVE('',#10138,#10146,#10148,.T.);
#10146 = VERTEX_POINT('',#10147);
#10147 = CARTESIAN_POINT('',(10.478400230408,22.845100402832,4.));
#10148 = LINE('',#10149,#10150);
#10149 = CARTESIAN_POINT('',(10.,22.75,4.));
#10150 = VECTOR('',#10151,1.);
#10151 = DIRECTION('',(0.980808543641,0.194973333357,0.));
#10152 = ORIENTED_EDGE('',*,*,#10153,.T.);
#10153 = EDGE_CURVE('',#10146,#10154,#10156,.T.);
#10154 = VERTEX_POINT('',#10155);
#10155 = CARTESIAN_POINT('',(10.883899688721,23.116100311279,4.));
#10156 = LINE('',#10157,#10158);
#10157 = CARTESIAN_POINT('',(10.478400230408,22.845100402832,4.));
#10158 = VECTOR('',#10159,1.);
#10159 = DIRECTION('',(0.831418621608,0.555646538406,0.));
#10160 = ORIENTED_EDGE('',*,*,#10161,.T.);
#10161 = EDGE_CURVE('',#10154,#10162,#10164,.T.);
#10162 = VERTEX_POINT('',#10163);
#10163 = CARTESIAN_POINT('',(11.154800415039,23.521600723267,4.));
#10164 = LINE('',#10165,#10166);
#10165 = CARTESIAN_POINT('',(10.883899688721,23.116100311279,4.));
#10166 = VECTOR('',#10167,1.);
#10167 = DIRECTION('',(0.555505038117,0.831513170447,0.));
#10168 = ORIENTED_EDGE('',*,*,#10169,.T.);
#10169 = EDGE_CURVE('',#10162,#10170,#10172,.T.);
#10170 = VERTEX_POINT('',#10171);
#10171 = CARTESIAN_POINT('',(11.25,24.,4.));
#10172 = LINE('',#10173,#10174);
#10173 = CARTESIAN_POINT('',(11.154800415039,23.521600723267,4.));
#10174 = VECTOR('',#10175,1.);
#10175 = DIRECTION('',(0.195169307637,0.98076956588,0.));
#10176 = ORIENTED_EDGE('',*,*,#10177,.T.);
#10177 = EDGE_CURVE('',#10170,#10178,#10180,.T.);
#10178 = VERTEX_POINT('',#10179);
#10179 = CARTESIAN_POINT('',(11.154800415039,24.478399276733,4.));
#10180 = LINE('',#10181,#10182);
#10181 = CARTESIAN_POINT('',(11.25,24.,4.));
#10182 = VECTOR('',#10183,1.);
#10183 = DIRECTION('',(-0.195169307637,0.98076956588,0.));
#10184 = ORIENTED_EDGE('',*,*,#10185,.T.);
#10185 = EDGE_CURVE('',#10178,#10186,#10188,.T.);
#10186 = VERTEX_POINT('',#10187);
#10187 = CARTESIAN_POINT('',(10.883899688721,24.883899688721,4.));
#10188 = LINE('',#10189,#10190);
#10189 = CARTESIAN_POINT('',(11.154800415039,24.478399276733,4.));
#10190 = VECTOR('',#10191,1.);
#10191 = DIRECTION('',(-0.555505038117,0.831513170447,0.));
#10192 = ORIENTED_EDGE('',*,*,#10193,.T.);
#10193 = EDGE_CURVE('',#10186,#10194,#10196,.T.);
#10194 = VERTEX_POINT('',#10195);
#10195 = CARTESIAN_POINT('',(10.478400230408,25.154899597168,4.));
#10196 = LINE('',#10197,#10198);
#10197 = CARTESIAN_POINT('',(10.883899688721,24.883899688721,4.));
#10198 = VECTOR('',#10199,1.);
#10199 = DIRECTION('',(-0.831418621608,0.555646538406,0.));
#10200 = ORIENTED_EDGE('',*,*,#10201,.T.);
#10201 = EDGE_CURVE('',#10194,#10202,#10204,.T.);
#10202 = VERTEX_POINT('',#10203);
#10203 = CARTESIAN_POINT('',(10.,25.25,4.));
#10204 = LINE('',#10205,#10206);
#10205 = CARTESIAN_POINT('',(10.478400230408,25.154899597168,4.));
#10206 = VECTOR('',#10207,1.);
#10207 = DIRECTION('',(-0.980808543641,0.194973333357,0.));
#10208 = ORIENTED_EDGE('',*,*,#10209,.T.);
#10209 = EDGE_CURVE('',#10202,#10210,#10212,.T.);
#10210 = VERTEX_POINT('',#10211);
#10211 = CARTESIAN_POINT('',(9.521650314331,25.154899597168,4.));
#10212 = LINE('',#10213,#10214);
#10213 = CARTESIAN_POINT('',(10.,25.25,4.));
#10214 = VECTOR('',#10215,1.);
#10215 = DIRECTION('',(-0.980804603739,-0.194993151892,0.));
#10216 = ORIENTED_EDGE('',*,*,#10217,.T.);
#10217 = EDGE_CURVE('',#10210,#10218,#10220,.T.);
#10218 = VERTEX_POINT('',#10219);
#10219 = CARTESIAN_POINT('',(9.11612033844,24.883899688721,4.));
#10220 = LINE('',#10221,#10222);
#10221 = CARTESIAN_POINT('',(9.521650314331,25.154899597168,4.));
#10222 = VECTOR('',#10223,1.);
#10223 = DIRECTION('',(-0.83143793875,-0.555617632916,0.));
#10224 = ORIENTED_EDGE('',*,*,#10225,.T.);
#10225 = EDGE_CURVE('',#10218,#10104,#10226,.T.);
#10226 = LINE('',#10227,#10228);
#10227 = CARTESIAN_POINT('',(9.11612033844,24.883899688721,4.));
#10228 = VECTOR('',#10229,1.);
#10229 = DIRECTION('',(-0.555603731351,-0.831447228457,0.));
#10230 = PLANE('',#10231);
#10231 = AXIS2_PLACEMENT_3D('',#10232,#10233,#10234);
#10232 = CARTESIAN_POINT('',(9.999997271327,23.99999814257,4.));
#10233 = DIRECTION('',(-0.,-0.,-1.));
#10234 = DIRECTION('',(-1.,0.,0.));
#10235 = ADVANCED_FACE('',(#10236),#10261,.F.);
#10236 = FACE_BOUND('',#10237,.F.);
#10237 = EDGE_LOOP('',(#10238,#10246,#10247,#10255));
#10238 = ORIENTED_EDGE('',*,*,#10239,.T.);
#10239 = EDGE_CURVE('',#10240,#9846,#10242,.T.);
#10240 = VERTEX_POINT('',#10241);
#10241 = CARTESIAN_POINT('',(7.228360176086,25.148000717163,6.));
#10242 = LINE('',#10243,#10244);
#10243 = CARTESIAN_POINT('',(7.228360176086,25.148000717163,6.));
#10244 = VECTOR('',#10245,1.);
#10245 = DIRECTION('',(0.,0.,-1.));
#10246 = ORIENTED_EDGE('',*,*,#9845,.T.);
#10247 = ORIENTED_EDGE('',*,*,#10248,.F.);
#10248 = EDGE_CURVE('',#10249,#9848,#10251,.T.);
#10249 = VERTEX_POINT('',#10250);
#10250 = CARTESIAN_POINT('',(7.057640075684,24.585300445557,6.));
#10251 = LINE('',#10252,#10253);
#10252 = CARTESIAN_POINT('',(7.057640075684,24.585300445557,6.));
#10253 = VECTOR('',#10254,1.);
#10254 = DIRECTION('',(0.,0.,-1.));
#10255 = ORIENTED_EDGE('',*,*,#10256,.F.);
#10256 = EDGE_CURVE('',#10240,#10249,#10257,.T.);
#10257 = LINE('',#10258,#10259);
#10258 = CARTESIAN_POINT('',(7.228360176086,25.148000717163,6.));
#10259 = VECTOR('',#10260,1.);
#10260 = DIRECTION('',(-0.290326473524,-0.956927655976,0.));
#10261 = PLANE('',#10262);
#10262 = AXIS2_PLACEMENT_3D('',#10263,#10264,#10265);
#10263 = CARTESIAN_POINT('',(7.143000125885,24.86665058136,5.));
#10264 = DIRECTION('',(-0.956927655976,0.290326473524,-0.));
#10265 = DIRECTION('',(-0.290326473524,-0.956927655976,0.));
#10266 = ADVANCED_FACE('',(#10267),#10285,.F.);
#10267 = FACE_BOUND('',#10268,.F.);
#10268 = EDGE_LOOP('',(#10269,#10270,#10271,#10279));
#10269 = ORIENTED_EDGE('',*,*,#10248,.T.);
#10270 = ORIENTED_EDGE('',*,*,#10095,.T.);
#10271 = ORIENTED_EDGE('',*,*,#10272,.T.);
#10272 = EDGE_CURVE('',#10088,#10273,#10275,.T.);
#10273 = VERTEX_POINT('',#10274);
#10274 = CARTESIAN_POINT('',(7.,24.,6.));
#10275 = LINE('',#10276,#10277);
#10276 = CARTESIAN_POINT('',(7.,24.,4.));
#10277 = VECTOR('',#10278,1.);
#10278 = DIRECTION('',(0.,0.,1.));
#10279 = ORIENTED_EDGE('',*,*,#10280,.F.);
#10280 = EDGE_CURVE('',#10249,#10273,#10281,.T.);
#10281 = LINE('',#10282,#10283);
#10282 = CARTESIAN_POINT('',(7.057640075684,24.585300445557,6.));
#10283 = VECTOR('',#10284,1.);
#10284 = DIRECTION('',(-9.800537516656E-02,-0.995185885369,0.));
#10285 = PLANE('',#10286);
#10286 = AXIS2_PLACEMENT_3D('',#10287,#10288,#10289);
#10287 = CARTESIAN_POINT('',(7.028820037842,24.292650222778,5.));
#10288 = DIRECTION('',(-0.995185885369,9.800537516656E-02,-0.));
#10289 = DIRECTION('',(-9.800537516656E-02,-0.995185885369,0.));
#10290 = ADVANCED_FACE('',(#10291),#10316,.F.);
#10291 = FACE_BOUND('',#10292,.F.);
#10292 = EDGE_LOOP('',(#10293,#10301,#10302,#10310));
#10293 = ORIENTED_EDGE('',*,*,#10294,.T.);
#10294 = EDGE_CURVE('',#10295,#10080,#10297,.T.);
#10295 = VERTEX_POINT('',#10296);
#10296 = CARTESIAN_POINT('',(7.057640075684,23.414699554443,6.));
#10297 = LINE('',#10298,#10299);
#10298 = CARTESIAN_POINT('',(7.057640075684,23.414699554443,6.));
#10299 = VECTOR('',#10300,1.);
#10300 = DIRECTION('',(0.,0.,-1.));
#10301 = ORIENTED_EDGE('',*,*,#10079,.T.);
#10302 = ORIENTED_EDGE('',*,*,#10303,.F.);
#10303 = EDGE_CURVE('',#10304,#10072,#10306,.T.);
#10304 = VERTEX_POINT('',#10305);
#10305 = CARTESIAN_POINT('',(7.228360176086,22.851900100708,6.));
#10306 = LINE('',#10307,#10308);
#10307 = CARTESIAN_POINT('',(7.228360176086,22.851900100708,6.));
#10308 = VECTOR('',#10309,1.);
#10309 = DIRECTION('',(0.,0.,-1.));
#10310 = ORIENTED_EDGE('',*,*,#10311,.F.);
#10311 = EDGE_CURVE('',#10295,#10304,#10312,.T.);
#10312 = LINE('',#10313,#10314);
#10313 = CARTESIAN_POINT('',(7.057640075684,23.414699554443,6.));
#10314 = VECTOR('',#10315,1.);
#10315 = DIRECTION('',(0.29027962086,-0.956941869558,0.));
#10316 = PLANE('',#10317);
#10317 = AXIS2_PLACEMENT_3D('',#10318,#10319,#10320);
#10318 = CARTESIAN_POINT('',(7.143000125885,23.133299827576,5.));
#10319 = DIRECTION('',(-0.956941869558,-0.29027962086,-0.));
#10320 = DIRECTION('',(0.29027962086,-0.956941869558,0.));
#10321 = ADVANCED_FACE('',(#10322,#10555),#10685,.F.);
#10322 = FACE_BOUND('',#10323,.F.);
#10323 = EDGE_LOOP('',(#10324,#10325,#10333,#10341,#10349,#10357,#10365,
    #10373,#10381,#10389,#10397,#10405,#10413,#10421,#10429,#10437,
    #10445,#10453,#10461,#10469,#10477,#10485,#10493,#10501,#10509,
    #10517,#10525,#10533,#10541,#10547,#10548,#10549));
#10324 = ORIENTED_EDGE('',*,*,#10311,.T.);
#10325 = ORIENTED_EDGE('',*,*,#10326,.F.);
#10326 = EDGE_CURVE('',#10327,#10304,#10329,.T.);
#10327 = VERTEX_POINT('',#10328);
#10328 = CARTESIAN_POINT('',(7.505589962006,22.333299636841,6.));
#10329 = LINE('',#10330,#10331);
#10330 = CARTESIAN_POINT('',(7.505589962006,22.333299636841,6.));
#10331 = VECTOR('',#10332,1.);
#10332 = DIRECTION('',(-0.471439144283,0.881898595779,0.));
#10333 = ORIENTED_EDGE('',*,*,#10334,.T.);
#10334 = EDGE_CURVE('',#10327,#10335,#10337,.T.);
#10335 = VERTEX_POINT('',#10336);
#10336 = CARTESIAN_POINT('',(7.878680229187,21.878700256348,6.));
#10337 = LINE('',#10338,#10339);
#10338 = CARTESIAN_POINT('',(7.505589962006,22.333299636841,6.));
#10339 = VECTOR('',#10340,1.);
#10340 = DIRECTION('',(0.634403645237,-0.773001950134,0.));
#10341 = ORIENTED_EDGE('',*,*,#10342,.T.);
#10342 = EDGE_CURVE('',#10335,#10343,#10345,.T.);
#10343 = VERTEX_POINT('',#10344);
#10344 = CARTESIAN_POINT('',(8.333290100098,21.505599975586,6.));
#10345 = LINE('',#10346,#10347);
#10346 = CARTESIAN_POINT('',(7.878680229187,21.878700256348,6.));
#10347 = VECTOR('',#10348,1.);
#10348 = DIRECTION('',(0.77300077934,-0.634405071811,0.));
#10349 = ORIENTED_EDGE('',*,*,#10350,.F.);
#10350 = EDGE_CURVE('',#10351,#10343,#10353,.T.);
#10351 = VERTEX_POINT('',#10352);
#10352 = CARTESIAN_POINT('',(8.851949691772,21.228399276733,6.));
#10353 = LINE('',#10354,#10355);
#10354 = CARTESIAN_POINT('',(8.851949691772,21.228399276733,6.));
#10355 = VECTOR('',#10356,1.);
#10356 = DIRECTION('',(-0.881941501874,0.471358873123,0.));
#10357 = ORIENTED_EDGE('',*,*,#10358,.F.);
#10358 = EDGE_CURVE('',#10359,#10351,#10361,.T.);
#10359 = VERTEX_POINT('',#10360);
#10360 = CARTESIAN_POINT('',(9.414730072021,21.057600021362,6.));
#10361 = LINE('',#10362,#10363);
#10362 = CARTESIAN_POINT('',(9.414730072021,21.057600021362,6.));
#10363 = VECTOR('',#10364,1.);
#10364 = DIRECTION('',(-0.956901741749,0.290411874134,0.));
#10365 = ORIENTED_EDGE('',*,*,#10366,.F.);
#10366 = EDGE_CURVE('',#10367,#10359,#10369,.T.);
#10367 = VERTEX_POINT('',#10368);
#10368 = CARTESIAN_POINT('',(10.,21.,6.));
#10369 = LINE('',#10370,#10371);
#10370 = CARTESIAN_POINT('',(10.,21.,6.));
#10371 = VECTOR('',#10372,1.);
#10372 = DIRECTION('',(-0.995192027833,9.794298207117E-02,0.));
#10373 = ORIENTED_EDGE('',*,*,#10374,.T.);
#10374 = EDGE_CURVE('',#10367,#10375,#10377,.T.);
#10375 = VERTEX_POINT('',#10376);
#10376 = CARTESIAN_POINT('',(10.585300445557,21.057600021362,6.));
#10377 = LINE('',#10378,#10379);
#10378 = CARTESIAN_POINT('',(10.,21.,6.));
#10379 = VECTOR('',#10380,1.);
#10380 = DIRECTION('',(0.995192525586,9.79379243063E-02,0.));
#10381 = ORIENTED_EDGE('',*,*,#10382,.F.);
#10382 = EDGE_CURVE('',#10383,#10375,#10385,.T.);
#10383 = VERTEX_POINT('',#10384);
#10384 = CARTESIAN_POINT('',(11.147999763489,21.228399276733,6.));
#10385 = LINE('',#10386,#10387);
#10386 = CARTESIAN_POINT('',(11.147999763489,21.228399276733,6.));
#10387 = VECTOR('',#10388,1.);
#10388 = DIRECTION('',(-0.956890114899,-0.29045018163,0.));
#10389 = ORIENTED_EDGE('',*,*,#10390,.F.);
#10390 = EDGE_CURVE('',#10391,#10383,#10393,.T.);
#10391 = VERTEX_POINT('',#10392);
#10392 = CARTESIAN_POINT('',(11.666700363159,21.505599975586,6.));
#10393 = LINE('',#10394,#10395);
#10394 = CARTESIAN_POINT('',(11.666700363159,21.505599975586,6.));
#10395 = VECTOR('',#10396,1.);
#10396 = DIRECTION('',(-0.881956993222,-0.47132988671,0.));
#10397 = ORIENTED_EDGE('',*,*,#10398,.F.);
#10398 = EDGE_CURVE('',#10399,#10391,#10401,.T.);
#10399 = VERTEX_POINT('',#10400);
#10400 = CARTESIAN_POINT('',(12.121299743652,21.878700256348,6.));
#10401 = LINE('',#10402,#10403);
#10402 = CARTESIAN_POINT('',(12.121299743652,21.878700256348,6.));
#10403 = VECTOR('',#10404,1.);
#10404 = DIRECTION('',(-0.772993600139,-0.63441381932,0.));
#10405 = ORIENTED_EDGE('',*,*,#10406,.F.);
#10406 = EDGE_CURVE('',#10407,#10399,#10409,.T.);
#10407 = VERTEX_POINT('',#10408);
#10408 = CARTESIAN_POINT('',(12.494400024414,22.333299636841,6.));
#10409 = LINE('',#10410,#10411);
#10410 = CARTESIAN_POINT('',(12.494400024414,22.333299636841,6.));
#10411 = VECTOR('',#10412,1.);
#10412 = DIRECTION('',(-0.63441381932,-0.772993600139,0.));
#10413 = ORIENTED_EDGE('',*,*,#10414,.T.);
#10414 = EDGE_CURVE('',#10407,#10415,#10417,.T.);
#10415 = VERTEX_POINT('',#10416);
#10416 = CARTESIAN_POINT('',(12.771599769592,22.851900100708,6.));
#10417 = LINE('',#10418,#10419);
#10418 = CARTESIAN_POINT('',(12.494400024414,22.333299636841,6.));
#10419 = VECTOR('',#10420,1.);
#10420 = DIRECTION('',(0.471399411464,0.881919834719,0.));
#10421 = ORIENTED_EDGE('',*,*,#10422,.T.);
#10422 = EDGE_CURVE('',#10415,#10423,#10425,.T.);
#10423 = VERTEX_POINT('',#10424);
#10424 = CARTESIAN_POINT('',(12.942399978638,23.414699554443,6.));
#10425 = LINE('',#10426,#10427);
#10426 = CARTESIAN_POINT('',(12.771599769592,22.851900100708,6.));
#10427 = VECTOR('',#10428,1.);
#10428 = DIRECTION('',(0.290404346751,0.956904026216,0.));
#10429 = ORIENTED_EDGE('',*,*,#10430,.F.);
#10430 = EDGE_CURVE('',#10431,#10423,#10433,.T.);
#10431 = VERTEX_POINT('',#10432);
#10432 = CARTESIAN_POINT('',(13.,24.,6.));
#10433 = LINE('',#10434,#10435);
#10434 = CARTESIAN_POINT('',(13.,24.,6.));
#10435 = VECTOR('',#10436,1.);
#10436 = DIRECTION('',(-9.79379243063E-02,-0.995192525586,0.));
#10437 = ORIENTED_EDGE('',*,*,#10438,.F.);
#10438 = EDGE_CURVE('',#10439,#10431,#10441,.T.);
#10439 = VERTEX_POINT('',#10440);
#10440 = CARTESIAN_POINT('',(12.942399978638,24.585300445557,6.));
#10441 = LINE('',#10442,#10443);
#10442 = CARTESIAN_POINT('',(12.942399978638,24.585300445557,6.));
#10443 = VECTOR('',#10444,1.);
#10444 = DIRECTION('',(9.79379243063E-02,-0.995192525586,0.));
#10445 = ORIENTED_EDGE('',*,*,#10446,.F.);
#10446 = EDGE_CURVE('',#10447,#10439,#10449,.T.);
#10447 = VERTEX_POINT('',#10448);
#10448 = CARTESIAN_POINT('',(12.771599769592,25.148000717163,6.));
#10449 = LINE('',#10450,#10451);
#10450 = CARTESIAN_POINT('',(12.771599769592,25.148000717163,6.));
#10451 = VECTOR('',#10452,1.);
#10452 = DIRECTION('',(0.290451215838,-0.956889800979,0.));
#10453 = ORIENTED_EDGE('',*,*,#10454,.F.);
#10454 = EDGE_CURVE('',#10455,#10447,#10457,.T.);
#10455 = VERTEX_POINT('',#10456);
#10456 = CARTESIAN_POINT('',(12.494400024414,25.666700363159,6.));
#10457 = LINE('',#10458,#10459);
#10458 = CARTESIAN_POINT('',(12.494400024414,25.666700363159,6.));
#10459 = VECTOR('',#10460,1.);
#10460 = DIRECTION('',(0.471329299455,-0.881957307059,0.));
#10461 = ORIENTED_EDGE('',*,*,#10462,.F.);
#10462 = EDGE_CURVE('',#10463,#10455,#10465,.T.);
#10463 = VERTEX_POINT('',#10464);
#10464 = CARTESIAN_POINT('',(12.121299743652,26.121299743652,6.));
#10465 = LINE('',#10466,#10467);
#10466 = CARTESIAN_POINT('',(12.121299743652,26.121299743652,6.));
#10467 = VECTOR('',#10468,1.);
#10468 = DIRECTION('',(0.63441381932,-0.772993600139,0.));
#10469 = ORIENTED_EDGE('',*,*,#10470,.T.);
#10470 = EDGE_CURVE('',#10463,#10471,#10473,.T.);
#10471 = VERTEX_POINT('',#10472);
#10472 = CARTESIAN_POINT('',(11.666700363159,26.494400024414,6.));
#10473 = LINE('',#10474,#10475);
#10474 = CARTESIAN_POINT('',(12.121299743652,26.121299743652,6.));
#10475 = VECTOR('',#10476,1.);
#10476 = DIRECTION('',(-0.772993600139,0.63441381932,0.));
#10477 = ORIENTED_EDGE('',*,*,#10478,.T.);
#10478 = EDGE_CURVE('',#10471,#10479,#10481,.T.);
#10479 = VERTEX_POINT('',#10480);
#10480 = CARTESIAN_POINT('',(11.147999763489,26.771600723267,6.));
#10481 = LINE('',#10482,#10483);
#10482 = CARTESIAN_POINT('',(11.666700363159,26.494400024414,6.));
#10483 = VECTOR('',#10484,1.);
#10484 = DIRECTION('',(-0.881956993222,0.47132988671,0.));
#10485 = ORIENTED_EDGE('',*,*,#10486,.F.);
#10486 = EDGE_CURVE('',#10487,#10479,#10489,.T.);
#10487 = VERTEX_POINT('',#10488);
#10488 = CARTESIAN_POINT('',(10.585300445557,26.942399978638,6.));
#10489 = LINE('',#10490,#10491);
#10490 = CARTESIAN_POINT('',(10.585300445557,26.942399978638,6.));
#10491 = VECTOR('',#10492,1.);
#10492 = DIRECTION('',(0.956890114899,-0.29045018163,0.));
#10493 = ORIENTED_EDGE('',*,*,#10494,.T.);
#10494 = EDGE_CURVE('',#10487,#10495,#10497,.T.);
#10495 = VERTEX_POINT('',#10496);
#10496 = CARTESIAN_POINT('',(10.,27.,6.));
#10497 = LINE('',#10498,#10499);
#10498 = CARTESIAN_POINT('',(10.585300445557,26.942399978638,6.));
#10499 = VECTOR('',#10500,1.);
#10500 = DIRECTION('',(-0.995192525586,9.79379243063E-02,0.));
#10501 = ORIENTED_EDGE('',*,*,#10502,.F.);
#10502 = EDGE_CURVE('',#10503,#10495,#10505,.T.);
#10503 = VERTEX_POINT('',#10504);
#10504 = CARTESIAN_POINT('',(9.414730072021,26.942399978638,6.));
#10505 = LINE('',#10506,#10507);
#10506 = CARTESIAN_POINT('',(9.414730072021,26.942399978638,6.));
#10507 = VECTOR('',#10508,1.);
#10508 = DIRECTION('',(0.995192027833,9.794298207117E-02,0.));
#10509 = ORIENTED_EDGE('',*,*,#10510,.F.);
#10510 = EDGE_CURVE('',#10511,#10503,#10513,.T.);
#10511 = VERTEX_POINT('',#10512);
#10512 = CARTESIAN_POINT('',(8.851949691772,26.771600723267,6.));
#10513 = LINE('',#10514,#10515);
#10514 = CARTESIAN_POINT('',(8.851949691772,26.771600723267,6.));
#10515 = VECTOR('',#10516,1.);
#10516 = DIRECTION('',(0.956901741749,0.290411874134,0.));
#10517 = ORIENTED_EDGE('',*,*,#10518,.F.);
#10518 = EDGE_CURVE('',#10519,#10511,#10521,.T.);
#10519 = VERTEX_POINT('',#10520);
#10520 = CARTESIAN_POINT('',(8.333290100098,26.494400024414,6.));
#10521 = LINE('',#10522,#10523);
#10522 = CARTESIAN_POINT('',(8.333290100098,26.494400024414,6.));
#10523 = VECTOR('',#10524,1.);
#10524 = DIRECTION('',(0.881941501874,0.471358873123,0.));
#10525 = ORIENTED_EDGE('',*,*,#10526,.T.);
#10526 = EDGE_CURVE('',#10519,#10527,#10529,.T.);
#10527 = VERTEX_POINT('',#10528);
#10528 = CARTESIAN_POINT('',(7.878680229187,26.121299743652,6.));
#10529 = LINE('',#10530,#10531);
#10530 = CARTESIAN_POINT('',(8.333290100098,26.494400024414,6.));
#10531 = VECTOR('',#10532,1.);
#10532 = DIRECTION('',(-0.77300077934,-0.634405071811,0.));
#10533 = ORIENTED_EDGE('',*,*,#10534,.F.);
#10534 = EDGE_CURVE('',#10535,#10527,#10537,.T.);
#10535 = VERTEX_POINT('',#10536);
#10536 = CARTESIAN_POINT('',(7.505589962006,25.666700363159,6.));
#10537 = LINE('',#10538,#10539);
#10538 = CARTESIAN_POINT('',(7.505589962006,25.666700363159,6.));
#10539 = VECTOR('',#10540,1.);
#10540 = DIRECTION('',(0.634403645237,0.773001950134,0.));
#10541 = ORIENTED_EDGE('',*,*,#10542,.T.);
#10542 = EDGE_CURVE('',#10535,#10240,#10543,.T.);
#10543 = LINE('',#10544,#10545);
#10544 = CARTESIAN_POINT('',(7.505589962006,25.666700363159,6.));
#10545 = VECTOR('',#10546,1.);
#10546 = DIRECTION('',(-0.471369029741,-0.881936073534,0.));
#10547 = ORIENTED_EDGE('',*,*,#10256,.T.);
#10548 = ORIENTED_EDGE('',*,*,#10280,.T.);
#10549 = ORIENTED_EDGE('',*,*,#10550,.T.);
#10550 = EDGE_CURVE('',#10273,#10295,#10551,.T.);
#10551 = LINE('',#10552,#10553);
#10552 = CARTESIAN_POINT('',(7.,24.,6.));
#10553 = VECTOR('',#10554,1.);
#10554 = DIRECTION('',(9.800537516656E-02,-0.995185885369,0.));
#10555 = FACE_BOUND('',#10556,.F.);
#10556 = EDGE_LOOP('',(#10557,#10567,#10575,#10583,#10591,#10599,#10607,
    #10615,#10623,#10631,#10639,#10647,#10655,#10663,#10671,#10679));
#10557 = ORIENTED_EDGE('',*,*,#10558,.T.);
#10558 = EDGE_CURVE('',#10559,#10561,#10563,.T.);
#10559 = VERTEX_POINT('',#10560);
#10560 = CARTESIAN_POINT('',(8.845149993896,23.521600723267,6.));
#10561 = VERTEX_POINT('',#10562);
#10562 = CARTESIAN_POINT('',(8.75,24.,6.));
#10563 = LINE('',#10564,#10565);
#10564 = CARTESIAN_POINT('',(8.845149993896,23.521600723267,6.));
#10565 = VECTOR('',#10566,1.);
#10566 = DIRECTION('',(-0.195071510356,0.980789022088,0.));
#10567 = ORIENTED_EDGE('',*,*,#10568,.T.);
#10568 = EDGE_CURVE('',#10561,#10569,#10571,.T.);
#10569 = VERTEX_POINT('',#10570);
#10570 = CARTESIAN_POINT('',(8.845149993896,24.478399276733,6.));
#10571 = LINE('',#10572,#10573);
#10572 = CARTESIAN_POINT('',(8.75,24.,6.));
#10573 = VECTOR('',#10574,1.);
#10574 = DIRECTION('',(0.195071510356,0.980789022088,0.));
#10575 = ORIENTED_EDGE('',*,*,#10576,.T.);
#10576 = EDGE_CURVE('',#10569,#10577,#10579,.T.);
#10577 = VERTEX_POINT('',#10578);
#10578 = CARTESIAN_POINT('',(9.11612033844,24.883899688721,6.));
#10579 = LINE('',#10580,#10581);
#10580 = CARTESIAN_POINT('',(8.845149993896,24.478399276733,6.));
#10581 = VECTOR('',#10582,1.);
#10582 = DIRECTION('',(0.555603731351,0.831447228457,0.));
#10583 = ORIENTED_EDGE('',*,*,#10584,.T.);
#10584 = EDGE_CURVE('',#10577,#10585,#10587,.T.);
#10585 = VERTEX_POINT('',#10586);
#10586 = CARTESIAN_POINT('',(9.521650314331,25.154899597168,6.));
#10587 = LINE('',#10588,#10589);
#10588 = CARTESIAN_POINT('',(9.11612033844,24.883899688721,6.));
#10589 = VECTOR('',#10590,1.);
#10590 = DIRECTION('',(0.83143793875,0.555617632916,0.));
#10591 = ORIENTED_EDGE('',*,*,#10592,.T.);
#10592 = EDGE_CURVE('',#10585,#10593,#10595,.T.);
#10593 = VERTEX_POINT('',#10594);
#10594 = CARTESIAN_POINT('',(10.,25.25,6.));
#10595 = LINE('',#10596,#10597);
#10596 = CARTESIAN_POINT('',(9.521650314331,25.154899597168,6.));
#10597 = VECTOR('',#10598,1.);
#10598 = DIRECTION('',(0.980804603739,0.194993151892,0.));
#10599 = ORIENTED_EDGE('',*,*,#10600,.T.);
#10600 = EDGE_CURVE('',#10593,#10601,#10603,.T.);
#10601 = VERTEX_POINT('',#10602);
#10602 = CARTESIAN_POINT('',(10.478400230408,25.154899597168,6.));
#10603 = LINE('',#10604,#10605);
#10604 = CARTESIAN_POINT('',(10.,25.25,6.));
#10605 = VECTOR('',#10606,1.);
#10606 = DIRECTION('',(0.980808543641,-0.194973333357,0.));
#10607 = ORIENTED_EDGE('',*,*,#10608,.T.);
#10608 = EDGE_CURVE('',#10601,#10609,#10611,.T.);
#10609 = VERTEX_POINT('',#10610);
#10610 = CARTESIAN_POINT('',(10.883899688721,24.883899688721,6.));
#10611 = LINE('',#10612,#10613);
#10612 = CARTESIAN_POINT('',(10.478400230408,25.154899597168,6.));
#10613 = VECTOR('',#10614,1.);
#10614 = DIRECTION('',(0.831418621608,-0.555646538406,0.));
#10615 = ORIENTED_EDGE('',*,*,#10616,.T.);
#10616 = EDGE_CURVE('',#10609,#10617,#10619,.T.);
#10617 = VERTEX_POINT('',#10618);
#10618 = CARTESIAN_POINT('',(11.154800415039,24.478399276733,6.));
#10619 = LINE('',#10620,#10621);
#10620 = CARTESIAN_POINT('',(10.883899688721,24.883899688721,6.));
#10621 = VECTOR('',#10622,1.);
#10622 = DIRECTION('',(0.555505038117,-0.831513170447,0.));
#10623 = ORIENTED_EDGE('',*,*,#10624,.T.);
#10624 = EDGE_CURVE('',#10617,#10625,#10627,.T.);
#10625 = VERTEX_POINT('',#10626);
#10626 = CARTESIAN_POINT('',(11.25,24.,6.));
#10627 = LINE('',#10628,#10629);
#10628 = CARTESIAN_POINT('',(11.154800415039,24.478399276733,6.));
#10629 = VECTOR('',#10630,1.);
#10630 = DIRECTION('',(0.195169307637,-0.98076956588,0.));
#10631 = ORIENTED_EDGE('',*,*,#10632,.T.);
#10632 = EDGE_CURVE('',#10625,#10633,#10635,.T.);
#10633 = VERTEX_POINT('',#10634);
#10634 = CARTESIAN_POINT('',(11.154800415039,23.521600723267,6.));
#10635 = LINE('',#10636,#10637);
#10636 = CARTESIAN_POINT('',(11.25,24.,6.));
#10637 = VECTOR('',#10638,1.);
#10638 = DIRECTION('',(-0.195169307637,-0.98076956588,0.));
#10639 = ORIENTED_EDGE('',*,*,#10640,.T.);
#10640 = EDGE_CURVE('',#10633,#10641,#10643,.T.);
#10641 = VERTEX_POINT('',#10642);
#10642 = CARTESIAN_POINT('',(10.883899688721,23.116100311279,6.));
#10643 = LINE('',#10644,#10645);
#10644 = CARTESIAN_POINT('',(11.154800415039,23.521600723267,6.));
#10645 = VECTOR('',#10646,1.);
#10646 = DIRECTION('',(-0.555505038117,-0.831513170447,0.));
#10647 = ORIENTED_EDGE('',*,*,#10648,.T.);
#10648 = EDGE_CURVE('',#10641,#10649,#10651,.T.);
#10649 = VERTEX_POINT('',#10650);
#10650 = CARTESIAN_POINT('',(10.478400230408,22.845100402832,6.));
#10651 = LINE('',#10652,#10653);
#10652 = CARTESIAN_POINT('',(10.883899688721,23.116100311279,6.));
#10653 = VECTOR('',#10654,1.);
#10654 = DIRECTION('',(-0.831418621608,-0.555646538406,0.));
#10655 = ORIENTED_EDGE('',*,*,#10656,.T.);
#10656 = EDGE_CURVE('',#10649,#10657,#10659,.T.);
#10657 = VERTEX_POINT('',#10658);
#10658 = CARTESIAN_POINT('',(10.,22.75,6.));
#10659 = LINE('',#10660,#10661);
#10660 = CARTESIAN_POINT('',(10.478400230408,22.845100402832,6.));
#10661 = VECTOR('',#10662,1.);
#10662 = DIRECTION('',(-0.980808543641,-0.194973333357,0.));
#10663 = ORIENTED_EDGE('',*,*,#10664,.T.);
#10664 = EDGE_CURVE('',#10657,#10665,#10667,.T.);
#10665 = VERTEX_POINT('',#10666);
#10666 = CARTESIAN_POINT('',(9.521650314331,22.845100402832,6.));
#10667 = LINE('',#10668,#10669);
#10668 = CARTESIAN_POINT('',(10.,22.75,6.));
#10669 = VECTOR('',#10670,1.);
#10670 = DIRECTION('',(-0.980804603739,0.194993151892,0.));
#10671 = ORIENTED_EDGE('',*,*,#10672,.T.);
#10672 = EDGE_CURVE('',#10665,#10673,#10675,.T.);
#10673 = VERTEX_POINT('',#10674);
#10674 = CARTESIAN_POINT('',(9.11612033844,23.116100311279,6.));
#10675 = LINE('',#10676,#10677);
#10676 = CARTESIAN_POINT('',(9.521650314331,22.845100402832,6.));
#10677 = VECTOR('',#10678,1.);
#10678 = DIRECTION('',(-0.83143793875,0.555617632916,0.));
#10679 = ORIENTED_EDGE('',*,*,#10680,.T.);
#10680 = EDGE_CURVE('',#10673,#10559,#10681,.T.);
#10681 = LINE('',#10682,#10683);
#10682 = CARTESIAN_POINT('',(9.11612033844,23.116100311279,6.));
#10683 = VECTOR('',#10684,1.);
#10684 = DIRECTION('',(-0.555603731351,0.831447228457,0.));
#10685 = PLANE('',#10686);
#10686 = AXIS2_PLACEMENT_3D('',#10687,#10688,#10689);
#10687 = CARTESIAN_POINT('',(9.999997271327,23.99999814257,6.));
#10688 = DIRECTION('',(0.,0.,1.));
#10689 = DIRECTION('',(1.,0.,-0.));
#10690 = ADVANCED_FACE('',(#10691),#10702,.F.);
#10691 = FACE_BOUND('',#10692,.F.);
#10692 = EDGE_LOOP('',(#10693,#10694,#10695,#10701));
#10693 = ORIENTED_EDGE('',*,*,#10303,.T.);
#10694 = ORIENTED_EDGE('',*,*,#10071,.T.);
#10695 = ORIENTED_EDGE('',*,*,#10696,.T.);
#10696 = EDGE_CURVE('',#10064,#10327,#10697,.T.);
#10697 = LINE('',#10698,#10699);
#10698 = CARTESIAN_POINT('',(7.505589962006,22.333299636841,4.));
#10699 = VECTOR('',#10700,1.);
#10700 = DIRECTION('',(0.,0.,1.));
#10701 = ORIENTED_EDGE('',*,*,#10326,.T.);
#10702 = PLANE('',#10703);
#10703 = AXIS2_PLACEMENT_3D('',#10704,#10705,#10706);
#10704 = CARTESIAN_POINT('',(7.366975069046,22.592599868774,5.));
#10705 = DIRECTION('',(-0.881898595779,-0.471439144283,-0.));
#10706 = DIRECTION('',(0.471439144283,-0.881898595779,0.));
#10707 = ADVANCED_FACE('',(#10708),#10724,.F.);
#10708 = FACE_BOUND('',#10709,.F.);
#10709 = EDGE_LOOP('',(#10710,#10711,#10717,#10718));
#10710 = ORIENTED_EDGE('',*,*,#10350,.T.);
#10711 = ORIENTED_EDGE('',*,*,#10712,.T.);
#10712 = EDGE_CURVE('',#10343,#10048,#10713,.T.);
#10713 = LINE('',#10714,#10715);
#10714 = CARTESIAN_POINT('',(8.333290100098,21.505599975586,6.));
#10715 = VECTOR('',#10716,1.);
#10716 = DIRECTION('',(0.,0.,-1.));
#10717 = ORIENTED_EDGE('',*,*,#10047,.T.);
#10718 = ORIENTED_EDGE('',*,*,#10719,.T.);
#10719 = EDGE_CURVE('',#10040,#10351,#10720,.T.);
#10720 = LINE('',#10721,#10722);
#10721 = CARTESIAN_POINT('',(8.851949691772,21.228399276733,4.));
#10722 = VECTOR('',#10723,1.);
#10723 = DIRECTION('',(0.,0.,1.));
#10724 = PLANE('',#10725);
#10725 = AXIS2_PLACEMENT_3D('',#10726,#10727,#10728);
#10726 = CARTESIAN_POINT('',(8.592619895935,21.36699962616,5.));
#10727 = DIRECTION('',(-0.471358873123,-0.881941501874,-0.));
#10728 = DIRECTION('',(-0.881941501874,0.471358873123,0.));
#10729 = ADVANCED_FACE('',(#10730),#10741,.F.);
#10730 = FACE_BOUND('',#10731,.F.);
#10731 = EDGE_LOOP('',(#10732,#10733,#10734,#10735));
#10732 = ORIENTED_EDGE('',*,*,#10358,.T.);
#10733 = ORIENTED_EDGE('',*,*,#10719,.F.);
#10734 = ORIENTED_EDGE('',*,*,#10039,.T.);
#10735 = ORIENTED_EDGE('',*,*,#10736,.F.);
#10736 = EDGE_CURVE('',#10359,#10032,#10737,.T.);
#10737 = LINE('',#10738,#10739);
#10738 = CARTESIAN_POINT('',(9.414730072021,21.057600021362,6.));
#10739 = VECTOR('',#10740,1.);
#10740 = DIRECTION('',(0.,0.,-1.));
#10741 = PLANE('',#10742);
#10742 = AXIS2_PLACEMENT_3D('',#10743,#10744,#10745);
#10743 = CARTESIAN_POINT('',(9.133339881897,21.142999649048,5.));
#10744 = DIRECTION('',(-0.290411874134,-0.956901741749,-0.));
#10745 = DIRECTION('',(-0.956901741749,0.290411874134,0.));
#10746 = ADVANCED_FACE('',(#10747),#10758,.F.);
#10747 = FACE_BOUND('',#10748,.F.);
#10748 = EDGE_LOOP('',(#10749,#10750,#10751,#10752));
#10749 = ORIENTED_EDGE('',*,*,#10366,.T.);
#10750 = ORIENTED_EDGE('',*,*,#10736,.T.);
#10751 = ORIENTED_EDGE('',*,*,#10031,.T.);
#10752 = ORIENTED_EDGE('',*,*,#10753,.T.);
#10753 = EDGE_CURVE('',#10024,#10367,#10754,.T.);
#10754 = LINE('',#10755,#10756);
#10755 = CARTESIAN_POINT('',(10.,21.,4.));
#10756 = VECTOR('',#10757,1.);
#10757 = DIRECTION('',(0.,0.,1.));
#10758 = PLANE('',#10759);
#10759 = AXIS2_PLACEMENT_3D('',#10760,#10761,#10762);
#10760 = CARTESIAN_POINT('',(9.707365036011,21.028800010681,5.));
#10761 = DIRECTION('',(-9.794298207117E-02,-0.995192027833,-0.));
#10762 = DIRECTION('',(-0.995192027833,9.794298207117E-02,0.));
#10763 = ADVANCED_FACE('',(#10764),#10780,.F.);
#10764 = FACE_BOUND('',#10765,.F.);
#10765 = EDGE_LOOP('',(#10766,#10767,#10773,#10774));
#10766 = ORIENTED_EDGE('',*,*,#10486,.T.);
#10767 = ORIENTED_EDGE('',*,*,#10768,.T.);
#10768 = EDGE_CURVE('',#10479,#9912,#10769,.T.);
#10769 = LINE('',#10770,#10771);
#10770 = CARTESIAN_POINT('',(11.147999763489,26.771600723267,6.));
#10771 = VECTOR('',#10772,1.);
#10772 = DIRECTION('',(0.,0.,-1.));
#10773 = ORIENTED_EDGE('',*,*,#9911,.T.);
#10774 = ORIENTED_EDGE('',*,*,#10775,.T.);
#10775 = EDGE_CURVE('',#9904,#10487,#10776,.T.);
#10776 = LINE('',#10777,#10778);
#10777 = CARTESIAN_POINT('',(10.585300445557,26.942399978638,4.));
#10778 = VECTOR('',#10779,1.);
#10779 = DIRECTION('',(0.,0.,1.));
#10780 = PLANE('',#10781);
#10781 = AXIS2_PLACEMENT_3D('',#10782,#10783,#10784);
#10782 = CARTESIAN_POINT('',(10.866650104523,26.857000350952,5.));
#10783 = DIRECTION('',(0.29045018163,0.956890114899,0.));
#10784 = DIRECTION('',(0.956890114899,-0.29045018163,0.));
#10785 = ADVANCED_FACE('',(#10786),#10802,.F.);
#10786 = FACE_BOUND('',#10787,.F.);
#10787 = EDGE_LOOP('',(#10788,#10794,#10795,#10801));
#10788 = ORIENTED_EDGE('',*,*,#10789,.T.);
#10789 = EDGE_CURVE('',#9928,#10463,#10790,.T.);
#10790 = LINE('',#10791,#10792);
#10791 = CARTESIAN_POINT('',(12.121299743652,26.121299743652,4.));
#10792 = VECTOR('',#10793,1.);
#10793 = DIRECTION('',(0.,0.,1.));
#10794 = ORIENTED_EDGE('',*,*,#10462,.T.);
#10795 = ORIENTED_EDGE('',*,*,#10796,.F.);
#10796 = EDGE_CURVE('',#9936,#10455,#10797,.T.);
#10797 = LINE('',#10798,#10799);
#10798 = CARTESIAN_POINT('',(12.494400024414,25.666700363159,4.));
#10799 = VECTOR('',#10800,1.);
#10800 = DIRECTION('',(0.,0.,1.));
#10801 = ORIENTED_EDGE('',*,*,#9935,.T.);
#10802 = PLANE('',#10803);
#10803 = AXIS2_PLACEMENT_3D('',#10804,#10805,#10806);
#10804 = CARTESIAN_POINT('',(12.307849884033,25.894000053406,5.));
#10805 = DIRECTION('',(0.772993600139,0.63441381932,0.));
#10806 = DIRECTION('',(-0.63441381932,0.772993600139,0.));
#10807 = ADVANCED_FACE('',(#10808),#10819,.F.);
#10808 = FACE_BOUND('',#10809,.F.);
#10809 = EDGE_LOOP('',(#10810,#10811,#10812,#10818));
#10810 = ORIENTED_EDGE('',*,*,#10796,.T.);
#10811 = ORIENTED_EDGE('',*,*,#10454,.T.);
#10812 = ORIENTED_EDGE('',*,*,#10813,.F.);
#10813 = EDGE_CURVE('',#9944,#10447,#10814,.T.);
#10814 = LINE('',#10815,#10816);
#10815 = CARTESIAN_POINT('',(12.771599769592,25.148000717163,4.));
#10816 = VECTOR('',#10817,1.);
#10817 = DIRECTION('',(0.,0.,1.));
#10818 = ORIENTED_EDGE('',*,*,#9943,.T.);
#10819 = PLANE('',#10820);
#10820 = AXIS2_PLACEMENT_3D('',#10821,#10822,#10823);
#10821 = CARTESIAN_POINT('',(12.632999897003,25.407350540161,5.));
#10822 = DIRECTION('',(0.881957307059,0.471329299455,0.));
#10823 = DIRECTION('',(-0.471329299455,0.881957307059,0.));
#10824 = ADVANCED_FACE('',(#10825),#10836,.F.);
#10825 = FACE_BOUND('',#10826,.F.);
#10826 = EDGE_LOOP('',(#10827,#10828,#10829,#10835));
#10827 = ORIENTED_EDGE('',*,*,#10813,.T.);
#10828 = ORIENTED_EDGE('',*,*,#10446,.T.);
#10829 = ORIENTED_EDGE('',*,*,#10830,.T.);
#10830 = EDGE_CURVE('',#10439,#9952,#10831,.T.);
#10831 = LINE('',#10832,#10833);
#10832 = CARTESIAN_POINT('',(12.942399978638,24.585300445557,6.));
#10833 = VECTOR('',#10834,1.);
#10834 = DIRECTION('',(0.,0.,-1.));
#10835 = ORIENTED_EDGE('',*,*,#9951,.T.);
#10836 = PLANE('',#10837);
#10837 = AXIS2_PLACEMENT_3D('',#10838,#10839,#10840);
#10838 = CARTESIAN_POINT('',(12.856999874115,24.86665058136,5.));
#10839 = DIRECTION('',(0.956889800979,0.290451215838,0.));
#10840 = DIRECTION('',(-0.290451215838,0.956889800979,0.));
#10841 = ADVANCED_FACE('',(#10842),#10853,.F.);
#10842 = FACE_BOUND('',#10843,.F.);
#10843 = EDGE_LOOP('',(#10844,#10845,#10846,#10852));
#10844 = ORIENTED_EDGE('',*,*,#10830,.F.);
#10845 = ORIENTED_EDGE('',*,*,#10438,.T.);
#10846 = ORIENTED_EDGE('',*,*,#10847,.T.);
#10847 = EDGE_CURVE('',#10431,#9960,#10848,.T.);
#10848 = LINE('',#10849,#10850);
#10849 = CARTESIAN_POINT('',(13.,24.,6.));
#10850 = VECTOR('',#10851,1.);
#10851 = DIRECTION('',(0.,0.,-1.));
#10852 = ORIENTED_EDGE('',*,*,#9959,.T.);
#10853 = PLANE('',#10854);
#10854 = AXIS2_PLACEMENT_3D('',#10855,#10856,#10857);
#10855 = CARTESIAN_POINT('',(12.971199989319,24.292650222778,5.));
#10856 = DIRECTION('',(0.995192525586,9.79379243063E-02,0.));
#10857 = DIRECTION('',(-9.79379243063E-02,0.995192525586,0.));
#10858 = ADVANCED_FACE('',(#10859),#10870,.F.);
#10859 = FACE_BOUND('',#10860,.F.);
#10860 = EDGE_LOOP('',(#10861,#10862,#10863,#10869));
#10861 = ORIENTED_EDGE('',*,*,#10847,.F.);
#10862 = ORIENTED_EDGE('',*,*,#10430,.T.);
#10863 = ORIENTED_EDGE('',*,*,#10864,.T.);
#10864 = EDGE_CURVE('',#10423,#9968,#10865,.T.);
#10865 = LINE('',#10866,#10867);
#10866 = CARTESIAN_POINT('',(12.942399978638,23.414699554443,6.));
#10867 = VECTOR('',#10868,1.);
#10868 = DIRECTION('',(0.,0.,-1.));
#10869 = ORIENTED_EDGE('',*,*,#9967,.T.);
#10870 = PLANE('',#10871);
#10871 = AXIS2_PLACEMENT_3D('',#10872,#10873,#10874);
#10872 = CARTESIAN_POINT('',(12.971199989319,23.707349777222,5.));
#10873 = DIRECTION('',(0.995192525586,-9.79379243063E-02,0.));
#10874 = DIRECTION('',(9.79379243063E-02,0.995192525586,0.));
#10875 = ADVANCED_FACE('',(#10876),#10892,.F.);
#10876 = FACE_BOUND('',#10877,.F.);
#10877 = EDGE_LOOP('',(#10878,#10879,#10885,#10886));
#10878 = ORIENTED_EDGE('',*,*,#10502,.T.);
#10879 = ORIENTED_EDGE('',*,*,#10880,.T.);
#10880 = EDGE_CURVE('',#10495,#9896,#10881,.T.);
#10881 = LINE('',#10882,#10883);
#10882 = CARTESIAN_POINT('',(10.,27.,6.));
#10883 = VECTOR('',#10884,1.);
#10884 = DIRECTION('',(0.,0.,-1.));
#10885 = ORIENTED_EDGE('',*,*,#9895,.T.);
#10886 = ORIENTED_EDGE('',*,*,#10887,.T.);
#10887 = EDGE_CURVE('',#9888,#10503,#10888,.T.);
#10888 = LINE('',#10889,#10890);
#10889 = CARTESIAN_POINT('',(9.414730072021,26.942399978638,4.));
#10890 = VECTOR('',#10891,1.);
#10891 = DIRECTION('',(0.,0.,1.));
#10892 = PLANE('',#10893);
#10893 = AXIS2_PLACEMENT_3D('',#10894,#10895,#10896);
#10894 = CARTESIAN_POINT('',(9.707365036011,26.971199989319,5.));
#10895 = DIRECTION('',(-9.794298207117E-02,0.995192027833,0.));
#10896 = DIRECTION('',(0.995192027833,9.794298207117E-02,0.));
#10897 = ADVANCED_FACE('',(#10898),#10909,.F.);
#10898 = FACE_BOUND('',#10899,.F.);
#10899 = EDGE_LOOP('',(#10900,#10901,#10902,#10903));
#10900 = ORIENTED_EDGE('',*,*,#10510,.T.);
#10901 = ORIENTED_EDGE('',*,*,#10887,.F.);
#10902 = ORIENTED_EDGE('',*,*,#9887,.T.);
#10903 = ORIENTED_EDGE('',*,*,#10904,.F.);
#10904 = EDGE_CURVE('',#10511,#9880,#10905,.T.);
#10905 = LINE('',#10906,#10907);
#10906 = CARTESIAN_POINT('',(8.851949691772,26.771600723267,6.));
#10907 = VECTOR('',#10908,1.);
#10908 = DIRECTION('',(0.,0.,-1.));
#10909 = PLANE('',#10910);
#10910 = AXIS2_PLACEMENT_3D('',#10911,#10912,#10913);
#10911 = CARTESIAN_POINT('',(9.133339881897,26.857000350952,5.));
#10912 = DIRECTION('',(-0.290411874134,0.956901741749,0.));
#10913 = DIRECTION('',(0.956901741749,0.290411874134,0.));
#10914 = ADVANCED_FACE('',(#10915),#10926,.F.);
#10915 = FACE_BOUND('',#10916,.F.);
#10916 = EDGE_LOOP('',(#10917,#10918,#10919,#10920));
#10917 = ORIENTED_EDGE('',*,*,#10518,.T.);
#10918 = ORIENTED_EDGE('',*,*,#10904,.T.);
#10919 = ORIENTED_EDGE('',*,*,#9879,.T.);
#10920 = ORIENTED_EDGE('',*,*,#10921,.T.);
#10921 = EDGE_CURVE('',#9872,#10519,#10922,.T.);
#10922 = LINE('',#10923,#10924);
#10923 = CARTESIAN_POINT('',(8.333290100098,26.494400024414,4.));
#10924 = VECTOR('',#10925,1.);
#10925 = DIRECTION('',(0.,0.,1.));
#10926 = PLANE('',#10927);
#10927 = AXIS2_PLACEMENT_3D('',#10928,#10929,#10930);
#10928 = CARTESIAN_POINT('',(8.592619895935,26.63300037384,5.));
#10929 = DIRECTION('',(-0.471358873123,0.881941501874,0.));
#10930 = DIRECTION('',(0.881941501874,0.471358873123,0.));
#10931 = ADVANCED_FACE('',(#10932),#10948,.F.);
#10932 = FACE_BOUND('',#10933,.F.);
#10933 = EDGE_LOOP('',(#10934,#10940,#10941,#10947));
#10934 = ORIENTED_EDGE('',*,*,#10935,.T.);
#10935 = EDGE_CURVE('',#10527,#9864,#10936,.T.);
#10936 = LINE('',#10937,#10938);
#10937 = CARTESIAN_POINT('',(7.878680229187,26.121299743652,6.));
#10938 = VECTOR('',#10939,1.);
#10939 = DIRECTION('',(0.,0.,-1.));
#10940 = ORIENTED_EDGE('',*,*,#9863,.T.);
#10941 = ORIENTED_EDGE('',*,*,#10942,.T.);
#10942 = EDGE_CURVE('',#9856,#10535,#10943,.T.);
#10943 = LINE('',#10944,#10945);
#10944 = CARTESIAN_POINT('',(7.505589962006,25.666700363159,4.));
#10945 = VECTOR('',#10946,1.);
#10946 = DIRECTION('',(0.,0.,1.));
#10947 = ORIENTED_EDGE('',*,*,#10534,.T.);
#10948 = PLANE('',#10949);
#10949 = AXIS2_PLACEMENT_3D('',#10950,#10951,#10952);
#10950 = CARTESIAN_POINT('',(7.692135095596,25.894000053406,5.));
#10951 = DIRECTION('',(-0.773001950134,0.634403645237,-0.));
#10952 = DIRECTION('',(-0.634403645237,-0.773001950134,0.));
#10953 = ADVANCED_FACE('',(#10954),#10970,.F.);
#10954 = FACE_BOUND('',#10955,.F.);
#10955 = EDGE_LOOP('',(#10956,#10957,#10963,#10964));
#10956 = ORIENTED_EDGE('',*,*,#10382,.T.);
#10957 = ORIENTED_EDGE('',*,*,#10958,.T.);
#10958 = EDGE_CURVE('',#10375,#10016,#10959,.T.);
#10959 = LINE('',#10960,#10961);
#10960 = CARTESIAN_POINT('',(10.585300445557,21.057600021362,6.));
#10961 = VECTOR('',#10962,1.);
#10962 = DIRECTION('',(0.,0.,-1.));
#10963 = ORIENTED_EDGE('',*,*,#10015,.T.);
#10964 = ORIENTED_EDGE('',*,*,#10965,.T.);
#10965 = EDGE_CURVE('',#10008,#10383,#10966,.T.);
#10966 = LINE('',#10967,#10968);
#10967 = CARTESIAN_POINT('',(11.147999763489,21.228399276733,4.));
#10968 = VECTOR('',#10969,1.);
#10969 = DIRECTION('',(0.,0.,1.));
#10970 = PLANE('',#10971);
#10971 = AXIS2_PLACEMENT_3D('',#10972,#10973,#10974);
#10972 = CARTESIAN_POINT('',(10.866650104523,21.142999649048,5.));
#10973 = DIRECTION('',(0.29045018163,-0.956890114899,-0.));
#10974 = DIRECTION('',(-0.956890114899,-0.29045018163,0.));
#10975 = ADVANCED_FACE('',(#10976),#10987,.F.);
#10976 = FACE_BOUND('',#10977,.F.);
#10977 = EDGE_LOOP('',(#10978,#10979,#10980,#10981));
#10978 = ORIENTED_EDGE('',*,*,#10390,.T.);
#10979 = ORIENTED_EDGE('',*,*,#10965,.F.);
#10980 = ORIENTED_EDGE('',*,*,#10007,.T.);
#10981 = ORIENTED_EDGE('',*,*,#10982,.T.);
#10982 = EDGE_CURVE('',#10000,#10391,#10983,.T.);
#10983 = LINE('',#10984,#10985);
#10984 = CARTESIAN_POINT('',(11.666700363159,21.505599975586,4.));
#10985 = VECTOR('',#10986,1.);
#10986 = DIRECTION('',(0.,0.,1.));
#10987 = PLANE('',#10988);
#10988 = AXIS2_PLACEMENT_3D('',#10989,#10990,#10991);
#10989 = CARTESIAN_POINT('',(11.407350063324,21.36699962616,5.));
#10990 = DIRECTION('',(0.47132988671,-0.881956993222,-0.));
#10991 = DIRECTION('',(-0.881956993222,-0.47132988671,0.));
#10992 = ADVANCED_FACE('',(#10993),#11004,.F.);
#10993 = FACE_BOUND('',#10994,.F.);
#10994 = EDGE_LOOP('',(#10995,#10996,#10997,#10998));
#10995 = ORIENTED_EDGE('',*,*,#10398,.T.);
#10996 = ORIENTED_EDGE('',*,*,#10982,.F.);
#10997 = ORIENTED_EDGE('',*,*,#9999,.T.);
#10998 = ORIENTED_EDGE('',*,*,#10999,.F.);
#10999 = EDGE_CURVE('',#10399,#9992,#11000,.T.);
#11000 = LINE('',#11001,#11002);
#11001 = CARTESIAN_POINT('',(12.121299743652,21.878700256348,6.));
#11002 = VECTOR('',#11003,1.);
#11003 = DIRECTION('',(0.,0.,-1.));
#11004 = PLANE('',#11005);
#11005 = AXIS2_PLACEMENT_3D('',#11006,#11007,#11008);
#11006 = CARTESIAN_POINT('',(11.894000053406,21.692150115967,5.));
#11007 = DIRECTION('',(0.63441381932,-0.772993600139,-0.));
#11008 = DIRECTION('',(-0.772993600139,-0.63441381932,0.));
#11009 = ADVANCED_FACE('',(#11010),#11021,.F.);
#11010 = FACE_BOUND('',#11011,.F.);
#11011 = EDGE_LOOP('',(#11012,#11018,#11019,#11020));
#11012 = ORIENTED_EDGE('',*,*,#11013,.T.);
#11013 = EDGE_CURVE('',#9984,#10407,#11014,.T.);
#11014 = LINE('',#11015,#11016);
#11015 = CARTESIAN_POINT('',(12.494400024414,22.333299636841,4.));
#11016 = VECTOR('',#11017,1.);
#11017 = DIRECTION('',(0.,0.,1.));
#11018 = ORIENTED_EDGE('',*,*,#10406,.T.);
#11019 = ORIENTED_EDGE('',*,*,#10999,.T.);
#11020 = ORIENTED_EDGE('',*,*,#9991,.T.);
#11021 = PLANE('',#11022);
#11022 = AXIS2_PLACEMENT_3D('',#11023,#11024,#11025);
#11023 = CARTESIAN_POINT('',(12.307849884033,22.105999946594,5.));
#11024 = DIRECTION('',(0.772993600139,-0.63441381932,0.));
#11025 = DIRECTION('',(0.63441381932,0.772993600139,0.));
#11026 = ADVANCED_FACE('',(#11027),#11038,.F.);
#11027 = FACE_BOUND('',#11028,.F.);
#11028 = EDGE_LOOP('',(#11029,#11030,#11031,#11037));
#11029 = ORIENTED_EDGE('',*,*,#10864,.F.);
#11030 = ORIENTED_EDGE('',*,*,#10422,.F.);
#11031 = ORIENTED_EDGE('',*,*,#11032,.T.);
#11032 = EDGE_CURVE('',#10415,#9976,#11033,.T.);
#11033 = LINE('',#11034,#11035);
#11034 = CARTESIAN_POINT('',(12.771599769592,22.851900100708,6.));
#11035 = VECTOR('',#11036,1.);
#11036 = DIRECTION('',(0.,0.,-1.));
#11037 = ORIENTED_EDGE('',*,*,#9975,.T.);
#11038 = PLANE('',#11039);
#11039 = AXIS2_PLACEMENT_3D('',#11040,#11041,#11042);
#11040 = CARTESIAN_POINT('',(12.856999874115,23.133299827576,5.));
#11041 = DIRECTION('',(0.956904026216,-0.290404346751,0.));
#11042 = DIRECTION('',(0.290404346751,0.956904026216,0.));
#11043 = ADVANCED_FACE('',(#11044),#11050,.F.);
#11044 = FACE_BOUND('',#11045,.F.);
#11045 = EDGE_LOOP('',(#11046,#11047,#11048,#11049));
#11046 = ORIENTED_EDGE('',*,*,#11032,.F.);
#11047 = ORIENTED_EDGE('',*,*,#10414,.F.);
#11048 = ORIENTED_EDGE('',*,*,#11013,.F.);
#11049 = ORIENTED_EDGE('',*,*,#9983,.T.);
#11050 = PLANE('',#11051);
#11051 = AXIS2_PLACEMENT_3D('',#11052,#11053,#11054);
#11052 = CARTESIAN_POINT('',(12.632999897003,22.592599868774,5.));
#11053 = DIRECTION('',(0.881919834719,-0.471399411464,0.));
#11054 = DIRECTION('',(0.471399411464,0.881919834719,0.));
#11055 = ADVANCED_FACE('',(#11056),#11062,.F.);
#11056 = FACE_BOUND('',#11057,.F.);
#11057 = EDGE_LOOP('',(#11058,#11059,#11060,#11061));
#11058 = ORIENTED_EDGE('',*,*,#10494,.F.);
#11059 = ORIENTED_EDGE('',*,*,#10775,.F.);
#11060 = ORIENTED_EDGE('',*,*,#9903,.T.);
#11061 = ORIENTED_EDGE('',*,*,#10880,.F.);
#11062 = PLANE('',#11063);
#11063 = AXIS2_PLACEMENT_3D('',#11064,#11065,#11066);
#11064 = CARTESIAN_POINT('',(10.292650222778,26.971199989319,5.));
#11065 = DIRECTION('',(9.79379243063E-02,0.995192525586,0.));
#11066 = DIRECTION('',(0.995192525586,-9.79379243063E-02,0.));
#11067 = ADVANCED_FACE('',(#11068),#11074,.F.);
#11068 = FACE_BOUND('',#11069,.F.);
#11069 = EDGE_LOOP('',(#11070,#11071,#11072,#11073));
#11070 = ORIENTED_EDGE('',*,*,#10526,.F.);
#11071 = ORIENTED_EDGE('',*,*,#10921,.F.);
#11072 = ORIENTED_EDGE('',*,*,#9871,.T.);
#11073 = ORIENTED_EDGE('',*,*,#10935,.F.);
#11074 = PLANE('',#11075);
#11075 = AXIS2_PLACEMENT_3D('',#11076,#11077,#11078);
#11076 = CARTESIAN_POINT('',(8.105985164642,26.307849884033,5.));
#11077 = DIRECTION('',(-0.634405071811,0.77300077934,0.));
#11078 = DIRECTION('',(0.77300077934,0.634405071811,0.));
#11079 = ADVANCED_FACE('',(#11080),#11091,.F.);
#11080 = FACE_BOUND('',#11081,.F.);
#11081 = EDGE_LOOP('',(#11082,#11083,#11084,#11085));
#11082 = ORIENTED_EDGE('',*,*,#10470,.F.);
#11083 = ORIENTED_EDGE('',*,*,#10789,.F.);
#11084 = ORIENTED_EDGE('',*,*,#9927,.T.);
#11085 = ORIENTED_EDGE('',*,*,#11086,.T.);
#11086 = EDGE_CURVE('',#9920,#10471,#11087,.T.);
#11087 = LINE('',#11088,#11089);
#11088 = CARTESIAN_POINT('',(11.666700363159,26.494400024414,4.));
#11089 = VECTOR('',#11090,1.);
#11090 = DIRECTION('',(0.,0.,1.));
#11091 = PLANE('',#11092);
#11092 = AXIS2_PLACEMENT_3D('',#11093,#11094,#11095);
#11093 = CARTESIAN_POINT('',(11.894000053406,26.307849884033,5.));
#11094 = DIRECTION('',(0.63441381932,0.772993600139,0.));
#11095 = DIRECTION('',(0.772993600139,-0.63441381932,0.));
#11096 = ADVANCED_FACE('',(#11097),#11103,.F.);
#11097 = FACE_BOUND('',#11098,.F.);
#11098 = EDGE_LOOP('',(#11099,#11100,#11101,#11102));
#11099 = ORIENTED_EDGE('',*,*,#10374,.F.);
#11100 = ORIENTED_EDGE('',*,*,#10753,.F.);
#11101 = ORIENTED_EDGE('',*,*,#10023,.T.);
#11102 = ORIENTED_EDGE('',*,*,#10958,.F.);
#11103 = PLANE('',#11104);
#11104 = AXIS2_PLACEMENT_3D('',#11105,#11106,#11107);
#11105 = CARTESIAN_POINT('',(10.292650222778,21.028800010681,5.));
#11106 = DIRECTION('',(9.79379243063E-02,-0.995192525586,-0.));
#11107 = DIRECTION('',(-0.995192525586,-9.79379243063E-02,0.));
#11108 = ADVANCED_FACE('',(#11109),#11115,.F.);
#11109 = FACE_BOUND('',#11110,.F.);
#11110 = EDGE_LOOP('',(#11111,#11112,#11113,#11114));
#11111 = ORIENTED_EDGE('',*,*,#10478,.F.);
#11112 = ORIENTED_EDGE('',*,*,#11086,.F.);
#11113 = ORIENTED_EDGE('',*,*,#9919,.T.);
#11114 = ORIENTED_EDGE('',*,*,#10768,.F.);
#11115 = PLANE('',#11116);
#11116 = AXIS2_PLACEMENT_3D('',#11117,#11118,#11119);
#11117 = CARTESIAN_POINT('',(11.407350063324,26.63300037384,5.));
#11118 = DIRECTION('',(0.47132988671,0.881956993222,0.));
#11119 = DIRECTION('',(0.881956993222,-0.47132988671,0.));
#11120 = ADVANCED_FACE('',(#11121),#11132,.F.);
#11121 = FACE_BOUND('',#11122,.F.);
#11122 = EDGE_LOOP('',(#11123,#11124,#11125,#11131));
#11123 = ORIENTED_EDGE('',*,*,#10696,.F.);
#11124 = ORIENTED_EDGE('',*,*,#10063,.T.);
#11125 = ORIENTED_EDGE('',*,*,#11126,.T.);
#11126 = EDGE_CURVE('',#10056,#10335,#11127,.T.);
#11127 = LINE('',#11128,#11129);
#11128 = CARTESIAN_POINT('',(7.878680229187,21.878700256348,4.));
#11129 = VECTOR('',#11130,1.);
#11130 = DIRECTION('',(0.,0.,1.));
#11131 = ORIENTED_EDGE('',*,*,#10334,.F.);
#11132 = PLANE('',#11133);
#11133 = AXIS2_PLACEMENT_3D('',#11134,#11135,#11136);
#11134 = CARTESIAN_POINT('',(7.692135095596,22.105999946594,5.));
#11135 = DIRECTION('',(-0.773001950134,-0.634403645237,-0.));
#11136 = DIRECTION('',(0.634403645237,-0.773001950134,0.));
#11137 = ADVANCED_FACE('',(#11138),#11144,.F.);
#11138 = FACE_BOUND('',#11139,.F.);
#11139 = EDGE_LOOP('',(#11140,#11141,#11142,#11143));
#11140 = ORIENTED_EDGE('',*,*,#10342,.F.);
#11141 = ORIENTED_EDGE('',*,*,#11126,.F.);
#11142 = ORIENTED_EDGE('',*,*,#10055,.T.);
#11143 = ORIENTED_EDGE('',*,*,#10712,.F.);
#11144 = PLANE('',#11145);
#11145 = AXIS2_PLACEMENT_3D('',#11146,#11147,#11148);
#11146 = CARTESIAN_POINT('',(8.105985164642,21.692150115967,5.));
#11147 = DIRECTION('',(-0.634405071811,-0.77300077934,-0.));
#11148 = DIRECTION('',(-0.77300077934,0.634405071811,0.));
#11149 = ADVANCED_FACE('',(#11150),#11156,.F.);
#11150 = FACE_BOUND('',#11151,.F.);
#11151 = EDGE_LOOP('',(#11152,#11153,#11154,#11155));
#11152 = ORIENTED_EDGE('',*,*,#10942,.F.);
#11153 = ORIENTED_EDGE('',*,*,#9855,.T.);
#11154 = ORIENTED_EDGE('',*,*,#10239,.F.);
#11155 = ORIENTED_EDGE('',*,*,#10542,.F.);
#11156 = PLANE('',#11157);
#11157 = AXIS2_PLACEMENT_3D('',#11158,#11159,#11160);
#11158 = CARTESIAN_POINT('',(7.366975069046,25.407350540161,5.));
#11159 = DIRECTION('',(-0.881936073534,0.471369029741,-0.));
#11160 = DIRECTION('',(-0.471369029741,-0.881936073534,0.));
#11161 = ADVANCED_FACE('',(#11162),#11168,.F.);
#11162 = FACE_BOUND('',#11163,.F.);
#11163 = EDGE_LOOP('',(#11164,#11165,#11166,#11167));
#11164 = ORIENTED_EDGE('',*,*,#10272,.F.);
#11165 = ORIENTED_EDGE('',*,*,#10087,.T.);
#11166 = ORIENTED_EDGE('',*,*,#10294,.F.);
#11167 = ORIENTED_EDGE('',*,*,#10550,.F.);
#11168 = PLANE('',#11169);
#11169 = AXIS2_PLACEMENT_3D('',#11170,#11171,#11172);
#11170 = CARTESIAN_POINT('',(7.028820037842,23.707349777222,5.));
#11171 = DIRECTION('',(-0.995185885369,-9.800537516656E-02,-0.));
#11172 = DIRECTION('',(9.800537516656E-02,-0.995185885369,0.));
#11173 = ADVANCED_FACE('',(#11174),#11190,.F.);
#11174 = FACE_BOUND('',#11175,.F.);
#11175 = EDGE_LOOP('',(#11176,#11182,#11183,#11189));
#11176 = ORIENTED_EDGE('',*,*,#11177,.T.);
#11177 = EDGE_CURVE('',#10609,#10186,#11178,.T.);
#11178 = LINE('',#11179,#11180);
#11179 = CARTESIAN_POINT('',(10.883899688721,24.883899688721,6.));
#11180 = VECTOR('',#11181,1.);
#11181 = DIRECTION('',(0.,0.,-1.));
#11182 = ORIENTED_EDGE('',*,*,#10185,.F.);
#11183 = ORIENTED_EDGE('',*,*,#11184,.T.);
#11184 = EDGE_CURVE('',#10178,#10617,#11185,.T.);
#11185 = LINE('',#11186,#11187);
#11186 = CARTESIAN_POINT('',(11.154800415039,24.478399276733,4.));
#11187 = VECTOR('',#11188,1.);
#11188 = DIRECTION('',(0.,0.,1.));
#11189 = ORIENTED_EDGE('',*,*,#10616,.F.);
#11190 = PLANE('',#11191);
#11191 = AXIS2_PLACEMENT_3D('',#11192,#11193,#11194);
#11192 = CARTESIAN_POINT('',(11.01935005188,24.681149482727,5.));
#11193 = DIRECTION('',(-0.831513170447,-0.555505038117,-0.));
#11194 = DIRECTION('',(0.555505038117,-0.831513170447,0.));
#11195 = ADVANCED_FACE('',(#11196),#11207,.F.);
#11196 = FACE_BOUND('',#11197,.F.);
#11197 = EDGE_LOOP('',(#11198,#11199,#11200,#11206));
#11198 = ORIENTED_EDGE('',*,*,#11184,.F.);
#11199 = ORIENTED_EDGE('',*,*,#10177,.F.);
#11200 = ORIENTED_EDGE('',*,*,#11201,.T.);
#11201 = EDGE_CURVE('',#10170,#10625,#11202,.T.);
#11202 = LINE('',#11203,#11204);
#11203 = CARTESIAN_POINT('',(11.25,24.,4.));
#11204 = VECTOR('',#11205,1.);
#11205 = DIRECTION('',(0.,0.,1.));
#11206 = ORIENTED_EDGE('',*,*,#10624,.F.);
#11207 = PLANE('',#11208);
#11208 = AXIS2_PLACEMENT_3D('',#11209,#11210,#11211);
#11209 = CARTESIAN_POINT('',(11.20240020752,24.239199638367,5.));
#11210 = DIRECTION('',(-0.98076956588,-0.195169307637,-0.));
#11211 = DIRECTION('',(0.195169307637,-0.98076956588,0.));
#11212 = ADVANCED_FACE('',(#11213),#11224,.F.);
#11213 = FACE_BOUND('',#11214,.F.);
#11214 = EDGE_LOOP('',(#11215,#11216,#11222,#11223));
#11215 = ORIENTED_EDGE('',*,*,#10608,.F.);
#11216 = ORIENTED_EDGE('',*,*,#11217,.T.);
#11217 = EDGE_CURVE('',#10601,#10194,#11218,.T.);
#11218 = LINE('',#11219,#11220);
#11219 = CARTESIAN_POINT('',(10.478400230408,25.154899597168,6.));
#11220 = VECTOR('',#11221,1.);
#11221 = DIRECTION('',(0.,0.,-1.));
#11222 = ORIENTED_EDGE('',*,*,#10193,.F.);
#11223 = ORIENTED_EDGE('',*,*,#11177,.F.);
#11224 = PLANE('',#11225);
#11225 = AXIS2_PLACEMENT_3D('',#11226,#11227,#11228);
#11226 = CARTESIAN_POINT('',(10.681149959564,25.019399642944,5.));
#11227 = DIRECTION('',(-0.555646538406,-0.831418621608,-0.));
#11228 = DIRECTION('',(-0.831418621608,0.555646538406,0.));
#11229 = ADVANCED_FACE('',(#11230),#11246,.F.);
#11230 = FACE_BOUND('',#11231,.F.);
#11231 = EDGE_LOOP('',(#11232,#11238,#11239,#11245));
#11232 = ORIENTED_EDGE('',*,*,#11233,.T.);
#11233 = EDGE_CURVE('',#10633,#10162,#11234,.T.);
#11234 = LINE('',#11235,#11236);
#11235 = CARTESIAN_POINT('',(11.154800415039,23.521600723267,6.));
#11236 = VECTOR('',#11237,1.);
#11237 = DIRECTION('',(0.,0.,-1.));
#11238 = ORIENTED_EDGE('',*,*,#10161,.F.);
#11239 = ORIENTED_EDGE('',*,*,#11240,.T.);
#11240 = EDGE_CURVE('',#10154,#10641,#11241,.T.);
#11241 = LINE('',#11242,#11243);
#11242 = CARTESIAN_POINT('',(10.883899688721,23.116100311279,4.));
#11243 = VECTOR('',#11244,1.);
#11244 = DIRECTION('',(0.,0.,1.));
#11245 = ORIENTED_EDGE('',*,*,#10640,.F.);
#11246 = PLANE('',#11247);
#11247 = AXIS2_PLACEMENT_3D('',#11248,#11249,#11250);
#11248 = CARTESIAN_POINT('',(11.01935005188,23.318850517273,5.));
#11249 = DIRECTION('',(-0.831513170447,0.555505038117,-0.));
#11250 = DIRECTION('',(-0.555505038117,-0.831513170447,0.));
#11251 = ADVANCED_FACE('',(#11252),#11268,.F.);
#11252 = FACE_BOUND('',#11253,.F.);
#11253 = EDGE_LOOP('',(#11254,#11255,#11261,#11262));
#11254 = ORIENTED_EDGE('',*,*,#10592,.F.);
#11255 = ORIENTED_EDGE('',*,*,#11256,.T.);
#11256 = EDGE_CURVE('',#10585,#10210,#11257,.T.);
#11257 = LINE('',#11258,#11259);
#11258 = CARTESIAN_POINT('',(9.521650314331,25.154899597168,6.));
#11259 = VECTOR('',#11260,1.);
#11260 = DIRECTION('',(0.,0.,-1.));
#11261 = ORIENTED_EDGE('',*,*,#10209,.F.);
#11262 = ORIENTED_EDGE('',*,*,#11263,.T.);
#11263 = EDGE_CURVE('',#10202,#10593,#11264,.T.);
#11264 = LINE('',#11265,#11266);
#11265 = CARTESIAN_POINT('',(10.,25.25,4.));
#11266 = VECTOR('',#11267,1.);
#11267 = DIRECTION('',(0.,0.,1.));
#11268 = PLANE('',#11269);
#11269 = AXIS2_PLACEMENT_3D('',#11270,#11271,#11272);
#11270 = CARTESIAN_POINT('',(9.760825157166,25.202449798584,5.));
#11271 = DIRECTION('',(0.194993151892,-0.980804603739,-0.));
#11272 = DIRECTION('',(-0.980804603739,-0.194993151892,0.));
#11273 = ADVANCED_FACE('',(#11274),#11290,.F.);
#11274 = FACE_BOUND('',#11275,.F.);
#11275 = EDGE_LOOP('',(#11276,#11282,#11283,#11289));
#11276 = ORIENTED_EDGE('',*,*,#11277,.T.);
#11277 = EDGE_CURVE('',#10218,#10577,#11278,.T.);
#11278 = LINE('',#11279,#11280);
#11279 = CARTESIAN_POINT('',(9.11612033844,24.883899688721,4.));
#11280 = VECTOR('',#11281,1.);
#11281 = DIRECTION('',(0.,0.,1.));
#11282 = ORIENTED_EDGE('',*,*,#10576,.F.);
#11283 = ORIENTED_EDGE('',*,*,#11284,.T.);
#11284 = EDGE_CURVE('',#10569,#10104,#11285,.T.);
#11285 = LINE('',#11286,#11287);
#11286 = CARTESIAN_POINT('',(8.845149993896,24.478399276733,6.));
#11287 = VECTOR('',#11288,1.);
#11288 = DIRECTION('',(0.,0.,-1.));
#11289 = ORIENTED_EDGE('',*,*,#10225,.F.);
#11290 = PLANE('',#11291);
#11291 = AXIS2_PLACEMENT_3D('',#11292,#11293,#11294);
#11292 = CARTESIAN_POINT('',(8.980635166168,24.681149482727,5.));
#11293 = DIRECTION('',(0.831447228457,-0.555603731351,0.));
#11294 = DIRECTION('',(0.555603731351,0.831447228457,0.));
#11295 = ADVANCED_FACE('',(#11296),#11307,.F.);
#11296 = FACE_BOUND('',#11297,.F.);
#11297 = EDGE_LOOP('',(#11298,#11299,#11300,#11306));
#11298 = ORIENTED_EDGE('',*,*,#11284,.F.);
#11299 = ORIENTED_EDGE('',*,*,#10568,.F.);
#11300 = ORIENTED_EDGE('',*,*,#11301,.T.);
#11301 = EDGE_CURVE('',#10561,#10106,#11302,.T.);
#11302 = LINE('',#11303,#11304);
#11303 = CARTESIAN_POINT('',(8.75,24.,6.));
#11304 = VECTOR('',#11305,1.);
#11305 = DIRECTION('',(0.,0.,-1.));
#11306 = ORIENTED_EDGE('',*,*,#10103,.F.);
#11307 = PLANE('',#11308);
#11308 = AXIS2_PLACEMENT_3D('',#11309,#11310,#11311);
#11309 = CARTESIAN_POINT('',(8.797574996948,24.239199638367,5.));
#11310 = DIRECTION('',(0.980789022088,-0.195071510356,0.));
#11311 = DIRECTION('',(0.195071510356,0.980789022088,0.));
#11312 = ADVANCED_FACE('',(#11313),#11329,.F.);
#11313 = FACE_BOUND('',#11314,.F.);
#11314 = EDGE_LOOP('',(#11315,#11316,#11322,#11323));
#11315 = ORIENTED_EDGE('',*,*,#10656,.F.);
#11316 = ORIENTED_EDGE('',*,*,#11317,.T.);
#11317 = EDGE_CURVE('',#10649,#10146,#11318,.T.);
#11318 = LINE('',#11319,#11320);
#11319 = CARTESIAN_POINT('',(10.478400230408,22.845100402832,6.));
#11320 = VECTOR('',#11321,1.);
#11321 = DIRECTION('',(0.,0.,-1.));
#11322 = ORIENTED_EDGE('',*,*,#10145,.F.);
#11323 = ORIENTED_EDGE('',*,*,#11324,.T.);
#11324 = EDGE_CURVE('',#10138,#10657,#11325,.T.);
#11325 = LINE('',#11326,#11327);
#11326 = CARTESIAN_POINT('',(10.,22.75,4.));
#11327 = VECTOR('',#11328,1.);
#11328 = DIRECTION('',(0.,0.,1.));
#11329 = PLANE('',#11330);
#11330 = AXIS2_PLACEMENT_3D('',#11331,#11332,#11333);
#11331 = CARTESIAN_POINT('',(10.239200115204,22.797550201416,5.));
#11332 = DIRECTION('',(-0.194973333357,0.980808543641,0.));
#11333 = DIRECTION('',(0.980808543641,0.194973333357,0.));
#11334 = ADVANCED_FACE('',(#11335),#11346,.F.);
#11335 = FACE_BOUND('',#11336,.F.);
#11336 = EDGE_LOOP('',(#11337,#11338,#11339,#11340));
#11337 = ORIENTED_EDGE('',*,*,#10664,.F.);
#11338 = ORIENTED_EDGE('',*,*,#11324,.F.);
#11339 = ORIENTED_EDGE('',*,*,#10137,.F.);
#11340 = ORIENTED_EDGE('',*,*,#11341,.T.);
#11341 = EDGE_CURVE('',#10130,#10665,#11342,.T.);
#11342 = LINE('',#11343,#11344);
#11343 = CARTESIAN_POINT('',(9.521650314331,22.845100402832,4.));
#11344 = VECTOR('',#11345,1.);
#11345 = DIRECTION('',(0.,0.,1.));
#11346 = PLANE('',#11347);
#11347 = AXIS2_PLACEMENT_3D('',#11348,#11349,#11350);
#11348 = CARTESIAN_POINT('',(9.760825157166,22.797550201416,5.));
#11349 = DIRECTION('',(0.194993151892,0.980804603739,0.));
#11350 = DIRECTION('',(0.980804603739,-0.194993151892,0.));
#11351 = ADVANCED_FACE('',(#11352),#11363,.F.);
#11352 = FACE_BOUND('',#11353,.F.);
#11353 = EDGE_LOOP('',(#11354,#11355,#11356,#11362));
#11354 = ORIENTED_EDGE('',*,*,#11301,.F.);
#11355 = ORIENTED_EDGE('',*,*,#10558,.F.);
#11356 = ORIENTED_EDGE('',*,*,#11357,.T.);
#11357 = EDGE_CURVE('',#10559,#10114,#11358,.T.);
#11358 = LINE('',#11359,#11360);
#11359 = CARTESIAN_POINT('',(8.845149993896,23.521600723267,6.));
#11360 = VECTOR('',#11361,1.);
#11361 = DIRECTION('',(0.,0.,-1.));
#11362 = ORIENTED_EDGE('',*,*,#10113,.F.);
#11363 = PLANE('',#11364);
#11364 = AXIS2_PLACEMENT_3D('',#11365,#11366,#11367);
#11365 = CARTESIAN_POINT('',(8.797574996948,23.760800361633,5.));
#11366 = DIRECTION('',(0.980789022088,0.195071510356,0.));
#11367 = DIRECTION('',(-0.195071510356,0.980789022088,0.));
#11368 = ADVANCED_FACE('',(#11369),#11375,.F.);
#11369 = FACE_BOUND('',#11370,.F.);
#11370 = EDGE_LOOP('',(#11371,#11372,#11373,#11374));
#11371 = ORIENTED_EDGE('',*,*,#10600,.F.);
#11372 = ORIENTED_EDGE('',*,*,#11263,.F.);
#11373 = ORIENTED_EDGE('',*,*,#10201,.F.);
#11374 = ORIENTED_EDGE('',*,*,#11217,.F.);
#11375 = PLANE('',#11376);
#11376 = AXIS2_PLACEMENT_3D('',#11377,#11378,#11379);
#11377 = CARTESIAN_POINT('',(10.239200115204,25.202449798584,5.));
#11378 = DIRECTION('',(-0.194973333357,-0.980808543641,-0.));
#11379 = DIRECTION('',(-0.980808543641,0.194973333357,0.));
#11380 = ADVANCED_FACE('',(#11381),#11387,.F.);
#11381 = FACE_BOUND('',#11382,.F.);
#11382 = EDGE_LOOP('',(#11383,#11384,#11385,#11386));
#11383 = ORIENTED_EDGE('',*,*,#11201,.F.);
#11384 = ORIENTED_EDGE('',*,*,#10169,.F.);
#11385 = ORIENTED_EDGE('',*,*,#11233,.F.);
#11386 = ORIENTED_EDGE('',*,*,#10632,.F.);
#11387 = PLANE('',#11388);
#11388 = AXIS2_PLACEMENT_3D('',#11389,#11390,#11391);
#11389 = CARTESIAN_POINT('',(11.20240020752,23.760800361633,5.));
#11390 = DIRECTION('',(-0.98076956588,0.195169307637,-0.));
#11391 = DIRECTION('',(-0.195169307637,-0.98076956588,0.));
#11392 = ADVANCED_FACE('',(#11393),#11399,.F.);
#11393 = FACE_BOUND('',#11394,.F.);
#11394 = EDGE_LOOP('',(#11395,#11396,#11397,#11398));
#11395 = ORIENTED_EDGE('',*,*,#10648,.F.);
#11396 = ORIENTED_EDGE('',*,*,#11240,.F.);
#11397 = ORIENTED_EDGE('',*,*,#10153,.F.);
#11398 = ORIENTED_EDGE('',*,*,#11317,.F.);
#11399 = PLANE('',#11400);
#11400 = AXIS2_PLACEMENT_3D('',#11401,#11402,#11403);
#11401 = CARTESIAN_POINT('',(10.681149959564,22.980600357056,5.));
#11402 = DIRECTION('',(-0.555646538406,0.831418621608,0.));
#11403 = DIRECTION('',(0.831418621608,0.555646538406,0.));
#11404 = ADVANCED_FACE('',(#11405),#11416,.F.);
#11405 = FACE_BOUND('',#11406,.F.);
#11406 = EDGE_LOOP('',(#11407,#11408,#11409,#11415));
#11407 = ORIENTED_EDGE('',*,*,#11357,.F.);
#11408 = ORIENTED_EDGE('',*,*,#10680,.F.);
#11409 = ORIENTED_EDGE('',*,*,#11410,.T.);
#11410 = EDGE_CURVE('',#10673,#10122,#11411,.T.);
#11411 = LINE('',#11412,#11413);
#11412 = CARTESIAN_POINT('',(9.11612033844,23.116100311279,6.));
#11413 = VECTOR('',#11414,1.);
#11414 = DIRECTION('',(0.,0.,-1.));
#11415 = ORIENTED_EDGE('',*,*,#10121,.F.);
#11416 = PLANE('',#11417);
#11417 = AXIS2_PLACEMENT_3D('',#11418,#11419,#11420);
#11418 = CARTESIAN_POINT('',(8.980635166168,23.318850517273,5.));
#11419 = DIRECTION('',(0.831447228457,0.555603731351,0.));
#11420 = DIRECTION('',(-0.555603731351,0.831447228457,0.));
#11421 = ADVANCED_FACE('',(#11422),#11428,.F.);
#11422 = FACE_BOUND('',#11423,.F.);
#11423 = EDGE_LOOP('',(#11424,#11425,#11426,#11427));
#11424 = ORIENTED_EDGE('',*,*,#10584,.F.);
#11425 = ORIENTED_EDGE('',*,*,#11277,.F.);
#11426 = ORIENTED_EDGE('',*,*,#10217,.F.);
#11427 = ORIENTED_EDGE('',*,*,#11256,.F.);
#11428 = PLANE('',#11429);
#11429 = AXIS2_PLACEMENT_3D('',#11430,#11431,#11432);
#11430 = CARTESIAN_POINT('',(9.318885326385,25.019399642944,5.));
#11431 = DIRECTION('',(0.555617632916,-0.83143793875,-0.));
#11432 = DIRECTION('',(-0.83143793875,-0.555617632916,0.));
#11433 = ADVANCED_FACE('',(#11434),#11440,.F.);
#11434 = FACE_BOUND('',#11435,.F.);
#11435 = EDGE_LOOP('',(#11436,#11437,#11438,#11439));
#11436 = ORIENTED_EDGE('',*,*,#10672,.F.);
#11437 = ORIENTED_EDGE('',*,*,#11341,.F.);
#11438 = ORIENTED_EDGE('',*,*,#10129,.F.);
#11439 = ORIENTED_EDGE('',*,*,#11410,.F.);
#11440 = PLANE('',#11441);
#11441 = AXIS2_PLACEMENT_3D('',#11442,#11443,#11444);
#11442 = CARTESIAN_POINT('',(9.318885326385,22.980600357056,5.));
#11443 = DIRECTION('',(0.555617632916,0.83143793875,0.));
#11444 = DIRECTION('',(0.83143793875,-0.555617632916,0.));
#11445 = ORIENTED_CLOSED_SHELL('',*,#11446,.F.);
#11446 = CLOSED_SHELL('',(#11447,#11841,#11872,#11896,#11927,#12296,
    #12313,#12335,#12352,#12369,#12391,#12413,#12430,#12447,#12464,
    #12481,#12503,#12520,#12537,#12559,#12581,#12598,#12615,#12632,
    #12649,#12661,#12673,#12685,#12702,#12714,#12726,#12743,#12755,
    #12767,#12779,#12801,#12818,#12835,#12857,#12879,#12901,#12918,
    #12940,#12957,#12974,#12986,#12998,#13010,#13027,#13039));
#11447 = ADVANCED_FACE('',(#11448,#11706),#11836,.F.);
#11448 = FACE_BOUND('',#11449,.F.);
#11449 = EDGE_LOOP('',(#11450,#11460,#11468,#11476,#11484,#11492,#11500,
    #11508,#11516,#11524,#11532,#11540,#11548,#11556,#11564,#11572,
    #11580,#11588,#11596,#11604,#11612,#11620,#11628,#11636,#11644,
    #11652,#11660,#11668,#11676,#11684,#11692,#11700));
#11450 = ORIENTED_EDGE('',*,*,#11451,.F.);
#11451 = EDGE_CURVE('',#11452,#11454,#11456,.T.);
#11452 = VERTEX_POINT('',#11453);
#11453 = CARTESIAN_POINT('',(39.228401184082,25.148000717163,4.));
#11454 = VERTEX_POINT('',#11455);
#11455 = CARTESIAN_POINT('',(39.057598114014,24.585300445557,4.));
#11456 = LINE('',#11457,#11458);
#11457 = CARTESIAN_POINT('',(39.228401184082,25.148000717163,4.));
#11458 = VECTOR('',#11459,1.);
#11459 = DIRECTION('',(-0.290455670647,-0.95688844877,0.));
#11460 = ORIENTED_EDGE('',*,*,#11461,.F.);
#11461 = EDGE_CURVE('',#11462,#11452,#11464,.T.);
#11462 = VERTEX_POINT('',#11463);
#11463 = CARTESIAN_POINT('',(39.505599975586,25.666700363159,4.));
#11464 = LINE('',#11465,#11466);
#11465 = CARTESIAN_POINT('',(39.505599975586,25.666700363159,4.));
#11466 = VECTOR('',#11467,1.);
#11467 = DIRECTION('',(-0.471328038129,-0.881957981127,0.));
#11468 = ORIENTED_EDGE('',*,*,#11469,.F.);
#11469 = EDGE_CURVE('',#11470,#11462,#11472,.T.);
#11470 = VERTEX_POINT('',#11471);
#11471 = CARTESIAN_POINT('',(39.878700256348,26.121299743652,4.));
#11472 = LINE('',#11473,#11474);
#11473 = CARTESIAN_POINT('',(39.878700256348,26.121299743652,4.));
#11474 = VECTOR('',#11475,1.);
#11475 = DIRECTION('',(-0.63441381932,-0.772993600139,0.));
#11476 = ORIENTED_EDGE('',*,*,#11477,.F.);
#11477 = EDGE_CURVE('',#11478,#11470,#11480,.T.);
#11478 = VERTEX_POINT('',#11479);
#11479 = CARTESIAN_POINT('',(40.333301544189,26.494400024414,4.));
#11480 = LINE('',#11481,#11482);
#11481 = CARTESIAN_POINT('',(40.333301544189,26.494400024414,4.));
#11482 = VECTOR('',#11483,1.);
#11483 = DIRECTION('',(-0.772994905471,-0.634412228852,0.));
#11484 = ORIENTED_EDGE('',*,*,#11485,.F.);
#11485 = EDGE_CURVE('',#11486,#11478,#11488,.T.);
#11486 = VERTEX_POINT('',#11487);
#11487 = CARTESIAN_POINT('',(40.852001190186,26.771600723267,4.));
#11488 = LINE('',#11489,#11490);
#11489 = CARTESIAN_POINT('',(40.852001190186,26.771600723267,4.));
#11490 = VECTOR('',#11491,1.);
#11491 = DIRECTION('',(-0.881956632991,-0.471330560778,0.));
#11492 = ORIENTED_EDGE('',*,*,#11493,.F.);
#11493 = EDGE_CURVE('',#11494,#11486,#11496,.T.);
#11494 = VERTEX_POINT('',#11495);
#11495 = CARTESIAN_POINT('',(41.414699554443,26.942399978638,4.));
#11496 = LINE('',#11497,#11498);
#11497 = CARTESIAN_POINT('',(41.414699554443,26.942399978638,4.));
#11498 = VECTOR('',#11499,1.);
#11499 = DIRECTION('',(-0.956889978085,-0.290450632364,0.));
#11500 = ORIENTED_EDGE('',*,*,#11501,.F.);
#11501 = EDGE_CURVE('',#11502,#11494,#11504,.T.);
#11502 = VERTEX_POINT('',#11503);
#11503 = CARTESIAN_POINT('',(42.,27.,4.));
#11504 = LINE('',#11505,#11506);
#11505 = CARTESIAN_POINT('',(42.,27.,4.));
#11506 = VECTOR('',#11507,1.);
#11507 = DIRECTION('',(-0.995192525586,-9.79379243063E-02,0.));
#11508 = ORIENTED_EDGE('',*,*,#11509,.F.);
#11509 = EDGE_CURVE('',#11510,#11502,#11512,.T.);
#11510 = VERTEX_POINT('',#11511);
#11511 = CARTESIAN_POINT('',(42.585300445557,26.942399978638,4.));
#11512 = LINE('',#11513,#11514);
#11513 = CARTESIAN_POINT('',(42.585300445557,26.942399978638,4.));
#11514 = VECTOR('',#11515,1.);
#11515 = DIRECTION('',(-0.995192525586,9.79379243063E-02,0.));
#11516 = ORIENTED_EDGE('',*,*,#11517,.F.);
#11517 = EDGE_CURVE('',#11518,#11510,#11520,.T.);
#11518 = VERTEX_POINT('',#11519);
#11519 = CARTESIAN_POINT('',(43.147998809814,26.771600723267,4.));
#11520 = LINE('',#11521,#11522);
#11521 = CARTESIAN_POINT('',(43.147998809814,26.771600723267,4.));
#11522 = VECTOR('',#11523,1.);
#11523 = DIRECTION('',(-0.956889978085,0.290450632364,0.));
#11524 = ORIENTED_EDGE('',*,*,#11525,.F.);
#11525 = EDGE_CURVE('',#11526,#11518,#11528,.T.);
#11526 = VERTEX_POINT('',#11527);
#11527 = CARTESIAN_POINT('',(43.666698455811,26.494400024414,4.));
#11528 = LINE('',#11529,#11530);
#11529 = CARTESIAN_POINT('',(43.666698455811,26.494400024414,4.));
#11530 = VECTOR('',#11531,1.);
#11531 = DIRECTION('',(-0.881956632991,0.471330560778,0.));
#11532 = ORIENTED_EDGE('',*,*,#11533,.F.);
#11533 = EDGE_CURVE('',#11534,#11526,#11536,.T.);
#11534 = VERTEX_POINT('',#11535);
#11535 = CARTESIAN_POINT('',(44.121299743652,26.121299743652,4.));
#11536 = LINE('',#11537,#11538);
#11537 = CARTESIAN_POINT('',(44.121299743652,26.121299743652,4.));
#11538 = VECTOR('',#11539,1.);
#11539 = DIRECTION('',(-0.772994905471,0.634412228852,0.));
#11540 = ORIENTED_EDGE('',*,*,#11541,.F.);
#11541 = EDGE_CURVE('',#11542,#11534,#11544,.T.);
#11542 = VERTEX_POINT('',#11543);
#11543 = CARTESIAN_POINT('',(44.494400024414,25.666700363159,4.));
#11544 = LINE('',#11545,#11546);
#11545 = CARTESIAN_POINT('',(44.494400024414,25.666700363159,4.));
#11546 = VECTOR('',#11547,1.);
#11547 = DIRECTION('',(-0.63441381932,0.772993600139,0.));
#11548 = ORIENTED_EDGE('',*,*,#11549,.F.);
#11549 = EDGE_CURVE('',#11550,#11542,#11552,.T.);
#11550 = VERTEX_POINT('',#11551);
#11551 = CARTESIAN_POINT('',(44.771598815918,25.148000717163,4.));
#11552 = LINE('',#11553,#11554);
#11553 = CARTESIAN_POINT('',(44.771598815918,25.148000717163,4.));
#11554 = VECTOR('',#11555,1.);
#11555 = DIRECTION('',(-0.471328038129,0.881957981127,0.));
#11556 = ORIENTED_EDGE('',*,*,#11557,.F.);
#11557 = EDGE_CURVE('',#11558,#11550,#11560,.T.);
#11558 = VERTEX_POINT('',#11559);
#11559 = CARTESIAN_POINT('',(44.942401885986,24.585300445557,4.));
#11560 = LINE('',#11561,#11562);
#11561 = CARTESIAN_POINT('',(44.942401885986,24.585300445557,4.));
#11562 = VECTOR('',#11563,1.);
#11563 = DIRECTION('',(-0.290455670647,0.95688844877,0.));
#11564 = ORIENTED_EDGE('',*,*,#11565,.F.);
#11565 = EDGE_CURVE('',#11566,#11558,#11568,.T.);
#11566 = VERTEX_POINT('',#11567);
#11567 = CARTESIAN_POINT('',(45.,24.,4.));
#11568 = LINE('',#11569,#11570);
#11569 = CARTESIAN_POINT('',(45.,24.,4.));
#11570 = VECTOR('',#11571,1.);
#11571 = DIRECTION('',(-9.79347123269E-02,0.995192841675,0.));
#11572 = ORIENTED_EDGE('',*,*,#11573,.F.);
#11573 = EDGE_CURVE('',#11574,#11566,#11576,.T.);
#11574 = VERTEX_POINT('',#11575);
#11575 = CARTESIAN_POINT('',(44.942401885986,23.414699554443,4.));
#11576 = LINE('',#11577,#11578);
#11577 = CARTESIAN_POINT('',(44.942401885986,23.414699554443,4.));
#11578 = VECTOR('',#11579,1.);
#11579 = DIRECTION('',(9.79347123269E-02,0.995192841675,0.));
#11580 = ORIENTED_EDGE('',*,*,#11581,.F.);
#11581 = EDGE_CURVE('',#11582,#11574,#11584,.T.);
#11582 = VERTEX_POINT('',#11583);
#11583 = CARTESIAN_POINT('',(44.771598815918,22.851900100708,4.));
#11584 = LINE('',#11585,#11586);
#11585 = CARTESIAN_POINT('',(44.771598815918,22.851900100708,4.));
#11586 = VECTOR('',#11587,1.);
#11587 = DIRECTION('',(0.290408800974,0.956902674423,0.));
#11588 = ORIENTED_EDGE('',*,*,#11589,.F.);
#11589 = EDGE_CURVE('',#11590,#11582,#11592,.T.);
#11590 = VERTEX_POINT('',#11591);
#11591 = CARTESIAN_POINT('',(44.494400024414,22.333299636841,4.));
#11592 = LINE('',#11593,#11594);
#11593 = CARTESIAN_POINT('',(44.494400024414,22.333299636841,4.));
#11594 = VECTOR('',#11595,1.);
#11595 = DIRECTION('',(0.471398150057,0.881920508959,0.));
#11596 = ORIENTED_EDGE('',*,*,#11597,.F.);
#11597 = EDGE_CURVE('',#11598,#11590,#11600,.T.);
#11598 = VERTEX_POINT('',#11599);
#11599 = CARTESIAN_POINT('',(44.121299743652,21.878700256348,4.));
#11600 = LINE('',#11601,#11602);
#11601 = CARTESIAN_POINT('',(44.121299743652,21.878700256348,4.));
#11602 = VECTOR('',#11603,1.);
#11603 = DIRECTION('',(0.63441381932,0.772993600139,0.));
#11604 = ORIENTED_EDGE('',*,*,#11605,.F.);
#11605 = EDGE_CURVE('',#11606,#11598,#11608,.T.);
#11606 = VERTEX_POINT('',#11607);
#11607 = CARTESIAN_POINT('',(43.666698455811,21.505599975586,4.));
#11608 = LINE('',#11609,#11610);
#11609 = CARTESIAN_POINT('',(43.666698455811,21.505599975586,4.));
#11610 = VECTOR('',#11611,1.);
#11611 = DIRECTION('',(0.772994905471,0.634412228852,0.));
#11612 = ORIENTED_EDGE('',*,*,#11613,.F.);
#11613 = EDGE_CURVE('',#11614,#11606,#11616,.T.);
#11614 = VERTEX_POINT('',#11615);
#11615 = CARTESIAN_POINT('',(43.147998809814,21.228399276733,4.));
#11616 = LINE('',#11617,#11618);
#11617 = CARTESIAN_POINT('',(43.147998809814,21.228399276733,4.));
#11618 = VECTOR('',#11619,1.);
#11619 = DIRECTION('',(0.881956632991,0.471330560778,0.));
#11620 = ORIENTED_EDGE('',*,*,#11621,.F.);
#11621 = EDGE_CURVE('',#11622,#11614,#11624,.T.);
#11622 = VERTEX_POINT('',#11623);
#11623 = CARTESIAN_POINT('',(42.585300445557,21.057600021362,4.));
#11624 = LINE('',#11625,#11626);
#11625 = CARTESIAN_POINT('',(42.585300445557,21.057600021362,4.));
#11626 = VECTOR('',#11627,1.);
#11627 = DIRECTION('',(0.956889978085,0.290450632364,0.));
#11628 = ORIENTED_EDGE('',*,*,#11629,.F.);
#11629 = EDGE_CURVE('',#11630,#11622,#11632,.T.);
#11630 = VERTEX_POINT('',#11631);
#11631 = CARTESIAN_POINT('',(42.,21.,4.));
#11632 = LINE('',#11633,#11634);
#11633 = CARTESIAN_POINT('',(42.,21.,4.));
#11634 = VECTOR('',#11635,1.);
#11635 = DIRECTION('',(0.995192525586,9.79379243063E-02,0.));
#11636 = ORIENTED_EDGE('',*,*,#11637,.F.);
#11637 = EDGE_CURVE('',#11638,#11630,#11640,.T.);
#11638 = VERTEX_POINT('',#11639);
#11639 = CARTESIAN_POINT('',(41.414699554443,21.057600021362,4.));
#11640 = LINE('',#11641,#11642);
#11641 = CARTESIAN_POINT('',(41.414699554443,21.057600021362,4.));
#11642 = VECTOR('',#11643,1.);
#11643 = DIRECTION('',(0.995192525586,-9.79379243063E-02,0.));
#11644 = ORIENTED_EDGE('',*,*,#11645,.F.);
#11645 = EDGE_CURVE('',#11646,#11638,#11648,.T.);
#11646 = VERTEX_POINT('',#11647);
#11647 = CARTESIAN_POINT('',(40.852001190186,21.228399276733,4.));
#11648 = LINE('',#11649,#11650);
#11649 = CARTESIAN_POINT('',(40.852001190186,21.228399276733,4.));
#11650 = VECTOR('',#11651,1.);
#11651 = DIRECTION('',(0.956889978085,-0.290450632364,0.));
#11652 = ORIENTED_EDGE('',*,*,#11653,.F.);
#11653 = EDGE_CURVE('',#11654,#11646,#11656,.T.);
#11654 = VERTEX_POINT('',#11655);
#11655 = CARTESIAN_POINT('',(40.333301544189,21.505599975586,4.));
#11656 = LINE('',#11657,#11658);
#11657 = CARTESIAN_POINT('',(40.333301544189,21.505599975586,4.));
#11658 = VECTOR('',#11659,1.);
#11659 = DIRECTION('',(0.881956632991,-0.471330560778,0.));
#11660 = ORIENTED_EDGE('',*,*,#11661,.F.);
#11661 = EDGE_CURVE('',#11662,#11654,#11664,.T.);
#11662 = VERTEX_POINT('',#11663);
#11663 = CARTESIAN_POINT('',(39.878700256348,21.878700256348,4.));
#11664 = LINE('',#11665,#11666);
#11665 = CARTESIAN_POINT('',(39.878700256348,21.878700256348,4.));
#11666 = VECTOR('',#11667,1.);
#11667 = DIRECTION('',(0.772994905471,-0.634412228852,0.));
#11668 = ORIENTED_EDGE('',*,*,#11669,.F.);
#11669 = EDGE_CURVE('',#11670,#11662,#11672,.T.);
#11670 = VERTEX_POINT('',#11671);
#11671 = CARTESIAN_POINT('',(39.505599975586,22.333299636841,4.));
#11672 = LINE('',#11673,#11674);
#11673 = CARTESIAN_POINT('',(39.505599975586,22.333299636841,4.));
#11674 = VECTOR('',#11675,1.);
#11675 = DIRECTION('',(0.63441381932,-0.772993600139,0.));
#11676 = ORIENTED_EDGE('',*,*,#11677,.F.);
#11677 = EDGE_CURVE('',#11678,#11670,#11680,.T.);
#11678 = VERTEX_POINT('',#11679);
#11679 = CARTESIAN_POINT('',(39.228401184082,22.851900100708,4.));
#11680 = LINE('',#11681,#11682);
#11681 = CARTESIAN_POINT('',(39.228401184082,22.851900100708,4.));
#11682 = VECTOR('',#11683,1.);
#11683 = DIRECTION('',(0.471398150057,-0.881920508959,0.));
#11684 = ORIENTED_EDGE('',*,*,#11685,.F.);
#11685 = EDGE_CURVE('',#11686,#11678,#11688,.T.);
#11686 = VERTEX_POINT('',#11687);
#11687 = CARTESIAN_POINT('',(39.057598114014,23.414699554443,4.));
#11688 = LINE('',#11689,#11690);
#11689 = CARTESIAN_POINT('',(39.057598114014,23.414699554443,4.));
#11690 = VECTOR('',#11691,1.);
#11691 = DIRECTION('',(0.290408800974,-0.956902674423,0.));
#11692 = ORIENTED_EDGE('',*,*,#11693,.F.);
#11693 = EDGE_CURVE('',#11694,#11686,#11696,.T.);
#11694 = VERTEX_POINT('',#11695);
#11695 = CARTESIAN_POINT('',(39.,24.,4.));
#11696 = LINE('',#11697,#11698);
#11697 = CARTESIAN_POINT('',(39.,24.,4.));
#11698 = VECTOR('',#11699,1.);
#11699 = DIRECTION('',(9.79347123269E-02,-0.995192841675,0.));
#11700 = ORIENTED_EDGE('',*,*,#11701,.F.);
#11701 = EDGE_CURVE('',#11454,#11694,#11702,.T.);
#11702 = LINE('',#11703,#11704);
#11703 = CARTESIAN_POINT('',(39.057598114014,24.585300445557,4.));
#11704 = VECTOR('',#11705,1.);
#11705 = DIRECTION('',(-9.79347123269E-02,-0.995192841675,0.));
#11706 = FACE_BOUND('',#11707,.F.);
#11707 = EDGE_LOOP('',(#11708,#11718,#11726,#11734,#11742,#11750,#11758,
    #11766,#11774,#11782,#11790,#11798,#11806,#11814,#11822,#11830));
#11708 = ORIENTED_EDGE('',*,*,#11709,.T.);
#11709 = EDGE_CURVE('',#11710,#11712,#11714,.T.);
#11710 = VERTEX_POINT('',#11711);
#11711 = CARTESIAN_POINT('',(40.845100402832,24.478399276733,4.));
#11712 = VERTEX_POINT('',#11713);
#11713 = CARTESIAN_POINT('',(40.75,24.,4.));
#11714 = LINE('',#11715,#11716);
#11715 = CARTESIAN_POINT('',(40.845100402832,24.478399276733,4.));
#11716 = VECTOR('',#11717,1.);
#11717 = DIRECTION('',(-0.194973707255,-0.980808469315,0.));
#11718 = ORIENTED_EDGE('',*,*,#11719,.T.);
#11719 = EDGE_CURVE('',#11712,#11720,#11722,.T.);
#11720 = VERTEX_POINT('',#11721);
#11721 = CARTESIAN_POINT('',(40.845100402832,23.521600723267,4.));
#11722 = LINE('',#11723,#11724);
#11723 = CARTESIAN_POINT('',(40.75,24.,4.));
#11724 = VECTOR('',#11725,1.);
#11725 = DIRECTION('',(0.194973707255,-0.980808469315,0.));
#11726 = ORIENTED_EDGE('',*,*,#11727,.T.);
#11727 = EDGE_CURVE('',#11720,#11728,#11730,.T.);
#11728 = VERTEX_POINT('',#11729);
#11729 = CARTESIAN_POINT('',(41.116100311279,23.116100311279,4.));
#11730 = LINE('',#11731,#11732);
#11731 = CARTESIAN_POINT('',(40.845100402832,23.521600723267,4.));
#11732 = VECTOR('',#11733,1.);
#11733 = DIRECTION('',(0.555645635074,-0.831419225315,0.));
#11734 = ORIENTED_EDGE('',*,*,#11735,.T.);
#11735 = EDGE_CURVE('',#11728,#11736,#11738,.T.);
#11736 = VERTEX_POINT('',#11737);
#11737 = CARTESIAN_POINT('',(41.521598815918,22.845100402832,4.));
#11738 = LINE('',#11739,#11740);
#11739 = CARTESIAN_POINT('',(41.116100311279,23.116100311279,4.));
#11740 = VECTOR('',#11741,1.);
#11741 = DIRECTION('',(0.831418017899,-0.55564744174,0.));
#11742 = ORIENTED_EDGE('',*,*,#11743,.T.);
#11743 = EDGE_CURVE('',#11736,#11744,#11746,.T.);
#11744 = VERTEX_POINT('',#11745);
#11745 = CARTESIAN_POINT('',(42.,22.75,4.));
#11746 = LINE('',#11747,#11748);
#11747 = CARTESIAN_POINT('',(41.521598815918,22.845100402832,4.));
#11748 = VECTOR('',#11749,1.);
#11749 = DIRECTION('',(0.980808617967,-0.19497295946,0.));
#11750 = ORIENTED_EDGE('',*,*,#11751,.T.);
#11751 = EDGE_CURVE('',#11744,#11752,#11754,.T.);
#11752 = VERTEX_POINT('',#11753);
#11753 = CARTESIAN_POINT('',(42.478401184082,22.845100402832,4.));
#11754 = LINE('',#11755,#11756);
#11755 = CARTESIAN_POINT('',(42.,22.75,4.));
#11756 = VECTOR('',#11757,1.);
#11757 = DIRECTION('',(0.980808617967,0.19497295946,0.));
#11758 = ORIENTED_EDGE('',*,*,#11759,.T.);
#11759 = EDGE_CURVE('',#11752,#11760,#11762,.T.);
#11760 = VERTEX_POINT('',#11761);
#11761 = CARTESIAN_POINT('',(42.883899688721,23.116100311279,4.));
#11762 = LINE('',#11763,#11764);
#11763 = CARTESIAN_POINT('',(42.478401184082,22.845100402832,4.));
#11764 = VECTOR('',#11765,1.);
#11765 = DIRECTION('',(0.831418017899,0.55564744174,0.));
#11766 = ORIENTED_EDGE('',*,*,#11767,.T.);
#11767 = EDGE_CURVE('',#11760,#11768,#11770,.T.);
#11768 = VERTEX_POINT('',#11769);
#11769 = CARTESIAN_POINT('',(43.154899597168,23.521600723267,4.));
#11770 = LINE('',#11771,#11772);
#11771 = CARTESIAN_POINT('',(42.883899688721,23.116100311279,4.));
#11772 = VECTOR('',#11773,1.);
#11773 = DIRECTION('',(0.555645635074,0.831419225315,0.));
#11774 = ORIENTED_EDGE('',*,*,#11775,.T.);
#11775 = EDGE_CURVE('',#11768,#11776,#11778,.T.);
#11776 = VERTEX_POINT('',#11777);
#11777 = CARTESIAN_POINT('',(43.25,24.,4.));
#11778 = LINE('',#11779,#11780);
#11779 = CARTESIAN_POINT('',(43.154899597168,23.521600723267,4.));
#11780 = VECTOR('',#11781,1.);
#11781 = DIRECTION('',(0.194973707255,0.980808469315,0.));
#11782 = ORIENTED_EDGE('',*,*,#11783,.T.);
#11783 = EDGE_CURVE('',#11776,#11784,#11786,.T.);
#11784 = VERTEX_POINT('',#11785);
#11785 = CARTESIAN_POINT('',(43.154899597168,24.478399276733,4.));
#11786 = LINE('',#11787,#11788);
#11787 = CARTESIAN_POINT('',(43.25,24.,4.));
#11788 = VECTOR('',#11789,1.);
#11789 = DIRECTION('',(-0.194973707255,0.980808469315,0.));
#11790 = ORIENTED_EDGE('',*,*,#11791,.T.);
#11791 = EDGE_CURVE('',#11784,#11792,#11794,.T.);
#11792 = VERTEX_POINT('',#11793);
#11793 = CARTESIAN_POINT('',(42.883899688721,24.883899688721,4.));
#11794 = LINE('',#11795,#11796);
#11795 = CARTESIAN_POINT('',(43.154899597168,24.478399276733,4.));
#11796 = VECTOR('',#11797,1.);
#11797 = DIRECTION('',(-0.555645635074,0.831419225315,0.));
#11798 = ORIENTED_EDGE('',*,*,#11799,.T.);
#11799 = EDGE_CURVE('',#11792,#11800,#11802,.T.);
#11800 = VERTEX_POINT('',#11801);
#11801 = CARTESIAN_POINT('',(42.478401184082,25.154899597168,4.));
#11802 = LINE('',#11803,#11804);
#11803 = CARTESIAN_POINT('',(42.883899688721,24.883899688721,4.));
#11804 = VECTOR('',#11805,1.);
#11805 = DIRECTION('',(-0.831418017899,0.55564744174,0.));
#11806 = ORIENTED_EDGE('',*,*,#11807,.T.);
#11807 = EDGE_CURVE('',#11800,#11808,#11810,.T.);
#11808 = VERTEX_POINT('',#11809);
#11809 = CARTESIAN_POINT('',(42.,25.25,4.));
#11810 = LINE('',#11811,#11812);
#11811 = CARTESIAN_POINT('',(42.478401184082,25.154899597168,4.));
#11812 = VECTOR('',#11813,1.);
#11813 = DIRECTION('',(-0.980808617967,0.19497295946,0.));
#11814 = ORIENTED_EDGE('',*,*,#11815,.T.);
#11815 = EDGE_CURVE('',#11808,#11816,#11818,.T.);
#11816 = VERTEX_POINT('',#11817);
#11817 = CARTESIAN_POINT('',(41.521598815918,25.154899597168,4.));
#11818 = LINE('',#11819,#11820);
#11819 = CARTESIAN_POINT('',(42.,25.25,4.));
#11820 = VECTOR('',#11821,1.);
#11821 = DIRECTION('',(-0.980808617967,-0.19497295946,0.));
#11822 = ORIENTED_EDGE('',*,*,#11823,.T.);
#11823 = EDGE_CURVE('',#11816,#11824,#11826,.T.);
#11824 = VERTEX_POINT('',#11825);
#11825 = CARTESIAN_POINT('',(41.116100311279,24.883899688721,4.));
#11826 = LINE('',#11827,#11828);
#11827 = CARTESIAN_POINT('',(41.521598815918,25.154899597168,4.));
#11828 = VECTOR('',#11829,1.);
#11829 = DIRECTION('',(-0.831418017899,-0.55564744174,0.));
#11830 = ORIENTED_EDGE('',*,*,#11831,.T.);
#11831 = EDGE_CURVE('',#11824,#11710,#11832,.T.);
#11832 = LINE('',#11833,#11834);
#11833 = CARTESIAN_POINT('',(41.116100311279,24.883899688721,4.));
#11834 = VECTOR('',#11835,1.);
#11835 = DIRECTION('',(-0.555645635074,-0.831419225315,0.));
#11836 = PLANE('',#11837);
#11837 = AXIS2_PLACEMENT_3D('',#11838,#11839,#11840);
#11838 = CARTESIAN_POINT('',(42.,23.999998142895,4.));
#11839 = DIRECTION('',(-0.,-0.,-1.));
#11840 = DIRECTION('',(-1.,0.,0.));
#11841 = ADVANCED_FACE('',(#11842),#11867,.F.);
#11842 = FACE_BOUND('',#11843,.F.);
#11843 = EDGE_LOOP('',(#11844,#11852,#11853,#11861));
#11844 = ORIENTED_EDGE('',*,*,#11845,.T.);
#11845 = EDGE_CURVE('',#11846,#11452,#11848,.T.);
#11846 = VERTEX_POINT('',#11847);
#11847 = CARTESIAN_POINT('',(39.228401184082,25.148000717163,6.));
#11848 = LINE('',#11849,#11850);
#11849 = CARTESIAN_POINT('',(39.228401184082,25.148000717163,6.));
#11850 = VECTOR('',#11851,1.);
#11851 = DIRECTION('',(0.,0.,-1.));
#11852 = ORIENTED_EDGE('',*,*,#11451,.T.);
#11853 = ORIENTED_EDGE('',*,*,#11854,.F.);
#11854 = EDGE_CURVE('',#11855,#11454,#11857,.T.);
#11855 = VERTEX_POINT('',#11856);
#11856 = CARTESIAN_POINT('',(39.057598114014,24.585300445557,6.));
#11857 = LINE('',#11858,#11859);
#11858 = CARTESIAN_POINT('',(39.057598114014,24.585300445557,6.));
#11859 = VECTOR('',#11860,1.);
#11860 = DIRECTION('',(0.,0.,-1.));
#11861 = ORIENTED_EDGE('',*,*,#11862,.F.);
#11862 = EDGE_CURVE('',#11846,#11855,#11863,.T.);
#11863 = LINE('',#11864,#11865);
#11864 = CARTESIAN_POINT('',(39.228401184082,25.148000717163,6.));
#11865 = VECTOR('',#11866,1.);
#11866 = DIRECTION('',(-0.290455670647,-0.95688844877,0.));
#11867 = PLANE('',#11868);
#11868 = AXIS2_PLACEMENT_3D('',#11869,#11870,#11871);
#11869 = CARTESIAN_POINT('',(39.142999649048,24.86665058136,5.));
#11870 = DIRECTION('',(-0.95688844877,0.290455670647,-0.));
#11871 = DIRECTION('',(-0.290455670647,-0.95688844877,0.));
#11872 = ADVANCED_FACE('',(#11873),#11891,.F.);
#11873 = FACE_BOUND('',#11874,.F.);
#11874 = EDGE_LOOP('',(#11875,#11876,#11877,#11885));
#11875 = ORIENTED_EDGE('',*,*,#11854,.T.);
#11876 = ORIENTED_EDGE('',*,*,#11701,.T.);
#11877 = ORIENTED_EDGE('',*,*,#11878,.T.);
#11878 = EDGE_CURVE('',#11694,#11879,#11881,.T.);
#11879 = VERTEX_POINT('',#11880);
#11880 = CARTESIAN_POINT('',(39.,24.,6.));
#11881 = LINE('',#11882,#11883);
#11882 = CARTESIAN_POINT('',(39.,24.,4.));
#11883 = VECTOR('',#11884,1.);
#11884 = DIRECTION('',(0.,0.,1.));
#11885 = ORIENTED_EDGE('',*,*,#11886,.F.);
#11886 = EDGE_CURVE('',#11855,#11879,#11887,.T.);
#11887 = LINE('',#11888,#11889);
#11888 = CARTESIAN_POINT('',(39.057598114014,24.585300445557,6.));
#11889 = VECTOR('',#11890,1.);
#11890 = DIRECTION('',(-9.79347123269E-02,-0.995192841675,0.));
#11891 = PLANE('',#11892);
#11892 = AXIS2_PLACEMENT_3D('',#11893,#11894,#11895);
#11893 = CARTESIAN_POINT('',(39.028799057007,24.292650222778,5.));
#11894 = DIRECTION('',(-0.995192841675,9.79347123269E-02,-0.));
#11895 = DIRECTION('',(-9.79347123269E-02,-0.995192841675,0.));
#11896 = ADVANCED_FACE('',(#11897),#11922,.F.);
#11897 = FACE_BOUND('',#11898,.F.);
#11898 = EDGE_LOOP('',(#11899,#11907,#11908,#11916));
#11899 = ORIENTED_EDGE('',*,*,#11900,.T.);
#11900 = EDGE_CURVE('',#11901,#11686,#11903,.T.);
#11901 = VERTEX_POINT('',#11902);
#11902 = CARTESIAN_POINT('',(39.057598114014,23.414699554443,6.));
#11903 = LINE('',#11904,#11905);
#11904 = CARTESIAN_POINT('',(39.057598114014,23.414699554443,6.));
#11905 = VECTOR('',#11906,1.);
#11906 = DIRECTION('',(0.,0.,-1.));
#11907 = ORIENTED_EDGE('',*,*,#11685,.T.);
#11908 = ORIENTED_EDGE('',*,*,#11909,.F.);
#11909 = EDGE_CURVE('',#11910,#11678,#11912,.T.);
#11910 = VERTEX_POINT('',#11911);
#11911 = CARTESIAN_POINT('',(39.228401184082,22.851900100708,6.));
#11912 = LINE('',#11913,#11914);
#11913 = CARTESIAN_POINT('',(39.228401184082,22.851900100708,6.));
#11914 = VECTOR('',#11915,1.);
#11915 = DIRECTION('',(0.,0.,-1.));
#11916 = ORIENTED_EDGE('',*,*,#11917,.F.);
#11917 = EDGE_CURVE('',#11901,#11910,#11918,.T.);
#11918 = LINE('',#11919,#11920);
#11919 = CARTESIAN_POINT('',(39.057598114014,23.414699554443,6.));
#11920 = VECTOR('',#11921,1.);
#11921 = DIRECTION('',(0.290408800974,-0.956902674423,0.));
#11922 = PLANE('',#11923);
#11923 = AXIS2_PLACEMENT_3D('',#11924,#11925,#11926);
#11924 = CARTESIAN_POINT('',(39.142999649048,23.133299827576,5.));
#11925 = DIRECTION('',(-0.956902674423,-0.290408800974,-0.));
#11926 = DIRECTION('',(0.290408800974,-0.956902674423,0.));
#11927 = ADVANCED_FACE('',(#11928,#12161),#12291,.F.);
#11928 = FACE_BOUND('',#11929,.F.);
#11929 = EDGE_LOOP('',(#11930,#11931,#11939,#11947,#11955,#11963,#11971,
    #11979,#11987,#11995,#12003,#12011,#12019,#12027,#12035,#12043,
    #12051,#12059,#12067,#12075,#12083,#12091,#12099,#12107,#12115,
    #12123,#12131,#12139,#12147,#12153,#12154,#12155));
#11930 = ORIENTED_EDGE('',*,*,#11917,.T.);
#11931 = ORIENTED_EDGE('',*,*,#11932,.F.);
#11932 = EDGE_CURVE('',#11933,#11910,#11935,.T.);
#11933 = VERTEX_POINT('',#11934);
#11934 = CARTESIAN_POINT('',(39.505599975586,22.333299636841,6.));
#11935 = LINE('',#11936,#11937);
#11936 = CARTESIAN_POINT('',(39.505599975586,22.333299636841,6.));
#11937 = VECTOR('',#11938,1.);
#11938 = DIRECTION('',(-0.471398150057,0.881920508959,0.));
#11939 = ORIENTED_EDGE('',*,*,#11940,.T.);
#11940 = EDGE_CURVE('',#11933,#11941,#11943,.T.);
#11941 = VERTEX_POINT('',#11942);
#11942 = CARTESIAN_POINT('',(39.878700256348,21.878700256348,6.));
#11943 = LINE('',#11944,#11945);
#11944 = CARTESIAN_POINT('',(39.505599975586,22.333299636841,6.));
#11945 = VECTOR('',#11946,1.);
#11946 = DIRECTION('',(0.63441381932,-0.772993600139,0.));
#11947 = ORIENTED_EDGE('',*,*,#11948,.T.);
#11948 = EDGE_CURVE('',#11941,#11949,#11951,.T.);
#11949 = VERTEX_POINT('',#11950);
#11950 = CARTESIAN_POINT('',(40.333301544189,21.505599975586,6.));
#11951 = LINE('',#11952,#11953);
#11952 = CARTESIAN_POINT('',(39.878700256348,21.878700256348,6.));
#11953 = VECTOR('',#11954,1.);
#11954 = DIRECTION('',(0.772994905471,-0.634412228852,0.));
#11955 = ORIENTED_EDGE('',*,*,#11956,.F.);
#11956 = EDGE_CURVE('',#11957,#11949,#11959,.T.);
#11957 = VERTEX_POINT('',#11958);
#11958 = CARTESIAN_POINT('',(40.852001190186,21.228399276733,6.));
#11959 = LINE('',#11960,#11961);
#11960 = CARTESIAN_POINT('',(40.852001190186,21.228399276733,6.));
#11961 = VECTOR('',#11962,1.);
#11962 = DIRECTION('',(-0.881956632991,0.471330560778,0.));
#11963 = ORIENTED_EDGE('',*,*,#11964,.F.);
#11964 = EDGE_CURVE('',#11965,#11957,#11967,.T.);
#11965 = VERTEX_POINT('',#11966);
#11966 = CARTESIAN_POINT('',(41.414699554443,21.057600021362,6.));
#11967 = LINE('',#11968,#11969);
#11968 = CARTESIAN_POINT('',(41.414699554443,21.057600021362,6.));
#11969 = VECTOR('',#11970,1.);
#11970 = DIRECTION('',(-0.956889978085,0.290450632364,0.));
#11971 = ORIENTED_EDGE('',*,*,#11972,.F.);
#11972 = EDGE_CURVE('',#11973,#11965,#11975,.T.);
#11973 = VERTEX_POINT('',#11974);
#11974 = CARTESIAN_POINT('',(42.,21.,6.));
#11975 = LINE('',#11976,#11977);
#11976 = CARTESIAN_POINT('',(42.,21.,6.));
#11977 = VECTOR('',#11978,1.);
#11978 = DIRECTION('',(-0.995192525586,9.79379243063E-02,0.));
#11979 = ORIENTED_EDGE('',*,*,#11980,.T.);
#11980 = EDGE_CURVE('',#11973,#11981,#11983,.T.);
#11981 = VERTEX_POINT('',#11982);
#11982 = CARTESIAN_POINT('',(42.585300445557,21.057600021362,6.));
#11983 = LINE('',#11984,#11985);
#11984 = CARTESIAN_POINT('',(42.,21.,6.));
#11985 = VECTOR('',#11986,1.);
#11986 = DIRECTION('',(0.995192525586,9.79379243063E-02,0.));
#11987 = ORIENTED_EDGE('',*,*,#11988,.F.);
#11988 = EDGE_CURVE('',#11989,#11981,#11991,.T.);
#11989 = VERTEX_POINT('',#11990);
#11990 = CARTESIAN_POINT('',(43.147998809814,21.228399276733,6.));
#11991 = LINE('',#11992,#11993);
#11992 = CARTESIAN_POINT('',(43.147998809814,21.228399276733,6.));
#11993 = VECTOR('',#11994,1.);
#11994 = DIRECTION('',(-0.956889978085,-0.290450632364,0.));
#11995 = ORIENTED_EDGE('',*,*,#11996,.F.);
#11996 = EDGE_CURVE('',#11997,#11989,#11999,.T.);
#11997 = VERTEX_POINT('',#11998);
#11998 = CARTESIAN_POINT('',(43.666698455811,21.505599975586,6.));
#11999 = LINE('',#12000,#12001);
#12000 = CARTESIAN_POINT('',(43.666698455811,21.505599975586,6.));
#12001 = VECTOR('',#12002,1.);
#12002 = DIRECTION('',(-0.881956632991,-0.471330560778,0.));
#12003 = ORIENTED_EDGE('',*,*,#12004,.F.);
#12004 = EDGE_CURVE('',#12005,#11997,#12007,.T.);
#12005 = VERTEX_POINT('',#12006);
#12006 = CARTESIAN_POINT('',(44.121299743652,21.878700256348,6.));
#12007 = LINE('',#12008,#12009);
#12008 = CARTESIAN_POINT('',(44.121299743652,21.878700256348,6.));
#12009 = VECTOR('',#12010,1.);
#12010 = DIRECTION('',(-0.772994905471,-0.634412228852,0.));
#12011 = ORIENTED_EDGE('',*,*,#12012,.F.);
#12012 = EDGE_CURVE('',#12013,#12005,#12015,.T.);
#12013 = VERTEX_POINT('',#12014);
#12014 = CARTESIAN_POINT('',(44.494400024414,22.333299636841,6.));
#12015 = LINE('',#12016,#12017);
#12016 = CARTESIAN_POINT('',(44.494400024414,22.333299636841,6.));
#12017 = VECTOR('',#12018,1.);
#12018 = DIRECTION('',(-0.63441381932,-0.772993600139,0.));
#12019 = ORIENTED_EDGE('',*,*,#12020,.T.);
#12020 = EDGE_CURVE('',#12013,#12021,#12023,.T.);
#12021 = VERTEX_POINT('',#12022);
#12022 = CARTESIAN_POINT('',(44.771598815918,22.851900100708,6.));
#12023 = LINE('',#12024,#12025);
#12024 = CARTESIAN_POINT('',(44.494400024414,22.333299636841,6.));
#12025 = VECTOR('',#12026,1.);
#12026 = DIRECTION('',(0.471398150057,0.881920508959,0.));
#12027 = ORIENTED_EDGE('',*,*,#12028,.T.);
#12028 = EDGE_CURVE('',#12021,#12029,#12031,.T.);
#12029 = VERTEX_POINT('',#12030);
#12030 = CARTESIAN_POINT('',(44.942401885986,23.414699554443,6.));
#12031 = LINE('',#12032,#12033);
#12032 = CARTESIAN_POINT('',(44.771598815918,22.851900100708,6.));
#12033 = VECTOR('',#12034,1.);
#12034 = DIRECTION('',(0.290408800974,0.956902674423,0.));
#12035 = ORIENTED_EDGE('',*,*,#12036,.F.);
#12036 = EDGE_CURVE('',#12037,#12029,#12039,.T.);
#12037 = VERTEX_POINT('',#12038);
#12038 = CARTESIAN_POINT('',(45.,24.,6.));
#12039 = LINE('',#12040,#12041);
#12040 = CARTESIAN_POINT('',(45.,24.,6.));
#12041 = VECTOR('',#12042,1.);
#12042 = DIRECTION('',(-9.79347123269E-02,-0.995192841675,0.));
#12043 = ORIENTED_EDGE('',*,*,#12044,.F.);
#12044 = EDGE_CURVE('',#12045,#12037,#12047,.T.);
#12045 = VERTEX_POINT('',#12046);
#12046 = CARTESIAN_POINT('',(44.942401885986,24.585300445557,6.));
#12047 = LINE('',#12048,#12049);
#12048 = CARTESIAN_POINT('',(44.942401885986,24.585300445557,6.));
#12049 = VECTOR('',#12050,1.);
#12050 = DIRECTION('',(9.79347123269E-02,-0.995192841675,0.));
#12051 = ORIENTED_EDGE('',*,*,#12052,.F.);
#12052 = EDGE_CURVE('',#12053,#12045,#12055,.T.);
#12053 = VERTEX_POINT('',#12054);
#12054 = CARTESIAN_POINT('',(44.771598815918,25.148000717163,6.));
#12055 = LINE('',#12056,#12057);
#12056 = CARTESIAN_POINT('',(44.771598815918,25.148000717163,6.));
#12057 = VECTOR('',#12058,1.);
#12058 = DIRECTION('',(0.290455670647,-0.95688844877,0.));
#12059 = ORIENTED_EDGE('',*,*,#12060,.F.);
#12060 = EDGE_CURVE('',#12061,#12053,#12063,.T.);
#12061 = VERTEX_POINT('',#12062);
#12062 = CARTESIAN_POINT('',(44.494400024414,25.666700363159,6.));
#12063 = LINE('',#12064,#12065);
#12064 = CARTESIAN_POINT('',(44.494400024414,25.666700363159,6.));
#12065 = VECTOR('',#12066,1.);
#12066 = DIRECTION('',(0.471328038129,-0.881957981127,0.));
#12067 = ORIENTED_EDGE('',*,*,#12068,.F.);
#12068 = EDGE_CURVE('',#12069,#12061,#12071,.T.);
#12069 = VERTEX_POINT('',#12070);
#12070 = CARTESIAN_POINT('',(44.121299743652,26.121299743652,6.));
#12071 = LINE('',#12072,#12073);
#12072 = CARTESIAN_POINT('',(44.121299743652,26.121299743652,6.));
#12073 = VECTOR('',#12074,1.);
#12074 = DIRECTION('',(0.63441381932,-0.772993600139,0.));
#12075 = ORIENTED_EDGE('',*,*,#12076,.T.);
#12076 = EDGE_CURVE('',#12069,#12077,#12079,.T.);
#12077 = VERTEX_POINT('',#12078);
#12078 = CARTESIAN_POINT('',(43.666698455811,26.494400024414,6.));
#12079 = LINE('',#12080,#12081);
#12080 = CARTESIAN_POINT('',(44.121299743652,26.121299743652,6.));
#12081 = VECTOR('',#12082,1.);
#12082 = DIRECTION('',(-0.772994905471,0.634412228852,0.));
#12083 = ORIENTED_EDGE('',*,*,#12084,.T.);
#12084 = EDGE_CURVE('',#12077,#12085,#12087,.T.);
#12085 = VERTEX_POINT('',#12086);
#12086 = CARTESIAN_POINT('',(43.147998809814,26.771600723267,6.));
#12087 = LINE('',#12088,#12089);
#12088 = CARTESIAN_POINT('',(43.666698455811,26.494400024414,6.));
#12089 = VECTOR('',#12090,1.);
#12090 = DIRECTION('',(-0.881956632991,0.471330560778,0.));
#12091 = ORIENTED_EDGE('',*,*,#12092,.F.);
#12092 = EDGE_CURVE('',#12093,#12085,#12095,.T.);
#12093 = VERTEX_POINT('',#12094);
#12094 = CARTESIAN_POINT('',(42.585300445557,26.942399978638,6.));
#12095 = LINE('',#12096,#12097);
#12096 = CARTESIAN_POINT('',(42.585300445557,26.942399978638,6.));
#12097 = VECTOR('',#12098,1.);
#12098 = DIRECTION('',(0.956889978085,-0.290450632364,0.));
#12099 = ORIENTED_EDGE('',*,*,#12100,.T.);
#12100 = EDGE_CURVE('',#12093,#12101,#12103,.T.);
#12101 = VERTEX_POINT('',#12102);
#12102 = CARTESIAN_POINT('',(42.,27.,6.));
#12103 = LINE('',#12104,#12105);
#12104 = CARTESIAN_POINT('',(42.585300445557,26.942399978638,6.));
#12105 = VECTOR('',#12106,1.);
#12106 = DIRECTION('',(-0.995192525586,9.79379243063E-02,0.));
#12107 = ORIENTED_EDGE('',*,*,#12108,.F.);
#12108 = EDGE_CURVE('',#12109,#12101,#12111,.T.);
#12109 = VERTEX_POINT('',#12110);
#12110 = CARTESIAN_POINT('',(41.414699554443,26.942399978638,6.));
#12111 = LINE('',#12112,#12113);
#12112 = CARTESIAN_POINT('',(41.414699554443,26.942399978638,6.));
#12113 = VECTOR('',#12114,1.);
#12114 = DIRECTION('',(0.995192525586,9.79379243063E-02,0.));
#12115 = ORIENTED_EDGE('',*,*,#12116,.F.);
#12116 = EDGE_CURVE('',#12117,#12109,#12119,.T.);
#12117 = VERTEX_POINT('',#12118);
#12118 = CARTESIAN_POINT('',(40.852001190186,26.771600723267,6.));
#12119 = LINE('',#12120,#12121);
#12120 = CARTESIAN_POINT('',(40.852001190186,26.771600723267,6.));
#12121 = VECTOR('',#12122,1.);
#12122 = DIRECTION('',(0.956889978085,0.290450632364,0.));
#12123 = ORIENTED_EDGE('',*,*,#12124,.F.);
#12124 = EDGE_CURVE('',#12125,#12117,#12127,.T.);
#12125 = VERTEX_POINT('',#12126);
#12126 = CARTESIAN_POINT('',(40.333301544189,26.494400024414,6.));
#12127 = LINE('',#12128,#12129);
#12128 = CARTESIAN_POINT('',(40.333301544189,26.494400024414,6.));
#12129 = VECTOR('',#12130,1.);
#12130 = DIRECTION('',(0.881956632991,0.471330560778,0.));
#12131 = ORIENTED_EDGE('',*,*,#12132,.T.);
#12132 = EDGE_CURVE('',#12125,#12133,#12135,.T.);
#12133 = VERTEX_POINT('',#12134);
#12134 = CARTESIAN_POINT('',(39.878700256348,26.121299743652,6.));
#12135 = LINE('',#12136,#12137);
#12136 = CARTESIAN_POINT('',(40.333301544189,26.494400024414,6.));
#12137 = VECTOR('',#12138,1.);
#12138 = DIRECTION('',(-0.772994905471,-0.634412228852,0.));
#12139 = ORIENTED_EDGE('',*,*,#12140,.F.);
#12140 = EDGE_CURVE('',#12141,#12133,#12143,.T.);
#12141 = VERTEX_POINT('',#12142);
#12142 = CARTESIAN_POINT('',(39.505599975586,25.666700363159,6.));
#12143 = LINE('',#12144,#12145);
#12144 = CARTESIAN_POINT('',(39.505599975586,25.666700363159,6.));
#12145 = VECTOR('',#12146,1.);
#12146 = DIRECTION('',(0.63441381932,0.772993600139,0.));
#12147 = ORIENTED_EDGE('',*,*,#12148,.T.);
#12148 = EDGE_CURVE('',#12141,#11846,#12149,.T.);
#12149 = LINE('',#12150,#12151);
#12150 = CARTESIAN_POINT('',(39.505599975586,25.666700363159,6.));
#12151 = VECTOR('',#12152,1.);
#12152 = DIRECTION('',(-0.471328038129,-0.881957981127,0.));
#12153 = ORIENTED_EDGE('',*,*,#11862,.T.);
#12154 = ORIENTED_EDGE('',*,*,#11886,.T.);
#12155 = ORIENTED_EDGE('',*,*,#12156,.T.);
#12156 = EDGE_CURVE('',#11879,#11901,#12157,.T.);
#12157 = LINE('',#12158,#12159);
#12158 = CARTESIAN_POINT('',(39.,24.,6.));
#12159 = VECTOR('',#12160,1.);
#12160 = DIRECTION('',(9.79347123269E-02,-0.995192841675,0.));
#12161 = FACE_BOUND('',#12162,.F.);
#12162 = EDGE_LOOP('',(#12163,#12173,#12181,#12189,#12197,#12205,#12213,
    #12221,#12229,#12237,#12245,#12253,#12261,#12269,#12277,#12285));
#12163 = ORIENTED_EDGE('',*,*,#12164,.T.);
#12164 = EDGE_CURVE('',#12165,#12167,#12169,.T.);
#12165 = VERTEX_POINT('',#12166);
#12166 = CARTESIAN_POINT('',(40.845100402832,23.521600723267,6.));
#12167 = VERTEX_POINT('',#12168);
#12168 = CARTESIAN_POINT('',(40.75,24.,6.));
#12169 = LINE('',#12170,#12171);
#12170 = CARTESIAN_POINT('',(40.845100402832,23.521600723267,6.));
#12171 = VECTOR('',#12172,1.);
#12172 = DIRECTION('',(-0.194973707255,0.980808469315,0.));
#12173 = ORIENTED_EDGE('',*,*,#12174,.T.);
#12174 = EDGE_CURVE('',#12167,#12175,#12177,.T.);
#12175 = VERTEX_POINT('',#12176);
#12176 = CARTESIAN_POINT('',(40.845100402832,24.478399276733,6.));
#12177 = LINE('',#12178,#12179);
#12178 = CARTESIAN_POINT('',(40.75,24.,6.));
#12179 = VECTOR('',#12180,1.);
#12180 = DIRECTION('',(0.194973707255,0.980808469315,0.));
#12181 = ORIENTED_EDGE('',*,*,#12182,.T.);
#12182 = EDGE_CURVE('',#12175,#12183,#12185,.T.);
#12183 = VERTEX_POINT('',#12184);
#12184 = CARTESIAN_POINT('',(41.116100311279,24.883899688721,6.));
#12185 = LINE('',#12186,#12187);
#12186 = CARTESIAN_POINT('',(40.845100402832,24.478399276733,6.));
#12187 = VECTOR('',#12188,1.);
#12188 = DIRECTION('',(0.555645635074,0.831419225315,0.));
#12189 = ORIENTED_EDGE('',*,*,#12190,.T.);
#12190 = EDGE_CURVE('',#12183,#12191,#12193,.T.);
#12191 = VERTEX_POINT('',#12192);
#12192 = CARTESIAN_POINT('',(41.521598815918,25.154899597168,6.));
#12193 = LINE('',#12194,#12195);
#12194 = CARTESIAN_POINT('',(41.116100311279,24.883899688721,6.));
#12195 = VECTOR('',#12196,1.);
#12196 = DIRECTION('',(0.831418017899,0.55564744174,0.));
#12197 = ORIENTED_EDGE('',*,*,#12198,.T.);
#12198 = EDGE_CURVE('',#12191,#12199,#12201,.T.);
#12199 = VERTEX_POINT('',#12200);
#12200 = CARTESIAN_POINT('',(42.,25.25,6.));
#12201 = LINE('',#12202,#12203);
#12202 = CARTESIAN_POINT('',(41.521598815918,25.154899597168,6.));
#12203 = VECTOR('',#12204,1.);
#12204 = DIRECTION('',(0.980808617967,0.19497295946,0.));
#12205 = ORIENTED_EDGE('',*,*,#12206,.T.);
#12206 = EDGE_CURVE('',#12199,#12207,#12209,.T.);
#12207 = VERTEX_POINT('',#12208);
#12208 = CARTESIAN_POINT('',(42.478401184082,25.154899597168,6.));
#12209 = LINE('',#12210,#12211);
#12210 = CARTESIAN_POINT('',(42.,25.25,6.));
#12211 = VECTOR('',#12212,1.);
#12212 = DIRECTION('',(0.980808617967,-0.19497295946,0.));
#12213 = ORIENTED_EDGE('',*,*,#12214,.T.);
#12214 = EDGE_CURVE('',#12207,#12215,#12217,.T.);
#12215 = VERTEX_POINT('',#12216);
#12216 = CARTESIAN_POINT('',(42.883899688721,24.883899688721,6.));
#12217 = LINE('',#12218,#12219);
#12218 = CARTESIAN_POINT('',(42.478401184082,25.154899597168,6.));
#12219 = VECTOR('',#12220,1.);
#12220 = DIRECTION('',(0.831418017899,-0.55564744174,0.));
#12221 = ORIENTED_EDGE('',*,*,#12222,.T.);
#12222 = EDGE_CURVE('',#12215,#12223,#12225,.T.);
#12223 = VERTEX_POINT('',#12224);
#12224 = CARTESIAN_POINT('',(43.154899597168,24.478399276733,6.));
#12225 = LINE('',#12226,#12227);
#12226 = CARTESIAN_POINT('',(42.883899688721,24.883899688721,6.));
#12227 = VECTOR('',#12228,1.);
#12228 = DIRECTION('',(0.555645635074,-0.831419225315,0.));
#12229 = ORIENTED_EDGE('',*,*,#12230,.T.);
#12230 = EDGE_CURVE('',#12223,#12231,#12233,.T.);
#12231 = VERTEX_POINT('',#12232);
#12232 = CARTESIAN_POINT('',(43.25,24.,6.));
#12233 = LINE('',#12234,#12235);
#12234 = CARTESIAN_POINT('',(43.154899597168,24.478399276733,6.));
#12235 = VECTOR('',#12236,1.);
#12236 = DIRECTION('',(0.194973707255,-0.980808469315,0.));
#12237 = ORIENTED_EDGE('',*,*,#12238,.T.);
#12238 = EDGE_CURVE('',#12231,#12239,#12241,.T.);
#12239 = VERTEX_POINT('',#12240);
#12240 = CARTESIAN_POINT('',(43.154899597168,23.521600723267,6.));
#12241 = LINE('',#12242,#12243);
#12242 = CARTESIAN_POINT('',(43.25,24.,6.));
#12243 = VECTOR('',#12244,1.);
#12244 = DIRECTION('',(-0.194973707255,-0.980808469315,0.));
#12245 = ORIENTED_EDGE('',*,*,#12246,.T.);
#12246 = EDGE_CURVE('',#12239,#12247,#12249,.T.);
#12247 = VERTEX_POINT('',#12248);
#12248 = CARTESIAN_POINT('',(42.883899688721,23.116100311279,6.));
#12249 = LINE('',#12250,#12251);
#12250 = CARTESIAN_POINT('',(43.154899597168,23.521600723267,6.));
#12251 = VECTOR('',#12252,1.);
#12252 = DIRECTION('',(-0.555645635074,-0.831419225315,0.));
#12253 = ORIENTED_EDGE('',*,*,#12254,.T.);
#12254 = EDGE_CURVE('',#12247,#12255,#12257,.T.);
#12255 = VERTEX_POINT('',#12256);
#12256 = CARTESIAN_POINT('',(42.478401184082,22.845100402832,6.));
#12257 = LINE('',#12258,#12259);
#12258 = CARTESIAN_POINT('',(42.883899688721,23.116100311279,6.));
#12259 = VECTOR('',#12260,1.);
#12260 = DIRECTION('',(-0.831418017899,-0.55564744174,0.));
#12261 = ORIENTED_EDGE('',*,*,#12262,.T.);
#12262 = EDGE_CURVE('',#12255,#12263,#12265,.T.);
#12263 = VERTEX_POINT('',#12264);
#12264 = CARTESIAN_POINT('',(42.,22.75,6.));
#12265 = LINE('',#12266,#12267);
#12266 = CARTESIAN_POINT('',(42.478401184082,22.845100402832,6.));
#12267 = VECTOR('',#12268,1.);
#12268 = DIRECTION('',(-0.980808617967,-0.19497295946,0.));
#12269 = ORIENTED_EDGE('',*,*,#12270,.T.);
#12270 = EDGE_CURVE('',#12263,#12271,#12273,.T.);
#12271 = VERTEX_POINT('',#12272);
#12272 = CARTESIAN_POINT('',(41.521598815918,22.845100402832,6.));
#12273 = LINE('',#12274,#12275);
#12274 = CARTESIAN_POINT('',(42.,22.75,6.));
#12275 = VECTOR('',#12276,1.);
#12276 = DIRECTION('',(-0.980808617967,0.19497295946,0.));
#12277 = ORIENTED_EDGE('',*,*,#12278,.T.);
#12278 = EDGE_CURVE('',#12271,#12279,#12281,.T.);
#12279 = VERTEX_POINT('',#12280);
#12280 = CARTESIAN_POINT('',(41.116100311279,23.116100311279,6.));
#12281 = LINE('',#12282,#12283);
#12282 = CARTESIAN_POINT('',(41.521598815918,22.845100402832,6.));
#12283 = VECTOR('',#12284,1.);
#12284 = DIRECTION('',(-0.831418017899,0.55564744174,0.));
#12285 = ORIENTED_EDGE('',*,*,#12286,.T.);
#12286 = EDGE_CURVE('',#12279,#12165,#12287,.T.);
#12287 = LINE('',#12288,#12289);
#12288 = CARTESIAN_POINT('',(41.116100311279,23.116100311279,6.));
#12289 = VECTOR('',#12290,1.);
#12290 = DIRECTION('',(-0.555645635074,0.831419225315,0.));
#12291 = PLANE('',#12292);
#12292 = AXIS2_PLACEMENT_3D('',#12293,#12294,#12295);
#12293 = CARTESIAN_POINT('',(42.,23.999998142895,6.));
#12294 = DIRECTION('',(0.,0.,1.));
#12295 = DIRECTION('',(1.,0.,-0.));
#12296 = ADVANCED_FACE('',(#12297),#12308,.F.);
#12297 = FACE_BOUND('',#12298,.F.);
#12298 = EDGE_LOOP('',(#12299,#12300,#12301,#12307));
#12299 = ORIENTED_EDGE('',*,*,#11909,.T.);
#12300 = ORIENTED_EDGE('',*,*,#11677,.T.);
#12301 = ORIENTED_EDGE('',*,*,#12302,.T.);
#12302 = EDGE_CURVE('',#11670,#11933,#12303,.T.);
#12303 = LINE('',#12304,#12305);
#12304 = CARTESIAN_POINT('',(39.505599975586,22.333299636841,4.));
#12305 = VECTOR('',#12306,1.);
#12306 = DIRECTION('',(0.,0.,1.));
#12307 = ORIENTED_EDGE('',*,*,#11932,.T.);
#12308 = PLANE('',#12309);
#12309 = AXIS2_PLACEMENT_3D('',#12310,#12311,#12312);
#12310 = CARTESIAN_POINT('',(39.367000579834,22.592599868774,5.));
#12311 = DIRECTION('',(-0.881920508959,-0.471398150057,-0.));
#12312 = DIRECTION('',(0.471398150057,-0.881920508959,0.));
#12313 = ADVANCED_FACE('',(#12314),#12330,.F.);
#12314 = FACE_BOUND('',#12315,.F.);
#12315 = EDGE_LOOP('',(#12316,#12317,#12323,#12324));
#12316 = ORIENTED_EDGE('',*,*,#11956,.T.);
#12317 = ORIENTED_EDGE('',*,*,#12318,.T.);
#12318 = EDGE_CURVE('',#11949,#11654,#12319,.T.);
#12319 = LINE('',#12320,#12321);
#12320 = CARTESIAN_POINT('',(40.333301544189,21.505599975586,6.));
#12321 = VECTOR('',#12322,1.);
#12322 = DIRECTION('',(0.,0.,-1.));
#12323 = ORIENTED_EDGE('',*,*,#11653,.T.);
#12324 = ORIENTED_EDGE('',*,*,#12325,.T.);
#12325 = EDGE_CURVE('',#11646,#11957,#12326,.T.);
#12326 = LINE('',#12327,#12328);
#12327 = CARTESIAN_POINT('',(40.852001190186,21.228399276733,4.));
#12328 = VECTOR('',#12329,1.);
#12329 = DIRECTION('',(0.,0.,1.));
#12330 = PLANE('',#12331);
#12331 = AXIS2_PLACEMENT_3D('',#12332,#12333,#12334);
#12332 = CARTESIAN_POINT('',(40.592651367188,21.36699962616,5.));
#12333 = DIRECTION('',(-0.471330560778,-0.881956632991,-0.));
#12334 = DIRECTION('',(-0.881956632991,0.471330560778,0.));
#12335 = ADVANCED_FACE('',(#12336),#12347,.F.);
#12336 = FACE_BOUND('',#12337,.F.);
#12337 = EDGE_LOOP('',(#12338,#12339,#12340,#12341));
#12338 = ORIENTED_EDGE('',*,*,#11964,.T.);
#12339 = ORIENTED_EDGE('',*,*,#12325,.F.);
#12340 = ORIENTED_EDGE('',*,*,#11645,.T.);
#12341 = ORIENTED_EDGE('',*,*,#12342,.F.);
#12342 = EDGE_CURVE('',#11965,#11638,#12343,.T.);
#12343 = LINE('',#12344,#12345);
#12344 = CARTESIAN_POINT('',(41.414699554443,21.057600021362,6.));
#12345 = VECTOR('',#12346,1.);
#12346 = DIRECTION('',(0.,0.,-1.));
#12347 = PLANE('',#12348);
#12348 = AXIS2_PLACEMENT_3D('',#12349,#12350,#12351);
#12349 = CARTESIAN_POINT('',(41.133350372314,21.142999649048,5.));
#12350 = DIRECTION('',(-0.290450632364,-0.956889978085,-0.));
#12351 = DIRECTION('',(-0.956889978085,0.290450632364,0.));
#12352 = ADVANCED_FACE('',(#12353),#12364,.F.);
#12353 = FACE_BOUND('',#12354,.F.);
#12354 = EDGE_LOOP('',(#12355,#12356,#12357,#12358));
#12355 = ORIENTED_EDGE('',*,*,#11972,.T.);
#12356 = ORIENTED_EDGE('',*,*,#12342,.T.);
#12357 = ORIENTED_EDGE('',*,*,#11637,.T.);
#12358 = ORIENTED_EDGE('',*,*,#12359,.T.);
#12359 = EDGE_CURVE('',#11630,#11973,#12360,.T.);
#12360 = LINE('',#12361,#12362);
#12361 = CARTESIAN_POINT('',(42.,21.,4.));
#12362 = VECTOR('',#12363,1.);
#12363 = DIRECTION('',(0.,0.,1.));
#12364 = PLANE('',#12365);
#12365 = AXIS2_PLACEMENT_3D('',#12366,#12367,#12368);
#12366 = CARTESIAN_POINT('',(41.707349777222,21.028800010681,5.));
#12367 = DIRECTION('',(-9.79379243063E-02,-0.995192525586,-0.));
#12368 = DIRECTION('',(-0.995192525586,9.79379243063E-02,0.));
#12369 = ADVANCED_FACE('',(#12370),#12386,.F.);
#12370 = FACE_BOUND('',#12371,.F.);
#12371 = EDGE_LOOP('',(#12372,#12373,#12379,#12380));
#12372 = ORIENTED_EDGE('',*,*,#12092,.T.);
#12373 = ORIENTED_EDGE('',*,*,#12374,.T.);
#12374 = EDGE_CURVE('',#12085,#11518,#12375,.T.);
#12375 = LINE('',#12376,#12377);
#12376 = CARTESIAN_POINT('',(43.147998809814,26.771600723267,6.));
#12377 = VECTOR('',#12378,1.);
#12378 = DIRECTION('',(0.,0.,-1.));
#12379 = ORIENTED_EDGE('',*,*,#11517,.T.);
#12380 = ORIENTED_EDGE('',*,*,#12381,.T.);
#12381 = EDGE_CURVE('',#11510,#12093,#12382,.T.);
#12382 = LINE('',#12383,#12384);
#12383 = CARTESIAN_POINT('',(42.585300445557,26.942399978638,4.));
#12384 = VECTOR('',#12385,1.);
#12385 = DIRECTION('',(0.,0.,1.));
#12386 = PLANE('',#12387);
#12387 = AXIS2_PLACEMENT_3D('',#12388,#12389,#12390);
#12388 = CARTESIAN_POINT('',(42.866649627686,26.857000350952,5.));
#12389 = DIRECTION('',(0.290450632364,0.956889978085,0.));
#12390 = DIRECTION('',(0.956889978085,-0.290450632364,0.));
#12391 = ADVANCED_FACE('',(#12392),#12408,.F.);
#12392 = FACE_BOUND('',#12393,.F.);
#12393 = EDGE_LOOP('',(#12394,#12400,#12401,#12407));
#12394 = ORIENTED_EDGE('',*,*,#12395,.T.);
#12395 = EDGE_CURVE('',#11534,#12069,#12396,.T.);
#12396 = LINE('',#12397,#12398);
#12397 = CARTESIAN_POINT('',(44.121299743652,26.121299743652,4.));
#12398 = VECTOR('',#12399,1.);
#12399 = DIRECTION('',(0.,0.,1.));
#12400 = ORIENTED_EDGE('',*,*,#12068,.T.);
#12401 = ORIENTED_EDGE('',*,*,#12402,.F.);
#12402 = EDGE_CURVE('',#11542,#12061,#12403,.T.);
#12403 = LINE('',#12404,#12405);
#12404 = CARTESIAN_POINT('',(44.494400024414,25.666700363159,4.));
#12405 = VECTOR('',#12406,1.);
#12406 = DIRECTION('',(0.,0.,1.));
#12407 = ORIENTED_EDGE('',*,*,#11541,.T.);
#12408 = PLANE('',#12409);
#12409 = AXIS2_PLACEMENT_3D('',#12410,#12411,#12412);
#12410 = CARTESIAN_POINT('',(44.307849884033,25.894000053406,5.));
#12411 = DIRECTION('',(0.772993600139,0.63441381932,0.));
#12412 = DIRECTION('',(-0.63441381932,0.772993600139,0.));
#12413 = ADVANCED_FACE('',(#12414),#12425,.F.);
#12414 = FACE_BOUND('',#12415,.F.);
#12415 = EDGE_LOOP('',(#12416,#12417,#12418,#12424));
#12416 = ORIENTED_EDGE('',*,*,#12402,.T.);
#12417 = ORIENTED_EDGE('',*,*,#12060,.T.);
#12418 = ORIENTED_EDGE('',*,*,#12419,.F.);
#12419 = EDGE_CURVE('',#11550,#12053,#12420,.T.);
#12420 = LINE('',#12421,#12422);
#12421 = CARTESIAN_POINT('',(44.771598815918,25.148000717163,4.));
#12422 = VECTOR('',#12423,1.);
#12423 = DIRECTION('',(0.,0.,1.));
#12424 = ORIENTED_EDGE('',*,*,#11549,.T.);
#12425 = PLANE('',#12426);
#12426 = AXIS2_PLACEMENT_3D('',#12427,#12428,#12429);
#12427 = CARTESIAN_POINT('',(44.632999420166,25.407350540161,5.));
#12428 = DIRECTION('',(0.881957981127,0.471328038129,0.));
#12429 = DIRECTION('',(-0.471328038129,0.881957981127,0.));
#12430 = ADVANCED_FACE('',(#12431),#12442,.F.);
#12431 = FACE_BOUND('',#12432,.F.);
#12432 = EDGE_LOOP('',(#12433,#12434,#12435,#12441));
#12433 = ORIENTED_EDGE('',*,*,#12419,.T.);
#12434 = ORIENTED_EDGE('',*,*,#12052,.T.);
#12435 = ORIENTED_EDGE('',*,*,#12436,.T.);
#12436 = EDGE_CURVE('',#12045,#11558,#12437,.T.);
#12437 = LINE('',#12438,#12439);
#12438 = CARTESIAN_POINT('',(44.942401885986,24.585300445557,6.));
#12439 = VECTOR('',#12440,1.);
#12440 = DIRECTION('',(0.,0.,-1.));
#12441 = ORIENTED_EDGE('',*,*,#11557,.T.);
#12442 = PLANE('',#12443);
#12443 = AXIS2_PLACEMENT_3D('',#12444,#12445,#12446);
#12444 = CARTESIAN_POINT('',(44.857000350952,24.86665058136,5.));
#12445 = DIRECTION('',(0.95688844877,0.290455670647,0.));
#12446 = DIRECTION('',(-0.290455670647,0.95688844877,0.));
#12447 = ADVANCED_FACE('',(#12448),#12459,.F.);
#12448 = FACE_BOUND('',#12449,.F.);
#12449 = EDGE_LOOP('',(#12450,#12451,#12452,#12458));
#12450 = ORIENTED_EDGE('',*,*,#12436,.F.);
#12451 = ORIENTED_EDGE('',*,*,#12044,.T.);
#12452 = ORIENTED_EDGE('',*,*,#12453,.T.);
#12453 = EDGE_CURVE('',#12037,#11566,#12454,.T.);
#12454 = LINE('',#12455,#12456);
#12455 = CARTESIAN_POINT('',(45.,24.,6.));
#12456 = VECTOR('',#12457,1.);
#12457 = DIRECTION('',(0.,0.,-1.));
#12458 = ORIENTED_EDGE('',*,*,#11565,.T.);
#12459 = PLANE('',#12460);
#12460 = AXIS2_PLACEMENT_3D('',#12461,#12462,#12463);
#12461 = CARTESIAN_POINT('',(44.971200942993,24.292650222778,5.));
#12462 = DIRECTION('',(0.995192841675,9.79347123269E-02,0.));
#12463 = DIRECTION('',(-9.79347123269E-02,0.995192841675,0.));
#12464 = ADVANCED_FACE('',(#12465),#12476,.F.);
#12465 = FACE_BOUND('',#12466,.F.);
#12466 = EDGE_LOOP('',(#12467,#12468,#12469,#12475));
#12467 = ORIENTED_EDGE('',*,*,#12453,.F.);
#12468 = ORIENTED_EDGE('',*,*,#12036,.T.);
#12469 = ORIENTED_EDGE('',*,*,#12470,.T.);
#12470 = EDGE_CURVE('',#12029,#11574,#12471,.T.);
#12471 = LINE('',#12472,#12473);
#12472 = CARTESIAN_POINT('',(44.942401885986,23.414699554443,6.));
#12473 = VECTOR('',#12474,1.);
#12474 = DIRECTION('',(0.,0.,-1.));
#12475 = ORIENTED_EDGE('',*,*,#11573,.T.);
#12476 = PLANE('',#12477);
#12477 = AXIS2_PLACEMENT_3D('',#12478,#12479,#12480);
#12478 = CARTESIAN_POINT('',(44.971200942993,23.707349777222,5.));
#12479 = DIRECTION('',(0.995192841675,-9.79347123269E-02,0.));
#12480 = DIRECTION('',(9.79347123269E-02,0.995192841675,0.));
#12481 = ADVANCED_FACE('',(#12482),#12498,.F.);
#12482 = FACE_BOUND('',#12483,.F.);
#12483 = EDGE_LOOP('',(#12484,#12485,#12491,#12492));
#12484 = ORIENTED_EDGE('',*,*,#12108,.T.);
#12485 = ORIENTED_EDGE('',*,*,#12486,.T.);
#12486 = EDGE_CURVE('',#12101,#11502,#12487,.T.);
#12487 = LINE('',#12488,#12489);
#12488 = CARTESIAN_POINT('',(42.,27.,6.));
#12489 = VECTOR('',#12490,1.);
#12490 = DIRECTION('',(0.,0.,-1.));
#12491 = ORIENTED_EDGE('',*,*,#11501,.T.);
#12492 = ORIENTED_EDGE('',*,*,#12493,.T.);
#12493 = EDGE_CURVE('',#11494,#12109,#12494,.T.);
#12494 = LINE('',#12495,#12496);
#12495 = CARTESIAN_POINT('',(41.414699554443,26.942399978638,4.));
#12496 = VECTOR('',#12497,1.);
#12497 = DIRECTION('',(0.,0.,1.));
#12498 = PLANE('',#12499);
#12499 = AXIS2_PLACEMENT_3D('',#12500,#12501,#12502);
#12500 = CARTESIAN_POINT('',(41.707349777222,26.971199989319,5.));
#12501 = DIRECTION('',(-9.79379243063E-02,0.995192525586,0.));
#12502 = DIRECTION('',(0.995192525586,9.79379243063E-02,0.));
#12503 = ADVANCED_FACE('',(#12504),#12515,.F.);
#12504 = FACE_BOUND('',#12505,.F.);
#12505 = EDGE_LOOP('',(#12506,#12507,#12508,#12509));
#12506 = ORIENTED_EDGE('',*,*,#12116,.T.);
#12507 = ORIENTED_EDGE('',*,*,#12493,.F.);
#12508 = ORIENTED_EDGE('',*,*,#11493,.T.);
#12509 = ORIENTED_EDGE('',*,*,#12510,.F.);
#12510 = EDGE_CURVE('',#12117,#11486,#12511,.T.);
#12511 = LINE('',#12512,#12513);
#12512 = CARTESIAN_POINT('',(40.852001190186,26.771600723267,6.));
#12513 = VECTOR('',#12514,1.);
#12514 = DIRECTION('',(0.,0.,-1.));
#12515 = PLANE('',#12516);
#12516 = AXIS2_PLACEMENT_3D('',#12517,#12518,#12519);
#12517 = CARTESIAN_POINT('',(41.133350372314,26.857000350952,5.));
#12518 = DIRECTION('',(-0.290450632364,0.956889978085,0.));
#12519 = DIRECTION('',(0.956889978085,0.290450632364,0.));
#12520 = ADVANCED_FACE('',(#12521),#12532,.F.);
#12521 = FACE_BOUND('',#12522,.F.);
#12522 = EDGE_LOOP('',(#12523,#12524,#12525,#12526));
#12523 = ORIENTED_EDGE('',*,*,#12124,.T.);
#12524 = ORIENTED_EDGE('',*,*,#12510,.T.);
#12525 = ORIENTED_EDGE('',*,*,#11485,.T.);
#12526 = ORIENTED_EDGE('',*,*,#12527,.T.);
#12527 = EDGE_CURVE('',#11478,#12125,#12528,.T.);
#12528 = LINE('',#12529,#12530);
#12529 = CARTESIAN_POINT('',(40.333301544189,26.494400024414,4.));
#12530 = VECTOR('',#12531,1.);
#12531 = DIRECTION('',(0.,0.,1.));
#12532 = PLANE('',#12533);
#12533 = AXIS2_PLACEMENT_3D('',#12534,#12535,#12536);
#12534 = CARTESIAN_POINT('',(40.592651367188,26.63300037384,5.));
#12535 = DIRECTION('',(-0.471330560778,0.881956632991,0.));
#12536 = DIRECTION('',(0.881956632991,0.471330560778,0.));
#12537 = ADVANCED_FACE('',(#12538),#12554,.F.);
#12538 = FACE_BOUND('',#12539,.F.);
#12539 = EDGE_LOOP('',(#12540,#12546,#12547,#12553));
#12540 = ORIENTED_EDGE('',*,*,#12541,.T.);
#12541 = EDGE_CURVE('',#12133,#11470,#12542,.T.);
#12542 = LINE('',#12543,#12544);
#12543 = CARTESIAN_POINT('',(39.878700256348,26.121299743652,6.));
#12544 = VECTOR('',#12545,1.);
#12545 = DIRECTION('',(0.,0.,-1.));
#12546 = ORIENTED_EDGE('',*,*,#11469,.T.);
#12547 = ORIENTED_EDGE('',*,*,#12548,.T.);
#12548 = EDGE_CURVE('',#11462,#12141,#12549,.T.);
#12549 = LINE('',#12550,#12551);
#12550 = CARTESIAN_POINT('',(39.505599975586,25.666700363159,4.));
#12551 = VECTOR('',#12552,1.);
#12552 = DIRECTION('',(0.,0.,1.));
#12553 = ORIENTED_EDGE('',*,*,#12140,.T.);
#12554 = PLANE('',#12555);
#12555 = AXIS2_PLACEMENT_3D('',#12556,#12557,#12558);
#12556 = CARTESIAN_POINT('',(39.692150115967,25.894000053406,5.));
#12557 = DIRECTION('',(-0.772993600139,0.63441381932,-0.));
#12558 = DIRECTION('',(-0.63441381932,-0.772993600139,0.));
#12559 = ADVANCED_FACE('',(#12560),#12576,.F.);
#12560 = FACE_BOUND('',#12561,.F.);
#12561 = EDGE_LOOP('',(#12562,#12563,#12569,#12570));
#12562 = ORIENTED_EDGE('',*,*,#11988,.T.);
#12563 = ORIENTED_EDGE('',*,*,#12564,.T.);
#12564 = EDGE_CURVE('',#11981,#11622,#12565,.T.);
#12565 = LINE('',#12566,#12567);
#12566 = CARTESIAN_POINT('',(42.585300445557,21.057600021362,6.));
#12567 = VECTOR('',#12568,1.);
#12568 = DIRECTION('',(0.,0.,-1.));
#12569 = ORIENTED_EDGE('',*,*,#11621,.T.);
#12570 = ORIENTED_EDGE('',*,*,#12571,.T.);
#12571 = EDGE_CURVE('',#11614,#11989,#12572,.T.);
#12572 = LINE('',#12573,#12574);
#12573 = CARTESIAN_POINT('',(43.147998809814,21.228399276733,4.));
#12574 = VECTOR('',#12575,1.);
#12575 = DIRECTION('',(0.,0.,1.));
#12576 = PLANE('',#12577);
#12577 = AXIS2_PLACEMENT_3D('',#12578,#12579,#12580);
#12578 = CARTESIAN_POINT('',(42.866649627686,21.142999649048,5.));
#12579 = DIRECTION('',(0.290450632364,-0.956889978085,-0.));
#12580 = DIRECTION('',(-0.956889978085,-0.290450632364,0.));
#12581 = ADVANCED_FACE('',(#12582),#12593,.F.);
#12582 = FACE_BOUND('',#12583,.F.);
#12583 = EDGE_LOOP('',(#12584,#12585,#12586,#12587));
#12584 = ORIENTED_EDGE('',*,*,#11996,.T.);
#12585 = ORIENTED_EDGE('',*,*,#12571,.F.);
#12586 = ORIENTED_EDGE('',*,*,#11613,.T.);
#12587 = ORIENTED_EDGE('',*,*,#12588,.T.);
#12588 = EDGE_CURVE('',#11606,#11997,#12589,.T.);
#12589 = LINE('',#12590,#12591);
#12590 = CARTESIAN_POINT('',(43.666698455811,21.505599975586,4.));
#12591 = VECTOR('',#12592,1.);
#12592 = DIRECTION('',(0.,0.,1.));
#12593 = PLANE('',#12594);
#12594 = AXIS2_PLACEMENT_3D('',#12595,#12596,#12597);
#12595 = CARTESIAN_POINT('',(43.407348632812,21.36699962616,5.));
#12596 = DIRECTION('',(0.471330560778,-0.881956632991,-0.));
#12597 = DIRECTION('',(-0.881956632991,-0.471330560778,0.));
#12598 = ADVANCED_FACE('',(#12599),#12610,.F.);
#12599 = FACE_BOUND('',#12600,.F.);
#12600 = EDGE_LOOP('',(#12601,#12602,#12603,#12604));
#12601 = ORIENTED_EDGE('',*,*,#12004,.T.);
#12602 = ORIENTED_EDGE('',*,*,#12588,.F.);
#12603 = ORIENTED_EDGE('',*,*,#11605,.T.);
#12604 = ORIENTED_EDGE('',*,*,#12605,.F.);
#12605 = EDGE_CURVE('',#12005,#11598,#12606,.T.);
#12606 = LINE('',#12607,#12608);
#12607 = CARTESIAN_POINT('',(44.121299743652,21.878700256348,6.));
#12608 = VECTOR('',#12609,1.);
#12609 = DIRECTION('',(0.,0.,-1.));
#12610 = PLANE('',#12611);
#12611 = AXIS2_PLACEMENT_3D('',#12612,#12613,#12614);
#12612 = CARTESIAN_POINT('',(43.893999099731,21.692150115967,5.));
#12613 = DIRECTION('',(0.634412228852,-0.772994905471,-0.));
#12614 = DIRECTION('',(-0.772994905471,-0.634412228852,0.));
#12615 = ADVANCED_FACE('',(#12616),#12627,.F.);
#12616 = FACE_BOUND('',#12617,.F.);
#12617 = EDGE_LOOP('',(#12618,#12624,#12625,#12626));
#12618 = ORIENTED_EDGE('',*,*,#12619,.T.);
#12619 = EDGE_CURVE('',#11590,#12013,#12620,.T.);
#12620 = LINE('',#12621,#12622);
#12621 = CARTESIAN_POINT('',(44.494400024414,22.333299636841,4.));
#12622 = VECTOR('',#12623,1.);
#12623 = DIRECTION('',(0.,0.,1.));
#12624 = ORIENTED_EDGE('',*,*,#12012,.T.);
#12625 = ORIENTED_EDGE('',*,*,#12605,.T.);
#12626 = ORIENTED_EDGE('',*,*,#11597,.T.);
#12627 = PLANE('',#12628);
#12628 = AXIS2_PLACEMENT_3D('',#12629,#12630,#12631);
#12629 = CARTESIAN_POINT('',(44.307849884033,22.105999946594,5.));
#12630 = DIRECTION('',(0.772993600139,-0.63441381932,0.));
#12631 = DIRECTION('',(0.63441381932,0.772993600139,0.));
#12632 = ADVANCED_FACE('',(#12633),#12644,.F.);
#12633 = FACE_BOUND('',#12634,.F.);
#12634 = EDGE_LOOP('',(#12635,#12636,#12637,#12643));
#12635 = ORIENTED_EDGE('',*,*,#12470,.F.);
#12636 = ORIENTED_EDGE('',*,*,#12028,.F.);
#12637 = ORIENTED_EDGE('',*,*,#12638,.T.);
#12638 = EDGE_CURVE('',#12021,#11582,#12639,.T.);
#12639 = LINE('',#12640,#12641);
#12640 = CARTESIAN_POINT('',(44.771598815918,22.851900100708,6.));
#12641 = VECTOR('',#12642,1.);
#12642 = DIRECTION('',(0.,0.,-1.));
#12643 = ORIENTED_EDGE('',*,*,#11581,.T.);
#12644 = PLANE('',#12645);
#12645 = AXIS2_PLACEMENT_3D('',#12646,#12647,#12648);
#12646 = CARTESIAN_POINT('',(44.857000350952,23.133299827576,5.));
#12647 = DIRECTION('',(0.956902674423,-0.290408800974,0.));
#12648 = DIRECTION('',(0.290408800974,0.956902674423,0.));
#12649 = ADVANCED_FACE('',(#12650),#12656,.F.);
#12650 = FACE_BOUND('',#12651,.F.);
#12651 = EDGE_LOOP('',(#12652,#12653,#12654,#12655));
#12652 = ORIENTED_EDGE('',*,*,#12638,.F.);
#12653 = ORIENTED_EDGE('',*,*,#12020,.F.);
#12654 = ORIENTED_EDGE('',*,*,#12619,.F.);
#12655 = ORIENTED_EDGE('',*,*,#11589,.T.);
#12656 = PLANE('',#12657);
#12657 = AXIS2_PLACEMENT_3D('',#12658,#12659,#12660);
#12658 = CARTESIAN_POINT('',(44.632999420166,22.592599868774,5.));
#12659 = DIRECTION('',(0.881920508959,-0.471398150057,0.));
#12660 = DIRECTION('',(0.471398150057,0.881920508959,0.));
#12661 = ADVANCED_FACE('',(#12662),#12668,.F.);
#12662 = FACE_BOUND('',#12663,.F.);
#12663 = EDGE_LOOP('',(#12664,#12665,#12666,#12667));
#12664 = ORIENTED_EDGE('',*,*,#12100,.F.);
#12665 = ORIENTED_EDGE('',*,*,#12381,.F.);
#12666 = ORIENTED_EDGE('',*,*,#11509,.T.);
#12667 = ORIENTED_EDGE('',*,*,#12486,.F.);
#12668 = PLANE('',#12669);
#12669 = AXIS2_PLACEMENT_3D('',#12670,#12671,#12672);
#12670 = CARTESIAN_POINT('',(42.292650222778,26.971199989319,5.));
#12671 = DIRECTION('',(9.79379243063E-02,0.995192525586,0.));
#12672 = DIRECTION('',(0.995192525586,-9.79379243063E-02,0.));
#12673 = ADVANCED_FACE('',(#12674),#12680,.F.);
#12674 = FACE_BOUND('',#12675,.F.);
#12675 = EDGE_LOOP('',(#12676,#12677,#12678,#12679));
#12676 = ORIENTED_EDGE('',*,*,#12132,.F.);
#12677 = ORIENTED_EDGE('',*,*,#12527,.F.);
#12678 = ORIENTED_EDGE('',*,*,#11477,.T.);
#12679 = ORIENTED_EDGE('',*,*,#12541,.F.);
#12680 = PLANE('',#12681);
#12681 = AXIS2_PLACEMENT_3D('',#12682,#12683,#12684);
#12682 = CARTESIAN_POINT('',(40.106000900269,26.307849884033,5.));
#12683 = DIRECTION('',(-0.634412228852,0.772994905471,0.));
#12684 = DIRECTION('',(0.772994905471,0.634412228852,0.));
#12685 = ADVANCED_FACE('',(#12686),#12697,.F.);
#12686 = FACE_BOUND('',#12687,.F.);
#12687 = EDGE_LOOP('',(#12688,#12689,#12690,#12691));
#12688 = ORIENTED_EDGE('',*,*,#12076,.F.);
#12689 = ORIENTED_EDGE('',*,*,#12395,.F.);
#12690 = ORIENTED_EDGE('',*,*,#11533,.T.);
#12691 = ORIENTED_EDGE('',*,*,#12692,.T.);
#12692 = EDGE_CURVE('',#11526,#12077,#12693,.T.);
#12693 = LINE('',#12694,#12695);
#12694 = CARTESIAN_POINT('',(43.666698455811,26.494400024414,4.));
#12695 = VECTOR('',#12696,1.);
#12696 = DIRECTION('',(0.,0.,1.));
#12697 = PLANE('',#12698);
#12698 = AXIS2_PLACEMENT_3D('',#12699,#12700,#12701);
#12699 = CARTESIAN_POINT('',(43.893999099731,26.307849884033,5.));
#12700 = DIRECTION('',(0.634412228852,0.772994905471,0.));
#12701 = DIRECTION('',(0.772994905471,-0.634412228852,0.));
#12702 = ADVANCED_FACE('',(#12703),#12709,.F.);
#12703 = FACE_BOUND('',#12704,.F.);
#12704 = EDGE_LOOP('',(#12705,#12706,#12707,#12708));
#12705 = ORIENTED_EDGE('',*,*,#11980,.F.);
#12706 = ORIENTED_EDGE('',*,*,#12359,.F.);
#12707 = ORIENTED_EDGE('',*,*,#11629,.T.);
#12708 = ORIENTED_EDGE('',*,*,#12564,.F.);
#12709 = PLANE('',#12710);
#12710 = AXIS2_PLACEMENT_3D('',#12711,#12712,#12713);
#12711 = CARTESIAN_POINT('',(42.292650222778,21.028800010681,5.));
#12712 = DIRECTION('',(9.79379243063E-02,-0.995192525586,-0.));
#12713 = DIRECTION('',(-0.995192525586,-9.79379243063E-02,0.));
#12714 = ADVANCED_FACE('',(#12715),#12721,.F.);
#12715 = FACE_BOUND('',#12716,.F.);
#12716 = EDGE_LOOP('',(#12717,#12718,#12719,#12720));
#12717 = ORIENTED_EDGE('',*,*,#12084,.F.);
#12718 = ORIENTED_EDGE('',*,*,#12692,.F.);
#12719 = ORIENTED_EDGE('',*,*,#11525,.T.);
#12720 = ORIENTED_EDGE('',*,*,#12374,.F.);
#12721 = PLANE('',#12722);
#12722 = AXIS2_PLACEMENT_3D('',#12723,#12724,#12725);
#12723 = CARTESIAN_POINT('',(43.407348632812,26.63300037384,5.));
#12724 = DIRECTION('',(0.471330560778,0.881956632991,0.));
#12725 = DIRECTION('',(0.881956632991,-0.471330560778,0.));
#12726 = ADVANCED_FACE('',(#12727),#12738,.F.);
#12727 = FACE_BOUND('',#12728,.F.);
#12728 = EDGE_LOOP('',(#12729,#12730,#12731,#12737));
#12729 = ORIENTED_EDGE('',*,*,#12302,.F.);
#12730 = ORIENTED_EDGE('',*,*,#11669,.T.);
#12731 = ORIENTED_EDGE('',*,*,#12732,.T.);
#12732 = EDGE_CURVE('',#11662,#11941,#12733,.T.);
#12733 = LINE('',#12734,#12735);
#12734 = CARTESIAN_POINT('',(39.878700256348,21.878700256348,4.));
#12735 = VECTOR('',#12736,1.);
#12736 = DIRECTION('',(0.,0.,1.));
#12737 = ORIENTED_EDGE('',*,*,#11940,.F.);
#12738 = PLANE('',#12739);
#12739 = AXIS2_PLACEMENT_3D('',#12740,#12741,#12742);
#12740 = CARTESIAN_POINT('',(39.692150115967,22.105999946594,5.));
#12741 = DIRECTION('',(-0.772993600139,-0.63441381932,-0.));
#12742 = DIRECTION('',(0.63441381932,-0.772993600139,0.));
#12743 = ADVANCED_FACE('',(#12744),#12750,.F.);
#12744 = FACE_BOUND('',#12745,.F.);
#12745 = EDGE_LOOP('',(#12746,#12747,#12748,#12749));
#12746 = ORIENTED_EDGE('',*,*,#11948,.F.);
#12747 = ORIENTED_EDGE('',*,*,#12732,.F.);
#12748 = ORIENTED_EDGE('',*,*,#11661,.T.);
#12749 = ORIENTED_EDGE('',*,*,#12318,.F.);
#12750 = PLANE('',#12751);
#12751 = AXIS2_PLACEMENT_3D('',#12752,#12753,#12754);
#12752 = CARTESIAN_POINT('',(40.106000900269,21.692150115967,5.));
#12753 = DIRECTION('',(-0.634412228852,-0.772994905471,-0.));
#12754 = DIRECTION('',(-0.772994905471,0.634412228852,0.));
#12755 = ADVANCED_FACE('',(#12756),#12762,.F.);
#12756 = FACE_BOUND('',#12757,.F.);
#12757 = EDGE_LOOP('',(#12758,#12759,#12760,#12761));
#12758 = ORIENTED_EDGE('',*,*,#12548,.F.);
#12759 = ORIENTED_EDGE('',*,*,#11461,.T.);
#12760 = ORIENTED_EDGE('',*,*,#11845,.F.);
#12761 = ORIENTED_EDGE('',*,*,#12148,.F.);
#12762 = PLANE('',#12763);
#12763 = AXIS2_PLACEMENT_3D('',#12764,#12765,#12766);
#12764 = CARTESIAN_POINT('',(39.367000579834,25.407350540161,5.));
#12765 = DIRECTION('',(-0.881957981127,0.471328038129,-0.));
#12766 = DIRECTION('',(-0.471328038129,-0.881957981127,0.));
#12767 = ADVANCED_FACE('',(#12768),#12774,.F.);
#12768 = FACE_BOUND('',#12769,.F.);
#12769 = EDGE_LOOP('',(#12770,#12771,#12772,#12773));
#12770 = ORIENTED_EDGE('',*,*,#11878,.F.);
#12771 = ORIENTED_EDGE('',*,*,#11693,.T.);
#12772 = ORIENTED_EDGE('',*,*,#11900,.F.);
#12773 = ORIENTED_EDGE('',*,*,#12156,.F.);
#12774 = PLANE('',#12775);
#12775 = AXIS2_PLACEMENT_3D('',#12776,#12777,#12778);
#12776 = CARTESIAN_POINT('',(39.028799057007,23.707349777222,5.));
#12777 = DIRECTION('',(-0.995192841675,-9.79347123269E-02,-0.));
#12778 = DIRECTION('',(9.79347123269E-02,-0.995192841675,0.));
#12779 = ADVANCED_FACE('',(#12780),#12796,.F.);
#12780 = FACE_BOUND('',#12781,.F.);
#12781 = EDGE_LOOP('',(#12782,#12788,#12789,#12795));
#12782 = ORIENTED_EDGE('',*,*,#12783,.T.);
#12783 = EDGE_CURVE('',#12215,#11792,#12784,.T.);
#12784 = LINE('',#12785,#12786);
#12785 = CARTESIAN_POINT('',(42.883899688721,24.883899688721,6.));
#12786 = VECTOR('',#12787,1.);
#12787 = DIRECTION('',(0.,0.,-1.));
#12788 = ORIENTED_EDGE('',*,*,#11791,.F.);
#12789 = ORIENTED_EDGE('',*,*,#12790,.T.);
#12790 = EDGE_CURVE('',#11784,#12223,#12791,.T.);
#12791 = LINE('',#12792,#12793);
#12792 = CARTESIAN_POINT('',(43.154899597168,24.478399276733,4.));
#12793 = VECTOR('',#12794,1.);
#12794 = DIRECTION('',(0.,0.,1.));
#12795 = ORIENTED_EDGE('',*,*,#12222,.F.);
#12796 = PLANE('',#12797);
#12797 = AXIS2_PLACEMENT_3D('',#12798,#12799,#12800);
#12798 = CARTESIAN_POINT('',(43.019399642944,24.681149482727,5.));
#12799 = DIRECTION('',(-0.831419225315,-0.555645635074,-0.));
#12800 = DIRECTION('',(0.555645635074,-0.831419225315,0.));
#12801 = ADVANCED_FACE('',(#12802),#12813,.F.);
#12802 = FACE_BOUND('',#12803,.F.);
#12803 = EDGE_LOOP('',(#12804,#12805,#12806,#12812));
#12804 = ORIENTED_EDGE('',*,*,#12790,.F.);
#12805 = ORIENTED_EDGE('',*,*,#11783,.F.);
#12806 = ORIENTED_EDGE('',*,*,#12807,.T.);
#12807 = EDGE_CURVE('',#11776,#12231,#12808,.T.);
#12808 = LINE('',#12809,#12810);
#12809 = CARTESIAN_POINT('',(43.25,24.,4.));
#12810 = VECTOR('',#12811,1.);
#12811 = DIRECTION('',(0.,0.,1.));
#12812 = ORIENTED_EDGE('',*,*,#12230,.F.);
#12813 = PLANE('',#12814);
#12814 = AXIS2_PLACEMENT_3D('',#12815,#12816,#12817);
#12815 = CARTESIAN_POINT('',(43.202449798584,24.239199638367,5.));
#12816 = DIRECTION('',(-0.980808469315,-0.194973707255,-0.));
#12817 = DIRECTION('',(0.194973707255,-0.980808469315,0.));
#12818 = ADVANCED_FACE('',(#12819),#12830,.F.);
#12819 = FACE_BOUND('',#12820,.F.);
#12820 = EDGE_LOOP('',(#12821,#12822,#12828,#12829));
#12821 = ORIENTED_EDGE('',*,*,#12214,.F.);
#12822 = ORIENTED_EDGE('',*,*,#12823,.T.);
#12823 = EDGE_CURVE('',#12207,#11800,#12824,.T.);
#12824 = LINE('',#12825,#12826);
#12825 = CARTESIAN_POINT('',(42.478401184082,25.154899597168,6.));
#12826 = VECTOR('',#12827,1.);
#12827 = DIRECTION('',(0.,0.,-1.));
#12828 = ORIENTED_EDGE('',*,*,#11799,.F.);
#12829 = ORIENTED_EDGE('',*,*,#12783,.F.);
#12830 = PLANE('',#12831);
#12831 = AXIS2_PLACEMENT_3D('',#12832,#12833,#12834);
#12832 = CARTESIAN_POINT('',(42.681150436401,25.019399642944,5.));
#12833 = DIRECTION('',(-0.55564744174,-0.831418017899,-0.));
#12834 = DIRECTION('',(-0.831418017899,0.55564744174,0.));
#12835 = ADVANCED_FACE('',(#12836),#12852,.F.);
#12836 = FACE_BOUND('',#12837,.F.);
#12837 = EDGE_LOOP('',(#12838,#12844,#12845,#12851));
#12838 = ORIENTED_EDGE('',*,*,#12839,.T.);
#12839 = EDGE_CURVE('',#12239,#11768,#12840,.T.);
#12840 = LINE('',#12841,#12842);
#12841 = CARTESIAN_POINT('',(43.154899597168,23.521600723267,6.));
#12842 = VECTOR('',#12843,1.);
#12843 = DIRECTION('',(0.,0.,-1.));
#12844 = ORIENTED_EDGE('',*,*,#11767,.F.);
#12845 = ORIENTED_EDGE('',*,*,#12846,.T.);
#12846 = EDGE_CURVE('',#11760,#12247,#12847,.T.);
#12847 = LINE('',#12848,#12849);
#12848 = CARTESIAN_POINT('',(42.883899688721,23.116100311279,4.));
#12849 = VECTOR('',#12850,1.);
#12850 = DIRECTION('',(0.,0.,1.));
#12851 = ORIENTED_EDGE('',*,*,#12246,.F.);
#12852 = PLANE('',#12853);
#12853 = AXIS2_PLACEMENT_3D('',#12854,#12855,#12856);
#12854 = CARTESIAN_POINT('',(43.019399642944,23.318850517273,5.));
#12855 = DIRECTION('',(-0.831419225315,0.555645635074,-0.));
#12856 = DIRECTION('',(-0.555645635074,-0.831419225315,0.));
#12857 = ADVANCED_FACE('',(#12858),#12874,.F.);
#12858 = FACE_BOUND('',#12859,.F.);
#12859 = EDGE_LOOP('',(#12860,#12861,#12867,#12868));
#12860 = ORIENTED_EDGE('',*,*,#12198,.F.);
#12861 = ORIENTED_EDGE('',*,*,#12862,.T.);
#12862 = EDGE_CURVE('',#12191,#11816,#12863,.T.);
#12863 = LINE('',#12864,#12865);
#12864 = CARTESIAN_POINT('',(41.521598815918,25.154899597168,6.));
#12865 = VECTOR('',#12866,1.);
#12866 = DIRECTION('',(0.,0.,-1.));
#12867 = ORIENTED_EDGE('',*,*,#11815,.F.);
#12868 = ORIENTED_EDGE('',*,*,#12869,.T.);
#12869 = EDGE_CURVE('',#11808,#12199,#12870,.T.);
#12870 = LINE('',#12871,#12872);
#12871 = CARTESIAN_POINT('',(42.,25.25,4.));
#12872 = VECTOR('',#12873,1.);
#12873 = DIRECTION('',(0.,0.,1.));
#12874 = PLANE('',#12875);
#12875 = AXIS2_PLACEMENT_3D('',#12876,#12877,#12878);
#12876 = CARTESIAN_POINT('',(41.760799407959,25.202449798584,5.));
#12877 = DIRECTION('',(0.19497295946,-0.980808617967,-0.));
#12878 = DIRECTION('',(-0.980808617967,-0.19497295946,0.));
#12879 = ADVANCED_FACE('',(#12880),#12896,.F.);
#12880 = FACE_BOUND('',#12881,.F.);
#12881 = EDGE_LOOP('',(#12882,#12888,#12889,#12895));
#12882 = ORIENTED_EDGE('',*,*,#12883,.T.);
#12883 = EDGE_CURVE('',#11824,#12183,#12884,.T.);
#12884 = LINE('',#12885,#12886);
#12885 = CARTESIAN_POINT('',(41.116100311279,24.883899688721,4.));
#12886 = VECTOR('',#12887,1.);
#12887 = DIRECTION('',(0.,0.,1.));
#12888 = ORIENTED_EDGE('',*,*,#12182,.F.);
#12889 = ORIENTED_EDGE('',*,*,#12890,.T.);
#12890 = EDGE_CURVE('',#12175,#11710,#12891,.T.);
#12891 = LINE('',#12892,#12893);
#12892 = CARTESIAN_POINT('',(40.845100402832,24.478399276733,6.));
#12893 = VECTOR('',#12894,1.);
#12894 = DIRECTION('',(0.,0.,-1.));
#12895 = ORIENTED_EDGE('',*,*,#11831,.F.);
#12896 = PLANE('',#12897);
#12897 = AXIS2_PLACEMENT_3D('',#12898,#12899,#12900);
#12898 = CARTESIAN_POINT('',(40.980600357056,24.681149482727,5.));
#12899 = DIRECTION('',(0.831419225315,-0.555645635074,0.));
#12900 = DIRECTION('',(0.555645635074,0.831419225315,0.));
#12901 = ADVANCED_FACE('',(#12902),#12913,.F.);
#12902 = FACE_BOUND('',#12903,.F.);
#12903 = EDGE_LOOP('',(#12904,#12905,#12906,#12912));
#12904 = ORIENTED_EDGE('',*,*,#12890,.F.);
#12905 = ORIENTED_EDGE('',*,*,#12174,.F.);
#12906 = ORIENTED_EDGE('',*,*,#12907,.T.);
#12907 = EDGE_CURVE('',#12167,#11712,#12908,.T.);
#12908 = LINE('',#12909,#12910);
#12909 = CARTESIAN_POINT('',(40.75,24.,6.));
#12910 = VECTOR('',#12911,1.);
#12911 = DIRECTION('',(0.,0.,-1.));
#12912 = ORIENTED_EDGE('',*,*,#11709,.F.);
#12913 = PLANE('',#12914);
#12914 = AXIS2_PLACEMENT_3D('',#12915,#12916,#12917);
#12915 = CARTESIAN_POINT('',(40.797550201416,24.239199638367,5.));
#12916 = DIRECTION('',(0.980808469315,-0.194973707255,0.));
#12917 = DIRECTION('',(0.194973707255,0.980808469315,0.));
#12918 = ADVANCED_FACE('',(#12919),#12935,.F.);
#12919 = FACE_BOUND('',#12920,.F.);
#12920 = EDGE_LOOP('',(#12921,#12922,#12928,#12929));
#12921 = ORIENTED_EDGE('',*,*,#12262,.F.);
#12922 = ORIENTED_EDGE('',*,*,#12923,.T.);
#12923 = EDGE_CURVE('',#12255,#11752,#12924,.T.);
#12924 = LINE('',#12925,#12926);
#12925 = CARTESIAN_POINT('',(42.478401184082,22.845100402832,6.));
#12926 = VECTOR('',#12927,1.);
#12927 = DIRECTION('',(0.,0.,-1.));
#12928 = ORIENTED_EDGE('',*,*,#11751,.F.);
#12929 = ORIENTED_EDGE('',*,*,#12930,.T.);
#12930 = EDGE_CURVE('',#11744,#12263,#12931,.T.);
#12931 = LINE('',#12932,#12933);
#12932 = CARTESIAN_POINT('',(42.,22.75,4.));
#12933 = VECTOR('',#12934,1.);
#12934 = DIRECTION('',(0.,0.,1.));
#12935 = PLANE('',#12936);
#12936 = AXIS2_PLACEMENT_3D('',#12937,#12938,#12939);
#12937 = CARTESIAN_POINT('',(42.239200592041,22.797550201416,5.));
#12938 = DIRECTION('',(-0.19497295946,0.980808617967,0.));
#12939 = DIRECTION('',(0.980808617967,0.19497295946,0.));
#12940 = ADVANCED_FACE('',(#12941),#12952,.F.);
#12941 = FACE_BOUND('',#12942,.F.);
#12942 = EDGE_LOOP('',(#12943,#12944,#12945,#12946));
#12943 = ORIENTED_EDGE('',*,*,#12270,.F.);
#12944 = ORIENTED_EDGE('',*,*,#12930,.F.);
#12945 = ORIENTED_EDGE('',*,*,#11743,.F.);
#12946 = ORIENTED_EDGE('',*,*,#12947,.T.);
#12947 = EDGE_CURVE('',#11736,#12271,#12948,.T.);
#12948 = LINE('',#12949,#12950);
#12949 = CARTESIAN_POINT('',(41.521598815918,22.845100402832,4.));
#12950 = VECTOR('',#12951,1.);
#12951 = DIRECTION('',(0.,0.,1.));
#12952 = PLANE('',#12953);
#12953 = AXIS2_PLACEMENT_3D('',#12954,#12955,#12956);
#12954 = CARTESIAN_POINT('',(41.760799407959,22.797550201416,5.));
#12955 = DIRECTION('',(0.19497295946,0.980808617967,0.));
#12956 = DIRECTION('',(0.980808617967,-0.19497295946,0.));
#12957 = ADVANCED_FACE('',(#12958),#12969,.F.);
#12958 = FACE_BOUND('',#12959,.F.);
#12959 = EDGE_LOOP('',(#12960,#12961,#12962,#12968));
#12960 = ORIENTED_EDGE('',*,*,#12907,.F.);
#12961 = ORIENTED_EDGE('',*,*,#12164,.F.);
#12962 = ORIENTED_EDGE('',*,*,#12963,.T.);
#12963 = EDGE_CURVE('',#12165,#11720,#12964,.T.);
#12964 = LINE('',#12965,#12966);
#12965 = CARTESIAN_POINT('',(40.845100402832,23.521600723267,6.));
#12966 = VECTOR('',#12967,1.);
#12967 = DIRECTION('',(0.,0.,-1.));
#12968 = ORIENTED_EDGE('',*,*,#11719,.F.);
#12969 = PLANE('',#12970);
#12970 = AXIS2_PLACEMENT_3D('',#12971,#12972,#12973);
#12971 = CARTESIAN_POINT('',(40.797550201416,23.760800361633,5.));
#12972 = DIRECTION('',(0.980808469315,0.194973707255,0.));
#12973 = DIRECTION('',(-0.194973707255,0.980808469315,0.));
#12974 = ADVANCED_FACE('',(#12975),#12981,.F.);
#12975 = FACE_BOUND('',#12976,.F.);
#12976 = EDGE_LOOP('',(#12977,#12978,#12979,#12980));
#12977 = ORIENTED_EDGE('',*,*,#12206,.F.);
#12978 = ORIENTED_EDGE('',*,*,#12869,.F.);
#12979 = ORIENTED_EDGE('',*,*,#11807,.F.);
#12980 = ORIENTED_EDGE('',*,*,#12823,.F.);
#12981 = PLANE('',#12982);
#12982 = AXIS2_PLACEMENT_3D('',#12983,#12984,#12985);
#12983 = CARTESIAN_POINT('',(42.239200592041,25.202449798584,5.));
#12984 = DIRECTION('',(-0.19497295946,-0.980808617967,-0.));
#12985 = DIRECTION('',(-0.980808617967,0.19497295946,0.));
#12986 = ADVANCED_FACE('',(#12987),#12993,.F.);
#12987 = FACE_BOUND('',#12988,.F.);
#12988 = EDGE_LOOP('',(#12989,#12990,#12991,#12992));
#12989 = ORIENTED_EDGE('',*,*,#12807,.F.);
#12990 = ORIENTED_EDGE('',*,*,#11775,.F.);
#12991 = ORIENTED_EDGE('',*,*,#12839,.F.);
#12992 = ORIENTED_EDGE('',*,*,#12238,.F.);
#12993 = PLANE('',#12994);
#12994 = AXIS2_PLACEMENT_3D('',#12995,#12996,#12997);
#12995 = CARTESIAN_POINT('',(43.202449798584,23.760800361633,5.));
#12996 = DIRECTION('',(-0.980808469315,0.194973707255,-0.));
#12997 = DIRECTION('',(-0.194973707255,-0.980808469315,0.));
#12998 = ADVANCED_FACE('',(#12999),#13005,.F.);
#12999 = FACE_BOUND('',#13000,.F.);
#13000 = EDGE_LOOP('',(#13001,#13002,#13003,#13004));
#13001 = ORIENTED_EDGE('',*,*,#12254,.F.);
#13002 = ORIENTED_EDGE('',*,*,#12846,.F.);
#13003 = ORIENTED_EDGE('',*,*,#11759,.F.);
#13004 = ORIENTED_EDGE('',*,*,#12923,.F.);
#13005 = PLANE('',#13006);
#13006 = AXIS2_PLACEMENT_3D('',#13007,#13008,#13009);
#13007 = CARTESIAN_POINT('',(42.681150436401,22.980600357056,5.));
#13008 = DIRECTION('',(-0.55564744174,0.831418017899,0.));
#13009 = DIRECTION('',(0.831418017899,0.55564744174,0.));
#13010 = ADVANCED_FACE('',(#13011),#13022,.F.);
#13011 = FACE_BOUND('',#13012,.F.);
#13012 = EDGE_LOOP('',(#13013,#13014,#13015,#13021));
#13013 = ORIENTED_EDGE('',*,*,#12963,.F.);
#13014 = ORIENTED_EDGE('',*,*,#12286,.F.);
#13015 = ORIENTED_EDGE('',*,*,#13016,.T.);
#13016 = EDGE_CURVE('',#12279,#11728,#13017,.T.);
#13017 = LINE('',#13018,#13019);
#13018 = CARTESIAN_POINT('',(41.116100311279,23.116100311279,6.));
#13019 = VECTOR('',#13020,1.);
#13020 = DIRECTION('',(0.,0.,-1.));
#13021 = ORIENTED_EDGE('',*,*,#11727,.F.);
#13022 = PLANE('',#13023);
#13023 = AXIS2_PLACEMENT_3D('',#13024,#13025,#13026);
#13024 = CARTESIAN_POINT('',(40.980600357056,23.318850517273,5.));
#13025 = DIRECTION('',(0.831419225315,0.555645635074,0.));
#13026 = DIRECTION('',(-0.555645635074,0.831419225315,0.));
#13027 = ADVANCED_FACE('',(#13028),#13034,.F.);
#13028 = FACE_BOUND('',#13029,.F.);
#13029 = EDGE_LOOP('',(#13030,#13031,#13032,#13033));
#13030 = ORIENTED_EDGE('',*,*,#12190,.F.);
#13031 = ORIENTED_EDGE('',*,*,#12883,.F.);
#13032 = ORIENTED_EDGE('',*,*,#11823,.F.);
#13033 = ORIENTED_EDGE('',*,*,#12862,.F.);
#13034 = PLANE('',#13035);
#13035 = AXIS2_PLACEMENT_3D('',#13036,#13037,#13038);
#13036 = CARTESIAN_POINT('',(41.318849563599,25.019399642944,5.));
#13037 = DIRECTION('',(0.55564744174,-0.831418017899,-0.));
#13038 = DIRECTION('',(-0.831418017899,-0.55564744174,0.));
#13039 = ADVANCED_FACE('',(#13040),#13046,.F.);
#13040 = FACE_BOUND('',#13041,.F.);
#13041 = EDGE_LOOP('',(#13042,#13043,#13044,#13045));
#13042 = ORIENTED_EDGE('',*,*,#12278,.F.);
#13043 = ORIENTED_EDGE('',*,*,#12947,.F.);
#13044 = ORIENTED_EDGE('',*,*,#11735,.F.);
#13045 = ORIENTED_EDGE('',*,*,#13016,.F.);
#13046 = PLANE('',#13047);
#13047 = AXIS2_PLACEMENT_3D('',#13048,#13049,#13050);
#13048 = CARTESIAN_POINT('',(41.318849563599,22.980600357056,5.));
#13049 = DIRECTION('',(0.55564744174,0.831418017899,0.));
#13050 = DIRECTION('',(0.831418017899,-0.55564744174,0.));
#13051 = ( GEOMETRIC_REPRESENTATION_CONTEXT(3) 
GLOBAL_UNCERTAINTY_ASSIGNED_CONTEXT((#13055)) 
GLOBAL_UNIT_ASSIGNED_CONTEXT((#13052,#13053,#13054)) 
REPRESENTATION_CONTEXT('Context #1',
  '3D Context with UNIT and UNCERTAINTY') );
#13052 = ( LENGTH_UNIT() NAMED_UNIT(*) SI_UNIT(.MILLI.,.METRE.) );
#13053 = ( NAMED_UNIT(*) PLANE_ANGLE_UNIT() SI_UNIT($,.RADIAN.) );
#13054 = ( NAMED_UNIT(*) SI_UNIT($,.STERADIAN.) SOLID_ANGLE_UNIT() );
#13055 = UNCERTAINTY_MEASURE_WITH_UNIT(LENGTH_MEASURE(1.E-07),#13052,
  'distance_accuracy_value','confusion accuracy');
#13056 = PRODUCT_RELATED_PRODUCT_CATEGORY('part',$,(#7));
ENDSEC;
END-ISO-10303-21;
