ISO-10303-21;
HEADER;
FILE_DESCRIPTION(('FreeCAD Model'),'2;1');
FILE_NAME('Open CASCADE Shape Model','2026-01-24T08:58:33',('FreeCAD'),(
    'FreeCAD'),'Open CASCADE STEP processor 7.8','FreeCAD','Unknown');
FILE_SCHEMA(('AUTOMOTIVE_DESIGN { 1 0 10303 214 1 1 1 1 }'));
ENDSEC;
DATA;
#1 = APPLICATION_PROTOCOL_DEFINITION('international standard',
  'automotive_design',2000,#2);
#2 = APPLICATION_CONTEXT(
  'core data for automotive mechanical design processes');
#3 = SHAPE_DEFINITION_REPRESENTATION(#4,#10);
#4 = PRODUCT_DEFINITION_SHAPE('','',#5);
#5 = PRODUCT_DEFINITION('design','',#6,#9);
#6 = PRODUCT_DEFINITION_FORMATION('','',#7);
#7 = PRODUCT('Open CASCADE STEP translator 7.8 1',
  'Open CASCADE STEP translator 7.8 1','',(#8));
#8 = PRODUCT_CONTEXT('',#2,'mechanical');
#9 = PRODUCT_DEFINITION_CONTEXT('part definition',#2,'design');
#10 = ADVANCED_BREP_SHAPE_REPRESENTATION('',(#11,#15),#12000);
#11 = AXIS2_PLACEMENT_3D('',#12,#13,#14);
#12 = CARTESIAN_POINT('',(0.,0.,0.));
#13 = DIRECTION('',(0.,0.,1.));
#14 = DIRECTION('',(1.,0.,-0.));
#15 = MANIFOLD_SOLID_BREP('',#16);
#16 = CLOSED_SHELL('',(#17,#49,#72,#1097,#1120,#1143,#1166,#1189,#1212,
    #1233,#1256,#1279,#1311,#1334,#1366,#1389,#1412,#1435,#1458,#1488,
    #1511,#1541,#1557,#1580,#1603,#1626,#1649,#1672,#1695,#1718,#1741,
    #1764,#1787,#1810,#1833,#1856,#1879,#1900,#1916,#1939,#1962,#1978,
    #1994,#2026,#2049,#2072,#2095,#2118,#2141,#2164,#2196,#2217,#2233,
    #2256,#2279,#2302,#2325,#2348,#2371,#2394,#2415,#2431,#2454,#2486,
    #2507,#2530,#2546,#2569,#2597,#2620,#2643,#2673,#2696,#2719,#2735,
    #2758,#2779,#2795,#2816,#2837,#2853,#2876,#2892,#2908,#2924,#2940,
    #2956,#2972,#2988,#3009,#3025,#3036,#3057,#3073,#3089,#3110,#3126,
    #3142,#3158,#3179,#3195,#3216,#3232,#3243,#3254,#3275,#3291,#3307,
    #3331,#3355,#3378,#3401,#3424,#3447,#3477,#3493,#3516,#3539,#3567,
    #3583,#3606,#3629,#3661,#3684,#3716,#3739,#3760,#3776,#3943,#3974,
    #4005,#4036,#4066,#4082,#4104,#4135,#4152,#4182,#4198,#4221,#4244,
    #4272,#4288,#4311,#4334,#4364,#4380,#4411,#4443,#4466,#4487,#4510,
    #4607,#4630,#4653,#4683,#4699,#4722,#4745,#4773,#4789,#4820,#4851,
    #4882,#4913,#4944,#4968,#4999,#6358,#6381,#6404,#6434,#6450,#6481,
    #6512,#6544,#6567,#6750,#6773,#6796,#6812,#6835,#6856,#6872,#6894,
    #6916,#6938,#6960,#6992,#7015,#7198,#7226,#7242,#7265,#7281,#7309,
    #7320,#7342,#7364,#7396,#7419,#7442,#7465,#7488,#7511,#7678,#7701,
    #7724,#7746,#7768,#7882,#7904,#7926,#7948,#7970,#7987,#8004,#8026,
    #8043,#8055,#8072,#8094,#8431,#8454,#8477,#8508,#8539,#8569,#8585,
    #8597,#8619,#8641,#8658,#8670,#8682,#8704,#8716,#8738,#8755,#8772,
    #8789,#8806,#8823,#8845,#8857,#8869,#8886,#8903,#8920,#8942,#8959,
    #8981,#8998,#9010,#9022,#9044,#9056,#9073,#9095,#9107,#9129,#9141,
    #9163,#9180,#9197,#9219,#9231,#9248,#9260,#9277,#9289,#9301,#9313,
    #9325,#9337,#9349,#9366,#9378,#9395,#9412,#9429,#9446,#9458,#9475,
    #9487,#9504,#9516,#9528,#9540,#9557,#9574,#9591,#9603,#9620,#9637,
    #9654,#9666,#9683,#9700,#9712,#9724,#9736,#9758,#9775,#9797,#9814,
    #9831,#9843,#9855,#9872,#9884,#9901,#9918,#9930,#9942,#9959,#9976,
    #9993,#10015,#10037,#10054,#10066,#10083,#10095,#10107,#10119,#10136
    ,#10148,#10165,#10182,#10199,#10221,#10238,#10255,#10272,#10294,
    #10311,#10323,#10340,#10357,#10369,#10381,#10393,#10410,#10427,
    #10444,#10461,#10473,#10490,#10502,#10514,#10526,#10548,#10565,
    #10587,#10599,#10621,#10633,#10650,#10672,#10684,#10696,#10708,
    #10720,#10732,#10754,#10771,#10788,#10805,#10817,#10834,#10851,
    #10868,#10890,#10902,#10914,#10926,#10938,#10955,#10977,#10989,
    #11006,#11023,#11045,#11062,#11079,#11096,#11108,#11120,#11132,
    #11144,#11166,#11178,#11195,#11212,#11234,#11251,#11268,#11280,
    #11292,#11304,#11326,#11338,#11350,#11367,#11389,#11411,#11433,
    #11455,#11472,#11489,#11501,#11513,#11525,#11549,#11573,#11590,
    #11607,#11629,#11646,#11663,#11675,#11697,#11714,#11726,#11738,
    #11750,#11762,#11779,#11796,#11813,#11830,#11842,#11854,#11866,
    #11878,#11909,#11940,#11971,#11988));
#17 = ADVANCED_FACE('',(#18),#44,.T.);
#18 = FACE_BOUND('',#19,.T.);
#19 = EDGE_LOOP('',(#20,#30,#38));
#20 = ORIENTED_EDGE('',*,*,#21,.T.);
#21 = EDGE_CURVE('',#22,#24,#26,.T.);
#22 = VERTEX_POINT('',#23);
#23 = CARTESIAN_POINT('',(-9.293069839478,-3.732359886169,0.));
#24 = VERTEX_POINT('',#25);
#25 = CARTESIAN_POINT('',(-9.277210235596,-3.700200080872,3.));
#26 = LINE('',#27,#28);
#27 = CARTESIAN_POINT('',(-9.293069839478,-3.732359886169,0.));
#28 = VECTOR('',#29,1.);
#29 = DIRECTION('',(5.286157038787E-03,1.071916943247E-02,0.999928575424
    ));
#30 = ORIENTED_EDGE('',*,*,#31,.F.);
#31 = EDGE_CURVE('',#32,#24,#34,.T.);
#32 = VERTEX_POINT('',#33);
#33 = CARTESIAN_POINT('',(-9.293069839478,-3.732359886169,3.));
#34 = LINE('',#35,#36);
#35 = CARTESIAN_POINT('',(-9.293069839478,-3.732359886169,3.));
#36 = VECTOR('',#37,1.);
#37 = DIRECTION('',(0.442291898004,0.896871159621,0.));
#38 = ORIENTED_EDGE('',*,*,#39,.T.);
#39 = EDGE_CURVE('',#32,#22,#40,.T.);
#40 = LINE('',#41,#42);
#41 = CARTESIAN_POINT('',(-9.293069839478,-3.732359886169,3.));
#42 = VECTOR('',#43,1.);
#43 = DIRECTION('',(0.,0.,-1.));
#44 = PLANE('',#45);
#45 = AXIS2_PLACEMENT_3D('',#46,#47,#48);
#46 = CARTESIAN_POINT('',(-9.289081243931,-3.724271887432,1.508910871785
    ));
#47 = DIRECTION('',(0.896871159621,-0.442291898004,0.));
#48 = DIRECTION('',(0.442291898004,0.896871159621,0.));
#49 = ADVANCED_FACE('',(#50),#67,.T.);
#50 = FACE_BOUND('',#51,.T.);
#51 = EDGE_LOOP('',(#52,#53,#61));
#52 = ORIENTED_EDGE('',*,*,#21,.F.);
#53 = ORIENTED_EDGE('',*,*,#54,.F.);
#54 = EDGE_CURVE('',#55,#22,#57,.T.);
#55 = VERTEX_POINT('',#56);
#56 = CARTESIAN_POINT('',(-8.947919845581,-3.03248000145,0.));
#57 = LINE('',#58,#59);
#58 = CARTESIAN_POINT('',(-8.947919845581,-3.03248000145,0.));
#59 = VECTOR('',#60,1.);
#60 = DIRECTION('',(-0.442296348893,-0.896868964652,0.));
#61 = ORIENTED_EDGE('',*,*,#62,.F.);
#62 = EDGE_CURVE('',#24,#55,#63,.T.);
#63 = LINE('',#64,#65);
#64 = CARTESIAN_POINT('',(-9.277210235596,-3.700200080872,3.));
#65 = VECTOR('',#66,1.);
#66 = DIRECTION('',(0.106531985832,0.216020716663,-0.970559625148));
#67 = PLANE('',#68);
#68 = AXIS2_PLACEMENT_3D('',#69,#70,#71);
#69 = CARTESIAN_POINT('',(-9.188813960243,-3.520954249263,1.32965492932)
  );
#70 = DIRECTION('',(0.896868964652,-0.442296348893,5.931702406253E-08));
#71 = DIRECTION('',(0.442296348893,0.896868964652,2.358357391059E-24));
#72 = ADVANCED_FACE('',(#73,#331),#1092,.T.);
#73 = FACE_BOUND('',#74,.T.);
#74 = EDGE_LOOP('',(#75,#85,#93,#101,#109,#117,#125,#133,#141,#149,#157,
    #165,#173,#181,#189,#197,#205,#213,#221,#229,#237,#245,#253,#261,
    #269,#277,#285,#293,#301,#309,#317,#325));
#75 = ORIENTED_EDGE('',*,*,#76,.F.);
#76 = EDGE_CURVE('',#77,#79,#81,.T.);
#77 = VERTEX_POINT('',#78);
#78 = CARTESIAN_POINT('',(-10.39340019226,-6.944630146027,3.));
#79 = VERTEX_POINT('',#80);
#80 = CARTESIAN_POINT('',(-11.54850006103,-4.783539772034,3.));
#81 = LINE('',#82,#83);
#82 = CARTESIAN_POINT('',(-10.39340019226,-6.944630146027,3.));
#83 = VECTOR('',#84,1.);
#84 = DIRECTION('',(-0.47138816616,0.881925845411,0.));
#85 = ORIENTED_EDGE('',*,*,#86,.T.);
#86 = EDGE_CURVE('',#77,#87,#89,.T.);
#87 = VERTEX_POINT('',#88);
#88 = CARTESIAN_POINT('',(-8.838829994202,-8.838829994202,3.));
#89 = LINE('',#90,#91);
#90 = CARTESIAN_POINT('',(-10.39340019226,-6.944630146027,3.));
#91 = VECTOR('',#92,1.);
#92 = DIRECTION('',(0.634403174021,-0.77300233686,0.));
#93 = ORIENTED_EDGE('',*,*,#94,.T.);
#94 = EDGE_CURVE('',#87,#95,#97,.T.);
#95 = VERTEX_POINT('',#96);
#96 = CARTESIAN_POINT('',(-6.944630146027,-10.39340019226,3.));
#97 = LINE('',#98,#99);
#98 = CARTESIAN_POINT('',(-8.838829994202,-8.838829994202,3.));
#99 = VECTOR('',#100,1.);
#100 = DIRECTION('',(0.77300233686,-0.634403174021,0.));
#101 = ORIENTED_EDGE('',*,*,#102,.T.);
#102 = EDGE_CURVE('',#95,#103,#105,.T.);
#103 = VERTEX_POINT('',#104);
#104 = CARTESIAN_POINT('',(-4.783539772034,-11.54850006103,3.));
#105 = LINE('',#106,#107);
#106 = CARTESIAN_POINT('',(-6.944630146027,-10.39340019226,3.));
#107 = VECTOR('',#108,1.);
#108 = DIRECTION('',(0.881925845411,-0.47138816616,0.));
#109 = ORIENTED_EDGE('',*,*,#110,.T.);
#110 = EDGE_CURVE('',#103,#111,#113,.T.);
#111 = VERTEX_POINT('',#112);
#112 = CARTESIAN_POINT('',(-2.438630104065,-12.25979995727,3.));
#113 = LINE('',#114,#115);
#114 = CARTESIAN_POINT('',(-4.783539772034,-11.54850006103,3.));
#115 = VECTOR('',#116,1.);
#116 = DIRECTION('',(0.956942679456,-0.290276950922,0.));
#117 = ORIENTED_EDGE('',*,*,#118,.T.);
#118 = EDGE_CURVE('',#111,#119,#121,.T.);
#119 = VERTEX_POINT('',#120);
#120 = CARTESIAN_POINT('',(0.,-12.5,3.));
#121 = LINE('',#122,#123);
#122 = CARTESIAN_POINT('',(-2.438630104065,-12.25979995727,3.));
#123 = VECTOR('',#124,1.);
#124 = DIRECTION('',(0.995184092062,-9.802358341831E-02,0.));
#125 = ORIENTED_EDGE('',*,*,#126,.F.);
#126 = EDGE_CURVE('',#127,#119,#129,.T.);
#127 = VERTEX_POINT('',#128);
#128 = CARTESIAN_POINT('',(2.438630104065,-12.25979995727,3.));
#129 = LINE('',#130,#131);
#130 = CARTESIAN_POINT('',(2.438630104065,-12.25979995727,3.));
#131 = VECTOR('',#132,1.);
#132 = DIRECTION('',(-0.995184092062,-9.802358341831E-02,0.));
#133 = ORIENTED_EDGE('',*,*,#134,.F.);
#134 = EDGE_CURVE('',#135,#127,#137,.T.);
#135 = VERTEX_POINT('',#136);
#136 = CARTESIAN_POINT('',(4.783539772034,-11.54850006103,3.));
#137 = LINE('',#138,#139);
#138 = CARTESIAN_POINT('',(4.783539772034,-11.54850006103,3.));
#139 = VECTOR('',#140,1.);
#140 = DIRECTION('',(-0.956942679456,-0.290276950922,0.));
#141 = ORIENTED_EDGE('',*,*,#142,.T.);
#142 = EDGE_CURVE('',#135,#143,#145,.T.);
#143 = VERTEX_POINT('',#144);
#144 = CARTESIAN_POINT('',(6.944630146027,-10.39340019226,3.));
#145 = LINE('',#146,#147);
#146 = CARTESIAN_POINT('',(4.783539772034,-11.54850006103,3.));
#147 = VECTOR('',#148,1.);
#148 = DIRECTION('',(0.881925845411,0.47138816616,0.));
#149 = ORIENTED_EDGE('',*,*,#150,.T.);
#150 = EDGE_CURVE('',#143,#151,#153,.T.);
#151 = VERTEX_POINT('',#152);
#152 = CARTESIAN_POINT('',(8.838829994202,-8.838829994202,3.));
#153 = LINE('',#154,#155);
#154 = CARTESIAN_POINT('',(6.944630146027,-10.39340019226,3.));
#155 = VECTOR('',#156,1.);
#156 = DIRECTION('',(0.77300233686,0.634403174021,0.));
#157 = ORIENTED_EDGE('',*,*,#158,.F.);
#158 = EDGE_CURVE('',#159,#151,#161,.T.);
#159 = VERTEX_POINT('',#160);
#160 = CARTESIAN_POINT('',(10.393400192261,-6.944630146027,3.));
#161 = LINE('',#162,#163);
#162 = CARTESIAN_POINT('',(10.393400192261,-6.944630146027,3.));
#163 = VECTOR('',#164,1.);
#164 = DIRECTION('',(-0.634403174021,-0.77300233686,0.));
#165 = ORIENTED_EDGE('',*,*,#166,.T.);
#166 = EDGE_CURVE('',#159,#167,#169,.T.);
#167 = VERTEX_POINT('',#168);
#168 = CARTESIAN_POINT('',(11.548500061035,-4.783539772034,3.));
#169 = LINE('',#170,#171);
#170 = CARTESIAN_POINT('',(10.393400192261,-6.944630146027,3.));
#171 = VECTOR('',#172,1.);
#172 = DIRECTION('',(0.47138816616,0.881925845411,0.));
#173 = ORIENTED_EDGE('',*,*,#174,.T.);
#174 = EDGE_CURVE('',#167,#175,#177,.T.);
#175 = VERTEX_POINT('',#176);
#176 = CARTESIAN_POINT('',(12.259799957275,-2.438630104065,3.));
#177 = LINE('',#178,#179);
#178 = CARTESIAN_POINT('',(11.548500061035,-4.783539772034,3.));
#179 = VECTOR('',#180,1.);
#180 = DIRECTION('',(0.290276950922,0.956942679456,0.));
#181 = ORIENTED_EDGE('',*,*,#182,.T.);
#182 = EDGE_CURVE('',#175,#183,#185,.T.);
#183 = VERTEX_POINT('',#184);
#184 = CARTESIAN_POINT('',(12.5,0.,3.));
#185 = LINE('',#186,#187);
#186 = CARTESIAN_POINT('',(12.259799957275,-2.438630104065,3.));
#187 = VECTOR('',#188,1.);
#188 = DIRECTION('',(9.802358341831E-02,0.995184092062,0.));
#189 = ORIENTED_EDGE('',*,*,#190,.F.);
#190 = EDGE_CURVE('',#191,#183,#193,.T.);
#191 = VERTEX_POINT('',#192);
#192 = CARTESIAN_POINT('',(12.259799957275,2.438630104065,3.));
#193 = LINE('',#194,#195);
#194 = CARTESIAN_POINT('',(12.259799957275,2.438630104065,3.));
#195 = VECTOR('',#196,1.);
#196 = DIRECTION('',(9.802358341831E-02,-0.995184092062,0.));
#197 = ORIENTED_EDGE('',*,*,#198,.F.);
#198 = EDGE_CURVE('',#199,#191,#201,.T.);
#199 = VERTEX_POINT('',#200);
#200 = CARTESIAN_POINT('',(11.548500061035,4.783539772034,3.));
#201 = LINE('',#202,#203);
#202 = CARTESIAN_POINT('',(11.548500061035,4.783539772034,3.));
#203 = VECTOR('',#204,1.);
#204 = DIRECTION('',(0.290276950922,-0.956942679456,0.));
#205 = ORIENTED_EDGE('',*,*,#206,.F.);
#206 = EDGE_CURVE('',#207,#199,#209,.T.);
#207 = VERTEX_POINT('',#208);
#208 = CARTESIAN_POINT('',(10.393400192261,6.944630146027,3.));
#209 = LINE('',#210,#211);
#210 = CARTESIAN_POINT('',(10.393400192261,6.944630146027,3.));
#211 = VECTOR('',#212,1.);
#212 = DIRECTION('',(0.47138816616,-0.881925845411,0.));
#213 = ORIENTED_EDGE('',*,*,#214,.F.);
#214 = EDGE_CURVE('',#215,#207,#217,.T.);
#215 = VERTEX_POINT('',#216);
#216 = CARTESIAN_POINT('',(8.838829994202,8.838829994202,3.));
#217 = LINE('',#218,#219);
#218 = CARTESIAN_POINT('',(8.838829994202,8.838829994202,3.));
#219 = VECTOR('',#220,1.);
#220 = DIRECTION('',(0.634403174021,-0.77300233686,0.));
#221 = ORIENTED_EDGE('',*,*,#222,.F.);
#222 = EDGE_CURVE('',#223,#215,#225,.T.);
#223 = VERTEX_POINT('',#224);
#224 = CARTESIAN_POINT('',(6.944630146027,10.393400192261,3.));
#225 = LINE('',#226,#227);
#226 = CARTESIAN_POINT('',(6.944630146027,10.393400192261,3.));
#227 = VECTOR('',#228,1.);
#228 = DIRECTION('',(0.77300233686,-0.634403174021,0.));
#229 = ORIENTED_EDGE('',*,*,#230,.T.);
#230 = EDGE_CURVE('',#223,#231,#233,.T.);
#231 = VERTEX_POINT('',#232);
#232 = CARTESIAN_POINT('',(4.783539772034,11.548500061035,3.));
#233 = LINE('',#234,#235);
#234 = CARTESIAN_POINT('',(6.944630146027,10.393400192261,3.));
#235 = VECTOR('',#236,1.);
#236 = DIRECTION('',(-0.881925845411,0.47138816616,0.));
#237 = ORIENTED_EDGE('',*,*,#238,.F.);
#238 = EDGE_CURVE('',#239,#231,#241,.T.);
#239 = VERTEX_POINT('',#240);
#240 = CARTESIAN_POINT('',(2.438630104065,12.259799957275,3.));
#241 = LINE('',#242,#243);
#242 = CARTESIAN_POINT('',(2.438630104065,12.259799957275,3.));
#243 = VECTOR('',#244,1.);
#244 = DIRECTION('',(0.956942679456,-0.290276950922,0.));
#245 = ORIENTED_EDGE('',*,*,#246,.F.);
#246 = EDGE_CURVE('',#247,#239,#249,.T.);
#247 = VERTEX_POINT('',#248);
#248 = CARTESIAN_POINT('',(0.,12.5,3.));
#249 = LINE('',#250,#251);
#250 = CARTESIAN_POINT('',(0.,12.5,3.));
#251 = VECTOR('',#252,1.);
#252 = DIRECTION('',(0.995184092062,-9.802358341831E-02,0.));
#253 = ORIENTED_EDGE('',*,*,#254,.T.);
#254 = EDGE_CURVE('',#247,#255,#257,.T.);
#255 = VERTEX_POINT('',#256);
#256 = CARTESIAN_POINT('',(-2.438630104065,12.259799957275,3.));
#257 = LINE('',#258,#259);
#258 = CARTESIAN_POINT('',(0.,12.5,3.));
#259 = VECTOR('',#260,1.);
#260 = DIRECTION('',(-0.995184092062,-9.802358341831E-02,0.));
#261 = ORIENTED_EDGE('',*,*,#262,.F.);
#262 = EDGE_CURVE('',#263,#255,#265,.T.);
#263 = VERTEX_POINT('',#264);
#264 = CARTESIAN_POINT('',(-4.783539772034,11.548500061035,3.));
#265 = LINE('',#266,#267);
#266 = CARTESIAN_POINT('',(-4.783539772034,11.548500061035,3.));
#267 = VECTOR('',#268,1.);
#268 = DIRECTION('',(0.956942679456,0.290276950922,0.));
#269 = ORIENTED_EDGE('',*,*,#270,.T.);
#270 = EDGE_CURVE('',#263,#271,#273,.T.);
#271 = VERTEX_POINT('',#272);
#272 = CARTESIAN_POINT('',(-6.944630146027,10.393400192261,3.));
#273 = LINE('',#274,#275);
#274 = CARTESIAN_POINT('',(-4.783539772034,11.548500061035,3.));
#275 = VECTOR('',#276,1.);
#276 = DIRECTION('',(-0.881925845411,-0.47138816616,0.));
#277 = ORIENTED_EDGE('',*,*,#278,.T.);
#278 = EDGE_CURVE('',#271,#279,#281,.T.);
#279 = VERTEX_POINT('',#280);
#280 = CARTESIAN_POINT('',(-8.838829994202,8.838829994202,3.));
#281 = LINE('',#282,#283);
#282 = CARTESIAN_POINT('',(-6.944630146027,10.393400192261,3.));
#283 = VECTOR('',#284,1.);
#284 = DIRECTION('',(-0.77300233686,-0.634403174021,0.));
#285 = ORIENTED_EDGE('',*,*,#286,.T.);
#286 = EDGE_CURVE('',#279,#287,#289,.T.);
#287 = VERTEX_POINT('',#288);
#288 = CARTESIAN_POINT('',(-10.39340019226,6.944630146027,3.));
#289 = LINE('',#290,#291);
#290 = CARTESIAN_POINT('',(-8.838829994202,8.838829994202,3.));
#291 = VECTOR('',#292,1.);
#292 = DIRECTION('',(-0.634403174021,-0.77300233686,0.));
#293 = ORIENTED_EDGE('',*,*,#294,.F.);
#294 = EDGE_CURVE('',#295,#287,#297,.T.);
#295 = VERTEX_POINT('',#296);
#296 = CARTESIAN_POINT('',(-11.54850006103,4.783539772034,3.));
#297 = LINE('',#298,#299);
#298 = CARTESIAN_POINT('',(-11.54850006103,4.783539772034,3.));
#299 = VECTOR('',#300,1.);
#300 = DIRECTION('',(0.47138816616,0.881925845411,0.));
#301 = ORIENTED_EDGE('',*,*,#302,.T.);
#302 = EDGE_CURVE('',#295,#303,#305,.T.);
#303 = VERTEX_POINT('',#304);
#304 = CARTESIAN_POINT('',(-12.25979995727,2.438630104065,3.));
#305 = LINE('',#306,#307);
#306 = CARTESIAN_POINT('',(-11.54850006103,4.783539772034,3.));
#307 = VECTOR('',#308,1.);
#308 = DIRECTION('',(-0.290276950922,-0.956942679456,0.));
#309 = ORIENTED_EDGE('',*,*,#310,.T.);
#310 = EDGE_CURVE('',#303,#311,#313,.T.);
#311 = VERTEX_POINT('',#312);
#312 = CARTESIAN_POINT('',(-12.5,0.,3.));
#313 = LINE('',#314,#315);
#314 = CARTESIAN_POINT('',(-12.25979995727,2.438630104065,3.));
#315 = VECTOR('',#316,1.);
#316 = DIRECTION('',(-9.802358341831E-02,-0.995184092062,0.));
#317 = ORIENTED_EDGE('',*,*,#318,.T.);
#318 = EDGE_CURVE('',#311,#319,#321,.T.);
#319 = VERTEX_POINT('',#320);
#320 = CARTESIAN_POINT('',(-12.25979995727,-2.438630104065,3.));
#321 = LINE('',#322,#323);
#322 = CARTESIAN_POINT('',(-12.5,0.,3.));
#323 = VECTOR('',#324,1.);
#324 = DIRECTION('',(9.802358341831E-02,-0.995184092062,0.));
#325 = ORIENTED_EDGE('',*,*,#326,.F.);
#326 = EDGE_CURVE('',#79,#319,#327,.T.);
#327 = LINE('',#328,#329);
#328 = CARTESIAN_POINT('',(-11.54850006103,-4.783539772034,3.));
#329 = VECTOR('',#330,1.);
#330 = DIRECTION('',(-0.290276950922,0.956942679456,0.));
#331 = FACE_BOUND('',#332,.T.);
#332 = EDGE_LOOP('',(#333,#343,#349,#350,#358,#366,#374,#382,#390,#398,
    #406,#414,#422,#430,#438,#446,#454,#462,#470,#478,#486,#494,#502,
    #510,#518,#526,#534,#542,#550,#558,#566,#574,#582,#590,#598,#606,
    #614,#622,#630,#638,#646,#654,#662,#670,#678,#686,#694,#702,#710,
    #718,#726,#734,#742,#750,#758,#766,#774,#782,#790,#798,#806,#814,
    #822,#830,#838,#846,#854,#862,#870,#878,#886,#894,#902,#910,#918,
    #926,#934,#942,#950,#958,#966,#974,#982,#990,#998,#1006,#1014,#1022,
    #1030,#1038,#1046,#1054,#1062,#1070,#1078,#1086));
#333 = ORIENTED_EDGE('',*,*,#334,.T.);
#334 = EDGE_CURVE('',#335,#337,#339,.T.);
#335 = VERTEX_POINT('',#336);
#336 = CARTESIAN_POINT('',(-9.093270301819,-5.25,3.));
#337 = VERTEX_POINT('',#338);
#338 = CARTESIAN_POINT('',(-9.344099998474,-4.511050224304,3.));
#339 = LINE('',#340,#341);
#340 = CARTESIAN_POINT('',(-9.093270301819,-5.25,3.));
#341 = VECTOR('',#342,1.);
#342 = DIRECTION('',(-0.321428030129,0.946934011137,0.));
#343 = ORIENTED_EDGE('',*,*,#344,.T.);
#344 = EDGE_CURVE('',#337,#32,#345,.T.);
#345 = LINE('',#346,#347);
#346 = CARTESIAN_POINT('',(-9.344099998474,-4.511050224304,3.));
#347 = VECTOR('',#348,1.);
#348 = DIRECTION('',(6.539304616665E-02,0.997859584066,0.));
#349 = ORIENTED_EDGE('',*,*,#31,.T.);
#350 = ORIENTED_EDGE('',*,*,#351,.F.);
#351 = EDGE_CURVE('',#352,#24,#354,.T.);
#352 = VERTEX_POINT('',#353);
#353 = CARTESIAN_POINT('',(-9.807849884033,-1.950899958611,3.));
#354 = LINE('',#355,#356);
#355 = CARTESIAN_POINT('',(-9.807849884033,-1.950899958611,3.));
#356 = VECTOR('',#357,1.);
#357 = DIRECTION('',(0.290282301627,-0.956941056368,0.));
#358 = ORIENTED_EDGE('',*,*,#359,.F.);
#359 = EDGE_CURVE('',#360,#352,#362,.T.);
#360 = VERTEX_POINT('',#361);
#361 = CARTESIAN_POINT('',(-10.,0.,3.));
#362 = LINE('',#363,#364);
#363 = CARTESIAN_POINT('',(-10.,0.,3.));
#364 = VECTOR('',#365,1.);
#365 = DIRECTION('',(9.801877784861E-02,-0.995184565389,0.));
#366 = ORIENTED_EDGE('',*,*,#367,.F.);
#367 = EDGE_CURVE('',#368,#360,#370,.T.);
#368 = VERTEX_POINT('',#369);
#369 = CARTESIAN_POINT('',(-9.807849884033,1.950899958611,3.));
#370 = LINE('',#371,#372);
#371 = CARTESIAN_POINT('',(-9.807849884033,1.950899958611,3.));
#372 = VECTOR('',#373,1.);
#373 = DIRECTION('',(-9.801877784861E-02,-0.995184565389,0.));
#374 = ORIENTED_EDGE('',*,*,#375,.F.);
#375 = EDGE_CURVE('',#376,#368,#378,.T.);
#376 = VERTEX_POINT('',#377);
#377 = CARTESIAN_POINT('',(-9.277210235596,3.700200080872,3.));
#378 = LINE('',#379,#380);
#379 = CARTESIAN_POINT('',(-9.277210235596,3.700200080872,3.));
#380 = VECTOR('',#381,1.);
#381 = DIRECTION('',(-0.290282301627,-0.956941056368,0.));
#382 = ORIENTED_EDGE('',*,*,#383,.T.);
#383 = EDGE_CURVE('',#376,#384,#386,.T.);
#384 = VERTEX_POINT('',#385);
#385 = CARTESIAN_POINT('',(-9.293069839478,3.732359886169,3.));
#386 = LINE('',#387,#388);
#387 = CARTESIAN_POINT('',(-9.277210235596,3.700200080872,3.));
#388 = VECTOR('',#389,1.);
#389 = DIRECTION('',(-0.442291898004,0.896871159621,0.));
#390 = ORIENTED_EDGE('',*,*,#391,.T.);
#391 = EDGE_CURVE('',#384,#392,#394,.T.);
#392 = VERTEX_POINT('',#393);
#393 = CARTESIAN_POINT('',(-9.344099998474,4.511050224304,3.));
#394 = LINE('',#395,#396);
#395 = CARTESIAN_POINT('',(-9.293069839478,3.732359886169,3.));
#396 = VECTOR('',#397,1.);
#397 = DIRECTION('',(-6.539304616665E-02,0.997859584066,0.));
#398 = ORIENTED_EDGE('',*,*,#399,.T.);
#399 = EDGE_CURVE('',#392,#400,#402,.T.);
#400 = VERTEX_POINT('',#401);
#401 = CARTESIAN_POINT('',(-9.093270301819,5.25,3.));
#402 = LINE('',#403,#404);
#403 = CARTESIAN_POINT('',(-9.344099998474,4.511050224304,3.));
#404 = VECTOR('',#405,1.);
#405 = DIRECTION('',(0.321428030129,0.946934011137,0.));
#406 = ORIENTED_EDGE('',*,*,#407,.T.);
#407 = EDGE_CURVE('',#400,#408,#410,.T.);
#408 = VERTEX_POINT('',#409);
#409 = CARTESIAN_POINT('',(-8.578740119934,5.836709976196,3.));
#410 = LINE('',#411,#412);
#411 = CARTESIAN_POINT('',(-9.093270301819,5.25,3.));
#412 = VECTOR('',#413,1.);
#413 = DIRECTION('',(0.659345338587,0.751840225369,0.));
#414 = ORIENTED_EDGE('',*,*,#415,.T.);
#415 = EDGE_CURVE('',#408,#416,#418,.T.);
#416 = VERTEX_POINT('',#417);
#417 = CARTESIAN_POINT('',(-7.878849983215,6.181849956512,3.));
#418 = LINE('',#419,#420);
#419 = CARTESIAN_POINT('',(-8.578740119934,5.836709976196,3.));
#420 = VECTOR('',#421,1.);
#421 = DIRECTION('',(0.896876624743,0.442280815759,0.));
#422 = ORIENTED_EDGE('',*,*,#423,.T.);
#423 = EDGE_CURVE('',#416,#424,#426,.T.);
#424 = VERTEX_POINT('',#425);
#425 = CARTESIAN_POINT('',(-7.79639005661,6.187260150909,3.));
#426 = LINE('',#427,#428);
#427 = CARTESIAN_POINT('',(-7.878849983215,6.181849956512,3.));
#428 = VECTOR('',#429,1.);
#429 = DIRECTION('',(0.997854589039,6.546922279544E-02,0.));
#430 = ORIENTED_EDGE('',*,*,#431,.F.);
#431 = EDGE_CURVE('',#432,#424,#434,.T.);
#432 = VERTEX_POINT('',#433);
#433 = CARTESIAN_POINT('',(-7.721620082855,6.278359889984,3.));
#434 = LINE('',#435,#436);
#435 = CARTESIAN_POINT('',(-7.721620082855,6.278359889984,3.));
#436 = VECTOR('',#437,1.);
#437 = DIRECTION('',(-0.634425479546,-0.772984030173,0.));
#438 = ORIENTED_EDGE('',*,*,#439,.T.);
#439 = EDGE_CURVE('',#432,#440,#442,.T.);
#440 = VERTEX_POINT('',#441);
#441 = CARTESIAN_POINT('',(-7.733779907227,6.296559810638,3.));
#442 = LINE('',#443,#444);
#443 = CARTESIAN_POINT('',(-7.721620082855,6.278359889984,3.));
#444 = VECTOR('',#445,1.);
#445 = DIRECTION('',(-0.555539474517,0.831490163654,0.));
#446 = ORIENTED_EDGE('',*,*,#447,.T.);
#447 = EDGE_CURVE('',#440,#448,#450,.T.);
#448 = VERTEX_POINT('',#449);
#449 = CARTESIAN_POINT('',(-7.817510128021,6.717510223389,3.));
#450 = LINE('',#451,#452);
#451 = CARTESIAN_POINT('',(-7.733779907227,6.296559810638,3.));
#452 = VECTOR('',#453,1.);
#453 = DIRECTION('',(-0.195085789401,0.980786181986,0.));
#454 = ORIENTED_EDGE('',*,*,#455,.T.);
#455 = EDGE_CURVE('',#448,#456,#458,.T.);
#456 = VERTEX_POINT('',#457);
#457 = CARTESIAN_POINT('',(-7.733779907227,7.138470172882,3.));
#458 = LINE('',#459,#460);
#459 = CARTESIAN_POINT('',(-7.817510128021,6.717510223389,3.));
#460 = VECTOR('',#461,1.);
#461 = DIRECTION('',(0.195081537979,0.980787027616,0.));
#462 = ORIENTED_EDGE('',*,*,#463,.T.);
#463 = EDGE_CURVE('',#456,#464,#466,.T.);
#464 = VERTEX_POINT('',#465);
#465 = CARTESIAN_POINT('',(-7.495329856873,7.495329856873,3.));
#466 = LINE('',#467,#468);
#467 = CARTESIAN_POINT('',(-7.733779907227,7.138470172882,3.));
#468 = VECTOR('',#469,1.);
#469 = DIRECTION('',(0.555576728966,0.831465271813,0.));
#470 = ORIENTED_EDGE('',*,*,#471,.T.);
#471 = EDGE_CURVE('',#464,#472,#474,.T.);
#472 = VERTEX_POINT('',#473);
#473 = CARTESIAN_POINT('',(-7.138470172882,7.733779907227,3.));
#474 = LINE('',#475,#476);
#475 = CARTESIAN_POINT('',(-7.495329856873,7.495329856873,3.));
#476 = VECTOR('',#477,1.);
#477 = DIRECTION('',(0.831465271813,0.555576728966,0.));
#478 = ORIENTED_EDGE('',*,*,#479,.T.);
#479 = EDGE_CURVE('',#472,#480,#482,.T.);
#480 = VERTEX_POINT('',#481);
#481 = CARTESIAN_POINT('',(-6.717510223389,7.817510128021,3.));
#482 = LINE('',#483,#484);
#483 = CARTESIAN_POINT('',(-7.138470172882,7.733779907227,3.));
#484 = VECTOR('',#485,1.);
#485 = DIRECTION('',(0.980787027616,0.195081537979,0.));
#486 = ORIENTED_EDGE('',*,*,#487,.T.);
#487 = EDGE_CURVE('',#480,#488,#490,.T.);
#488 = VERTEX_POINT('',#489);
#489 = CARTESIAN_POINT('',(-6.296559810638,7.733779907227,3.));
#490 = LINE('',#491,#492);
#491 = CARTESIAN_POINT('',(-6.717510223389,7.817510128021,3.));
#492 = VECTOR('',#493,1.);
#493 = DIRECTION('',(0.980786181986,-0.195085789401,0.));
#494 = ORIENTED_EDGE('',*,*,#495,.T.);
#495 = EDGE_CURVE('',#488,#496,#498,.T.);
#496 = VERTEX_POINT('',#497);
#497 = CARTESIAN_POINT('',(-6.278359889984,7.721620082855,3.));
#498 = LINE('',#499,#500);
#499 = CARTESIAN_POINT('',(-6.296559810638,7.733779907227,3.));
#500 = VECTOR('',#501,1.);
#501 = DIRECTION('',(0.831490163654,-0.555539474517,0.));
#502 = ORIENTED_EDGE('',*,*,#503,.F.);
#503 = EDGE_CURVE('',#504,#496,#506,.T.);
#504 = VERTEX_POINT('',#505);
#505 = CARTESIAN_POINT('',(-5.555699825287,8.314700126648,3.));
#506 = LINE('',#507,#508);
#507 = CARTESIAN_POINT('',(-5.555699825287,8.314700126648,3.));
#508 = VECTOR('',#509,1.);
#509 = DIRECTION('',(-0.773006122749,-0.634398560995,0.));
#510 = ORIENTED_EDGE('',*,*,#511,.F.);
#511 = EDGE_CURVE('',#512,#504,#514,.T.);
#512 = VERTEX_POINT('',#513);
#513 = CARTESIAN_POINT('',(-3.826829910278,9.238800048828,3.));
#514 = LINE('',#515,#516);
#515 = CARTESIAN_POINT('',(-3.826829910278,9.238800048828,3.));
#516 = VECTOR('',#517,1.);
#517 = DIRECTION('',(-0.88192132797,-0.471396617797,0.));
#518 = ORIENTED_EDGE('',*,*,#519,.F.);
#519 = EDGE_CURVE('',#520,#512,#522,.T.);
#520 = VERTEX_POINT('',#521);
#521 = CARTESIAN_POINT('',(-1.950899958611,9.807849884033,3.));
#522 = LINE('',#523,#524);
#523 = CARTESIAN_POINT('',(-1.950899958611,9.807849884033,3.));
#524 = VECTOR('',#525,1.);
#525 = DIRECTION('',(-0.956941369349,-0.290281269855,0.));
#526 = ORIENTED_EDGE('',*,*,#527,.F.);
#527 = EDGE_CURVE('',#528,#520,#530,.T.);
#528 = VERTEX_POINT('',#529);
#529 = CARTESIAN_POINT('',(-1.452479958534,9.85694026947,3.));
#530 = LINE('',#531,#532);
#531 = CARTESIAN_POINT('',(-1.452479958534,9.85694026947,3.));
#532 = VECTOR('',#533,1.);
#533 = DIRECTION('',(-0.995184668209,-9.801773391101E-02,0.));
#534 = ORIENTED_EDGE('',*,*,#535,.T.);
#535 = EDGE_CURVE('',#528,#536,#538,.T.);
#536 = VERTEX_POINT('',#537);
#537 = CARTESIAN_POINT('',(-1.414209961891,9.914210319519,3.));
#538 = LINE('',#539,#540);
#539 = CARTESIAN_POINT('',(-1.452479958534,9.85694026947,3.));
#540 = VECTOR('',#541,1.);
#541 = DIRECTION('',(0.5556040831,0.831446993405,0.));
#542 = ORIENTED_EDGE('',*,*,#543,.T.);
#543 = EDGE_CURVE('',#536,#544,#546,.T.);
#544 = VERTEX_POINT('',#545);
#545 = CARTESIAN_POINT('',(-0.765366971493,10.347800254822,3.));
#546 = LINE('',#547,#548);
#547 = CARTESIAN_POINT('',(-1.414209961891,9.914210319519,3.));
#548 = VECTOR('',#549,1.);
#549 = DIRECTION('',(0.831441843509,0.555611789708,0.));
#550 = ORIENTED_EDGE('',*,*,#551,.T.);
#551 = EDGE_CURVE('',#544,#552,#554,.T.);
#552 = VERTEX_POINT('',#553);
#553 = CARTESIAN_POINT('',(0.,10.5,3.));
#554 = LINE('',#555,#556);
#555 = CARTESIAN_POINT('',(-0.765366971493,10.347800254822,3.));
#556 = VECTOR('',#557,1.);
#557 = DIRECTION('',(0.980795383985,0.195039521007,0.));
#558 = ORIENTED_EDGE('',*,*,#559,.T.);
#559 = EDGE_CURVE('',#552,#560,#562,.T.);
#560 = VERTEX_POINT('',#561);
#561 = CARTESIAN_POINT('',(0.765366971493,10.347800254822,3.));
#562 = LINE('',#563,#564);
#563 = CARTESIAN_POINT('',(0.,10.5,3.));
#564 = VECTOR('',#565,1.);
#565 = DIRECTION('',(0.980795383985,-0.195039521007,0.));
#566 = ORIENTED_EDGE('',*,*,#567,.T.);
#567 = EDGE_CURVE('',#560,#568,#570,.T.);
#568 = VERTEX_POINT('',#569);
#569 = CARTESIAN_POINT('',(1.414209961891,9.914210319519,3.));
#570 = LINE('',#571,#572);
#571 = CARTESIAN_POINT('',(0.765366971493,10.347800254822,3.));
#572 = VECTOR('',#573,1.);
#573 = DIRECTION('',(0.831441843509,-0.555611789708,0.));
#574 = ORIENTED_EDGE('',*,*,#575,.T.);
#575 = EDGE_CURVE('',#568,#576,#578,.T.);
#576 = VERTEX_POINT('',#577);
#577 = CARTESIAN_POINT('',(1.452479958534,9.85694026947,3.));
#578 = LINE('',#579,#580);
#579 = CARTESIAN_POINT('',(1.414209961891,9.914210319519,3.));
#580 = VECTOR('',#581,1.);
#581 = DIRECTION('',(0.5556040831,-0.831446993405,0.));
#582 = ORIENTED_EDGE('',*,*,#583,.F.);
#583 = EDGE_CURVE('',#584,#576,#586,.T.);
#584 = VERTEX_POINT('',#585);
#585 = CARTESIAN_POINT('',(1.950899958611,9.807849884033,3.));
#586 = LINE('',#587,#588);
#587 = CARTESIAN_POINT('',(1.950899958611,9.807849884033,3.));
#588 = VECTOR('',#589,1.);
#589 = DIRECTION('',(-0.995184668209,9.801773391101E-02,0.));
#590 = ORIENTED_EDGE('',*,*,#591,.F.);
#591 = EDGE_CURVE('',#592,#584,#594,.T.);
#592 = VERTEX_POINT('',#593);
#593 = CARTESIAN_POINT('',(3.826829910278,9.238800048828,3.));
#594 = LINE('',#595,#596);
#595 = CARTESIAN_POINT('',(3.826829910278,9.238800048828,3.));
#596 = VECTOR('',#597,1.);
#597 = DIRECTION('',(-0.956941369349,0.290281269855,0.));
#598 = ORIENTED_EDGE('',*,*,#599,.F.);
#599 = EDGE_CURVE('',#600,#592,#602,.T.);
#600 = VERTEX_POINT('',#601);
#601 = CARTESIAN_POINT('',(5.555699825287,8.314700126648,3.));
#602 = LINE('',#603,#604);
#603 = CARTESIAN_POINT('',(5.555699825287,8.314700126648,3.));
#604 = VECTOR('',#605,1.);
#605 = DIRECTION('',(-0.88192132797,0.471396617797,0.));
#606 = ORIENTED_EDGE('',*,*,#607,.F.);
#607 = EDGE_CURVE('',#608,#600,#610,.T.);
#608 = VERTEX_POINT('',#609);
#609 = CARTESIAN_POINT('',(6.278359889984,7.721620082855,3.));
#610 = LINE('',#611,#612);
#611 = CARTESIAN_POINT('',(6.278359889984,7.721620082855,3.));
#612 = VECTOR('',#613,1.);
#613 = DIRECTION('',(-0.773006122749,0.634398560995,0.));
#614 = ORIENTED_EDGE('',*,*,#615,.T.);
#615 = EDGE_CURVE('',#608,#616,#618,.T.);
#616 = VERTEX_POINT('',#617);
#617 = CARTESIAN_POINT('',(6.296559810638,7.733779907227,3.));
#618 = LINE('',#619,#620);
#619 = CARTESIAN_POINT('',(6.278359889984,7.721620082855,3.));
#620 = VECTOR('',#621,1.);
#621 = DIRECTION('',(0.831490163654,0.555539474517,0.));
#622 = ORIENTED_EDGE('',*,*,#623,.T.);
#623 = EDGE_CURVE('',#616,#624,#626,.T.);
#624 = VERTEX_POINT('',#625);
#625 = CARTESIAN_POINT('',(6.717510223389,7.817510128021,3.));
#626 = LINE('',#627,#628);
#627 = CARTESIAN_POINT('',(6.296559810638,7.733779907227,3.));
#628 = VECTOR('',#629,1.);
#629 = DIRECTION('',(0.980786181986,0.195085789401,0.));
#630 = ORIENTED_EDGE('',*,*,#631,.T.);
#631 = EDGE_CURVE('',#624,#632,#634,.T.);
#632 = VERTEX_POINT('',#633);
#633 = CARTESIAN_POINT('',(7.138470172882,7.733779907227,3.));
#634 = LINE('',#635,#636);
#635 = CARTESIAN_POINT('',(6.717510223389,7.817510128021,3.));
#636 = VECTOR('',#637,1.);
#637 = DIRECTION('',(0.980787027616,-0.195081537979,0.));
#638 = ORIENTED_EDGE('',*,*,#639,.T.);
#639 = EDGE_CURVE('',#632,#640,#642,.T.);
#640 = VERTEX_POINT('',#641);
#641 = CARTESIAN_POINT('',(7.495329856873,7.495329856873,3.));
#642 = LINE('',#643,#644);
#643 = CARTESIAN_POINT('',(7.138470172882,7.733779907227,3.));
#644 = VECTOR('',#645,1.);
#645 = DIRECTION('',(0.831465271813,-0.555576728966,0.));
#646 = ORIENTED_EDGE('',*,*,#647,.T.);
#647 = EDGE_CURVE('',#640,#648,#650,.T.);
#648 = VERTEX_POINT('',#649);
#649 = CARTESIAN_POINT('',(7.733779907227,7.138470172882,3.));
#650 = LINE('',#651,#652);
#651 = CARTESIAN_POINT('',(7.495329856873,7.495329856873,3.));
#652 = VECTOR('',#653,1.);
#653 = DIRECTION('',(0.555576728966,-0.831465271813,0.));
#654 = ORIENTED_EDGE('',*,*,#655,.T.);
#655 = EDGE_CURVE('',#648,#656,#658,.T.);
#656 = VERTEX_POINT('',#657);
#657 = CARTESIAN_POINT('',(7.817510128021,6.717510223389,3.));
#658 = LINE('',#659,#660);
#659 = CARTESIAN_POINT('',(7.733779907227,7.138470172882,3.));
#660 = VECTOR('',#661,1.);
#661 = DIRECTION('',(0.195081537979,-0.980787027616,0.));
#662 = ORIENTED_EDGE('',*,*,#663,.T.);
#663 = EDGE_CURVE('',#656,#664,#666,.T.);
#664 = VERTEX_POINT('',#665);
#665 = CARTESIAN_POINT('',(7.733779907227,6.296559810638,3.));
#666 = LINE('',#667,#668);
#667 = CARTESIAN_POINT('',(7.817510128021,6.717510223389,3.));
#668 = VECTOR('',#669,1.);
#669 = DIRECTION('',(-0.195085789401,-0.980786181986,0.));
#670 = ORIENTED_EDGE('',*,*,#671,.T.);
#671 = EDGE_CURVE('',#664,#672,#674,.T.);
#672 = VERTEX_POINT('',#673);
#673 = CARTESIAN_POINT('',(7.721620082855,6.278359889984,3.));
#674 = LINE('',#675,#676);
#675 = CARTESIAN_POINT('',(7.733779907227,6.296559810638,3.));
#676 = VECTOR('',#677,1.);
#677 = DIRECTION('',(-0.555539474517,-0.831490163654,0.));
#678 = ORIENTED_EDGE('',*,*,#679,.F.);
#679 = EDGE_CURVE('',#680,#672,#682,.T.);
#680 = VERTEX_POINT('',#681);
#681 = CARTESIAN_POINT('',(7.79639005661,6.187260150909,3.));
#682 = LINE('',#683,#684);
#683 = CARTESIAN_POINT('',(7.79639005661,6.187260150909,3.));
#684 = VECTOR('',#685,1.);
#685 = DIRECTION('',(-0.634425479546,0.772984030173,0.));
#686 = ORIENTED_EDGE('',*,*,#687,.T.);
#687 = EDGE_CURVE('',#680,#688,#690,.T.);
#688 = VERTEX_POINT('',#689);
#689 = CARTESIAN_POINT('',(7.878849983215,6.181849956512,3.));
#690 = LINE('',#691,#692);
#691 = CARTESIAN_POINT('',(7.79639005661,6.187260150909,3.));
#692 = VECTOR('',#693,1.);
#693 = DIRECTION('',(0.997854589039,-6.546922279544E-02,0.));
#694 = ORIENTED_EDGE('',*,*,#695,.T.);
#695 = EDGE_CURVE('',#688,#696,#698,.T.);
#696 = VERTEX_POINT('',#697);
#697 = CARTESIAN_POINT('',(8.578740119934,5.836709976196,3.));
#698 = LINE('',#699,#700);
#699 = CARTESIAN_POINT('',(7.878849983215,6.181849956512,3.));
#700 = VECTOR('',#701,1.);
#701 = DIRECTION('',(0.896876624743,-0.442280815759,0.));
#702 = ORIENTED_EDGE('',*,*,#703,.T.);
#703 = EDGE_CURVE('',#696,#704,#706,.T.);
#704 = VERTEX_POINT('',#705);
#705 = CARTESIAN_POINT('',(9.093270301819,5.25,3.));
#706 = LINE('',#707,#708);
#707 = CARTESIAN_POINT('',(8.578740119934,5.836709976196,3.));
#708 = VECTOR('',#709,1.);
#709 = DIRECTION('',(0.659345338587,-0.751840225369,0.));
#710 = ORIENTED_EDGE('',*,*,#711,.T.);
#711 = EDGE_CURVE('',#704,#712,#714,.T.);
#712 = VERTEX_POINT('',#713);
#713 = CARTESIAN_POINT('',(9.344099998474,4.511050224304,3.));
#714 = LINE('',#715,#716);
#715 = CARTESIAN_POINT('',(9.093270301819,5.25,3.));
#716 = VECTOR('',#717,1.);
#717 = DIRECTION('',(0.321428030129,-0.946934011137,0.));
#718 = ORIENTED_EDGE('',*,*,#719,.T.);
#719 = EDGE_CURVE('',#712,#720,#722,.T.);
#720 = VERTEX_POINT('',#721);
#721 = CARTESIAN_POINT('',(9.293069839478,3.732359886169,3.));
#722 = LINE('',#723,#724);
#723 = CARTESIAN_POINT('',(9.344099998474,4.511050224304,3.));
#724 = VECTOR('',#725,1.);
#725 = DIRECTION('',(-6.539304616665E-02,-0.997859584066,0.));
#726 = ORIENTED_EDGE('',*,*,#727,.T.);
#727 = EDGE_CURVE('',#720,#728,#730,.T.);
#728 = VERTEX_POINT('',#729);
#729 = CARTESIAN_POINT('',(9.277210235596,3.700200080872,3.));
#730 = LINE('',#731,#732);
#731 = CARTESIAN_POINT('',(9.293069839478,3.732359886169,3.));
#732 = VECTOR('',#733,1.);
#733 = DIRECTION('',(-0.442291898004,-0.896871159621,0.));
#734 = ORIENTED_EDGE('',*,*,#735,.F.);
#735 = EDGE_CURVE('',#736,#728,#738,.T.);
#736 = VERTEX_POINT('',#737);
#737 = CARTESIAN_POINT('',(9.807849884033,1.950899958611,3.));
#738 = LINE('',#739,#740);
#739 = CARTESIAN_POINT('',(9.807849884033,1.950899958611,3.));
#740 = VECTOR('',#741,1.);
#741 = DIRECTION('',(-0.290282301627,0.956941056368,0.));
#742 = ORIENTED_EDGE('',*,*,#743,.F.);
#743 = EDGE_CURVE('',#744,#736,#746,.T.);
#744 = VERTEX_POINT('',#745);
#745 = CARTESIAN_POINT('',(10.,0.,3.));
#746 = LINE('',#747,#748);
#747 = CARTESIAN_POINT('',(10.,0.,3.));
#748 = VECTOR('',#749,1.);
#749 = DIRECTION('',(-9.801877784861E-02,0.995184565389,0.));
#750 = ORIENTED_EDGE('',*,*,#751,.F.);
#751 = EDGE_CURVE('',#752,#744,#754,.T.);
#752 = VERTEX_POINT('',#753);
#753 = CARTESIAN_POINT('',(9.807849884033,-1.950899958611,3.));
#754 = LINE('',#755,#756);
#755 = CARTESIAN_POINT('',(9.807849884033,-1.950899958611,3.));
#756 = VECTOR('',#757,1.);
#757 = DIRECTION('',(9.801877784861E-02,0.995184565389,0.));
#758 = ORIENTED_EDGE('',*,*,#759,.F.);
#759 = EDGE_CURVE('',#760,#752,#762,.T.);
#760 = VERTEX_POINT('',#761);
#761 = CARTESIAN_POINT('',(9.277210235596,-3.700200080872,3.));
#762 = LINE('',#763,#764);
#763 = CARTESIAN_POINT('',(9.277210235596,-3.700200080872,3.));
#764 = VECTOR('',#765,1.);
#765 = DIRECTION('',(0.290282301627,0.956941056368,0.));
#766 = ORIENTED_EDGE('',*,*,#767,.T.);
#767 = EDGE_CURVE('',#760,#768,#770,.T.);
#768 = VERTEX_POINT('',#769);
#769 = CARTESIAN_POINT('',(9.293069839478,-3.732359886169,3.));
#770 = LINE('',#771,#772);
#771 = CARTESIAN_POINT('',(9.277210235596,-3.700200080872,3.));
#772 = VECTOR('',#773,1.);
#773 = DIRECTION('',(0.442291898004,-0.896871159621,0.));
#774 = ORIENTED_EDGE('',*,*,#775,.T.);
#775 = EDGE_CURVE('',#768,#776,#778,.T.);
#776 = VERTEX_POINT('',#777);
#777 = CARTESIAN_POINT('',(9.344099998474,-4.511050224304,3.));
#778 = LINE('',#779,#780);
#779 = CARTESIAN_POINT('',(9.293069839478,-3.732359886169,3.));
#780 = VECTOR('',#781,1.);
#781 = DIRECTION('',(6.539304616665E-02,-0.997859584066,0.));
#782 = ORIENTED_EDGE('',*,*,#783,.T.);
#783 = EDGE_CURVE('',#776,#784,#786,.T.);
#784 = VERTEX_POINT('',#785);
#785 = CARTESIAN_POINT('',(9.093270301819,-5.25,3.));
#786 = LINE('',#787,#788);
#787 = CARTESIAN_POINT('',(9.344099998474,-4.511050224304,3.));
#788 = VECTOR('',#789,1.);
#789 = DIRECTION('',(-0.321428030129,-0.946934011137,0.));
#790 = ORIENTED_EDGE('',*,*,#791,.T.);
#791 = EDGE_CURVE('',#784,#792,#794,.T.);
#792 = VERTEX_POINT('',#793);
#793 = CARTESIAN_POINT('',(8.578740119934,-5.836709976196,3.));
#794 = LINE('',#795,#796);
#795 = CARTESIAN_POINT('',(9.093270301819,-5.25,3.));
#796 = VECTOR('',#797,1.);
#797 = DIRECTION('',(-0.659345338587,-0.751840225369,0.));
#798 = ORIENTED_EDGE('',*,*,#799,.T.);
#799 = EDGE_CURVE('',#792,#800,#802,.T.);
#800 = VERTEX_POINT('',#801);
#801 = CARTESIAN_POINT('',(7.878849983215,-6.181849956512,3.));
#802 = LINE('',#803,#804);
#803 = CARTESIAN_POINT('',(8.578740119934,-5.836709976196,3.));
#804 = VECTOR('',#805,1.);
#805 = DIRECTION('',(-0.896876624743,-0.442280815759,0.));
#806 = ORIENTED_EDGE('',*,*,#807,.T.);
#807 = EDGE_CURVE('',#800,#808,#810,.T.);
#808 = VERTEX_POINT('',#809);
#809 = CARTESIAN_POINT('',(7.79639005661,-6.187260150909,3.));
#810 = LINE('',#811,#812);
#811 = CARTESIAN_POINT('',(7.878849983215,-6.181849956512,3.));
#812 = VECTOR('',#813,1.);
#813 = DIRECTION('',(-0.997854589039,-6.546922279544E-02,0.));
#814 = ORIENTED_EDGE('',*,*,#815,.F.);
#815 = EDGE_CURVE('',#816,#808,#818,.T.);
#816 = VERTEX_POINT('',#817);
#817 = CARTESIAN_POINT('',(7.721620082855,-6.278359889984,3.));
#818 = LINE('',#819,#820);
#819 = CARTESIAN_POINT('',(7.721620082855,-6.278359889984,3.));
#820 = VECTOR('',#821,1.);
#821 = DIRECTION('',(0.634425479546,0.772984030173,0.));
#822 = ORIENTED_EDGE('',*,*,#823,.T.);
#823 = EDGE_CURVE('',#816,#824,#826,.T.);
#824 = VERTEX_POINT('',#825);
#825 = CARTESIAN_POINT('',(7.733779907227,-6.296559810638,3.));
#826 = LINE('',#827,#828);
#827 = CARTESIAN_POINT('',(7.721620082855,-6.278359889984,3.));
#828 = VECTOR('',#829,1.);
#829 = DIRECTION('',(0.555539474517,-0.831490163654,0.));
#830 = ORIENTED_EDGE('',*,*,#831,.T.);
#831 = EDGE_CURVE('',#824,#832,#834,.T.);
#832 = VERTEX_POINT('',#833);
#833 = CARTESIAN_POINT('',(7.817510128021,-6.717510223389,3.));
#834 = LINE('',#835,#836);
#835 = CARTESIAN_POINT('',(7.733779907227,-6.296559810638,3.));
#836 = VECTOR('',#837,1.);
#837 = DIRECTION('',(0.195085789401,-0.980786181986,0.));
#838 = ORIENTED_EDGE('',*,*,#839,.T.);
#839 = EDGE_CURVE('',#832,#840,#842,.T.);
#840 = VERTEX_POINT('',#841);
#841 = CARTESIAN_POINT('',(7.733779907227,-7.138470172882,3.));
#842 = LINE('',#843,#844);
#843 = CARTESIAN_POINT('',(7.817510128021,-6.717510223389,3.));
#844 = VECTOR('',#845,1.);
#845 = DIRECTION('',(-0.195081537979,-0.980787027616,0.));
#846 = ORIENTED_EDGE('',*,*,#847,.T.);
#847 = EDGE_CURVE('',#840,#848,#850,.T.);
#848 = VERTEX_POINT('',#849);
#849 = CARTESIAN_POINT('',(7.495329856873,-7.495329856873,3.));
#850 = LINE('',#851,#852);
#851 = CARTESIAN_POINT('',(7.733779907227,-7.138470172882,3.));
#852 = VECTOR('',#853,1.);
#853 = DIRECTION('',(-0.555576728966,-0.831465271813,0.));
#854 = ORIENTED_EDGE('',*,*,#855,.T.);
#855 = EDGE_CURVE('',#848,#856,#858,.T.);
#856 = VERTEX_POINT('',#857);
#857 = CARTESIAN_POINT('',(7.138470172882,-7.733779907227,3.));
#858 = LINE('',#859,#860);
#859 = CARTESIAN_POINT('',(7.495329856873,-7.495329856873,3.));
#860 = VECTOR('',#861,1.);
#861 = DIRECTION('',(-0.831465271813,-0.555576728966,0.));
#862 = ORIENTED_EDGE('',*,*,#863,.T.);
#863 = EDGE_CURVE('',#856,#864,#866,.T.);
#864 = VERTEX_POINT('',#865);
#865 = CARTESIAN_POINT('',(6.717510223389,-7.817510128021,3.));
#866 = LINE('',#867,#868);
#867 = CARTESIAN_POINT('',(7.138470172882,-7.733779907227,3.));
#868 = VECTOR('',#869,1.);
#869 = DIRECTION('',(-0.980787027616,-0.195081537979,0.));
#870 = ORIENTED_EDGE('',*,*,#871,.T.);
#871 = EDGE_CURVE('',#864,#872,#874,.T.);
#872 = VERTEX_POINT('',#873);
#873 = CARTESIAN_POINT('',(6.296559810638,-7.733779907227,3.));
#874 = LINE('',#875,#876);
#875 = CARTESIAN_POINT('',(6.717510223389,-7.817510128021,3.));
#876 = VECTOR('',#877,1.);
#877 = DIRECTION('',(-0.980786181986,0.195085789401,0.));
#878 = ORIENTED_EDGE('',*,*,#879,.T.);
#879 = EDGE_CURVE('',#872,#880,#882,.T.);
#880 = VERTEX_POINT('',#881);
#881 = CARTESIAN_POINT('',(6.278359889984,-7.721620082855,3.));
#882 = LINE('',#883,#884);
#883 = CARTESIAN_POINT('',(6.296559810638,-7.733779907227,3.));
#884 = VECTOR('',#885,1.);
#885 = DIRECTION('',(-0.831490163654,0.555539474517,0.));
#886 = ORIENTED_EDGE('',*,*,#887,.F.);
#887 = EDGE_CURVE('',#888,#880,#890,.T.);
#888 = VERTEX_POINT('',#889);
#889 = CARTESIAN_POINT('',(5.555699825287,-8.314700126648,3.));
#890 = LINE('',#891,#892);
#891 = CARTESIAN_POINT('',(5.555699825287,-8.314700126648,3.));
#892 = VECTOR('',#893,1.);
#893 = DIRECTION('',(0.773006122749,0.634398560995,0.));
#894 = ORIENTED_EDGE('',*,*,#895,.F.);
#895 = EDGE_CURVE('',#896,#888,#898,.T.);
#896 = VERTEX_POINT('',#897);
#897 = CARTESIAN_POINT('',(3.826829910278,-9.238800048828,3.));
#898 = LINE('',#899,#900);
#899 = CARTESIAN_POINT('',(3.826829910278,-9.238800048828,3.));
#900 = VECTOR('',#901,1.);
#901 = DIRECTION('',(0.88192132797,0.471396617797,0.));
#902 = ORIENTED_EDGE('',*,*,#903,.F.);
#903 = EDGE_CURVE('',#904,#896,#906,.T.);
#904 = VERTEX_POINT('',#905);
#905 = CARTESIAN_POINT('',(1.950899958611,-9.807849884033,3.));
#906 = LINE('',#907,#908);
#907 = CARTESIAN_POINT('',(1.950899958611,-9.807849884033,3.));
#908 = VECTOR('',#909,1.);
#909 = DIRECTION('',(0.956941369349,0.290281269855,0.));
#910 = ORIENTED_EDGE('',*,*,#911,.F.);
#911 = EDGE_CURVE('',#912,#904,#914,.T.);
#912 = VERTEX_POINT('',#913);
#913 = CARTESIAN_POINT('',(1.452479958534,-9.85694026947,3.));
#914 = LINE('',#915,#916);
#915 = CARTESIAN_POINT('',(1.452479958534,-9.85694026947,3.));
#916 = VECTOR('',#917,1.);
#917 = DIRECTION('',(0.995184668209,9.801773391101E-02,0.));
#918 = ORIENTED_EDGE('',*,*,#919,.T.);
#919 = EDGE_CURVE('',#912,#920,#922,.T.);
#920 = VERTEX_POINT('',#921);
#921 = CARTESIAN_POINT('',(1.414209961891,-9.914210319519,3.));
#922 = LINE('',#923,#924);
#923 = CARTESIAN_POINT('',(1.452479958534,-9.85694026947,3.));
#924 = VECTOR('',#925,1.);
#925 = DIRECTION('',(-0.5556040831,-0.831446993405,0.));
#926 = ORIENTED_EDGE('',*,*,#927,.T.);
#927 = EDGE_CURVE('',#920,#928,#930,.T.);
#928 = VERTEX_POINT('',#929);
#929 = CARTESIAN_POINT('',(0.765366971493,-10.34780025482,3.));
#930 = LINE('',#931,#932);
#931 = CARTESIAN_POINT('',(1.414209961891,-9.914210319519,3.));
#932 = VECTOR('',#933,1.);
#933 = DIRECTION('',(-0.831441843509,-0.555611789708,0.));
#934 = ORIENTED_EDGE('',*,*,#935,.T.);
#935 = EDGE_CURVE('',#928,#936,#938,.T.);
#936 = VERTEX_POINT('',#937);
#937 = CARTESIAN_POINT('',(0.,-10.5,3.));
#938 = LINE('',#939,#940);
#939 = CARTESIAN_POINT('',(0.765366971493,-10.34780025482,3.));
#940 = VECTOR('',#941,1.);
#941 = DIRECTION('',(-0.980795383985,-0.195039521007,0.));
#942 = ORIENTED_EDGE('',*,*,#943,.T.);
#943 = EDGE_CURVE('',#936,#944,#946,.T.);
#944 = VERTEX_POINT('',#945);
#945 = CARTESIAN_POINT('',(-0.765366971493,-10.34780025482,3.));
#946 = LINE('',#947,#948);
#947 = CARTESIAN_POINT('',(0.,-10.5,3.));
#948 = VECTOR('',#949,1.);
#949 = DIRECTION('',(-0.980795383985,0.195039521007,0.));
#950 = ORIENTED_EDGE('',*,*,#951,.T.);
#951 = EDGE_CURVE('',#944,#952,#954,.T.);
#952 = VERTEX_POINT('',#953);
#953 = CARTESIAN_POINT('',(-1.414209961891,-9.914210319519,3.));
#954 = LINE('',#955,#956);
#955 = CARTESIAN_POINT('',(-0.765366971493,-10.34780025482,3.));
#956 = VECTOR('',#957,1.);
#957 = DIRECTION('',(-0.831441843509,0.555611789708,0.));
#958 = ORIENTED_EDGE('',*,*,#959,.T.);
#959 = EDGE_CURVE('',#952,#960,#962,.T.);
#960 = VERTEX_POINT('',#961);
#961 = CARTESIAN_POINT('',(-1.452479958534,-9.85694026947,3.));
#962 = LINE('',#963,#964);
#963 = CARTESIAN_POINT('',(-1.414209961891,-9.914210319519,3.));
#964 = VECTOR('',#965,1.);
#965 = DIRECTION('',(-0.5556040831,0.831446993405,0.));
#966 = ORIENTED_EDGE('',*,*,#967,.F.);
#967 = EDGE_CURVE('',#968,#960,#970,.T.);
#968 = VERTEX_POINT('',#969);
#969 = CARTESIAN_POINT('',(-1.950899958611,-9.807849884033,3.));
#970 = LINE('',#971,#972);
#971 = CARTESIAN_POINT('',(-1.950899958611,-9.807849884033,3.));
#972 = VECTOR('',#973,1.);
#973 = DIRECTION('',(0.995184668209,-9.801773391101E-02,0.));
#974 = ORIENTED_EDGE('',*,*,#975,.F.);
#975 = EDGE_CURVE('',#976,#968,#978,.T.);
#976 = VERTEX_POINT('',#977);
#977 = CARTESIAN_POINT('',(-3.826829910278,-9.238800048828,3.));
#978 = LINE('',#979,#980);
#979 = CARTESIAN_POINT('',(-3.826829910278,-9.238800048828,3.));
#980 = VECTOR('',#981,1.);
#981 = DIRECTION('',(0.956941369349,-0.290281269855,0.));
#982 = ORIENTED_EDGE('',*,*,#983,.F.);
#983 = EDGE_CURVE('',#984,#976,#986,.T.);
#984 = VERTEX_POINT('',#985);
#985 = CARTESIAN_POINT('',(-5.555699825287,-8.314700126648,3.));
#986 = LINE('',#987,#988);
#987 = CARTESIAN_POINT('',(-5.555699825287,-8.314700126648,3.));
#988 = VECTOR('',#989,1.);
#989 = DIRECTION('',(0.88192132797,-0.471396617797,0.));
#990 = ORIENTED_EDGE('',*,*,#991,.F.);
#991 = EDGE_CURVE('',#992,#984,#994,.T.);
#992 = VERTEX_POINT('',#993);
#993 = CARTESIAN_POINT('',(-6.278359889984,-7.721620082855,3.));
#994 = LINE('',#995,#996);
#995 = CARTESIAN_POINT('',(-6.278359889984,-7.721620082855,3.));
#996 = VECTOR('',#997,1.);
#997 = DIRECTION('',(0.773006122749,-0.634398560995,0.));
#998 = ORIENTED_EDGE('',*,*,#999,.T.);
#999 = EDGE_CURVE('',#992,#1000,#1002,.T.);
#1000 = VERTEX_POINT('',#1001);
#1001 = CARTESIAN_POINT('',(-6.296559810638,-7.733779907227,3.));
#1002 = LINE('',#1003,#1004);
#1003 = CARTESIAN_POINT('',(-6.278359889984,-7.721620082855,3.));
#1004 = VECTOR('',#1005,1.);
#1005 = DIRECTION('',(-0.831490163654,-0.555539474517,0.));
#1006 = ORIENTED_EDGE('',*,*,#1007,.T.);
#1007 = EDGE_CURVE('',#1000,#1008,#1010,.T.);
#1008 = VERTEX_POINT('',#1009);
#1009 = CARTESIAN_POINT('',(-6.717510223389,-7.817510128021,3.));
#1010 = LINE('',#1011,#1012);
#1011 = CARTESIAN_POINT('',(-6.296559810638,-7.733779907227,3.));
#1012 = VECTOR('',#1013,1.);
#1013 = DIRECTION('',(-0.980786181986,-0.195085789401,0.));
#1014 = ORIENTED_EDGE('',*,*,#1015,.T.);
#1015 = EDGE_CURVE('',#1008,#1016,#1018,.T.);
#1016 = VERTEX_POINT('',#1017);
#1017 = CARTESIAN_POINT('',(-7.138470172882,-7.733779907227,3.));
#1018 = LINE('',#1019,#1020);
#1019 = CARTESIAN_POINT('',(-6.717510223389,-7.817510128021,3.));
#1020 = VECTOR('',#1021,1.);
#1021 = DIRECTION('',(-0.980787027616,0.195081537979,0.));
#1022 = ORIENTED_EDGE('',*,*,#1023,.T.);
#1023 = EDGE_CURVE('',#1016,#1024,#1026,.T.);
#1024 = VERTEX_POINT('',#1025);
#1025 = CARTESIAN_POINT('',(-7.495329856873,-7.495329856873,3.));
#1026 = LINE('',#1027,#1028);
#1027 = CARTESIAN_POINT('',(-7.138470172882,-7.733779907227,3.));
#1028 = VECTOR('',#1029,1.);
#1029 = DIRECTION('',(-0.831465271813,0.555576728966,0.));
#1030 = ORIENTED_EDGE('',*,*,#1031,.T.);
#1031 = EDGE_CURVE('',#1024,#1032,#1034,.T.);
#1032 = VERTEX_POINT('',#1033);
#1033 = CARTESIAN_POINT('',(-7.733779907227,-7.138470172882,3.));
#1034 = LINE('',#1035,#1036);
#1035 = CARTESIAN_POINT('',(-7.495329856873,-7.495329856873,3.));
#1036 = VECTOR('',#1037,1.);
#1037 = DIRECTION('',(-0.555576728966,0.831465271813,0.));
#1038 = ORIENTED_EDGE('',*,*,#1039,.T.);
#1039 = EDGE_CURVE('',#1032,#1040,#1042,.T.);
#1040 = VERTEX_POINT('',#1041);
#1041 = CARTESIAN_POINT('',(-7.817510128021,-6.717510223389,3.));
#1042 = LINE('',#1043,#1044);
#1043 = CARTESIAN_POINT('',(-7.733779907227,-7.138470172882,3.));
#1044 = VECTOR('',#1045,1.);
#1045 = DIRECTION('',(-0.195081537979,0.980787027616,0.));
#1046 = ORIENTED_EDGE('',*,*,#1047,.T.);
#1047 = EDGE_CURVE('',#1040,#1048,#1050,.T.);
#1048 = VERTEX_POINT('',#1049);
#1049 = CARTESIAN_POINT('',(-7.733779907227,-6.296559810638,3.));
#1050 = LINE('',#1051,#1052);
#1051 = CARTESIAN_POINT('',(-7.817510128021,-6.717510223389,3.));
#1052 = VECTOR('',#1053,1.);
#1053 = DIRECTION('',(0.195085789401,0.980786181986,0.));
#1054 = ORIENTED_EDGE('',*,*,#1055,.T.);
#1055 = EDGE_CURVE('',#1048,#1056,#1058,.T.);
#1056 = VERTEX_POINT('',#1057);
#1057 = CARTESIAN_POINT('',(-7.721620082855,-6.278359889984,3.));
#1058 = LINE('',#1059,#1060);
#1059 = CARTESIAN_POINT('',(-7.733779907227,-6.296559810638,3.));
#1060 = VECTOR('',#1061,1.);
#1061 = DIRECTION('',(0.555539474517,0.831490163654,0.));
#1062 = ORIENTED_EDGE('',*,*,#1063,.F.);
#1063 = EDGE_CURVE('',#1064,#1056,#1066,.T.);
#1064 = VERTEX_POINT('',#1065);
#1065 = CARTESIAN_POINT('',(-7.79639005661,-6.187260150909,3.));
#1066 = LINE('',#1067,#1068);
#1067 = CARTESIAN_POINT('',(-7.79639005661,-6.187260150909,3.));
#1068 = VECTOR('',#1069,1.);
#1069 = DIRECTION('',(0.634425479546,-0.772984030173,0.));
#1070 = ORIENTED_EDGE('',*,*,#1071,.T.);
#1071 = EDGE_CURVE('',#1064,#1072,#1074,.T.);
#1072 = VERTEX_POINT('',#1073);
#1073 = CARTESIAN_POINT('',(-7.878849983215,-6.181849956512,3.));
#1074 = LINE('',#1075,#1076);
#1075 = CARTESIAN_POINT('',(-7.79639005661,-6.187260150909,3.));
#1076 = VECTOR('',#1077,1.);
#1077 = DIRECTION('',(-0.997854589039,6.546922279544E-02,0.));
#1078 = ORIENTED_EDGE('',*,*,#1079,.T.);
#1079 = EDGE_CURVE('',#1072,#1080,#1082,.T.);
#1080 = VERTEX_POINT('',#1081);
#1081 = CARTESIAN_POINT('',(-8.578740119934,-5.836709976196,3.));
#1082 = LINE('',#1083,#1084);
#1083 = CARTESIAN_POINT('',(-7.878849983215,-6.181849956512,3.));
#1084 = VECTOR('',#1085,1.);
#1085 = DIRECTION('',(-0.896876624743,0.442280815759,0.));
#1086 = ORIENTED_EDGE('',*,*,#1087,.T.);
#1087 = EDGE_CURVE('',#1080,#335,#1088,.T.);
#1088 = LINE('',#1089,#1090);
#1089 = CARTESIAN_POINT('',(-8.578740119934,-5.836709976196,3.));
#1090 = VECTOR('',#1091,1.);
#1091 = DIRECTION('',(-0.659345338587,0.751840225369,0.));
#1092 = PLANE('',#1093);
#1093 = AXIS2_PLACEMENT_3D('',#1094,#1095,#1096);
#1094 = CARTESIAN_POINT('',(-1.812291628039E-16,1.585755174534E-16,3.));
#1095 = DIRECTION('',(0.,0.,1.));
#1096 = DIRECTION('',(1.,0.,-0.));
#1097 = ADVANCED_FACE('',(#1098),#1115,.T.);
#1098 = FACE_BOUND('',#1099,.T.);
#1099 = EDGE_LOOP('',(#1100,#1108,#1114));
#1100 = ORIENTED_EDGE('',*,*,#1101,.T.);
#1101 = EDGE_CURVE('',#376,#1102,#1104,.T.);
#1102 = VERTEX_POINT('',#1103);
#1103 = CARTESIAN_POINT('',(-9.293069839478,3.732359886169,0.));
#1104 = LINE('',#1105,#1106);
#1105 = CARTESIAN_POINT('',(-9.277210235596,3.700200080872,3.));
#1106 = VECTOR('',#1107,1.);
#1107 = DIRECTION('',(-5.286157038787E-03,1.071916943247E-02,
    -0.999928575424));
#1108 = ORIENTED_EDGE('',*,*,#1109,.T.);
#1109 = EDGE_CURVE('',#1102,#384,#1110,.T.);
#1110 = LINE('',#1111,#1112);
#1111 = CARTESIAN_POINT('',(-9.293069839478,3.732359886169,0.));
#1112 = VECTOR('',#1113,1.);
#1113 = DIRECTION('',(0.,0.,1.));
#1114 = ORIENTED_EDGE('',*,*,#383,.F.);
#1115 = PLANE('',#1116);
#1116 = AXIS2_PLACEMENT_3D('',#1117,#1118,#1119);
#1117 = CARTESIAN_POINT('',(-9.289081243931,3.724271887432,
    1.508910871785));
#1118 = DIRECTION('',(0.896871159621,0.442291898004,0.));
#1119 = DIRECTION('',(-0.442291898004,0.896871159621,0.));
#1120 = ADVANCED_FACE('',(#1121),#1138,.T.);
#1121 = FACE_BOUND('',#1122,.T.);
#1122 = EDGE_LOOP('',(#1123,#1131,#1137));
#1123 = ORIENTED_EDGE('',*,*,#1124,.F.);
#1124 = EDGE_CURVE('',#1125,#376,#1127,.T.);
#1125 = VERTEX_POINT('',#1126);
#1126 = CARTESIAN_POINT('',(-8.947919845581,3.03248000145,0.));
#1127 = LINE('',#1128,#1129);
#1128 = CARTESIAN_POINT('',(-8.947919845581,3.03248000145,0.));
#1129 = VECTOR('',#1130,1.);
#1130 = DIRECTION('',(-0.106531985832,0.216020716663,0.970559625148));
#1131 = ORIENTED_EDGE('',*,*,#1132,.F.);
#1132 = EDGE_CURVE('',#1102,#1125,#1133,.T.);
#1133 = LINE('',#1134,#1135);
#1134 = CARTESIAN_POINT('',(-9.293069839478,3.732359886169,0.));
#1135 = VECTOR('',#1136,1.);
#1136 = DIRECTION('',(0.442296348893,-0.896868964652,0.));
#1137 = ORIENTED_EDGE('',*,*,#1101,.F.);
#1138 = PLANE('',#1139);
#1139 = AXIS2_PLACEMENT_3D('',#1140,#1141,#1142);
#1140 = CARTESIAN_POINT('',(-9.188813960243,3.520954249263,1.32965492932
    ));
#1141 = DIRECTION('',(0.896868964652,0.442296348893,5.931702404885E-08)
  );
#1142 = DIRECTION('',(-0.442296348893,0.896868964652,1.341830816138E-24)
  );
#1143 = ADVANCED_FACE('',(#1144),#1161,.T.);
#1144 = FACE_BOUND('',#1145,.T.);
#1145 = EDGE_LOOP('',(#1146,#1154,#1160));
#1146 = ORIENTED_EDGE('',*,*,#1147,.T.);
#1147 = EDGE_CURVE('',#416,#1148,#1150,.T.);
#1148 = VERTEX_POINT('',#1149);
#1149 = CARTESIAN_POINT('',(-7.878849983215,6.181849956512,0.));
#1150 = LINE('',#1151,#1152);
#1151 = CARTESIAN_POINT('',(-7.878849983215,6.181849956512,3.));
#1152 = VECTOR('',#1153,1.);
#1153 = DIRECTION('',(0.,0.,-1.));
#1154 = ORIENTED_EDGE('',*,*,#1155,.T.);
#1155 = EDGE_CURVE('',#1148,#424,#1156,.T.);
#1156 = LINE('',#1157,#1158);
#1157 = CARTESIAN_POINT('',(-7.878849983215,6.181849956512,0.));
#1158 = VECTOR('',#1159,1.);
#1159 = DIRECTION('',(2.747622014356E-02,1.802714341262E-03,
    0.99962083189));
#1160 = ORIENTED_EDGE('',*,*,#423,.F.);
#1161 = PLANE('',#1162);
#1162 = AXIS2_PLACEMENT_3D('',#1163,#1164,#1165);
#1163 = CARTESIAN_POINT('',(-7.857951127949,6.183221130055,
    1.520374820399));
#1164 = DIRECTION('',(6.546922279544E-02,-0.997854589039,-0.));
#1165 = DIRECTION('',(-0.997854589039,-6.546922279544E-02,0.));
#1166 = ADVANCED_FACE('',(#1167),#1184,.T.);
#1167 = FACE_BOUND('',#1168,.T.);
#1168 = EDGE_LOOP('',(#1169,#1177,#1178));
#1169 = ORIENTED_EDGE('',*,*,#1170,.T.);
#1170 = EDGE_CURVE('',#1171,#424,#1173,.T.);
#1171 = VERTEX_POINT('',#1172);
#1172 = CARTESIAN_POINT('',(-7.666440010071,6.195769786835,0.));
#1173 = LINE('',#1174,#1175);
#1174 = CARTESIAN_POINT('',(-7.666440010071,6.195769786835,0.));
#1175 = VECTOR('',#1176,1.);
#1176 = DIRECTION('',(-4.327592720392E-02,-2.833876513645E-03,
    0.999059139025));
#1177 = ORIENTED_EDGE('',*,*,#1155,.F.);
#1178 = ORIENTED_EDGE('',*,*,#1179,.F.);
#1179 = EDGE_CURVE('',#1171,#1148,#1180,.T.);
#1180 = LINE('',#1181,#1182);
#1181 = CARTESIAN_POINT('',(-7.666440010071,6.195769786835,0.));
#1182 = VECTOR('',#1183,1.);
#1183 = DIRECTION('',(-0.997859614505,-6.539258168403E-02,0.));
#1184 = PLANE('',#1185);
#1185 = AXIS2_PLACEMENT_3D('',#1186,#1187,#1188);
#1186 = CARTESIAN_POINT('',(-7.784096596071,6.188062487175,
    1.448639669285));
#1187 = DIRECTION('',(6.539258168388E-02,-0.997859614503,
    2.115669723686E-06));
#1188 = DIRECTION('',(-0.997859614505,-6.539258168403E-02,
    1.157457208981E-23));
#1189 = ADVANCED_FACE('',(#1190),#1207,.T.);
#1190 = FACE_BOUND('',#1191,.T.);
#1191 = EDGE_LOOP('',(#1192,#1200,#1206));
#1192 = ORIENTED_EDGE('',*,*,#1193,.T.);
#1193 = EDGE_CURVE('',#432,#1194,#1196,.T.);
#1194 = VERTEX_POINT('',#1195);
#1195 = CARTESIAN_POINT('',(-7.733779907227,6.296559810638,0.));
#1196 = LINE('',#1197,#1198);
#1197 = CARTESIAN_POINT('',(-7.721620082855,6.278359889984,3.));
#1198 = VECTOR('',#1199,1.);
#1199 = DIRECTION('',(-4.05316691044E-03,6.066478751331E-03,
    -0.999973384483));
#1200 = ORIENTED_EDGE('',*,*,#1201,.T.);
#1201 = EDGE_CURVE('',#1194,#440,#1202,.T.);
#1202 = LINE('',#1203,#1204);
#1203 = CARTESIAN_POINT('',(-7.733779907227,6.296559810638,0.));
#1204 = VECTOR('',#1205,1.);
#1205 = DIRECTION('',(0.,0.,1.));
#1206 = ORIENTED_EDGE('',*,*,#439,.F.);
#1207 = PLANE('',#1208);
#1208 = AXIS2_PLACEMENT_3D('',#1209,#1210,#1211);
#1209 = CARTESIAN_POINT('',(-7.730728861361,6.291993232127,
    1.505452117192));
#1210 = DIRECTION('',(0.831490163654,0.555539474517,0.));
#1211 = DIRECTION('',(-0.555539474517,0.831490163654,0.));
#1212 = ADVANCED_FACE('',(#1213),#1228,.T.);
#1213 = FACE_BOUND('',#1214,.T.);
#1214 = EDGE_LOOP('',(#1215,#1221,#1227));
#1215 = ORIENTED_EDGE('',*,*,#1216,.F.);
#1216 = EDGE_CURVE('',#1171,#432,#1217,.T.);
#1217 = LINE('',#1218,#1219);
#1218 = CARTESIAN_POINT('',(-7.666440010071,6.195769786835,0.));
#1219 = VECTOR('',#1220,1.);
#1220 = DIRECTION('',(-1.838328430746E-02,2.751495731275E-02,
    0.999452341026));
#1221 = ORIENTED_EDGE('',*,*,#1222,.F.);
#1222 = EDGE_CURVE('',#1194,#1171,#1223,.T.);
#1223 = LINE('',#1224,#1225);
#1224 = CARTESIAN_POINT('',(-7.733779907227,6.296559810638,0.));
#1225 = VECTOR('',#1226,1.);
#1226 = DIRECTION('',(0.555536903859,-0.831491881169,0.));
#1227 = ORIENTED_EDGE('',*,*,#1193,.F.);
#1228 = PLANE('',#1229);
#1229 = AXIS2_PLACEMENT_3D('',#1230,#1231,#1232);
#1230 = CARTESIAN_POINT('',(-7.710647802417,6.261937224732,
    1.470304487996));
#1231 = DIRECTION('',(0.831491881169,0.555536903859,-2.255681465039E-08)
  );
#1232 = DIRECTION('',(-0.555536903859,0.831491881169,2.574144089174E-24)
  );
#1233 = ADVANCED_FACE('',(#1234),#1251,.T.);
#1234 = FACE_BOUND('',#1235,.T.);
#1235 = EDGE_LOOP('',(#1236,#1244,#1250));
#1236 = ORIENTED_EDGE('',*,*,#1237,.F.);
#1237 = EDGE_CURVE('',#1238,#488,#1240,.T.);
#1238 = VERTEX_POINT('',#1239);
#1239 = CARTESIAN_POINT('',(-6.296559810638,7.733779907227,0.));
#1240 = LINE('',#1241,#1242);
#1241 = CARTESIAN_POINT('',(-6.296559810638,7.733779907227,0.));
#1242 = VECTOR('',#1243,1.);
#1243 = DIRECTION('',(0.,0.,1.));
#1244 = ORIENTED_EDGE('',*,*,#1245,.T.);
#1245 = EDGE_CURVE('',#1238,#496,#1246,.T.);
#1246 = LINE('',#1247,#1248);
#1247 = CARTESIAN_POINT('',(-6.296559810638,7.733779907227,0.));
#1248 = VECTOR('',#1249,1.);
#1249 = DIRECTION('',(6.066478751331E-03,-4.05316691044E-03,
    0.999973384483));
#1250 = ORIENTED_EDGE('',*,*,#495,.F.);
#1251 = PLANE('',#1252);
#1252 = AXIS2_PLACEMENT_3D('',#1253,#1254,#1255);
#1253 = CARTESIAN_POINT('',(-6.291993232127,7.730728861361,
    1.505452117192));
#1254 = DIRECTION('',(-0.555539474517,-0.831490163654,-0.));
#1255 = DIRECTION('',(-0.831490163654,0.555539474517,0.));
#1256 = ADVANCED_FACE('',(#1257),#1274,.T.);
#1257 = FACE_BOUND('',#1258,.T.);
#1258 = EDGE_LOOP('',(#1259,#1267,#1268));
#1259 = ORIENTED_EDGE('',*,*,#1260,.T.);
#1260 = EDGE_CURVE('',#1261,#496,#1263,.T.);
#1261 = VERTEX_POINT('',#1262);
#1262 = CARTESIAN_POINT('',(-5.939700126648,7.495329856873,0.));
#1263 = LINE('',#1264,#1265);
#1264 = CARTESIAN_POINT('',(-5.939700126648,7.495329856873,0.));
#1265 = VECTOR('',#1266,1.);
#1266 = DIRECTION('',(-0.111860330359,7.474433687095E-02,0.990908951719)
  );
#1267 = ORIENTED_EDGE('',*,*,#1245,.F.);
#1268 = ORIENTED_EDGE('',*,*,#1269,.F.);
#1269 = EDGE_CURVE('',#1261,#1238,#1270,.T.);
#1270 = LINE('',#1271,#1272);
#1271 = CARTESIAN_POINT('',(-5.939700126648,7.495329856873,0.));
#1272 = VECTOR('',#1273,1.);
#1273 = DIRECTION('',(-0.831465271813,0.555576728966,0.));
#1274 = PLANE('',#1275);
#1275 = AXIS2_PLACEMENT_3D('',#1276,#1277,#1278);
#1276 = CARTESIAN_POINT('',(-6.192540365555,7.664275711143,
    1.400292574567));
#1277 = DIRECTION('',(-0.555576728966,-0.831465271813,3.269028165287E-07
    ));
#1278 = DIRECTION('',(-0.831465271813,0.555576728966,-4.000834597561E-24
    ));
#1279 = ADVANCED_FACE('',(#1280),#1306,.T.);
#1280 = FACE_BOUND('',#1281,.T.);
#1281 = EDGE_LOOP('',(#1282,#1292,#1300));
#1282 = ORIENTED_EDGE('',*,*,#1283,.T.);
#1283 = EDGE_CURVE('',#1284,#1286,#1288,.T.);
#1284 = VERTEX_POINT('',#1285);
#1285 = CARTESIAN_POINT('',(-0.574024021626,9.943460464478,
    8.885820388794));
#1286 = VERTEX_POINT('',#1287);
#1287 = CARTESIAN_POINT('',(0.,2.599999904633,9.));
#1288 = LINE('',#1289,#1290);
#1289 = CARTESIAN_POINT('',(-0.574024021626,9.943460464478,
    8.885820388794));
#1290 = VECTOR('',#1291,1.);
#1291 = DIRECTION('',(7.792096876876E-02,-0.996839050948,
    1.54993268289E-02));
#1292 = ORIENTED_EDGE('',*,*,#1293,.F.);
#1293 = EDGE_CURVE('',#1294,#1286,#1296,.T.);
#1294 = VERTEX_POINT('',#1295);
#1295 = CARTESIAN_POINT('',(-0.507234990597,2.550040006638,8.89910030365
    ));
#1296 = LINE('',#1297,#1298);
#1297 = CARTESIAN_POINT('',(-0.507234990597,2.550040006638,8.89910030365
    ));
#1298 = VECTOR('',#1299,1.);
#1299 = DIRECTION('',(0.976239142249,9.615426551726E-02,0.194194475626)
  );
#1300 = ORIENTED_EDGE('',*,*,#1301,.T.);
#1301 = EDGE_CURVE('',#1294,#1284,#1302,.T.);
#1302 = LINE('',#1303,#1304);
#1303 = CARTESIAN_POINT('',(-0.507234990597,2.550040006638,8.89910030365
    ));
#1304 = VECTOR('',#1305,1.);
#1305 = DIRECTION('',(-9.033193590693E-03,0.999957586813,
    -1.796103939735E-03));
#1306 = PLANE('',#1307);
#1307 = AXIS2_PLACEMENT_3D('',#1308,#1309,#1310);
#1308 = CARTESIAN_POINT('',(-0.408597202278,6.133940534256,
    8.918724246315));
#1309 = DIRECTION('',(0.19509840223,7.722500287803E-07,-0.980783673114)
  );
#1310 = DIRECTION('',(-0.980783673114,-2.907754160029E-24,-0.19509840223
    ));
#1311 = ADVANCED_FACE('',(#1312),#1329,.T.);
#1312 = FACE_BOUND('',#1313,.T.);
#1313 = EDGE_LOOP('',(#1314,#1315,#1323));
#1314 = ORIENTED_EDGE('',*,*,#1301,.F.);
#1315 = ORIENTED_EDGE('',*,*,#1316,.F.);
#1316 = EDGE_CURVE('',#1317,#1294,#1319,.T.);
#1317 = VERTEX_POINT('',#1318);
#1318 = CARTESIAN_POINT('',(-0.574024021626,2.529779911041,
    8.885820388794));
#1319 = LINE('',#1320,#1321);
#1320 = CARTESIAN_POINT('',(-0.574024021626,2.529779911041,
    8.885820388794));
#1321 = VECTOR('',#1322,1.);
#1322 = DIRECTION('',(0.940075163608,0.285166776476,0.186918689171));
#1323 = ORIENTED_EDGE('',*,*,#1324,.F.);
#1324 = EDGE_CURVE('',#1284,#1317,#1325,.T.);
#1325 = LINE('',#1326,#1327);
#1326 = CARTESIAN_POINT('',(-0.574024021626,9.943460464478,
    8.885820388794));
#1327 = VECTOR('',#1328,1.);
#1328 = DIRECTION('',(0.,-1.,0.));
#1329 = PLANE('',#1330);
#1330 = AXIS2_PLACEMENT_3D('',#1331,#1332,#1333);
#1331 = CARTESIAN_POINT('',(-0.557269417247,6.22400198969,8.889151769953
    ));
#1332 = DIRECTION('',(0.195016167454,-0.,-0.980800027748));
#1333 = DIRECTION('',(-0.980800027748,0.,-0.195016167454));
#1334 = ADVANCED_FACE('',(#1335),#1361,.T.);
#1335 = FACE_BOUND('',#1336,.T.);
#1336 = EDGE_LOOP('',(#1337,#1347,#1355));
#1337 = ORIENTED_EDGE('',*,*,#1338,.F.);
#1338 = EDGE_CURVE('',#1339,#1341,#1343,.T.);
#1339 = VERTEX_POINT('',#1340);
#1340 = CARTESIAN_POINT('',(0.,10.,4.));
#1341 = VERTEX_POINT('',#1342);
#1342 = CARTESIAN_POINT('',(0.574024021626,9.943460464478,6.114180088043
    ));
#1343 = LINE('',#1344,#1345);
#1344 = CARTESIAN_POINT('',(0.,10.,4.));
#1345 = VECTOR('',#1346,1.);
#1346 = DIRECTION('',(0.261937869631,-2.580004481822E-02,0.964739814738)
  );
#1347 = ORIENTED_EDGE('',*,*,#1348,.T.);
#1348 = EDGE_CURVE('',#1339,#1349,#1351,.T.);
#1349 = VERTEX_POINT('',#1350);
#1350 = CARTESIAN_POINT('',(0.,10.,6.));
#1351 = LINE('',#1352,#1353);
#1352 = CARTESIAN_POINT('',(0.,10.,4.));
#1353 = VECTOR('',#1354,1.);
#1354 = DIRECTION('',(0.,0.,1.));
#1355 = ORIENTED_EDGE('',*,*,#1356,.T.);
#1356 = EDGE_CURVE('',#1349,#1341,#1357,.T.);
#1357 = LINE('',#1358,#1359);
#1358 = CARTESIAN_POINT('',(0.,10.,6.));
#1359 = VECTOR('',#1360,1.);
#1360 = DIRECTION('',(0.97624066275,-9.615659197274E-02,0.194185679736)
  );
#1361 = PLANE('',#1362);
#1362 = AXIS2_PLACEMENT_3D('',#1363,#1364,#1365);
#1363 = CARTESIAN_POINT('',(0.166909369361,9.983559959405,5.156225874024
    ));
#1364 = DIRECTION('',(9.802247014855E-02,0.995184201716,0.));
#1365 = DIRECTION('',(0.995184201716,-9.802247014855E-02,0.));
#1366 = ADVANCED_FACE('',(#1367),#1384,.T.);
#1367 = FACE_BOUND('',#1368,.T.);
#1368 = EDGE_LOOP('',(#1369,#1377,#1383));
#1369 = ORIENTED_EDGE('',*,*,#1370,.T.);
#1370 = EDGE_CURVE('',#1339,#1371,#1373,.T.);
#1371 = VERTEX_POINT('',#1372);
#1372 = CARTESIAN_POINT('',(-0.574024021626,9.943460464478,
    6.114180088043));
#1373 = LINE('',#1374,#1375);
#1374 = CARTESIAN_POINT('',(0.,10.,4.));
#1375 = VECTOR('',#1376,1.);
#1376 = DIRECTION('',(-0.261937869631,-2.580004481822E-02,0.964739814738
    ));
#1377 = ORIENTED_EDGE('',*,*,#1378,.T.);
#1378 = EDGE_CURVE('',#1371,#1349,#1379,.T.);
#1379 = LINE('',#1380,#1381);
#1380 = CARTESIAN_POINT('',(-0.574024021626,9.943460464478,
    6.114180088043));
#1381 = VECTOR('',#1382,1.);
#1382 = DIRECTION('',(0.97624066275,9.615659197274E-02,-0.194185679736)
  );
#1383 = ORIENTED_EDGE('',*,*,#1348,.F.);
#1384 = PLANE('',#1385);
#1385 = AXIS2_PLACEMENT_3D('',#1386,#1387,#1388);
#1386 = CARTESIAN_POINT('',(-0.166909369361,9.983559959405,
    5.156225874024));
#1387 = DIRECTION('',(-9.802247014855E-02,0.995184201716,0.));
#1388 = DIRECTION('',(0.995184201716,9.802247014855E-02,0.));
#1389 = ADVANCED_FACE('',(#1390),#1407,.T.);
#1390 = FACE_BOUND('',#1391,.T.);
#1391 = EDGE_LOOP('',(#1392,#1400,#1406));
#1392 = ORIENTED_EDGE('',*,*,#1393,.T.);
#1393 = EDGE_CURVE('',#1371,#1394,#1396,.T.);
#1394 = VERTEX_POINT('',#1395);
#1395 = CARTESIAN_POINT('',(0.,2.599999904633,6.));
#1396 = LINE('',#1397,#1398);
#1397 = CARTESIAN_POINT('',(-0.574024021626,9.943460464478,
    6.114180088043));
#1398 = VECTOR('',#1399,1.);
#1399 = DIRECTION('',(7.792096869058E-02,-0.996839049947,
    -1.549939154168E-02));
#1400 = ORIENTED_EDGE('',*,*,#1401,.T.);
#1401 = EDGE_CURVE('',#1394,#1349,#1402,.T.);
#1402 = LINE('',#1403,#1404);
#1403 = CARTESIAN_POINT('',(0.,2.599999904633,6.));
#1404 = VECTOR('',#1405,1.);
#1405 = DIRECTION('',(0.,1.,0.));
#1406 = ORIENTED_EDGE('',*,*,#1378,.F.);
#1407 = PLANE('',#1408);
#1408 = AXIS2_PLACEMENT_3D('',#1409,#1410,#1411);
#1409 = CARTESIAN_POINT('',(-0.148690634104,6.42704218361,6.029576305265
    ));
#1410 = DIRECTION('',(0.195089682611,0.,0.980785407589));
#1411 = DIRECTION('',(0.980785407589,0.,-0.195089682611));
#1412 = ADVANCED_FACE('',(#1413),#1430,.T.);
#1413 = FACE_BOUND('',#1414,.T.);
#1414 = EDGE_LOOP('',(#1415,#1416,#1424));
#1415 = ORIENTED_EDGE('',*,*,#1393,.F.);
#1416 = ORIENTED_EDGE('',*,*,#1417,.T.);
#1417 = EDGE_CURVE('',#1371,#1418,#1420,.T.);
#1418 = VERTEX_POINT('',#1419);
#1419 = CARTESIAN_POINT('',(-0.507234990597,2.550040006638,
    6.100900173187));
#1420 = LINE('',#1421,#1422);
#1421 = CARTESIAN_POINT('',(-0.574024021626,9.943460464478,
    6.114180088043));
#1422 = VECTOR('',#1423,1.);
#1423 = DIRECTION('',(9.033193590693E-03,-0.999957586813,
    -1.796103939735E-03));
#1424 = ORIENTED_EDGE('',*,*,#1425,.F.);
#1425 = EDGE_CURVE('',#1394,#1418,#1426,.T.);
#1426 = LINE('',#1427,#1428);
#1427 = CARTESIAN_POINT('',(0.,2.599999904633,6.));
#1428 = VECTOR('',#1429,1.);
#1429 = DIRECTION('',(-0.976238968264,-9.615424838071E-02,0.194195358751
    ));
#1430 = PLANE('',#1431);
#1431 = AXIS2_PLACEMENT_3D('',#1432,#1433,#1434);
#1432 = CARTESIAN_POINT('',(-0.40859720128,6.133940512755,6.081276107272
    ));
#1433 = DIRECTION('',(0.195099288354,7.805715032512E-07,0.980783496845)
  );
#1434 = DIRECTION('',(0.980783496845,1.296159469064E-24,-0.195099288354)
  );
#1435 = ADVANCED_FACE('',(#1436),#1453,.T.);
#1436 = FACE_BOUND('',#1437,.T.);
#1437 = EDGE_LOOP('',(#1438,#1439,#1447));
#1438 = ORIENTED_EDGE('',*,*,#1417,.F.);
#1439 = ORIENTED_EDGE('',*,*,#1440,.T.);
#1440 = EDGE_CURVE('',#1371,#1441,#1443,.T.);
#1441 = VERTEX_POINT('',#1442);
#1442 = CARTESIAN_POINT('',(-0.574024021626,2.529779911041,
    6.114180088043));
#1443 = LINE('',#1444,#1445);
#1444 = CARTESIAN_POINT('',(-0.574024021626,9.943460464478,
    6.114180088043));
#1445 = VECTOR('',#1446,1.);
#1446 = DIRECTION('',(0.,-1.,0.));
#1447 = ORIENTED_EDGE('',*,*,#1448,.F.);
#1448 = EDGE_CURVE('',#1418,#1441,#1449,.T.);
#1449 = LINE('',#1450,#1451);
#1450 = CARTESIAN_POINT('',(-0.507234990597,2.550040006638,
    6.100900173187));
#1451 = VECTOR('',#1452,1.);
#1452 = DIRECTION('',(-0.940075163608,-0.285166776476,0.186918689171));
#1453 = PLANE('',#1454);
#1454 = AXIS2_PLACEMENT_3D('',#1455,#1456,#1457);
#1455 = CARTESIAN_POINT('',(-0.557269417247,6.22400198969,6.110848706884
    ));
#1456 = DIRECTION('',(0.195016167454,0.,0.980800027748));
#1457 = DIRECTION('',(0.980800027748,0.,-0.195016167454));
#1458 = ADVANCED_FACE('',(#1459),#1483,.T.);
#1459 = FACE_BOUND('',#1460,.T.);
#1460 = EDGE_LOOP('',(#1461,#1471,#1477));
#1461 = ORIENTED_EDGE('',*,*,#1462,.T.);
#1462 = EDGE_CURVE('',#1463,#1465,#1467,.T.);
#1463 = VERTEX_POINT('',#1464);
#1464 = CARTESIAN_POINT('',(0.574024021626,2.529779911041,6.114180088043
    ));
#1465 = VERTEX_POINT('',#1466);
#1466 = CARTESIAN_POINT('',(1.060660004616,9.895529747009,6.439340114594
    ));
#1467 = LINE('',#1468,#1469);
#1468 = CARTESIAN_POINT('',(0.574024021626,2.529779911041,6.114180088043
    ));
#1469 = VECTOR('',#1470,1.);
#1470 = DIRECTION('',(6.585982423873E-02,0.996858034629,
    4.400616260736E-02));
#1471 = ORIENTED_EDGE('',*,*,#1472,.F.);
#1472 = EDGE_CURVE('',#1341,#1465,#1473,.T.);
#1473 = LINE('',#1474,#1475);
#1474 = CARTESIAN_POINT('',(0.574024021626,9.943460464478,6.114180088043
    ));
#1475 = VECTOR('',#1476,1.);
#1476 = DIRECTION('',(0.828695127683,-8.162148591692E-02,0.553716821481)
  );
#1477 = ORIENTED_EDGE('',*,*,#1478,.T.);
#1478 = EDGE_CURVE('',#1341,#1463,#1479,.T.);
#1479 = LINE('',#1480,#1481);
#1480 = CARTESIAN_POINT('',(0.574024021626,9.943460464478,6.114180088043
    ));
#1481 = VECTOR('',#1482,1.);
#1482 = DIRECTION('',(0.,-1.,0.));
#1483 = PLANE('',#1484);
#1484 = AXIS2_PLACEMENT_3D('',#1485,#1486,#1487);
#1485 = CARTESIAN_POINT('',(0.700129786008,6.365641444998,6.19844133285)
  );
#1486 = DIRECTION('',(-0.5555705381,0.,0.831469408454));
#1487 = DIRECTION('',(0.831469408454,0.,0.5555705381));
#1488 = ADVANCED_FACE('',(#1489),#1506,.T.);
#1489 = FACE_BOUND('',#1490,.T.);
#1490 = EDGE_LOOP('',(#1491,#1492,#1500));
#1491 = ORIENTED_EDGE('',*,*,#1462,.F.);
#1492 = ORIENTED_EDGE('',*,*,#1493,.F.);
#1493 = EDGE_CURVE('',#1494,#1463,#1496,.T.);
#1494 = VERTEX_POINT('',#1495);
#1495 = CARTESIAN_POINT('',(0.994975984097,2.402090072632,6.395450115204
    ));
#1496 = LINE('',#1497,#1498);
#1497 = CARTESIAN_POINT('',(0.994975984097,2.402090072632,6.395450115204
    ));
#1498 = VECTOR('',#1499,1.);
#1499 = DIRECTION('',(-0.8062230545,0.244556388208,-0.538698950601));
#1500 = ORIENTED_EDGE('',*,*,#1501,.F.);
#1501 = EDGE_CURVE('',#1465,#1494,#1502,.T.);
#1502 = LINE('',#1503,#1504);
#1503 = CARTESIAN_POINT('',(1.060660004616,9.895529747009,6.439340114594
    ));
#1504 = VECTOR('',#1505,1.);
#1505 = DIRECTION('',(-8.765049643326E-03,-0.999944434369,
    -5.856797748595E-03));
#1506 = PLANE('',#1507);
#1507 = AXIS2_PLACEMENT_3D('',#1508,#1509,#1510);
#1508 = CARTESIAN_POINT('',(0.918616534889,6.054607352069,6.344429287507
    ));
#1509 = DIRECTION('',(-0.555568790849,-1.669743229193E-07,0.831470575928
    ));
#1510 = DIRECTION('',(0.831470575928,1.201930475837E-24,0.555568790849)
  );
#1511 = ADVANCED_FACE('',(#1512),#1536,.T.);
#1512 = FACE_BOUND('',#1513,.T.);
#1513 = EDGE_LOOP('',(#1514,#1522,#1530));
#1514 = ORIENTED_EDGE('',*,*,#1515,.T.);
#1515 = EDGE_CURVE('',#1516,#1294,#1518,.T.);
#1516 = VERTEX_POINT('',#1517);
#1517 = CARTESIAN_POINT('',(-0.994975984097,2.402090072632,15.));
#1518 = LINE('',#1519,#1520);
#1519 = CARTESIAN_POINT('',(-0.994975984097,2.402090072632,15.));
#1520 = VECTOR('',#1521,1.);
#1521 = DIRECTION('',(7.966821347627E-02,2.416632410082E-02,
    -0.996528456463));
#1522 = ORIENTED_EDGE('',*,*,#1523,.F.);
#1523 = EDGE_CURVE('',#1524,#1294,#1526,.T.);
#1524 = VERTEX_POINT('',#1525);
#1525 = CARTESIAN_POINT('',(-0.507234990597,2.550040006638,15.));
#1526 = LINE('',#1527,#1528);
#1527 = CARTESIAN_POINT('',(-0.507234990597,2.550040006638,15.));
#1528 = VECTOR('',#1529,1.);
#1529 = DIRECTION('',(0.,0.,-1.));
#1530 = ORIENTED_EDGE('',*,*,#1531,.F.);
#1531 = EDGE_CURVE('',#1516,#1524,#1532,.T.);
#1532 = LINE('',#1533,#1534);
#1533 = CARTESIAN_POINT('',(-0.994975984097,2.402090072632,15.));
#1534 = VECTOR('',#1535,1.);
#1535 = DIRECTION('',(0.956942885713,0.290276270962,0.));
#1536 = PLANE('',#1537);
#1537 = AXIS2_PLACEMENT_3D('',#1538,#1539,#1540);
#1538 = CARTESIAN_POINT('',(-0.634254792491,2.511510189464,
    12.071658478874));
#1539 = DIRECTION('',(0.290276270962,-0.956942885713,-0.));
#1540 = DIRECTION('',(-0.956942885713,-0.290276270962,0.));
#1541 = ADVANCED_FACE('',(#1542),#1552,.T.);
#1542 = FACE_BOUND('',#1543,.T.);
#1543 = EDGE_LOOP('',(#1544,#1550,#1551));
#1544 = ORIENTED_EDGE('',*,*,#1545,.T.);
#1545 = EDGE_CURVE('',#1516,#1317,#1546,.T.);
#1546 = LINE('',#1547,#1548);
#1547 = CARTESIAN_POINT('',(-0.994975984097,2.402090072632,15.));
#1548 = VECTOR('',#1549,1.);
#1549 = DIRECTION('',(6.867097819594E-02,2.083037232511E-02,
    -0.997421872801));
#1550 = ORIENTED_EDGE('',*,*,#1316,.T.);
#1551 = ORIENTED_EDGE('',*,*,#1515,.F.);
#1552 = PLANE('',#1553);
#1553 = AXIS2_PLACEMENT_3D('',#1554,#1555,#1556);
#1554 = CARTESIAN_POINT('',(-0.76650363987,2.471394081729,
    11.928622255313));
#1555 = DIRECTION('',(0.290282796131,-0.956940906363,5.696597538388E-07)
  );
#1556 = DIRECTION('',(-0.956940906363,-0.290282796131,1.060512452905E-23
    ));
#1557 = ADVANCED_FACE('',(#1558),#1575,.T.);
#1558 = FACE_BOUND('',#1559,.T.);
#1559 = EDGE_LOOP('',(#1560,#1561,#1569));
#1560 = ORIENTED_EDGE('',*,*,#1545,.F.);
#1561 = ORIENTED_EDGE('',*,*,#1562,.F.);
#1562 = EDGE_CURVE('',#1563,#1516,#1565,.T.);
#1563 = VERTEX_POINT('',#1564);
#1564 = CARTESIAN_POINT('',(-0.994975984097,2.402090072632,
    8.604550361633));
#1565 = LINE('',#1566,#1567);
#1566 = CARTESIAN_POINT('',(-0.994975984097,2.402090072632,
    8.604550361633));
#1567 = VECTOR('',#1568,1.);
#1568 = DIRECTION('',(0.,0.,1.));
#1569 = ORIENTED_EDGE('',*,*,#1570,.T.);
#1570 = EDGE_CURVE('',#1563,#1317,#1571,.T.);
#1571 = LINE('',#1572,#1573);
#1572 = CARTESIAN_POINT('',(-0.994975984097,2.402090072632,
    8.604550361633));
#1573 = VECTOR('',#1574,1.);
#1574 = DIRECTION('',(0.8062230545,0.244556388208,0.538698950601));
#1575 = PLANE('',#1576);
#1576 = AXIS2_PLACEMENT_3D('',#1577,#1578,#1579);
#1577 = CARTESIAN_POINT('',(-0.887667827299,2.434640487936,
    11.746011554111));
#1578 = DIRECTION('',(0.290275219206,-0.956943204749,-0.));
#1579 = DIRECTION('',(-0.956943204749,-0.290275219206,0.));
#1580 = ADVANCED_FACE('',(#1581),#1598,.T.);
#1581 = FACE_BOUND('',#1582,.T.);
#1582 = EDGE_LOOP('',(#1583,#1591,#1592));
#1583 = ORIENTED_EDGE('',*,*,#1584,.T.);
#1584 = EDGE_CURVE('',#1585,#1563,#1587,.T.);
#1585 = VERTEX_POINT('',#1586);
#1586 = CARTESIAN_POINT('',(-1.444479942322,2.161819934845,15.));
#1587 = LINE('',#1588,#1589);
#1588 = CARTESIAN_POINT('',(-1.444479942322,2.161819934845,15.));
#1589 = VECTOR('',#1590,1.);
#1590 = DIRECTION('',(7.006281933731E-02,3.745017801929E-02,
    -0.996839347896));
#1591 = ORIENTED_EDGE('',*,*,#1562,.T.);
#1592 = ORIENTED_EDGE('',*,*,#1593,.F.);
#1593 = EDGE_CURVE('',#1585,#1516,#1594,.T.);
#1594 = LINE('',#1595,#1596);
#1595 = CARTESIAN_POINT('',(-1.444479942322,2.161819934845,15.));
#1596 = VECTOR('',#1597,1.);
#1597 = DIRECTION('',(0.881916968656,0.471404773413,0.));
#1598 = PLANE('',#1599);
#1599 = AXIS2_PLACEMENT_3D('',#1600,#1601,#1602);
#1600 = CARTESIAN_POINT('',(-1.111822825861,2.339632765511,
    11.924628124668));
#1601 = DIRECTION('',(0.471404773413,-0.881916968656,-0.));
#1602 = DIRECTION('',(-0.881916968656,-0.471404773413,0.));
#1603 = ADVANCED_FACE('',(#1604),#1621,.T.);
#1604 = FACE_BOUND('',#1605,.T.);
#1605 = EDGE_LOOP('',(#1606,#1614,#1620));
#1606 = ORIENTED_EDGE('',*,*,#1607,.T.);
#1607 = EDGE_CURVE('',#1585,#1608,#1610,.T.);
#1608 = VERTEX_POINT('',#1609);
#1609 = CARTESIAN_POINT('',(-1.060660004616,2.366980075836,
    8.560660362244));
#1610 = LINE('',#1611,#1612);
#1611 = CARTESIAN_POINT('',(-1.444479942322,2.161819934845,15.));
#1612 = VECTOR('',#1613,1.);
#1613 = DIRECTION('',(5.946980986768E-02,3.178791245211E-02,
    -0.997723844727));
#1614 = ORIENTED_EDGE('',*,*,#1615,.T.);
#1615 = EDGE_CURVE('',#1608,#1563,#1616,.T.);
#1616 = LINE('',#1617,#1618);
#1617 = CARTESIAN_POINT('',(-1.060660004616,2.366980075836,
    8.560660362244));
#1618 = VECTOR('',#1619,1.);
#1619 = DIRECTION('',(0.759800565759,0.406135239869,0.507698007884));
#1620 = ORIENTED_EDGE('',*,*,#1584,.F.);
#1621 = PLANE('',#1622);
#1622 = AXIS2_PLACEMENT_3D('',#1623,#1624,#1625);
#1623 = CARTESIAN_POINT('',(-1.234807445668,2.273894578133,
    11.769860522131));
#1624 = DIRECTION('',(0.471408631633,-0.881914906338,3.486539113983E-07)
  );
#1625 = DIRECTION('',(-0.881914906338,-0.471408631633,
    -1.624115022024E-23));
#1626 = ADVANCED_FACE('',(#1627),#1644,.T.);
#1627 = FACE_BOUND('',#1628,.T.);
#1628 = EDGE_LOOP('',(#1629,#1637,#1643));
#1629 = ORIENTED_EDGE('',*,*,#1630,.T.);
#1630 = EDGE_CURVE('',#1585,#1631,#1633,.T.);
#1631 = VERTEX_POINT('',#1632);
#1632 = CARTESIAN_POINT('',(-1.385820031166,2.193180084229,
    8.074020385742));
#1633 = LINE('',#1634,#1635);
#1634 = CARTESIAN_POINT('',(-1.444479942322,2.161819934845,15.));
#1635 = VECTOR('',#1636,1.);
#1636 = DIRECTION('',(8.469156618685E-03,4.527692106618E-03,
    -0.999953885632));
#1637 = ORIENTED_EDGE('',*,*,#1638,.T.);
#1638 = EDGE_CURVE('',#1631,#1608,#1639,.T.);
#1639 = LINE('',#1640,#1641);
#1640 = CARTESIAN_POINT('',(-1.385820031166,2.193180084229,
    8.074020385742));
#1641 = VECTOR('',#1642,1.);
#1642 = DIRECTION('',(0.532581437001,0.284667984141,0.797070355594));
#1643 = ORIENTED_EDGE('',*,*,#1607,.F.);
#1644 = PLANE('',#1645);
#1645 = AXIS2_PLACEMENT_3D('',#1646,#1647,#1648);
#1646 = CARTESIAN_POINT('',(-1.331776713949,2.222063658264,
    11.50875395969));
#1647 = DIRECTION('',(0.471394116466,-0.881922664955,-7.637225071182E-07
    ));
#1648 = DIRECTION('',(-0.881922664955,-0.471394116466,-1.45183172334E-23
    ));
#1649 = ADVANCED_FACE('',(#1650),#1667,.T.);
#1650 = FACE_BOUND('',#1651,.T.);
#1651 = EDGE_LOOP('',(#1652,#1653,#1661));
#1652 = ORIENTED_EDGE('',*,*,#1630,.F.);
#1653 = ORIENTED_EDGE('',*,*,#1654,.T.);
#1654 = EDGE_CURVE('',#1585,#1655,#1657,.T.);
#1655 = VERTEX_POINT('',#1656);
#1656 = CARTESIAN_POINT('',(-1.444479942322,2.161819934845,
    7.779109954834));
#1657 = LINE('',#1658,#1659);
#1658 = CARTESIAN_POINT('',(-1.444479942322,2.161819934845,15.));
#1659 = VECTOR('',#1660,1.);
#1660 = DIRECTION('',(0.,0.,-1.));
#1661 = ORIENTED_EDGE('',*,*,#1662,.T.);
#1662 = EDGE_CURVE('',#1655,#1631,#1663,.T.);
#1663 = LINE('',#1664,#1665);
#1664 = CARTESIAN_POINT('',(-1.444479942322,2.161819934845,
    7.779109954834));
#1665 = VECTOR('',#1666,1.);
#1666 = DIRECTION('',(0.194033342745,0.103732080291,0.975495113992));
#1667 = PLANE('',#1668);
#1668 = AXIS2_PLACEMENT_3D('',#1669,#1670,#1671);
#1669 = CARTESIAN_POINT('',(-1.429807121611,2.169664165092,
    11.38778275647));
#1670 = DIRECTION('',(0.471464247253,-0.881885175951,-0.));
#1671 = DIRECTION('',(-0.881885175951,-0.471464247253,0.));
#1672 = ADVANCED_FACE('',(#1673),#1690,.T.);
#1673 = FACE_BOUND('',#1674,.T.);
#1674 = EDGE_LOOP('',(#1675,#1683,#1684));
#1675 = ORIENTED_EDGE('',*,*,#1676,.T.);
#1676 = EDGE_CURVE('',#1677,#1655,#1679,.T.);
#1677 = VERTEX_POINT('',#1678);
#1678 = CARTESIAN_POINT('',(-1.838479995728,1.838479995728,15.));
#1679 = LINE('',#1680,#1681);
#1680 = CARTESIAN_POINT('',(-1.838479995728,1.838479995728,15.));
#1681 = VECTOR('',#1682,1.);
#1682 = DIRECTION('',(5.442849634502E-02,4.466726981971E-02,-0.997518107
    ));
#1683 = ORIENTED_EDGE('',*,*,#1654,.F.);
#1684 = ORIENTED_EDGE('',*,*,#1685,.F.);
#1685 = EDGE_CURVE('',#1677,#1585,#1686,.T.);
#1686 = LINE('',#1687,#1688);
#1687 = CARTESIAN_POINT('',(-1.838479995728,1.838479995728,15.));
#1688 = VECTOR('',#1689,1.);
#1689 = DIRECTION('',(0.773017715812,0.63438443474,0.));
#1690 = PLANE('',#1691);
#1691 = AXIS2_PLACEMENT_3D('',#1692,#1693,#1694);
#1692 = CARTESIAN_POINT('',(-1.546451977559,2.07813560186,
    11.512486172294));
#1693 = DIRECTION('',(0.63438443474,-0.773017715812,-0.));
#1694 = DIRECTION('',(-0.773017715812,-0.63438443474,0.));
#1695 = ADVANCED_FACE('',(#1696),#1713,.T.);
#1696 = FACE_BOUND('',#1697,.T.);
#1697 = EDGE_LOOP('',(#1698,#1706,#1712));
#1698 = ORIENTED_EDGE('',*,*,#1699,.T.);
#1699 = EDGE_CURVE('',#1677,#1700,#1702,.T.);
#1700 = VERTEX_POINT('',#1701);
#1701 = CARTESIAN_POINT('',(-1.5,2.116260051727,7.5));
#1702 = LINE('',#1703,#1704);
#1703 = CARTESIAN_POINT('',(-1.838479995728,1.838479995728,15.));
#1704 = VECTOR('',#1705,1.);
#1705 = DIRECTION('',(4.505394728861E-02,3.697438004848E-02,
    -0.998300073652));
#1706 = ORIENTED_EDGE('',*,*,#1707,.T.);
#1707 = EDGE_CURVE('',#1700,#1655,#1708,.T.);
#1708 = LINE('',#1709,#1710);
#1709 = CARTESIAN_POINT('',(-1.5,2.116260051727,7.5));
#1710 = VECTOR('',#1711,1.);
#1711 = DIRECTION('',(0.192642682089,0.158083014436,0.968451628934));
#1712 = ORIENTED_EDGE('',*,*,#1676,.F.);
#1713 = PLANE('',#1714);
#1714 = AXIS2_PLACEMENT_3D('',#1715,#1716,#1717);
#1715 = CARTESIAN_POINT('',(-1.652103719286,1.991432308834,
    11.247984017122));
#1716 = DIRECTION('',(0.634363626014,-0.773034792223,-1.900060076374E-06
    ));
#1717 = DIRECTION('',(-0.773034792224,-0.634363626015,
    -9.577983386037E-24));
#1718 = ADVANCED_FACE('',(#1719),#1736,.T.);
#1719 = FACE_BOUND('',#1720,.T.);
#1720 = EDGE_LOOP('',(#1721,#1729,#1730));
#1721 = ORIENTED_EDGE('',*,*,#1722,.T.);
#1722 = EDGE_CURVE('',#1723,#1700,#1725,.T.);
#1723 = VERTEX_POINT('',#1724);
#1724 = CARTESIAN_POINT('',(-1.838479995728,1.838479995728,0.));
#1725 = LINE('',#1726,#1727);
#1726 = CARTESIAN_POINT('',(-1.838479995728,1.838479995728,0.));
#1727 = VECTOR('',#1728,1.);
#1728 = DIRECTION('',(4.505394728861E-02,3.697438004848E-02,
    0.998300073652));
#1729 = ORIENTED_EDGE('',*,*,#1699,.F.);
#1730 = ORIENTED_EDGE('',*,*,#1731,.F.);
#1731 = EDGE_CURVE('',#1723,#1677,#1732,.T.);
#1732 = LINE('',#1733,#1734);
#1733 = CARTESIAN_POINT('',(-1.838479995728,1.838479995728,0.));
#1734 = VECTOR('',#1735,1.);
#1735 = DIRECTION('',(0.,0.,1.));
#1736 = PLANE('',#1737);
#1737 = AXIS2_PLACEMENT_3D('',#1738,#1739,#1740);
#1738 = CARTESIAN_POINT('',(-1.753788011728,1.907984085644,7.5));
#1739 = DIRECTION('',(0.634388784024,-0.77301414651,-0.));
#1740 = DIRECTION('',(-0.77301414651,-0.634388784024,0.));
#1741 = ADVANCED_FACE('',(#1742),#1759,.T.);
#1742 = FACE_BOUND('',#1743,.T.);
#1743 = EDGE_LOOP('',(#1744,#1752,#1758));
#1744 = ORIENTED_EDGE('',*,*,#1745,.T.);
#1745 = EDGE_CURVE('',#1723,#1746,#1748,.T.);
#1746 = VERTEX_POINT('',#1747);
#1747 = CARTESIAN_POINT('',(-1.444479942322,2.161819934845,
    7.220890045166));
#1748 = LINE('',#1749,#1750);
#1749 = CARTESIAN_POINT('',(-1.838479995728,1.838479995728,0.));
#1750 = VECTOR('',#1751,1.);
#1751 = DIRECTION('',(5.442849634502E-02,4.466726981971E-02,0.997518107)
  );
#1752 = ORIENTED_EDGE('',*,*,#1753,.T.);
#1753 = EDGE_CURVE('',#1746,#1700,#1754,.T.);
#1754 = LINE('',#1755,#1756);
#1755 = CARTESIAN_POINT('',(-1.444479942322,2.161819934845,
    7.220890045166));
#1756 = VECTOR('',#1757,1.);
#1757 = DIRECTION('',(-0.192642682089,-0.158083014436,0.968451628934));
#1758 = ORIENTED_EDGE('',*,*,#1722,.F.);
#1759 = PLANE('',#1760);
#1760 = AXIS2_PLACEMENT_3D('',#1761,#1762,#1763);
#1761 = CARTESIAN_POINT('',(-1.652103719286,1.991432308834,
    3.752015982878));
#1762 = DIRECTION('',(0.634363626014,-0.773034792223,1.900060076708E-06)
  );
#1763 = DIRECTION('',(-0.773034792224,-0.634363626015,-7.07444129843E-24
    ));
#1764 = ADVANCED_FACE('',(#1765),#1782,.T.);
#1765 = FACE_BOUND('',#1766,.T.);
#1766 = EDGE_LOOP('',(#1767,#1768,#1776));
#1767 = ORIENTED_EDGE('',*,*,#1745,.F.);
#1768 = ORIENTED_EDGE('',*,*,#1769,.F.);
#1769 = EDGE_CURVE('',#1770,#1723,#1772,.T.);
#1770 = VERTEX_POINT('',#1771);
#1771 = CARTESIAN_POINT('',(-1.444479942322,2.161819934845,0.));
#1772 = LINE('',#1773,#1774);
#1773 = CARTESIAN_POINT('',(-1.444479942322,2.161819934845,0.));
#1774 = VECTOR('',#1775,1.);
#1775 = DIRECTION('',(-0.773017715812,-0.63438443474,0.));
#1776 = ORIENTED_EDGE('',*,*,#1777,.F.);
#1777 = EDGE_CURVE('',#1746,#1770,#1778,.T.);
#1778 = LINE('',#1779,#1780);
#1779 = CARTESIAN_POINT('',(-1.444479942322,2.161819934845,
    7.220890045166));
#1780 = VECTOR('',#1781,1.);
#1781 = DIRECTION('',(0.,0.,-1.));
#1782 = PLANE('',#1783);
#1783 = AXIS2_PLACEMENT_3D('',#1784,#1785,#1786);
#1784 = CARTESIAN_POINT('',(-1.546451977559,2.07813560186,3.487513827706
    ));
#1785 = DIRECTION('',(0.63438443474,-0.773017715812,-0.));
#1786 = DIRECTION('',(-0.773017715812,-0.63438443474,0.));
#1787 = ADVANCED_FACE('',(#1788),#1805,.T.);
#1788 = FACE_BOUND('',#1789,.T.);
#1789 = EDGE_LOOP('',(#1790,#1798,#1804));
#1790 = ORIENTED_EDGE('',*,*,#1791,.T.);
#1791 = EDGE_CURVE('',#1770,#1792,#1794,.T.);
#1792 = VERTEX_POINT('',#1793);
#1793 = CARTESIAN_POINT('',(-1.385820031166,2.193180084229,
    6.925970077515));
#1794 = LINE('',#1795,#1796);
#1795 = CARTESIAN_POINT('',(-1.444479942322,2.161819934845,0.));
#1796 = VECTOR('',#1797,1.);
#1797 = DIRECTION('',(8.469168279249E-03,4.527698340467E-03,
    0.999953885505));
#1798 = ORIENTED_EDGE('',*,*,#1799,.T.);
#1799 = EDGE_CURVE('',#1792,#1746,#1800,.T.);
#1800 = LINE('',#1801,#1802);
#1801 = CARTESIAN_POINT('',(-1.385820031166,2.193180084229,
    6.925970077515));
#1802 = VECTOR('',#1803,1.);
#1803 = DIRECTION('',(-0.194027372069,-0.103728888311,0.975496641008));
#1804 = ORIENTED_EDGE('',*,*,#1777,.T.);
#1805 = PLANE('',#1806);
#1806 = AXIS2_PLACEMENT_3D('',#1807,#1808,#1809);
#1807 = CARTESIAN_POINT('',(-1.429807121847,2.169664164966,
    3.612217184997));
#1808 = DIRECTION('',(0.471464247253,-0.881885175951,-0.));
#1809 = DIRECTION('',(-0.881885175951,-0.471464247253,0.));
#1810 = ADVANCED_FACE('',(#1811),#1828,.T.);
#1811 = FACE_BOUND('',#1812,.T.);
#1812 = EDGE_LOOP('',(#1813,#1821,#1827));
#1813 = ORIENTED_EDGE('',*,*,#1814,.T.);
#1814 = EDGE_CURVE('',#1770,#1815,#1817,.T.);
#1815 = VERTEX_POINT('',#1816);
#1816 = CARTESIAN_POINT('',(-1.060660004616,2.366980075836,
    6.439340114594));
#1817 = LINE('',#1818,#1819);
#1818 = CARTESIAN_POINT('',(-1.444479942322,2.161819934845,0.));
#1819 = VECTOR('',#1820,1.);
#1820 = DIRECTION('',(5.946980548393E-02,3.17879101089E-02,
    0.997723845063));
#1821 = ORIENTED_EDGE('',*,*,#1822,.T.);
#1822 = EDGE_CURVE('',#1815,#1792,#1823,.T.);
#1823 = LINE('',#1824,#1825);
#1824 = CARTESIAN_POINT('',(-1.060660004616,2.366980075836,
    6.439340114594));
#1825 = VECTOR('',#1826,1.);
#1826 = DIRECTION('',(-0.532588399498,-0.284671705637,0.79706437427));
#1827 = ORIENTED_EDGE('',*,*,#1791,.F.);
#1828 = PLANE('',#1829);
#1829 = AXIS2_PLACEMENT_3D('',#1830,#1831,#1832);
#1830 = CARTESIAN_POINT('',(-1.331776716346,2.222063656982,
    3.491241781381));
#1831 = DIRECTION('',(0.471394116449,-0.881922664964,7.637237422685E-07)
  );
#1832 = DIRECTION('',(-0.881922664964,-0.471394116449,
    -1.549204812359E-24));
#1833 = ADVANCED_FACE('',(#1834),#1851,.T.);
#1834 = FACE_BOUND('',#1835,.T.);
#1835 = EDGE_LOOP('',(#1836,#1844,#1850));
#1836 = ORIENTED_EDGE('',*,*,#1837,.T.);
#1837 = EDGE_CURVE('',#1770,#1838,#1840,.T.);
#1838 = VERTEX_POINT('',#1839);
#1839 = CARTESIAN_POINT('',(-0.994975984097,2.402090072632,
    6.395450115204));
#1840 = LINE('',#1841,#1842);
#1841 = CARTESIAN_POINT('',(-1.444479942322,2.161819934845,0.));
#1842 = VECTOR('',#1843,1.);
#1843 = DIRECTION('',(7.006281414648E-02,3.745017524467E-02,
    0.996839348365));
#1844 = ORIENTED_EDGE('',*,*,#1845,.T.);
#1845 = EDGE_CURVE('',#1838,#1815,#1846,.T.);
#1846 = LINE('',#1847,#1848);
#1847 = CARTESIAN_POINT('',(-0.994975984097,2.402090072632,
    6.395450115204));
#1848 = VECTOR('',#1849,1.);
#1849 = DIRECTION('',(-0.759800565759,-0.406135239869,0.507698007884));
#1850 = ORIENTED_EDGE('',*,*,#1814,.F.);
#1851 = PLANE('',#1852);
#1852 = AXIS2_PLACEMENT_3D('',#1853,#1854,#1855);
#1853 = CARTESIAN_POINT('',(-1.234807445767,2.27389457808,3.230139716304
    ));
#1854 = DIRECTION('',(0.471408631633,-0.881914906338,-3.486538865733E-07
    ));
#1855 = DIRECTION('',(-0.881914906338,-0.471408631633,2.080417798622E-23
    ));
#1856 = ADVANCED_FACE('',(#1857),#1874,.T.);
#1857 = FACE_BOUND('',#1858,.T.);
#1858 = EDGE_LOOP('',(#1859,#1860,#1868));
#1859 = ORIENTED_EDGE('',*,*,#1837,.F.);
#1860 = ORIENTED_EDGE('',*,*,#1861,.F.);
#1861 = EDGE_CURVE('',#1862,#1770,#1864,.T.);
#1862 = VERTEX_POINT('',#1863);
#1863 = CARTESIAN_POINT('',(-0.994975984097,2.402090072632,0.));
#1864 = LINE('',#1865,#1866);
#1865 = CARTESIAN_POINT('',(-0.994975984097,2.402090072632,0.));
#1866 = VECTOR('',#1867,1.);
#1867 = DIRECTION('',(-0.881916968656,-0.471404773413,0.));
#1868 = ORIENTED_EDGE('',*,*,#1869,.T.);
#1869 = EDGE_CURVE('',#1862,#1838,#1870,.T.);
#1870 = LINE('',#1871,#1872);
#1871 = CARTESIAN_POINT('',(-0.994975984097,2.402090072632,0.));
#1872 = VECTOR('',#1873,1.);
#1873 = DIRECTION('',(0.,0.,1.));
#1874 = PLANE('',#1875);
#1875 = AXIS2_PLACEMENT_3D('',#1876,#1877,#1878);
#1876 = CARTESIAN_POINT('',(-1.111822825529,2.339632765689,
    3.075372113373));
#1877 = DIRECTION('',(0.471404773413,-0.881916968656,-0.));
#1878 = DIRECTION('',(-0.881916968656,-0.471404773413,0.));
#1879 = ADVANCED_FACE('',(#1880),#1895,.T.);
#1880 = FACE_BOUND('',#1881,.T.);
#1881 = EDGE_LOOP('',(#1882,#1888,#1894));
#1882 = ORIENTED_EDGE('',*,*,#1883,.T.);
#1883 = EDGE_CURVE('',#1862,#1441,#1884,.T.);
#1884 = LINE('',#1885,#1886);
#1885 = CARTESIAN_POINT('',(-0.994975984097,2.402090072632,0.));
#1886 = VECTOR('',#1887,1.);
#1887 = DIRECTION('',(6.867097286796E-02,2.083037070894E-02,
    0.997421873202));
#1888 = ORIENTED_EDGE('',*,*,#1889,.T.);
#1889 = EDGE_CURVE('',#1441,#1838,#1890,.T.);
#1890 = LINE('',#1891,#1892);
#1891 = CARTESIAN_POINT('',(-0.574024021626,2.529779911041,
    6.114180088043));
#1892 = VECTOR('',#1893,1.);
#1893 = DIRECTION('',(-0.8062230545,-0.244556388208,0.538698950601));
#1894 = ORIENTED_EDGE('',*,*,#1869,.F.);
#1895 = PLANE('',#1896);
#1896 = AXIS2_PLACEMENT_3D('',#1897,#1898,#1899);
#1897 = CARTESIAN_POINT('',(-0.88766782746,2.434640487887,3.253988684614
    ));
#1898 = DIRECTION('',(0.290275219206,-0.956943204749,-0.));
#1899 = DIRECTION('',(-0.956943204749,-0.290275219206,0.));
#1900 = ADVANCED_FACE('',(#1901),#1911,.T.);
#1901 = FACE_BOUND('',#1902,.T.);
#1902 = EDGE_LOOP('',(#1903,#1909,#1910));
#1903 = ORIENTED_EDGE('',*,*,#1904,.T.);
#1904 = EDGE_CURVE('',#1862,#1418,#1905,.T.);
#1905 = LINE('',#1906,#1907);
#1906 = CARTESIAN_POINT('',(-0.994975984097,2.402090072632,0.));
#1907 = VECTOR('',#1908,1.);
#1908 = DIRECTION('',(7.966820729268E-02,2.41663222251E-02,
    0.996528457003));
#1909 = ORIENTED_EDGE('',*,*,#1448,.T.);
#1910 = ORIENTED_EDGE('',*,*,#1883,.F.);
#1911 = PLANE('',#1912);
#1912 = AXIS2_PLACEMENT_3D('',#1913,#1914,#1915);
#1913 = CARTESIAN_POINT('',(-0.766503639971,2.471394081699,
    3.071377983122));
#1914 = DIRECTION('',(0.290282796131,-0.956940906363,-5.696597102826E-07
    ));
#1915 = DIRECTION('',(-0.956940906363,-0.290282796131,
    -1.568829082766E-24));
#1916 = ADVANCED_FACE('',(#1917),#1934,.T.);
#1917 = FACE_BOUND('',#1918,.T.);
#1918 = EDGE_LOOP('',(#1919,#1920,#1928));
#1919 = ORIENTED_EDGE('',*,*,#1904,.F.);
#1920 = ORIENTED_EDGE('',*,*,#1921,.F.);
#1921 = EDGE_CURVE('',#1922,#1862,#1924,.T.);
#1922 = VERTEX_POINT('',#1923);
#1923 = CARTESIAN_POINT('',(-0.507234990597,2.550040006638,0.));
#1924 = LINE('',#1925,#1926);
#1925 = CARTESIAN_POINT('',(-0.507234990597,2.550040006638,0.));
#1926 = VECTOR('',#1927,1.);
#1927 = DIRECTION('',(-0.956942885713,-0.290276270962,0.));
#1928 = ORIENTED_EDGE('',*,*,#1929,.F.);
#1929 = EDGE_CURVE('',#1418,#1922,#1930,.T.);
#1930 = LINE('',#1931,#1932);
#1931 = CARTESIAN_POINT('',(-0.507234990597,2.550040006638,
    6.100900173187));
#1932 = VECTOR('',#1933,1.);
#1933 = DIRECTION('',(0.,0.,-1.));
#1934 = PLANE('',#1935);
#1935 = AXIS2_PLACEMENT_3D('',#1936,#1937,#1938);
#1936 = CARTESIAN_POINT('',(-0.634254792095,2.511510189584,
    2.928341759131));
#1937 = DIRECTION('',(0.290276270962,-0.956942885713,-0.));
#1938 = DIRECTION('',(-0.956942885713,-0.290276270962,0.));
#1939 = ADVANCED_FACE('',(#1940),#1957,.T.);
#1940 = FACE_BOUND('',#1941,.T.);
#1941 = EDGE_LOOP('',(#1942,#1950,#1951));
#1942 = ORIENTED_EDGE('',*,*,#1943,.T.);
#1943 = EDGE_CURVE('',#1944,#1317,#1946,.T.);
#1944 = VERTEX_POINT('',#1945);
#1945 = CARTESIAN_POINT('',(-1.060660004616,9.895529747009,
    8.560660362244));
#1946 = LINE('',#1947,#1948);
#1947 = CARTESIAN_POINT('',(-1.060660004616,9.895529747009,
    8.560660362244));
#1948 = VECTOR('',#1949,1.);
#1949 = DIRECTION('',(6.585982423873E-02,-0.996858034629,
    4.400616260736E-02));
#1950 = ORIENTED_EDGE('',*,*,#1570,.F.);
#1951 = ORIENTED_EDGE('',*,*,#1952,.T.);
#1952 = EDGE_CURVE('',#1563,#1944,#1953,.T.);
#1953 = LINE('',#1954,#1955);
#1954 = CARTESIAN_POINT('',(-0.994975984097,2.402090072632,
    8.604550361633));
#1955 = VECTOR('',#1956,1.);
#1956 = DIRECTION('',(-8.765049643326E-03,0.999944434369,
    -5.856797748595E-03));
#1957 = PLANE('',#1958);
#1958 = AXIS2_PLACEMENT_3D('',#1959,#1960,#1961);
#1959 = CARTESIAN_POINT('',(-0.918616534889,6.054607352069,8.65557118933
    ));
#1960 = DIRECTION('',(0.555568790849,-1.66974322936E-07,-0.831470575928)
  );
#1961 = DIRECTION('',(-0.831470575928,7.249846862419E-25,-0.555568790849
    ));
#1962 = ADVANCED_FACE('',(#1963),#1973,.T.);
#1963 = FACE_BOUND('',#1964,.T.);
#1964 = EDGE_LOOP('',(#1965,#1966,#1967));
#1965 = ORIENTED_EDGE('',*,*,#1952,.F.);
#1966 = ORIENTED_EDGE('',*,*,#1615,.F.);
#1967 = ORIENTED_EDGE('',*,*,#1968,.T.);
#1968 = EDGE_CURVE('',#1608,#1944,#1969,.T.);
#1969 = LINE('',#1970,#1971);
#1970 = CARTESIAN_POINT('',(-1.060660004616,2.366980075836,
    8.560660362244));
#1971 = VECTOR('',#1972,1.);
#1972 = DIRECTION('',(0.,1.,0.));
#1973 = PLANE('',#1974);
#1974 = AXIS2_PLACEMENT_3D('',#1975,#1976,#1977);
#1975 = CARTESIAN_POINT('',(-1.044182749278,6.118524253788,
    8.571670448426));
#1976 = DIRECTION('',(0.555581960008,-0.,-0.831461776459));
#1977 = DIRECTION('',(-0.831461776459,0.,-0.555581960008));
#1978 = ADVANCED_FACE('',(#1979),#1989,.T.);
#1979 = FACE_BOUND('',#1980,.T.);
#1980 = EDGE_LOOP('',(#1981,#1982,#1988));
#1981 = ORIENTED_EDGE('',*,*,#1943,.F.);
#1982 = ORIENTED_EDGE('',*,*,#1983,.F.);
#1983 = EDGE_CURVE('',#1284,#1944,#1984,.T.);
#1984 = LINE('',#1985,#1986);
#1985 = CARTESIAN_POINT('',(-0.574024021626,9.943460464478,
    8.885820388794));
#1986 = VECTOR('',#1987,1.);
#1987 = DIRECTION('',(-0.828695127683,-8.162148591692E-02,
    -0.553716821481));
#1988 = ORIENTED_EDGE('',*,*,#1324,.T.);
#1989 = PLANE('',#1990);
#1990 = AXIS2_PLACEMENT_3D('',#1991,#1992,#1993);
#1991 = CARTESIAN_POINT('',(-0.700129786008,6.365641444998,
    8.801559143987));
#1992 = DIRECTION('',(0.5555705381,-0.,-0.831469408454));
#1993 = DIRECTION('',(-0.831469408454,0.,-0.5555705381));
#1994 = ADVANCED_FACE('',(#1995),#2021,.T.);
#1995 = FACE_BOUND('',#1996,.T.);
#1996 = EDGE_LOOP('',(#1997,#2007,#2015));
#1997 = ORIENTED_EDGE('',*,*,#1998,.T.);
#1998 = EDGE_CURVE('',#1999,#2001,#2003,.T.);
#1999 = VERTEX_POINT('',#2000);
#2000 = CARTESIAN_POINT('',(0.507234990597,2.550040006638,8.89910030365)
  );
#2001 = VERTEX_POINT('',#2002);
#2002 = CARTESIAN_POINT('',(0.994975984097,2.402090072632,15.));
#2003 = LINE('',#2004,#2005);
#2004 = CARTESIAN_POINT('',(0.507234990597,2.550040006638,8.89910030365)
  );
#2005 = VECTOR('',#2006,1.);
#2006 = DIRECTION('',(7.966821347627E-02,-2.416632410082E-02,
    0.996528456463));
#2007 = ORIENTED_EDGE('',*,*,#2008,.F.);
#2008 = EDGE_CURVE('',#2009,#2001,#2011,.T.);
#2009 = VERTEX_POINT('',#2010);
#2010 = CARTESIAN_POINT('',(0.507234990597,2.550040006638,15.));
#2011 = LINE('',#2012,#2013);
#2012 = CARTESIAN_POINT('',(0.507234990597,2.550040006638,15.));
#2013 = VECTOR('',#2014,1.);
#2014 = DIRECTION('',(0.956942885713,-0.290276270962,0.));
#2015 = ORIENTED_EDGE('',*,*,#2016,.T.);
#2016 = EDGE_CURVE('',#2009,#1999,#2017,.T.);
#2017 = LINE('',#2018,#2019);
#2018 = CARTESIAN_POINT('',(0.507234990597,2.550040006638,15.));
#2019 = VECTOR('',#2020,1.);
#2020 = DIRECTION('',(0.,0.,-1.));
#2021 = PLANE('',#2022);
#2022 = AXIS2_PLACEMENT_3D('',#2023,#2024,#2025);
#2023 = CARTESIAN_POINT('',(0.634254792491,2.511510189464,
    12.071658478874));
#2024 = DIRECTION('',(-0.290276270962,-0.956942885713,-0.));
#2025 = DIRECTION('',(-0.956942885713,0.290276270962,0.));
#2026 = ADVANCED_FACE('',(#2027),#2044,.T.);
#2027 = FACE_BOUND('',#2028,.T.);
#2028 = EDGE_LOOP('',(#2029,#2037,#2038));
#2029 = ORIENTED_EDGE('',*,*,#2030,.T.);
#2030 = EDGE_CURVE('',#2031,#2001,#2033,.T.);
#2031 = VERTEX_POINT('',#2032);
#2032 = CARTESIAN_POINT('',(0.574024021626,2.529779911041,8.885820388794
    ));
#2033 = LINE('',#2034,#2035);
#2034 = CARTESIAN_POINT('',(0.574024021626,2.529779911041,8.885820388794
    ));
#2035 = VECTOR('',#2036,1.);
#2036 = DIRECTION('',(6.867097819594E-02,-2.083037232511E-02,
    0.997421872801));
#2037 = ORIENTED_EDGE('',*,*,#1998,.F.);
#2038 = ORIENTED_EDGE('',*,*,#2039,.T.);
#2039 = EDGE_CURVE('',#1999,#2031,#2040,.T.);
#2040 = LINE('',#2041,#2042);
#2041 = CARTESIAN_POINT('',(0.507234990597,2.550040006638,8.89910030365)
  );
#2042 = VECTOR('',#2043,1.);
#2043 = DIRECTION('',(0.940075163608,-0.285166776476,-0.186918689171));
#2044 = PLANE('',#2045);
#2045 = AXIS2_PLACEMENT_3D('',#2046,#2047,#2048);
#2046 = CARTESIAN_POINT('',(0.76650363987,2.471394081729,11.928622255313
    ));
#2047 = DIRECTION('',(-0.290282796131,-0.956940906363,5.696597547092E-07
    ));
#2048 = DIRECTION('',(-0.956940906363,0.290282796131,-3.0100139041E-24)
  );
#2049 = ADVANCED_FACE('',(#2050),#2067,.T.);
#2050 = FACE_BOUND('',#2051,.T.);
#2051 = EDGE_LOOP('',(#2052,#2053,#2061));
#2052 = ORIENTED_EDGE('',*,*,#2030,.F.);
#2053 = ORIENTED_EDGE('',*,*,#2054,.T.);
#2054 = EDGE_CURVE('',#2031,#2055,#2057,.T.);
#2055 = VERTEX_POINT('',#2056);
#2056 = CARTESIAN_POINT('',(0.994975984097,2.402090072632,8.604550361633
    ));
#2057 = LINE('',#2058,#2059);
#2058 = CARTESIAN_POINT('',(0.574024021626,2.529779911041,8.885820388794
    ));
#2059 = VECTOR('',#2060,1.);
#2060 = DIRECTION('',(0.8062230545,-0.244556388208,-0.538698950601));
#2061 = ORIENTED_EDGE('',*,*,#2062,.T.);
#2062 = EDGE_CURVE('',#2055,#2001,#2063,.T.);
#2063 = LINE('',#2064,#2065);
#2064 = CARTESIAN_POINT('',(0.994975984097,2.402090072632,8.604550361633
    ));
#2065 = VECTOR('',#2066,1.);
#2066 = DIRECTION('',(0.,0.,1.));
#2067 = PLANE('',#2068);
#2068 = AXIS2_PLACEMENT_3D('',#2069,#2070,#2071);
#2069 = CARTESIAN_POINT('',(0.887667827299,2.434640487936,
    11.746011554111));
#2070 = DIRECTION('',(-0.290275219206,-0.956943204749,-0.));
#2071 = DIRECTION('',(-0.956943204749,0.290275219206,0.));
#2072 = ADVANCED_FACE('',(#2073),#2090,.T.);
#2073 = FACE_BOUND('',#2074,.T.);
#2074 = EDGE_LOOP('',(#2075,#2083,#2089));
#2075 = ORIENTED_EDGE('',*,*,#2076,.T.);
#2076 = EDGE_CURVE('',#2055,#2077,#2079,.T.);
#2077 = VERTEX_POINT('',#2078);
#2078 = CARTESIAN_POINT('',(1.444479942322,2.161819934845,15.));
#2079 = LINE('',#2080,#2081);
#2080 = CARTESIAN_POINT('',(0.994975984097,2.402090072632,8.604550361633
    ));
#2081 = VECTOR('',#2082,1.);
#2082 = DIRECTION('',(7.006281933731E-02,-3.745017801929E-02,
    0.996839347896));
#2083 = ORIENTED_EDGE('',*,*,#2084,.F.);
#2084 = EDGE_CURVE('',#2001,#2077,#2085,.T.);
#2085 = LINE('',#2086,#2087);
#2086 = CARTESIAN_POINT('',(0.994975984097,2.402090072632,15.));
#2087 = VECTOR('',#2088,1.);
#2088 = DIRECTION('',(0.881916968656,-0.471404773413,0.));
#2089 = ORIENTED_EDGE('',*,*,#2062,.F.);
#2090 = PLANE('',#2091);
#2091 = AXIS2_PLACEMENT_3D('',#2092,#2093,#2094);
#2092 = CARTESIAN_POINT('',(1.111822825861,2.339632765511,
    11.924628124668));
#2093 = DIRECTION('',(-0.471404773413,-0.881916968656,-0.));
#2094 = DIRECTION('',(-0.881916968656,0.471404773413,0.));
#2095 = ADVANCED_FACE('',(#2096),#2113,.T.);
#2096 = FACE_BOUND('',#2097,.T.);
#2097 = EDGE_LOOP('',(#2098,#2106,#2107));
#2098 = ORIENTED_EDGE('',*,*,#2099,.T.);
#2099 = EDGE_CURVE('',#2100,#2077,#2102,.T.);
#2100 = VERTEX_POINT('',#2101);
#2101 = CARTESIAN_POINT('',(1.060660004616,2.366980075836,8.560660362244
    ));
#2102 = LINE('',#2103,#2104);
#2103 = CARTESIAN_POINT('',(1.060660004616,2.366980075836,8.560660362244
    ));
#2104 = VECTOR('',#2105,1.);
#2105 = DIRECTION('',(5.946980986768E-02,-3.178791245211E-02,
    0.997723844727));
#2106 = ORIENTED_EDGE('',*,*,#2076,.F.);
#2107 = ORIENTED_EDGE('',*,*,#2108,.T.);
#2108 = EDGE_CURVE('',#2055,#2100,#2109,.T.);
#2109 = LINE('',#2110,#2111);
#2110 = CARTESIAN_POINT('',(0.994975984097,2.402090072632,8.604550361633
    ));
#2111 = VECTOR('',#2112,1.);
#2112 = DIRECTION('',(0.759800565759,-0.406135239869,-0.507698007884));
#2113 = PLANE('',#2114);
#2114 = AXIS2_PLACEMENT_3D('',#2115,#2116,#2117);
#2115 = CARTESIAN_POINT('',(1.234807445668,2.273894578133,
    11.769860522131));
#2116 = DIRECTION('',(-0.471408631633,-0.881914906338,3.486539107913E-07
    ));
#2117 = DIRECTION('',(-0.881914906338,0.471408631633,9.642927043834E-24)
  );
#2118 = ADVANCED_FACE('',(#2119),#2136,.T.);
#2119 = FACE_BOUND('',#2120,.T.);
#2120 = EDGE_LOOP('',(#2121,#2129,#2130));
#2121 = ORIENTED_EDGE('',*,*,#2122,.T.);
#2122 = EDGE_CURVE('',#2123,#2077,#2125,.T.);
#2123 = VERTEX_POINT('',#2124);
#2124 = CARTESIAN_POINT('',(1.385820031166,2.193180084229,8.074020385742
    ));
#2125 = LINE('',#2126,#2127);
#2126 = CARTESIAN_POINT('',(1.385820031166,2.193180084229,8.074020385742
    ));
#2127 = VECTOR('',#2128,1.);
#2128 = DIRECTION('',(8.469156618685E-03,-4.527692106618E-03,
    0.999953885632));
#2129 = ORIENTED_EDGE('',*,*,#2099,.F.);
#2130 = ORIENTED_EDGE('',*,*,#2131,.T.);
#2131 = EDGE_CURVE('',#2100,#2123,#2132,.T.);
#2132 = LINE('',#2133,#2134);
#2133 = CARTESIAN_POINT('',(1.060660004616,2.366980075836,8.560660362244
    ));
#2134 = VECTOR('',#2135,1.);
#2135 = DIRECTION('',(0.532581437001,-0.284667984141,-0.797070355594));
#2136 = PLANE('',#2137);
#2137 = AXIS2_PLACEMENT_3D('',#2138,#2139,#2140);
#2138 = CARTESIAN_POINT('',(1.331776713949,2.222063658264,11.50875395969
    ));
#2139 = DIRECTION('',(-0.471394116466,-0.881922664955,
    -7.637225071118E-07));
#2140 = DIRECTION('',(-0.881922664955,0.471394116466,-1.020735594043E-23
    ));
#2141 = ADVANCED_FACE('',(#2142),#2159,.T.);
#2142 = FACE_BOUND('',#2143,.T.);
#2143 = EDGE_LOOP('',(#2144,#2145,#2153));
#2144 = ORIENTED_EDGE('',*,*,#2122,.F.);
#2145 = ORIENTED_EDGE('',*,*,#2146,.T.);
#2146 = EDGE_CURVE('',#2123,#2147,#2149,.T.);
#2147 = VERTEX_POINT('',#2148);
#2148 = CARTESIAN_POINT('',(1.444479942322,2.161819934845,7.779109954834
    ));
#2149 = LINE('',#2150,#2151);
#2150 = CARTESIAN_POINT('',(1.385820031166,2.193180084229,8.074020385742
    ));
#2151 = VECTOR('',#2152,1.);
#2152 = DIRECTION('',(0.194033342745,-0.103732080291,-0.975495113992));
#2153 = ORIENTED_EDGE('',*,*,#2154,.F.);
#2154 = EDGE_CURVE('',#2077,#2147,#2155,.T.);
#2155 = LINE('',#2156,#2157);
#2156 = CARTESIAN_POINT('',(1.444479942322,2.161819934845,15.));
#2157 = VECTOR('',#2158,1.);
#2158 = DIRECTION('',(0.,0.,-1.));
#2159 = PLANE('',#2160);
#2160 = AXIS2_PLACEMENT_3D('',#2161,#2162,#2163);
#2161 = CARTESIAN_POINT('',(1.429807121611,2.169664165092,11.38778275647
    ));
#2162 = DIRECTION('',(-0.471464247253,-0.881885175951,-0.));
#2163 = DIRECTION('',(-0.881885175951,0.471464247253,0.));
#2164 = ADVANCED_FACE('',(#2165),#2191,.T.);
#2165 = FACE_BOUND('',#2166,.T.);
#2166 = EDGE_LOOP('',(#2167,#2177,#2185));
#2167 = ORIENTED_EDGE('',*,*,#2168,.T.);
#2168 = EDGE_CURVE('',#2169,#2171,#2173,.T.);
#2169 = VERTEX_POINT('',#2170);
#2170 = CARTESIAN_POINT('',(0.994975984097,2.402090072632,0.));
#2171 = VERTEX_POINT('',#2172);
#2172 = CARTESIAN_POINT('',(0.507234990597,2.550040006638,6.100900173187
    ));
#2173 = LINE('',#2174,#2175);
#2174 = CARTESIAN_POINT('',(0.994975984097,2.402090072632,0.));
#2175 = VECTOR('',#2176,1.);
#2176 = DIRECTION('',(-7.966820729268E-02,2.41663222251E-02,
    0.996528457003));
#2177 = ORIENTED_EDGE('',*,*,#2178,.T.);
#2178 = EDGE_CURVE('',#2171,#2179,#2181,.T.);
#2179 = VERTEX_POINT('',#2180);
#2180 = CARTESIAN_POINT('',(0.507234990597,2.550040006638,0.));
#2181 = LINE('',#2182,#2183);
#2182 = CARTESIAN_POINT('',(0.507234990597,2.550040006638,6.100900173187
    ));
#2183 = VECTOR('',#2184,1.);
#2184 = DIRECTION('',(0.,0.,-1.));
#2185 = ORIENTED_EDGE('',*,*,#2186,.F.);
#2186 = EDGE_CURVE('',#2169,#2179,#2187,.T.);
#2187 = LINE('',#2188,#2189);
#2188 = CARTESIAN_POINT('',(0.994975984097,2.402090072632,0.));
#2189 = VECTOR('',#2190,1.);
#2190 = DIRECTION('',(-0.956942885713,0.290276270962,0.));
#2191 = PLANE('',#2192);
#2192 = AXIS2_PLACEMENT_3D('',#2193,#2194,#2195);
#2193 = CARTESIAN_POINT('',(0.634254792095,2.511510189584,2.928341759131
    ));
#2194 = DIRECTION('',(-0.290276270962,-0.956942885713,-0.));
#2195 = DIRECTION('',(-0.956942885713,0.290276270962,0.));
#2196 = ADVANCED_FACE('',(#2197),#2212,.T.);
#2197 = FACE_BOUND('',#2198,.T.);
#2198 = EDGE_LOOP('',(#2199,#2200,#2206));
#2199 = ORIENTED_EDGE('',*,*,#2168,.F.);
#2200 = ORIENTED_EDGE('',*,*,#2201,.T.);
#2201 = EDGE_CURVE('',#2169,#1463,#2202,.T.);
#2202 = LINE('',#2203,#2204);
#2203 = CARTESIAN_POINT('',(0.994975984097,2.402090072632,0.));
#2204 = VECTOR('',#2205,1.);
#2205 = DIRECTION('',(-6.867097286796E-02,2.083037070894E-02,
    0.997421873202));
#2206 = ORIENTED_EDGE('',*,*,#2207,.T.);
#2207 = EDGE_CURVE('',#1463,#2171,#2208,.T.);
#2208 = LINE('',#2209,#2210);
#2209 = CARTESIAN_POINT('',(0.574024021626,2.529779911041,6.114180088043
    ));
#2210 = VECTOR('',#2211,1.);
#2211 = DIRECTION('',(-0.940075163608,0.285166776476,-0.186918689171));
#2212 = PLANE('',#2213);
#2213 = AXIS2_PLACEMENT_3D('',#2214,#2215,#2216);
#2214 = CARTESIAN_POINT('',(0.766503639971,2.471394081699,3.071377983122
    ));
#2215 = DIRECTION('',(-0.290282796131,-0.956940906363,
    -5.696597098931E-07));
#2216 = DIRECTION('',(-0.956940906363,0.290282796131,-6.886640788237E-25
    ));
#2217 = ADVANCED_FACE('',(#2218),#2228,.T.);
#2218 = FACE_BOUND('',#2219,.T.);
#2219 = EDGE_LOOP('',(#2220,#2221,#2227));
#2220 = ORIENTED_EDGE('',*,*,#2201,.F.);
#2221 = ORIENTED_EDGE('',*,*,#2222,.T.);
#2222 = EDGE_CURVE('',#2169,#1494,#2223,.T.);
#2223 = LINE('',#2224,#2225);
#2224 = CARTESIAN_POINT('',(0.994975984097,2.402090072632,0.));
#2225 = VECTOR('',#2226,1.);
#2226 = DIRECTION('',(0.,0.,1.));
#2227 = ORIENTED_EDGE('',*,*,#1493,.T.);
#2228 = PLANE('',#2229);
#2229 = AXIS2_PLACEMENT_3D('',#2230,#2231,#2232);
#2230 = CARTESIAN_POINT('',(0.88766782746,2.434640487887,3.253988684614)
  );
#2231 = DIRECTION('',(-0.290275219206,-0.956943204749,-0.));
#2232 = DIRECTION('',(-0.956943204749,0.290275219206,0.));
#2233 = ADVANCED_FACE('',(#2234),#2251,.T.);
#2234 = FACE_BOUND('',#2235,.T.);
#2235 = EDGE_LOOP('',(#2236,#2244,#2245));
#2236 = ORIENTED_EDGE('',*,*,#2237,.T.);
#2237 = EDGE_CURVE('',#2238,#1494,#2240,.T.);
#2238 = VERTEX_POINT('',#2239);
#2239 = CARTESIAN_POINT('',(1.444479942322,2.161819934845,0.));
#2240 = LINE('',#2241,#2242);
#2241 = CARTESIAN_POINT('',(1.444479942322,2.161819934845,0.));
#2242 = VECTOR('',#2243,1.);
#2243 = DIRECTION('',(-7.006281414648E-02,3.745017524467E-02,
    0.996839348365));
#2244 = ORIENTED_EDGE('',*,*,#2222,.F.);
#2245 = ORIENTED_EDGE('',*,*,#2246,.F.);
#2246 = EDGE_CURVE('',#2238,#2169,#2247,.T.);
#2247 = LINE('',#2248,#2249);
#2248 = CARTESIAN_POINT('',(1.444479942322,2.161819934845,0.));
#2249 = VECTOR('',#2250,1.);
#2250 = DIRECTION('',(-0.881916968656,0.471404773413,0.));
#2251 = PLANE('',#2252);
#2252 = AXIS2_PLACEMENT_3D('',#2253,#2254,#2255);
#2253 = CARTESIAN_POINT('',(1.111822825529,2.339632765689,3.075372113373
    ));
#2254 = DIRECTION('',(-0.471404773413,-0.881916968656,-0.));
#2255 = DIRECTION('',(-0.881916968656,0.471404773413,0.));
#2256 = ADVANCED_FACE('',(#2257),#2274,.T.);
#2257 = FACE_BOUND('',#2258,.T.);
#2258 = EDGE_LOOP('',(#2259,#2260,#2268));
#2259 = ORIENTED_EDGE('',*,*,#2237,.F.);
#2260 = ORIENTED_EDGE('',*,*,#2261,.T.);
#2261 = EDGE_CURVE('',#2238,#2262,#2264,.T.);
#2262 = VERTEX_POINT('',#2263);
#2263 = CARTESIAN_POINT('',(1.060660004616,2.366980075836,6.439340114594
    ));
#2264 = LINE('',#2265,#2266);
#2265 = CARTESIAN_POINT('',(1.444479942322,2.161819934845,0.));
#2266 = VECTOR('',#2267,1.);
#2267 = DIRECTION('',(-5.946980548393E-02,3.17879101089E-02,
    0.997723845063));
#2268 = ORIENTED_EDGE('',*,*,#2269,.T.);
#2269 = EDGE_CURVE('',#2262,#1494,#2270,.T.);
#2270 = LINE('',#2271,#2272);
#2271 = CARTESIAN_POINT('',(1.060660004616,2.366980075836,6.439340114594
    ));
#2272 = VECTOR('',#2273,1.);
#2273 = DIRECTION('',(-0.759800565759,0.406135239869,-0.507698007884));
#2274 = PLANE('',#2275);
#2275 = AXIS2_PLACEMENT_3D('',#2276,#2277,#2278);
#2276 = CARTESIAN_POINT('',(1.234807445767,2.27389457808,3.230139716304)
  );
#2277 = DIRECTION('',(-0.471408631633,-0.881914906338,
    -3.486538873717E-07));
#2278 = DIRECTION('',(-0.881914906338,0.471408631633,-3.280394935072E-23
    ));
#2279 = ADVANCED_FACE('',(#2280),#2297,.T.);
#2280 = FACE_BOUND('',#2281,.T.);
#2281 = EDGE_LOOP('',(#2282,#2283,#2291));
#2282 = ORIENTED_EDGE('',*,*,#2261,.F.);
#2283 = ORIENTED_EDGE('',*,*,#2284,.T.);
#2284 = EDGE_CURVE('',#2238,#2285,#2287,.T.);
#2285 = VERTEX_POINT('',#2286);
#2286 = CARTESIAN_POINT('',(1.385820031166,2.193180084229,6.925970077515
    ));
#2287 = LINE('',#2288,#2289);
#2288 = CARTESIAN_POINT('',(1.444479942322,2.161819934845,0.));
#2289 = VECTOR('',#2290,1.);
#2290 = DIRECTION('',(-8.469168279249E-03,4.527698340467E-03,
    0.999953885505));
#2291 = ORIENTED_EDGE('',*,*,#2292,.T.);
#2292 = EDGE_CURVE('',#2285,#2262,#2293,.T.);
#2293 = LINE('',#2294,#2295);
#2294 = CARTESIAN_POINT('',(1.385820031166,2.193180084229,6.925970077515
    ));
#2295 = VECTOR('',#2296,1.);
#2296 = DIRECTION('',(-0.532588399498,0.284671705637,-0.79706437427));
#2297 = PLANE('',#2298);
#2298 = AXIS2_PLACEMENT_3D('',#2299,#2300,#2301);
#2299 = CARTESIAN_POINT('',(1.331776716346,2.222063656982,3.491241781381
    ));
#2300 = DIRECTION('',(-0.471394116449,-0.881922664964,7.637237422836E-07
    ));
#2301 = DIRECTION('',(-0.881922664964,0.471394116449,-1.605221993983E-24
    ));
#2302 = ADVANCED_FACE('',(#2303),#2320,.T.);
#2303 = FACE_BOUND('',#2304,.T.);
#2304 = EDGE_LOOP('',(#2305,#2306,#2314));
#2305 = ORIENTED_EDGE('',*,*,#2284,.F.);
#2306 = ORIENTED_EDGE('',*,*,#2307,.F.);
#2307 = EDGE_CURVE('',#2308,#2238,#2310,.T.);
#2308 = VERTEX_POINT('',#2309);
#2309 = CARTESIAN_POINT('',(1.444479942322,2.161819934845,7.220890045166
    ));
#2310 = LINE('',#2311,#2312);
#2311 = CARTESIAN_POINT('',(1.444479942322,2.161819934845,7.220890045166
    ));
#2312 = VECTOR('',#2313,1.);
#2313 = DIRECTION('',(0.,0.,-1.));
#2314 = ORIENTED_EDGE('',*,*,#2315,.T.);
#2315 = EDGE_CURVE('',#2308,#2285,#2316,.T.);
#2316 = LINE('',#2317,#2318);
#2317 = CARTESIAN_POINT('',(1.444479942322,2.161819934845,7.220890045166
    ));
#2318 = VECTOR('',#2319,1.);
#2319 = DIRECTION('',(-0.194027372069,0.103728888311,-0.975496641008));
#2320 = PLANE('',#2321);
#2321 = AXIS2_PLACEMENT_3D('',#2322,#2323,#2324);
#2322 = CARTESIAN_POINT('',(1.429807121847,2.169664164966,3.612217184997
    ));
#2323 = DIRECTION('',(-0.471464247253,-0.881885175951,-0.));
#2324 = DIRECTION('',(-0.881885175951,0.471464247253,0.));
#2325 = ADVANCED_FACE('',(#2326),#2343,.T.);
#2326 = FACE_BOUND('',#2327,.T.);
#2327 = EDGE_LOOP('',(#2328,#2336,#2337));
#2328 = ORIENTED_EDGE('',*,*,#2329,.T.);
#2329 = EDGE_CURVE('',#2330,#2308,#2332,.T.);
#2330 = VERTEX_POINT('',#2331);
#2331 = CARTESIAN_POINT('',(1.838479995728,1.838479995728,0.));
#2332 = LINE('',#2333,#2334);
#2333 = CARTESIAN_POINT('',(1.838479995728,1.838479995728,0.));
#2334 = VECTOR('',#2335,1.);
#2335 = DIRECTION('',(-5.442849634502E-02,4.466726981971E-02,0.997518107
    ));
#2336 = ORIENTED_EDGE('',*,*,#2307,.T.);
#2337 = ORIENTED_EDGE('',*,*,#2338,.F.);
#2338 = EDGE_CURVE('',#2330,#2238,#2339,.T.);
#2339 = LINE('',#2340,#2341);
#2340 = CARTESIAN_POINT('',(1.838479995728,1.838479995728,0.));
#2341 = VECTOR('',#2342,1.);
#2342 = DIRECTION('',(-0.773017715812,0.63438443474,0.));
#2343 = PLANE('',#2344);
#2344 = AXIS2_PLACEMENT_3D('',#2345,#2346,#2347);
#2345 = CARTESIAN_POINT('',(1.546451977559,2.07813560186,3.487513827706)
  );
#2346 = DIRECTION('',(-0.63438443474,-0.773017715812,-0.));
#2347 = DIRECTION('',(-0.773017715812,0.63438443474,0.));
#2348 = ADVANCED_FACE('',(#2349),#2366,.T.);
#2349 = FACE_BOUND('',#2350,.T.);
#2350 = EDGE_LOOP('',(#2351,#2352,#2360));
#2351 = ORIENTED_EDGE('',*,*,#2329,.F.);
#2352 = ORIENTED_EDGE('',*,*,#2353,.T.);
#2353 = EDGE_CURVE('',#2330,#2354,#2356,.T.);
#2354 = VERTEX_POINT('',#2355);
#2355 = CARTESIAN_POINT('',(1.5,2.116260051727,7.5));
#2356 = LINE('',#2357,#2358);
#2357 = CARTESIAN_POINT('',(1.838479995728,1.838479995728,0.));
#2358 = VECTOR('',#2359,1.);
#2359 = DIRECTION('',(-4.505394728861E-02,3.697438004848E-02,
    0.998300073652));
#2360 = ORIENTED_EDGE('',*,*,#2361,.T.);
#2361 = EDGE_CURVE('',#2354,#2308,#2362,.T.);
#2362 = LINE('',#2363,#2364);
#2363 = CARTESIAN_POINT('',(1.5,2.116260051727,7.5));
#2364 = VECTOR('',#2365,1.);
#2365 = DIRECTION('',(-0.192642682089,0.158083014436,-0.968451628934));
#2366 = PLANE('',#2367);
#2367 = AXIS2_PLACEMENT_3D('',#2368,#2369,#2370);
#2368 = CARTESIAN_POINT('',(1.652103719286,1.991432308834,3.752015982878
    ));
#2369 = DIRECTION('',(-0.634363626014,-0.773034792223,1.900060075671E-06
    ));
#2370 = DIRECTION('',(-0.773034792224,0.634363626015,-3.390169276563E-23
    ));
#2371 = ADVANCED_FACE('',(#2372),#2389,.T.);
#2372 = FACE_BOUND('',#2373,.T.);
#2373 = EDGE_LOOP('',(#2374,#2375,#2383));
#2374 = ORIENTED_EDGE('',*,*,#2353,.F.);
#2375 = ORIENTED_EDGE('',*,*,#2376,.T.);
#2376 = EDGE_CURVE('',#2330,#2377,#2379,.T.);
#2377 = VERTEX_POINT('',#2378);
#2378 = CARTESIAN_POINT('',(1.838479995728,1.838479995728,15.));
#2379 = LINE('',#2380,#2381);
#2380 = CARTESIAN_POINT('',(1.838479995728,1.838479995728,0.));
#2381 = VECTOR('',#2382,1.);
#2382 = DIRECTION('',(0.,0.,1.));
#2383 = ORIENTED_EDGE('',*,*,#2384,.F.);
#2384 = EDGE_CURVE('',#2354,#2377,#2385,.T.);
#2385 = LINE('',#2386,#2387);
#2386 = CARTESIAN_POINT('',(1.5,2.116260051727,7.5));
#2387 = VECTOR('',#2388,1.);
#2388 = DIRECTION('',(4.505394728861E-02,-3.697438004848E-02,
    0.998300073652));
#2389 = PLANE('',#2390);
#2390 = AXIS2_PLACEMENT_3D('',#2391,#2392,#2393);
#2391 = CARTESIAN_POINT('',(1.753788011728,1.907984085644,7.5));
#2392 = DIRECTION('',(-0.634388784024,-0.77301414651,-0.));
#2393 = DIRECTION('',(-0.77301414651,0.634388784024,0.));
#2394 = ADVANCED_FACE('',(#2395),#2410,.T.);
#2395 = FACE_BOUND('',#2396,.T.);
#2396 = EDGE_LOOP('',(#2397,#2403,#2409));
#2397 = ORIENTED_EDGE('',*,*,#2398,.T.);
#2398 = EDGE_CURVE('',#2147,#2377,#2399,.T.);
#2399 = LINE('',#2400,#2401);
#2400 = CARTESIAN_POINT('',(1.444479942322,2.161819934845,7.779109954834
    ));
#2401 = VECTOR('',#2402,1.);
#2402 = DIRECTION('',(5.442849634502E-02,-4.466726981971E-02,0.997518107
    ));
#2403 = ORIENTED_EDGE('',*,*,#2404,.F.);
#2404 = EDGE_CURVE('',#2077,#2377,#2405,.T.);
#2405 = LINE('',#2406,#2407);
#2406 = CARTESIAN_POINT('',(1.444479942322,2.161819934845,15.));
#2407 = VECTOR('',#2408,1.);
#2408 = DIRECTION('',(0.773017715812,-0.63438443474,0.));
#2409 = ORIENTED_EDGE('',*,*,#2154,.T.);
#2410 = PLANE('',#2411);
#2411 = AXIS2_PLACEMENT_3D('',#2412,#2413,#2414);
#2412 = CARTESIAN_POINT('',(1.546451977559,2.07813560186,11.512486172294
    ));
#2413 = DIRECTION('',(-0.63438443474,-0.773017715812,-0.));
#2414 = DIRECTION('',(-0.773017715812,0.63438443474,0.));
#2415 = ADVANCED_FACE('',(#2416),#2426,.T.);
#2416 = FACE_BOUND('',#2417,.T.);
#2417 = EDGE_LOOP('',(#2418,#2419,#2420));
#2418 = ORIENTED_EDGE('',*,*,#2384,.T.);
#2419 = ORIENTED_EDGE('',*,*,#2398,.F.);
#2420 = ORIENTED_EDGE('',*,*,#2421,.T.);
#2421 = EDGE_CURVE('',#2147,#2354,#2422,.T.);
#2422 = LINE('',#2423,#2424);
#2423 = CARTESIAN_POINT('',(1.444479942322,2.161819934845,7.779109954834
    ));
#2424 = VECTOR('',#2425,1.);
#2425 = DIRECTION('',(0.192642682089,-0.158083014436,-0.968451628934));
#2426 = PLANE('',#2427);
#2427 = AXIS2_PLACEMENT_3D('',#2428,#2429,#2430);
#2428 = CARTESIAN_POINT('',(1.652103719286,1.991432308834,
    11.247984017122));
#2429 = DIRECTION('',(-0.634363626014,-0.773034792223,
    -1.900060075834E-06));
#2430 = DIRECTION('',(-0.773034792224,0.634363626015,1.433675410037E-22)
  );
#2431 = ADVANCED_FACE('',(#2432),#2449,.T.);
#2432 = FACE_BOUND('',#2433,.T.);
#2433 = EDGE_LOOP('',(#2434,#2442,#2443));
#2434 = ORIENTED_EDGE('',*,*,#2435,.T.);
#2435 = EDGE_CURVE('',#2436,#2147,#2438,.T.);
#2436 = VERTEX_POINT('',#2437);
#2437 = CARTESIAN_POINT('',(1.5,9.852259635925,7.5));
#2438 = LINE('',#2439,#2440);
#2439 = CARTESIAN_POINT('',(1.5,9.852259635925,7.5));
#2440 = VECTOR('',#2441,1.);
#2441 = DIRECTION('',(-7.214422942718E-03,-0.999316047916,
    3.626828475874E-02));
#2442 = ORIENTED_EDGE('',*,*,#2146,.F.);
#2443 = ORIENTED_EDGE('',*,*,#2444,.F.);
#2444 = EDGE_CURVE('',#2436,#2123,#2445,.T.);
#2445 = LINE('',#2446,#2447);
#2446 = CARTESIAN_POINT('',(1.5,9.852259635925,7.5));
#2447 = VECTOR('',#2448,1.);
#2448 = DIRECTION('',(-1.486445738616E-02,-0.997093122166,
    7.47285329449E-02));
#2449 = PLANE('',#2450);
#2450 = AXIS2_PLACEMENT_3D('',#2451,#2452,#2453);
#2451 = CARTESIAN_POINT('',(1.456770356888,5.940883269064,7.717327719435
    ));
#2452 = DIRECTION('',(-0.980786176823,3.786513502131E-07,-0.195085815353
    ));
#2453 = DIRECTION('',(0.195085815353,-4.317875059792E-24,-0.980786176824
    ));
#2454 = ADVANCED_FACE('',(#2455),#2481,.T.);
#2455 = FACE_BOUND('',#2456,.T.);
#2456 = EDGE_LOOP('',(#2457,#2467,#2475));
#2457 = ORIENTED_EDGE('',*,*,#2458,.F.);
#2458 = EDGE_CURVE('',#2459,#2461,#2463,.T.);
#2459 = VERTEX_POINT('',#2460);
#2460 = CARTESIAN_POINT('',(-1.452479958534,9.85694026947,4.));
#2461 = VERTEX_POINT('',#2462);
#2462 = CARTESIAN_POINT('',(-1.060660004616,9.895529747009,
    6.439340114594));
#2463 = LINE('',#2464,#2465);
#2464 = CARTESIAN_POINT('',(-1.452479958534,9.85694026947,4.));
#2465 = VECTOR('',#2466,1.);
#2466 = DIRECTION('',(0.158573190675,1.561752156484E-02,0.987223701204)
  );
#2467 = ORIENTED_EDGE('',*,*,#2468,.T.);
#2468 = EDGE_CURVE('',#2459,#2469,#2471,.T.);
#2469 = VERTEX_POINT('',#2470);
#2470 = CARTESIAN_POINT('',(-1.385820031166,9.863510131836,
    6.925970077515));
#2471 = LINE('',#2472,#2473);
#2472 = CARTESIAN_POINT('',(-1.452479958534,9.85694026947,4.));
#2473 = VECTOR('',#2474,1.);
#2474 = DIRECTION('',(2.277619568131E-02,2.244773985644E-03,
    0.999738068646));
#2475 = ORIENTED_EDGE('',*,*,#2476,.T.);
#2476 = EDGE_CURVE('',#2469,#2461,#2477,.T.);
#2477 = LINE('',#2478,#2479);
#2478 = CARTESIAN_POINT('',(-1.385820031166,9.863510131836,
    6.925970077515));
#2479 = VECTOR('',#2480,1.);
#2480 = DIRECTION('',(0.554745700397,5.462769834972E-02,-0.830224681917)
  );
#2481 = PLANE('',#2482);
#2482 = AXIS2_PLACEMENT_3D('',#2483,#2484,#2485);
#2483 = CARTESIAN_POINT('',(-1.332824814315,9.868726211024,
    5.481984912241));
#2484 = DIRECTION('',(-9.800214705863E-02,0.995186203265,
    -1.852506594231E-06));
#2485 = DIRECTION('',(0.995186203266,9.80021470588E-02,
    -3.821695331263E-24));
#2486 = ADVANCED_FACE('',(#2487),#2502,.T.);
#2487 = FACE_BOUND('',#2488,.T.);
#2488 = EDGE_LOOP('',(#2489,#2495,#2496));
#2489 = ORIENTED_EDGE('',*,*,#2490,.T.);
#2490 = EDGE_CURVE('',#520,#2469,#2491,.T.);
#2491 = LINE('',#2492,#2493);
#2492 = CARTESIAN_POINT('',(-1.950899958611,9.807849884033,3.));
#2493 = VECTOR('',#2494,1.);
#2494 = DIRECTION('',(0.142451647342,1.403145573909E-02,0.989702301917)
  );
#2495 = ORIENTED_EDGE('',*,*,#2468,.F.);
#2496 = ORIENTED_EDGE('',*,*,#2497,.T.);
#2497 = EDGE_CURVE('',#2459,#520,#2498,.T.);
#2498 = LINE('',#2499,#2500);
#2499 = CARTESIAN_POINT('',(-1.452479958534,9.85694026947,4.));
#2500 = VECTOR('',#2501,1.);
#2501 = DIRECTION('',(-0.445652047693,-4.38931639755E-02,-0.89412954461)
  );
#2502 = PLANE('',#2503);
#2503 = AXIS2_PLACEMENT_3D('',#2504,#2505,#2506);
#2504 = CARTESIAN_POINT('',(-1.581977207704,9.84418771532,4.941411901835
    ));
#2505 = DIRECTION('',(-9.801462312988E-02,0.99518497459,
    -1.565515885699E-06));
#2506 = DIRECTION('',(0.995184974591,9.801462313E-02,-1.252435597861E-23
    ));
#2507 = ADVANCED_FACE('',(#2508),#2525,.T.);
#2508 = FACE_BOUND('',#2509,.T.);
#2509 = EDGE_LOOP('',(#2510,#2511,#2519));
#2510 = ORIENTED_EDGE('',*,*,#2490,.F.);
#2511 = ORIENTED_EDGE('',*,*,#2512,.T.);
#2512 = EDGE_CURVE('',#520,#2513,#2515,.T.);
#2513 = VERTEX_POINT('',#2514);
#2514 = CARTESIAN_POINT('',(-1.5,9.852259635925,7.5));
#2515 = LINE('',#2516,#2517);
#2516 = CARTESIAN_POINT('',(-1.950899958611,9.807849884033,3.));
#2517 = VECTOR('',#2518,1.);
#2518 = DIRECTION('',(9.969593465888E-02,9.819188576761E-03,
    0.994969499104));
#2519 = ORIENTED_EDGE('',*,*,#2520,.T.);
#2520 = EDGE_CURVE('',#2513,#2469,#2521,.T.);
#2521 = LINE('',#2522,#2523);
#2522 = CARTESIAN_POINT('',(-1.5,9.852259635925,7.5));
#2523 = VECTOR('',#2524,1.);
#2524 = DIRECTION('',(0.195051524424,1.921901363525E-02,-0.980604676888)
  );
#2525 = PLANE('',#2526);
#2526 = AXIS2_PLACEMENT_3D('',#2527,#2528,#2529);
#2527 = CARTESIAN_POINT('',(-1.682269607063,9.834308846355,
    5.251163955981));
#2528 = DIRECTION('',(-9.804439747988E-02,0.995182041696,
    2.761601437773E-06));
#2529 = DIRECTION('',(0.9951820417,9.804439748026E-02,
    -2.218753036872E-24));
#2530 = ADVANCED_FACE('',(#2531),#2541,.T.);
#2531 = FACE_BOUND('',#2532,.T.);
#2532 = EDGE_LOOP('',(#2533,#2534,#2540));
#2533 = ORIENTED_EDGE('',*,*,#2497,.F.);
#2534 = ORIENTED_EDGE('',*,*,#2535,.T.);
#2535 = EDGE_CURVE('',#2459,#528,#2536,.T.);
#2536 = LINE('',#2537,#2538);
#2537 = CARTESIAN_POINT('',(-1.452479958534,9.85694026947,4.));
#2538 = VECTOR('',#2539,1.);
#2539 = DIRECTION('',(0.,0.,-1.));
#2540 = ORIENTED_EDGE('',*,*,#527,.T.);
#2541 = PLANE('',#2542);
#2542 = AXIS2_PLACEMENT_3D('',#2543,#2544,#2545);
#2543 = CARTESIAN_POINT('',(-1.606543959952,9.84176619698,3.404393624962
    ));
#2544 = DIRECTION('',(-9.801773391101E-02,0.995184668209,0.));
#2545 = DIRECTION('',(0.995184668209,9.801773391101E-02,0.));
#2546 = ADVANCED_FACE('',(#2547),#2564,.T.);
#2547 = FACE_BOUND('',#2548,.T.);
#2548 = EDGE_LOOP('',(#2549,#2550,#2558));
#2549 = ORIENTED_EDGE('',*,*,#2512,.F.);
#2550 = ORIENTED_EDGE('',*,*,#2551,.F.);
#2551 = EDGE_CURVE('',#2552,#520,#2554,.T.);
#2552 = VERTEX_POINT('',#2553);
#2553 = CARTESIAN_POINT('',(-1.950899958611,9.807849884033,15.));
#2554 = LINE('',#2555,#2556);
#2555 = CARTESIAN_POINT('',(-1.950899958611,9.807849884033,15.));
#2556 = VECTOR('',#2557,1.);
#2557 = DIRECTION('',(0.,0.,-1.));
#2558 = ORIENTED_EDGE('',*,*,#2559,.F.);
#2559 = EDGE_CURVE('',#2513,#2552,#2560,.T.);
#2560 = LINE('',#2561,#2562);
#2561 = CARTESIAN_POINT('',(-1.5,9.852259635925,7.5));
#2562 = VECTOR('',#2563,1.);
#2563 = DIRECTION('',(-6.001059061609E-02,-5.910524916371E-03,
    0.998180241594));
#2564 = PLANE('',#2565);
#2565 = AXIS2_PLACEMENT_3D('',#2566,#2567,#2568);
#2566 = CARTESIAN_POINT('',(-1.838004145611,9.818969146631,
    8.997730340804));
#2567 = DIRECTION('',(-9.801710140923E-02,0.995184730506,0.));
#2568 = DIRECTION('',(0.995184730506,9.801710140923E-02,0.));
#2569 = ADVANCED_FACE('',(#2570),#2592,.T.);
#2570 = FACE_BOUND('',#2571,.T.);
#2571 = EDGE_LOOP('',(#2572,#2580,#2586));
#2572 = ORIENTED_EDGE('',*,*,#2573,.T.);
#2573 = EDGE_CURVE('',#584,#2574,#2576,.T.);
#2574 = VERTEX_POINT('',#2575);
#2575 = CARTESIAN_POINT('',(1.385820031166,9.863510131836,6.925970077515
    ));
#2576 = LINE('',#2577,#2578);
#2577 = CARTESIAN_POINT('',(1.950899958611,9.807849884033,3.));
#2578 = VECTOR('',#2579,1.);
#2579 = DIRECTION('',(-0.142451647342,1.403145573909E-02,0.989702301917)
  );
#2580 = ORIENTED_EDGE('',*,*,#2581,.T.);
#2581 = EDGE_CURVE('',#2574,#2436,#2582,.T.);
#2582 = LINE('',#2583,#2584);
#2583 = CARTESIAN_POINT('',(1.385820031166,9.863510131836,6.925970077515
    ));
#2584 = VECTOR('',#2585,1.);
#2585 = DIRECTION('',(0.195051524424,-1.921901363525E-02,0.980604676888)
  );
#2586 = ORIENTED_EDGE('',*,*,#2587,.T.);
#2587 = EDGE_CURVE('',#2436,#584,#2588,.T.);
#2588 = LINE('',#2589,#2590);
#2589 = CARTESIAN_POINT('',(1.5,9.852259635925,7.5));
#2590 = VECTOR('',#2591,1.);
#2591 = DIRECTION('',(9.969593465888E-02,-9.819188576761E-03,
    -0.994969499104));
#2592 = PLANE('',#2593);
#2593 = AXIS2_PLACEMENT_3D('',#2594,#2595,#2596);
#2594 = CARTESIAN_POINT('',(1.682269607063,9.834308846355,5.251163955981
    ));
#2595 = DIRECTION('',(9.804439747988E-02,0.995182041696,
    2.761601437812E-06));
#2596 = DIRECTION('',(0.9951820417,-9.804439748026E-02,
    -1.087643944145E-23));
#2597 = ADVANCED_FACE('',(#2598),#2615,.T.);
#2598 = FACE_BOUND('',#2599,.T.);
#2599 = EDGE_LOOP('',(#2600,#2601,#2609));
#2600 = ORIENTED_EDGE('',*,*,#2587,.F.);
#2601 = ORIENTED_EDGE('',*,*,#2602,.F.);
#2602 = EDGE_CURVE('',#2603,#2436,#2605,.T.);
#2603 = VERTEX_POINT('',#2604);
#2604 = CARTESIAN_POINT('',(1.950899958611,9.807849884033,15.));
#2605 = LINE('',#2606,#2607);
#2606 = CARTESIAN_POINT('',(1.950899958611,9.807849884033,15.));
#2607 = VECTOR('',#2608,1.);
#2608 = DIRECTION('',(-6.001059061609E-02,5.910524916371E-03,
    -0.998180241594));
#2609 = ORIENTED_EDGE('',*,*,#2610,.T.);
#2610 = EDGE_CURVE('',#2603,#584,#2611,.T.);
#2611 = LINE('',#2612,#2613);
#2612 = CARTESIAN_POINT('',(1.950899958611,9.807849884033,15.));
#2613 = VECTOR('',#2614,1.);
#2614 = DIRECTION('',(0.,0.,-1.));
#2615 = PLANE('',#2616);
#2616 = AXIS2_PLACEMENT_3D('',#2617,#2618,#2619);
#2617 = CARTESIAN_POINT('',(1.838004145611,9.818969146631,8.997730340804
    ));
#2618 = DIRECTION('',(9.801710140923E-02,0.995184730506,0.));
#2619 = DIRECTION('',(0.995184730506,-9.801710140923E-02,0.));
#2620 = ADVANCED_FACE('',(#2621),#2638,.T.);
#2621 = FACE_BOUND('',#2622,.T.);
#2622 = EDGE_LOOP('',(#2623,#2624,#2632));
#2623 = ORIENTED_EDGE('',*,*,#2602,.T.);
#2624 = ORIENTED_EDGE('',*,*,#2625,.T.);
#2625 = EDGE_CURVE('',#2436,#2626,#2628,.T.);
#2626 = VERTEX_POINT('',#2627);
#2627 = CARTESIAN_POINT('',(1.385820031166,9.863510131836,8.074020385742
    ));
#2628 = LINE('',#2629,#2630);
#2629 = CARTESIAN_POINT('',(1.5,9.852259635925,7.5));
#2630 = VECTOR('',#2631,1.);
#2631 = DIRECTION('',(-0.195054640511,1.921932067272E-02,0.980604051046)
  );
#2632 = ORIENTED_EDGE('',*,*,#2633,.F.);
#2633 = EDGE_CURVE('',#2603,#2626,#2634,.T.);
#2634 = LINE('',#2635,#2636);
#2635 = CARTESIAN_POINT('',(1.950899958611,9.807849884033,15.));
#2636 = VECTOR('',#2637,1.);
#2637 = DIRECTION('',(-8.131563389307E-02,8.009571943554E-03,
    -0.996656216778));
#2638 = PLANE('',#2639);
#2639 = AXIS2_PLACEMENT_3D('',#2640,#2641,#2642);
#2640 = CARTESIAN_POINT('',(1.688095352234,9.833735058562,11.24783036484
    ));
#2641 = DIRECTION('',(9.804862114216E-02,0.995181625578,
    -1.913351376679E-06));
#2642 = DIRECTION('',(0.99518162558,-9.804862114234E-02,
    -4.524679821769E-24));
#2643 = ADVANCED_FACE('',(#2644),#2668,.T.);
#2644 = FACE_BOUND('',#2645,.T.);
#2645 = EDGE_LOOP('',(#2646,#2656,#2662));
#2646 = ORIENTED_EDGE('',*,*,#2647,.T.);
#2647 = EDGE_CURVE('',#2648,#2650,#2652,.T.);
#2648 = VERTEX_POINT('',#2649);
#2649 = CARTESIAN_POINT('',(0.574024021626,9.943460464478,8.885820388794
    ));
#2650 = VERTEX_POINT('',#2651);
#2651 = CARTESIAN_POINT('',(0.,10.,15.));
#2652 = LINE('',#2653,#2654);
#2653 = CARTESIAN_POINT('',(0.574024021626,9.943460464478,8.885820388794
    ));
#2654 = VECTOR('',#2655,1.);
#2655 = DIRECTION('',(-9.346905928315E-02,9.206404259225E-03,
    0.995579618653));
#2656 = ORIENTED_EDGE('',*,*,#2657,.T.);
#2657 = EDGE_CURVE('',#2650,#2603,#2658,.T.);
#2658 = LINE('',#2659,#2660);
#2659 = CARTESIAN_POINT('',(0.,10.,15.));
#2660 = VECTOR('',#2661,1.);
#2661 = DIRECTION('',(0.995184565389,-9.801877784861E-02,0.));
#2662 = ORIENTED_EDGE('',*,*,#2663,.T.);
#2663 = EDGE_CURVE('',#2603,#2648,#2664,.T.);
#2664 = LINE('',#2665,#2666);
#2665 = CARTESIAN_POINT('',(1.950899958611,9.807849884033,15.));
#2666 = VECTOR('',#2667,1.);
#2667 = DIRECTION('',(-0.219640825685,2.163275503649E-02,-0.975340930958
    ));
#2668 = PLANE('',#2669);
#2669 = AXIS2_PLACEMENT_3D('',#2670,#2671,#2672);
#2670 = CARTESIAN_POINT('',(0.806442305103,9.920570097296,
    12.359942658917));
#2671 = DIRECTION('',(9.801877784861E-02,0.995184565389,
    -3.500111034248E-07));
#2672 = DIRECTION('',(0.995184565389,-9.801877784861E-02,
    -4.829088934632E-24));
#2673 = ADVANCED_FACE('',(#2674),#2691,.T.);
#2674 = FACE_BOUND('',#2675,.T.);
#2675 = EDGE_LOOP('',(#2676,#2677,#2685));
#2676 = ORIENTED_EDGE('',*,*,#2647,.F.);
#2677 = ORIENTED_EDGE('',*,*,#2678,.T.);
#2678 = EDGE_CURVE('',#2648,#2679,#2681,.T.);
#2679 = VERTEX_POINT('',#2680);
#2680 = CARTESIAN_POINT('',(0.,10.,9.));
#2681 = LINE('',#2682,#2683);
#2682 = CARTESIAN_POINT('',(0.574024021626,9.943460464478,8.885820388794
    ));
#2683 = VECTOR('',#2684,1.);
#2684 = DIRECTION('',(-0.976240816484,9.615660711506E-02,0.19418489936)
  );
#2685 = ORIENTED_EDGE('',*,*,#2686,.T.);
#2686 = EDGE_CURVE('',#2679,#2650,#2687,.T.);
#2687 = LINE('',#2688,#2689);
#2688 = CARTESIAN_POINT('',(0.,10.,9.));
#2689 = VECTOR('',#2690,1.);
#2690 = DIRECTION('',(0.,0.,1.));
#2691 = PLANE('',#2692);
#2692 = AXIS2_PLACEMENT_3D('',#2693,#2694,#2695);
#2693 = CARTESIAN_POINT('',(0.151728119547,9.985055264098,
    11.831243277162));
#2694 = DIRECTION('',(9.802247014855E-02,0.995184201716,0.));
#2695 = DIRECTION('',(0.995184201716,-9.802247014855E-02,0.));
#2696 = ADVANCED_FACE('',(#2697),#2714,.T.);
#2697 = FACE_BOUND('',#2698,.T.);
#2698 = EDGE_LOOP('',(#2699,#2707,#2713));
#2699 = ORIENTED_EDGE('',*,*,#2700,.T.);
#2700 = EDGE_CURVE('',#2603,#2701,#2703,.T.);
#2701 = VERTEX_POINT('',#2702);
#2702 = CARTESIAN_POINT('',(1.060660004616,9.895529747009,8.560660362244
    ));
#2703 = LINE('',#2704,#2705);
#2704 = CARTESIAN_POINT('',(1.950899958611,9.807849884033,15.));
#2705 = VECTOR('',#2706,1.);
#2706 = DIRECTION('',(-0.136935184938,1.348676634659E-02,-0.990488193902
    ));
#2707 = ORIENTED_EDGE('',*,*,#2708,.T.);
#2708 = EDGE_CURVE('',#2701,#2648,#2709,.T.);
#2709 = LINE('',#2710,#2711);
#2710 = CARTESIAN_POINT('',(1.060660004616,9.895529747009,8.560660362244
    ));
#2711 = VECTOR('',#2712,1.);
#2712 = DIRECTION('',(-0.828695127683,8.162148591692E-02,0.553716821481)
  );
#2713 = ORIENTED_EDGE('',*,*,#2663,.F.);
#2714 = PLANE('',#2715);
#2715 = AXIS2_PLACEMENT_3D('',#2716,#2717,#2718);
#2716 = CARTESIAN_POINT('',(1.361320122698,9.865918167637,
    11.722230714844));
#2717 = DIRECTION('',(9.801936535633E-02,0.995184507524,
    -4.835977003373E-07));
#2718 = DIRECTION('',(0.995184507524,-9.801936535635E-02,
    -3.938673264723E-24));
#2719 = ADVANCED_FACE('',(#2720),#2730,.T.);
#2720 = FACE_BOUND('',#2721,.T.);
#2721 = EDGE_LOOP('',(#2722,#2723,#2729));
#2722 = ORIENTED_EDGE('',*,*,#2633,.T.);
#2723 = ORIENTED_EDGE('',*,*,#2724,.T.);
#2724 = EDGE_CURVE('',#2626,#2701,#2725,.T.);
#2725 = LINE('',#2726,#2727);
#2726 = CARTESIAN_POINT('',(1.385820031166,9.863510131836,8.074020385742
    ));
#2727 = VECTOR('',#2728,1.);
#2728 = DIRECTION('',(-0.554737832277,5.462692354911E-02,0.830229990222)
  );
#2729 = ORIENTED_EDGE('',*,*,#2700,.F.);
#2730 = PLANE('',#2731);
#2731 = AXIS2_PLACEMENT_3D('',#2732,#2733,#2734);
#2732 = CARTESIAN_POINT('',(1.574471577153,9.844925831338,
    11.515256576931));
#2733 = DIRECTION('',(9.800222990417E-02,0.995186195106,
    1.908360487794E-06));
#2734 = DIRECTION('',(0.995186195108,-9.800222990435E-02,
    -8.890965116784E-25));
#2735 = ADVANCED_FACE('',(#2736),#2753,.T.);
#2736 = FACE_BOUND('',#2737,.T.);
#2737 = EDGE_LOOP('',(#2738,#2739,#2747));
#2738 = ORIENTED_EDGE('',*,*,#2573,.F.);
#2739 = ORIENTED_EDGE('',*,*,#2740,.T.);
#2740 = EDGE_CURVE('',#584,#2741,#2743,.T.);
#2741 = VERTEX_POINT('',#2742);
#2742 = CARTESIAN_POINT('',(1.452479958534,9.85694026947,4.));
#2743 = LINE('',#2744,#2745);
#2744 = CARTESIAN_POINT('',(1.950899958611,9.807849884033,3.));
#2745 = VECTOR('',#2746,1.);
#2746 = DIRECTION('',(-0.445652047693,4.38931639755E-02,0.89412954461));
#2747 = ORIENTED_EDGE('',*,*,#2748,.F.);
#2748 = EDGE_CURVE('',#2574,#2741,#2749,.T.);
#2749 = LINE('',#2750,#2751);
#2750 = CARTESIAN_POINT('',(1.385820031166,9.863510131836,6.925970077515
    ));
#2751 = VECTOR('',#2752,1.);
#2752 = DIRECTION('',(2.277619568131E-02,-2.244773985644E-03,
    -0.999738068646));
#2753 = PLANE('',#2754);
#2754 = AXIS2_PLACEMENT_3D('',#2755,#2756,#2757);
#2755 = CARTESIAN_POINT('',(1.581977207704,9.84418771532,4.941411901835)
  );
#2756 = DIRECTION('',(9.801462312988E-02,0.99518497459,
    -1.565515885688E-06));
#2757 = DIRECTION('',(0.995184974591,-9.801462313E-02,-6.69931337674E-25
    ));
#2758 = ADVANCED_FACE('',(#2759),#2774,.T.);
#2759 = FACE_BOUND('',#2760,.T.);
#2760 = EDGE_LOOP('',(#2761,#2762,#2768));
#2761 = ORIENTED_EDGE('',*,*,#2748,.T.);
#2762 = ORIENTED_EDGE('',*,*,#2763,.F.);
#2763 = EDGE_CURVE('',#1465,#2741,#2764,.T.);
#2764 = LINE('',#2765,#2766);
#2765 = CARTESIAN_POINT('',(1.060660004616,9.895529747009,6.439340114594
    ));
#2766 = VECTOR('',#2767,1.);
#2767 = DIRECTION('',(0.158573190675,-1.561752156484E-02,-0.987223701204
    ));
#2768 = ORIENTED_EDGE('',*,*,#2769,.T.);
#2769 = EDGE_CURVE('',#1465,#2574,#2770,.T.);
#2770 = LINE('',#2771,#2772);
#2771 = CARTESIAN_POINT('',(1.060660004616,9.895529747009,6.439340114594
    ));
#2772 = VECTOR('',#2773,1.);
#2773 = DIRECTION('',(0.554745700397,-5.462769834972E-02,0.830224681917)
  );
#2774 = PLANE('',#2775);
#2775 = AXIS2_PLACEMENT_3D('',#2776,#2777,#2778);
#2776 = CARTESIAN_POINT('',(1.332824814315,9.868726211024,5.481984912241
    ));
#2777 = DIRECTION('',(9.800214705863E-02,0.995186203265,
    -1.852506594233E-06));
#2778 = DIRECTION('',(0.995186203266,-9.80021470588E-02,
    -3.060759112514E-24));
#2779 = ADVANCED_FACE('',(#2780),#2790,.T.);
#2780 = FACE_BOUND('',#2781,.T.);
#2781 = EDGE_LOOP('',(#2782,#2783,#2784));
#2782 = ORIENTED_EDGE('',*,*,#2740,.F.);
#2783 = ORIENTED_EDGE('',*,*,#583,.T.);
#2784 = ORIENTED_EDGE('',*,*,#2785,.T.);
#2785 = EDGE_CURVE('',#576,#2741,#2786,.T.);
#2786 = LINE('',#2787,#2788);
#2787 = CARTESIAN_POINT('',(1.452479958534,9.85694026947,3.));
#2788 = VECTOR('',#2789,1.);
#2789 = DIRECTION('',(0.,0.,1.));
#2790 = PLANE('',#2791);
#2791 = AXIS2_PLACEMENT_3D('',#2792,#2793,#2794);
#2792 = CARTESIAN_POINT('',(1.606543959952,9.84176619698,3.404393624962)
  );
#2793 = DIRECTION('',(9.801773391101E-02,0.995184668209,0.));
#2794 = DIRECTION('',(0.995184668209,-9.801773391101E-02,0.));
#2795 = ADVANCED_FACE('',(#2796),#2811,.T.);
#2796 = FACE_BOUND('',#2797,.T.);
#2797 = EDGE_LOOP('',(#2798,#2804,#2805));
#2798 = ORIENTED_EDGE('',*,*,#2799,.T.);
#2799 = EDGE_CURVE('',#1284,#2650,#2800,.T.);
#2800 = LINE('',#2801,#2802);
#2801 = CARTESIAN_POINT('',(-0.574024021626,9.943460464478,
    8.885820388794));
#2802 = VECTOR('',#2803,1.);
#2803 = DIRECTION('',(9.346905928315E-02,9.206404259225E-03,
    0.995579618653));
#2804 = ORIENTED_EDGE('',*,*,#2686,.F.);
#2805 = ORIENTED_EDGE('',*,*,#2806,.T.);
#2806 = EDGE_CURVE('',#2679,#1284,#2807,.T.);
#2807 = LINE('',#2808,#2809);
#2808 = CARTESIAN_POINT('',(0.,10.,9.));
#2809 = VECTOR('',#2810,1.);
#2810 = DIRECTION('',(-0.976240816484,-9.615660711506E-02,-0.19418489936
    ));
#2811 = PLANE('',#2812);
#2812 = AXIS2_PLACEMENT_3D('',#2813,#2814,#2815);
#2813 = CARTESIAN_POINT('',(-0.151728119547,9.985055264098,
    11.831243277162));
#2814 = DIRECTION('',(-9.802247014855E-02,0.995184201716,0.));
#2815 = DIRECTION('',(0.995184201716,9.802247014855E-02,0.));
#2816 = ADVANCED_FACE('',(#2817),#2832,.T.);
#2817 = FACE_BOUND('',#2818,.T.);
#2818 = EDGE_LOOP('',(#2819,#2820,#2826));
#2819 = ORIENTED_EDGE('',*,*,#2799,.F.);
#2820 = ORIENTED_EDGE('',*,*,#2821,.T.);
#2821 = EDGE_CURVE('',#1284,#2552,#2822,.T.);
#2822 = LINE('',#2823,#2824);
#2823 = CARTESIAN_POINT('',(-0.574024021626,9.943460464478,
    8.885820388794));
#2824 = VECTOR('',#2825,1.);
#2825 = DIRECTION('',(-0.219640825685,-2.163275503649E-02,0.975340930958
    ));
#2826 = ORIENTED_EDGE('',*,*,#2827,.F.);
#2827 = EDGE_CURVE('',#2650,#2552,#2828,.T.);
#2828 = LINE('',#2829,#2830);
#2829 = CARTESIAN_POINT('',(0.,10.,15.));
#2830 = VECTOR('',#2831,1.);
#2831 = DIRECTION('',(-0.995184565389,-9.801877784861E-02,0.));
#2832 = PLANE('',#2833);
#2833 = AXIS2_PLACEMENT_3D('',#2834,#2835,#2836);
#2834 = CARTESIAN_POINT('',(-0.806442305103,9.920570097296,
    12.359942658917));
#2835 = DIRECTION('',(-9.801877784861E-02,0.995184565389,
    -3.500111034223E-07));
#2836 = DIRECTION('',(0.995184565389,9.801877784861E-02,
    -3.873613199566E-25));
#2837 = ADVANCED_FACE('',(#2838),#2848,.T.);
#2838 = FACE_BOUND('',#2839,.T.);
#2839 = EDGE_LOOP('',(#2840,#2846,#2847));
#2840 = ORIENTED_EDGE('',*,*,#2841,.T.);
#2841 = EDGE_CURVE('',#1944,#2552,#2842,.T.);
#2842 = LINE('',#2843,#2844);
#2843 = CARTESIAN_POINT('',(-1.060660004616,9.895529747009,
    8.560660362244));
#2844 = VECTOR('',#2845,1.);
#2845 = DIRECTION('',(-0.136935184938,-1.348676634659E-02,0.990488193902
    ));
#2846 = ORIENTED_EDGE('',*,*,#2821,.F.);
#2847 = ORIENTED_EDGE('',*,*,#1983,.T.);
#2848 = PLANE('',#2849);
#2849 = AXIS2_PLACEMENT_3D('',#2850,#2851,#2852);
#2850 = CARTESIAN_POINT('',(-1.361320122698,9.865918167637,
    11.722230714844));
#2851 = DIRECTION('',(-9.801936535633E-02,0.995184507524,
    -4.835977003208E-07));
#2852 = DIRECTION('',(0.995184507524,9.801936535635E-02,
    -2.032336339423E-25));
#2853 = ADVANCED_FACE('',(#2854),#2871,.T.);
#2854 = FACE_BOUND('',#2855,.T.);
#2855 = EDGE_LOOP('',(#2856,#2864,#2865));
#2856 = ORIENTED_EDGE('',*,*,#2857,.T.);
#2857 = EDGE_CURVE('',#2858,#2552,#2860,.T.);
#2858 = VERTEX_POINT('',#2859);
#2859 = CARTESIAN_POINT('',(-1.385820031166,9.863510131836,
    8.074020385742));
#2860 = LINE('',#2861,#2862);
#2861 = CARTESIAN_POINT('',(-1.385820031166,9.863510131836,
    8.074020385742));
#2862 = VECTOR('',#2863,1.);
#2863 = DIRECTION('',(-8.131563389307E-02,-8.009571943554E-03,
    0.996656216778));
#2864 = ORIENTED_EDGE('',*,*,#2841,.F.);
#2865 = ORIENTED_EDGE('',*,*,#2866,.T.);
#2866 = EDGE_CURVE('',#1944,#2858,#2867,.T.);
#2867 = LINE('',#2868,#2869);
#2868 = CARTESIAN_POINT('',(-1.060660004616,9.895529747009,
    8.560660362244));
#2869 = VECTOR('',#2870,1.);
#2870 = DIRECTION('',(-0.554737832277,-5.462692354911E-02,
    -0.830229990222));
#2871 = PLANE('',#2872);
#2872 = AXIS2_PLACEMENT_3D('',#2873,#2874,#2875);
#2873 = CARTESIAN_POINT('',(-1.574471577153,9.844925831338,
    11.515256576931));
#2874 = DIRECTION('',(-9.800222990417E-02,0.995186195106,
    1.908360487808E-06));
#2875 = DIRECTION('',(0.995186195108,9.800222990435E-02,
    2.174385982536E-23));
#2876 = ADVANCED_FACE('',(#2877),#2887,.T.);
#2877 = FACE_BOUND('',#2878,.T.);
#2878 = EDGE_LOOP('',(#2879,#2880,#2881));
#2879 = ORIENTED_EDGE('',*,*,#2559,.T.);
#2880 = ORIENTED_EDGE('',*,*,#2857,.F.);
#2881 = ORIENTED_EDGE('',*,*,#2882,.T.);
#2882 = EDGE_CURVE('',#2858,#2513,#2883,.T.);
#2883 = LINE('',#2884,#2885);
#2884 = CARTESIAN_POINT('',(-1.385820031166,9.863510131836,
    8.074020385742));
#2885 = VECTOR('',#2886,1.);
#2886 = DIRECTION('',(-0.195054640511,-1.921932067272E-02,
    -0.980604051046));
#2887 = PLANE('',#2888);
#2888 = AXIS2_PLACEMENT_3D('',#2889,#2890,#2891);
#2889 = CARTESIAN_POINT('',(-1.688095352234,9.833735058562,
    11.24783036484));
#2890 = DIRECTION('',(-9.804862114216E-02,0.995181625578,
    -1.913351376639E-06));
#2891 = DIRECTION('',(0.99518162558,9.804862114234E-02,
    -3.937248489694E-23));
#2892 = ADVANCED_FACE('',(#2893),#2903,.T.);
#2893 = FACE_BOUND('',#2894,.T.);
#2894 = EDGE_LOOP('',(#2895,#2896,#2902));
#2895 = ORIENTED_EDGE('',*,*,#2444,.T.);
#2896 = ORIENTED_EDGE('',*,*,#2897,.T.);
#2897 = EDGE_CURVE('',#2123,#2626,#2898,.T.);
#2898 = LINE('',#2899,#2900);
#2899 = CARTESIAN_POINT('',(1.385820031166,2.193180084229,8.074020385742
    ));
#2900 = VECTOR('',#2901,1.);
#2901 = DIRECTION('',(0.,1.,0.));
#2902 = ORIENTED_EDGE('',*,*,#2625,.F.);
#2903 = PLANE('',#2904);
#2904 = AXIS2_PLACEMENT_3D('',#2905,#2906,#2907);
#2905 = CARTESIAN_POINT('',(1.415433330901,6.166293823878,7.925144554802
    ));
#2906 = DIRECTION('',(-0.980785210119,-0.,-0.195090675359));
#2907 = DIRECTION('',(0.195090675359,0.,-0.980785210119));
#2908 = ADVANCED_FACE('',(#2909),#2919,.T.);
#2909 = FACE_BOUND('',#2910,.T.);
#2910 = EDGE_LOOP('',(#2911,#2912,#2918));
#2911 = ORIENTED_EDGE('',*,*,#2435,.F.);
#2912 = ORIENTED_EDGE('',*,*,#2913,.T.);
#2913 = EDGE_CURVE('',#2436,#2354,#2914,.T.);
#2914 = LINE('',#2915,#2916);
#2915 = CARTESIAN_POINT('',(1.5,9.852259635925,7.5));
#2916 = VECTOR('',#2917,1.);
#2917 = DIRECTION('',(0.,-1.,0.));
#2918 = ORIENTED_EDGE('',*,*,#2421,.F.);
#2919 = PLANE('',#2920);
#2920 = AXIS2_PLACEMENT_3D('',#2921,#2922,#2923);
#2921 = CARTESIAN_POINT('',(1.485901095128,5.924915120942,7.570877892904
    ));
#2922 = DIRECTION('',(-0.980784180524,-0.,-0.1950958514));
#2923 = DIRECTION('',(0.1950958514,0.,-0.980784180524));
#2924 = ADVANCED_FACE('',(#2925),#2935,.T.);
#2925 = FACE_BOUND('',#2926,.T.);
#2926 = EDGE_LOOP('',(#2927,#2928,#2929));
#2927 = ORIENTED_EDGE('',*,*,#1501,.T.);
#2928 = ORIENTED_EDGE('',*,*,#2269,.F.);
#2929 = ORIENTED_EDGE('',*,*,#2930,.T.);
#2930 = EDGE_CURVE('',#2262,#1465,#2931,.T.);
#2931 = LINE('',#2932,#2933);
#2932 = CARTESIAN_POINT('',(1.060660004616,2.366980075836,6.439340114594
    ));
#2933 = VECTOR('',#2934,1.);
#2934 = DIRECTION('',(0.,1.,0.));
#2935 = PLANE('',#2936);
#2936 = AXIS2_PLACEMENT_3D('',#2937,#2938,#2939);
#2937 = CARTESIAN_POINT('',(1.044182749278,6.118524253788,6.428330028411
    ));
#2938 = DIRECTION('',(-0.555581960008,0.,0.831461776459));
#2939 = DIRECTION('',(0.831461776459,0.,0.555581960008));
#2940 = ADVANCED_FACE('',(#2941),#2951,.T.);
#2941 = FACE_BOUND('',#2942,.T.);
#2942 = EDGE_LOOP('',(#2943,#2949,#2950));
#2943 = ORIENTED_EDGE('',*,*,#2944,.T.);
#2944 = EDGE_CURVE('',#1341,#2171,#2945,.T.);
#2945 = LINE('',#2946,#2947);
#2946 = CARTESIAN_POINT('',(0.574024021626,9.943460464478,6.114180088043
    ));
#2947 = VECTOR('',#2948,1.);
#2948 = DIRECTION('',(-9.033193590693E-03,-0.999957586813,
    -1.796103939735E-03));
#2949 = ORIENTED_EDGE('',*,*,#2207,.F.);
#2950 = ORIENTED_EDGE('',*,*,#1478,.F.);
#2951 = PLANE('',#2952);
#2952 = AXIS2_PLACEMENT_3D('',#2953,#2954,#2955);
#2953 = CARTESIAN_POINT('',(0.557269417247,6.22400198969,6.110848706884)
  );
#2954 = DIRECTION('',(-0.195016167454,0.,0.980800027748));
#2955 = DIRECTION('',(0.980800027748,0.,0.195016167454));
#2956 = ADVANCED_FACE('',(#2957),#2967,.T.);
#2957 = FACE_BOUND('',#2958,.T.);
#2958 = EDGE_LOOP('',(#2959,#2965,#2966));
#2959 = ORIENTED_EDGE('',*,*,#2960,.T.);
#2960 = EDGE_CURVE('',#1394,#1341,#2961,.T.);
#2961 = LINE('',#2962,#2963);
#2962 = CARTESIAN_POINT('',(0.,2.599999904633,6.));
#2963 = VECTOR('',#2964,1.);
#2964 = DIRECTION('',(7.792096869058E-02,0.996839049947,
    1.549939154168E-02));
#2965 = ORIENTED_EDGE('',*,*,#1356,.F.);
#2966 = ORIENTED_EDGE('',*,*,#1401,.F.);
#2967 = PLANE('',#2968);
#2968 = AXIS2_PLACEMENT_3D('',#2969,#2970,#2971);
#2969 = CARTESIAN_POINT('',(0.148690634104,6.42704218361,6.029576305265)
  );
#2970 = DIRECTION('',(-0.195089682611,0.,0.980785407589));
#2971 = DIRECTION('',(0.980785407589,0.,0.195089682611));
#2972 = ADVANCED_FACE('',(#2973),#2983,.T.);
#2973 = FACE_BOUND('',#2974,.T.);
#2974 = EDGE_LOOP('',(#2975,#2976,#2982));
#2975 = ORIENTED_EDGE('',*,*,#2960,.F.);
#2976 = ORIENTED_EDGE('',*,*,#2977,.F.);
#2977 = EDGE_CURVE('',#2171,#1394,#2978,.T.);
#2978 = LINE('',#2979,#2980);
#2979 = CARTESIAN_POINT('',(0.507234990597,2.550040006638,6.100900173187
    ));
#2980 = VECTOR('',#2981,1.);
#2981 = DIRECTION('',(-0.976238968264,9.615424838071E-02,-0.194195358751
    ));
#2982 = ORIENTED_EDGE('',*,*,#2944,.F.);
#2983 = PLANE('',#2984);
#2984 = AXIS2_PLACEMENT_3D('',#2985,#2986,#2987);
#2985 = CARTESIAN_POINT('',(0.40859720128,6.133940512755,6.081276107272)
  );
#2986 = DIRECTION('',(-0.195099288354,7.8057150325E-07,0.980783496845));
#2987 = DIRECTION('',(0.980783496845,-1.061550613014E-23,0.195099288354)
  );
#2988 = ADVANCED_FACE('',(#2989),#3004,.T.);
#2989 = FACE_BOUND('',#2990,.T.);
#2990 = EDGE_LOOP('',(#2991,#2997,#2998));
#2991 = ORIENTED_EDGE('',*,*,#2992,.T.);
#2992 = EDGE_CURVE('',#2285,#2436,#2993,.T.);
#2993 = LINE('',#2994,#2995);
#2994 = CARTESIAN_POINT('',(1.385820031166,2.193180084229,6.925970077515
    ));
#2995 = VECTOR('',#2996,1.);
#2996 = DIRECTION('',(1.486445600705E-02,0.997093029657,
    7.472976754729E-02));
#2997 = ORIENTED_EDGE('',*,*,#2581,.F.);
#2998 = ORIENTED_EDGE('',*,*,#2999,.F.);
#2999 = EDGE_CURVE('',#2285,#2574,#3000,.T.);
#3000 = LINE('',#3001,#3002);
#3001 = CARTESIAN_POINT('',(1.385820031166,2.193180084229,6.925970077515
    ));
#3002 = VECTOR('',#3003,1.);
#3003 = DIRECTION('',(0.,1.,0.));
#3004 = PLANE('',#3005);
#3005 = AXIS2_PLACEMENT_3D('',#3006,#3007,#3008);
#3006 = CARTESIAN_POINT('',(1.415433348253,6.166295983653,7.074848469105
    ));
#3007 = DIRECTION('',(-0.980785830287,-0.,0.195087557544));
#3008 = DIRECTION('',(-0.195087557544,0.,-0.980785830287));
#3009 = ADVANCED_FACE('',(#3010),#3020,.T.);
#3010 = FACE_BOUND('',#3011,.T.);
#3011 = EDGE_LOOP('',(#3012,#3018,#3019));
#3012 = ORIENTED_EDGE('',*,*,#3013,.T.);
#3013 = EDGE_CURVE('',#2308,#2436,#3014,.T.);
#3014 = LINE('',#3015,#3016);
#3015 = CARTESIAN_POINT('',(1.444479942322,2.161819934845,7.220890045166
    ));
#3016 = VECTOR('',#3017,1.);
#3017 = DIRECTION('',(7.214422942718E-03,0.999316047916,
    3.626828475874E-02));
#3018 = ORIENTED_EDGE('',*,*,#2992,.F.);
#3019 = ORIENTED_EDGE('',*,*,#2315,.F.);
#3020 = PLANE('',#3021);
#3021 = AXIS2_PLACEMENT_3D('',#3022,#3023,#3024);
#3022 = CARTESIAN_POINT('',(1.456770331564,5.940881039863,7.282669725267
    ));
#3023 = DIRECTION('',(-0.980787379206,6.067246085615E-07,0.195079770325)
  );
#3024 = DIRECTION('',(-0.195079770325,-2.327142387124E-24,
    -0.980787379206));
#3025 = ADVANCED_FACE('',(#3026),#3031,.T.);
#3026 = FACE_BOUND('',#3027,.T.);
#3027 = EDGE_LOOP('',(#3028,#3029,#3030));
#3028 = ORIENTED_EDGE('',*,*,#3013,.F.);
#3029 = ORIENTED_EDGE('',*,*,#2361,.F.);
#3030 = ORIENTED_EDGE('',*,*,#2913,.F.);
#3031 = PLANE('',#3032);
#3032 = AXIS2_PLACEMENT_3D('',#3033,#3034,#3035);
#3033 = CARTESIAN_POINT('',(1.485901095128,5.924915120942,7.429122107096
    ));
#3034 = DIRECTION('',(-0.980784180524,-0.,0.1950958514));
#3035 = DIRECTION('',(-0.1950958514,0.,-0.980784180524));
#3036 = ADVANCED_FACE('',(#3037),#3052,.T.);
#3037 = FACE_BOUND('',#3038,.T.);
#3038 = EDGE_LOOP('',(#3039,#3045,#3051));
#3039 = ORIENTED_EDGE('',*,*,#3040,.T.);
#3040 = EDGE_CURVE('',#2055,#2701,#3041,.T.);
#3041 = LINE('',#3042,#3043);
#3042 = CARTESIAN_POINT('',(0.994975984097,2.402090072632,8.604550361633
    ));
#3043 = VECTOR('',#3044,1.);
#3044 = DIRECTION('',(8.765049643326E-03,0.999944434369,
    -5.856797748595E-03));
#3045 = ORIENTED_EDGE('',*,*,#3046,.F.);
#3046 = EDGE_CURVE('',#2100,#2701,#3047,.T.);
#3047 = LINE('',#3048,#3049);
#3048 = CARTESIAN_POINT('',(1.060660004616,2.366980075836,8.560660362244
    ));
#3049 = VECTOR('',#3050,1.);
#3050 = DIRECTION('',(0.,1.,0.));
#3051 = ORIENTED_EDGE('',*,*,#2108,.F.);
#3052 = PLANE('',#3053);
#3053 = AXIS2_PLACEMENT_3D('',#3054,#3055,#3056);
#3054 = CARTESIAN_POINT('',(1.044182749278,6.118524253788,8.571670448426
    ));
#3055 = DIRECTION('',(-0.555581960008,-0.,-0.831461776459));
#3056 = DIRECTION('',(-0.831461776459,0.,0.555581960008));
#3057 = ADVANCED_FACE('',(#3058),#3068,.T.);
#3058 = FACE_BOUND('',#3059,.T.);
#3059 = EDGE_LOOP('',(#3060,#3066,#3067));
#3060 = ORIENTED_EDGE('',*,*,#3061,.T.);
#3061 = EDGE_CURVE('',#2031,#2701,#3062,.T.);
#3062 = LINE('',#3063,#3064);
#3063 = CARTESIAN_POINT('',(0.574024021626,2.529779911041,8.885820388794
    ));
#3064 = VECTOR('',#3065,1.);
#3065 = DIRECTION('',(6.585982423873E-02,0.996858034629,
    -4.400616260736E-02));
#3066 = ORIENTED_EDGE('',*,*,#3040,.F.);
#3067 = ORIENTED_EDGE('',*,*,#2054,.F.);
#3068 = PLANE('',#3069);
#3069 = AXIS2_PLACEMENT_3D('',#3070,#3071,#3072);
#3070 = CARTESIAN_POINT('',(0.918616534889,6.054607352069,8.65557118933)
  );
#3071 = DIRECTION('',(-0.555568790849,-1.669743229193E-07,
    -0.831470575928));
#3072 = DIRECTION('',(-0.831470575928,-1.201930475837E-24,0.555568790849
    ));
#3073 = ADVANCED_FACE('',(#3074),#3084,.T.);
#3074 = FACE_BOUND('',#3075,.T.);
#3075 = EDGE_LOOP('',(#3076,#3077,#3083));
#3076 = ORIENTED_EDGE('',*,*,#3061,.F.);
#3077 = ORIENTED_EDGE('',*,*,#3078,.T.);
#3078 = EDGE_CURVE('',#2031,#2648,#3079,.T.);
#3079 = LINE('',#3080,#3081);
#3080 = CARTESIAN_POINT('',(0.574024021626,2.529779911041,8.885820388794
    ));
#3081 = VECTOR('',#3082,1.);
#3082 = DIRECTION('',(0.,1.,0.));
#3083 = ORIENTED_EDGE('',*,*,#2708,.F.);
#3084 = PLANE('',#3085);
#3085 = AXIS2_PLACEMENT_3D('',#3086,#3087,#3088);
#3086 = CARTESIAN_POINT('',(0.700129786008,6.365641444998,8.801559143987
    ));
#3087 = DIRECTION('',(-0.5555705381,-0.,-0.831469408454));
#3088 = DIRECTION('',(-0.831469408454,0.,0.5555705381));
#3089 = ADVANCED_FACE('',(#3090),#3105,.T.);
#3090 = FACE_BOUND('',#3091,.T.);
#3091 = EDGE_LOOP('',(#3092,#3098,#3099));
#3092 = ORIENTED_EDGE('',*,*,#3093,.T.);
#3093 = EDGE_CURVE('',#1631,#2513,#3094,.T.);
#3094 = LINE('',#3095,#3096);
#3095 = CARTESIAN_POINT('',(-1.385820031166,2.193180084229,
    8.074020385742));
#3096 = VECTOR('',#3097,1.);
#3097 = DIRECTION('',(-1.486445738616E-02,0.997093122166,
    -7.47285329449E-02));
#3098 = ORIENTED_EDGE('',*,*,#2882,.F.);
#3099 = ORIENTED_EDGE('',*,*,#3100,.T.);
#3100 = EDGE_CURVE('',#2858,#1631,#3101,.T.);
#3101 = LINE('',#3102,#3103);
#3102 = CARTESIAN_POINT('',(-1.385820031166,9.863510131836,
    8.074020385742));
#3103 = VECTOR('',#3104,1.);
#3104 = DIRECTION('',(0.,-1.,0.));
#3105 = PLANE('',#3106);
#3106 = AXIS2_PLACEMENT_3D('',#3107,#3108,#3109);
#3107 = CARTESIAN_POINT('',(-1.415433330901,6.166293823878,
    7.925144554802));
#3108 = DIRECTION('',(0.980785210119,0.,-0.195090675359));
#3109 = DIRECTION('',(0.195090675359,0.,0.980785210119));
#3110 = ADVANCED_FACE('',(#3111),#3121,.T.);
#3111 = FACE_BOUND('',#3112,.T.);
#3112 = EDGE_LOOP('',(#3113,#3119,#3120));
#3113 = ORIENTED_EDGE('',*,*,#3114,.T.);
#3114 = EDGE_CURVE('',#1655,#2513,#3115,.T.);
#3115 = LINE('',#3116,#3117);
#3116 = CARTESIAN_POINT('',(-1.444479942322,2.161819934845,
    7.779109954834));
#3117 = VECTOR('',#3118,1.);
#3118 = DIRECTION('',(-7.214422942718E-03,0.999316047916,
    -3.626828475874E-02));
#3119 = ORIENTED_EDGE('',*,*,#3093,.F.);
#3120 = ORIENTED_EDGE('',*,*,#1662,.F.);
#3121 = PLANE('',#3122);
#3122 = AXIS2_PLACEMENT_3D('',#3123,#3124,#3125);
#3123 = CARTESIAN_POINT('',(-1.456770356888,5.940883269064,
    7.717327719435));
#3124 = DIRECTION('',(0.980786176823,3.786513502039E-07,-0.195085815353)
  );
#3125 = DIRECTION('',(0.195085815353,8.115871432092E-24,0.980786176824)
  );
#3126 = ADVANCED_FACE('',(#3127),#3137,.T.);
#3127 = FACE_BOUND('',#3128,.T.);
#3128 = EDGE_LOOP('',(#3129,#3130,#3131));
#3129 = ORIENTED_EDGE('',*,*,#3114,.F.);
#3130 = ORIENTED_EDGE('',*,*,#1707,.F.);
#3131 = ORIENTED_EDGE('',*,*,#3132,.T.);
#3132 = EDGE_CURVE('',#1700,#2513,#3133,.T.);
#3133 = LINE('',#3134,#3135);
#3134 = CARTESIAN_POINT('',(-1.5,2.116260051727,7.5));
#3135 = VECTOR('',#3136,1.);
#3136 = DIRECTION('',(0.,1.,0.));
#3137 = PLANE('',#3138);
#3138 = AXIS2_PLACEMENT_3D('',#3139,#3140,#3141);
#3139 = CARTESIAN_POINT('',(-1.485901095128,5.924915120942,
    7.570877892904));
#3140 = DIRECTION('',(0.980784180524,0.,-0.1950958514));
#3141 = DIRECTION('',(0.1950958514,0.,0.980784180524));
#3142 = ADVANCED_FACE('',(#3143),#3153,.T.);
#3143 = FACE_BOUND('',#3144,.T.);
#3144 = EDGE_LOOP('',(#3145,#3151,#3152));
#3145 = ORIENTED_EDGE('',*,*,#3146,.T.);
#3146 = EDGE_CURVE('',#1999,#2648,#3147,.T.);
#3147 = LINE('',#3148,#3149);
#3148 = CARTESIAN_POINT('',(0.507234990597,2.550040006638,8.89910030365)
  );
#3149 = VECTOR('',#3150,1.);
#3150 = DIRECTION('',(9.033193590693E-03,0.999957586813,
    -1.796103939735E-03));
#3151 = ORIENTED_EDGE('',*,*,#3078,.F.);
#3152 = ORIENTED_EDGE('',*,*,#2039,.F.);
#3153 = PLANE('',#3154);
#3154 = AXIS2_PLACEMENT_3D('',#3155,#3156,#3157);
#3155 = CARTESIAN_POINT('',(0.557269417247,6.22400198969,8.889151769953)
  );
#3156 = DIRECTION('',(-0.195016167454,-0.,-0.980800027748));
#3157 = DIRECTION('',(-0.980800027748,0.,0.195016167454));
#3158 = ADVANCED_FACE('',(#3159),#3174,.T.);
#3159 = FACE_BOUND('',#3160,.T.);
#3160 = EDGE_LOOP('',(#3161,#3167,#3168));
#3161 = ORIENTED_EDGE('',*,*,#3162,.T.);
#3162 = EDGE_CURVE('',#1286,#2648,#3163,.T.);
#3163 = LINE('',#3164,#3165);
#3164 = CARTESIAN_POINT('',(0.,2.599999904633,9.));
#3165 = VECTOR('',#3166,1.);
#3166 = DIRECTION('',(7.792096876876E-02,0.996839050948,
    -1.54993268289E-02));
#3167 = ORIENTED_EDGE('',*,*,#3146,.F.);
#3168 = ORIENTED_EDGE('',*,*,#3169,.F.);
#3169 = EDGE_CURVE('',#1286,#1999,#3170,.T.);
#3170 = LINE('',#3171,#3172);
#3171 = CARTESIAN_POINT('',(0.,2.599999904633,9.));
#3172 = VECTOR('',#3173,1.);
#3173 = DIRECTION('',(0.976239142249,-9.615426551726E-02,-0.194194475626
    ));
#3174 = PLANE('',#3175);
#3175 = AXIS2_PLACEMENT_3D('',#3176,#3177,#3178);
#3176 = CARTESIAN_POINT('',(0.408597202278,6.133940534256,8.918724246315
    ));
#3177 = DIRECTION('',(-0.19509840223,7.722500287791E-07,-0.980783673114)
  );
#3178 = DIRECTION('',(-0.980783673114,1.21850106452E-23,0.19509840223));
#3179 = ADVANCED_FACE('',(#3180),#3190,.T.);
#3180 = FACE_BOUND('',#3181,.T.);
#3181 = EDGE_LOOP('',(#3182,#3183,#3189));
#3182 = ORIENTED_EDGE('',*,*,#3162,.F.);
#3183 = ORIENTED_EDGE('',*,*,#3184,.T.);
#3184 = EDGE_CURVE('',#1286,#2679,#3185,.T.);
#3185 = LINE('',#3186,#3187);
#3186 = CARTESIAN_POINT('',(0.,2.599999904633,9.));
#3187 = VECTOR('',#3188,1.);
#3188 = DIRECTION('',(0.,1.,0.));
#3189 = ORIENTED_EDGE('',*,*,#2678,.F.);
#3190 = PLANE('',#3191);
#3191 = AXIS2_PLACEMENT_3D('',#3192,#3193,#3194);
#3192 = CARTESIAN_POINT('',(0.148690633203,6.427042162309,8.97042381843)
  );
#3193 = DIRECTION('',(-0.195088898889,-0.,-0.98078556348));
#3194 = DIRECTION('',(-0.98078556348,0.,0.195088898889));
#3195 = ADVANCED_FACE('',(#3196),#3211,.T.);
#3196 = FACE_BOUND('',#3197,.T.);
#3197 = EDGE_LOOP('',(#3198,#3204,#3210));
#3198 = ORIENTED_EDGE('',*,*,#3199,.T.);
#3199 = EDGE_CURVE('',#2513,#1792,#3200,.T.);
#3200 = LINE('',#3201,#3202);
#3201 = CARTESIAN_POINT('',(-1.5,9.852259635925,7.5));
#3202 = VECTOR('',#3203,1.);
#3203 = DIRECTION('',(1.486445600705E-02,-0.997093029657,
    -7.472976754729E-02));
#3204 = ORIENTED_EDGE('',*,*,#3205,.T.);
#3205 = EDGE_CURVE('',#1792,#2469,#3206,.T.);
#3206 = LINE('',#3207,#3208);
#3207 = CARTESIAN_POINT('',(-1.385820031166,2.193180084229,
    6.925970077515));
#3208 = VECTOR('',#3209,1.);
#3209 = DIRECTION('',(0.,1.,0.));
#3210 = ORIENTED_EDGE('',*,*,#2520,.F.);
#3211 = PLANE('',#3212);
#3212 = AXIS2_PLACEMENT_3D('',#3213,#3214,#3215);
#3213 = CARTESIAN_POINT('',(-1.415433348253,6.166295983653,
    7.074848469105));
#3214 = DIRECTION('',(0.980785830287,0.,0.195087557544));
#3215 = DIRECTION('',(-0.195087557544,0.,0.980785830287));
#3216 = ADVANCED_FACE('',(#3217),#3227,.T.);
#3217 = FACE_BOUND('',#3218,.T.);
#3218 = EDGE_LOOP('',(#3219,#3225,#3226));
#3219 = ORIENTED_EDGE('',*,*,#3220,.T.);
#3220 = EDGE_CURVE('',#2513,#1746,#3221,.T.);
#3221 = LINE('',#3222,#3223);
#3222 = CARTESIAN_POINT('',(-1.5,9.852259635925,7.5));
#3223 = VECTOR('',#3224,1.);
#3224 = DIRECTION('',(7.214422942718E-03,-0.999316047916,
    -3.626828475874E-02));
#3225 = ORIENTED_EDGE('',*,*,#1799,.F.);
#3226 = ORIENTED_EDGE('',*,*,#3199,.F.);
#3227 = PLANE('',#3228);
#3228 = AXIS2_PLACEMENT_3D('',#3229,#3230,#3231);
#3229 = CARTESIAN_POINT('',(-1.456770331564,5.940881039863,
    7.282669725267));
#3230 = DIRECTION('',(0.980787379206,6.06724608545E-07,0.195079770325));
#3231 = DIRECTION('',(-0.195079770325,2.228453689732E-24,0.980787379206)
  );
#3232 = ADVANCED_FACE('',(#3233),#3238,.T.);
#3233 = FACE_BOUND('',#3234,.T.);
#3234 = EDGE_LOOP('',(#3235,#3236,#3237));
#3235 = ORIENTED_EDGE('',*,*,#3220,.F.);
#3236 = ORIENTED_EDGE('',*,*,#3132,.F.);
#3237 = ORIENTED_EDGE('',*,*,#1753,.F.);
#3238 = PLANE('',#3239);
#3239 = AXIS2_PLACEMENT_3D('',#3240,#3241,#3242);
#3240 = CARTESIAN_POINT('',(-1.485901095128,5.924915120942,
    7.429122107096));
#3241 = DIRECTION('',(0.980784180524,0.,0.1950958514));
#3242 = DIRECTION('',(-0.1950958514,0.,0.980784180524));
#3243 = ADVANCED_FACE('',(#3244),#3249,.T.);
#3244 = FACE_BOUND('',#3245,.T.);
#3245 = EDGE_LOOP('',(#3246,#3247,#3248));
#3246 = ORIENTED_EDGE('',*,*,#1283,.F.);
#3247 = ORIENTED_EDGE('',*,*,#2806,.F.);
#3248 = ORIENTED_EDGE('',*,*,#3184,.F.);
#3249 = PLANE('',#3250);
#3250 = AXIS2_PLACEMENT_3D('',#3251,#3252,#3253);
#3251 = CARTESIAN_POINT('',(-0.148690633203,6.427042162309,8.97042381843
    ));
#3252 = DIRECTION('',(0.195088898889,-0.,-0.98078556348));
#3253 = DIRECTION('',(-0.98078556348,0.,-0.195088898889));
#3254 = ADVANCED_FACE('',(#3255),#3270,.T.);
#3255 = FACE_BOUND('',#3256,.T.);
#3256 = EDGE_LOOP('',(#3257,#3263,#3264));
#3257 = ORIENTED_EDGE('',*,*,#3258,.T.);
#3258 = EDGE_CURVE('',#2461,#1441,#3259,.T.);
#3259 = LINE('',#3260,#3261);
#3260 = CARTESIAN_POINT('',(-1.060660004616,9.895529747009,
    6.439340114594));
#3261 = VECTOR('',#3262,1.);
#3262 = DIRECTION('',(6.585982423873E-02,-0.996858034629,
    -4.400616260736E-02));
#3263 = ORIENTED_EDGE('',*,*,#1440,.F.);
#3264 = ORIENTED_EDGE('',*,*,#3265,.F.);
#3265 = EDGE_CURVE('',#2461,#1371,#3266,.T.);
#3266 = LINE('',#3267,#3268);
#3267 = CARTESIAN_POINT('',(-1.060660004616,9.895529747009,
    6.439340114594));
#3268 = VECTOR('',#3269,1.);
#3269 = DIRECTION('',(0.828695127683,8.162148591692E-02,-0.553716821481)
  );
#3270 = PLANE('',#3271);
#3271 = AXIS2_PLACEMENT_3D('',#3272,#3273,#3274);
#3272 = CARTESIAN_POINT('',(-0.700129786008,6.365641444998,6.19844133285
    ));
#3273 = DIRECTION('',(0.5555705381,0.,0.831469408454));
#3274 = DIRECTION('',(0.831469408454,0.,-0.5555705381));
#3275 = ADVANCED_FACE('',(#3276),#3286,.T.);
#3276 = FACE_BOUND('',#3277,.T.);
#3277 = EDGE_LOOP('',(#3278,#3279,#3285));
#3278 = ORIENTED_EDGE('',*,*,#3258,.F.);
#3279 = ORIENTED_EDGE('',*,*,#3280,.T.);
#3280 = EDGE_CURVE('',#2461,#1838,#3281,.T.);
#3281 = LINE('',#3282,#3283);
#3282 = CARTESIAN_POINT('',(-1.060660004616,9.895529747009,
    6.439340114594));
#3283 = VECTOR('',#3284,1.);
#3284 = DIRECTION('',(8.765049643326E-03,-0.999944434369,
    -5.856797748595E-03));
#3285 = ORIENTED_EDGE('',*,*,#1889,.F.);
#3286 = PLANE('',#3287);
#3287 = AXIS2_PLACEMENT_3D('',#3288,#3289,#3290);
#3288 = CARTESIAN_POINT('',(-0.918616534889,6.054607352069,
    6.344429287507));
#3289 = DIRECTION('',(0.555568790849,-1.669743229224E-07,0.831470575928)
  );
#3290 = DIRECTION('',(0.831470575928,7.694333906888E-24,-0.555568790849)
  );
#3291 = ADVANCED_FACE('',(#3292),#3302,.T.);
#3292 = FACE_BOUND('',#3293,.T.);
#3293 = EDGE_LOOP('',(#3294,#3295,#3301));
#3294 = ORIENTED_EDGE('',*,*,#3280,.F.);
#3295 = ORIENTED_EDGE('',*,*,#3296,.F.);
#3296 = EDGE_CURVE('',#1815,#2461,#3297,.T.);
#3297 = LINE('',#3298,#3299);
#3298 = CARTESIAN_POINT('',(-1.060660004616,2.366980075836,
    6.439340114594));
#3299 = VECTOR('',#3300,1.);
#3300 = DIRECTION('',(0.,1.,0.));
#3301 = ORIENTED_EDGE('',*,*,#1845,.F.);
#3302 = PLANE('',#3303);
#3303 = AXIS2_PLACEMENT_3D('',#3304,#3305,#3306);
#3304 = CARTESIAN_POINT('',(-1.044182749278,6.118524253788,
    6.428330028411));
#3305 = DIRECTION('',(0.555581960008,0.,0.831461776459));
#3306 = DIRECTION('',(0.831461776459,0.,-0.555581960008));
#3307 = ADVANCED_FACE('',(#3308),#3326,.T.);
#3308 = FACE_BOUND('',#3309,.T.);
#3309 = EDGE_LOOP('',(#3310,#3311,#3312,#3320));
#3310 = ORIENTED_EDGE('',*,*,#1425,.T.);
#3311 = ORIENTED_EDGE('',*,*,#1929,.T.);
#3312 = ORIENTED_EDGE('',*,*,#3313,.F.);
#3313 = EDGE_CURVE('',#3314,#1922,#3316,.T.);
#3314 = VERTEX_POINT('',#3315);
#3315 = CARTESIAN_POINT('',(0.,2.599999904633,0.));
#3316 = LINE('',#3317,#3318);
#3317 = CARTESIAN_POINT('',(0.,2.599999904633,0.));
#3318 = VECTOR('',#3319,1.);
#3319 = DIRECTION('',(-0.995184418172,-9.802027253596E-02,0.));
#3320 = ORIENTED_EDGE('',*,*,#3321,.T.);
#3321 = EDGE_CURVE('',#3314,#1394,#3322,.T.);
#3322 = LINE('',#3323,#3324);
#3323 = CARTESIAN_POINT('',(0.,2.599999904633,0.));
#3324 = VECTOR('',#3325,1.);
#3325 = DIRECTION('',(0.,0.,1.));
#3326 = PLANE('',#3327);
#3327 = AXIS2_PLACEMENT_3D('',#3328,#3329,#3330);
#3328 = CARTESIAN_POINT('',(-0.255566445575,2.574827994594,
    3.027697874259));
#3329 = DIRECTION('',(9.802027253596E-02,-0.995184418172,-0.));
#3330 = DIRECTION('',(-0.995184418172,-9.802027253596E-02,0.));
#3331 = ADVANCED_FACE('',(#3332),#3350,.T.);
#3332 = FACE_BOUND('',#3333,.T.);
#3333 = EDGE_LOOP('',(#3334,#3342,#3348,#3349));
#3334 = ORIENTED_EDGE('',*,*,#3335,.T.);
#3335 = EDGE_CURVE('',#1286,#3336,#3338,.T.);
#3336 = VERTEX_POINT('',#3337);
#3337 = CARTESIAN_POINT('',(0.,2.599999904633,15.));
#3338 = LINE('',#3339,#3340);
#3339 = CARTESIAN_POINT('',(0.,2.599999904633,9.));
#3340 = VECTOR('',#3341,1.);
#3341 = DIRECTION('',(0.,0.,1.));
#3342 = ORIENTED_EDGE('',*,*,#3343,.F.);
#3343 = EDGE_CURVE('',#1524,#3336,#3344,.T.);
#3344 = LINE('',#3345,#3346);
#3345 = CARTESIAN_POINT('',(-0.507234990597,2.550040006638,15.));
#3346 = VECTOR('',#3347,1.);
#3347 = DIRECTION('',(0.995184418172,9.802027253596E-02,0.));
#3348 = ORIENTED_EDGE('',*,*,#1523,.T.);
#3349 = ORIENTED_EDGE('',*,*,#1293,.T.);
#3350 = PLANE('',#3351);
#3351 = AXIS2_PLACEMENT_3D('',#3352,#3353,#3354);
#3352 = CARTESIAN_POINT('',(-0.255566436449,2.574827995493,11.9723022681
    ));
#3353 = DIRECTION('',(9.802027253596E-02,-0.995184418172,-0.));
#3354 = DIRECTION('',(-0.995184418172,-9.802027253596E-02,0.));
#3355 = ADVANCED_FACE('',(#3356),#3373,.T.);
#3356 = FACE_BOUND('',#3357,.T.);
#3357 = EDGE_LOOP('',(#3358,#3366,#3372));
#3358 = ORIENTED_EDGE('',*,*,#3359,.T.);
#3359 = EDGE_CURVE('',#528,#3360,#3362,.T.);
#3360 = VERTEX_POINT('',#3361);
#3361 = CARTESIAN_POINT('',(-1.414209961891,9.914210319519,0.));
#3362 = LINE('',#3363,#3364);
#3363 = CARTESIAN_POINT('',(-1.452479958534,9.85694026947,3.));
#3364 = VECTOR('',#3365,1.);
#3365 = DIRECTION('',(1.275330446661E-02,1.908498691292E-02,
    -0.99973652354));
#3366 = ORIENTED_EDGE('',*,*,#3367,.F.);
#3367 = EDGE_CURVE('',#536,#3360,#3368,.T.);
#3368 = LINE('',#3369,#3370);
#3369 = CARTESIAN_POINT('',(-1.414209961891,9.914210319519,3.));
#3370 = VECTOR('',#3371,1.);
#3371 = DIRECTION('',(0.,0.,-1.));
#3372 = ORIENTED_EDGE('',*,*,#535,.F.);
#3373 = PLANE('',#3374);
#3374 = AXIS2_PLACEMENT_3D('',#3375,#3376,#3377);
#3375 = CARTESIAN_POINT('',(-1.423887281435,9.899728463673,
    1.517022334906));
#3376 = DIRECTION('',(0.831446993405,-0.5556040831,0.));
#3377 = DIRECTION('',(0.5556040831,0.831446993405,0.));
#3378 = ADVANCED_FACE('',(#3379),#3396,.T.);
#3379 = FACE_BOUND('',#3380,.T.);
#3380 = EDGE_LOOP('',(#3381,#3389,#3395));
#3381 = ORIENTED_EDGE('',*,*,#3382,.F.);
#3382 = EDGE_CURVE('',#3383,#528,#3385,.T.);
#3383 = VERTEX_POINT('',#3384);
#3384 = CARTESIAN_POINT('',(-1.847759962082,9.265370368958,0.));
#3385 = LINE('',#3386,#3387);
#3386 = CARTESIAN_POINT('',(-1.847759962082,9.265370368958,0.));
#3387 = VECTOR('',#3388,1.);
#3388 = DIRECTION('',(0.128203931411,0.191868008169,0.97301100683));
#3389 = ORIENTED_EDGE('',*,*,#3390,.F.);
#3390 = EDGE_CURVE('',#3360,#3383,#3391,.T.);
#3391 = LINE('',#3392,#3393);
#3392 = CARTESIAN_POINT('',(-1.414209961891,9.914210319519,0.));
#3393 = VECTOR('',#3394,1.);
#3394 = DIRECTION('',(-0.555578211488,-0.831464281205,0.));
#3395 = ORIENTED_EDGE('',*,*,#3359,.F.);
#3396 = PLANE('',#3397);
#3397 = AXIS2_PLACEMENT_3D('',#3398,#3399,#3400);
#3398 = CARTESIAN_POINT('',(-1.55318034966,9.70623246622,1.329476165544)
  );
#3399 = DIRECTION('',(0.831464281205,-0.555578211488,7.144241938262E-07)
  );
#3400 = DIRECTION('',(0.555578211488,0.831464281205,2.045576830147E-23)
  );
#3401 = ADVANCED_FACE('',(#3402),#3419,.T.);
#3402 = FACE_BOUND('',#3403,.T.);
#3403 = EDGE_LOOP('',(#3404,#3412,#3413));
#3404 = ORIENTED_EDGE('',*,*,#3405,.T.);
#3405 = EDGE_CURVE('',#3406,#576,#3408,.T.);
#3406 = VERTEX_POINT('',#3407);
#3407 = CARTESIAN_POINT('',(1.414209961891,9.914210319519,0.));
#3408 = LINE('',#3409,#3410);
#3409 = CARTESIAN_POINT('',(1.414209961891,9.914210319519,0.));
#3410 = VECTOR('',#3411,1.);
#3411 = DIRECTION('',(1.275330446661E-02,-1.908498691292E-02,
    0.99973652354));
#3412 = ORIENTED_EDGE('',*,*,#575,.F.);
#3413 = ORIENTED_EDGE('',*,*,#3414,.T.);
#3414 = EDGE_CURVE('',#568,#3406,#3415,.T.);
#3415 = LINE('',#3416,#3417);
#3416 = CARTESIAN_POINT('',(1.414209961891,9.914210319519,3.));
#3417 = VECTOR('',#3418,1.);
#3418 = DIRECTION('',(0.,0.,-1.));
#3419 = PLANE('',#3420);
#3420 = AXIS2_PLACEMENT_3D('',#3421,#3422,#3423);
#3421 = CARTESIAN_POINT('',(1.423887281435,9.899728463673,1.517022334906
    ));
#3422 = DIRECTION('',(-0.831446993405,-0.5556040831,-0.));
#3423 = DIRECTION('',(0.5556040831,-0.831446993405,0.));
#3424 = ADVANCED_FACE('',(#3425),#3442,.T.);
#3425 = FACE_BOUND('',#3426,.T.);
#3426 = EDGE_LOOP('',(#3427,#3435,#3436));
#3427 = ORIENTED_EDGE('',*,*,#3428,.T.);
#3428 = EDGE_CURVE('',#3429,#576,#3431,.T.);
#3429 = VERTEX_POINT('',#3430);
#3430 = CARTESIAN_POINT('',(1.847759962082,9.265370368958,0.));
#3431 = LINE('',#3432,#3433);
#3432 = CARTESIAN_POINT('',(1.847759962082,9.265370368958,0.));
#3433 = VECTOR('',#3434,1.);
#3434 = DIRECTION('',(-0.128203931411,0.191868008169,0.97301100683));
#3435 = ORIENTED_EDGE('',*,*,#3405,.F.);
#3436 = ORIENTED_EDGE('',*,*,#3437,.F.);
#3437 = EDGE_CURVE('',#3429,#3406,#3438,.T.);
#3438 = LINE('',#3439,#3440);
#3439 = CARTESIAN_POINT('',(1.847759962082,9.265370368958,0.));
#3440 = VECTOR('',#3441,1.);
#3441 = DIRECTION('',(-0.555578211488,0.831464281205,0.));
#3442 = PLANE('',#3443);
#3443 = AXIS2_PLACEMENT_3D('',#3444,#3445,#3446);
#3444 = CARTESIAN_POINT('',(1.55318034966,9.70623246622,1.329476165544)
  );
#3445 = DIRECTION('',(-0.831464281205,-0.555578211488,7.144241937958E-07
    ));
#3446 = DIRECTION('',(0.555578211488,-0.831464281205,4.22448125091E-24)
  );
#3447 = ADVANCED_FACE('',(#3448),#3472,.T.);
#3448 = FACE_BOUND('',#3449,.T.);
#3449 = EDGE_LOOP('',(#3450,#3458,#3466));
#3450 = ORIENTED_EDGE('',*,*,#3451,.T.);
#3451 = EDGE_CURVE('',#3452,#608,#3454,.T.);
#3452 = VERTEX_POINT('',#3453);
#3453 = CARTESIAN_POINT('',(6.296559810638,7.733779907227,0.));
#3454 = LINE('',#3455,#3456);
#3455 = CARTESIAN_POINT('',(6.296559810638,7.733779907227,0.));
#3456 = VECTOR('',#3457,1.);
#3457 = DIRECTION('',(-6.066478751331E-03,-4.05316691044E-03,
    0.999973384483));
#3458 = ORIENTED_EDGE('',*,*,#3459,.F.);
#3459 = EDGE_CURVE('',#3460,#608,#3462,.T.);
#3460 = VERTEX_POINT('',#3461);
#3461 = CARTESIAN_POINT('',(5.939700126648,7.495329856873,0.));
#3462 = LINE('',#3463,#3464);
#3463 = CARTESIAN_POINT('',(5.939700126648,7.495329856873,0.));
#3464 = VECTOR('',#3465,1.);
#3465 = DIRECTION('',(0.111860330359,7.474433687095E-02,0.990908951719)
  );
#3466 = ORIENTED_EDGE('',*,*,#3467,.F.);
#3467 = EDGE_CURVE('',#3452,#3460,#3468,.T.);
#3468 = LINE('',#3469,#3470);
#3469 = CARTESIAN_POINT('',(6.296559810638,7.733779907227,0.));
#3470 = VECTOR('',#3471,1.);
#3471 = DIRECTION('',(-0.831465271813,-0.555576728966,0.));
#3472 = PLANE('',#3473);
#3473 = AXIS2_PLACEMENT_3D('',#3474,#3475,#3476);
#3474 = CARTESIAN_POINT('',(6.192540365555,7.664275711143,1.400292574567
    ));
#3475 = DIRECTION('',(0.555576728966,-0.831465271813,3.269028165306E-07)
  );
#3476 = DIRECTION('',(-0.831465271813,-0.555576728966,
    -2.347529914155E-23));
#3477 = ADVANCED_FACE('',(#3478),#3488,.T.);
#3478 = FACE_BOUND('',#3479,.T.);
#3479 = EDGE_LOOP('',(#3480,#3481,#3487));
#3480 = ORIENTED_EDGE('',*,*,#3451,.F.);
#3481 = ORIENTED_EDGE('',*,*,#3482,.F.);
#3482 = EDGE_CURVE('',#616,#3452,#3483,.T.);
#3483 = LINE('',#3484,#3485);
#3484 = CARTESIAN_POINT('',(6.296559810638,7.733779907227,3.));
#3485 = VECTOR('',#3486,1.);
#3486 = DIRECTION('',(0.,0.,-1.));
#3487 = ORIENTED_EDGE('',*,*,#615,.F.);
#3488 = PLANE('',#3489);
#3489 = AXIS2_PLACEMENT_3D('',#3490,#3491,#3492);
#3490 = CARTESIAN_POINT('',(6.291993232127,7.730728861361,1.505452117192
    ));
#3491 = DIRECTION('',(0.555539474517,-0.831490163654,-0.));
#3492 = DIRECTION('',(-0.831490163654,-0.555539474517,0.));
#3493 = ADVANCED_FACE('',(#3494),#3511,.T.);
#3494 = FACE_BOUND('',#3495,.T.);
#3495 = EDGE_LOOP('',(#3496,#3504,#3505));
#3496 = ORIENTED_EDGE('',*,*,#3497,.T.);
#3497 = EDGE_CURVE('',#3498,#672,#3500,.T.);
#3498 = VERTEX_POINT('',#3499);
#3499 = CARTESIAN_POINT('',(7.733779907227,6.296559810638,0.));
#3500 = LINE('',#3501,#3502);
#3501 = CARTESIAN_POINT('',(7.733779907227,6.296559810638,0.));
#3502 = VECTOR('',#3503,1.);
#3503 = DIRECTION('',(-4.05316691044E-03,-6.066478751331E-03,
    0.999973384483));
#3504 = ORIENTED_EDGE('',*,*,#671,.F.);
#3505 = ORIENTED_EDGE('',*,*,#3506,.T.);
#3506 = EDGE_CURVE('',#664,#3498,#3507,.T.);
#3507 = LINE('',#3508,#3509);
#3508 = CARTESIAN_POINT('',(7.733779907227,6.296559810638,3.));
#3509 = VECTOR('',#3510,1.);
#3510 = DIRECTION('',(0.,0.,-1.));
#3511 = PLANE('',#3512);
#3512 = AXIS2_PLACEMENT_3D('',#3513,#3514,#3515);
#3513 = CARTESIAN_POINT('',(7.730728861361,6.291993232127,1.505452117192
    ));
#3514 = DIRECTION('',(-0.831490163654,0.555539474517,-0.));
#3515 = DIRECTION('',(-0.555539474517,-0.831490163654,0.));
#3516 = ADVANCED_FACE('',(#3517),#3534,.T.);
#3517 = FACE_BOUND('',#3518,.T.);
#3518 = EDGE_LOOP('',(#3519,#3527,#3528));
#3519 = ORIENTED_EDGE('',*,*,#3520,.T.);
#3520 = EDGE_CURVE('',#3521,#672,#3523,.T.);
#3521 = VERTEX_POINT('',#3522);
#3522 = CARTESIAN_POINT('',(7.666440010071,6.195769786835,0.));
#3523 = LINE('',#3524,#3525);
#3524 = CARTESIAN_POINT('',(7.666440010071,6.195769786835,0.));
#3525 = VECTOR('',#3526,1.);
#3526 = DIRECTION('',(1.838328430746E-02,2.751495731275E-02,
    0.999452341026));
#3527 = ORIENTED_EDGE('',*,*,#3497,.F.);
#3528 = ORIENTED_EDGE('',*,*,#3529,.F.);
#3529 = EDGE_CURVE('',#3521,#3498,#3530,.T.);
#3530 = LINE('',#3531,#3532);
#3531 = CARTESIAN_POINT('',(7.666440010071,6.195769786835,0.));
#3532 = VECTOR('',#3533,1.);
#3533 = DIRECTION('',(0.555536903859,0.831491881169,0.));
#3534 = PLANE('',#3535);
#3535 = AXIS2_PLACEMENT_3D('',#3536,#3537,#3538);
#3536 = CARTESIAN_POINT('',(7.710647802417,6.261937224732,1.470304487996
    ));
#3537 = DIRECTION('',(-0.831491881169,0.555536903859,-2.255681464756E-08
    ));
#3538 = DIRECTION('',(-0.555536903859,-0.831491881169,
    -1.170326014256E-24));
#3539 = ADVANCED_FACE('',(#3540),#3562,.T.);
#3540 = FACE_BOUND('',#3541,.T.);
#3541 = EDGE_LOOP('',(#3542,#3550,#3556));
#3542 = ORIENTED_EDGE('',*,*,#3543,.T.);
#3543 = EDGE_CURVE('',#3544,#680,#3546,.T.);
#3544 = VERTEX_POINT('',#3545);
#3545 = CARTESIAN_POINT('',(7.878849983215,6.181849956512,0.));
#3546 = LINE('',#3547,#3548);
#3547 = CARTESIAN_POINT('',(7.878849983215,6.181849956512,0.));
#3548 = VECTOR('',#3549,1.);
#3549 = DIRECTION('',(-2.747622014356E-02,1.802714341262E-03,
    0.99962083189));
#3550 = ORIENTED_EDGE('',*,*,#3551,.F.);
#3551 = EDGE_CURVE('',#3521,#680,#3552,.T.);
#3552 = LINE('',#3553,#3554);
#3553 = CARTESIAN_POINT('',(7.666440010071,6.195769786835,0.));
#3554 = VECTOR('',#3555,1.);
#3555 = DIRECTION('',(4.327592720392E-02,-2.833876513645E-03,
    0.999059139025));
#3556 = ORIENTED_EDGE('',*,*,#3557,.F.);
#3557 = EDGE_CURVE('',#3544,#3521,#3558,.T.);
#3558 = LINE('',#3559,#3560);
#3559 = CARTESIAN_POINT('',(7.878849983215,6.181849956512,0.));
#3560 = VECTOR('',#3561,1.);
#3561 = DIRECTION('',(-0.997859614505,6.539258168403E-02,0.));
#3562 = PLANE('',#3563);
#3563 = AXIS2_PLACEMENT_3D('',#3564,#3565,#3566);
#3564 = CARTESIAN_POINT('',(7.784096596071,6.188062487175,1.448639669285
    ));
#3565 = DIRECTION('',(-6.539258168388E-02,-0.997859614503,
    2.115669723686E-06));
#3566 = DIRECTION('',(-0.997859614505,6.539258168403E-02,
    5.121604595356E-25));
#3567 = ADVANCED_FACE('',(#3568),#3578,.T.);
#3568 = FACE_BOUND('',#3569,.T.);
#3569 = EDGE_LOOP('',(#3570,#3571,#3577));
#3570 = ORIENTED_EDGE('',*,*,#3543,.F.);
#3571 = ORIENTED_EDGE('',*,*,#3572,.F.);
#3572 = EDGE_CURVE('',#688,#3544,#3573,.T.);
#3573 = LINE('',#3574,#3575);
#3574 = CARTESIAN_POINT('',(7.878849983215,6.181849956512,3.));
#3575 = VECTOR('',#3576,1.);
#3576 = DIRECTION('',(0.,0.,-1.));
#3577 = ORIENTED_EDGE('',*,*,#687,.F.);
#3578 = PLANE('',#3579);
#3579 = AXIS2_PLACEMENT_3D('',#3580,#3581,#3582);
#3580 = CARTESIAN_POINT('',(7.857951127949,6.183221130055,1.520374820399
    ));
#3581 = DIRECTION('',(-6.546922279544E-02,-0.997854589039,-0.));
#3582 = DIRECTION('',(-0.997854589039,6.546922279544E-02,0.));
#3583 = ADVANCED_FACE('',(#3584),#3601,.T.);
#3584 = FACE_BOUND('',#3585,.T.);
#3585 = EDGE_LOOP('',(#3586,#3594,#3595));
#3586 = ORIENTED_EDGE('',*,*,#3587,.T.);
#3587 = EDGE_CURVE('',#3588,#728,#3590,.T.);
#3588 = VERTEX_POINT('',#3589);
#3589 = CARTESIAN_POINT('',(9.293069839478,3.732359886169,0.));
#3590 = LINE('',#3591,#3592);
#3591 = CARTESIAN_POINT('',(9.293069839478,3.732359886169,0.));
#3592 = VECTOR('',#3593,1.);
#3593 = DIRECTION('',(-5.286157038787E-03,-1.071916943247E-02,
    0.999928575424));
#3594 = ORIENTED_EDGE('',*,*,#727,.F.);
#3595 = ORIENTED_EDGE('',*,*,#3596,.T.);
#3596 = EDGE_CURVE('',#720,#3588,#3597,.T.);
#3597 = LINE('',#3598,#3599);
#3598 = CARTESIAN_POINT('',(9.293069839478,3.732359886169,3.));
#3599 = VECTOR('',#3600,1.);
#3600 = DIRECTION('',(0.,0.,-1.));
#3601 = PLANE('',#3602);
#3602 = AXIS2_PLACEMENT_3D('',#3603,#3604,#3605);
#3603 = CARTESIAN_POINT('',(9.289081243931,3.724271887432,1.508910871785
    ));
#3604 = DIRECTION('',(-0.896871159621,0.442291898004,-0.));
#3605 = DIRECTION('',(-0.442291898004,-0.896871159621,0.));
#3606 = ADVANCED_FACE('',(#3607),#3624,.T.);
#3607 = FACE_BOUND('',#3608,.T.);
#3608 = EDGE_LOOP('',(#3609,#3617,#3618));
#3609 = ORIENTED_EDGE('',*,*,#3610,.T.);
#3610 = EDGE_CURVE('',#3611,#728,#3613,.T.);
#3611 = VERTEX_POINT('',#3612);
#3612 = CARTESIAN_POINT('',(8.947919845581,3.03248000145,0.));
#3613 = LINE('',#3614,#3615);
#3614 = CARTESIAN_POINT('',(8.947919845581,3.03248000145,0.));
#3615 = VECTOR('',#3616,1.);
#3616 = DIRECTION('',(0.106531985832,0.216020716663,0.970559625148));
#3617 = ORIENTED_EDGE('',*,*,#3587,.F.);
#3618 = ORIENTED_EDGE('',*,*,#3619,.F.);
#3619 = EDGE_CURVE('',#3611,#3588,#3620,.T.);
#3620 = LINE('',#3621,#3622);
#3621 = CARTESIAN_POINT('',(8.947919845581,3.03248000145,0.));
#3622 = VECTOR('',#3623,1.);
#3623 = DIRECTION('',(0.442296348893,0.896868964652,0.));
#3624 = PLANE('',#3625);
#3625 = AXIS2_PLACEMENT_3D('',#3626,#3627,#3628);
#3626 = CARTESIAN_POINT('',(9.188813960243,3.520954249263,1.32965492932)
  );
#3627 = DIRECTION('',(-0.896868964652,0.442296348893,5.931702404885E-08)
  );
#3628 = DIRECTION('',(-0.442296348893,-0.896868964652,1.284427690134E-24
    ));
#3629 = ADVANCED_FACE('',(#3630),#3656,.T.);
#3630 = FACE_BOUND('',#3631,.T.);
#3631 = EDGE_LOOP('',(#3632,#3642,#3650));
#3632 = ORIENTED_EDGE('',*,*,#3633,.T.);
#3633 = EDGE_CURVE('',#3634,#3636,#3638,.T.);
#3634 = VERTEX_POINT('',#3635);
#3635 = CARTESIAN_POINT('',(5.555699825287,-8.314700126648,15.));
#3636 = VERTEX_POINT('',#3637);
#3637 = CARTESIAN_POINT('',(6.278359889984,-7.721620082855,4.));
#3638 = LINE('',#3639,#3640);
#3639 = CARTESIAN_POINT('',(5.555699825287,-8.314700126648,15.));
#3640 = VECTOR('',#3641,1.);
#3641 = DIRECTION('',(6.546038510228E-02,5.372269751673E-02,
    -0.996407953478));
#3642 = ORIENTED_EDGE('',*,*,#3643,.T.);
#3643 = EDGE_CURVE('',#3636,#3644,#3646,.T.);
#3644 = VERTEX_POINT('',#3645);
#3645 = CARTESIAN_POINT('',(7.071070194244,-7.071070194244,15.));
#3646 = LINE('',#3647,#3648);
#3647 = CARTESIAN_POINT('',(6.278359889984,-7.721620082855,4.));
#3648 = VECTOR('',#3649,1.);
#3649 = DIRECTION('',(7.17534449002E-02,5.888556681603E-02,
    0.995682646814));
#3650 = ORIENTED_EDGE('',*,*,#3651,.T.);
#3651 = EDGE_CURVE('',#3644,#3634,#3652,.T.);
#3652 = LINE('',#3653,#3654);
#3653 = CARTESIAN_POINT('',(7.071070194244,-7.071070194244,15.));
#3654 = VECTOR('',#3655,1.);
#3655 = DIRECTION('',(-0.773011051148,-0.63439255576,0.));
#3656 = PLANE('',#3657);
#3657 = AXIS2_PLACEMENT_3D('',#3658,#3659,#3660);
#3658 = CARTESIAN_POINT('',(6.297426748335,-7.70597742727,9.948355233611
    ));
#3659 = DIRECTION('',(0.63439255576,-0.773011051147,-6.602434464515E-07)
  );
#3660 = DIRECTION('',(-0.773011051148,-0.63439255576,3.105950593629E-24)
  );
#3661 = ADVANCED_FACE('',(#3662),#3679,.T.);
#3662 = FACE_BOUND('',#3663,.T.);
#3663 = EDGE_LOOP('',(#3664,#3665,#3673));
#3664 = ORIENTED_EDGE('',*,*,#3643,.F.);
#3665 = ORIENTED_EDGE('',*,*,#3666,.T.);
#3666 = EDGE_CURVE('',#3636,#3667,#3669,.T.);
#3667 = VERTEX_POINT('',#3668);
#3668 = CARTESIAN_POINT('',(7.071070194244,-7.071070194244,4.));
#3669 = LINE('',#3670,#3671);
#3670 = CARTESIAN_POINT('',(6.278359889984,-7.721620082855,4.));
#3671 = VECTOR('',#3672,1.);
#3672 = DIRECTION('',(0.773015544047,0.634387081096,0.));
#3673 = ORIENTED_EDGE('',*,*,#3674,.T.);
#3674 = EDGE_CURVE('',#3667,#3644,#3675,.T.);
#3675 = LINE('',#3676,#3677);
#3676 = CARTESIAN_POINT('',(7.071070194244,-7.071070194244,4.));
#3677 = VECTOR('',#3678,1.);
#3678 = DIRECTION('',(0.,0.,1.));
#3679 = PLANE('',#3680);
#3680 = AXIS2_PLACEMENT_3D('',#3681,#3682,#3683);
#3681 = CARTESIAN_POINT('',(6.863675024486,-7.24127222626,9.25555474424)
  );
#3682 = DIRECTION('',(0.634387081096,-0.773015544047,-0.));
#3683 = DIRECTION('',(-0.773015544047,-0.634387081096,0.));
#3684 = ADVANCED_FACE('',(#3685),#3711,.T.);
#3685 = FACE_BOUND('',#3686,.T.);
#3686 = EDGE_LOOP('',(#3687,#3697,#3705));
#3687 = ORIENTED_EDGE('',*,*,#3688,.T.);
#3688 = EDGE_CURVE('',#3689,#3691,#3693,.T.);
#3689 = VERTEX_POINT('',#3690);
#3690 = CARTESIAN_POINT('',(8.314700126648,-5.555699825287,15.));
#3691 = VERTEX_POINT('',#3692);
#3692 = CARTESIAN_POINT('',(7.721620082855,-6.278359889984,4.));
#3693 = LINE('',#3694,#3695);
#3694 = CARTESIAN_POINT('',(8.314700126648,-5.555699825287,15.));
#3695 = VECTOR('',#3696,1.);
#3696 = DIRECTION('',(-5.372269751673E-02,-6.546038510228E-02,
    -0.996407953478));
#3697 = ORIENTED_EDGE('',*,*,#3698,.F.);
#3698 = EDGE_CURVE('',#3699,#3691,#3701,.T.);
#3699 = VERTEX_POINT('',#3700);
#3700 = CARTESIAN_POINT('',(7.79639005661,-6.187260150909,4.));
#3701 = LINE('',#3702,#3703);
#3702 = CARTESIAN_POINT('',(7.79639005661,-6.187260150909,4.));
#3703 = VECTOR('',#3704,1.);
#3704 = DIRECTION('',(-0.634425479546,-0.772984030173,0.));
#3705 = ORIENTED_EDGE('',*,*,#3706,.F.);
#3706 = EDGE_CURVE('',#3689,#3699,#3707,.T.);
#3707 = LINE('',#3708,#3709);
#3708 = CARTESIAN_POINT('',(8.314700126648,-5.555699825287,15.));
#3709 = VECTOR('',#3710,1.);
#3710 = DIRECTION('',(-4.69896629495E-02,-5.72568594531E-02,
    -0.997253038913));
#3711 = PLANE('',#3712);
#3712 = AXIS2_PLACEMENT_3D('',#3713,#3714,#3715);
#3713 = CARTESIAN_POINT('',(8.035368878668,-5.896062823079,
    9.470785741014));
#3714 = DIRECTION('',(0.77298403017,-0.634425479543,2.959602561083E-06)
  );
#3715 = DIRECTION('',(0.634425479546,0.772984030173,-1.112394387409E-22)
  );
#3716 = ADVANCED_FACE('',(#3717),#3734,.T.);
#3717 = FACE_BOUND('',#3718,.T.);
#3718 = EDGE_LOOP('',(#3719,#3720,#3728));
#3719 = ORIENTED_EDGE('',*,*,#3706,.T.);
#3720 = ORIENTED_EDGE('',*,*,#3721,.T.);
#3721 = EDGE_CURVE('',#3699,#3722,#3724,.T.);
#3722 = VERTEX_POINT('',#3723);
#3723 = CARTESIAN_POINT('',(8.314700126648,-5.555699825287,4.));
#3724 = LINE('',#3725,#3726);
#3725 = CARTESIAN_POINT('',(7.79639005661,-6.187260150909,4.));
#3726 = VECTOR('',#3727,1.);
#3727 = DIRECTION('',(0.634394677924,0.773009309531,0.));
#3728 = ORIENTED_EDGE('',*,*,#3729,.F.);
#3729 = EDGE_CURVE('',#3689,#3722,#3730,.T.);
#3730 = LINE('',#3731,#3732);
#3731 = CARTESIAN_POINT('',(8.314700126648,-5.555699825287,15.));
#3732 = VECTOR('',#3733,1.);
#3733 = DIRECTION('',(0.,0.,-1.));
#3734 = PLANE('',#3735);
#3735 = AXIS2_PLACEMENT_3D('',#3736,#3737,#3738);
#3736 = CARTESIAN_POINT('',(8.180317100485,-5.7194454144,9.303321160789)
  );
#3737 = DIRECTION('',(0.773009309531,-0.634394677924,0.));
#3738 = DIRECTION('',(0.634394677924,0.773009309531,0.));
#3739 = ADVANCED_FACE('',(#3740),#3755,.T.);
#3740 = FACE_BOUND('',#3741,.T.);
#3741 = EDGE_LOOP('',(#3742,#3748,#3749));
#3742 = ORIENTED_EDGE('',*,*,#3743,.T.);
#3743 = EDGE_CURVE('',#3644,#3691,#3744,.T.);
#3744 = LINE('',#3745,#3746);
#3745 = CARTESIAN_POINT('',(7.071070194244,-7.071070194244,15.));
#3746 = VECTOR('',#3747,1.);
#3747 = DIRECTION('',(5.888556681603E-02,7.17534449002E-02,
    -0.995682646814));
#3748 = ORIENTED_EDGE('',*,*,#3688,.F.);
#3749 = ORIENTED_EDGE('',*,*,#3750,.T.);
#3750 = EDGE_CURVE('',#3689,#3644,#3751,.T.);
#3751 = LINE('',#3752,#3753);
#3752 = CARTESIAN_POINT('',(8.314700126648,-5.555699825287,15.));
#3753 = VECTOR('',#3754,1.);
#3754 = DIRECTION('',(-0.63439255576,-0.773011051148,0.));
#3755 = PLANE('',#3756);
#3756 = AXIS2_PLACEMENT_3D('',#3757,#3758,#3759);
#3757 = CARTESIAN_POINT('',(7.70597742727,-6.297426748335,9.948355233611
    ));
#3758 = DIRECTION('',(0.773011051147,-0.63439255576,-6.602434464559E-07)
  );
#3759 = DIRECTION('',(0.63439255576,0.773011051148,1.418306083868E-23));
#3760 = ADVANCED_FACE('',(#3761),#3771,.T.);
#3761 = FACE_BOUND('',#3762,.T.);
#3762 = EDGE_LOOP('',(#3763,#3764,#3765));
#3763 = ORIENTED_EDGE('',*,*,#3743,.F.);
#3764 = ORIENTED_EDGE('',*,*,#3674,.F.);
#3765 = ORIENTED_EDGE('',*,*,#3766,.T.);
#3766 = EDGE_CURVE('',#3667,#3691,#3767,.T.);
#3767 = LINE('',#3768,#3769);
#3768 = CARTESIAN_POINT('',(7.071070194244,-7.071070194244,4.));
#3769 = VECTOR('',#3770,1.);
#3770 = DIRECTION('',(0.634387081096,0.773015544047,0.));
#3771 = PLANE('',#3772);
#3772 = AXIS2_PLACEMENT_3D('',#3773,#3774,#3775);
#3773 = CARTESIAN_POINT('',(7.24127222626,-6.863675024486,9.25555474424)
  );
#3774 = DIRECTION('',(0.773015544047,-0.634387081096,0.));
#3775 = DIRECTION('',(0.634387081096,0.773015544047,0.));
#3776 = ADVANCED_FACE('',(#3777),#3938,.T.);
#3777 = FACE_BOUND('',#3778,.T.);
#3778 = EDGE_LOOP('',(#3779,#3787,#3788,#3789,#3797,#3805,#3813,#3821,
    #3829,#3837,#3845,#3853,#3861,#3869,#3877,#3885,#3893,#3901,#3909,
    #3917,#3925,#3931,#3932));
#3779 = ORIENTED_EDGE('',*,*,#3780,.T.);
#3780 = EDGE_CURVE('',#3781,#3691,#3783,.T.);
#3781 = VERTEX_POINT('',#3782);
#3782 = CARTESIAN_POINT('',(7.666440010071,-6.195769786835,4.));
#3783 = LINE('',#3784,#3785);
#3784 = CARTESIAN_POINT('',(7.666440010071,-6.195769786835,4.));
#3785 = VECTOR('',#3786,1.);
#3786 = DIRECTION('',(0.555536337376,-0.831492259649,0.));
#3787 = ORIENTED_EDGE('',*,*,#3766,.F.);
#3788 = ORIENTED_EDGE('',*,*,#3666,.F.);
#3789 = ORIENTED_EDGE('',*,*,#3790,.T.);
#3790 = EDGE_CURVE('',#3636,#3791,#3793,.T.);
#3791 = VERTEX_POINT('',#3792);
#3792 = CARTESIAN_POINT('',(5.939700126648,-7.495329856873,4.));
#3793 = LINE('',#3794,#3795);
#3794 = CARTESIAN_POINT('',(6.278359889984,-7.721620082855,4.));
#3795 = VECTOR('',#3796,1.);
#3796 = DIRECTION('',(-0.831463934095,0.555578730964,0.));
#3797 = ORIENTED_EDGE('',*,*,#3798,.T.);
#3798 = EDGE_CURVE('',#3791,#3799,#3801,.T.);
#3799 = VERTEX_POINT('',#3800);
#3800 = CARTESIAN_POINT('',(5.701250076294,-7.138470172882,4.));
#3801 = LINE('',#3802,#3803);
#3802 = CARTESIAN_POINT('',(5.939700126648,-7.495329856873,4.));
#3803 = VECTOR('',#3804,1.);
#3804 = DIRECTION('',(-0.555576728966,0.831465271813,0.));
#3805 = ORIENTED_EDGE('',*,*,#3806,.T.);
#3806 = EDGE_CURVE('',#3799,#3807,#3809,.T.);
#3807 = VERTEX_POINT('',#3808);
#3808 = CARTESIAN_POINT('',(5.617509841919,-6.717510223389,4.));
#3809 = LINE('',#3810,#3811);
#3810 = CARTESIAN_POINT('',(5.701250076294,-7.138470172882,4.));
#3811 = VECTOR('',#3812,1.);
#3812 = DIRECTION('',(-0.195103980404,0.980782563482,0.));
#3813 = ORIENTED_EDGE('',*,*,#3814,.T.);
#3814 = EDGE_CURVE('',#3807,#3815,#3817,.T.);
#3815 = VERTEX_POINT('',#3816);
#3816 = CARTESIAN_POINT('',(5.701250076294,-6.296559810638,4.));
#3817 = LINE('',#3818,#3819);
#3818 = CARTESIAN_POINT('',(5.617509841919,-6.717510223389,4.));
#3819 = VECTOR('',#3820,1.);
#3820 = DIRECTION('',(0.195108232276,0.980781717661,0.));
#3821 = ORIENTED_EDGE('',*,*,#3822,.T.);
#3822 = EDGE_CURVE('',#3815,#3823,#3825,.T.);
#3823 = VERTEX_POINT('',#3824);
#3824 = CARTESIAN_POINT('',(5.939700126648,-5.939700126648,4.));
#3825 = LINE('',#3826,#3827);
#3826 = CARTESIAN_POINT('',(5.701250076294,-6.296559810638,4.));
#3827 = VECTOR('',#3828,1.);
#3828 = DIRECTION('',(0.555576728966,0.831465271813,0.));
#3829 = ORIENTED_EDGE('',*,*,#3830,.T.);
#3830 = EDGE_CURVE('',#3823,#3831,#3833,.T.);
#3831 = VERTEX_POINT('',#3832);
#3832 = CARTESIAN_POINT('',(6.151529788971,-5.798160076141,4.));
#3833 = LINE('',#3834,#3835);
#3834 = CARTESIAN_POINT('',(5.939700126648,-5.939700126648,4.));
#3835 = VECTOR('',#3836,1.);
#3836 = DIRECTION('',(0.831469620889,0.55557022017,0.));
#3837 = ORIENTED_EDGE('',*,*,#3838,.F.);
#3838 = EDGE_CURVE('',#3839,#3831,#3841,.T.);
#3839 = VERTEX_POINT('',#3840);
#3840 = CARTESIAN_POINT('',(5.774509906769,-5.467520236969,4.));
#3841 = LINE('',#3842,#3843);
#3842 = CARTESIAN_POINT('',(5.774509906769,-5.467520236969,4.));
#3843 = VECTOR('',#3844,1.);
#3844 = DIRECTION('',(0.75183755714,-0.659348381111,0.));
#3845 = ORIENTED_EDGE('',*,*,#3846,.T.);
#3846 = EDGE_CURVE('',#3839,#3847,#3849,.T.);
#3847 = VERTEX_POINT('',#3848);
#3848 = CARTESIAN_POINT('',(5.429359912872,-4.767640113831,4.));
#3849 = LINE('',#3850,#3851);
#3850 = CARTESIAN_POINT('',(5.774509906769,-5.467520236969,4.));
#3851 = VECTOR('',#3852,1.);
#3852 = DIRECTION('',(-0.442296227698,0.89686902442,0.));
#3853 = ORIENTED_EDGE('',*,*,#3854,.T.);
#3854 = EDGE_CURVE('',#3847,#3855,#3857,.T.);
#3855 = VERTEX_POINT('',#3856);
#3856 = CARTESIAN_POINT('',(5.378330230713,-3.988950014114,4.));
#3857 = LINE('',#3858,#3859);
#3858 = CARTESIAN_POINT('',(5.429359912872,-4.767640113831,4.));
#3859 = VECTOR('',#3860,1.);
#3860 = DIRECTION('',(-6.539245766861E-02,0.997859622632,0.));
#3861 = ORIENTED_EDGE('',*,*,#3862,.F.);
#3862 = EDGE_CURVE('',#3863,#3855,#3865,.T.);
#3863 = VERTEX_POINT('',#3864);
#3864 = CARTESIAN_POINT('',(5.629159927368,-3.25,4.));
#3865 = LINE('',#3866,#3867);
#3866 = CARTESIAN_POINT('',(5.629159927368,-3.25,4.));
#3867 = VECTOR('',#3868,1.);
#3868 = DIRECTION('',(-0.321427937136,-0.946934042702,0.));
#3869 = ORIENTED_EDGE('',*,*,#3870,.T.);
#3870 = EDGE_CURVE('',#3863,#3871,#3873,.T.);
#3871 = VERTEX_POINT('',#3872);
#3872 = CARTESIAN_POINT('',(6.143690109253,-2.663290023804,4.));
#3873 = LINE('',#3874,#3875);
#3874 = CARTESIAN_POINT('',(5.629159927368,-3.25,4.));
#3875 = VECTOR('',#3876,1.);
#3876 = DIRECTION('',(0.659345338587,0.751840225369,0.));
#3877 = ORIENTED_EDGE('',*,*,#3878,.F.);
#3878 = EDGE_CURVE('',#3879,#3871,#3881,.T.);
#3879 = VERTEX_POINT('',#3880);
#3880 = CARTESIAN_POINT('',(6.843579769135,-2.318150043488,4.));
#3881 = LINE('',#3882,#3883);
#3882 = CARTESIAN_POINT('',(6.843579769135,-2.318150043488,4.));
#3883 = VECTOR('',#3884,1.);
#3884 = DIRECTION('',(-0.896876505215,-0.442281058143,0.));
#3885 = ORIENTED_EDGE('',*,*,#3886,.T.);
#3886 = EDGE_CURVE('',#3879,#3887,#3889,.T.);
#3887 = VERTEX_POINT('',#3888);
#3888 = CARTESIAN_POINT('',(7.622270107269,-2.267110109329,4.));
#3889 = LINE('',#3890,#3891);
#3890 = CARTESIAN_POINT('',(6.843579769135,-2.318150043488,4.));
#3891 = VECTOR('',#3892,1.);
#3892 = DIRECTION('',(0.997858766599,6.540551905202E-02,0.));
#3893 = ORIENTED_EDGE('',*,*,#3894,.F.);
#3894 = EDGE_CURVE('',#3895,#3887,#3897,.T.);
#3895 = VERTEX_POINT('',#3896);
#3896 = CARTESIAN_POINT('',(8.361220359802,-2.517950057983,4.));
#3897 = LINE('',#3898,#3899);
#3898 = CARTESIAN_POINT('',(8.361220359802,-2.517950057983,4.));
#3899 = VECTOR('',#3900,1.);
#3900 = DIRECTION('',(-0.946930075534,0.321439624267,0.));
#3901 = ORIENTED_EDGE('',*,*,#3902,.F.);
#3902 = EDGE_CURVE('',#3903,#3895,#3905,.T.);
#3903 = VERTEX_POINT('',#3904);
#3904 = CARTESIAN_POINT('',(8.947919845581,-3.03248000145,4.));
#3905 = LINE('',#3906,#3907);
#3906 = CARTESIAN_POINT('',(8.947919845581,-3.03248000145,4.));
#3907 = VECTOR('',#3908,1.);
#3908 = DIRECTION('',(-0.751834532595,0.659351829904,0.));
#3909 = ORIENTED_EDGE('',*,*,#3910,.F.);
#3910 = EDGE_CURVE('',#3911,#3903,#3913,.T.);
#3911 = VERTEX_POINT('',#3912);
#3912 = CARTESIAN_POINT('',(9.277210235596,-3.700200080872,4.));
#3913 = LINE('',#3914,#3915);
#3914 = CARTESIAN_POINT('',(9.277210235596,-3.700200080872,4.));
#3915 = VECTOR('',#3916,1.);
#3916 = DIRECTION('',(-0.442296563263,0.896868858934,0.));
#3917 = ORIENTED_EDGE('',*,*,#3918,.F.);
#3918 = EDGE_CURVE('',#3919,#3911,#3921,.T.);
#3919 = VERTEX_POINT('',#3920);
#3920 = CARTESIAN_POINT('',(9.238800048828,-3.826829910278,4.));
#3921 = LINE('',#3922,#3923);
#3922 = CARTESIAN_POINT('',(9.238800048828,-3.826829910278,4.));
#3923 = VECTOR('',#3924,1.);
#3924 = DIRECTION('',(0.29026701656,0.956945692867,0.));
#3925 = ORIENTED_EDGE('',*,*,#3926,.F.);
#3926 = EDGE_CURVE('',#3722,#3919,#3927,.T.);
#3927 = LINE('',#3928,#3929);
#3928 = CARTESIAN_POINT('',(8.314700126648,-5.555699825287,4.));
#3929 = VECTOR('',#3930,1.);
#3930 = DIRECTION('',(0.471396617797,0.88192132797,0.));
#3931 = ORIENTED_EDGE('',*,*,#3721,.F.);
#3932 = ORIENTED_EDGE('',*,*,#3933,.F.);
#3933 = EDGE_CURVE('',#3781,#3699,#3934,.T.);
#3934 = LINE('',#3935,#3936);
#3935 = CARTESIAN_POINT('',(7.666440010071,-6.195769786835,4.));
#3936 = VECTOR('',#3937,1.);
#3937 = DIRECTION('',(0.997862800393,6.534394839305E-02,0.));
#3938 = PLANE('',#3939);
#3939 = AXIS2_PLACEMENT_3D('',#3940,#3941,#3942);
#3940 = CARTESIAN_POINT('',(7.042720031603,-4.788979186229,4.));
#3941 = DIRECTION('',(-0.,-0.,-1.));
#3942 = DIRECTION('',(-1.,0.,0.));
#3943 = ADVANCED_FACE('',(#3944),#3969,.T.);
#3944 = FACE_BOUND('',#3945,.T.);
#3945 = EDGE_LOOP('',(#3946,#3947,#3955,#3963));
#3946 = ORIENTED_EDGE('',*,*,#3838,.T.);
#3947 = ORIENTED_EDGE('',*,*,#3948,.T.);
#3948 = EDGE_CURVE('',#3831,#3949,#3951,.T.);
#3949 = VERTEX_POINT('',#3950);
#3950 = CARTESIAN_POINT('',(6.151529788971,-5.798160076141,0.));
#3951 = LINE('',#3952,#3953);
#3952 = CARTESIAN_POINT('',(6.151529788971,-5.798160076141,4.));
#3953 = VECTOR('',#3954,1.);
#3954 = DIRECTION('',(0.,0.,-1.));
#3955 = ORIENTED_EDGE('',*,*,#3956,.F.);
#3956 = EDGE_CURVE('',#3957,#3949,#3959,.T.);
#3957 = VERTEX_POINT('',#3958);
#3958 = CARTESIAN_POINT('',(5.774509906769,-5.467520236969,0.));
#3959 = LINE('',#3960,#3961);
#3960 = CARTESIAN_POINT('',(5.774509906769,-5.467520236969,0.));
#3961 = VECTOR('',#3962,1.);
#3962 = DIRECTION('',(0.75183755714,-0.659348381111,0.));
#3963 = ORIENTED_EDGE('',*,*,#3964,.T.);
#3964 = EDGE_CURVE('',#3957,#3839,#3965,.T.);
#3965 = LINE('',#3966,#3967);
#3966 = CARTESIAN_POINT('',(5.774509906769,-5.467520236969,0.));
#3967 = VECTOR('',#3968,1.);
#3968 = DIRECTION('',(0.,0.,1.));
#3969 = PLANE('',#3970);
#3970 = AXIS2_PLACEMENT_3D('',#3971,#3972,#3973);
#3971 = CARTESIAN_POINT('',(5.96301984787,-5.632840156555,2.));
#3972 = DIRECTION('',(0.659348381111,0.75183755714,0.));
#3973 = DIRECTION('',(0.75183755714,-0.659348381111,0.));
#3974 = ADVANCED_FACE('',(#3975),#4000,.T.);
#3975 = FACE_BOUND('',#3976,.T.);
#3976 = EDGE_LOOP('',(#3977,#3985,#3986,#3994));
#3977 = ORIENTED_EDGE('',*,*,#3978,.T.);
#3978 = EDGE_CURVE('',#3979,#3863,#3981,.T.);
#3979 = VERTEX_POINT('',#3980);
#3980 = CARTESIAN_POINT('',(5.629159927368,-3.25,0.));
#3981 = LINE('',#3982,#3983);
#3982 = CARTESIAN_POINT('',(5.629159927368,-3.25,0.));
#3983 = VECTOR('',#3984,1.);
#3984 = DIRECTION('',(0.,0.,1.));
#3985 = ORIENTED_EDGE('',*,*,#3862,.T.);
#3986 = ORIENTED_EDGE('',*,*,#3987,.T.);
#3987 = EDGE_CURVE('',#3855,#3988,#3990,.T.);
#3988 = VERTEX_POINT('',#3989);
#3989 = CARTESIAN_POINT('',(5.378330230713,-3.988950014114,0.));
#3990 = LINE('',#3991,#3992);
#3991 = CARTESIAN_POINT('',(5.378330230713,-3.988950014114,4.));
#3992 = VECTOR('',#3993,1.);
#3993 = DIRECTION('',(0.,0.,-1.));
#3994 = ORIENTED_EDGE('',*,*,#3995,.F.);
#3995 = EDGE_CURVE('',#3979,#3988,#3996,.T.);
#3996 = LINE('',#3997,#3998);
#3997 = CARTESIAN_POINT('',(5.629159927368,-3.25,0.));
#3998 = VECTOR('',#3999,1.);
#3999 = DIRECTION('',(-0.321427937136,-0.946934042702,0.));
#4000 = PLANE('',#4001);
#4001 = AXIS2_PLACEMENT_3D('',#4002,#4003,#4004);
#4002 = CARTESIAN_POINT('',(5.503745079041,-3.619475007057,2.));
#4003 = DIRECTION('',(0.946934042702,-0.321427937136,0.));
#4004 = DIRECTION('',(0.321427937136,0.946934042702,0.));
#4005 = ADVANCED_FACE('',(#4006),#4031,.T.);
#4006 = FACE_BOUND('',#4007,.T.);
#4007 = EDGE_LOOP('',(#4008,#4009,#4017,#4025));
#4008 = ORIENTED_EDGE('',*,*,#3878,.T.);
#4009 = ORIENTED_EDGE('',*,*,#4010,.T.);
#4010 = EDGE_CURVE('',#3871,#4011,#4013,.T.);
#4011 = VERTEX_POINT('',#4012);
#4012 = CARTESIAN_POINT('',(6.143690109253,-2.663290023804,0.));
#4013 = LINE('',#4014,#4015);
#4014 = CARTESIAN_POINT('',(6.143690109253,-2.663290023804,4.));
#4015 = VECTOR('',#4016,1.);
#4016 = DIRECTION('',(0.,0.,-1.));
#4017 = ORIENTED_EDGE('',*,*,#4018,.F.);
#4018 = EDGE_CURVE('',#4019,#4011,#4021,.T.);
#4019 = VERTEX_POINT('',#4020);
#4020 = CARTESIAN_POINT('',(6.843579769135,-2.318150043488,0.));
#4021 = LINE('',#4022,#4023);
#4022 = CARTESIAN_POINT('',(6.843579769135,-2.318150043488,0.));
#4023 = VECTOR('',#4024,1.);
#4024 = DIRECTION('',(-0.896876505215,-0.442281058143,0.));
#4025 = ORIENTED_EDGE('',*,*,#4026,.T.);
#4026 = EDGE_CURVE('',#4019,#3879,#4027,.T.);
#4027 = LINE('',#4028,#4029);
#4028 = CARTESIAN_POINT('',(6.843579769135,-2.318150043488,0.));
#4029 = VECTOR('',#4030,1.);
#4030 = DIRECTION('',(0.,0.,1.));
#4031 = PLANE('',#4032);
#4032 = AXIS2_PLACEMENT_3D('',#4033,#4034,#4035);
#4033 = CARTESIAN_POINT('',(6.493634939194,-2.490720033646,2.));
#4034 = DIRECTION('',(0.442281058143,-0.896876505215,-0.));
#4035 = DIRECTION('',(-0.896876505215,-0.442281058143,0.));
#4036 = ADVANCED_FACE('',(#4037),#4061,.T.);
#4037 = FACE_BOUND('',#4038,.T.);
#4038 = EDGE_LOOP('',(#4039,#4047,#4055));
#4039 = ORIENTED_EDGE('',*,*,#4040,.T.);
#4040 = EDGE_CURVE('',#4041,#760,#4043,.T.);
#4041 = VERTEX_POINT('',#4042);
#4042 = CARTESIAN_POINT('',(9.293069839478,-3.732359886169,0.));
#4043 = LINE('',#4044,#4045);
#4044 = CARTESIAN_POINT('',(9.293069839478,-3.732359886169,0.));
#4045 = VECTOR('',#4046,1.);
#4046 = DIRECTION('',(-5.286157038787E-03,1.071916943247E-02,
    0.999928575424));
#4047 = ORIENTED_EDGE('',*,*,#4048,.F.);
#4048 = EDGE_CURVE('',#4049,#760,#4051,.T.);
#4049 = VERTEX_POINT('',#4050);
#4050 = CARTESIAN_POINT('',(8.947919845581,-3.03248000145,0.));
#4051 = LINE('',#4052,#4053);
#4052 = CARTESIAN_POINT('',(8.947919845581,-3.03248000145,0.));
#4053 = VECTOR('',#4054,1.);
#4054 = DIRECTION('',(0.106531985832,-0.216020716663,0.970559625148));
#4055 = ORIENTED_EDGE('',*,*,#4056,.F.);
#4056 = EDGE_CURVE('',#4041,#4049,#4057,.T.);
#4057 = LINE('',#4058,#4059);
#4058 = CARTESIAN_POINT('',(9.293069839478,-3.732359886169,0.));
#4059 = VECTOR('',#4060,1.);
#4060 = DIRECTION('',(-0.442296348893,0.896868964652,0.));
#4061 = PLANE('',#4062);
#4062 = AXIS2_PLACEMENT_3D('',#4063,#4064,#4065);
#4063 = CARTESIAN_POINT('',(9.188813960243,-3.520954249263,1.32965492932
    ));
#4064 = DIRECTION('',(-0.896868964652,-0.442296348893,5.931702404707E-08
    ));
#4065 = DIRECTION('',(0.442296348893,-0.896868964652,-2.239258089552E-24
    ));
#4066 = ADVANCED_FACE('',(#4067),#4077,.T.);
#4067 = FACE_BOUND('',#4068,.T.);
#4068 = EDGE_LOOP('',(#4069,#4070,#4076));
#4069 = ORIENTED_EDGE('',*,*,#4040,.F.);
#4070 = ORIENTED_EDGE('',*,*,#4071,.F.);
#4071 = EDGE_CURVE('',#768,#4041,#4072,.T.);
#4072 = LINE('',#4073,#4074);
#4073 = CARTESIAN_POINT('',(9.293069839478,-3.732359886169,3.));
#4074 = VECTOR('',#4075,1.);
#4075 = DIRECTION('',(0.,0.,-1.));
#4076 = ORIENTED_EDGE('',*,*,#767,.F.);
#4077 = PLANE('',#4078);
#4078 = AXIS2_PLACEMENT_3D('',#4079,#4080,#4081);
#4079 = CARTESIAN_POINT('',(9.289081243931,-3.724271887432,
    1.508910871785));
#4080 = DIRECTION('',(-0.896871159621,-0.442291898004,-0.));
#4081 = DIRECTION('',(0.442291898004,-0.896871159621,0.));
#4082 = ADVANCED_FACE('',(#4083),#4099,.T.);
#4083 = FACE_BOUND('',#4084,.T.);
#4084 = EDGE_LOOP('',(#4085,#4086,#4092,#4093));
#4085 = ORIENTED_EDGE('',*,*,#4048,.T.);
#4086 = ORIENTED_EDGE('',*,*,#4087,.F.);
#4087 = EDGE_CURVE('',#3911,#760,#4088,.T.);
#4088 = LINE('',#4089,#4090);
#4089 = CARTESIAN_POINT('',(9.277210235596,-3.700200080872,4.));
#4090 = VECTOR('',#4091,1.);
#4091 = DIRECTION('',(0.,0.,-1.));
#4092 = ORIENTED_EDGE('',*,*,#3910,.T.);
#4093 = ORIENTED_EDGE('',*,*,#4094,.T.);
#4094 = EDGE_CURVE('',#3903,#4049,#4095,.T.);
#4095 = LINE('',#4096,#4097);
#4096 = CARTESIAN_POINT('',(8.947919845581,-3.03248000145,4.));
#4097 = VECTOR('',#4098,1.);
#4098 = DIRECTION('',(0.,0.,-1.));
#4099 = PLANE('',#4100);
#4100 = AXIS2_PLACEMENT_3D('',#4101,#4102,#4103);
#4101 = CARTESIAN_POINT('',(9.056661526592,-3.252981437517,
    2.163375287211));
#4102 = DIRECTION('',(-0.896868858934,-0.442296563263,-0.));
#4103 = DIRECTION('',(0.442296563263,-0.896868858934,0.));
#4104 = ADVANCED_FACE('',(#4105),#4130,.T.);
#4105 = FACE_BOUND('',#4106,.T.);
#4106 = EDGE_LOOP('',(#4107,#4108,#4116,#4124));
#4107 = ORIENTED_EDGE('',*,*,#3894,.T.);
#4108 = ORIENTED_EDGE('',*,*,#4109,.T.);
#4109 = EDGE_CURVE('',#3887,#4110,#4112,.T.);
#4110 = VERTEX_POINT('',#4111);
#4111 = CARTESIAN_POINT('',(7.622270107269,-2.267110109329,0.));
#4112 = LINE('',#4113,#4114);
#4113 = CARTESIAN_POINT('',(7.622270107269,-2.267110109329,4.));
#4114 = VECTOR('',#4115,1.);
#4115 = DIRECTION('',(0.,0.,-1.));
#4116 = ORIENTED_EDGE('',*,*,#4117,.F.);
#4117 = EDGE_CURVE('',#4118,#4110,#4120,.T.);
#4118 = VERTEX_POINT('',#4119);
#4119 = CARTESIAN_POINT('',(8.361220359802,-2.517950057983,0.));
#4120 = LINE('',#4121,#4122);
#4121 = CARTESIAN_POINT('',(8.361220359802,-2.517950057983,0.));
#4122 = VECTOR('',#4123,1.);
#4123 = DIRECTION('',(-0.946930075534,0.321439624267,0.));
#4124 = ORIENTED_EDGE('',*,*,#4125,.F.);
#4125 = EDGE_CURVE('',#3895,#4118,#4126,.T.);
#4126 = LINE('',#4127,#4128);
#4127 = CARTESIAN_POINT('',(8.361220359802,-2.517950057983,4.));
#4128 = VECTOR('',#4129,1.);
#4129 = DIRECTION('',(0.,0.,-1.));
#4130 = PLANE('',#4131);
#4131 = AXIS2_PLACEMENT_3D('',#4132,#4133,#4134);
#4132 = CARTESIAN_POINT('',(7.991745233536,-2.392530083656,2.));
#4133 = DIRECTION('',(-0.321439624267,-0.946930075534,-0.));
#4134 = DIRECTION('',(-0.946930075534,0.321439624267,0.));
#4135 = ADVANCED_FACE('',(#4136),#4147,.T.);
#4136 = FACE_BOUND('',#4137,.T.);
#4137 = EDGE_LOOP('',(#4138,#4139,#4140,#4146));
#4138 = ORIENTED_EDGE('',*,*,#3902,.T.);
#4139 = ORIENTED_EDGE('',*,*,#4125,.T.);
#4140 = ORIENTED_EDGE('',*,*,#4141,.F.);
#4141 = EDGE_CURVE('',#4049,#4118,#4142,.T.);
#4142 = LINE('',#4143,#4144);
#4143 = CARTESIAN_POINT('',(8.947919845581,-3.03248000145,0.));
#4144 = VECTOR('',#4145,1.);
#4145 = DIRECTION('',(-0.751834532595,0.659351829904,0.));
#4146 = ORIENTED_EDGE('',*,*,#4094,.F.);
#4147 = PLANE('',#4148);
#4148 = AXIS2_PLACEMENT_3D('',#4149,#4150,#4151);
#4149 = CARTESIAN_POINT('',(8.654570102692,-2.775215029716,2.));
#4150 = DIRECTION('',(-0.659351829904,-0.751834532595,-0.));
#4151 = DIRECTION('',(-0.751834532595,0.659351829904,0.));
#4152 = ADVANCED_FACE('',(#4153),#4177,.T.);
#4153 = FACE_BOUND('',#4154,.T.);
#4154 = EDGE_LOOP('',(#4155,#4163,#4171));
#4155 = ORIENTED_EDGE('',*,*,#4156,.T.);
#4156 = EDGE_CURVE('',#4157,#3911,#4159,.T.);
#4157 = VERTEX_POINT('',#4158);
#4158 = CARTESIAN_POINT('',(9.238800048828,-3.826829910278,15.));
#4159 = LINE('',#4160,#4161);
#4160 = CARTESIAN_POINT('',(9.238800048828,-3.826829910278,15.));
#4161 = VECTOR('',#4162,1.);
#4162 = DIRECTION('',(3.491582528495E-03,1.151096980127E-02,
    -0.999927650596));
#4163 = ORIENTED_EDGE('',*,*,#4164,.F.);
#4164 = EDGE_CURVE('',#4165,#3911,#4167,.T.);
#4165 = VERTEX_POINT('',#4166);
#4166 = CARTESIAN_POINT('',(9.807849884033,-1.950899958611,15.));
#4167 = LINE('',#4168,#4169);
#4168 = CARTESIAN_POINT('',(9.807849884033,-1.950899958611,15.));
#4169 = VECTOR('',#4170,1.);
#4170 = DIRECTION('',(-4.758733889725E-02,-0.156875834658,-0.98647119455
    ));
#4171 = ORIENTED_EDGE('',*,*,#4172,.T.);
#4172 = EDGE_CURVE('',#4165,#4157,#4173,.T.);
#4173 = LINE('',#4174,#4175);
#4174 = CARTESIAN_POINT('',(9.807849884033,-1.950899958611,15.));
#4175 = VECTOR('',#4176,1.);
#4176 = DIRECTION('',(-0.290281269855,-0.956941369349,0.));
#4177 = PLANE('',#4178);
#4178 = AXIS2_PLACEMENT_3D('',#4179,#4180,#4181);
#4179 = CARTESIAN_POINT('',(9.411157716285,-3.258632424594,
    9.947157855986));
#4180 = DIRECTION('',(0.956941369349,-0.290281269855,-1.791781254971E-07
    ));
#4181 = DIRECTION('',(0.290281269855,0.956941369349,-8.984976309514E-24)
  );
#4182 = ADVANCED_FACE('',(#4183),#4193,.T.);
#4183 = FACE_BOUND('',#4184,.T.);
#4184 = EDGE_LOOP('',(#4185,#4186,#4192));
#4185 = ORIENTED_EDGE('',*,*,#4156,.F.);
#4186 = ORIENTED_EDGE('',*,*,#4187,.T.);
#4187 = EDGE_CURVE('',#4157,#3919,#4188,.T.);
#4188 = LINE('',#4189,#4190);
#4189 = CARTESIAN_POINT('',(9.238800048828,-3.826829910278,15.));
#4190 = VECTOR('',#4191,1.);
#4191 = DIRECTION('',(0.,0.,-1.));
#4192 = ORIENTED_EDGE('',*,*,#3918,.T.);
#4193 = PLANE('',#4194);
#4194 = AXIS2_PLACEMENT_3D('',#4195,#4196,#4197);
#4195 = CARTESIAN_POINT('',(9.248460351474,-3.794982044411,
    9.467117205218));
#4196 = DIRECTION('',(0.956945692867,-0.29026701656,0.));
#4197 = DIRECTION('',(0.29026701656,0.956945692867,0.));
#4198 = ADVANCED_FACE('',(#4199),#4216,.T.);
#4199 = FACE_BOUND('',#4200,.T.);
#4200 = EDGE_LOOP('',(#4201,#4209,#4215));
#4201 = ORIENTED_EDGE('',*,*,#4202,.T.);
#4202 = EDGE_CURVE('',#800,#4203,#4205,.T.);
#4203 = VERTEX_POINT('',#4204);
#4204 = CARTESIAN_POINT('',(7.878849983215,-6.181849956512,0.));
#4205 = LINE('',#4206,#4207);
#4206 = CARTESIAN_POINT('',(7.878849983215,-6.181849956512,3.));
#4207 = VECTOR('',#4208,1.);
#4208 = DIRECTION('',(0.,0.,-1.));
#4209 = ORIENTED_EDGE('',*,*,#4210,.T.);
#4210 = EDGE_CURVE('',#4203,#808,#4211,.T.);
#4211 = LINE('',#4212,#4213);
#4212 = CARTESIAN_POINT('',(7.878849983215,-6.181849956512,0.));
#4213 = VECTOR('',#4214,1.);
#4214 = DIRECTION('',(-2.747622014356E-02,-1.802714341262E-03,
    0.99962083189));
#4215 = ORIENTED_EDGE('',*,*,#807,.F.);
#4216 = PLANE('',#4217);
#4217 = AXIS2_PLACEMENT_3D('',#4218,#4219,#4220);
#4218 = CARTESIAN_POINT('',(7.857951127949,-6.183221130055,
    1.520374820399));
#4219 = DIRECTION('',(-6.546922279544E-02,0.997854589039,0.));
#4220 = DIRECTION('',(0.997854589039,6.546922279544E-02,0.));
#4221 = ADVANCED_FACE('',(#4222),#4239,.T.);
#4222 = FACE_BOUND('',#4223,.T.);
#4223 = EDGE_LOOP('',(#4224,#4232,#4233));
#4224 = ORIENTED_EDGE('',*,*,#4225,.T.);
#4225 = EDGE_CURVE('',#4226,#808,#4228,.T.);
#4226 = VERTEX_POINT('',#4227);
#4227 = CARTESIAN_POINT('',(7.666440010071,-6.195769786835,0.));
#4228 = LINE('',#4229,#4230);
#4229 = CARTESIAN_POINT('',(7.666440010071,-6.195769786835,0.));
#4230 = VECTOR('',#4231,1.);
#4231 = DIRECTION('',(4.327592720392E-02,2.833876513645E-03,
    0.999059139025));
#4232 = ORIENTED_EDGE('',*,*,#4210,.F.);
#4233 = ORIENTED_EDGE('',*,*,#4234,.F.);
#4234 = EDGE_CURVE('',#4226,#4203,#4235,.T.);
#4235 = LINE('',#4236,#4237);
#4236 = CARTESIAN_POINT('',(7.666440010071,-6.195769786835,0.));
#4237 = VECTOR('',#4238,1.);
#4238 = DIRECTION('',(0.997859614505,6.539258168403E-02,0.));
#4239 = PLANE('',#4240);
#4240 = AXIS2_PLACEMENT_3D('',#4241,#4242,#4243);
#4241 = CARTESIAN_POINT('',(7.784096596071,-6.188062487175,
    1.448639669285));
#4242 = DIRECTION('',(-6.539258168388E-02,0.997859614503,
    2.115669723686E-06));
#4243 = DIRECTION('',(0.997859614505,6.539258168403E-02,
    1.157457208981E-23));
#4244 = ADVANCED_FACE('',(#4245),#4267,.T.);
#4245 = FACE_BOUND('',#4246,.T.);
#4246 = EDGE_LOOP('',(#4247,#4255,#4261));
#4247 = ORIENTED_EDGE('',*,*,#4248,.T.);
#4248 = EDGE_CURVE('',#4249,#816,#4251,.T.);
#4249 = VERTEX_POINT('',#4250);
#4250 = CARTESIAN_POINT('',(7.733779907227,-6.296559810638,0.));
#4251 = LINE('',#4252,#4253);
#4252 = CARTESIAN_POINT('',(7.733779907227,-6.296559810638,0.));
#4253 = VECTOR('',#4254,1.);
#4254 = DIRECTION('',(-4.05316691044E-03,6.066478751331E-03,
    0.999973384483));
#4255 = ORIENTED_EDGE('',*,*,#4256,.F.);
#4256 = EDGE_CURVE('',#4226,#816,#4257,.T.);
#4257 = LINE('',#4258,#4259);
#4258 = CARTESIAN_POINT('',(7.666440010071,-6.195769786835,0.));
#4259 = VECTOR('',#4260,1.);
#4260 = DIRECTION('',(1.838328430746E-02,-2.751495731275E-02,
    0.999452341026));
#4261 = ORIENTED_EDGE('',*,*,#4262,.F.);
#4262 = EDGE_CURVE('',#4249,#4226,#4263,.T.);
#4263 = LINE('',#4264,#4265);
#4264 = CARTESIAN_POINT('',(7.733779907227,-6.296559810638,0.));
#4265 = VECTOR('',#4266,1.);
#4266 = DIRECTION('',(-0.555536903859,0.831491881169,0.));
#4267 = PLANE('',#4268);
#4268 = AXIS2_PLACEMENT_3D('',#4269,#4270,#4271);
#4269 = CARTESIAN_POINT('',(7.710647802417,-6.261937224732,
    1.470304487996));
#4270 = DIRECTION('',(-0.831491881169,-0.555536903859,
    -2.255681464665E-08));
#4271 = DIRECTION('',(0.555536903859,-0.831491881169,-4.415985110156E-25
    ));
#4272 = ADVANCED_FACE('',(#4273),#4283,.T.);
#4273 = FACE_BOUND('',#4274,.T.);
#4274 = EDGE_LOOP('',(#4275,#4276,#4282));
#4275 = ORIENTED_EDGE('',*,*,#4248,.F.);
#4276 = ORIENTED_EDGE('',*,*,#4277,.T.);
#4277 = EDGE_CURVE('',#4249,#824,#4278,.T.);
#4278 = LINE('',#4279,#4280);
#4279 = CARTESIAN_POINT('',(7.733779907227,-6.296559810638,0.));
#4280 = VECTOR('',#4281,1.);
#4281 = DIRECTION('',(0.,0.,1.));
#4282 = ORIENTED_EDGE('',*,*,#823,.F.);
#4283 = PLANE('',#4284);
#4284 = AXIS2_PLACEMENT_3D('',#4285,#4286,#4287);
#4285 = CARTESIAN_POINT('',(7.730728861361,-6.291993232127,
    1.505452117192));
#4286 = DIRECTION('',(-0.831490163654,-0.555539474517,-0.));
#4287 = DIRECTION('',(0.555539474517,-0.831490163654,0.));
#4288 = ADVANCED_FACE('',(#4289),#4306,.T.);
#4289 = FACE_BOUND('',#4290,.T.);
#4290 = EDGE_LOOP('',(#4291,#4299,#4305));
#4291 = ORIENTED_EDGE('',*,*,#4292,.T.);
#4292 = EDGE_CURVE('',#872,#4293,#4295,.T.);
#4293 = VERTEX_POINT('',#4294);
#4294 = CARTESIAN_POINT('',(6.296559810638,-7.733779907227,0.));
#4295 = LINE('',#4296,#4297);
#4296 = CARTESIAN_POINT('',(6.296559810638,-7.733779907227,3.));
#4297 = VECTOR('',#4298,1.);
#4298 = DIRECTION('',(0.,0.,-1.));
#4299 = ORIENTED_EDGE('',*,*,#4300,.T.);
#4300 = EDGE_CURVE('',#4293,#880,#4301,.T.);
#4301 = LINE('',#4302,#4303);
#4302 = CARTESIAN_POINT('',(6.296559810638,-7.733779907227,0.));
#4303 = VECTOR('',#4304,1.);
#4304 = DIRECTION('',(-6.066478751331E-03,4.05316691044E-03,
    0.999973384483));
#4305 = ORIENTED_EDGE('',*,*,#879,.F.);
#4306 = PLANE('',#4307);
#4307 = AXIS2_PLACEMENT_3D('',#4308,#4309,#4310);
#4308 = CARTESIAN_POINT('',(6.291993232127,-7.730728861361,
    1.505452117192));
#4309 = DIRECTION('',(0.555539474517,0.831490163654,0.));
#4310 = DIRECTION('',(0.831490163654,-0.555539474517,0.));
#4311 = ADVANCED_FACE('',(#4312),#4329,.T.);
#4312 = FACE_BOUND('',#4313,.T.);
#4313 = EDGE_LOOP('',(#4314,#4322,#4323));
#4314 = ORIENTED_EDGE('',*,*,#4315,.T.);
#4315 = EDGE_CURVE('',#4316,#880,#4318,.T.);
#4316 = VERTEX_POINT('',#4317);
#4317 = CARTESIAN_POINT('',(5.939700126648,-7.495329856873,0.));
#4318 = LINE('',#4319,#4320);
#4319 = CARTESIAN_POINT('',(5.939700126648,-7.495329856873,0.));
#4320 = VECTOR('',#4321,1.);
#4321 = DIRECTION('',(0.111860330359,-7.474433687095E-02,0.990908951719)
  );
#4322 = ORIENTED_EDGE('',*,*,#4300,.F.);
#4323 = ORIENTED_EDGE('',*,*,#4324,.F.);
#4324 = EDGE_CURVE('',#4316,#4293,#4325,.T.);
#4325 = LINE('',#4326,#4327);
#4326 = CARTESIAN_POINT('',(5.939700126648,-7.495329856873,0.));
#4327 = VECTOR('',#4328,1.);
#4328 = DIRECTION('',(0.831465271813,-0.555576728966,0.));
#4329 = PLANE('',#4330);
#4330 = AXIS2_PLACEMENT_3D('',#4331,#4332,#4333);
#4331 = CARTESIAN_POINT('',(6.192540365555,-7.664275711143,
    1.400292574567));
#4332 = DIRECTION('',(0.555576728966,0.831465271813,3.269028165287E-07)
  );
#4333 = DIRECTION('',(0.831465271813,-0.555576728966,-4.000834597561E-24
    ));
#4334 = ADVANCED_FACE('',(#4335),#4359,.T.);
#4335 = FACE_BOUND('',#4336,.T.);
#4336 = EDGE_LOOP('',(#4337,#4345,#4353));
#4337 = ORIENTED_EDGE('',*,*,#4338,.T.);
#4338 = EDGE_CURVE('',#4339,#912,#4341,.T.);
#4339 = VERTEX_POINT('',#4340);
#4340 = CARTESIAN_POINT('',(1.414209961891,-9.914210319519,0.));
#4341 = LINE('',#4342,#4343);
#4342 = CARTESIAN_POINT('',(1.414209961891,-9.914210319519,0.));
#4343 = VECTOR('',#4344,1.);
#4344 = DIRECTION('',(1.275330446661E-02,1.908498691292E-02,
    0.99973652354));
#4345 = ORIENTED_EDGE('',*,*,#4346,.F.);
#4346 = EDGE_CURVE('',#4347,#912,#4349,.T.);
#4347 = VERTEX_POINT('',#4348);
#4348 = CARTESIAN_POINT('',(1.847759962082,-9.265370368958,0.));
#4349 = LINE('',#4350,#4351);
#4350 = CARTESIAN_POINT('',(1.847759962082,-9.265370368958,0.));
#4351 = VECTOR('',#4352,1.);
#4352 = DIRECTION('',(-0.128203931411,-0.191868008169,0.97301100683));
#4353 = ORIENTED_EDGE('',*,*,#4354,.F.);
#4354 = EDGE_CURVE('',#4339,#4347,#4355,.T.);
#4355 = LINE('',#4356,#4357);
#4356 = CARTESIAN_POINT('',(1.414209961891,-9.914210319519,0.));
#4357 = VECTOR('',#4358,1.);
#4358 = DIRECTION('',(0.555578211488,0.831464281205,0.));
#4359 = PLANE('',#4360);
#4360 = AXIS2_PLACEMENT_3D('',#4361,#4362,#4363);
#4361 = CARTESIAN_POINT('',(1.55318034966,-9.70623246622,1.329476165544)
  );
#4362 = DIRECTION('',(-0.831464281205,0.555578211488,7.144241938273E-07)
  );
#4363 = DIRECTION('',(-0.555578211488,-0.831464281205,
    -1.262498714828E-23));
#4364 = ADVANCED_FACE('',(#4365),#4375,.T.);
#4365 = FACE_BOUND('',#4366,.T.);
#4366 = EDGE_LOOP('',(#4367,#4368,#4374));
#4367 = ORIENTED_EDGE('',*,*,#4338,.F.);
#4368 = ORIENTED_EDGE('',*,*,#4369,.F.);
#4369 = EDGE_CURVE('',#920,#4339,#4370,.T.);
#4370 = LINE('',#4371,#4372);
#4371 = CARTESIAN_POINT('',(1.414209961891,-9.914210319519,3.));
#4372 = VECTOR('',#4373,1.);
#4373 = DIRECTION('',(0.,0.,-1.));
#4374 = ORIENTED_EDGE('',*,*,#919,.F.);
#4375 = PLANE('',#4376);
#4376 = AXIS2_PLACEMENT_3D('',#4377,#4378,#4379);
#4377 = CARTESIAN_POINT('',(1.423887281435,-9.899728463673,
    1.517022334906));
#4378 = DIRECTION('',(-0.831446993405,0.5556040831,-0.));
#4379 = DIRECTION('',(-0.5556040831,-0.831446993405,0.));
#4380 = ADVANCED_FACE('',(#4381),#4406,.T.);
#4381 = FACE_BOUND('',#4382,.T.);
#4382 = EDGE_LOOP('',(#4383,#4384,#4392,#4400));
#4383 = ORIENTED_EDGE('',*,*,#4346,.T.);
#4384 = ORIENTED_EDGE('',*,*,#4385,.F.);
#4385 = EDGE_CURVE('',#4386,#912,#4388,.T.);
#4386 = VERTEX_POINT('',#4387);
#4387 = CARTESIAN_POINT('',(1.452479958534,-9.85694026947,4.));
#4388 = LINE('',#4389,#4390);
#4389 = CARTESIAN_POINT('',(1.452479958534,-9.85694026947,4.));
#4390 = VECTOR('',#4391,1.);
#4391 = DIRECTION('',(0.,0.,-1.));
#4392 = ORIENTED_EDGE('',*,*,#4393,.T.);
#4393 = EDGE_CURVE('',#4386,#4394,#4396,.T.);
#4394 = VERTEX_POINT('',#4395);
#4395 = CARTESIAN_POINT('',(1.847759962082,-9.265370368958,4.));
#4396 = LINE('',#4397,#4398);
#4397 = CARTESIAN_POINT('',(1.452479958534,-9.85694026947,4.));
#4398 = VECTOR('',#4399,1.);
#4399 = DIRECTION('',(0.555575706764,0.831465954837,0.));
#4400 = ORIENTED_EDGE('',*,*,#4401,.T.);
#4401 = EDGE_CURVE('',#4394,#4347,#4402,.T.);
#4402 = LINE('',#4403,#4404);
#4403 = CARTESIAN_POINT('',(1.847759962082,-9.265370368958,4.));
#4404 = VECTOR('',#4405,1.);
#4405 = DIRECTION('',(0.,0.,-1.));
#4406 = PLANE('',#4407);
#4407 = AXIS2_PLACEMENT_3D('',#4408,#4409,#4410);
#4408 = CARTESIAN_POINT('',(1.717537906512,-9.460258670331,
    2.157066347517));
#4409 = DIRECTION('',(-0.831465954837,0.555575706764,-0.));
#4410 = DIRECTION('',(-0.555575706764,-0.831465954837,0.));
#4411 = ADVANCED_FACE('',(#4412),#4438,.T.);
#4412 = FACE_BOUND('',#4413,.T.);
#4413 = EDGE_LOOP('',(#4414,#4424,#4432));
#4414 = ORIENTED_EDGE('',*,*,#4415,.T.);
#4415 = EDGE_CURVE('',#4416,#4418,#4420,.T.);
#4416 = VERTEX_POINT('',#4417);
#4417 = CARTESIAN_POINT('',(-1.950899958611,-9.807849884033,15.));
#4418 = VERTEX_POINT('',#4419);
#4419 = CARTESIAN_POINT('',(-1.452479958534,-9.85694026947,4.));
#4420 = LINE('',#4421,#4422);
#4421 = CARTESIAN_POINT('',(-1.950899958611,-9.807849884033,15.));
#4422 = VECTOR('',#4423,1.);
#4423 = DIRECTION('',(4.526401735212E-02,-4.458143850373E-03,
    -0.998965111346));
#4424 = ORIENTED_EDGE('',*,*,#4425,.T.);
#4425 = EDGE_CURVE('',#4418,#4426,#4428,.T.);
#4426 = VERTEX_POINT('',#4427);
#4427 = CARTESIAN_POINT('',(0.,-10.,15.));
#4428 = LINE('',#4429,#4430);
#4429 = CARTESIAN_POINT('',(-1.452479958534,-9.85694026947,4.));
#4430 = VECTOR('',#4431,1.);
#4431 = DIRECTION('',(0.130896465416,-1.289244162007E-02,0.991312211309)
  );
#4432 = ORIENTED_EDGE('',*,*,#4433,.F.);
#4433 = EDGE_CURVE('',#4416,#4426,#4434,.T.);
#4434 = LINE('',#4435,#4436);
#4435 = CARTESIAN_POINT('',(-1.950899958611,-9.807849884033,15.));
#4436 = VECTOR('',#4437,1.);
#4437 = DIRECTION('',(0.995184565389,-9.801877784861E-02,0.));
#4438 = PLANE('',#4439);
#4439 = AXIS2_PLACEMENT_3D('',#4440,#4441,#4442);
#4440 = CARTESIAN_POINT('',(-1.192815398711,-9.882515713231,
    9.947972704819));
#4441 = DIRECTION('',(-9.801877784861E-02,-0.995184565389,
    -4.776062361325E-08));
#4442 = DIRECTION('',(-0.995184565389,9.801877784861E-02,
    -2.101969512571E-25));
#4443 = ADVANCED_FACE('',(#4444),#4461,.T.);
#4444 = FACE_BOUND('',#4445,.T.);
#4445 = EDGE_LOOP('',(#4446,#4447,#4455));
#4446 = ORIENTED_EDGE('',*,*,#4425,.F.);
#4447 = ORIENTED_EDGE('',*,*,#4448,.T.);
#4448 = EDGE_CURVE('',#4418,#4449,#4451,.T.);
#4449 = VERTEX_POINT('',#4450);
#4450 = CARTESIAN_POINT('',(0.,-10.,4.));
#4451 = LINE('',#4452,#4453);
#4452 = CARTESIAN_POINT('',(-1.452479958534,-9.85694026947,4.));
#4453 = VECTOR('',#4454,1.);
#4454 = DIRECTION('',(0.995184530106,-9.801913607681E-02,0.));
#4455 = ORIENTED_EDGE('',*,*,#4456,.F.);
#4456 = EDGE_CURVE('',#4426,#4449,#4457,.T.);
#4457 = LINE('',#4458,#4459);
#4458 = CARTESIAN_POINT('',(0.,-10.,15.));
#4459 = VECTOR('',#4460,1.);
#4460 = DIRECTION('',(0.,0.,-1.));
#4461 = PLANE('',#4462);
#4462 = AXIS2_PLACEMENT_3D('',#4463,#4464,#4465);
#4463 = CARTESIAN_POINT('',(-0.38710473452,-9.961872727619,
    9.159223757517));
#4464 = DIRECTION('',(-9.801913607681E-02,-0.995184530106,-0.));
#4465 = DIRECTION('',(-0.995184530106,9.801913607681E-02,0.));
#4466 = ADVANCED_FACE('',(#4467),#4482,.T.);
#4467 = FACE_BOUND('',#4468,.T.);
#4468 = EDGE_LOOP('',(#4469,#4475,#4476));
#4469 = ORIENTED_EDGE('',*,*,#4470,.T.);
#4470 = EDGE_CURVE('',#4386,#4426,#4471,.T.);
#4471 = LINE('',#4472,#4473);
#4472 = CARTESIAN_POINT('',(1.452479958534,-9.85694026947,4.));
#4473 = VECTOR('',#4474,1.);
#4474 = DIRECTION('',(-0.130896465416,-1.289244162007E-02,0.991312211309
    ));
#4475 = ORIENTED_EDGE('',*,*,#4456,.T.);
#4476 = ORIENTED_EDGE('',*,*,#4477,.T.);
#4477 = EDGE_CURVE('',#4449,#4386,#4478,.T.);
#4478 = LINE('',#4479,#4480);
#4479 = CARTESIAN_POINT('',(0.,-10.,4.));
#4480 = VECTOR('',#4481,1.);
#4481 = DIRECTION('',(0.995184530106,9.801913607681E-02,0.));
#4482 = PLANE('',#4483);
#4483 = AXIS2_PLACEMENT_3D('',#4484,#4485,#4486);
#4484 = CARTESIAN_POINT('',(0.38710473452,-9.961872727619,9.159223757517
    ));
#4485 = DIRECTION('',(9.801913607681E-02,-0.995184530106,-0.));
#4486 = DIRECTION('',(-0.995184530106,-9.801913607681E-02,0.));
#4487 = ADVANCED_FACE('',(#4488),#4505,.T.);
#4488 = FACE_BOUND('',#4489,.T.);
#4489 = EDGE_LOOP('',(#4490,#4491,#4499));
#4490 = ORIENTED_EDGE('',*,*,#4470,.F.);
#4491 = ORIENTED_EDGE('',*,*,#4492,.T.);
#4492 = EDGE_CURVE('',#4386,#4493,#4495,.T.);
#4493 = VERTEX_POINT('',#4494);
#4494 = CARTESIAN_POINT('',(1.950899958611,-9.807849884033,15.));
#4495 = LINE('',#4496,#4497);
#4496 = CARTESIAN_POINT('',(1.452479958534,-9.85694026947,4.));
#4497 = VECTOR('',#4498,1.);
#4498 = DIRECTION('',(4.526401735212E-02,4.458143850373E-03,
    0.998965111346));
#4499 = ORIENTED_EDGE('',*,*,#4500,.T.);
#4500 = EDGE_CURVE('',#4493,#4426,#4501,.T.);
#4501 = LINE('',#4502,#4503);
#4502 = CARTESIAN_POINT('',(1.950899958611,-9.807849884033,15.));
#4503 = VECTOR('',#4504,1.);
#4504 = DIRECTION('',(-0.995184565389,-9.801877784861E-02,0.));
#4505 = PLANE('',#4506);
#4506 = AXIS2_PLACEMENT_3D('',#4507,#4508,#4509);
#4507 = CARTESIAN_POINT('',(1.192815398711,-9.882515713231,
    9.947972704819));
#4508 = DIRECTION('',(9.801877784861E-02,-0.995184565389,
    -4.776062361231E-08));
#4509 = DIRECTION('',(-0.995184565389,-9.801877784861E-02,
    4.543496015833E-25));
#4510 = ADVANCED_FACE('',(#4511),#4602,.T.);
#4511 = FACE_BOUND('',#4512,.T.);
#4512 = EDGE_LOOP('',(#4513,#4521,#4522,#4523,#4524,#4532,#4540,#4548,
    #4556,#4564,#4572,#4580,#4588,#4596));
#4513 = ORIENTED_EDGE('',*,*,#4514,.T.);
#4514 = EDGE_CURVE('',#4515,#4394,#4517,.T.);
#4515 = VERTEX_POINT('',#4516);
#4516 = CARTESIAN_POINT('',(2.,-8.5,4.));
#4517 = LINE('',#4518,#4519);
#4518 = CARTESIAN_POINT('',(2.,-8.5,4.));
#4519 = VECTOR('',#4520,1.);
#4520 = DIRECTION('',(-0.195088357009,-0.980785671265,0.));
#4521 = ORIENTED_EDGE('',*,*,#4393,.F.);
#4522 = ORIENTED_EDGE('',*,*,#4477,.F.);
#4523 = ORIENTED_EDGE('',*,*,#4448,.F.);
#4524 = ORIENTED_EDGE('',*,*,#4525,.T.);
#4525 = EDGE_CURVE('',#4418,#4526,#4528,.T.);
#4526 = VERTEX_POINT('',#4527);
#4527 = CARTESIAN_POINT('',(-1.847759962082,-9.265370368958,4.));
#4528 = LINE('',#4529,#4530);
#4529 = CARTESIAN_POINT('',(-1.452479958534,-9.85694026947,4.));
#4530 = VECTOR('',#4531,1.);
#4531 = DIRECTION('',(-0.555575706764,0.831465954837,0.));
#4532 = ORIENTED_EDGE('',*,*,#4533,.T.);
#4533 = EDGE_CURVE('',#4526,#4534,#4536,.T.);
#4534 = VERTEX_POINT('',#4535);
#4535 = CARTESIAN_POINT('',(-2.,-8.5,4.));
#4536 = LINE('',#4537,#4538);
#4537 = CARTESIAN_POINT('',(-1.847759962082,-9.265370368958,4.));
#4538 = VECTOR('',#4539,1.);
#4539 = DIRECTION('',(-0.195088357009,0.980785671265,0.));
#4540 = ORIENTED_EDGE('',*,*,#4541,.T.);
#4541 = EDGE_CURVE('',#4534,#4542,#4544,.T.);
#4542 = VERTEX_POINT('',#4543);
#4543 = CARTESIAN_POINT('',(-1.847759962082,-7.73463010788,4.));
#4544 = LINE('',#4545,#4546);
#4545 = CARTESIAN_POINT('',(-2.,-8.5,4.));
#4546 = VECTOR('',#4547,1.);
#4547 = DIRECTION('',(0.195088473926,0.980785648009,0.));
#4548 = ORIENTED_EDGE('',*,*,#4549,.T.);
#4549 = EDGE_CURVE('',#4542,#4550,#4552,.T.);
#4550 = VERTEX_POINT('',#4551);
#4551 = CARTESIAN_POINT('',(-1.414209961891,-7.085790157318,4.));
#4552 = LINE('',#4553,#4554);
#4553 = CARTESIAN_POINT('',(-1.847759962082,-7.73463010788,4.));
#4554 = VECTOR('',#4555,1.);
#4555 = DIRECTION('',(0.555578211488,0.831464281205,0.));
#4556 = ORIENTED_EDGE('',*,*,#4557,.T.);
#4557 = EDGE_CURVE('',#4550,#4558,#4560,.T.);
#4558 = VERTEX_POINT('',#4559);
#4559 = CARTESIAN_POINT('',(-0.765366971493,-6.6522397995,4.));
#4560 = LINE('',#4561,#4562);
#4561 = CARTESIAN_POINT('',(-1.414209961891,-7.085790157318,4.));
#4562 = VECTOR('',#4563,1.);
#4563 = DIRECTION('',(0.831465271891,0.555576728849,0.));
#4564 = ORIENTED_EDGE('',*,*,#4565,.T.);
#4565 = EDGE_CURVE('',#4558,#4566,#4568,.T.);
#4566 = VERTEX_POINT('',#4567);
#4567 = CARTESIAN_POINT('',(0.,-6.5,4.));
#4568 = LINE('',#4569,#4570);
#4569 = CARTESIAN_POINT('',(-0.765366971493,-6.6522397995,4.));
#4570 = VECTOR('',#4571,1.);
#4571 = DIRECTION('',(0.980785564024,0.195088896151,0.));
#4572 = ORIENTED_EDGE('',*,*,#4573,.T.);
#4573 = EDGE_CURVE('',#4566,#4574,#4576,.T.);
#4574 = VERTEX_POINT('',#4575);
#4575 = CARTESIAN_POINT('',(0.765366971493,-6.6522397995,4.));
#4576 = LINE('',#4577,#4578);
#4577 = CARTESIAN_POINT('',(0.,-6.5,4.));
#4578 = VECTOR('',#4579,1.);
#4579 = DIRECTION('',(0.980785564024,-0.195088896151,0.));
#4580 = ORIENTED_EDGE('',*,*,#4581,.T.);
#4581 = EDGE_CURVE('',#4574,#4582,#4584,.T.);
#4582 = VERTEX_POINT('',#4583);
#4583 = CARTESIAN_POINT('',(1.414209961891,-7.085790157318,4.));
#4584 = LINE('',#4585,#4586);
#4585 = CARTESIAN_POINT('',(0.765366971493,-6.6522397995,4.));
#4586 = VECTOR('',#4587,1.);
#4587 = DIRECTION('',(0.831465271891,-0.555576728849,0.));
#4588 = ORIENTED_EDGE('',*,*,#4589,.T.);
#4589 = EDGE_CURVE('',#4582,#4590,#4592,.T.);
#4590 = VERTEX_POINT('',#4591);
#4591 = CARTESIAN_POINT('',(1.847759962082,-7.73463010788,4.));
#4592 = LINE('',#4593,#4594);
#4593 = CARTESIAN_POINT('',(1.414209961891,-7.085790157318,4.));
#4594 = VECTOR('',#4595,1.);
#4595 = DIRECTION('',(0.555578211488,-0.831464281205,0.));
#4596 = ORIENTED_EDGE('',*,*,#4597,.T.);
#4597 = EDGE_CURVE('',#4590,#4515,#4598,.T.);
#4598 = LINE('',#4599,#4600);
#4599 = CARTESIAN_POINT('',(1.847759962082,-7.73463010788,4.));
#4600 = VECTOR('',#4601,1.);
#4601 = DIRECTION('',(0.195088473926,-0.980785648009,0.));
#4602 = PLANE('',#4603);
#4603 = AXIS2_PLACEMENT_3D('',#4604,#4605,#4606);
#4604 = CARTESIAN_POINT('',(9.140955501265E-18,-8.370792346668,4.));
#4605 = DIRECTION('',(-0.,-0.,-1.));
#4606 = DIRECTION('',(-1.,0.,0.));
#4607 = ADVANCED_FACE('',(#4608),#4625,.T.);
#4608 = FACE_BOUND('',#4609,.T.);
#4609 = EDGE_LOOP('',(#4610,#4618,#4619));
#4610 = ORIENTED_EDGE('',*,*,#4611,.T.);
#4611 = EDGE_CURVE('',#4612,#960,#4614,.T.);
#4612 = VERTEX_POINT('',#4613);
#4613 = CARTESIAN_POINT('',(-1.414209961891,-9.914210319519,0.));
#4614 = LINE('',#4615,#4616);
#4615 = CARTESIAN_POINT('',(-1.414209961891,-9.914210319519,0.));
#4616 = VECTOR('',#4617,1.);
#4617 = DIRECTION('',(-1.275330446661E-02,1.908498691292E-02,
    0.99973652354));
#4618 = ORIENTED_EDGE('',*,*,#959,.F.);
#4619 = ORIENTED_EDGE('',*,*,#4620,.F.);
#4620 = EDGE_CURVE('',#4612,#952,#4621,.T.);
#4621 = LINE('',#4622,#4623);
#4622 = CARTESIAN_POINT('',(-1.414209961891,-9.914210319519,0.));
#4623 = VECTOR('',#4624,1.);
#4624 = DIRECTION('',(0.,0.,1.));
#4625 = PLANE('',#4626);
#4626 = AXIS2_PLACEMENT_3D('',#4627,#4628,#4629);
#4627 = CARTESIAN_POINT('',(-1.423887281435,-9.899728463673,
    1.517022334906));
#4628 = DIRECTION('',(0.831446993405,0.5556040831,0.));
#4629 = DIRECTION('',(-0.5556040831,0.831446993405,0.));
#4630 = ADVANCED_FACE('',(#4631),#4648,.T.);
#4631 = FACE_BOUND('',#4632,.T.);
#4632 = EDGE_LOOP('',(#4633,#4634,#4642));
#4633 = ORIENTED_EDGE('',*,*,#4611,.F.);
#4634 = ORIENTED_EDGE('',*,*,#4635,.F.);
#4635 = EDGE_CURVE('',#4636,#4612,#4638,.T.);
#4636 = VERTEX_POINT('',#4637);
#4637 = CARTESIAN_POINT('',(-1.847759962082,-9.265370368958,0.));
#4638 = LINE('',#4639,#4640);
#4639 = CARTESIAN_POINT('',(-1.847759962082,-9.265370368958,0.));
#4640 = VECTOR('',#4641,1.);
#4641 = DIRECTION('',(0.555578211488,-0.831464281205,0.));
#4642 = ORIENTED_EDGE('',*,*,#4643,.F.);
#4643 = EDGE_CURVE('',#960,#4636,#4644,.T.);
#4644 = LINE('',#4645,#4646);
#4645 = CARTESIAN_POINT('',(-1.452479958534,-9.85694026947,3.));
#4646 = VECTOR('',#4647,1.);
#4647 = DIRECTION('',(-0.128203931411,0.191868008169,-0.97301100683));
#4648 = PLANE('',#4649);
#4649 = AXIS2_PLACEMENT_3D('',#4650,#4651,#4652);
#4650 = CARTESIAN_POINT('',(-1.55318034966,-9.70623246622,1.329476165544
    ));
#4651 = DIRECTION('',(0.831464281205,0.555578211488,7.144241938436E-07)
  );
#4652 = DIRECTION('',(-0.555578211488,0.831464281205,4.242034840612E-24)
  );
#4653 = ADVANCED_FACE('',(#4654),#4678,.T.);
#4654 = FACE_BOUND('',#4655,.T.);
#4655 = EDGE_LOOP('',(#4656,#4664,#4672));
#4656 = ORIENTED_EDGE('',*,*,#4657,.T.);
#4657 = EDGE_CURVE('',#4658,#992,#4660,.T.);
#4658 = VERTEX_POINT('',#4659);
#4659 = CARTESIAN_POINT('',(-6.296559810638,-7.733779907227,0.));
#4660 = LINE('',#4661,#4662);
#4661 = CARTESIAN_POINT('',(-6.296559810638,-7.733779907227,0.));
#4662 = VECTOR('',#4663,1.);
#4663 = DIRECTION('',(6.066478751331E-03,4.05316691044E-03,
    0.999973384483));
#4664 = ORIENTED_EDGE('',*,*,#4665,.F.);
#4665 = EDGE_CURVE('',#4666,#992,#4668,.T.);
#4666 = VERTEX_POINT('',#4667);
#4667 = CARTESIAN_POINT('',(-5.939700126648,-7.495329856873,0.));
#4668 = LINE('',#4669,#4670);
#4669 = CARTESIAN_POINT('',(-5.939700126648,-7.495329856873,0.));
#4670 = VECTOR('',#4671,1.);
#4671 = DIRECTION('',(-0.111860330359,-7.474433687095E-02,0.990908951719
    ));
#4672 = ORIENTED_EDGE('',*,*,#4673,.F.);
#4673 = EDGE_CURVE('',#4658,#4666,#4674,.T.);
#4674 = LINE('',#4675,#4676);
#4675 = CARTESIAN_POINT('',(-6.296559810638,-7.733779907227,0.));
#4676 = VECTOR('',#4677,1.);
#4677 = DIRECTION('',(0.831465271813,0.555576728966,0.));
#4678 = PLANE('',#4679);
#4679 = AXIS2_PLACEMENT_3D('',#4680,#4681,#4682);
#4680 = CARTESIAN_POINT('',(-6.192540365555,-7.664275711143,
    1.400292574567));
#4681 = DIRECTION('',(-0.555576728966,0.831465271813,3.269028165306E-07)
  );
#4682 = DIRECTION('',(0.831465271813,0.555576728966,-2.347529914155E-23)
  );
#4683 = ADVANCED_FACE('',(#4684),#4694,.T.);
#4684 = FACE_BOUND('',#4685,.T.);
#4685 = EDGE_LOOP('',(#4686,#4687,#4693));
#4686 = ORIENTED_EDGE('',*,*,#4657,.F.);
#4687 = ORIENTED_EDGE('',*,*,#4688,.T.);
#4688 = EDGE_CURVE('',#4658,#1000,#4689,.T.);
#4689 = LINE('',#4690,#4691);
#4690 = CARTESIAN_POINT('',(-6.296559810638,-7.733779907227,0.));
#4691 = VECTOR('',#4692,1.);
#4692 = DIRECTION('',(0.,0.,1.));
#4693 = ORIENTED_EDGE('',*,*,#999,.F.);
#4694 = PLANE('',#4695);
#4695 = AXIS2_PLACEMENT_3D('',#4696,#4697,#4698);
#4696 = CARTESIAN_POINT('',(-6.291993232127,-7.730728861361,
    1.505452117192));
#4697 = DIRECTION('',(-0.555539474517,0.831490163654,0.));
#4698 = DIRECTION('',(0.831490163654,0.555539474517,0.));
#4699 = ADVANCED_FACE('',(#4700),#4717,.T.);
#4700 = FACE_BOUND('',#4701,.T.);
#4701 = EDGE_LOOP('',(#4702,#4710,#4711));
#4702 = ORIENTED_EDGE('',*,*,#4703,.T.);
#4703 = EDGE_CURVE('',#4704,#1056,#4706,.T.);
#4704 = VERTEX_POINT('',#4705);
#4705 = CARTESIAN_POINT('',(-7.733779907227,-6.296559810638,0.));
#4706 = LINE('',#4707,#4708);
#4707 = CARTESIAN_POINT('',(-7.733779907227,-6.296559810638,0.));
#4708 = VECTOR('',#4709,1.);
#4709 = DIRECTION('',(4.05316691044E-03,6.066478751331E-03,
    0.999973384483));
#4710 = ORIENTED_EDGE('',*,*,#1055,.F.);
#4711 = ORIENTED_EDGE('',*,*,#4712,.F.);
#4712 = EDGE_CURVE('',#4704,#1048,#4713,.T.);
#4713 = LINE('',#4714,#4715);
#4714 = CARTESIAN_POINT('',(-7.733779907227,-6.296559810638,0.));
#4715 = VECTOR('',#4716,1.);
#4716 = DIRECTION('',(0.,0.,1.));
#4717 = PLANE('',#4718);
#4718 = AXIS2_PLACEMENT_3D('',#4719,#4720,#4721);
#4719 = CARTESIAN_POINT('',(-7.730728861361,-6.291993232127,
    1.505452117192));
#4720 = DIRECTION('',(0.831490163654,-0.555539474517,0.));
#4721 = DIRECTION('',(0.555539474517,0.831490163654,0.));
#4722 = ADVANCED_FACE('',(#4723),#4740,.T.);
#4723 = FACE_BOUND('',#4724,.T.);
#4724 = EDGE_LOOP('',(#4725,#4726,#4734));
#4725 = ORIENTED_EDGE('',*,*,#4703,.F.);
#4726 = ORIENTED_EDGE('',*,*,#4727,.F.);
#4727 = EDGE_CURVE('',#4728,#4704,#4730,.T.);
#4728 = VERTEX_POINT('',#4729);
#4729 = CARTESIAN_POINT('',(-7.666440010071,-6.195769786835,0.));
#4730 = LINE('',#4731,#4732);
#4731 = CARTESIAN_POINT('',(-7.666440010071,-6.195769786835,0.));
#4732 = VECTOR('',#4733,1.);
#4733 = DIRECTION('',(-0.555536903859,-0.831491881169,0.));
#4734 = ORIENTED_EDGE('',*,*,#4735,.F.);
#4735 = EDGE_CURVE('',#1056,#4728,#4736,.T.);
#4736 = LINE('',#4737,#4738);
#4737 = CARTESIAN_POINT('',(-7.721620082855,-6.278359889984,3.));
#4738 = VECTOR('',#4739,1.);
#4739 = DIRECTION('',(1.838328430746E-02,2.751495731275E-02,
    -0.999452341026));
#4740 = PLANE('',#4741);
#4741 = AXIS2_PLACEMENT_3D('',#4742,#4743,#4744);
#4742 = CARTESIAN_POINT('',(-7.710647802417,-6.261937224732,
    1.470304487996));
#4743 = DIRECTION('',(0.831491881169,-0.555536903859,-2.255681464918E-08
    ));
#4744 = DIRECTION('',(0.555536903859,0.831491881169,-2.454314481952E-24)
  );
#4745 = ADVANCED_FACE('',(#4746),#4768,.T.);
#4746 = FACE_BOUND('',#4747,.T.);
#4747 = EDGE_LOOP('',(#4748,#4756,#4762));
#4748 = ORIENTED_EDGE('',*,*,#4749,.T.);
#4749 = EDGE_CURVE('',#4750,#1064,#4752,.T.);
#4750 = VERTEX_POINT('',#4751);
#4751 = CARTESIAN_POINT('',(-7.878849983215,-6.181849956512,0.));
#4752 = LINE('',#4753,#4754);
#4753 = CARTESIAN_POINT('',(-7.878849983215,-6.181849956512,0.));
#4754 = VECTOR('',#4755,1.);
#4755 = DIRECTION('',(2.747622014356E-02,-1.802714341262E-03,
    0.99962083189));
#4756 = ORIENTED_EDGE('',*,*,#4757,.F.);
#4757 = EDGE_CURVE('',#4728,#1064,#4758,.T.);
#4758 = LINE('',#4759,#4760);
#4759 = CARTESIAN_POINT('',(-7.666440010071,-6.195769786835,0.));
#4760 = VECTOR('',#4761,1.);
#4761 = DIRECTION('',(-4.327592720392E-02,2.833876513645E-03,
    0.999059139025));
#4762 = ORIENTED_EDGE('',*,*,#4763,.F.);
#4763 = EDGE_CURVE('',#4750,#4728,#4764,.T.);
#4764 = LINE('',#4765,#4766);
#4765 = CARTESIAN_POINT('',(-7.878849983215,-6.181849956512,0.));
#4766 = VECTOR('',#4767,1.);
#4767 = DIRECTION('',(0.997859614505,-6.539258168403E-02,0.));
#4768 = PLANE('',#4769);
#4769 = AXIS2_PLACEMENT_3D('',#4770,#4771,#4772);
#4770 = CARTESIAN_POINT('',(-7.784096596071,-6.188062487175,
    1.448639669285));
#4771 = DIRECTION('',(6.539258168388E-02,0.997859614503,
    2.115669723686E-06));
#4772 = DIRECTION('',(0.997859614505,-6.539258168403E-02,
    5.121604595356E-25));
#4773 = ADVANCED_FACE('',(#4774),#4784,.T.);
#4774 = FACE_BOUND('',#4775,.T.);
#4775 = EDGE_LOOP('',(#4776,#4777,#4783));
#4776 = ORIENTED_EDGE('',*,*,#4749,.F.);
#4777 = ORIENTED_EDGE('',*,*,#4778,.T.);
#4778 = EDGE_CURVE('',#4750,#1072,#4779,.T.);
#4779 = LINE('',#4780,#4781);
#4780 = CARTESIAN_POINT('',(-7.878849983215,-6.181849956512,0.));
#4781 = VECTOR('',#4782,1.);
#4782 = DIRECTION('',(0.,0.,1.));
#4783 = ORIENTED_EDGE('',*,*,#1071,.F.);
#4784 = PLANE('',#4785);
#4785 = AXIS2_PLACEMENT_3D('',#4786,#4787,#4788);
#4786 = CARTESIAN_POINT('',(-7.857951127949,-6.183221130055,
    1.520374820399));
#4787 = DIRECTION('',(6.546922279544E-02,0.997854589039,0.));
#4788 = DIRECTION('',(0.997854589039,-6.546922279544E-02,0.));
#4789 = ADVANCED_FACE('',(#4790),#4815,.T.);
#4790 = FACE_BOUND('',#4791,.T.);
#4791 = EDGE_LOOP('',(#4792,#4793,#4801,#4809));
#4792 = ORIENTED_EDGE('',*,*,#262,.T.);
#4793 = ORIENTED_EDGE('',*,*,#4794,.T.);
#4794 = EDGE_CURVE('',#255,#4795,#4797,.T.);
#4795 = VERTEX_POINT('',#4796);
#4796 = CARTESIAN_POINT('',(-2.438630104065,12.259799957275,0.));
#4797 = LINE('',#4798,#4799);
#4798 = CARTESIAN_POINT('',(-2.438630104065,12.259799957275,3.));
#4799 = VECTOR('',#4800,1.);
#4800 = DIRECTION('',(0.,0.,-1.));
#4801 = ORIENTED_EDGE('',*,*,#4802,.F.);
#4802 = EDGE_CURVE('',#4803,#4795,#4805,.T.);
#4803 = VERTEX_POINT('',#4804);
#4804 = CARTESIAN_POINT('',(-4.783539772034,11.548500061035,0.));
#4805 = LINE('',#4806,#4807);
#4806 = CARTESIAN_POINT('',(-4.783539772034,11.548500061035,0.));
#4807 = VECTOR('',#4808,1.);
#4808 = DIRECTION('',(0.956942679456,0.290276950922,0.));
#4809 = ORIENTED_EDGE('',*,*,#4810,.T.);
#4810 = EDGE_CURVE('',#4803,#263,#4811,.T.);
#4811 = LINE('',#4812,#4813);
#4812 = CARTESIAN_POINT('',(-4.783539772034,11.548500061035,0.));
#4813 = VECTOR('',#4814,1.);
#4814 = DIRECTION('',(0.,0.,1.));
#4815 = PLANE('',#4816);
#4816 = AXIS2_PLACEMENT_3D('',#4817,#4818,#4819);
#4817 = CARTESIAN_POINT('',(-3.611084938049,11.904150009155,1.5));
#4818 = DIRECTION('',(-0.290276950922,0.956942679456,0.));
#4819 = DIRECTION('',(0.956942679456,0.290276950922,0.));
#4820 = ADVANCED_FACE('',(#4821),#4846,.T.);
#4821 = FACE_BOUND('',#4822,.T.);
#4822 = EDGE_LOOP('',(#4823,#4824,#4832,#4840));
#4823 = ORIENTED_EDGE('',*,*,#238,.T.);
#4824 = ORIENTED_EDGE('',*,*,#4825,.T.);
#4825 = EDGE_CURVE('',#231,#4826,#4828,.T.);
#4826 = VERTEX_POINT('',#4827);
#4827 = CARTESIAN_POINT('',(4.783539772034,11.548500061035,0.));
#4828 = LINE('',#4829,#4830);
#4829 = CARTESIAN_POINT('',(4.783539772034,11.548500061035,3.));
#4830 = VECTOR('',#4831,1.);
#4831 = DIRECTION('',(0.,0.,-1.));
#4832 = ORIENTED_EDGE('',*,*,#4833,.F.);
#4833 = EDGE_CURVE('',#4834,#4826,#4836,.T.);
#4834 = VERTEX_POINT('',#4835);
#4835 = CARTESIAN_POINT('',(2.438630104065,12.259799957275,0.));
#4836 = LINE('',#4837,#4838);
#4837 = CARTESIAN_POINT('',(2.438630104065,12.259799957275,0.));
#4838 = VECTOR('',#4839,1.);
#4839 = DIRECTION('',(0.956942679456,-0.290276950922,0.));
#4840 = ORIENTED_EDGE('',*,*,#4841,.T.);
#4841 = EDGE_CURVE('',#4834,#239,#4842,.T.);
#4842 = LINE('',#4843,#4844);
#4843 = CARTESIAN_POINT('',(2.438630104065,12.259799957275,0.));
#4844 = VECTOR('',#4845,1.);
#4845 = DIRECTION('',(0.,0.,1.));
#4846 = PLANE('',#4847);
#4847 = AXIS2_PLACEMENT_3D('',#4848,#4849,#4850);
#4848 = CARTESIAN_POINT('',(3.611084938049,11.904150009155,1.5));
#4849 = DIRECTION('',(0.290276950922,0.956942679456,0.));
#4850 = DIRECTION('',(0.956942679456,-0.290276950922,0.));
#4851 = ADVANCED_FACE('',(#4852),#4877,.T.);
#4852 = FACE_BOUND('',#4853,.T.);
#4853 = EDGE_LOOP('',(#4854,#4855,#4863,#4871));
#4854 = ORIENTED_EDGE('',*,*,#222,.T.);
#4855 = ORIENTED_EDGE('',*,*,#4856,.T.);
#4856 = EDGE_CURVE('',#215,#4857,#4859,.T.);
#4857 = VERTEX_POINT('',#4858);
#4858 = CARTESIAN_POINT('',(8.838829994202,8.838829994202,0.));
#4859 = LINE('',#4860,#4861);
#4860 = CARTESIAN_POINT('',(8.838829994202,8.838829994202,3.));
#4861 = VECTOR('',#4862,1.);
#4862 = DIRECTION('',(0.,0.,-1.));
#4863 = ORIENTED_EDGE('',*,*,#4864,.F.);
#4864 = EDGE_CURVE('',#4865,#4857,#4867,.T.);
#4865 = VERTEX_POINT('',#4866);
#4866 = CARTESIAN_POINT('',(6.944630146027,10.393400192261,0.));
#4867 = LINE('',#4868,#4869);
#4868 = CARTESIAN_POINT('',(6.944630146027,10.393400192261,0.));
#4869 = VECTOR('',#4870,1.);
#4870 = DIRECTION('',(0.77300233686,-0.634403174021,0.));
#4871 = ORIENTED_EDGE('',*,*,#4872,.T.);
#4872 = EDGE_CURVE('',#4865,#223,#4873,.T.);
#4873 = LINE('',#4874,#4875);
#4874 = CARTESIAN_POINT('',(6.944630146027,10.393400192261,0.));
#4875 = VECTOR('',#4876,1.);
#4876 = DIRECTION('',(0.,0.,1.));
#4877 = PLANE('',#4878);
#4878 = AXIS2_PLACEMENT_3D('',#4879,#4880,#4881);
#4879 = CARTESIAN_POINT('',(7.891730070114,9.616115093231,1.5));
#4880 = DIRECTION('',(0.634403174021,0.77300233686,0.));
#4881 = DIRECTION('',(0.77300233686,-0.634403174021,0.));
#4882 = ADVANCED_FACE('',(#4883),#4908,.T.);
#4883 = FACE_BOUND('',#4884,.T.);
#4884 = EDGE_LOOP('',(#4885,#4893,#4894,#4902));
#4885 = ORIENTED_EDGE('',*,*,#4886,.T.);
#4886 = EDGE_CURVE('',#4887,#207,#4889,.T.);
#4887 = VERTEX_POINT('',#4888);
#4888 = CARTESIAN_POINT('',(10.393400192261,6.944630146027,0.));
#4889 = LINE('',#4890,#4891);
#4890 = CARTESIAN_POINT('',(10.393400192261,6.944630146027,0.));
#4891 = VECTOR('',#4892,1.);
#4892 = DIRECTION('',(0.,0.,1.));
#4893 = ORIENTED_EDGE('',*,*,#206,.T.);
#4894 = ORIENTED_EDGE('',*,*,#4895,.F.);
#4895 = EDGE_CURVE('',#4896,#199,#4898,.T.);
#4896 = VERTEX_POINT('',#4897);
#4897 = CARTESIAN_POINT('',(11.548500061035,4.783539772034,0.));
#4898 = LINE('',#4899,#4900);
#4899 = CARTESIAN_POINT('',(11.548500061035,4.783539772034,0.));
#4900 = VECTOR('',#4901,1.);
#4901 = DIRECTION('',(0.,0.,1.));
#4902 = ORIENTED_EDGE('',*,*,#4903,.F.);
#4903 = EDGE_CURVE('',#4887,#4896,#4904,.T.);
#4904 = LINE('',#4905,#4906);
#4905 = CARTESIAN_POINT('',(10.393400192261,6.944630146027,0.));
#4906 = VECTOR('',#4907,1.);
#4907 = DIRECTION('',(0.47138816616,-0.881925845411,0.));
#4908 = PLANE('',#4909);
#4909 = AXIS2_PLACEMENT_3D('',#4910,#4911,#4912);
#4910 = CARTESIAN_POINT('',(10.970950126648,5.86408495903,1.5));
#4911 = DIRECTION('',(0.881925845411,0.47138816616,0.));
#4912 = DIRECTION('',(-0.47138816616,0.881925845411,0.));
#4913 = ADVANCED_FACE('',(#4914),#4939,.T.);
#4914 = FACE_BOUND('',#4915,.T.);
#4915 = EDGE_LOOP('',(#4916,#4924,#4925,#4933));
#4916 = ORIENTED_EDGE('',*,*,#4917,.T.);
#4917 = EDGE_CURVE('',#4918,#159,#4920,.T.);
#4918 = VERTEX_POINT('',#4919);
#4919 = CARTESIAN_POINT('',(10.393400192261,-6.944630146027,0.));
#4920 = LINE('',#4921,#4922);
#4921 = CARTESIAN_POINT('',(10.393400192261,-6.944630146027,0.));
#4922 = VECTOR('',#4923,1.);
#4923 = DIRECTION('',(0.,0.,1.));
#4924 = ORIENTED_EDGE('',*,*,#158,.T.);
#4925 = ORIENTED_EDGE('',*,*,#4926,.T.);
#4926 = EDGE_CURVE('',#151,#4927,#4929,.T.);
#4927 = VERTEX_POINT('',#4928);
#4928 = CARTESIAN_POINT('',(8.838829994202,-8.838829994202,0.));
#4929 = LINE('',#4930,#4931);
#4930 = CARTESIAN_POINT('',(8.838829994202,-8.838829994202,3.));
#4931 = VECTOR('',#4932,1.);
#4932 = DIRECTION('',(0.,0.,-1.));
#4933 = ORIENTED_EDGE('',*,*,#4934,.F.);
#4934 = EDGE_CURVE('',#4918,#4927,#4935,.T.);
#4935 = LINE('',#4936,#4937);
#4936 = CARTESIAN_POINT('',(10.393400192261,-6.944630146027,0.));
#4937 = VECTOR('',#4938,1.);
#4938 = DIRECTION('',(-0.634403174021,-0.77300233686,0.));
#4939 = PLANE('',#4940);
#4940 = AXIS2_PLACEMENT_3D('',#4941,#4942,#4943);
#4941 = CARTESIAN_POINT('',(9.616115093231,-7.891730070114,1.5));
#4942 = DIRECTION('',(0.77300233686,-0.634403174021,0.));
#4943 = DIRECTION('',(0.634403174021,0.77300233686,0.));
#4944 = ADVANCED_FACE('',(#4945),#4963,.T.);
#4945 = FACE_BOUND('',#4946,.T.);
#4946 = EDGE_LOOP('',(#4947,#4948,#4949,#4957));
#4947 = ORIENTED_EDGE('',*,*,#4895,.T.);
#4948 = ORIENTED_EDGE('',*,*,#198,.T.);
#4949 = ORIENTED_EDGE('',*,*,#4950,.T.);
#4950 = EDGE_CURVE('',#191,#4951,#4953,.T.);
#4951 = VERTEX_POINT('',#4952);
#4952 = CARTESIAN_POINT('',(12.259799957275,2.438630104065,0.));
#4953 = LINE('',#4954,#4955);
#4954 = CARTESIAN_POINT('',(12.259799957275,2.438630104065,3.));
#4955 = VECTOR('',#4956,1.);
#4956 = DIRECTION('',(0.,0.,-1.));
#4957 = ORIENTED_EDGE('',*,*,#4958,.F.);
#4958 = EDGE_CURVE('',#4896,#4951,#4959,.T.);
#4959 = LINE('',#4960,#4961);
#4960 = CARTESIAN_POINT('',(11.548500061035,4.783539772034,0.));
#4961 = VECTOR('',#4962,1.);
#4962 = DIRECTION('',(0.290276950922,-0.956942679456,0.));
#4963 = PLANE('',#4964);
#4964 = AXIS2_PLACEMENT_3D('',#4965,#4966,#4967);
#4965 = CARTESIAN_POINT('',(11.904150009155,3.611084938049,1.5));
#4966 = DIRECTION('',(0.956942679456,0.290276950922,0.));
#4967 = DIRECTION('',(-0.290276950922,0.956942679456,0.));
#4968 = ADVANCED_FACE('',(#4969),#4994,.T.);
#4969 = FACE_BOUND('',#4970,.T.);
#4970 = EDGE_LOOP('',(#4971,#4972,#4980,#4988));
#4971 = ORIENTED_EDGE('',*,*,#126,.T.);
#4972 = ORIENTED_EDGE('',*,*,#4973,.T.);
#4973 = EDGE_CURVE('',#119,#4974,#4976,.T.);
#4974 = VERTEX_POINT('',#4975);
#4975 = CARTESIAN_POINT('',(0.,-12.5,0.));
#4976 = LINE('',#4977,#4978);
#4977 = CARTESIAN_POINT('',(0.,-12.5,3.));
#4978 = VECTOR('',#4979,1.);
#4979 = DIRECTION('',(0.,0.,-1.));
#4980 = ORIENTED_EDGE('',*,*,#4981,.F.);
#4981 = EDGE_CURVE('',#4982,#4974,#4984,.T.);
#4982 = VERTEX_POINT('',#4983);
#4983 = CARTESIAN_POINT('',(2.438630104065,-12.25979995727,0.));
#4984 = LINE('',#4985,#4986);
#4985 = CARTESIAN_POINT('',(2.438630104065,-12.25979995727,0.));
#4986 = VECTOR('',#4987,1.);
#4987 = DIRECTION('',(-0.995184092062,-9.802358341831E-02,0.));
#4988 = ORIENTED_EDGE('',*,*,#4989,.T.);
#4989 = EDGE_CURVE('',#4982,#127,#4990,.T.);
#4990 = LINE('',#4991,#4992);
#4991 = CARTESIAN_POINT('',(2.438630104065,-12.25979995727,0.));
#4992 = VECTOR('',#4993,1.);
#4993 = DIRECTION('',(0.,0.,1.));
#4994 = PLANE('',#4995);
#4995 = AXIS2_PLACEMENT_3D('',#4996,#4997,#4998);
#4996 = CARTESIAN_POINT('',(1.219315052032,-12.37989997863,1.5));
#4997 = DIRECTION('',(9.802358341831E-02,-0.995184092062,-0.));
#4998 = DIRECTION('',(-0.995184092062,-9.802358341831E-02,0.));
#4999 = ADVANCED_FACE('',(#5000,#5197,#5402,#5553,#5745,#5937,#6129,
    #6241),#6353,.T.);
#5000 = FACE_BOUND('',#5001,.T.);
#5001 = EDGE_LOOP('',(#5002,#5010,#5011,#5019,#5027,#5035,#5043,#5051,
    #5059,#5067,#5075,#5083,#5091,#5099,#5107,#5115,#5121,#5122,#5130,
    #5136,#5137,#5143,#5144,#5150,#5151,#5152,#5160,#5168,#5176,#5182,
    #5183,#5191));
#5002 = ORIENTED_EDGE('',*,*,#5003,.T.);
#5003 = EDGE_CURVE('',#5004,#4982,#5006,.T.);
#5004 = VERTEX_POINT('',#5005);
#5005 = CARTESIAN_POINT('',(4.783539772034,-11.54850006103,0.));
#5006 = LINE('',#5007,#5008);
#5007 = CARTESIAN_POINT('',(4.783539772034,-11.54850006103,0.));
#5008 = VECTOR('',#5009,1.);
#5009 = DIRECTION('',(-0.956942679456,-0.290276950922,0.));
#5010 = ORIENTED_EDGE('',*,*,#4981,.T.);
#5011 = ORIENTED_EDGE('',*,*,#5012,.T.);
#5012 = EDGE_CURVE('',#4974,#5013,#5015,.T.);
#5013 = VERTEX_POINT('',#5014);
#5014 = CARTESIAN_POINT('',(-2.438630104065,-12.25979995727,0.));
#5015 = LINE('',#5016,#5017);
#5016 = CARTESIAN_POINT('',(0.,-12.5,0.));
#5017 = VECTOR('',#5018,1.);
#5018 = DIRECTION('',(-0.995184092062,9.802358341831E-02,0.));
#5019 = ORIENTED_EDGE('',*,*,#5020,.T.);
#5020 = EDGE_CURVE('',#5013,#5021,#5023,.T.);
#5021 = VERTEX_POINT('',#5022);
#5022 = CARTESIAN_POINT('',(-4.783539772034,-11.54850006103,0.));
#5023 = LINE('',#5024,#5025);
#5024 = CARTESIAN_POINT('',(-2.438630104065,-12.25979995727,0.));
#5025 = VECTOR('',#5026,1.);
#5026 = DIRECTION('',(-0.956942679456,0.290276950922,0.));
#5027 = ORIENTED_EDGE('',*,*,#5028,.T.);
#5028 = EDGE_CURVE('',#5021,#5029,#5031,.T.);
#5029 = VERTEX_POINT('',#5030);
#5030 = CARTESIAN_POINT('',(-6.944630146027,-10.39340019226,0.));
#5031 = LINE('',#5032,#5033);
#5032 = CARTESIAN_POINT('',(-4.783539772034,-11.54850006103,0.));
#5033 = VECTOR('',#5034,1.);
#5034 = DIRECTION('',(-0.881925845411,0.47138816616,0.));
#5035 = ORIENTED_EDGE('',*,*,#5036,.T.);
#5036 = EDGE_CURVE('',#5029,#5037,#5039,.T.);
#5037 = VERTEX_POINT('',#5038);
#5038 = CARTESIAN_POINT('',(-8.838829994202,-8.838829994202,0.));
#5039 = LINE('',#5040,#5041);
#5040 = CARTESIAN_POINT('',(-6.944630146027,-10.39340019226,0.));
#5041 = VECTOR('',#5042,1.);
#5042 = DIRECTION('',(-0.77300233686,0.634403174021,0.));
#5043 = ORIENTED_EDGE('',*,*,#5044,.T.);
#5044 = EDGE_CURVE('',#5037,#5045,#5047,.T.);
#5045 = VERTEX_POINT('',#5046);
#5046 = CARTESIAN_POINT('',(-10.39340019226,-6.944630146027,0.));
#5047 = LINE('',#5048,#5049);
#5048 = CARTESIAN_POINT('',(-8.838829994202,-8.838829994202,0.));
#5049 = VECTOR('',#5050,1.);
#5050 = DIRECTION('',(-0.634403174021,0.77300233686,0.));
#5051 = ORIENTED_EDGE('',*,*,#5052,.T.);
#5052 = EDGE_CURVE('',#5045,#5053,#5055,.T.);
#5053 = VERTEX_POINT('',#5054);
#5054 = CARTESIAN_POINT('',(-11.54850006103,-4.783539772034,0.));
#5055 = LINE('',#5056,#5057);
#5056 = CARTESIAN_POINT('',(-10.39340019226,-6.944630146027,0.));
#5057 = VECTOR('',#5058,1.);
#5058 = DIRECTION('',(-0.47138816616,0.881925845411,0.));
#5059 = ORIENTED_EDGE('',*,*,#5060,.T.);
#5060 = EDGE_CURVE('',#5053,#5061,#5063,.T.);
#5061 = VERTEX_POINT('',#5062);
#5062 = CARTESIAN_POINT('',(-12.25979995727,-2.438630104065,0.));
#5063 = LINE('',#5064,#5065);
#5064 = CARTESIAN_POINT('',(-11.54850006103,-4.783539772034,0.));
#5065 = VECTOR('',#5066,1.);
#5066 = DIRECTION('',(-0.290276950922,0.956942679456,0.));
#5067 = ORIENTED_EDGE('',*,*,#5068,.T.);
#5068 = EDGE_CURVE('',#5061,#5069,#5071,.T.);
#5069 = VERTEX_POINT('',#5070);
#5070 = CARTESIAN_POINT('',(-12.5,0.,0.));
#5071 = LINE('',#5072,#5073);
#5072 = CARTESIAN_POINT('',(-12.25979995727,-2.438630104065,0.));
#5073 = VECTOR('',#5074,1.);
#5074 = DIRECTION('',(-9.802358341831E-02,0.995184092062,0.));
#5075 = ORIENTED_EDGE('',*,*,#5076,.T.);
#5076 = EDGE_CURVE('',#5069,#5077,#5079,.T.);
#5077 = VERTEX_POINT('',#5078);
#5078 = CARTESIAN_POINT('',(-12.25979995727,2.438630104065,0.));
#5079 = LINE('',#5080,#5081);
#5080 = CARTESIAN_POINT('',(-12.5,0.,0.));
#5081 = VECTOR('',#5082,1.);
#5082 = DIRECTION('',(9.802358341831E-02,0.995184092062,0.));
#5083 = ORIENTED_EDGE('',*,*,#5084,.T.);
#5084 = EDGE_CURVE('',#5077,#5085,#5087,.T.);
#5085 = VERTEX_POINT('',#5086);
#5086 = CARTESIAN_POINT('',(-11.54850006103,4.783539772034,0.));
#5087 = LINE('',#5088,#5089);
#5088 = CARTESIAN_POINT('',(-12.25979995727,2.438630104065,0.));
#5089 = VECTOR('',#5090,1.);
#5090 = DIRECTION('',(0.290276950922,0.956942679456,0.));
#5091 = ORIENTED_EDGE('',*,*,#5092,.T.);
#5092 = EDGE_CURVE('',#5085,#5093,#5095,.T.);
#5093 = VERTEX_POINT('',#5094);
#5094 = CARTESIAN_POINT('',(-10.39340019226,6.944630146027,0.));
#5095 = LINE('',#5096,#5097);
#5096 = CARTESIAN_POINT('',(-11.54850006103,4.783539772034,0.));
#5097 = VECTOR('',#5098,1.);
#5098 = DIRECTION('',(0.47138816616,0.881925845411,0.));
#5099 = ORIENTED_EDGE('',*,*,#5100,.T.);
#5100 = EDGE_CURVE('',#5093,#5101,#5103,.T.);
#5101 = VERTEX_POINT('',#5102);
#5102 = CARTESIAN_POINT('',(-8.838829994202,8.838829994202,0.));
#5103 = LINE('',#5104,#5105);
#5104 = CARTESIAN_POINT('',(-10.39340019226,6.944630146027,0.));
#5105 = VECTOR('',#5106,1.);
#5106 = DIRECTION('',(0.634403174021,0.77300233686,0.));
#5107 = ORIENTED_EDGE('',*,*,#5108,.T.);
#5108 = EDGE_CURVE('',#5101,#5109,#5111,.T.);
#5109 = VERTEX_POINT('',#5110);
#5110 = CARTESIAN_POINT('',(-6.944630146027,10.393400192261,0.));
#5111 = LINE('',#5112,#5113);
#5112 = CARTESIAN_POINT('',(-8.838829994202,8.838829994202,0.));
#5113 = VECTOR('',#5114,1.);
#5114 = DIRECTION('',(0.77300233686,0.634403174021,0.));
#5115 = ORIENTED_EDGE('',*,*,#5116,.T.);
#5116 = EDGE_CURVE('',#5109,#4803,#5117,.T.);
#5117 = LINE('',#5118,#5119);
#5118 = CARTESIAN_POINT('',(-6.944630146027,10.393400192261,0.));
#5119 = VECTOR('',#5120,1.);
#5120 = DIRECTION('',(0.881925845411,0.47138816616,0.));
#5121 = ORIENTED_EDGE('',*,*,#4802,.T.);
#5122 = ORIENTED_EDGE('',*,*,#5123,.T.);
#5123 = EDGE_CURVE('',#4795,#5124,#5126,.T.);
#5124 = VERTEX_POINT('',#5125);
#5125 = CARTESIAN_POINT('',(0.,12.5,0.));
#5126 = LINE('',#5127,#5128);
#5127 = CARTESIAN_POINT('',(-2.438630104065,12.259799957275,0.));
#5128 = VECTOR('',#5129,1.);
#5129 = DIRECTION('',(0.995184092062,9.802358341831E-02,0.));
#5130 = ORIENTED_EDGE('',*,*,#5131,.T.);
#5131 = EDGE_CURVE('',#5124,#4834,#5132,.T.);
#5132 = LINE('',#5133,#5134);
#5133 = CARTESIAN_POINT('',(0.,12.5,0.));
#5134 = VECTOR('',#5135,1.);
#5135 = DIRECTION('',(0.995184092062,-9.802358341831E-02,0.));
#5136 = ORIENTED_EDGE('',*,*,#4833,.T.);
#5137 = ORIENTED_EDGE('',*,*,#5138,.T.);
#5138 = EDGE_CURVE('',#4826,#4865,#5139,.T.);
#5139 = LINE('',#5140,#5141);
#5140 = CARTESIAN_POINT('',(4.783539772034,11.548500061035,0.));
#5141 = VECTOR('',#5142,1.);
#5142 = DIRECTION('',(0.881925845411,-0.47138816616,0.));
#5143 = ORIENTED_EDGE('',*,*,#4864,.T.);
#5144 = ORIENTED_EDGE('',*,*,#5145,.T.);
#5145 = EDGE_CURVE('',#4857,#4887,#5146,.T.);
#5146 = LINE('',#5147,#5148);
#5147 = CARTESIAN_POINT('',(8.838829994202,8.838829994202,0.));
#5148 = VECTOR('',#5149,1.);
#5149 = DIRECTION('',(0.634403174021,-0.77300233686,0.));
#5150 = ORIENTED_EDGE('',*,*,#4903,.T.);
#5151 = ORIENTED_EDGE('',*,*,#4958,.T.);
#5152 = ORIENTED_EDGE('',*,*,#5153,.T.);
#5153 = EDGE_CURVE('',#4951,#5154,#5156,.T.);
#5154 = VERTEX_POINT('',#5155);
#5155 = CARTESIAN_POINT('',(12.5,0.,0.));
#5156 = LINE('',#5157,#5158);
#5157 = CARTESIAN_POINT('',(12.259799957275,2.438630104065,0.));
#5158 = VECTOR('',#5159,1.);
#5159 = DIRECTION('',(9.802358341831E-02,-0.995184092062,0.));
#5160 = ORIENTED_EDGE('',*,*,#5161,.T.);
#5161 = EDGE_CURVE('',#5154,#5162,#5164,.T.);
#5162 = VERTEX_POINT('',#5163);
#5163 = CARTESIAN_POINT('',(12.259799957275,-2.438630104065,0.));
#5164 = LINE('',#5165,#5166);
#5165 = CARTESIAN_POINT('',(12.5,0.,0.));
#5166 = VECTOR('',#5167,1.);
#5167 = DIRECTION('',(-9.802358341831E-02,-0.995184092062,0.));
#5168 = ORIENTED_EDGE('',*,*,#5169,.T.);
#5169 = EDGE_CURVE('',#5162,#5170,#5172,.T.);
#5170 = VERTEX_POINT('',#5171);
#5171 = CARTESIAN_POINT('',(11.548500061035,-4.783539772034,0.));
#5172 = LINE('',#5173,#5174);
#5173 = CARTESIAN_POINT('',(12.259799957275,-2.438630104065,0.));
#5174 = VECTOR('',#5175,1.);
#5175 = DIRECTION('',(-0.290276950922,-0.956942679456,0.));
#5176 = ORIENTED_EDGE('',*,*,#5177,.T.);
#5177 = EDGE_CURVE('',#5170,#4918,#5178,.T.);
#5178 = LINE('',#5179,#5180);
#5179 = CARTESIAN_POINT('',(11.548500061035,-4.783539772034,0.));
#5180 = VECTOR('',#5181,1.);
#5181 = DIRECTION('',(-0.47138816616,-0.881925845411,0.));
#5182 = ORIENTED_EDGE('',*,*,#4934,.T.);
#5183 = ORIENTED_EDGE('',*,*,#5184,.T.);
#5184 = EDGE_CURVE('',#4927,#5185,#5187,.T.);
#5185 = VERTEX_POINT('',#5186);
#5186 = CARTESIAN_POINT('',(6.944630146027,-10.39340019226,0.));
#5187 = LINE('',#5188,#5189);
#5188 = CARTESIAN_POINT('',(8.838829994202,-8.838829994202,0.));
#5189 = VECTOR('',#5190,1.);
#5190 = DIRECTION('',(-0.77300233686,-0.634403174021,0.));
#5191 = ORIENTED_EDGE('',*,*,#5192,.T.);
#5192 = EDGE_CURVE('',#5185,#5004,#5193,.T.);
#5193 = LINE('',#5194,#5195);
#5194 = CARTESIAN_POINT('',(6.944630146027,-10.39340019226,0.));
#5195 = VECTOR('',#5196,1.);
#5196 = DIRECTION('',(-0.881925845411,-0.47138816616,0.));
#5197 = FACE_BOUND('',#5198,.T.);
#5198 = EDGE_LOOP('',(#5199,#5209,#5217,#5225,#5233,#5241,#5249,#5257,
    #5265,#5271,#5272,#5273,#5274,#5280,#5281,#5282,#5283,#5284,#5292,
    #5300,#5308,#5316,#5324,#5332,#5340,#5348,#5356,#5364,#5372,#5380,
    #5388,#5396));
#5199 = ORIENTED_EDGE('',*,*,#5200,.T.);
#5200 = EDGE_CURVE('',#5201,#5203,#5205,.T.);
#5201 = VERTEX_POINT('',#5202);
#5202 = CARTESIAN_POINT('',(1.444479942322,-2.161819934845,0.));
#5203 = VERTEX_POINT('',#5204);
#5204 = CARTESIAN_POINT('',(1.838479995728,-1.838479995728,0.));
#5205 = LINE('',#5206,#5207);
#5206 = CARTESIAN_POINT('',(1.444479942322,-2.161819934845,0.));
#5207 = VECTOR('',#5208,1.);
#5208 = DIRECTION('',(0.773017715812,0.63438443474,0.));
#5209 = ORIENTED_EDGE('',*,*,#5210,.T.);
#5210 = EDGE_CURVE('',#5203,#5211,#5213,.T.);
#5211 = VERTEX_POINT('',#5212);
#5212 = CARTESIAN_POINT('',(2.161819934845,-1.444479942322,0.));
#5213 = LINE('',#5214,#5215);
#5214 = CARTESIAN_POINT('',(1.838479995728,-1.838479995728,0.));
#5215 = VECTOR('',#5216,1.);
#5216 = DIRECTION('',(0.63438443474,0.773017715812,0.));
#5217 = ORIENTED_EDGE('',*,*,#5218,.T.);
#5218 = EDGE_CURVE('',#5211,#5219,#5221,.T.);
#5219 = VERTEX_POINT('',#5220);
#5220 = CARTESIAN_POINT('',(2.402090072632,-0.994975984097,0.));
#5221 = LINE('',#5222,#5223);
#5222 = CARTESIAN_POINT('',(2.161819934845,-1.444479942322,0.));
#5223 = VECTOR('',#5224,1.);
#5224 = DIRECTION('',(0.471404773413,0.881916968656,0.));
#5225 = ORIENTED_EDGE('',*,*,#5226,.T.);
#5226 = EDGE_CURVE('',#5219,#5227,#5229,.T.);
#5227 = VERTEX_POINT('',#5228);
#5228 = CARTESIAN_POINT('',(2.550040006638,-0.507234990597,0.));
#5229 = LINE('',#5230,#5231);
#5230 = CARTESIAN_POINT('',(2.402090072632,-0.994975984097,0.));
#5231 = VECTOR('',#5232,1.);
#5232 = DIRECTION('',(0.290276270962,0.956942885713,0.));
#5233 = ORIENTED_EDGE('',*,*,#5234,.T.);
#5234 = EDGE_CURVE('',#5227,#5235,#5237,.T.);
#5235 = VERTEX_POINT('',#5236);
#5236 = CARTESIAN_POINT('',(2.599999904633,0.,0.));
#5237 = LINE('',#5238,#5239);
#5238 = CARTESIAN_POINT('',(2.550040006638,-0.507234990597,0.));
#5239 = VECTOR('',#5240,1.);
#5240 = DIRECTION('',(9.802027253596E-02,0.995184418172,0.));
#5241 = ORIENTED_EDGE('',*,*,#5242,.T.);
#5242 = EDGE_CURVE('',#5235,#5243,#5245,.T.);
#5243 = VERTEX_POINT('',#5244);
#5244 = CARTESIAN_POINT('',(2.550040006638,0.507234990597,0.));
#5245 = LINE('',#5246,#5247);
#5246 = CARTESIAN_POINT('',(2.599999904633,0.,0.));
#5247 = VECTOR('',#5248,1.);
#5248 = DIRECTION('',(-9.802027253596E-02,0.995184418172,0.));
#5249 = ORIENTED_EDGE('',*,*,#5250,.T.);
#5250 = EDGE_CURVE('',#5243,#5251,#5253,.T.);
#5251 = VERTEX_POINT('',#5252);
#5252 = CARTESIAN_POINT('',(2.402090072632,0.994975984097,0.));
#5253 = LINE('',#5254,#5255);
#5254 = CARTESIAN_POINT('',(2.550040006638,0.507234990597,0.));
#5255 = VECTOR('',#5256,1.);
#5256 = DIRECTION('',(-0.290276270962,0.956942885713,0.));
#5257 = ORIENTED_EDGE('',*,*,#5258,.T.);
#5258 = EDGE_CURVE('',#5251,#5259,#5261,.T.);
#5259 = VERTEX_POINT('',#5260);
#5260 = CARTESIAN_POINT('',(2.161819934845,1.444479942322,0.));
#5261 = LINE('',#5262,#5263);
#5262 = CARTESIAN_POINT('',(2.402090072632,0.994975984097,0.));
#5263 = VECTOR('',#5264,1.);
#5264 = DIRECTION('',(-0.471404773413,0.881916968656,0.));
#5265 = ORIENTED_EDGE('',*,*,#5266,.T.);
#5266 = EDGE_CURVE('',#5259,#2330,#5267,.T.);
#5267 = LINE('',#5268,#5269);
#5268 = CARTESIAN_POINT('',(2.161819934845,1.444479942322,0.));
#5269 = VECTOR('',#5270,1.);
#5270 = DIRECTION('',(-0.63438443474,0.773017715812,0.));
#5271 = ORIENTED_EDGE('',*,*,#2338,.T.);
#5272 = ORIENTED_EDGE('',*,*,#2246,.T.);
#5273 = ORIENTED_EDGE('',*,*,#2186,.T.);
#5274 = ORIENTED_EDGE('',*,*,#5275,.T.);
#5275 = EDGE_CURVE('',#2179,#3314,#5276,.T.);
#5276 = LINE('',#5277,#5278);
#5277 = CARTESIAN_POINT('',(0.507234990597,2.550040006638,0.));
#5278 = VECTOR('',#5279,1.);
#5279 = DIRECTION('',(-0.995184418172,9.802027253596E-02,0.));
#5280 = ORIENTED_EDGE('',*,*,#3313,.T.);
#5281 = ORIENTED_EDGE('',*,*,#1921,.T.);
#5282 = ORIENTED_EDGE('',*,*,#1861,.T.);
#5283 = ORIENTED_EDGE('',*,*,#1769,.T.);
#5284 = ORIENTED_EDGE('',*,*,#5285,.T.);
#5285 = EDGE_CURVE('',#1723,#5286,#5288,.T.);
#5286 = VERTEX_POINT('',#5287);
#5287 = CARTESIAN_POINT('',(-2.161819934845,1.444479942322,0.));
#5288 = LINE('',#5289,#5290);
#5289 = CARTESIAN_POINT('',(-1.838479995728,1.838479995728,0.));
#5290 = VECTOR('',#5291,1.);
#5291 = DIRECTION('',(-0.63438443474,-0.773017715812,0.));
#5292 = ORIENTED_EDGE('',*,*,#5293,.T.);
#5293 = EDGE_CURVE('',#5286,#5294,#5296,.T.);
#5294 = VERTEX_POINT('',#5295);
#5295 = CARTESIAN_POINT('',(-2.402090072632,0.994975984097,0.));
#5296 = LINE('',#5297,#5298);
#5297 = CARTESIAN_POINT('',(-2.161819934845,1.444479942322,0.));
#5298 = VECTOR('',#5299,1.);
#5299 = DIRECTION('',(-0.471404773413,-0.881916968656,0.));
#5300 = ORIENTED_EDGE('',*,*,#5301,.T.);
#5301 = EDGE_CURVE('',#5294,#5302,#5304,.T.);
#5302 = VERTEX_POINT('',#5303);
#5303 = CARTESIAN_POINT('',(-2.550040006638,0.507234990597,0.));
#5304 = LINE('',#5305,#5306);
#5305 = CARTESIAN_POINT('',(-2.402090072632,0.994975984097,0.));
#5306 = VECTOR('',#5307,1.);
#5307 = DIRECTION('',(-0.290276270962,-0.956942885713,0.));
#5308 = ORIENTED_EDGE('',*,*,#5309,.T.);
#5309 = EDGE_CURVE('',#5302,#5310,#5312,.T.);
#5310 = VERTEX_POINT('',#5311);
#5311 = CARTESIAN_POINT('',(-2.599999904633,0.,0.));
#5312 = LINE('',#5313,#5314);
#5313 = CARTESIAN_POINT('',(-2.550040006638,0.507234990597,0.));
#5314 = VECTOR('',#5315,1.);
#5315 = DIRECTION('',(-9.802027253596E-02,-0.995184418172,0.));
#5316 = ORIENTED_EDGE('',*,*,#5317,.T.);
#5317 = EDGE_CURVE('',#5310,#5318,#5320,.T.);
#5318 = VERTEX_POINT('',#5319);
#5319 = CARTESIAN_POINT('',(-2.550040006638,-0.507234990597,0.));
#5320 = LINE('',#5321,#5322);
#5321 = CARTESIAN_POINT('',(-2.599999904633,0.,0.));
#5322 = VECTOR('',#5323,1.);
#5323 = DIRECTION('',(9.802027253596E-02,-0.995184418172,0.));
#5324 = ORIENTED_EDGE('',*,*,#5325,.T.);
#5325 = EDGE_CURVE('',#5318,#5326,#5328,.T.);
#5326 = VERTEX_POINT('',#5327);
#5327 = CARTESIAN_POINT('',(-2.402090072632,-0.994975984097,0.));
#5328 = LINE('',#5329,#5330);
#5329 = CARTESIAN_POINT('',(-2.550040006638,-0.507234990597,0.));
#5330 = VECTOR('',#5331,1.);
#5331 = DIRECTION('',(0.290276270962,-0.956942885713,0.));
#5332 = ORIENTED_EDGE('',*,*,#5333,.T.);
#5333 = EDGE_CURVE('',#5326,#5334,#5336,.T.);
#5334 = VERTEX_POINT('',#5335);
#5335 = CARTESIAN_POINT('',(-2.161819934845,-1.444479942322,0.));
#5336 = LINE('',#5337,#5338);
#5337 = CARTESIAN_POINT('',(-2.402090072632,-0.994975984097,0.));
#5338 = VECTOR('',#5339,1.);
#5339 = DIRECTION('',(0.471404773413,-0.881916968656,0.));
#5340 = ORIENTED_EDGE('',*,*,#5341,.T.);
#5341 = EDGE_CURVE('',#5334,#5342,#5344,.T.);
#5342 = VERTEX_POINT('',#5343);
#5343 = CARTESIAN_POINT('',(-1.838479995728,-1.838479995728,0.));
#5344 = LINE('',#5345,#5346);
#5345 = CARTESIAN_POINT('',(-2.161819934845,-1.444479942322,0.));
#5346 = VECTOR('',#5347,1.);
#5347 = DIRECTION('',(0.63438443474,-0.773017715812,0.));
#5348 = ORIENTED_EDGE('',*,*,#5349,.T.);
#5349 = EDGE_CURVE('',#5342,#5350,#5352,.T.);
#5350 = VERTEX_POINT('',#5351);
#5351 = CARTESIAN_POINT('',(-1.444479942322,-2.161819934845,0.));
#5352 = LINE('',#5353,#5354);
#5353 = CARTESIAN_POINT('',(-1.838479995728,-1.838479995728,0.));
#5354 = VECTOR('',#5355,1.);
#5355 = DIRECTION('',(0.773017715812,-0.63438443474,0.));
#5356 = ORIENTED_EDGE('',*,*,#5357,.T.);
#5357 = EDGE_CURVE('',#5350,#5358,#5360,.T.);
#5358 = VERTEX_POINT('',#5359);
#5359 = CARTESIAN_POINT('',(-0.994975984097,-2.402090072632,0.));
#5360 = LINE('',#5361,#5362);
#5361 = CARTESIAN_POINT('',(-1.444479942322,-2.161819934845,0.));
#5362 = VECTOR('',#5363,1.);
#5363 = DIRECTION('',(0.881916968656,-0.471404773413,0.));
#5364 = ORIENTED_EDGE('',*,*,#5365,.T.);
#5365 = EDGE_CURVE('',#5358,#5366,#5368,.T.);
#5366 = VERTEX_POINT('',#5367);
#5367 = CARTESIAN_POINT('',(-0.507234990597,-2.550040006638,0.));
#5368 = LINE('',#5369,#5370);
#5369 = CARTESIAN_POINT('',(-0.994975984097,-2.402090072632,0.));
#5370 = VECTOR('',#5371,1.);
#5371 = DIRECTION('',(0.956942885713,-0.290276270962,0.));
#5372 = ORIENTED_EDGE('',*,*,#5373,.T.);
#5373 = EDGE_CURVE('',#5366,#5374,#5376,.T.);
#5374 = VERTEX_POINT('',#5375);
#5375 = CARTESIAN_POINT('',(0.,-2.599999904633,0.));
#5376 = LINE('',#5377,#5378);
#5377 = CARTESIAN_POINT('',(-0.507234990597,-2.550040006638,0.));
#5378 = VECTOR('',#5379,1.);
#5379 = DIRECTION('',(0.995184418172,-9.802027253596E-02,0.));
#5380 = ORIENTED_EDGE('',*,*,#5381,.T.);
#5381 = EDGE_CURVE('',#5374,#5382,#5384,.T.);
#5382 = VERTEX_POINT('',#5383);
#5383 = CARTESIAN_POINT('',(0.507234990597,-2.550040006638,0.));
#5384 = LINE('',#5385,#5386);
#5385 = CARTESIAN_POINT('',(0.,-2.599999904633,0.));
#5386 = VECTOR('',#5387,1.);
#5387 = DIRECTION('',(0.995184418172,9.802027253596E-02,0.));
#5388 = ORIENTED_EDGE('',*,*,#5389,.T.);
#5389 = EDGE_CURVE('',#5382,#5390,#5392,.T.);
#5390 = VERTEX_POINT('',#5391);
#5391 = CARTESIAN_POINT('',(0.994975984097,-2.402090072632,0.));
#5392 = LINE('',#5393,#5394);
#5393 = CARTESIAN_POINT('',(0.507234990597,-2.550040006638,0.));
#5394 = VECTOR('',#5395,1.);
#5395 = DIRECTION('',(0.956942885713,0.290276270962,0.));
#5396 = ORIENTED_EDGE('',*,*,#5397,.T.);
#5397 = EDGE_CURVE('',#5390,#5201,#5398,.T.);
#5398 = LINE('',#5399,#5400);
#5399 = CARTESIAN_POINT('',(0.994975984097,-2.402090072632,0.));
#5400 = VECTOR('',#5401,1.);
#5401 = DIRECTION('',(0.881916968656,0.471404773413,0.));
#5402 = FACE_BOUND('',#5403,.T.);
#5403 = EDGE_LOOP('',(#5404,#5412,#5413,#5421,#5429,#5437,#5445,#5453,
    #5459,#5460,#5461,#5469,#5477,#5485,#5491,#5492,#5493,#5494,#5500,
    #5501,#5507,#5508,#5516,#5522,#5523,#5531,#5539,#5547));
#5404 = ORIENTED_EDGE('',*,*,#5405,.T.);
#5405 = EDGE_CURVE('',#5406,#4316,#5408,.T.);
#5406 = VERTEX_POINT('',#5407);
#5407 = CARTESIAN_POINT('',(5.701250076294,-7.138470172882,0.));
#5408 = LINE('',#5409,#5410);
#5409 = CARTESIAN_POINT('',(5.701250076294,-7.138470172882,0.));
#5410 = VECTOR('',#5411,1.);
#5411 = DIRECTION('',(0.555576728966,-0.831465271813,0.));
#5412 = ORIENTED_EDGE('',*,*,#4324,.T.);
#5413 = ORIENTED_EDGE('',*,*,#5414,.T.);
#5414 = EDGE_CURVE('',#4293,#5415,#5417,.T.);
#5415 = VERTEX_POINT('',#5416);
#5416 = CARTESIAN_POINT('',(6.717510223389,-7.817510128021,0.));
#5417 = LINE('',#5418,#5419);
#5418 = CARTESIAN_POINT('',(6.296559810638,-7.733779907227,0.));
#5419 = VECTOR('',#5420,1.);
#5420 = DIRECTION('',(0.980786181986,-0.195085789401,0.));
#5421 = ORIENTED_EDGE('',*,*,#5422,.T.);
#5422 = EDGE_CURVE('',#5415,#5423,#5425,.T.);
#5423 = VERTEX_POINT('',#5424);
#5424 = CARTESIAN_POINT('',(7.138470172882,-7.733779907227,0.));
#5425 = LINE('',#5426,#5427);
#5426 = CARTESIAN_POINT('',(6.717510223389,-7.817510128021,0.));
#5427 = VECTOR('',#5428,1.);
#5428 = DIRECTION('',(0.980787027616,0.195081537979,0.));
#5429 = ORIENTED_EDGE('',*,*,#5430,.T.);
#5430 = EDGE_CURVE('',#5423,#5431,#5433,.T.);
#5431 = VERTEX_POINT('',#5432);
#5432 = CARTESIAN_POINT('',(7.495329856873,-7.495329856873,0.));
#5433 = LINE('',#5434,#5435);
#5434 = CARTESIAN_POINT('',(7.138470172882,-7.733779907227,0.));
#5435 = VECTOR('',#5436,1.);
#5436 = DIRECTION('',(0.831465271813,0.555576728966,0.));
#5437 = ORIENTED_EDGE('',*,*,#5438,.T.);
#5438 = EDGE_CURVE('',#5431,#5439,#5441,.T.);
#5439 = VERTEX_POINT('',#5440);
#5440 = CARTESIAN_POINT('',(7.733779907227,-7.138470172882,0.));
#5441 = LINE('',#5442,#5443);
#5442 = CARTESIAN_POINT('',(7.495329856873,-7.495329856873,0.));
#5443 = VECTOR('',#5444,1.);
#5444 = DIRECTION('',(0.555576728966,0.831465271813,0.));
#5445 = ORIENTED_EDGE('',*,*,#5446,.T.);
#5446 = EDGE_CURVE('',#5439,#5447,#5449,.T.);
#5447 = VERTEX_POINT('',#5448);
#5448 = CARTESIAN_POINT('',(7.817510128021,-6.717510223389,0.));
#5449 = LINE('',#5450,#5451);
#5450 = CARTESIAN_POINT('',(7.733779907227,-7.138470172882,0.));
#5451 = VECTOR('',#5452,1.);
#5452 = DIRECTION('',(0.195081537979,0.980787027616,0.));
#5453 = ORIENTED_EDGE('',*,*,#5454,.T.);
#5454 = EDGE_CURVE('',#5447,#4249,#5455,.T.);
#5455 = LINE('',#5456,#5457);
#5456 = CARTESIAN_POINT('',(7.817510128021,-6.717510223389,0.));
#5457 = VECTOR('',#5458,1.);
#5458 = DIRECTION('',(-0.195085789401,0.980786181986,0.));
#5459 = ORIENTED_EDGE('',*,*,#4262,.T.);
#5460 = ORIENTED_EDGE('',*,*,#4234,.T.);
#5461 = ORIENTED_EDGE('',*,*,#5462,.T.);
#5462 = EDGE_CURVE('',#4203,#5463,#5465,.T.);
#5463 = VERTEX_POINT('',#5464);
#5464 = CARTESIAN_POINT('',(8.578740119934,-5.836709976196,0.));
#5465 = LINE('',#5466,#5467);
#5466 = CARTESIAN_POINT('',(7.878849983215,-6.181849956512,0.));
#5467 = VECTOR('',#5468,1.);
#5468 = DIRECTION('',(0.896876624743,0.442280815759,0.));
#5469 = ORIENTED_EDGE('',*,*,#5470,.T.);
#5470 = EDGE_CURVE('',#5463,#5471,#5473,.T.);
#5471 = VERTEX_POINT('',#5472);
#5472 = CARTESIAN_POINT('',(9.093270301819,-5.25,0.));
#5473 = LINE('',#5474,#5475);
#5474 = CARTESIAN_POINT('',(8.578740119934,-5.836709976196,0.));
#5475 = VECTOR('',#5476,1.);
#5476 = DIRECTION('',(0.659345338587,0.751840225369,0.));
#5477 = ORIENTED_EDGE('',*,*,#5478,.T.);
#5478 = EDGE_CURVE('',#5471,#5479,#5481,.T.);
#5479 = VERTEX_POINT('',#5480);
#5480 = CARTESIAN_POINT('',(9.344099998474,-4.511050224304,0.));
#5481 = LINE('',#5482,#5483);
#5482 = CARTESIAN_POINT('',(9.093270301819,-5.25,0.));
#5483 = VECTOR('',#5484,1.);
#5484 = DIRECTION('',(0.321428030129,0.946934011137,0.));
#5485 = ORIENTED_EDGE('',*,*,#5486,.T.);
#5486 = EDGE_CURVE('',#5479,#4041,#5487,.T.);
#5487 = LINE('',#5488,#5489);
#5488 = CARTESIAN_POINT('',(9.344099998474,-4.511050224304,0.));
#5489 = VECTOR('',#5490,1.);
#5490 = DIRECTION('',(-6.539304616665E-02,0.997859584066,0.));
#5491 = ORIENTED_EDGE('',*,*,#4056,.T.);
#5492 = ORIENTED_EDGE('',*,*,#4141,.T.);
#5493 = ORIENTED_EDGE('',*,*,#4117,.T.);
#5494 = ORIENTED_EDGE('',*,*,#5495,.T.);
#5495 = EDGE_CURVE('',#4110,#4019,#5496,.T.);
#5496 = LINE('',#5497,#5498);
#5497 = CARTESIAN_POINT('',(7.622270107269,-2.267110109329,0.));
#5498 = VECTOR('',#5499,1.);
#5499 = DIRECTION('',(-0.997858766599,-6.540551905202E-02,0.));
#5500 = ORIENTED_EDGE('',*,*,#4018,.T.);
#5501 = ORIENTED_EDGE('',*,*,#5502,.T.);
#5502 = EDGE_CURVE('',#4011,#3979,#5503,.T.);
#5503 = LINE('',#5504,#5505);
#5504 = CARTESIAN_POINT('',(6.143690109253,-2.663290023804,0.));
#5505 = VECTOR('',#5506,1.);
#5506 = DIRECTION('',(-0.659345338587,-0.751840225369,0.));
#5507 = ORIENTED_EDGE('',*,*,#3995,.T.);
#5508 = ORIENTED_EDGE('',*,*,#5509,.T.);
#5509 = EDGE_CURVE('',#3988,#5510,#5512,.T.);
#5510 = VERTEX_POINT('',#5511);
#5511 = CARTESIAN_POINT('',(5.429359912872,-4.767640113831,0.));
#5512 = LINE('',#5513,#5514);
#5513 = CARTESIAN_POINT('',(5.378330230713,-3.988950014114,0.));
#5514 = VECTOR('',#5515,1.);
#5515 = DIRECTION('',(6.539245766861E-02,-0.997859622632,0.));
#5516 = ORIENTED_EDGE('',*,*,#5517,.T.);
#5517 = EDGE_CURVE('',#5510,#3957,#5518,.T.);
#5518 = LINE('',#5519,#5520);
#5519 = CARTESIAN_POINT('',(5.429359912872,-4.767640113831,0.));
#5520 = VECTOR('',#5521,1.);
#5521 = DIRECTION('',(0.442296227698,-0.89686902442,0.));
#5522 = ORIENTED_EDGE('',*,*,#3956,.T.);
#5523 = ORIENTED_EDGE('',*,*,#5524,.T.);
#5524 = EDGE_CURVE('',#3949,#5525,#5527,.T.);
#5525 = VERTEX_POINT('',#5526);
#5526 = CARTESIAN_POINT('',(5.939700126648,-5.939700126648,0.));
#5527 = LINE('',#5528,#5529);
#5528 = CARTESIAN_POINT('',(6.151529788971,-5.798160076141,0.));
#5529 = VECTOR('',#5530,1.);
#5530 = DIRECTION('',(-0.831469620889,-0.55557022017,0.));
#5531 = ORIENTED_EDGE('',*,*,#5532,.T.);
#5532 = EDGE_CURVE('',#5525,#5533,#5535,.T.);
#5533 = VERTEX_POINT('',#5534);
#5534 = CARTESIAN_POINT('',(5.701250076294,-6.296559810638,0.));
#5535 = LINE('',#5536,#5537);
#5536 = CARTESIAN_POINT('',(5.939700126648,-5.939700126648,0.));
#5537 = VECTOR('',#5538,1.);
#5538 = DIRECTION('',(-0.555576728966,-0.831465271813,0.));
#5539 = ORIENTED_EDGE('',*,*,#5540,.T.);
#5540 = EDGE_CURVE('',#5533,#5541,#5543,.T.);
#5541 = VERTEX_POINT('',#5542);
#5542 = CARTESIAN_POINT('',(5.617509841919,-6.717510223389,0.));
#5543 = LINE('',#5544,#5545);
#5544 = CARTESIAN_POINT('',(5.701250076294,-6.296559810638,0.));
#5545 = VECTOR('',#5546,1.);
#5546 = DIRECTION('',(-0.195108232276,-0.980781717661,0.));
#5547 = ORIENTED_EDGE('',*,*,#5548,.T.);
#5548 = EDGE_CURVE('',#5541,#5406,#5549,.T.);
#5549 = LINE('',#5550,#5551);
#5550 = CARTESIAN_POINT('',(5.617509841919,-6.717510223389,0.));
#5551 = VECTOR('',#5552,1.);
#5552 = DIRECTION('',(0.195103980404,-0.980782563482,0.));
#5553 = FACE_BOUND('',#5554,.T.);
#5554 = EDGE_LOOP('',(#5555,#5565,#5573,#5581,#5587,#5588,#5596,#5604,
    #5612,#5618,#5619,#5620,#5628,#5636,#5644,#5652,#5660,#5666,#5667,
    #5675,#5683,#5691,#5699,#5707,#5715,#5723,#5731,#5739));
#5555 = ORIENTED_EDGE('',*,*,#5556,.T.);
#5556 = EDGE_CURVE('',#5557,#5559,#5561,.T.);
#5557 = VERTEX_POINT('',#5558);
#5558 = CARTESIAN_POINT('',(6.143690109253,2.663290023804,0.));
#5559 = VERTEX_POINT('',#5560);
#5560 = CARTESIAN_POINT('',(6.843579769135,2.318150043488,0.));
#5561 = LINE('',#5562,#5563);
#5562 = CARTESIAN_POINT('',(6.143690109253,2.663290023804,0.));
#5563 = VECTOR('',#5564,1.);
#5564 = DIRECTION('',(0.896876505215,-0.442281058143,0.));
#5565 = ORIENTED_EDGE('',*,*,#5566,.T.);
#5566 = EDGE_CURVE('',#5559,#5567,#5569,.T.);
#5567 = VERTEX_POINT('',#5568);
#5568 = CARTESIAN_POINT('',(7.622270107269,2.267110109329,0.));
#5569 = LINE('',#5570,#5571);
#5570 = CARTESIAN_POINT('',(6.843579769135,2.318150043488,0.));
#5571 = VECTOR('',#5572,1.);
#5572 = DIRECTION('',(0.997858766599,-6.540551905202E-02,0.));
#5573 = ORIENTED_EDGE('',*,*,#5574,.T.);
#5574 = EDGE_CURVE('',#5567,#5575,#5577,.T.);
#5575 = VERTEX_POINT('',#5576);
#5576 = CARTESIAN_POINT('',(8.361220359802,2.517950057983,0.));
#5577 = LINE('',#5578,#5579);
#5578 = CARTESIAN_POINT('',(7.622270107269,2.267110109329,0.));
#5579 = VECTOR('',#5580,1.);
#5580 = DIRECTION('',(0.946930075534,0.321439624267,0.));
#5581 = ORIENTED_EDGE('',*,*,#5582,.T.);
#5582 = EDGE_CURVE('',#5575,#3611,#5583,.T.);
#5583 = LINE('',#5584,#5585);
#5584 = CARTESIAN_POINT('',(8.361220359802,2.517950057983,0.));
#5585 = VECTOR('',#5586,1.);
#5586 = DIRECTION('',(0.751834532595,0.659351829904,0.));
#5587 = ORIENTED_EDGE('',*,*,#3619,.T.);
#5588 = ORIENTED_EDGE('',*,*,#5589,.T.);
#5589 = EDGE_CURVE('',#3588,#5590,#5592,.T.);
#5590 = VERTEX_POINT('',#5591);
#5591 = CARTESIAN_POINT('',(9.344099998474,4.511050224304,0.));
#5592 = LINE('',#5593,#5594);
#5593 = CARTESIAN_POINT('',(9.293069839478,3.732359886169,0.));
#5594 = VECTOR('',#5595,1.);
#5595 = DIRECTION('',(6.539304616665E-02,0.997859584066,0.));
#5596 = ORIENTED_EDGE('',*,*,#5597,.T.);
#5597 = EDGE_CURVE('',#5590,#5598,#5600,.T.);
#5598 = VERTEX_POINT('',#5599);
#5599 = CARTESIAN_POINT('',(9.093270301819,5.25,0.));
#5600 = LINE('',#5601,#5602);
#5601 = CARTESIAN_POINT('',(9.344099998474,4.511050224304,0.));
#5602 = VECTOR('',#5603,1.);
#5603 = DIRECTION('',(-0.321428030129,0.946934011137,0.));
#5604 = ORIENTED_EDGE('',*,*,#5605,.T.);
#5605 = EDGE_CURVE('',#5598,#5606,#5608,.T.);
#5606 = VERTEX_POINT('',#5607);
#5607 = CARTESIAN_POINT('',(8.578740119934,5.836709976196,0.));
#5608 = LINE('',#5609,#5610);
#5609 = CARTESIAN_POINT('',(9.093270301819,5.25,0.));
#5610 = VECTOR('',#5611,1.);
#5611 = DIRECTION('',(-0.659345338587,0.751840225369,0.));
#5612 = ORIENTED_EDGE('',*,*,#5613,.T.);
#5613 = EDGE_CURVE('',#5606,#3544,#5614,.T.);
#5614 = LINE('',#5615,#5616);
#5615 = CARTESIAN_POINT('',(8.578740119934,5.836709976196,0.));
#5616 = VECTOR('',#5617,1.);
#5617 = DIRECTION('',(-0.896876624743,0.442280815759,0.));
#5618 = ORIENTED_EDGE('',*,*,#3557,.T.);
#5619 = ORIENTED_EDGE('',*,*,#3529,.T.);
#5620 = ORIENTED_EDGE('',*,*,#5621,.T.);
#5621 = EDGE_CURVE('',#3498,#5622,#5624,.T.);
#5622 = VERTEX_POINT('',#5623);
#5623 = CARTESIAN_POINT('',(7.817510128021,6.717510223389,0.));
#5624 = LINE('',#5625,#5626);
#5625 = CARTESIAN_POINT('',(7.733779907227,6.296559810638,0.));
#5626 = VECTOR('',#5627,1.);
#5627 = DIRECTION('',(0.195085789401,0.980786181986,0.));
#5628 = ORIENTED_EDGE('',*,*,#5629,.T.);
#5629 = EDGE_CURVE('',#5622,#5630,#5632,.T.);
#5630 = VERTEX_POINT('',#5631);
#5631 = CARTESIAN_POINT('',(7.733779907227,7.138470172882,0.));
#5632 = LINE('',#5633,#5634);
#5633 = CARTESIAN_POINT('',(7.817510128021,6.717510223389,0.));
#5634 = VECTOR('',#5635,1.);
#5635 = DIRECTION('',(-0.195081537979,0.980787027616,0.));
#5636 = ORIENTED_EDGE('',*,*,#5637,.T.);
#5637 = EDGE_CURVE('',#5630,#5638,#5640,.T.);
#5638 = VERTEX_POINT('',#5639);
#5639 = CARTESIAN_POINT('',(7.495329856873,7.495329856873,0.));
#5640 = LINE('',#5641,#5642);
#5641 = CARTESIAN_POINT('',(7.733779907227,7.138470172882,0.));
#5642 = VECTOR('',#5643,1.);
#5643 = DIRECTION('',(-0.555576728966,0.831465271813,0.));
#5644 = ORIENTED_EDGE('',*,*,#5645,.T.);
#5645 = EDGE_CURVE('',#5638,#5646,#5648,.T.);
#5646 = VERTEX_POINT('',#5647);
#5647 = CARTESIAN_POINT('',(7.138470172882,7.733779907227,0.));
#5648 = LINE('',#5649,#5650);
#5649 = CARTESIAN_POINT('',(7.495329856873,7.495329856873,0.));
#5650 = VECTOR('',#5651,1.);
#5651 = DIRECTION('',(-0.831465271813,0.555576728966,0.));
#5652 = ORIENTED_EDGE('',*,*,#5653,.T.);
#5653 = EDGE_CURVE('',#5646,#5654,#5656,.T.);
#5654 = VERTEX_POINT('',#5655);
#5655 = CARTESIAN_POINT('',(6.717510223389,7.817510128021,0.));
#5656 = LINE('',#5657,#5658);
#5657 = CARTESIAN_POINT('',(7.138470172882,7.733779907227,0.));
#5658 = VECTOR('',#5659,1.);
#5659 = DIRECTION('',(-0.980787027616,0.195081537979,0.));
#5660 = ORIENTED_EDGE('',*,*,#5661,.T.);
#5661 = EDGE_CURVE('',#5654,#3452,#5662,.T.);
#5662 = LINE('',#5663,#5664);
#5663 = CARTESIAN_POINT('',(6.717510223389,7.817510128021,0.));
#5664 = VECTOR('',#5665,1.);
#5665 = DIRECTION('',(-0.980786181986,-0.195085789401,0.));
#5666 = ORIENTED_EDGE('',*,*,#3467,.T.);
#5667 = ORIENTED_EDGE('',*,*,#5668,.T.);
#5668 = EDGE_CURVE('',#3460,#5669,#5671,.T.);
#5669 = VERTEX_POINT('',#5670);
#5670 = CARTESIAN_POINT('',(5.701250076294,7.138470172882,0.));
#5671 = LINE('',#5672,#5673);
#5672 = CARTESIAN_POINT('',(5.939700126648,7.495329856873,0.));
#5673 = VECTOR('',#5674,1.);
#5674 = DIRECTION('',(-0.555576728966,-0.831465271813,0.));
#5675 = ORIENTED_EDGE('',*,*,#5676,.T.);
#5676 = EDGE_CURVE('',#5669,#5677,#5679,.T.);
#5677 = VERTEX_POINT('',#5678);
#5678 = CARTESIAN_POINT('',(5.617509841919,6.717510223389,0.));
#5679 = LINE('',#5680,#5681);
#5680 = CARTESIAN_POINT('',(5.701250076294,7.138470172882,0.));
#5681 = VECTOR('',#5682,1.);
#5682 = DIRECTION('',(-0.195103980404,-0.980782563482,0.));
#5683 = ORIENTED_EDGE('',*,*,#5684,.T.);
#5684 = EDGE_CURVE('',#5677,#5685,#5687,.T.);
#5685 = VERTEX_POINT('',#5686);
#5686 = CARTESIAN_POINT('',(5.701250076294,6.296559810638,0.));
#5687 = LINE('',#5688,#5689);
#5688 = CARTESIAN_POINT('',(5.617509841919,6.717510223389,0.));
#5689 = VECTOR('',#5690,1.);
#5690 = DIRECTION('',(0.195108232276,-0.980781717661,0.));
#5691 = ORIENTED_EDGE('',*,*,#5692,.T.);
#5692 = EDGE_CURVE('',#5685,#5693,#5695,.T.);
#5693 = VERTEX_POINT('',#5694);
#5694 = CARTESIAN_POINT('',(5.939700126648,5.939700126648,0.));
#5695 = LINE('',#5696,#5697);
#5696 = CARTESIAN_POINT('',(5.701250076294,6.296559810638,0.));
#5697 = VECTOR('',#5698,1.);
#5698 = DIRECTION('',(0.555576728966,-0.831465271813,0.));
#5699 = ORIENTED_EDGE('',*,*,#5700,.T.);
#5700 = EDGE_CURVE('',#5693,#5701,#5703,.T.);
#5701 = VERTEX_POINT('',#5702);
#5702 = CARTESIAN_POINT('',(6.151529788971,5.798160076141,0.));
#5703 = LINE('',#5704,#5705);
#5704 = CARTESIAN_POINT('',(5.939700126648,5.939700126648,0.));
#5705 = VECTOR('',#5706,1.);
#5706 = DIRECTION('',(0.831469620889,-0.55557022017,0.));
#5707 = ORIENTED_EDGE('',*,*,#5708,.T.);
#5708 = EDGE_CURVE('',#5701,#5709,#5711,.T.);
#5709 = VERTEX_POINT('',#5710);
#5710 = CARTESIAN_POINT('',(5.774509906769,5.467520236969,0.));
#5711 = LINE('',#5712,#5713);
#5712 = CARTESIAN_POINT('',(6.151529788971,5.798160076141,0.));
#5713 = VECTOR('',#5714,1.);
#5714 = DIRECTION('',(-0.75183755714,-0.659348381111,0.));
#5715 = ORIENTED_EDGE('',*,*,#5716,.T.);
#5716 = EDGE_CURVE('',#5709,#5717,#5719,.T.);
#5717 = VERTEX_POINT('',#5718);
#5718 = CARTESIAN_POINT('',(5.429359912872,4.767640113831,0.));
#5719 = LINE('',#5720,#5721);
#5720 = CARTESIAN_POINT('',(5.774509906769,5.467520236969,0.));
#5721 = VECTOR('',#5722,1.);
#5722 = DIRECTION('',(-0.442296227698,-0.89686902442,0.));
#5723 = ORIENTED_EDGE('',*,*,#5724,.T.);
#5724 = EDGE_CURVE('',#5717,#5725,#5727,.T.);
#5725 = VERTEX_POINT('',#5726);
#5726 = CARTESIAN_POINT('',(5.378330230713,3.988950014114,0.));
#5727 = LINE('',#5728,#5729);
#5728 = CARTESIAN_POINT('',(5.429359912872,4.767640113831,0.));
#5729 = VECTOR('',#5730,1.);
#5730 = DIRECTION('',(-6.539245766861E-02,-0.997859622632,0.));
#5731 = ORIENTED_EDGE('',*,*,#5732,.T.);
#5732 = EDGE_CURVE('',#5725,#5733,#5735,.T.);
#5733 = VERTEX_POINT('',#5734);
#5734 = CARTESIAN_POINT('',(5.629159927368,3.25,0.));
#5735 = LINE('',#5736,#5737);
#5736 = CARTESIAN_POINT('',(5.378330230713,3.988950014114,0.));
#5737 = VECTOR('',#5738,1.);
#5738 = DIRECTION('',(0.321427937136,-0.946934042702,0.));
#5739 = ORIENTED_EDGE('',*,*,#5740,.T.);
#5740 = EDGE_CURVE('',#5733,#5557,#5741,.T.);
#5741 = LINE('',#5742,#5743);
#5742 = CARTESIAN_POINT('',(5.629159927368,3.25,0.));
#5743 = VECTOR('',#5744,1.);
#5744 = DIRECTION('',(0.659345338587,-0.751840225369,0.));
#5745 = FACE_BOUND('',#5746,.T.);
#5746 = EDGE_LOOP('',(#5747,#5757,#5765,#5773,#5781,#5789,#5797,#5805,
    #5811,#5812,#5820,#5828,#5836,#5844,#5852,#5858,#5859,#5860,#5868,
    #5876,#5884,#5890,#5891,#5899,#5907,#5915,#5923,#5931));
#5747 = ORIENTED_EDGE('',*,*,#5748,.T.);
#5748 = EDGE_CURVE('',#5749,#5751,#5753,.T.);
#5749 = VERTEX_POINT('',#5750);
#5750 = CARTESIAN_POINT('',(-5.378330230713,3.988950014114,0.));
#5751 = VERTEX_POINT('',#5752);
#5752 = CARTESIAN_POINT('',(-5.429359912872,4.767640113831,0.));
#5753 = LINE('',#5754,#5755);
#5754 = CARTESIAN_POINT('',(-5.378330230713,3.988950014114,0.));
#5755 = VECTOR('',#5756,1.);
#5756 = DIRECTION('',(-6.539245766861E-02,0.997859622632,0.));
#5757 = ORIENTED_EDGE('',*,*,#5758,.T.);
#5758 = EDGE_CURVE('',#5751,#5759,#5761,.T.);
#5759 = VERTEX_POINT('',#5760);
#5760 = CARTESIAN_POINT('',(-5.774509906769,5.467520236969,0.));
#5761 = LINE('',#5762,#5763);
#5762 = CARTESIAN_POINT('',(-5.429359912872,4.767640113831,0.));
#5763 = VECTOR('',#5764,1.);
#5764 = DIRECTION('',(-0.442296227698,0.89686902442,0.));
#5765 = ORIENTED_EDGE('',*,*,#5766,.T.);
#5766 = EDGE_CURVE('',#5759,#5767,#5769,.T.);
#5767 = VERTEX_POINT('',#5768);
#5768 = CARTESIAN_POINT('',(-6.151529788971,5.798160076141,0.));
#5769 = LINE('',#5770,#5771);
#5770 = CARTESIAN_POINT('',(-5.774509906769,5.467520236969,0.));
#5771 = VECTOR('',#5772,1.);
#5772 = DIRECTION('',(-0.75183755714,0.659348381111,0.));
#5773 = ORIENTED_EDGE('',*,*,#5774,.T.);
#5774 = EDGE_CURVE('',#5767,#5775,#5777,.T.);
#5775 = VERTEX_POINT('',#5776);
#5776 = CARTESIAN_POINT('',(-5.939700126648,5.939700126648,0.));
#5777 = LINE('',#5778,#5779);
#5778 = CARTESIAN_POINT('',(-6.151529788971,5.798160076141,0.));
#5779 = VECTOR('',#5780,1.);
#5780 = DIRECTION('',(0.831469620889,0.55557022017,0.));
#5781 = ORIENTED_EDGE('',*,*,#5782,.T.);
#5782 = EDGE_CURVE('',#5775,#5783,#5785,.T.);
#5783 = VERTEX_POINT('',#5784);
#5784 = CARTESIAN_POINT('',(-5.701250076294,6.296559810638,0.));
#5785 = LINE('',#5786,#5787);
#5786 = CARTESIAN_POINT('',(-5.939700126648,5.939700126648,0.));
#5787 = VECTOR('',#5788,1.);
#5788 = DIRECTION('',(0.555576728966,0.831465271813,0.));
#5789 = ORIENTED_EDGE('',*,*,#5790,.T.);
#5790 = EDGE_CURVE('',#5783,#5791,#5793,.T.);
#5791 = VERTEX_POINT('',#5792);
#5792 = CARTESIAN_POINT('',(-5.617509841919,6.717510223389,0.));
#5793 = LINE('',#5794,#5795);
#5794 = CARTESIAN_POINT('',(-5.701250076294,6.296559810638,0.));
#5795 = VECTOR('',#5796,1.);
#5796 = DIRECTION('',(0.195108232276,0.980781717661,0.));
#5797 = ORIENTED_EDGE('',*,*,#5798,.T.);
#5798 = EDGE_CURVE('',#5791,#5799,#5801,.T.);
#5799 = VERTEX_POINT('',#5800);
#5800 = CARTESIAN_POINT('',(-5.701250076294,7.138470172882,0.));
#5801 = LINE('',#5802,#5803);
#5802 = CARTESIAN_POINT('',(-5.617509841919,6.717510223389,0.));
#5803 = VECTOR('',#5804,1.);
#5804 = DIRECTION('',(-0.195103980404,0.980782563482,0.));
#5805 = ORIENTED_EDGE('',*,*,#5806,.T.);
#5806 = EDGE_CURVE('',#5799,#1261,#5807,.T.);
#5807 = LINE('',#5808,#5809);
#5808 = CARTESIAN_POINT('',(-5.701250076294,7.138470172882,0.));
#5809 = VECTOR('',#5810,1.);
#5810 = DIRECTION('',(-0.555576728966,0.831465271813,0.));
#5811 = ORIENTED_EDGE('',*,*,#1269,.T.);
#5812 = ORIENTED_EDGE('',*,*,#5813,.T.);
#5813 = EDGE_CURVE('',#1238,#5814,#5816,.T.);
#5814 = VERTEX_POINT('',#5815);
#5815 = CARTESIAN_POINT('',(-6.717510223389,7.817510128021,0.));
#5816 = LINE('',#5817,#5818);
#5817 = CARTESIAN_POINT('',(-6.296559810638,7.733779907227,0.));
#5818 = VECTOR('',#5819,1.);
#5819 = DIRECTION('',(-0.980786181986,0.195085789401,0.));
#5820 = ORIENTED_EDGE('',*,*,#5821,.T.);
#5821 = EDGE_CURVE('',#5814,#5822,#5824,.T.);
#5822 = VERTEX_POINT('',#5823);
#5823 = CARTESIAN_POINT('',(-7.138470172882,7.733779907227,0.));
#5824 = LINE('',#5825,#5826);
#5825 = CARTESIAN_POINT('',(-6.717510223389,7.817510128021,0.));
#5826 = VECTOR('',#5827,1.);
#5827 = DIRECTION('',(-0.980787027616,-0.195081537979,0.));
#5828 = ORIENTED_EDGE('',*,*,#5829,.T.);
#5829 = EDGE_CURVE('',#5822,#5830,#5832,.T.);
#5830 = VERTEX_POINT('',#5831);
#5831 = CARTESIAN_POINT('',(-7.495329856873,7.495329856873,0.));
#5832 = LINE('',#5833,#5834);
#5833 = CARTESIAN_POINT('',(-7.138470172882,7.733779907227,0.));
#5834 = VECTOR('',#5835,1.);
#5835 = DIRECTION('',(-0.831465271813,-0.555576728966,0.));
#5836 = ORIENTED_EDGE('',*,*,#5837,.T.);
#5837 = EDGE_CURVE('',#5830,#5838,#5840,.T.);
#5838 = VERTEX_POINT('',#5839);
#5839 = CARTESIAN_POINT('',(-7.733779907227,7.138470172882,0.));
#5840 = LINE('',#5841,#5842);
#5841 = CARTESIAN_POINT('',(-7.495329856873,7.495329856873,0.));
#5842 = VECTOR('',#5843,1.);
#5843 = DIRECTION('',(-0.555576728966,-0.831465271813,0.));
#5844 = ORIENTED_EDGE('',*,*,#5845,.T.);
#5845 = EDGE_CURVE('',#5838,#5846,#5848,.T.);
#5846 = VERTEX_POINT('',#5847);
#5847 = CARTESIAN_POINT('',(-7.817510128021,6.717510223389,0.));
#5848 = LINE('',#5849,#5850);
#5849 = CARTESIAN_POINT('',(-7.733779907227,7.138470172882,0.));
#5850 = VECTOR('',#5851,1.);
#5851 = DIRECTION('',(-0.195081537979,-0.980787027616,0.));
#5852 = ORIENTED_EDGE('',*,*,#5853,.T.);
#5853 = EDGE_CURVE('',#5846,#1194,#5854,.T.);
#5854 = LINE('',#5855,#5856);
#5855 = CARTESIAN_POINT('',(-7.817510128021,6.717510223389,0.));
#5856 = VECTOR('',#5857,1.);
#5857 = DIRECTION('',(0.195085789401,-0.980786181986,0.));
#5858 = ORIENTED_EDGE('',*,*,#1222,.T.);
#5859 = ORIENTED_EDGE('',*,*,#1179,.T.);
#5860 = ORIENTED_EDGE('',*,*,#5861,.T.);
#5861 = EDGE_CURVE('',#1148,#5862,#5864,.T.);
#5862 = VERTEX_POINT('',#5863);
#5863 = CARTESIAN_POINT('',(-8.578740119934,5.836709976196,0.));
#5864 = LINE('',#5865,#5866);
#5865 = CARTESIAN_POINT('',(-7.878849983215,6.181849956512,0.));
#5866 = VECTOR('',#5867,1.);
#5867 = DIRECTION('',(-0.896876624743,-0.442280815759,0.));
#5868 = ORIENTED_EDGE('',*,*,#5869,.T.);
#5869 = EDGE_CURVE('',#5862,#5870,#5872,.T.);
#5870 = VERTEX_POINT('',#5871);
#5871 = CARTESIAN_POINT('',(-9.093270301819,5.25,0.));
#5872 = LINE('',#5873,#5874);
#5873 = CARTESIAN_POINT('',(-8.578740119934,5.836709976196,0.));
#5874 = VECTOR('',#5875,1.);
#5875 = DIRECTION('',(-0.659345338587,-0.751840225369,0.));
#5876 = ORIENTED_EDGE('',*,*,#5877,.T.);
#5877 = EDGE_CURVE('',#5870,#5878,#5880,.T.);
#5878 = VERTEX_POINT('',#5879);
#5879 = CARTESIAN_POINT('',(-9.344099998474,4.511050224304,0.));
#5880 = LINE('',#5881,#5882);
#5881 = CARTESIAN_POINT('',(-9.093270301819,5.25,0.));
#5882 = VECTOR('',#5883,1.);
#5883 = DIRECTION('',(-0.321428030129,-0.946934011137,0.));
#5884 = ORIENTED_EDGE('',*,*,#5885,.T.);
#5885 = EDGE_CURVE('',#5878,#1102,#5886,.T.);
#5886 = LINE('',#5887,#5888);
#5887 = CARTESIAN_POINT('',(-9.344099998474,4.511050224304,0.));
#5888 = VECTOR('',#5889,1.);
#5889 = DIRECTION('',(6.539304616665E-02,-0.997859584066,0.));
#5890 = ORIENTED_EDGE('',*,*,#1132,.T.);
#5891 = ORIENTED_EDGE('',*,*,#5892,.T.);
#5892 = EDGE_CURVE('',#1125,#5893,#5895,.T.);
#5893 = VERTEX_POINT('',#5894);
#5894 = CARTESIAN_POINT('',(-8.361220359802,2.517950057983,0.));
#5895 = LINE('',#5896,#5897);
#5896 = CARTESIAN_POINT('',(-8.947919845581,3.03248000145,0.));
#5897 = VECTOR('',#5898,1.);
#5898 = DIRECTION('',(0.751834532595,-0.659351829904,0.));
#5899 = ORIENTED_EDGE('',*,*,#5900,.T.);
#5900 = EDGE_CURVE('',#5893,#5901,#5903,.T.);
#5901 = VERTEX_POINT('',#5902);
#5902 = CARTESIAN_POINT('',(-7.622270107269,2.267110109329,0.));
#5903 = LINE('',#5904,#5905);
#5904 = CARTESIAN_POINT('',(-8.361220359802,2.517950057983,0.));
#5905 = VECTOR('',#5906,1.);
#5906 = DIRECTION('',(0.946930075534,-0.321439624267,0.));
#5907 = ORIENTED_EDGE('',*,*,#5908,.T.);
#5908 = EDGE_CURVE('',#5901,#5909,#5911,.T.);
#5909 = VERTEX_POINT('',#5910);
#5910 = CARTESIAN_POINT('',(-6.843579769135,2.318150043488,0.));
#5911 = LINE('',#5912,#5913);
#5912 = CARTESIAN_POINT('',(-7.622270107269,2.267110109329,0.));
#5913 = VECTOR('',#5914,1.);
#5914 = DIRECTION('',(0.997858766599,6.540551905202E-02,0.));
#5915 = ORIENTED_EDGE('',*,*,#5916,.T.);
#5916 = EDGE_CURVE('',#5909,#5917,#5919,.T.);
#5917 = VERTEX_POINT('',#5918);
#5918 = CARTESIAN_POINT('',(-6.143690109253,2.663290023804,0.));
#5919 = LINE('',#5920,#5921);
#5920 = CARTESIAN_POINT('',(-6.843579769135,2.318150043488,0.));
#5921 = VECTOR('',#5922,1.);
#5922 = DIRECTION('',(0.896876505215,0.442281058143,0.));
#5923 = ORIENTED_EDGE('',*,*,#5924,.T.);
#5924 = EDGE_CURVE('',#5917,#5925,#5927,.T.);
#5925 = VERTEX_POINT('',#5926);
#5926 = CARTESIAN_POINT('',(-5.629159927368,3.25,0.));
#5927 = LINE('',#5928,#5929);
#5928 = CARTESIAN_POINT('',(-6.143690109253,2.663290023804,0.));
#5929 = VECTOR('',#5930,1.);
#5930 = DIRECTION('',(0.659345338587,0.751840225369,0.));
#5931 = ORIENTED_EDGE('',*,*,#5932,.T.);
#5932 = EDGE_CURVE('',#5925,#5749,#5933,.T.);
#5933 = LINE('',#5934,#5935);
#5934 = CARTESIAN_POINT('',(-5.629159927368,3.25,0.));
#5935 = VECTOR('',#5936,1.);
#5936 = DIRECTION('',(0.321427937136,0.946934042702,0.));
#5937 = FACE_BOUND('',#5938,.T.);
#5938 = EDGE_LOOP('',(#5939,#5949,#5957,#5965,#5971,#5972,#5980,#5988,
    #5996,#6002,#6003,#6004,#6012,#6020,#6028,#6036,#6044,#6050,#6051,
    #6059,#6067,#6075,#6083,#6091,#6099,#6107,#6115,#6123));
#5939 = ORIENTED_EDGE('',*,*,#5940,.T.);
#5940 = EDGE_CURVE('',#5941,#5943,#5945,.T.);
#5941 = VERTEX_POINT('',#5942);
#5942 = CARTESIAN_POINT('',(-6.143690109253,-2.663290023804,0.));
#5943 = VERTEX_POINT('',#5944);
#5944 = CARTESIAN_POINT('',(-6.843579769135,-2.318150043488,0.));
#5945 = LINE('',#5946,#5947);
#5946 = CARTESIAN_POINT('',(-6.143690109253,-2.663290023804,0.));
#5947 = VECTOR('',#5948,1.);
#5948 = DIRECTION('',(-0.896876505215,0.442281058143,0.));
#5949 = ORIENTED_EDGE('',*,*,#5950,.T.);
#5950 = EDGE_CURVE('',#5943,#5951,#5953,.T.);
#5951 = VERTEX_POINT('',#5952);
#5952 = CARTESIAN_POINT('',(-7.622270107269,-2.267110109329,0.));
#5953 = LINE('',#5954,#5955);
#5954 = CARTESIAN_POINT('',(-6.843579769135,-2.318150043488,0.));
#5955 = VECTOR('',#5956,1.);
#5956 = DIRECTION('',(-0.997858766599,6.540551905202E-02,0.));
#5957 = ORIENTED_EDGE('',*,*,#5958,.T.);
#5958 = EDGE_CURVE('',#5951,#5959,#5961,.T.);
#5959 = VERTEX_POINT('',#5960);
#5960 = CARTESIAN_POINT('',(-8.361220359802,-2.517950057983,0.));
#5961 = LINE('',#5962,#5963);
#5962 = CARTESIAN_POINT('',(-7.622270107269,-2.267110109329,0.));
#5963 = VECTOR('',#5964,1.);
#5964 = DIRECTION('',(-0.946930075534,-0.321439624267,0.));
#5965 = ORIENTED_EDGE('',*,*,#5966,.T.);
#5966 = EDGE_CURVE('',#5959,#55,#5967,.T.);
#5967 = LINE('',#5968,#5969);
#5968 = CARTESIAN_POINT('',(-8.361220359802,-2.517950057983,0.));
#5969 = VECTOR('',#5970,1.);
#5970 = DIRECTION('',(-0.751834532595,-0.659351829904,0.));
#5971 = ORIENTED_EDGE('',*,*,#54,.T.);
#5972 = ORIENTED_EDGE('',*,*,#5973,.T.);
#5973 = EDGE_CURVE('',#22,#5974,#5976,.T.);
#5974 = VERTEX_POINT('',#5975);
#5975 = CARTESIAN_POINT('',(-9.344099998474,-4.511050224304,0.));
#5976 = LINE('',#5977,#5978);
#5977 = CARTESIAN_POINT('',(-9.293069839478,-3.732359886169,0.));
#5978 = VECTOR('',#5979,1.);
#5979 = DIRECTION('',(-6.539304616665E-02,-0.997859584066,0.));
#5980 = ORIENTED_EDGE('',*,*,#5981,.T.);
#5981 = EDGE_CURVE('',#5974,#5982,#5984,.T.);
#5982 = VERTEX_POINT('',#5983);
#5983 = CARTESIAN_POINT('',(-9.093270301819,-5.25,0.));
#5984 = LINE('',#5985,#5986);
#5985 = CARTESIAN_POINT('',(-9.344099998474,-4.511050224304,0.));
#5986 = VECTOR('',#5987,1.);
#5987 = DIRECTION('',(0.321428030129,-0.946934011137,0.));
#5988 = ORIENTED_EDGE('',*,*,#5989,.T.);
#5989 = EDGE_CURVE('',#5982,#5990,#5992,.T.);
#5990 = VERTEX_POINT('',#5991);
#5991 = CARTESIAN_POINT('',(-8.578740119934,-5.836709976196,0.));
#5992 = LINE('',#5993,#5994);
#5993 = CARTESIAN_POINT('',(-9.093270301819,-5.25,0.));
#5994 = VECTOR('',#5995,1.);
#5995 = DIRECTION('',(0.659345338587,-0.751840225369,0.));
#5996 = ORIENTED_EDGE('',*,*,#5997,.T.);
#5997 = EDGE_CURVE('',#5990,#4750,#5998,.T.);
#5998 = LINE('',#5999,#6000);
#5999 = CARTESIAN_POINT('',(-8.578740119934,-5.836709976196,0.));
#6000 = VECTOR('',#6001,1.);
#6001 = DIRECTION('',(0.896876624743,-0.442280815759,0.));
#6002 = ORIENTED_EDGE('',*,*,#4763,.T.);
#6003 = ORIENTED_EDGE('',*,*,#4727,.T.);
#6004 = ORIENTED_EDGE('',*,*,#6005,.T.);
#6005 = EDGE_CURVE('',#4704,#6006,#6008,.T.);
#6006 = VERTEX_POINT('',#6007);
#6007 = CARTESIAN_POINT('',(-7.817510128021,-6.717510223389,0.));
#6008 = LINE('',#6009,#6010);
#6009 = CARTESIAN_POINT('',(-7.733779907227,-6.296559810638,0.));
#6010 = VECTOR('',#6011,1.);
#6011 = DIRECTION('',(-0.195085789401,-0.980786181986,0.));
#6012 = ORIENTED_EDGE('',*,*,#6013,.T.);
#6013 = EDGE_CURVE('',#6006,#6014,#6016,.T.);
#6014 = VERTEX_POINT('',#6015);
#6015 = CARTESIAN_POINT('',(-7.733779907227,-7.138470172882,0.));
#6016 = LINE('',#6017,#6018);
#6017 = CARTESIAN_POINT('',(-7.817510128021,-6.717510223389,0.));
#6018 = VECTOR('',#6019,1.);
#6019 = DIRECTION('',(0.195081537979,-0.980787027616,0.));
#6020 = ORIENTED_EDGE('',*,*,#6021,.T.);
#6021 = EDGE_CURVE('',#6014,#6022,#6024,.T.);
#6022 = VERTEX_POINT('',#6023);
#6023 = CARTESIAN_POINT('',(-7.495329856873,-7.495329856873,0.));
#6024 = LINE('',#6025,#6026);
#6025 = CARTESIAN_POINT('',(-7.733779907227,-7.138470172882,0.));
#6026 = VECTOR('',#6027,1.);
#6027 = DIRECTION('',(0.555576728966,-0.831465271813,0.));
#6028 = ORIENTED_EDGE('',*,*,#6029,.T.);
#6029 = EDGE_CURVE('',#6022,#6030,#6032,.T.);
#6030 = VERTEX_POINT('',#6031);
#6031 = CARTESIAN_POINT('',(-7.138470172882,-7.733779907227,0.));
#6032 = LINE('',#6033,#6034);
#6033 = CARTESIAN_POINT('',(-7.495329856873,-7.495329856873,0.));
#6034 = VECTOR('',#6035,1.);
#6035 = DIRECTION('',(0.831465271813,-0.555576728966,0.));
#6036 = ORIENTED_EDGE('',*,*,#6037,.T.);
#6037 = EDGE_CURVE('',#6030,#6038,#6040,.T.);
#6038 = VERTEX_POINT('',#6039);
#6039 = CARTESIAN_POINT('',(-6.717510223389,-7.817510128021,0.));
#6040 = LINE('',#6041,#6042);
#6041 = CARTESIAN_POINT('',(-7.138470172882,-7.733779907227,0.));
#6042 = VECTOR('',#6043,1.);
#6043 = DIRECTION('',(0.980787027616,-0.195081537979,0.));
#6044 = ORIENTED_EDGE('',*,*,#6045,.T.);
#6045 = EDGE_CURVE('',#6038,#4658,#6046,.T.);
#6046 = LINE('',#6047,#6048);
#6047 = CARTESIAN_POINT('',(-6.717510223389,-7.817510128021,0.));
#6048 = VECTOR('',#6049,1.);
#6049 = DIRECTION('',(0.980786181986,0.195085789401,0.));
#6050 = ORIENTED_EDGE('',*,*,#4673,.T.);
#6051 = ORIENTED_EDGE('',*,*,#6052,.T.);
#6052 = EDGE_CURVE('',#4666,#6053,#6055,.T.);
#6053 = VERTEX_POINT('',#6054);
#6054 = CARTESIAN_POINT('',(-5.701250076294,-7.138470172882,0.));
#6055 = LINE('',#6056,#6057);
#6056 = CARTESIAN_POINT('',(-5.939700126648,-7.495329856873,0.));
#6057 = VECTOR('',#6058,1.);
#6058 = DIRECTION('',(0.555576728966,0.831465271813,0.));
#6059 = ORIENTED_EDGE('',*,*,#6060,.T.);
#6060 = EDGE_CURVE('',#6053,#6061,#6063,.T.);
#6061 = VERTEX_POINT('',#6062);
#6062 = CARTESIAN_POINT('',(-5.617509841919,-6.717510223389,0.));
#6063 = LINE('',#6064,#6065);
#6064 = CARTESIAN_POINT('',(-5.701250076294,-7.138470172882,0.));
#6065 = VECTOR('',#6066,1.);
#6066 = DIRECTION('',(0.195103980404,0.980782563482,0.));
#6067 = ORIENTED_EDGE('',*,*,#6068,.T.);
#6068 = EDGE_CURVE('',#6061,#6069,#6071,.T.);
#6069 = VERTEX_POINT('',#6070);
#6070 = CARTESIAN_POINT('',(-5.701250076294,-6.296559810638,0.));
#6071 = LINE('',#6072,#6073);
#6072 = CARTESIAN_POINT('',(-5.617509841919,-6.717510223389,0.));
#6073 = VECTOR('',#6074,1.);
#6074 = DIRECTION('',(-0.195108232276,0.980781717661,0.));
#6075 = ORIENTED_EDGE('',*,*,#6076,.T.);
#6076 = EDGE_CURVE('',#6069,#6077,#6079,.T.);
#6077 = VERTEX_POINT('',#6078);
#6078 = CARTESIAN_POINT('',(-5.939700126648,-5.939700126648,0.));
#6079 = LINE('',#6080,#6081);
#6080 = CARTESIAN_POINT('',(-5.701250076294,-6.296559810638,0.));
#6081 = VECTOR('',#6082,1.);
#6082 = DIRECTION('',(-0.555576728966,0.831465271813,0.));
#6083 = ORIENTED_EDGE('',*,*,#6084,.T.);
#6084 = EDGE_CURVE('',#6077,#6085,#6087,.T.);
#6085 = VERTEX_POINT('',#6086);
#6086 = CARTESIAN_POINT('',(-6.151529788971,-5.798160076141,0.));
#6087 = LINE('',#6088,#6089);
#6088 = CARTESIAN_POINT('',(-5.939700126648,-5.939700126648,0.));
#6089 = VECTOR('',#6090,1.);
#6090 = DIRECTION('',(-0.831469620889,0.55557022017,0.));
#6091 = ORIENTED_EDGE('',*,*,#6092,.T.);
#6092 = EDGE_CURVE('',#6085,#6093,#6095,.T.);
#6093 = VERTEX_POINT('',#6094);
#6094 = CARTESIAN_POINT('',(-5.774509906769,-5.467520236969,0.));
#6095 = LINE('',#6096,#6097);
#6096 = CARTESIAN_POINT('',(-6.151529788971,-5.798160076141,0.));
#6097 = VECTOR('',#6098,1.);
#6098 = DIRECTION('',(0.75183755714,0.659348381111,0.));
#6099 = ORIENTED_EDGE('',*,*,#6100,.T.);
#6100 = EDGE_CURVE('',#6093,#6101,#6103,.T.);
#6101 = VERTEX_POINT('',#6102);
#6102 = CARTESIAN_POINT('',(-5.429359912872,-4.767640113831,0.));
#6103 = LINE('',#6104,#6105);
#6104 = CARTESIAN_POINT('',(-5.774509906769,-5.467520236969,0.));
#6105 = VECTOR('',#6106,1.);
#6106 = DIRECTION('',(0.442296227698,0.89686902442,0.));
#6107 = ORIENTED_EDGE('',*,*,#6108,.T.);
#6108 = EDGE_CURVE('',#6101,#6109,#6111,.T.);
#6109 = VERTEX_POINT('',#6110);
#6110 = CARTESIAN_POINT('',(-5.378330230713,-3.988950014114,0.));
#6111 = LINE('',#6112,#6113);
#6112 = CARTESIAN_POINT('',(-5.429359912872,-4.767640113831,0.));
#6113 = VECTOR('',#6114,1.);
#6114 = DIRECTION('',(6.539245766861E-02,0.997859622632,0.));
#6115 = ORIENTED_EDGE('',*,*,#6116,.T.);
#6116 = EDGE_CURVE('',#6109,#6117,#6119,.T.);
#6117 = VERTEX_POINT('',#6118);
#6118 = CARTESIAN_POINT('',(-5.629159927368,-3.25,0.));
#6119 = LINE('',#6120,#6121);
#6120 = CARTESIAN_POINT('',(-5.378330230713,-3.988950014114,0.));
#6121 = VECTOR('',#6122,1.);
#6122 = DIRECTION('',(-0.321427937136,0.946934042702,0.));
#6123 = ORIENTED_EDGE('',*,*,#6124,.T.);
#6124 = EDGE_CURVE('',#6117,#5941,#6125,.T.);
#6125 = LINE('',#6126,#6127);
#6126 = CARTESIAN_POINT('',(-5.629159927368,-3.25,0.));
#6127 = VECTOR('',#6128,1.);
#6128 = DIRECTION('',(-0.659345338587,0.751840225369,0.));
#6129 = FACE_BOUND('',#6130,.T.);
#6130 = EDGE_LOOP('',(#6131,#6139,#6147,#6155,#6163,#6171,#6179,#6187,
    #6195,#6203,#6209,#6210,#6218,#6226,#6234,#6240));
#6131 = ORIENTED_EDGE('',*,*,#6132,.T.);
#6132 = EDGE_CURVE('',#4347,#6133,#6135,.T.);
#6133 = VERTEX_POINT('',#6134);
#6134 = CARTESIAN_POINT('',(2.,-8.5,0.));
#6135 = LINE('',#6136,#6137);
#6136 = CARTESIAN_POINT('',(1.847759962082,-9.265370368958,0.));
#6137 = VECTOR('',#6138,1.);
#6138 = DIRECTION('',(0.195088357009,0.980785671265,0.));
#6139 = ORIENTED_EDGE('',*,*,#6140,.T.);
#6140 = EDGE_CURVE('',#6133,#6141,#6143,.T.);
#6141 = VERTEX_POINT('',#6142);
#6142 = CARTESIAN_POINT('',(1.847759962082,-7.73463010788,0.));
#6143 = LINE('',#6144,#6145);
#6144 = CARTESIAN_POINT('',(2.,-8.5,0.));
#6145 = VECTOR('',#6146,1.);
#6146 = DIRECTION('',(-0.195088473926,0.980785648009,0.));
#6147 = ORIENTED_EDGE('',*,*,#6148,.T.);
#6148 = EDGE_CURVE('',#6141,#6149,#6151,.T.);
#6149 = VERTEX_POINT('',#6150);
#6150 = CARTESIAN_POINT('',(1.414209961891,-7.085790157318,0.));
#6151 = LINE('',#6152,#6153);
#6152 = CARTESIAN_POINT('',(1.847759962082,-7.73463010788,0.));
#6153 = VECTOR('',#6154,1.);
#6154 = DIRECTION('',(-0.555578211488,0.831464281205,0.));
#6155 = ORIENTED_EDGE('',*,*,#6156,.T.);
#6156 = EDGE_CURVE('',#6149,#6157,#6159,.T.);
#6157 = VERTEX_POINT('',#6158);
#6158 = CARTESIAN_POINT('',(0.765366971493,-6.6522397995,0.));
#6159 = LINE('',#6160,#6161);
#6160 = CARTESIAN_POINT('',(1.414209961891,-7.085790157318,0.));
#6161 = VECTOR('',#6162,1.);
#6162 = DIRECTION('',(-0.831465271891,0.555576728849,0.));
#6163 = ORIENTED_EDGE('',*,*,#6164,.T.);
#6164 = EDGE_CURVE('',#6157,#6165,#6167,.T.);
#6165 = VERTEX_POINT('',#6166);
#6166 = CARTESIAN_POINT('',(0.,-6.5,0.));
#6167 = LINE('',#6168,#6169);
#6168 = CARTESIAN_POINT('',(0.765366971493,-6.6522397995,0.));
#6169 = VECTOR('',#6170,1.);
#6170 = DIRECTION('',(-0.980785564024,0.195088896151,0.));
#6171 = ORIENTED_EDGE('',*,*,#6172,.T.);
#6172 = EDGE_CURVE('',#6165,#6173,#6175,.T.);
#6173 = VERTEX_POINT('',#6174);
#6174 = CARTESIAN_POINT('',(-0.765366971493,-6.6522397995,0.));
#6175 = LINE('',#6176,#6177);
#6176 = CARTESIAN_POINT('',(0.,-6.5,0.));
#6177 = VECTOR('',#6178,1.);
#6178 = DIRECTION('',(-0.980785564024,-0.195088896151,0.));
#6179 = ORIENTED_EDGE('',*,*,#6180,.T.);
#6180 = EDGE_CURVE('',#6173,#6181,#6183,.T.);
#6181 = VERTEX_POINT('',#6182);
#6182 = CARTESIAN_POINT('',(-1.414209961891,-7.085790157318,0.));
#6183 = LINE('',#6184,#6185);
#6184 = CARTESIAN_POINT('',(-0.765366971493,-6.6522397995,0.));
#6185 = VECTOR('',#6186,1.);
#6186 = DIRECTION('',(-0.831465271891,-0.555576728849,0.));
#6187 = ORIENTED_EDGE('',*,*,#6188,.T.);
#6188 = EDGE_CURVE('',#6181,#6189,#6191,.T.);
#6189 = VERTEX_POINT('',#6190);
#6190 = CARTESIAN_POINT('',(-1.847759962082,-7.73463010788,0.));
#6191 = LINE('',#6192,#6193);
#6192 = CARTESIAN_POINT('',(-1.414209961891,-7.085790157318,0.));
#6193 = VECTOR('',#6194,1.);
#6194 = DIRECTION('',(-0.555578211488,-0.831464281205,0.));
#6195 = ORIENTED_EDGE('',*,*,#6196,.T.);
#6196 = EDGE_CURVE('',#6189,#6197,#6199,.T.);
#6197 = VERTEX_POINT('',#6198);
#6198 = CARTESIAN_POINT('',(-2.,-8.5,0.));
#6199 = LINE('',#6200,#6201);
#6200 = CARTESIAN_POINT('',(-1.847759962082,-7.73463010788,0.));
#6201 = VECTOR('',#6202,1.);
#6202 = DIRECTION('',(-0.195088473926,-0.980785648009,0.));
#6203 = ORIENTED_EDGE('',*,*,#6204,.T.);
#6204 = EDGE_CURVE('',#6197,#4636,#6205,.T.);
#6205 = LINE('',#6206,#6207);
#6206 = CARTESIAN_POINT('',(-2.,-8.5,0.));
#6207 = VECTOR('',#6208,1.);
#6208 = DIRECTION('',(0.195088357009,-0.980785671265,0.));
#6209 = ORIENTED_EDGE('',*,*,#4635,.T.);
#6210 = ORIENTED_EDGE('',*,*,#6211,.T.);
#6211 = EDGE_CURVE('',#4612,#6212,#6214,.T.);
#6212 = VERTEX_POINT('',#6213);
#6213 = CARTESIAN_POINT('',(-0.765366971493,-10.34780025482,0.));
#6214 = LINE('',#6215,#6216);
#6215 = CARTESIAN_POINT('',(-1.414209961891,-9.914210319519,0.));
#6216 = VECTOR('',#6217,1.);
#6217 = DIRECTION('',(0.831441843509,-0.555611789708,0.));
#6218 = ORIENTED_EDGE('',*,*,#6219,.T.);
#6219 = EDGE_CURVE('',#6212,#6220,#6222,.T.);
#6220 = VERTEX_POINT('',#6221);
#6221 = CARTESIAN_POINT('',(0.,-10.5,0.));
#6222 = LINE('',#6223,#6224);
#6223 = CARTESIAN_POINT('',(-0.765366971493,-10.34780025482,0.));
#6224 = VECTOR('',#6225,1.);
#6225 = DIRECTION('',(0.980795383985,-0.195039521007,0.));
#6226 = ORIENTED_EDGE('',*,*,#6227,.T.);
#6227 = EDGE_CURVE('',#6220,#6228,#6230,.T.);
#6228 = VERTEX_POINT('',#6229);
#6229 = CARTESIAN_POINT('',(0.765366971493,-10.34780025482,0.));
#6230 = LINE('',#6231,#6232);
#6231 = CARTESIAN_POINT('',(0.,-10.5,0.));
#6232 = VECTOR('',#6233,1.);
#6233 = DIRECTION('',(0.980795383985,0.195039521007,0.));
#6234 = ORIENTED_EDGE('',*,*,#6235,.T.);
#6235 = EDGE_CURVE('',#6228,#4339,#6236,.T.);
#6236 = LINE('',#6237,#6238);
#6237 = CARTESIAN_POINT('',(0.765366971493,-10.34780025482,0.));
#6238 = VECTOR('',#6239,1.);
#6239 = DIRECTION('',(0.831441843509,0.555611789708,0.));
#6240 = ORIENTED_EDGE('',*,*,#4354,.T.);
#6241 = FACE_BOUND('',#6242,.T.);
#6242 = EDGE_LOOP('',(#6243,#6253,#6261,#6269,#6275,#6276,#6284,#6292,
    #6300,#6306,#6307,#6315,#6323,#6331,#6339,#6347));
#6243 = ORIENTED_EDGE('',*,*,#6244,.T.);
#6244 = EDGE_CURVE('',#6245,#6247,#6249,.T.);
#6245 = VERTEX_POINT('',#6246);
#6246 = CARTESIAN_POINT('',(0.765366971493,6.6522397995,0.));
#6247 = VERTEX_POINT('',#6248);
#6248 = CARTESIAN_POINT('',(1.414209961891,7.085790157318,0.));
#6249 = LINE('',#6250,#6251);
#6250 = CARTESIAN_POINT('',(0.765366971493,6.6522397995,0.));
#6251 = VECTOR('',#6252,1.);
#6252 = DIRECTION('',(0.831465271891,0.555576728849,0.));
#6253 = ORIENTED_EDGE('',*,*,#6254,.T.);
#6254 = EDGE_CURVE('',#6247,#6255,#6257,.T.);
#6255 = VERTEX_POINT('',#6256);
#6256 = CARTESIAN_POINT('',(1.847759962082,7.73463010788,0.));
#6257 = LINE('',#6258,#6259);
#6258 = CARTESIAN_POINT('',(1.414209961891,7.085790157318,0.));
#6259 = VECTOR('',#6260,1.);
#6260 = DIRECTION('',(0.555578211488,0.831464281205,0.));
#6261 = ORIENTED_EDGE('',*,*,#6262,.T.);
#6262 = EDGE_CURVE('',#6255,#6263,#6265,.T.);
#6263 = VERTEX_POINT('',#6264);
#6264 = CARTESIAN_POINT('',(2.,8.5,0.));
#6265 = LINE('',#6266,#6267);
#6266 = CARTESIAN_POINT('',(1.847759962082,7.73463010788,0.));
#6267 = VECTOR('',#6268,1.);
#6268 = DIRECTION('',(0.195088473926,0.980785648009,0.));
#6269 = ORIENTED_EDGE('',*,*,#6270,.T.);
#6270 = EDGE_CURVE('',#6263,#3429,#6271,.T.);
#6271 = LINE('',#6272,#6273);
#6272 = CARTESIAN_POINT('',(2.,8.5,0.));
#6273 = VECTOR('',#6274,1.);
#6274 = DIRECTION('',(-0.195088357009,0.980785671265,0.));
#6275 = ORIENTED_EDGE('',*,*,#3437,.T.);
#6276 = ORIENTED_EDGE('',*,*,#6277,.T.);
#6277 = EDGE_CURVE('',#3406,#6278,#6280,.T.);
#6278 = VERTEX_POINT('',#6279);
#6279 = CARTESIAN_POINT('',(0.765366971493,10.347800254822,0.));
#6280 = LINE('',#6281,#6282);
#6281 = CARTESIAN_POINT('',(1.414209961891,9.914210319519,0.));
#6282 = VECTOR('',#6283,1.);
#6283 = DIRECTION('',(-0.831441843509,0.555611789708,0.));
#6284 = ORIENTED_EDGE('',*,*,#6285,.T.);
#6285 = EDGE_CURVE('',#6278,#6286,#6288,.T.);
#6286 = VERTEX_POINT('',#6287);
#6287 = CARTESIAN_POINT('',(0.,10.5,0.));
#6288 = LINE('',#6289,#6290);
#6289 = CARTESIAN_POINT('',(0.765366971493,10.347800254822,0.));
#6290 = VECTOR('',#6291,1.);
#6291 = DIRECTION('',(-0.980795383985,0.195039521007,0.));
#6292 = ORIENTED_EDGE('',*,*,#6293,.T.);
#6293 = EDGE_CURVE('',#6286,#6294,#6296,.T.);
#6294 = VERTEX_POINT('',#6295);
#6295 = CARTESIAN_POINT('',(-0.765366971493,10.347800254822,0.));
#6296 = LINE('',#6297,#6298);
#6297 = CARTESIAN_POINT('',(0.,10.5,0.));
#6298 = VECTOR('',#6299,1.);
#6299 = DIRECTION('',(-0.980795383985,-0.195039521007,0.));
#6300 = ORIENTED_EDGE('',*,*,#6301,.T.);
#6301 = EDGE_CURVE('',#6294,#3360,#6302,.T.);
#6302 = LINE('',#6303,#6304);
#6303 = CARTESIAN_POINT('',(-0.765366971493,10.347800254822,0.));
#6304 = VECTOR('',#6305,1.);
#6305 = DIRECTION('',(-0.831441843509,-0.555611789708,0.));
#6306 = ORIENTED_EDGE('',*,*,#3390,.T.);
#6307 = ORIENTED_EDGE('',*,*,#6308,.T.);
#6308 = EDGE_CURVE('',#3383,#6309,#6311,.T.);
#6309 = VERTEX_POINT('',#6310);
#6310 = CARTESIAN_POINT('',(-2.,8.5,0.));
#6311 = LINE('',#6312,#6313);
#6312 = CARTESIAN_POINT('',(-1.847759962082,9.265370368958,0.));
#6313 = VECTOR('',#6314,1.);
#6314 = DIRECTION('',(-0.195088357009,-0.980785671265,0.));
#6315 = ORIENTED_EDGE('',*,*,#6316,.T.);
#6316 = EDGE_CURVE('',#6309,#6317,#6319,.T.);
#6317 = VERTEX_POINT('',#6318);
#6318 = CARTESIAN_POINT('',(-1.847759962082,7.73463010788,0.));
#6319 = LINE('',#6320,#6321);
#6320 = CARTESIAN_POINT('',(-2.,8.5,0.));
#6321 = VECTOR('',#6322,1.);
#6322 = DIRECTION('',(0.195088473926,-0.980785648009,0.));
#6323 = ORIENTED_EDGE('',*,*,#6324,.T.);
#6324 = EDGE_CURVE('',#6317,#6325,#6327,.T.);
#6325 = VERTEX_POINT('',#6326);
#6326 = CARTESIAN_POINT('',(-1.414209961891,7.085790157318,0.));
#6327 = LINE('',#6328,#6329);
#6328 = CARTESIAN_POINT('',(-1.847759962082,7.73463010788,0.));
#6329 = VECTOR('',#6330,1.);
#6330 = DIRECTION('',(0.555578211488,-0.831464281205,0.));
#6331 = ORIENTED_EDGE('',*,*,#6332,.T.);
#6332 = EDGE_CURVE('',#6325,#6333,#6335,.T.);
#6333 = VERTEX_POINT('',#6334);
#6334 = CARTESIAN_POINT('',(-0.765366971493,6.6522397995,0.));
#6335 = LINE('',#6336,#6337);
#6336 = CARTESIAN_POINT('',(-1.414209961891,7.085790157318,0.));
#6337 = VECTOR('',#6338,1.);
#6338 = DIRECTION('',(0.831465271891,-0.555576728849,0.));
#6339 = ORIENTED_EDGE('',*,*,#6340,.T.);
#6340 = EDGE_CURVE('',#6333,#6341,#6343,.T.);
#6341 = VERTEX_POINT('',#6342);
#6342 = CARTESIAN_POINT('',(0.,6.5,0.));
#6343 = LINE('',#6344,#6345);
#6344 = CARTESIAN_POINT('',(-0.765366971493,6.6522397995,0.));
#6345 = VECTOR('',#6346,1.);
#6346 = DIRECTION('',(0.980785564024,-0.195088896151,0.));
#6347 = ORIENTED_EDGE('',*,*,#6348,.T.);
#6348 = EDGE_CURVE('',#6341,#6245,#6349,.T.);
#6349 = LINE('',#6350,#6351);
#6350 = CARTESIAN_POINT('',(0.,6.5,0.));
#6351 = VECTOR('',#6352,1.);
#6352 = DIRECTION('',(0.980785564024,0.195088896151,0.));
#6353 = PLANE('',#6354);
#6354 = AXIS2_PLACEMENT_3D('',#6355,#6356,#6357);
#6355 = CARTESIAN_POINT('',(1.585755174534E-16,-1.585755174534E-16,0.));
#6356 = DIRECTION('',(-0.,-0.,-1.));
#6357 = DIRECTION('',(-1.,0.,0.));
#6358 = ADVANCED_FACE('',(#6359),#6376,.T.);
#6359 = FACE_BOUND('',#6360,.T.);
#6360 = EDGE_LOOP('',(#6361,#6369,#6375));
#6361 = ORIENTED_EDGE('',*,*,#6362,.T.);
#6362 = EDGE_CURVE('',#5201,#6363,#6365,.T.);
#6363 = VERTEX_POINT('',#6364);
#6364 = CARTESIAN_POINT('',(1.5,-2.116260051727,4.5));
#6365 = LINE('',#6366,#6367);
#6366 = CARTESIAN_POINT('',(1.444479942322,-2.161819934845,0.));
#6367 = VECTOR('',#6368,1.);
#6368 = DIRECTION('',(1.23362195239E-02,1.012312924601E-02,
    0.999872661864));
#6369 = ORIENTED_EDGE('',*,*,#6370,.F.);
#6370 = EDGE_CURVE('',#5203,#6363,#6371,.T.);
#6371 = LINE('',#6372,#6373);
#6372 = CARTESIAN_POINT('',(1.838479995728,-1.838479995728,0.));
#6373 = VECTOR('',#6374,1.);
#6374 = DIRECTION('',(-7.48641982688E-02,-6.143873035328E-02,
    0.995299268678));
#6375 = ORIENTED_EDGE('',*,*,#5200,.F.);
#6376 = PLANE('',#6377);
#6377 = AXIS2_PLACEMENT_3D('',#6378,#6379,#6380);
#6378 = CARTESIAN_POINT('',(1.574736464014,-2.054925173895,
    2.129682910221));
#6379 = DIRECTION('',(-0.63438443474,0.773017715812,5.47472587698E-07));
#6380 = DIRECTION('',(0.773017715812,0.63438443474,2.309521853651E-23));
#6381 = ADVANCED_FACE('',(#6382),#6399,.T.);
#6382 = FACE_BOUND('',#6383,.T.);
#6383 = EDGE_LOOP('',(#6384,#6385,#6393));
#6384 = ORIENTED_EDGE('',*,*,#6362,.F.);
#6385 = ORIENTED_EDGE('',*,*,#6386,.T.);
#6386 = EDGE_CURVE('',#5201,#6387,#6389,.T.);
#6387 = VERTEX_POINT('',#6388);
#6388 = CARTESIAN_POINT('',(1.444479942322,-2.161819934845,4.5));
#6389 = LINE('',#6390,#6391);
#6390 = CARTESIAN_POINT('',(1.444479942322,-2.161819934845,0.));
#6391 = VECTOR('',#6392,1.);
#6392 = DIRECTION('',(0.,0.,1.));
#6393 = ORIENTED_EDGE('',*,*,#6394,.T.);
#6394 = EDGE_CURVE('',#6387,#6363,#6395,.T.);
#6395 = LINE('',#6396,#6397);
#6396 = CARTESIAN_POINT('',(1.444479942322,-2.161819934845,4.5));
#6397 = VECTOR('',#6398,1.);
#6398 = DIRECTION('',(0.773039476374,0.634357917873,0.));
#6399 = PLANE('',#6400);
#6400 = AXIS2_PLACEMENT_3D('',#6401,#6402,#6403);
#6401 = CARTESIAN_POINT('',(1.458470712927,-2.150339077293,2.26781184358
    ));
#6402 = DIRECTION('',(-0.634357917873,0.773039476374,0.));
#6403 = DIRECTION('',(0.773039476374,0.634357917873,0.));
#6404 = ADVANCED_FACE('',(#6405),#6429,.T.);
#6405 = FACE_BOUND('',#6406,.T.);
#6406 = EDGE_LOOP('',(#6407,#6415,#6423));
#6407 = ORIENTED_EDGE('',*,*,#6408,.T.);
#6408 = EDGE_CURVE('',#6409,#5350,#6411,.T.);
#6409 = VERTEX_POINT('',#6410);
#6410 = CARTESIAN_POINT('',(-1.444479942322,-2.161819934845,4.5));
#6411 = LINE('',#6412,#6413);
#6412 = CARTESIAN_POINT('',(-1.444479942322,-2.161819934845,4.5));
#6413 = VECTOR('',#6414,1.);
#6414 = DIRECTION('',(0.,0.,-1.));
#6415 = ORIENTED_EDGE('',*,*,#6416,.T.);
#6416 = EDGE_CURVE('',#5350,#6417,#6419,.T.);
#6417 = VERTEX_POINT('',#6418);
#6418 = CARTESIAN_POINT('',(-1.5,-2.116260051727,4.5));
#6419 = LINE('',#6420,#6421);
#6420 = CARTESIAN_POINT('',(-1.444479942322,-2.161819934845,0.));
#6421 = VECTOR('',#6422,1.);
#6422 = DIRECTION('',(-1.23362195239E-02,1.012312924601E-02,
    0.999872661864));
#6423 = ORIENTED_EDGE('',*,*,#6424,.T.);
#6424 = EDGE_CURVE('',#6417,#6409,#6425,.T.);
#6425 = LINE('',#6426,#6427);
#6426 = CARTESIAN_POINT('',(-1.5,-2.116260051727,4.5));
#6427 = VECTOR('',#6428,1.);
#6428 = DIRECTION('',(0.773039476374,-0.634357917873,0.));
#6429 = PLANE('',#6430);
#6430 = AXIS2_PLACEMENT_3D('',#6431,#6432,#6433);
#6431 = CARTESIAN_POINT('',(-1.458470712927,-2.150339077293,
    2.26781184358));
#6432 = DIRECTION('',(0.634357917873,0.773039476374,0.));
#6433 = DIRECTION('',(0.773039476374,-0.634357917873,0.));
#6434 = ADVANCED_FACE('',(#6435),#6445,.T.);
#6435 = FACE_BOUND('',#6436,.T.);
#6436 = EDGE_LOOP('',(#6437,#6443,#6444));
#6437 = ORIENTED_EDGE('',*,*,#6438,.T.);
#6438 = EDGE_CURVE('',#5342,#6417,#6439,.T.);
#6439 = LINE('',#6440,#6441);
#6440 = CARTESIAN_POINT('',(-1.838479995728,-1.838479995728,0.));
#6441 = VECTOR('',#6442,1.);
#6442 = DIRECTION('',(7.48641982688E-02,-6.143873035328E-02,
    0.995299268678));
#6443 = ORIENTED_EDGE('',*,*,#6416,.F.);
#6444 = ORIENTED_EDGE('',*,*,#5349,.F.);
#6445 = PLANE('',#6446);
#6446 = AXIS2_PLACEMENT_3D('',#6447,#6448,#6449);
#6447 = CARTESIAN_POINT('',(-1.574736464014,-2.054925173895,
    2.129682910221));
#6448 = DIRECTION('',(0.63438443474,0.773017715812,5.474725876915E-07));
#6449 = DIRECTION('',(0.773017715812,-0.63438443474,-1.525113845455E-23)
  );
#6450 = ADVANCED_FACE('',(#6451),#6476,.T.);
#6451 = FACE_BOUND('',#6452,.T.);
#6452 = EDGE_LOOP('',(#6453,#6463,#6469,#6470));
#6453 = ORIENTED_EDGE('',*,*,#6454,.T.);
#6454 = EDGE_CURVE('',#6455,#6457,#6459,.T.);
#6455 = VERTEX_POINT('',#6456);
#6456 = CARTESIAN_POINT('',(-0.994975984097,-2.402090072632,4.5));
#6457 = VERTEX_POINT('',#6458);
#6458 = CARTESIAN_POINT('',(-0.507234990597,-2.550040006638,4.5));
#6459 = LINE('',#6460,#6461);
#6460 = CARTESIAN_POINT('',(-0.994975984097,-2.402090072632,4.5));
#6461 = VECTOR('',#6462,1.);
#6462 = DIRECTION('',(0.956942885713,-0.290276270962,0.));
#6463 = ORIENTED_EDGE('',*,*,#6464,.T.);
#6464 = EDGE_CURVE('',#6457,#5366,#6465,.T.);
#6465 = LINE('',#6466,#6467);
#6466 = CARTESIAN_POINT('',(-0.507234990597,-2.550040006638,4.5));
#6467 = VECTOR('',#6468,1.);
#6468 = DIRECTION('',(0.,0.,-1.));
#6469 = ORIENTED_EDGE('',*,*,#5365,.F.);
#6470 = ORIENTED_EDGE('',*,*,#6471,.T.);
#6471 = EDGE_CURVE('',#5358,#6455,#6472,.T.);
#6472 = LINE('',#6473,#6474);
#6473 = CARTESIAN_POINT('',(-0.994975984097,-2.402090072632,0.));
#6474 = VECTOR('',#6475,1.);
#6475 = DIRECTION('',(0.,0.,1.));
#6476 = PLANE('',#6477);
#6477 = AXIS2_PLACEMENT_3D('',#6478,#6479,#6480);
#6478 = CARTESIAN_POINT('',(-0.751105487347,-2.476065039635,2.25));
#6479 = DIRECTION('',(0.290276270962,0.956942885713,0.));
#6480 = DIRECTION('',(0.956942885713,-0.290276270962,0.));
#6481 = ADVANCED_FACE('',(#6482),#6507,.T.);
#6482 = FACE_BOUND('',#6483,.T.);
#6483 = EDGE_LOOP('',(#6484,#6494,#6500,#6501));
#6484 = ORIENTED_EDGE('',*,*,#6485,.T.);
#6485 = EDGE_CURVE('',#6486,#6488,#6490,.T.);
#6486 = VERTEX_POINT('',#6487);
#6487 = CARTESIAN_POINT('',(0.507234990597,-2.550040006638,4.5));
#6488 = VERTEX_POINT('',#6489);
#6489 = CARTESIAN_POINT('',(0.994975984097,-2.402090072632,4.5));
#6490 = LINE('',#6491,#6492);
#6491 = CARTESIAN_POINT('',(0.507234990597,-2.550040006638,4.5));
#6492 = VECTOR('',#6493,1.);
#6493 = DIRECTION('',(0.956942885713,0.290276270962,0.));
#6494 = ORIENTED_EDGE('',*,*,#6495,.T.);
#6495 = EDGE_CURVE('',#6488,#5390,#6496,.T.);
#6496 = LINE('',#6497,#6498);
#6497 = CARTESIAN_POINT('',(0.994975984097,-2.402090072632,4.5));
#6498 = VECTOR('',#6499,1.);
#6499 = DIRECTION('',(0.,0.,-1.));
#6500 = ORIENTED_EDGE('',*,*,#5389,.F.);
#6501 = ORIENTED_EDGE('',*,*,#6502,.T.);
#6502 = EDGE_CURVE('',#5382,#6486,#6503,.T.);
#6503 = LINE('',#6504,#6505);
#6504 = CARTESIAN_POINT('',(0.507234990597,-2.550040006638,0.));
#6505 = VECTOR('',#6506,1.);
#6506 = DIRECTION('',(0.,0.,1.));
#6507 = PLANE('',#6508);
#6508 = AXIS2_PLACEMENT_3D('',#6509,#6510,#6511);
#6509 = CARTESIAN_POINT('',(0.751105487347,-2.476065039635,2.25));
#6510 = DIRECTION('',(-0.290276270962,0.956942885713,0.));
#6511 = DIRECTION('',(0.956942885713,0.290276270962,0.));
#6512 = ADVANCED_FACE('',(#6513),#6539,.T.);
#6513 = FACE_BOUND('',#6514,.T.);
#6514 = EDGE_LOOP('',(#6515,#6525,#6533));
#6515 = ORIENTED_EDGE('',*,*,#6516,.T.);
#6516 = EDGE_CURVE('',#6517,#6519,#6521,.T.);
#6517 = VERTEX_POINT('',#6518);
#6518 = CARTESIAN_POINT('',(9.238800048828,3.826829910278,15.));
#6519 = VERTEX_POINT('',#6520);
#6520 = CARTESIAN_POINT('',(9.277210235596,3.700200080872,4.));
#6521 = LINE('',#6522,#6523);
#6522 = CARTESIAN_POINT('',(9.238800048828,3.826829910278,15.));
#6523 = VECTOR('',#6524,1.);
#6524 = DIRECTION('',(3.491582528495E-03,-1.151096980127E-02,
    -0.999927650596));
#6525 = ORIENTED_EDGE('',*,*,#6526,.T.);
#6526 = EDGE_CURVE('',#6519,#6527,#6529,.T.);
#6527 = VERTEX_POINT('',#6528);
#6528 = CARTESIAN_POINT('',(9.238800048828,3.826829910278,4.));
#6529 = LINE('',#6530,#6531);
#6530 = CARTESIAN_POINT('',(9.277210235596,3.700200080872,4.));
#6531 = VECTOR('',#6532,1.);
#6532 = DIRECTION('',(-0.29026701656,0.956945692867,0.));
#6533 = ORIENTED_EDGE('',*,*,#6534,.T.);
#6534 = EDGE_CURVE('',#6527,#6517,#6535,.T.);
#6535 = LINE('',#6536,#6537);
#6536 = CARTESIAN_POINT('',(9.238800048828,3.826829910278,4.));
#6537 = VECTOR('',#6538,1.);
#6538 = DIRECTION('',(0.,0.,1.));
#6539 = PLANE('',#6540);
#6540 = AXIS2_PLACEMENT_3D('',#6541,#6542,#6543);
#6541 = CARTESIAN_POINT('',(9.248460351474,3.794982044411,9.467117205218
    ));
#6542 = DIRECTION('',(0.956945692867,0.29026701656,0.));
#6543 = DIRECTION('',(-0.29026701656,0.956945692867,0.));
#6544 = ADVANCED_FACE('',(#6545),#6562,.T.);
#6545 = FACE_BOUND('',#6546,.T.);
#6546 = EDGE_LOOP('',(#6547,#6555,#6556));
#6547 = ORIENTED_EDGE('',*,*,#6548,.T.);
#6548 = EDGE_CURVE('',#6549,#6519,#6551,.T.);
#6549 = VERTEX_POINT('',#6550);
#6550 = CARTESIAN_POINT('',(9.807849884033,1.950899958611,15.));
#6551 = LINE('',#6552,#6553);
#6552 = CARTESIAN_POINT('',(9.807849884033,1.950899958611,15.));
#6553 = VECTOR('',#6554,1.);
#6554 = DIRECTION('',(-4.758733889725E-02,0.156875834658,-0.98647119455)
  );
#6555 = ORIENTED_EDGE('',*,*,#6516,.F.);
#6556 = ORIENTED_EDGE('',*,*,#6557,.T.);
#6557 = EDGE_CURVE('',#6517,#6549,#6558,.T.);
#6558 = LINE('',#6559,#6560);
#6559 = CARTESIAN_POINT('',(9.238800048828,3.826829910278,15.));
#6560 = VECTOR('',#6561,1.);
#6561 = DIRECTION('',(0.290281269855,-0.956941369349,0.));
#6562 = PLANE('',#6563);
#6563 = AXIS2_PLACEMENT_3D('',#6564,#6565,#6566);
#6564 = CARTESIAN_POINT('',(9.411157716285,3.258632424594,9.947157855986
    ));
#6565 = DIRECTION('',(0.956941369349,0.290281269855,-1.791781255017E-07)
  );
#6566 = DIRECTION('',(-0.290281269855,0.956941369349,5.634720302998E-24)
  );
#6567 = ADVANCED_FACE('',(#6568),#6745,.T.);
#6568 = FACE_BOUND('',#6569,.T.);
#6569 = EDGE_LOOP('',(#6570,#6571,#6579,#6587,#6595,#6603,#6611,#6619,
    #6627,#6635,#6643,#6651,#6659,#6667,#6675,#6683,#6691,#6699,#6707,
    #6715,#6723,#6731,#6739));
#6570 = ORIENTED_EDGE('',*,*,#6526,.F.);
#6571 = ORIENTED_EDGE('',*,*,#6572,.F.);
#6572 = EDGE_CURVE('',#6573,#6519,#6575,.T.);
#6573 = VERTEX_POINT('',#6574);
#6574 = CARTESIAN_POINT('',(8.947919845581,3.03248000145,4.));
#6575 = LINE('',#6576,#6577);
#6576 = CARTESIAN_POINT('',(8.947919845581,3.03248000145,4.));
#6577 = VECTOR('',#6578,1.);
#6578 = DIRECTION('',(0.442296563263,0.896868858934,0.));
#6579 = ORIENTED_EDGE('',*,*,#6580,.T.);
#6580 = EDGE_CURVE('',#6573,#6581,#6583,.T.);
#6581 = VERTEX_POINT('',#6582);
#6582 = CARTESIAN_POINT('',(8.361220359802,2.517950057983,4.));
#6583 = LINE('',#6584,#6585);
#6584 = CARTESIAN_POINT('',(8.947919845581,3.03248000145,4.));
#6585 = VECTOR('',#6586,1.);
#6586 = DIRECTION('',(-0.751834532595,-0.659351829904,0.));
#6587 = ORIENTED_EDGE('',*,*,#6588,.F.);
#6588 = EDGE_CURVE('',#6589,#6581,#6591,.T.);
#6589 = VERTEX_POINT('',#6590);
#6590 = CARTESIAN_POINT('',(7.622270107269,2.267110109329,4.));
#6591 = LINE('',#6592,#6593);
#6592 = CARTESIAN_POINT('',(7.622270107269,2.267110109329,4.));
#6593 = VECTOR('',#6594,1.);
#6594 = DIRECTION('',(0.946930075534,0.321439624267,0.));
#6595 = ORIENTED_EDGE('',*,*,#6596,.T.);
#6596 = EDGE_CURVE('',#6589,#6597,#6599,.T.);
#6597 = VERTEX_POINT('',#6598);
#6598 = CARTESIAN_POINT('',(6.843579769135,2.318150043488,4.));
#6599 = LINE('',#6600,#6601);
#6600 = CARTESIAN_POINT('',(7.622270107269,2.267110109329,4.));
#6601 = VECTOR('',#6602,1.);
#6602 = DIRECTION('',(-0.997858766599,6.540551905202E-02,0.));
#6603 = ORIENTED_EDGE('',*,*,#6604,.T.);
#6604 = EDGE_CURVE('',#6597,#6605,#6607,.T.);
#6605 = VERTEX_POINT('',#6606);
#6606 = CARTESIAN_POINT('',(6.143690109253,2.663290023804,4.));
#6607 = LINE('',#6608,#6609);
#6608 = CARTESIAN_POINT('',(6.843579769135,2.318150043488,4.));
#6609 = VECTOR('',#6610,1.);
#6610 = DIRECTION('',(-0.896876505215,0.442281058143,0.));
#6611 = ORIENTED_EDGE('',*,*,#6612,.F.);
#6612 = EDGE_CURVE('',#6613,#6605,#6615,.T.);
#6613 = VERTEX_POINT('',#6614);
#6614 = CARTESIAN_POINT('',(5.629159927368,3.25,4.));
#6615 = LINE('',#6616,#6617);
#6616 = CARTESIAN_POINT('',(5.629159927368,3.25,4.));
#6617 = VECTOR('',#6618,1.);
#6618 = DIRECTION('',(0.659345338587,-0.751840225369,0.));
#6619 = ORIENTED_EDGE('',*,*,#6620,.T.);
#6620 = EDGE_CURVE('',#6613,#6621,#6623,.T.);
#6621 = VERTEX_POINT('',#6622);
#6622 = CARTESIAN_POINT('',(5.378330230713,3.988950014114,4.));
#6623 = LINE('',#6624,#6625);
#6624 = CARTESIAN_POINT('',(5.629159927368,3.25,4.));
#6625 = VECTOR('',#6626,1.);
#6626 = DIRECTION('',(-0.321427937136,0.946934042702,0.));
#6627 = ORIENTED_EDGE('',*,*,#6628,.F.);
#6628 = EDGE_CURVE('',#6629,#6621,#6631,.T.);
#6629 = VERTEX_POINT('',#6630);
#6630 = CARTESIAN_POINT('',(5.429359912872,4.767640113831,4.));
#6631 = LINE('',#6632,#6633);
#6632 = CARTESIAN_POINT('',(5.429359912872,4.767640113831,4.));
#6633 = VECTOR('',#6634,1.);
#6634 = DIRECTION('',(-6.539245766861E-02,-0.997859622632,0.));
#6635 = ORIENTED_EDGE('',*,*,#6636,.T.);
#6636 = EDGE_CURVE('',#6629,#6637,#6639,.T.);
#6637 = VERTEX_POINT('',#6638);
#6638 = CARTESIAN_POINT('',(5.774509906769,5.467520236969,4.));
#6639 = LINE('',#6640,#6641);
#6640 = CARTESIAN_POINT('',(5.429359912872,4.767640113831,4.));
#6641 = VECTOR('',#6642,1.);
#6642 = DIRECTION('',(0.442296227698,0.89686902442,0.));
#6643 = ORIENTED_EDGE('',*,*,#6644,.F.);
#6644 = EDGE_CURVE('',#6645,#6637,#6647,.T.);
#6645 = VERTEX_POINT('',#6646);
#6646 = CARTESIAN_POINT('',(6.151529788971,5.798160076141,4.));
#6647 = LINE('',#6648,#6649);
#6648 = CARTESIAN_POINT('',(6.151529788971,5.798160076141,4.));
#6649 = VECTOR('',#6650,1.);
#6650 = DIRECTION('',(-0.75183755714,-0.659348381111,0.));
#6651 = ORIENTED_EDGE('',*,*,#6652,.T.);
#6652 = EDGE_CURVE('',#6645,#6653,#6655,.T.);
#6653 = VERTEX_POINT('',#6654);
#6654 = CARTESIAN_POINT('',(5.939700126648,5.939700126648,4.));
#6655 = LINE('',#6656,#6657);
#6656 = CARTESIAN_POINT('',(6.151529788971,5.798160076141,4.));
#6657 = VECTOR('',#6658,1.);
#6658 = DIRECTION('',(-0.831469620889,0.55557022017,0.));
#6659 = ORIENTED_EDGE('',*,*,#6660,.T.);
#6660 = EDGE_CURVE('',#6653,#6661,#6663,.T.);
#6661 = VERTEX_POINT('',#6662);
#6662 = CARTESIAN_POINT('',(5.701250076294,6.296559810638,4.));
#6663 = LINE('',#6664,#6665);
#6664 = CARTESIAN_POINT('',(5.939700126648,5.939700126648,4.));
#6665 = VECTOR('',#6666,1.);
#6666 = DIRECTION('',(-0.555576728966,0.831465271813,0.));
#6667 = ORIENTED_EDGE('',*,*,#6668,.T.);
#6668 = EDGE_CURVE('',#6661,#6669,#6671,.T.);
#6669 = VERTEX_POINT('',#6670);
#6670 = CARTESIAN_POINT('',(5.617509841919,6.717510223389,4.));
#6671 = LINE('',#6672,#6673);
#6672 = CARTESIAN_POINT('',(5.701250076294,6.296559810638,4.));
#6673 = VECTOR('',#6674,1.);
#6674 = DIRECTION('',(-0.195108232276,0.980781717661,0.));
#6675 = ORIENTED_EDGE('',*,*,#6676,.T.);
#6676 = EDGE_CURVE('',#6669,#6677,#6679,.T.);
#6677 = VERTEX_POINT('',#6678);
#6678 = CARTESIAN_POINT('',(5.701250076294,7.138470172882,4.));
#6679 = LINE('',#6680,#6681);
#6680 = CARTESIAN_POINT('',(5.617509841919,6.717510223389,4.));
#6681 = VECTOR('',#6682,1.);
#6682 = DIRECTION('',(0.195103980404,0.980782563482,0.));
#6683 = ORIENTED_EDGE('',*,*,#6684,.T.);
#6684 = EDGE_CURVE('',#6677,#6685,#6687,.T.);
#6685 = VERTEX_POINT('',#6686);
#6686 = CARTESIAN_POINT('',(5.939700126648,7.495329856873,4.));
#6687 = LINE('',#6688,#6689);
#6688 = CARTESIAN_POINT('',(5.701250076294,7.138470172882,4.));
#6689 = VECTOR('',#6690,1.);
#6690 = DIRECTION('',(0.555576728966,0.831465271813,0.));
#6691 = ORIENTED_EDGE('',*,*,#6692,.T.);
#6692 = EDGE_CURVE('',#6685,#6693,#6695,.T.);
#6693 = VERTEX_POINT('',#6694);
#6694 = CARTESIAN_POINT('',(6.278359889984,7.721620082855,4.));
#6695 = LINE('',#6696,#6697);
#6696 = CARTESIAN_POINT('',(5.939700126648,7.495329856873,4.));
#6697 = VECTOR('',#6698,1.);
#6698 = DIRECTION('',(0.831463934095,0.555578730964,0.));
#6699 = ORIENTED_EDGE('',*,*,#6700,.F.);
#6700 = EDGE_CURVE('',#6701,#6693,#6703,.T.);
#6701 = VERTEX_POINT('',#6702);
#6702 = CARTESIAN_POINT('',(7.071070194244,7.071070194244,4.));
#6703 = LINE('',#6704,#6705);
#6704 = CARTESIAN_POINT('',(7.071070194244,7.071070194244,4.));
#6705 = VECTOR('',#6706,1.);
#6706 = DIRECTION('',(-0.773015544047,0.634387081096,0.));
#6707 = ORIENTED_EDGE('',*,*,#6708,.F.);
#6708 = EDGE_CURVE('',#6709,#6701,#6711,.T.);
#6709 = VERTEX_POINT('',#6710);
#6710 = CARTESIAN_POINT('',(7.721620082855,6.278359889984,4.));
#6711 = LINE('',#6712,#6713);
#6712 = CARTESIAN_POINT('',(7.721620082855,6.278359889984,4.));
#6713 = VECTOR('',#6714,1.);
#6714 = DIRECTION('',(-0.634387081096,0.773015544047,0.));
#6715 = ORIENTED_EDGE('',*,*,#6716,.T.);
#6716 = EDGE_CURVE('',#6709,#6717,#6719,.T.);
#6717 = VERTEX_POINT('',#6718);
#6718 = CARTESIAN_POINT('',(7.666440010071,6.195769786835,4.));
#6719 = LINE('',#6720,#6721);
#6720 = CARTESIAN_POINT('',(7.721620082855,6.278359889984,4.));
#6721 = VECTOR('',#6722,1.);
#6722 = DIRECTION('',(-0.555536337376,-0.831492259649,0.));
#6723 = ORIENTED_EDGE('',*,*,#6724,.F.);
#6724 = EDGE_CURVE('',#6725,#6717,#6727,.T.);
#6725 = VERTEX_POINT('',#6726);
#6726 = CARTESIAN_POINT('',(7.79639005661,6.187260150909,4.));
#6727 = LINE('',#6728,#6729);
#6728 = CARTESIAN_POINT('',(7.79639005661,6.187260150909,4.));
#6729 = VECTOR('',#6730,1.);
#6730 = DIRECTION('',(-0.997862800393,6.534394839305E-02,0.));
#6731 = ORIENTED_EDGE('',*,*,#6732,.F.);
#6732 = EDGE_CURVE('',#6733,#6725,#6735,.T.);
#6733 = VERTEX_POINT('',#6734);
#6734 = CARTESIAN_POINT('',(8.314700126648,5.555699825287,4.));
#6735 = LINE('',#6736,#6737);
#6736 = CARTESIAN_POINT('',(8.314700126648,5.555699825287,4.));
#6737 = VECTOR('',#6738,1.);
#6738 = DIRECTION('',(-0.634394677924,0.773009309531,0.));
#6739 = ORIENTED_EDGE('',*,*,#6740,.F.);
#6740 = EDGE_CURVE('',#6527,#6733,#6741,.T.);
#6741 = LINE('',#6742,#6743);
#6742 = CARTESIAN_POINT('',(9.238800048828,3.826829910278,4.));
#6743 = VECTOR('',#6744,1.);
#6744 = DIRECTION('',(-0.471396617797,0.88192132797,0.));
#6745 = PLANE('',#6746);
#6746 = AXIS2_PLACEMENT_3D('',#6747,#6748,#6749);
#6747 = CARTESIAN_POINT('',(7.042720031603,4.788979186229,4.));
#6748 = DIRECTION('',(-0.,-0.,-1.));
#6749 = DIRECTION('',(-1.,0.,0.));
#6750 = ADVANCED_FACE('',(#6751),#6768,.T.);
#6751 = FACE_BOUND('',#6752,.T.);
#6752 = EDGE_LOOP('',(#6753,#6761,#6767));
#6753 = ORIENTED_EDGE('',*,*,#6754,.T.);
#6754 = EDGE_CURVE('',#6693,#6755,#6757,.T.);
#6755 = VERTEX_POINT('',#6756);
#6756 = CARTESIAN_POINT('',(7.071070194244,7.071070194244,15.));
#6757 = LINE('',#6758,#6759);
#6758 = CARTESIAN_POINT('',(6.278359889984,7.721620082855,4.));
#6759 = VECTOR('',#6760,1.);
#6760 = DIRECTION('',(7.17534449002E-02,-5.888556681603E-02,
    0.995682646814));
#6761 = ORIENTED_EDGE('',*,*,#6762,.T.);
#6762 = EDGE_CURVE('',#6755,#6701,#6763,.T.);
#6763 = LINE('',#6764,#6765);
#6764 = CARTESIAN_POINT('',(7.071070194244,7.071070194244,15.));
#6765 = VECTOR('',#6766,1.);
#6766 = DIRECTION('',(0.,0.,-1.));
#6767 = ORIENTED_EDGE('',*,*,#6700,.T.);
#6768 = PLANE('',#6769);
#6769 = AXIS2_PLACEMENT_3D('',#6770,#6771,#6772);
#6770 = CARTESIAN_POINT('',(6.863675024486,7.24127222626,9.25555474424)
  );
#6771 = DIRECTION('',(0.634387081096,0.773015544047,0.));
#6772 = DIRECTION('',(0.773015544047,-0.634387081096,0.));
#6773 = ADVANCED_FACE('',(#6774),#6791,.T.);
#6774 = FACE_BOUND('',#6775,.T.);
#6775 = EDGE_LOOP('',(#6776,#6777,#6785));
#6776 = ORIENTED_EDGE('',*,*,#6754,.F.);
#6777 = ORIENTED_EDGE('',*,*,#6778,.T.);
#6778 = EDGE_CURVE('',#6693,#6779,#6781,.T.);
#6779 = VERTEX_POINT('',#6780);
#6780 = CARTESIAN_POINT('',(5.555699825287,8.314700126648,15.));
#6781 = LINE('',#6782,#6783);
#6782 = CARTESIAN_POINT('',(6.278359889984,7.721620082855,4.));
#6783 = VECTOR('',#6784,1.);
#6784 = DIRECTION('',(-6.546038510228E-02,5.372269751673E-02,
    0.996407953478));
#6785 = ORIENTED_EDGE('',*,*,#6786,.T.);
#6786 = EDGE_CURVE('',#6779,#6755,#6787,.T.);
#6787 = LINE('',#6788,#6789);
#6788 = CARTESIAN_POINT('',(5.555699825287,8.314700126648,15.));
#6789 = VECTOR('',#6790,1.);
#6790 = DIRECTION('',(0.773011051148,-0.63439255576,0.));
#6791 = PLANE('',#6792);
#6792 = AXIS2_PLACEMENT_3D('',#6793,#6794,#6795);
#6793 = CARTESIAN_POINT('',(6.297426748335,7.70597742727,9.948355233611)
  );
#6794 = DIRECTION('',(0.63439255576,0.773011051147,-6.602434464545E-07)
  );
#6795 = DIRECTION('',(0.773011051148,-0.63439255576,-1.420774515528E-25)
  );
#6796 = ADVANCED_FACE('',(#6797),#6807,.T.);
#6797 = FACE_BOUND('',#6798,.T.);
#6798 = EDGE_LOOP('',(#6799,#6805,#6806));
#6799 = ORIENTED_EDGE('',*,*,#6800,.T.);
#6800 = EDGE_CURVE('',#6755,#6709,#6801,.T.);
#6801 = LINE('',#6802,#6803);
#6802 = CARTESIAN_POINT('',(7.071070194244,7.071070194244,15.));
#6803 = VECTOR('',#6804,1.);
#6804 = DIRECTION('',(5.888556681603E-02,-7.17534449002E-02,
    -0.995682646814));
#6805 = ORIENTED_EDGE('',*,*,#6708,.T.);
#6806 = ORIENTED_EDGE('',*,*,#6762,.F.);
#6807 = PLANE('',#6808);
#6808 = AXIS2_PLACEMENT_3D('',#6809,#6810,#6811);
#6809 = CARTESIAN_POINT('',(7.24127222626,6.863675024486,9.25555474424)
  );
#6810 = DIRECTION('',(0.773015544047,0.634387081096,0.));
#6811 = DIRECTION('',(-0.634387081096,0.773015544047,0.));
#6812 = ADVANCED_FACE('',(#6813),#6830,.T.);
#6813 = FACE_BOUND('',#6814,.T.);
#6814 = EDGE_LOOP('',(#6815,#6823,#6824));
#6815 = ORIENTED_EDGE('',*,*,#6816,.T.);
#6816 = EDGE_CURVE('',#6817,#6709,#6819,.T.);
#6817 = VERTEX_POINT('',#6818);
#6818 = CARTESIAN_POINT('',(8.314700126648,5.555699825287,15.));
#6819 = LINE('',#6820,#6821);
#6820 = CARTESIAN_POINT('',(8.314700126648,5.555699825287,15.));
#6821 = VECTOR('',#6822,1.);
#6822 = DIRECTION('',(-5.372269751673E-02,6.546038510228E-02,
    -0.996407953478));
#6823 = ORIENTED_EDGE('',*,*,#6800,.F.);
#6824 = ORIENTED_EDGE('',*,*,#6825,.T.);
#6825 = EDGE_CURVE('',#6755,#6817,#6826,.T.);
#6826 = LINE('',#6827,#6828);
#6827 = CARTESIAN_POINT('',(7.071070194244,7.071070194244,15.));
#6828 = VECTOR('',#6829,1.);
#6829 = DIRECTION('',(0.63439255576,-0.773011051148,0.));
#6830 = PLANE('',#6831);
#6831 = AXIS2_PLACEMENT_3D('',#6832,#6833,#6834);
#6832 = CARTESIAN_POINT('',(7.70597742727,6.297426748335,9.948355233611)
  );
#6833 = DIRECTION('',(0.773011051147,0.63439255576,-6.602434464526E-07)
  );
#6834 = DIRECTION('',(-0.63439255576,0.773011051148,1.905049121972E-24)
  );
#6835 = ADVANCED_FACE('',(#6836),#6851,.T.);
#6836 = FACE_BOUND('',#6837,.T.);
#6837 = EDGE_LOOP('',(#6838,#6839,#6845));
#6838 = ORIENTED_EDGE('',*,*,#6816,.F.);
#6839 = ORIENTED_EDGE('',*,*,#6840,.T.);
#6840 = EDGE_CURVE('',#6817,#6725,#6841,.T.);
#6841 = LINE('',#6842,#6843);
#6842 = CARTESIAN_POINT('',(8.314700126648,5.555699825287,15.));
#6843 = VECTOR('',#6844,1.);
#6844 = DIRECTION('',(-4.69896629495E-02,5.72568594531E-02,
    -0.997253038913));
#6845 = ORIENTED_EDGE('',*,*,#6846,.F.);
#6846 = EDGE_CURVE('',#6709,#6725,#6847,.T.);
#6847 = LINE('',#6848,#6849);
#6848 = CARTESIAN_POINT('',(7.721620082855,6.278359889984,4.));
#6849 = VECTOR('',#6850,1.);
#6850 = DIRECTION('',(0.634425479546,-0.772984030173,0.));
#6851 = PLANE('',#6852);
#6852 = AXIS2_PLACEMENT_3D('',#6853,#6854,#6855);
#6853 = CARTESIAN_POINT('',(8.035368878668,5.896062823079,9.470785741014
    ));
#6854 = DIRECTION('',(0.77298403017,0.634425479543,2.959602561893E-06));
#6855 = DIRECTION('',(-0.634425479546,0.772984030173,1.695556569361E-22)
  );
#6856 = ADVANCED_FACE('',(#6857),#6867,.T.);
#6857 = FACE_BOUND('',#6858,.T.);
#6858 = EDGE_LOOP('',(#6859,#6860,#6866));
#6859 = ORIENTED_EDGE('',*,*,#6840,.F.);
#6860 = ORIENTED_EDGE('',*,*,#6861,.F.);
#6861 = EDGE_CURVE('',#6733,#6817,#6862,.T.);
#6862 = LINE('',#6863,#6864);
#6863 = CARTESIAN_POINT('',(8.314700126648,5.555699825287,4.));
#6864 = VECTOR('',#6865,1.);
#6865 = DIRECTION('',(0.,0.,1.));
#6866 = ORIENTED_EDGE('',*,*,#6732,.T.);
#6867 = PLANE('',#6868);
#6868 = AXIS2_PLACEMENT_3D('',#6869,#6870,#6871);
#6869 = CARTESIAN_POINT('',(8.180317100485,5.7194454144,9.303321160789)
  );
#6870 = DIRECTION('',(0.773009309531,0.634394677924,0.));
#6871 = DIRECTION('',(-0.634394677924,0.773009309531,0.));
#6872 = ADVANCED_FACE('',(#6873),#6889,.T.);
#6873 = FACE_BOUND('',#6874,.T.);
#6874 = EDGE_LOOP('',(#6875,#6876,#6882,#6883));
#6875 = ORIENTED_EDGE('',*,*,#6644,.T.);
#6876 = ORIENTED_EDGE('',*,*,#6877,.T.);
#6877 = EDGE_CURVE('',#6637,#5709,#6878,.T.);
#6878 = LINE('',#6879,#6880);
#6879 = CARTESIAN_POINT('',(5.774509906769,5.467520236969,4.));
#6880 = VECTOR('',#6881,1.);
#6881 = DIRECTION('',(0.,0.,-1.));
#6882 = ORIENTED_EDGE('',*,*,#5708,.F.);
#6883 = ORIENTED_EDGE('',*,*,#6884,.T.);
#6884 = EDGE_CURVE('',#5701,#6645,#6885,.T.);
#6885 = LINE('',#6886,#6887);
#6886 = CARTESIAN_POINT('',(6.151529788971,5.798160076141,0.));
#6887 = VECTOR('',#6888,1.);
#6888 = DIRECTION('',(0.,0.,1.));
#6889 = PLANE('',#6890);
#6890 = AXIS2_PLACEMENT_3D('',#6891,#6892,#6893);
#6891 = CARTESIAN_POINT('',(5.96301984787,5.632840156555,2.));
#6892 = DIRECTION('',(0.659348381111,-0.75183755714,-0.));
#6893 = DIRECTION('',(-0.75183755714,-0.659348381111,0.));
#6894 = ADVANCED_FACE('',(#6895),#6911,.T.);
#6895 = FACE_BOUND('',#6896,.T.);
#6896 = EDGE_LOOP('',(#6897,#6898,#6904,#6905));
#6897 = ORIENTED_EDGE('',*,*,#6588,.T.);
#6898 = ORIENTED_EDGE('',*,*,#6899,.T.);
#6899 = EDGE_CURVE('',#6581,#5575,#6900,.T.);
#6900 = LINE('',#6901,#6902);
#6901 = CARTESIAN_POINT('',(8.361220359802,2.517950057983,4.));
#6902 = VECTOR('',#6903,1.);
#6903 = DIRECTION('',(0.,0.,-1.));
#6904 = ORIENTED_EDGE('',*,*,#5574,.F.);
#6905 = ORIENTED_EDGE('',*,*,#6906,.T.);
#6906 = EDGE_CURVE('',#5567,#6589,#6907,.T.);
#6907 = LINE('',#6908,#6909);
#6908 = CARTESIAN_POINT('',(7.622270107269,2.267110109329,0.));
#6909 = VECTOR('',#6910,1.);
#6910 = DIRECTION('',(0.,0.,1.));
#6911 = PLANE('',#6912);
#6912 = AXIS2_PLACEMENT_3D('',#6913,#6914,#6915);
#6913 = CARTESIAN_POINT('',(7.991745233536,2.392530083656,2.));
#6914 = DIRECTION('',(-0.321439624267,0.946930075534,0.));
#6915 = DIRECTION('',(0.946930075534,0.321439624267,0.));
#6916 = ADVANCED_FACE('',(#6917),#6933,.T.);
#6917 = FACE_BOUND('',#6918,.T.);
#6918 = EDGE_LOOP('',(#6919,#6925,#6926,#6932));
#6919 = ORIENTED_EDGE('',*,*,#6920,.T.);
#6920 = EDGE_CURVE('',#5717,#6629,#6921,.T.);
#6921 = LINE('',#6922,#6923);
#6922 = CARTESIAN_POINT('',(5.429359912872,4.767640113831,0.));
#6923 = VECTOR('',#6924,1.);
#6924 = DIRECTION('',(0.,0.,1.));
#6925 = ORIENTED_EDGE('',*,*,#6628,.T.);
#6926 = ORIENTED_EDGE('',*,*,#6927,.T.);
#6927 = EDGE_CURVE('',#6621,#5725,#6928,.T.);
#6928 = LINE('',#6929,#6930);
#6929 = CARTESIAN_POINT('',(5.378330230713,3.988950014114,4.));
#6930 = VECTOR('',#6931,1.);
#6931 = DIRECTION('',(0.,0.,-1.));
#6932 = ORIENTED_EDGE('',*,*,#5724,.F.);
#6933 = PLANE('',#6934);
#6934 = AXIS2_PLACEMENT_3D('',#6935,#6936,#6937);
#6935 = CARTESIAN_POINT('',(5.403845071793,4.378295063972,2.));
#6936 = DIRECTION('',(0.997859622632,-6.539245766861E-02,0.));
#6937 = DIRECTION('',(6.539245766861E-02,0.997859622632,0.));
#6938 = ADVANCED_FACE('',(#6939),#6955,.T.);
#6939 = FACE_BOUND('',#6940,.T.);
#6940 = EDGE_LOOP('',(#6941,#6947,#6948,#6954));
#6941 = ORIENTED_EDGE('',*,*,#6942,.T.);
#6942 = EDGE_CURVE('',#5733,#6613,#6943,.T.);
#6943 = LINE('',#6944,#6945);
#6944 = CARTESIAN_POINT('',(5.629159927368,3.25,0.));
#6945 = VECTOR('',#6946,1.);
#6946 = DIRECTION('',(0.,0.,1.));
#6947 = ORIENTED_EDGE('',*,*,#6612,.T.);
#6948 = ORIENTED_EDGE('',*,*,#6949,.T.);
#6949 = EDGE_CURVE('',#6605,#5557,#6950,.T.);
#6950 = LINE('',#6951,#6952);
#6951 = CARTESIAN_POINT('',(6.143690109253,2.663290023804,4.));
#6952 = VECTOR('',#6953,1.);
#6953 = DIRECTION('',(0.,0.,-1.));
#6954 = ORIENTED_EDGE('',*,*,#5740,.F.);
#6955 = PLANE('',#6956);
#6956 = AXIS2_PLACEMENT_3D('',#6957,#6958,#6959);
#6957 = CARTESIAN_POINT('',(5.886425018311,2.956645011902,2.));
#6958 = DIRECTION('',(0.751840225369,0.659345338587,0.));
#6959 = DIRECTION('',(-0.659345338587,0.751840225369,0.));
#6960 = ADVANCED_FACE('',(#6961),#6987,.T.);
#6961 = FACE_BOUND('',#6962,.T.);
#6962 = EDGE_LOOP('',(#6963,#6973,#6981));
#6963 = ORIENTED_EDGE('',*,*,#6964,.F.);
#6964 = EDGE_CURVE('',#6965,#6967,#6969,.T.);
#6965 = VERTEX_POINT('',#6966);
#6966 = CARTESIAN_POINT('',(-9.807849884033,1.950899958611,15.));
#6967 = VERTEX_POINT('',#6968);
#6968 = CARTESIAN_POINT('',(-9.277210235596,3.700200080872,4.));
#6969 = LINE('',#6970,#6971);
#6970 = CARTESIAN_POINT('',(-9.807849884033,1.950899958611,15.));
#6971 = VECTOR('',#6972,1.);
#6972 = DIRECTION('',(4.758733889725E-02,0.156875834658,-0.98647119455)
  );
#6973 = ORIENTED_EDGE('',*,*,#6974,.T.);
#6974 = EDGE_CURVE('',#6965,#6975,#6977,.T.);
#6975 = VERTEX_POINT('',#6976);
#6976 = CARTESIAN_POINT('',(-9.238800048828,3.826829910278,15.));
#6977 = LINE('',#6978,#6979);
#6978 = CARTESIAN_POINT('',(-9.807849884033,1.950899958611,15.));
#6979 = VECTOR('',#6980,1.);
#6980 = DIRECTION('',(0.290281269855,0.956941369349,0.));
#6981 = ORIENTED_EDGE('',*,*,#6982,.F.);
#6982 = EDGE_CURVE('',#6967,#6975,#6983,.T.);
#6983 = LINE('',#6984,#6985);
#6984 = CARTESIAN_POINT('',(-9.277210235596,3.700200080872,4.));
#6985 = VECTOR('',#6986,1.);
#6986 = DIRECTION('',(3.491582528495E-03,1.151096980127E-02,
    0.999927650596));
#6987 = PLANE('',#6988);
#6988 = AXIS2_PLACEMENT_3D('',#6989,#6990,#6991);
#6989 = CARTESIAN_POINT('',(-9.411157716285,3.258632424594,
    9.947157855986));
#6990 = DIRECTION('',(-0.956941369349,0.290281269855,-1.791781255017E-07
    ));
#6991 = DIRECTION('',(-0.290281269855,-0.956941369349,
    -5.634720302998E-24));
#6992 = ADVANCED_FACE('',(#6993),#7010,.T.);
#6993 = FACE_BOUND('',#6994,.T.);
#6994 = EDGE_LOOP('',(#6995,#6996,#7004));
#6995 = ORIENTED_EDGE('',*,*,#6982,.T.);
#6996 = ORIENTED_EDGE('',*,*,#6997,.T.);
#6997 = EDGE_CURVE('',#6975,#6998,#7000,.T.);
#6998 = VERTEX_POINT('',#6999);
#6999 = CARTESIAN_POINT('',(-9.238800048828,3.826829910278,4.));
#7000 = LINE('',#7001,#7002);
#7001 = CARTESIAN_POINT('',(-9.238800048828,3.826829910278,15.));
#7002 = VECTOR('',#7003,1.);
#7003 = DIRECTION('',(0.,0.,-1.));
#7004 = ORIENTED_EDGE('',*,*,#7005,.T.);
#7005 = EDGE_CURVE('',#6998,#6967,#7006,.T.);
#7006 = LINE('',#7007,#7008);
#7007 = CARTESIAN_POINT('',(-9.238800048828,3.826829910278,4.));
#7008 = VECTOR('',#7009,1.);
#7009 = DIRECTION('',(-0.29026701656,-0.956945692867,0.));
#7010 = PLANE('',#7011);
#7011 = AXIS2_PLACEMENT_3D('',#7012,#7013,#7014);
#7012 = CARTESIAN_POINT('',(-9.248460351474,3.794982044411,
    9.467117205218));
#7013 = DIRECTION('',(-0.956945692867,0.29026701656,-0.));
#7014 = DIRECTION('',(-0.29026701656,-0.956945692867,0.));
#7015 = ADVANCED_FACE('',(#7016),#7193,.T.);
#7016 = FACE_BOUND('',#7017,.T.);
#7017 = EDGE_LOOP('',(#7018,#7028,#7036,#7044,#7052,#7060,#7068,#7076,
    #7084,#7092,#7100,#7108,#7116,#7122,#7123,#7131,#7139,#7147,#7155,
    #7163,#7171,#7179,#7187));
#7018 = ORIENTED_EDGE('',*,*,#7019,.T.);
#7019 = EDGE_CURVE('',#7020,#7022,#7024,.T.);
#7020 = VERTEX_POINT('',#7021);
#7021 = CARTESIAN_POINT('',(-5.617509841919,6.717510223389,4.));
#7022 = VERTEX_POINT('',#7023);
#7023 = CARTESIAN_POINT('',(-5.701250076294,6.296559810638,4.));
#7024 = LINE('',#7025,#7026);
#7025 = CARTESIAN_POINT('',(-5.617509841919,6.717510223389,4.));
#7026 = VECTOR('',#7027,1.);
#7027 = DIRECTION('',(-0.195108232276,-0.980781717661,0.));
#7028 = ORIENTED_EDGE('',*,*,#7029,.T.);
#7029 = EDGE_CURVE('',#7022,#7030,#7032,.T.);
#7030 = VERTEX_POINT('',#7031);
#7031 = CARTESIAN_POINT('',(-5.939700126648,5.939700126648,4.));
#7032 = LINE('',#7033,#7034);
#7033 = CARTESIAN_POINT('',(-5.701250076294,6.296559810638,4.));
#7034 = VECTOR('',#7035,1.);
#7035 = DIRECTION('',(-0.555576728966,-0.831465271813,0.));
#7036 = ORIENTED_EDGE('',*,*,#7037,.T.);
#7037 = EDGE_CURVE('',#7030,#7038,#7040,.T.);
#7038 = VERTEX_POINT('',#7039);
#7039 = CARTESIAN_POINT('',(-6.151529788971,5.798160076141,4.));
#7040 = LINE('',#7041,#7042);
#7041 = CARTESIAN_POINT('',(-5.939700126648,5.939700126648,4.));
#7042 = VECTOR('',#7043,1.);
#7043 = DIRECTION('',(-0.831469620889,-0.55557022017,0.));
#7044 = ORIENTED_EDGE('',*,*,#7045,.F.);
#7045 = EDGE_CURVE('',#7046,#7038,#7048,.T.);
#7046 = VERTEX_POINT('',#7047);
#7047 = CARTESIAN_POINT('',(-5.774509906769,5.467520236969,4.));
#7048 = LINE('',#7049,#7050);
#7049 = CARTESIAN_POINT('',(-5.774509906769,5.467520236969,4.));
#7050 = VECTOR('',#7051,1.);
#7051 = DIRECTION('',(-0.75183755714,0.659348381111,0.));
#7052 = ORIENTED_EDGE('',*,*,#7053,.T.);
#7053 = EDGE_CURVE('',#7046,#7054,#7056,.T.);
#7054 = VERTEX_POINT('',#7055);
#7055 = CARTESIAN_POINT('',(-5.429359912872,4.767640113831,4.));
#7056 = LINE('',#7057,#7058);
#7057 = CARTESIAN_POINT('',(-5.774509906769,5.467520236969,4.));
#7058 = VECTOR('',#7059,1.);
#7059 = DIRECTION('',(0.442296227698,-0.89686902442,0.));
#7060 = ORIENTED_EDGE('',*,*,#7061,.F.);
#7061 = EDGE_CURVE('',#7062,#7054,#7064,.T.);
#7062 = VERTEX_POINT('',#7063);
#7063 = CARTESIAN_POINT('',(-5.378330230713,3.988950014114,4.));
#7064 = LINE('',#7065,#7066);
#7065 = CARTESIAN_POINT('',(-5.378330230713,3.988950014114,4.));
#7066 = VECTOR('',#7067,1.);
#7067 = DIRECTION('',(-6.539245766861E-02,0.997859622632,0.));
#7068 = ORIENTED_EDGE('',*,*,#7069,.F.);
#7069 = EDGE_CURVE('',#7070,#7062,#7072,.T.);
#7070 = VERTEX_POINT('',#7071);
#7071 = CARTESIAN_POINT('',(-5.629159927368,3.25,4.));
#7072 = LINE('',#7073,#7074);
#7073 = CARTESIAN_POINT('',(-5.629159927368,3.25,4.));
#7074 = VECTOR('',#7075,1.);
#7075 = DIRECTION('',(0.321427937136,0.946934042702,0.));
#7076 = ORIENTED_EDGE('',*,*,#7077,.F.);
#7077 = EDGE_CURVE('',#7078,#7070,#7080,.T.);
#7078 = VERTEX_POINT('',#7079);
#7079 = CARTESIAN_POINT('',(-6.143690109253,2.663290023804,4.));
#7080 = LINE('',#7081,#7082);
#7081 = CARTESIAN_POINT('',(-6.143690109253,2.663290023804,4.));
#7082 = VECTOR('',#7083,1.);
#7083 = DIRECTION('',(0.659345338587,0.751840225369,0.));
#7084 = ORIENTED_EDGE('',*,*,#7085,.F.);
#7085 = EDGE_CURVE('',#7086,#7078,#7088,.T.);
#7086 = VERTEX_POINT('',#7087);
#7087 = CARTESIAN_POINT('',(-6.843579769135,2.318150043488,4.));
#7088 = LINE('',#7089,#7090);
#7089 = CARTESIAN_POINT('',(-6.843579769135,2.318150043488,4.));
#7090 = VECTOR('',#7091,1.);
#7091 = DIRECTION('',(0.896876505215,0.442281058143,0.));
#7092 = ORIENTED_EDGE('',*,*,#7093,.F.);
#7093 = EDGE_CURVE('',#7094,#7086,#7096,.T.);
#7094 = VERTEX_POINT('',#7095);
#7095 = CARTESIAN_POINT('',(-7.622270107269,2.267110109329,4.));
#7096 = LINE('',#7097,#7098);
#7097 = CARTESIAN_POINT('',(-7.622270107269,2.267110109329,4.));
#7098 = VECTOR('',#7099,1.);
#7099 = DIRECTION('',(0.997858766599,6.540551905202E-02,0.));
#7100 = ORIENTED_EDGE('',*,*,#7101,.F.);
#7101 = EDGE_CURVE('',#7102,#7094,#7104,.T.);
#7102 = VERTEX_POINT('',#7103);
#7103 = CARTESIAN_POINT('',(-8.361220359802,2.517950057983,4.));
#7104 = LINE('',#7105,#7106);
#7105 = CARTESIAN_POINT('',(-8.361220359802,2.517950057983,4.));
#7106 = VECTOR('',#7107,1.);
#7107 = DIRECTION('',(0.946930075534,-0.321439624267,0.));
#7108 = ORIENTED_EDGE('',*,*,#7109,.F.);
#7109 = EDGE_CURVE('',#7110,#7102,#7112,.T.);
#7110 = VERTEX_POINT('',#7111);
#7111 = CARTESIAN_POINT('',(-8.947919845581,3.03248000145,4.));
#7112 = LINE('',#7113,#7114);
#7113 = CARTESIAN_POINT('',(-8.947919845581,3.03248000145,4.));
#7114 = VECTOR('',#7115,1.);
#7115 = DIRECTION('',(0.751834532595,-0.659351829904,0.));
#7116 = ORIENTED_EDGE('',*,*,#7117,.F.);
#7117 = EDGE_CURVE('',#6967,#7110,#7118,.T.);
#7118 = LINE('',#7119,#7120);
#7119 = CARTESIAN_POINT('',(-9.277210235596,3.700200080872,4.));
#7120 = VECTOR('',#7121,1.);
#7121 = DIRECTION('',(0.442296563263,-0.896868858934,0.));
#7122 = ORIENTED_EDGE('',*,*,#7005,.F.);
#7123 = ORIENTED_EDGE('',*,*,#7124,.F.);
#7124 = EDGE_CURVE('',#7125,#6998,#7127,.T.);
#7125 = VERTEX_POINT('',#7126);
#7126 = CARTESIAN_POINT('',(-8.314700126648,5.555699825287,4.));
#7127 = LINE('',#7128,#7129);
#7128 = CARTESIAN_POINT('',(-8.314700126648,5.555699825287,4.));
#7129 = VECTOR('',#7130,1.);
#7130 = DIRECTION('',(-0.471396617797,-0.88192132797,0.));
#7131 = ORIENTED_EDGE('',*,*,#7132,.F.);
#7132 = EDGE_CURVE('',#7133,#7125,#7135,.T.);
#7133 = VERTEX_POINT('',#7134);
#7134 = CARTESIAN_POINT('',(-7.79639005661,6.187260150909,4.));
#7135 = LINE('',#7136,#7137);
#7136 = CARTESIAN_POINT('',(-7.79639005661,6.187260150909,4.));
#7137 = VECTOR('',#7138,1.);
#7138 = DIRECTION('',(-0.634394677924,-0.773009309531,0.));
#7139 = ORIENTED_EDGE('',*,*,#7140,.F.);
#7140 = EDGE_CURVE('',#7141,#7133,#7143,.T.);
#7141 = VERTEX_POINT('',#7142);
#7142 = CARTESIAN_POINT('',(-7.666440010071,6.195769786835,4.));
#7143 = LINE('',#7144,#7145);
#7144 = CARTESIAN_POINT('',(-7.666440010071,6.195769786835,4.));
#7145 = VECTOR('',#7146,1.);
#7146 = DIRECTION('',(-0.997862800393,-6.534394839305E-02,0.));
#7147 = ORIENTED_EDGE('',*,*,#7148,.T.);
#7148 = EDGE_CURVE('',#7141,#7149,#7151,.T.);
#7149 = VERTEX_POINT('',#7150);
#7150 = CARTESIAN_POINT('',(-7.721620082855,6.278359889984,4.));
#7151 = LINE('',#7152,#7153);
#7152 = CARTESIAN_POINT('',(-7.666440010071,6.195769786835,4.));
#7153 = VECTOR('',#7154,1.);
#7154 = DIRECTION('',(-0.555536337376,0.831492259649,0.));
#7155 = ORIENTED_EDGE('',*,*,#7156,.F.);
#7156 = EDGE_CURVE('',#7157,#7149,#7159,.T.);
#7157 = VERTEX_POINT('',#7158);
#7158 = CARTESIAN_POINT('',(-7.071070194244,7.071070194244,4.));
#7159 = LINE('',#7160,#7161);
#7160 = CARTESIAN_POINT('',(-7.071070194244,7.071070194244,4.));
#7161 = VECTOR('',#7162,1.);
#7162 = DIRECTION('',(-0.634387081096,-0.773015544047,0.));
#7163 = ORIENTED_EDGE('',*,*,#7164,.F.);
#7164 = EDGE_CURVE('',#7165,#7157,#7167,.T.);
#7165 = VERTEX_POINT('',#7166);
#7166 = CARTESIAN_POINT('',(-6.278359889984,7.721620082855,4.));
#7167 = LINE('',#7168,#7169);
#7168 = CARTESIAN_POINT('',(-6.278359889984,7.721620082855,4.));
#7169 = VECTOR('',#7170,1.);
#7170 = DIRECTION('',(-0.773015544047,-0.634387081096,0.));
#7171 = ORIENTED_EDGE('',*,*,#7172,.T.);
#7172 = EDGE_CURVE('',#7165,#7173,#7175,.T.);
#7173 = VERTEX_POINT('',#7174);
#7174 = CARTESIAN_POINT('',(-5.939700126648,7.495329856873,4.));
#7175 = LINE('',#7176,#7177);
#7176 = CARTESIAN_POINT('',(-6.278359889984,7.721620082855,4.));
#7177 = VECTOR('',#7178,1.);
#7178 = DIRECTION('',(0.831463934095,-0.555578730964,0.));
#7179 = ORIENTED_EDGE('',*,*,#7180,.T.);
#7180 = EDGE_CURVE('',#7173,#7181,#7183,.T.);
#7181 = VERTEX_POINT('',#7182);
#7182 = CARTESIAN_POINT('',(-5.701250076294,7.138470172882,4.));
#7183 = LINE('',#7184,#7185);
#7184 = CARTESIAN_POINT('',(-5.939700126648,7.495329856873,4.));
#7185 = VECTOR('',#7186,1.);
#7186 = DIRECTION('',(0.555576728966,-0.831465271813,0.));
#7187 = ORIENTED_EDGE('',*,*,#7188,.T.);
#7188 = EDGE_CURVE('',#7181,#7020,#7189,.T.);
#7189 = LINE('',#7190,#7191);
#7190 = CARTESIAN_POINT('',(-5.701250076294,7.138470172882,4.));
#7191 = VECTOR('',#7192,1.);
#7192 = DIRECTION('',(0.195103980404,-0.980782563482,0.));
#7193 = PLANE('',#7194);
#7194 = AXIS2_PLACEMENT_3D('',#7195,#7196,#7197);
#7195 = CARTESIAN_POINT('',(-7.042720031603,4.788979186229,4.));
#7196 = DIRECTION('',(-0.,-0.,-1.));
#7197 = DIRECTION('',(-1.,0.,0.));
#7198 = ADVANCED_FACE('',(#7199),#7221,.T.);
#7199 = FACE_BOUND('',#7200,.T.);
#7200 = EDGE_LOOP('',(#7201,#7209,#7215));
#7201 = ORIENTED_EDGE('',*,*,#7202,.T.);
#7202 = EDGE_CURVE('',#7203,#7149,#7205,.T.);
#7203 = VERTEX_POINT('',#7204);
#7204 = CARTESIAN_POINT('',(-8.314700126648,5.555699825287,15.));
#7205 = LINE('',#7206,#7207);
#7206 = CARTESIAN_POINT('',(-8.314700126648,5.555699825287,15.));
#7207 = VECTOR('',#7208,1.);
#7208 = DIRECTION('',(5.372269751673E-02,6.546038510228E-02,
    -0.996407953478));
#7209 = ORIENTED_EDGE('',*,*,#7210,.F.);
#7210 = EDGE_CURVE('',#7133,#7149,#7211,.T.);
#7211 = LINE('',#7212,#7213);
#7212 = CARTESIAN_POINT('',(-7.79639005661,6.187260150909,4.));
#7213 = VECTOR('',#7214,1.);
#7214 = DIRECTION('',(0.634425479546,0.772984030173,0.));
#7215 = ORIENTED_EDGE('',*,*,#7216,.T.);
#7216 = EDGE_CURVE('',#7133,#7203,#7217,.T.);
#7217 = LINE('',#7218,#7219);
#7218 = CARTESIAN_POINT('',(-7.79639005661,6.187260150909,4.));
#7219 = VECTOR('',#7220,1.);
#7220 = DIRECTION('',(-4.69896629495E-02,-5.72568594531E-02,
    0.997253038913));
#7221 = PLANE('',#7222);
#7222 = AXIS2_PLACEMENT_3D('',#7223,#7224,#7225);
#7223 = CARTESIAN_POINT('',(-8.035368878668,5.896062823079,
    9.470785741014));
#7224 = DIRECTION('',(-0.77298403017,0.634425479543,2.959602561083E-06)
  );
#7225 = DIRECTION('',(-0.634425479546,-0.772984030173,1.23575482106E-22)
  );
#7226 = ADVANCED_FACE('',(#7227),#7237,.T.);
#7227 = FACE_BOUND('',#7228,.T.);
#7228 = EDGE_LOOP('',(#7229,#7230,#7231));
#7229 = ORIENTED_EDGE('',*,*,#7216,.F.);
#7230 = ORIENTED_EDGE('',*,*,#7132,.T.);
#7231 = ORIENTED_EDGE('',*,*,#7232,.T.);
#7232 = EDGE_CURVE('',#7125,#7203,#7233,.T.);
#7233 = LINE('',#7234,#7235);
#7234 = CARTESIAN_POINT('',(-8.314700126648,5.555699825287,4.));
#7235 = VECTOR('',#7236,1.);
#7236 = DIRECTION('',(0.,0.,1.));
#7237 = PLANE('',#7238);
#7238 = AXIS2_PLACEMENT_3D('',#7239,#7240,#7241);
#7239 = CARTESIAN_POINT('',(-8.180317100485,5.7194454144,9.303321160789)
  );
#7240 = DIRECTION('',(-0.773009309531,0.634394677924,-0.));
#7241 = DIRECTION('',(-0.634394677924,-0.773009309531,0.));
#7242 = ADVANCED_FACE('',(#7243),#7260,.T.);
#7243 = FACE_BOUND('',#7244,.T.);
#7244 = EDGE_LOOP('',(#7245,#7246,#7254));
#7245 = ORIENTED_EDGE('',*,*,#7202,.F.);
#7246 = ORIENTED_EDGE('',*,*,#7247,.T.);
#7247 = EDGE_CURVE('',#7203,#7248,#7250,.T.);
#7248 = VERTEX_POINT('',#7249);
#7249 = CARTESIAN_POINT('',(-7.071070194244,7.071070194244,15.));
#7250 = LINE('',#7251,#7252);
#7251 = CARTESIAN_POINT('',(-8.314700126648,5.555699825287,15.));
#7252 = VECTOR('',#7253,1.);
#7253 = DIRECTION('',(0.63439255576,0.773011051148,0.));
#7254 = ORIENTED_EDGE('',*,*,#7255,.F.);
#7255 = EDGE_CURVE('',#7149,#7248,#7256,.T.);
#7256 = LINE('',#7257,#7258);
#7257 = CARTESIAN_POINT('',(-7.721620082855,6.278359889984,4.));
#7258 = VECTOR('',#7259,1.);
#7259 = DIRECTION('',(5.888556681603E-02,7.17534449002E-02,
    0.995682646814));
#7260 = PLANE('',#7261);
#7261 = AXIS2_PLACEMENT_3D('',#7262,#7263,#7264);
#7262 = CARTESIAN_POINT('',(-7.70597742727,6.297426748335,9.948355233611
    ));
#7263 = DIRECTION('',(-0.773011051147,0.63439255576,-6.602434464517E-07)
  );
#7264 = DIRECTION('',(-0.63439255576,-0.773011051148,-1.861982928037E-23
    ));
#7265 = ADVANCED_FACE('',(#7266),#7276,.T.);
#7266 = FACE_BOUND('',#7267,.T.);
#7267 = EDGE_LOOP('',(#7268,#7269,#7275));
#7268 = ORIENTED_EDGE('',*,*,#7255,.T.);
#7269 = ORIENTED_EDGE('',*,*,#7270,.F.);
#7270 = EDGE_CURVE('',#7157,#7248,#7271,.T.);
#7271 = LINE('',#7272,#7273);
#7272 = CARTESIAN_POINT('',(-7.071070194244,7.071070194244,4.));
#7273 = VECTOR('',#7274,1.);
#7274 = DIRECTION('',(0.,0.,1.));
#7275 = ORIENTED_EDGE('',*,*,#7156,.T.);
#7276 = PLANE('',#7277);
#7277 = AXIS2_PLACEMENT_3D('',#7278,#7279,#7280);
#7278 = CARTESIAN_POINT('',(-7.24127222626,6.863675024486,9.25555474424)
  );
#7279 = DIRECTION('',(-0.773015544047,0.634387081096,-0.));
#7280 = DIRECTION('',(-0.634387081096,-0.773015544047,0.));
#7281 = ADVANCED_FACE('',(#7282),#7304,.T.);
#7282 = FACE_BOUND('',#7283,.T.);
#7283 = EDGE_LOOP('',(#7284,#7292,#7298));
#7284 = ORIENTED_EDGE('',*,*,#7285,.T.);
#7285 = EDGE_CURVE('',#7286,#7165,#7288,.T.);
#7286 = VERTEX_POINT('',#7287);
#7287 = CARTESIAN_POINT('',(-5.555699825287,8.314700126648,15.));
#7288 = LINE('',#7289,#7290);
#7289 = CARTESIAN_POINT('',(-5.555699825287,8.314700126648,15.));
#7290 = VECTOR('',#7291,1.);
#7291 = DIRECTION('',(-6.546038510228E-02,-5.372269751673E-02,
    -0.996407953478));
#7292 = ORIENTED_EDGE('',*,*,#7293,.T.);
#7293 = EDGE_CURVE('',#7165,#7248,#7294,.T.);
#7294 = LINE('',#7295,#7296);
#7295 = CARTESIAN_POINT('',(-6.278359889984,7.721620082855,4.));
#7296 = VECTOR('',#7297,1.);
#7297 = DIRECTION('',(-7.17534449002E-02,-5.888556681603E-02,
    0.995682646814));
#7298 = ORIENTED_EDGE('',*,*,#7299,.T.);
#7299 = EDGE_CURVE('',#7248,#7286,#7300,.T.);
#7300 = LINE('',#7301,#7302);
#7301 = CARTESIAN_POINT('',(-7.071070194244,7.071070194244,15.));
#7302 = VECTOR('',#7303,1.);
#7303 = DIRECTION('',(0.773011051148,0.63439255576,0.));
#7304 = PLANE('',#7305);
#7305 = AXIS2_PLACEMENT_3D('',#7306,#7307,#7308);
#7306 = CARTESIAN_POINT('',(-6.297426748335,7.70597742727,9.948355233611
    ));
#7307 = DIRECTION('',(-0.63439255576,0.773011051147,-6.602434464515E-07)
  );
#7308 = DIRECTION('',(0.773011051148,0.63439255576,3.105950593629E-24));
#7309 = ADVANCED_FACE('',(#7310),#7315,.T.);
#7310 = FACE_BOUND('',#7311,.T.);
#7311 = EDGE_LOOP('',(#7312,#7313,#7314));
#7312 = ORIENTED_EDGE('',*,*,#7293,.F.);
#7313 = ORIENTED_EDGE('',*,*,#7164,.T.);
#7314 = ORIENTED_EDGE('',*,*,#7270,.T.);
#7315 = PLANE('',#7316);
#7316 = AXIS2_PLACEMENT_3D('',#7317,#7318,#7319);
#7317 = CARTESIAN_POINT('',(-6.863675024486,7.24127222626,9.25555474424)
  );
#7318 = DIRECTION('',(-0.634387081096,0.773015544047,0.));
#7319 = DIRECTION('',(0.773015544047,0.634387081096,0.));
#7320 = ADVANCED_FACE('',(#7321),#7337,.T.);
#7321 = FACE_BOUND('',#7322,.T.);
#7322 = EDGE_LOOP('',(#7323,#7324,#7330,#7331));
#7323 = ORIENTED_EDGE('',*,*,#7045,.T.);
#7324 = ORIENTED_EDGE('',*,*,#7325,.T.);
#7325 = EDGE_CURVE('',#7038,#5767,#7326,.T.);
#7326 = LINE('',#7327,#7328);
#7327 = CARTESIAN_POINT('',(-6.151529788971,5.798160076141,4.));
#7328 = VECTOR('',#7329,1.);
#7329 = DIRECTION('',(0.,0.,-1.));
#7330 = ORIENTED_EDGE('',*,*,#5766,.F.);
#7331 = ORIENTED_EDGE('',*,*,#7332,.T.);
#7332 = EDGE_CURVE('',#5759,#7046,#7333,.T.);
#7333 = LINE('',#7334,#7335);
#7334 = CARTESIAN_POINT('',(-5.774509906769,5.467520236969,0.));
#7335 = VECTOR('',#7336,1.);
#7336 = DIRECTION('',(0.,0.,1.));
#7337 = PLANE('',#7338);
#7338 = AXIS2_PLACEMENT_3D('',#7339,#7340,#7341);
#7339 = CARTESIAN_POINT('',(-5.96301984787,5.632840156555,2.));
#7340 = DIRECTION('',(-0.659348381111,-0.75183755714,-0.));
#7341 = DIRECTION('',(-0.75183755714,0.659348381111,0.));
#7342 = ADVANCED_FACE('',(#7343),#7359,.T.);
#7343 = FACE_BOUND('',#7344,.T.);
#7344 = EDGE_LOOP('',(#7345,#7346,#7352,#7353));
#7345 = ORIENTED_EDGE('',*,*,#7085,.T.);
#7346 = ORIENTED_EDGE('',*,*,#7347,.T.);
#7347 = EDGE_CURVE('',#7078,#5917,#7348,.T.);
#7348 = LINE('',#7349,#7350);
#7349 = CARTESIAN_POINT('',(-6.143690109253,2.663290023804,4.));
#7350 = VECTOR('',#7351,1.);
#7351 = DIRECTION('',(0.,0.,-1.));
#7352 = ORIENTED_EDGE('',*,*,#5916,.F.);
#7353 = ORIENTED_EDGE('',*,*,#7354,.T.);
#7354 = EDGE_CURVE('',#5909,#7086,#7355,.T.);
#7355 = LINE('',#7356,#7357);
#7356 = CARTESIAN_POINT('',(-6.843579769135,2.318150043488,0.));
#7357 = VECTOR('',#7358,1.);
#7358 = DIRECTION('',(0.,0.,1.));
#7359 = PLANE('',#7360);
#7360 = AXIS2_PLACEMENT_3D('',#7361,#7362,#7363);
#7361 = CARTESIAN_POINT('',(-6.493634939194,2.490720033646,2.));
#7362 = DIRECTION('',(-0.442281058143,0.896876505215,0.));
#7363 = DIRECTION('',(0.896876505215,0.442281058143,0.));
#7364 = ADVANCED_FACE('',(#7365),#7391,.T.);
#7365 = FACE_BOUND('',#7366,.T.);
#7366 = EDGE_LOOP('',(#7367,#7377,#7385));
#7367 = ORIENTED_EDGE('',*,*,#7368,.T.);
#7368 = EDGE_CURVE('',#7369,#7371,#7373,.T.);
#7369 = VERTEX_POINT('',#7370);
#7370 = CARTESIAN_POINT('',(-6.278359889984,-7.721620082855,4.));
#7371 = VERTEX_POINT('',#7372);
#7372 = CARTESIAN_POINT('',(-7.071070194244,-7.071070194244,15.));
#7373 = LINE('',#7374,#7375);
#7374 = CARTESIAN_POINT('',(-6.278359889984,-7.721620082855,4.));
#7375 = VECTOR('',#7376,1.);
#7376 = DIRECTION('',(-7.17534449002E-02,5.888556681603E-02,
    0.995682646814));
#7377 = ORIENTED_EDGE('',*,*,#7378,.T.);
#7378 = EDGE_CURVE('',#7371,#7379,#7381,.T.);
#7379 = VERTEX_POINT('',#7380);
#7380 = CARTESIAN_POINT('',(-7.071070194244,-7.071070194244,4.));
#7381 = LINE('',#7382,#7383);
#7382 = CARTESIAN_POINT('',(-7.071070194244,-7.071070194244,15.));
#7383 = VECTOR('',#7384,1.);
#7384 = DIRECTION('',(0.,0.,-1.));
#7385 = ORIENTED_EDGE('',*,*,#7386,.T.);
#7386 = EDGE_CURVE('',#7379,#7369,#7387,.T.);
#7387 = LINE('',#7388,#7389);
#7388 = CARTESIAN_POINT('',(-7.071070194244,-7.071070194244,4.));
#7389 = VECTOR('',#7390,1.);
#7390 = DIRECTION('',(0.773015544047,-0.634387081096,0.));
#7391 = PLANE('',#7392);
#7392 = AXIS2_PLACEMENT_3D('',#7393,#7394,#7395);
#7393 = CARTESIAN_POINT('',(-6.863675024486,-7.24127222626,9.25555474424
    ));
#7394 = DIRECTION('',(-0.634387081096,-0.773015544047,-0.));
#7395 = DIRECTION('',(-0.773015544047,0.634387081096,0.));
#7396 = ADVANCED_FACE('',(#7397),#7414,.T.);
#7397 = FACE_BOUND('',#7398,.T.);
#7398 = EDGE_LOOP('',(#7399,#7400,#7408));
#7399 = ORIENTED_EDGE('',*,*,#7368,.F.);
#7400 = ORIENTED_EDGE('',*,*,#7401,.T.);
#7401 = EDGE_CURVE('',#7369,#7402,#7404,.T.);
#7402 = VERTEX_POINT('',#7403);
#7403 = CARTESIAN_POINT('',(-5.555699825287,-8.314700126648,15.));
#7404 = LINE('',#7405,#7406);
#7405 = CARTESIAN_POINT('',(-6.278359889984,-7.721620082855,4.));
#7406 = VECTOR('',#7407,1.);
#7407 = DIRECTION('',(6.546038510228E-02,-5.372269751673E-02,
    0.996407953478));
#7408 = ORIENTED_EDGE('',*,*,#7409,.T.);
#7409 = EDGE_CURVE('',#7402,#7371,#7410,.T.);
#7410 = LINE('',#7411,#7412);
#7411 = CARTESIAN_POINT('',(-5.555699825287,-8.314700126648,15.));
#7412 = VECTOR('',#7413,1.);
#7413 = DIRECTION('',(-0.773011051148,0.63439255576,0.));
#7414 = PLANE('',#7415);
#7415 = AXIS2_PLACEMENT_3D('',#7416,#7417,#7418);
#7416 = CARTESIAN_POINT('',(-6.297426748335,-7.70597742727,
    9.948355233611));
#7417 = DIRECTION('',(-0.63439255576,-0.773011051147,-6.602434464545E-07
    ));
#7418 = DIRECTION('',(-0.773011051148,0.63439255576,-1.420774515528E-25)
  );
#7419 = ADVANCED_FACE('',(#7420),#7437,.T.);
#7420 = FACE_BOUND('',#7421,.T.);
#7421 = EDGE_LOOP('',(#7422,#7430,#7436));
#7422 = ORIENTED_EDGE('',*,*,#7423,.T.);
#7423 = EDGE_CURVE('',#7371,#7424,#7426,.T.);
#7424 = VERTEX_POINT('',#7425);
#7425 = CARTESIAN_POINT('',(-7.721620082855,-6.278359889984,4.));
#7426 = LINE('',#7427,#7428);
#7427 = CARTESIAN_POINT('',(-7.071070194244,-7.071070194244,15.));
#7428 = VECTOR('',#7429,1.);
#7429 = DIRECTION('',(-5.888556681603E-02,7.17534449002E-02,
    -0.995682646814));
#7430 = ORIENTED_EDGE('',*,*,#7431,.T.);
#7431 = EDGE_CURVE('',#7424,#7379,#7432,.T.);
#7432 = LINE('',#7433,#7434);
#7433 = CARTESIAN_POINT('',(-7.721620082855,-6.278359889984,4.));
#7434 = VECTOR('',#7435,1.);
#7435 = DIRECTION('',(0.634387081096,-0.773015544047,0.));
#7436 = ORIENTED_EDGE('',*,*,#7378,.F.);
#7437 = PLANE('',#7438);
#7438 = AXIS2_PLACEMENT_3D('',#7439,#7440,#7441);
#7439 = CARTESIAN_POINT('',(-7.24127222626,-6.863675024486,9.25555474424
    ));
#7440 = DIRECTION('',(-0.773015544047,-0.634387081096,-0.));
#7441 = DIRECTION('',(0.634387081096,-0.773015544047,0.));
#7442 = ADVANCED_FACE('',(#7443),#7460,.T.);
#7443 = FACE_BOUND('',#7444,.T.);
#7444 = EDGE_LOOP('',(#7445,#7446,#7454));
#7445 = ORIENTED_EDGE('',*,*,#7423,.F.);
#7446 = ORIENTED_EDGE('',*,*,#7447,.F.);
#7447 = EDGE_CURVE('',#7448,#7371,#7450,.T.);
#7448 = VERTEX_POINT('',#7449);
#7449 = CARTESIAN_POINT('',(-8.314700126648,-5.555699825287,15.));
#7450 = LINE('',#7451,#7452);
#7451 = CARTESIAN_POINT('',(-8.314700126648,-5.555699825287,15.));
#7452 = VECTOR('',#7453,1.);
#7453 = DIRECTION('',(0.63439255576,-0.773011051148,0.));
#7454 = ORIENTED_EDGE('',*,*,#7455,.F.);
#7455 = EDGE_CURVE('',#7424,#7448,#7456,.T.);
#7456 = LINE('',#7457,#7458);
#7457 = CARTESIAN_POINT('',(-7.721620082855,-6.278359889984,4.));
#7458 = VECTOR('',#7459,1.);
#7459 = DIRECTION('',(-5.372269751673E-02,6.546038510228E-02,
    0.996407953478));
#7460 = PLANE('',#7461);
#7461 = AXIS2_PLACEMENT_3D('',#7462,#7463,#7464);
#7462 = CARTESIAN_POINT('',(-7.70597742727,-6.297426748335,
    9.948355233611));
#7463 = DIRECTION('',(-0.773011051147,-0.63439255576,-6.602434464492E-07
    ));
#7464 = DIRECTION('',(0.63439255576,-0.773011051148,-7.271612888941E-23)
  );
#7465 = ADVANCED_FACE('',(#7466),#7483,.T.);
#7466 = FACE_BOUND('',#7467,.T.);
#7467 = EDGE_LOOP('',(#7468,#7476,#7477));
#7468 = ORIENTED_EDGE('',*,*,#7469,.F.);
#7469 = EDGE_CURVE('',#7424,#7470,#7472,.T.);
#7470 = VERTEX_POINT('',#7471);
#7471 = CARTESIAN_POINT('',(-7.79639005661,-6.187260150909,4.));
#7472 = LINE('',#7473,#7474);
#7473 = CARTESIAN_POINT('',(-7.721620082855,-6.278359889984,4.));
#7474 = VECTOR('',#7475,1.);
#7475 = DIRECTION('',(-0.634425479546,0.772984030173,0.));
#7476 = ORIENTED_EDGE('',*,*,#7455,.T.);
#7477 = ORIENTED_EDGE('',*,*,#7478,.F.);
#7478 = EDGE_CURVE('',#7470,#7448,#7479,.T.);
#7479 = LINE('',#7480,#7481);
#7480 = CARTESIAN_POINT('',(-7.79639005661,-6.187260150909,4.));
#7481 = VECTOR('',#7482,1.);
#7482 = DIRECTION('',(-4.69896629495E-02,5.72568594531E-02,
    0.997253038913));
#7483 = PLANE('',#7484);
#7484 = AXIS2_PLACEMENT_3D('',#7485,#7486,#7487);
#7485 = CARTESIAN_POINT('',(-8.035368878668,-5.896062823079,
    9.470785741014));
#7486 = DIRECTION('',(-0.77298403017,-0.634425479543,2.959602561083E-06)
  );
#7487 = DIRECTION('',(0.634425479546,-0.772984030173,-6.603712708751E-23
    ));
#7488 = ADVANCED_FACE('',(#7489),#7506,.T.);
#7489 = FACE_BOUND('',#7490,.T.);
#7490 = EDGE_LOOP('',(#7491,#7492,#7500));
#7491 = ORIENTED_EDGE('',*,*,#7478,.T.);
#7492 = ORIENTED_EDGE('',*,*,#7493,.F.);
#7493 = EDGE_CURVE('',#7494,#7448,#7496,.T.);
#7494 = VERTEX_POINT('',#7495);
#7495 = CARTESIAN_POINT('',(-8.314700126648,-5.555699825287,4.));
#7496 = LINE('',#7497,#7498);
#7497 = CARTESIAN_POINT('',(-8.314700126648,-5.555699825287,4.));
#7498 = VECTOR('',#7499,1.);
#7499 = DIRECTION('',(0.,0.,1.));
#7500 = ORIENTED_EDGE('',*,*,#7501,.T.);
#7501 = EDGE_CURVE('',#7494,#7470,#7502,.T.);
#7502 = LINE('',#7503,#7504);
#7503 = CARTESIAN_POINT('',(-8.314700126648,-5.555699825287,4.));
#7504 = VECTOR('',#7505,1.);
#7505 = DIRECTION('',(0.634394677924,-0.773009309531,0.));
#7506 = PLANE('',#7507);
#7507 = AXIS2_PLACEMENT_3D('',#7508,#7509,#7510);
#7508 = CARTESIAN_POINT('',(-8.180317100485,-5.7194454144,9.303321160789
    ));
#7509 = DIRECTION('',(-0.773009309531,-0.634394677924,-0.));
#7510 = DIRECTION('',(0.634394677924,-0.773009309531,0.));
#7511 = ADVANCED_FACE('',(#7512),#7673,.T.);
#7512 = FACE_BOUND('',#7513,.T.);
#7513 = EDGE_LOOP('',(#7514,#7524,#7532,#7538,#7539,#7540,#7548,#7554,
    #7555,#7563,#7571,#7579,#7587,#7595,#7603,#7611,#7619,#7627,#7635,
    #7643,#7651,#7659,#7667));
#7514 = ORIENTED_EDGE('',*,*,#7515,.T.);
#7515 = EDGE_CURVE('',#7516,#7518,#7520,.T.);
#7516 = VERTEX_POINT('',#7517);
#7517 = CARTESIAN_POINT('',(-5.617509841919,-6.717510223389,4.));
#7518 = VERTEX_POINT('',#7519);
#7519 = CARTESIAN_POINT('',(-5.701250076294,-7.138470172882,4.));
#7520 = LINE('',#7521,#7522);
#7521 = CARTESIAN_POINT('',(-5.617509841919,-6.717510223389,4.));
#7522 = VECTOR('',#7523,1.);
#7523 = DIRECTION('',(-0.195103980404,-0.980782563482,0.));
#7524 = ORIENTED_EDGE('',*,*,#7525,.T.);
#7525 = EDGE_CURVE('',#7518,#7526,#7528,.T.);
#7526 = VERTEX_POINT('',#7527);
#7527 = CARTESIAN_POINT('',(-5.939700126648,-7.495329856873,4.));
#7528 = LINE('',#7529,#7530);
#7529 = CARTESIAN_POINT('',(-5.701250076294,-7.138470172882,4.));
#7530 = VECTOR('',#7531,1.);
#7531 = DIRECTION('',(-0.555576728966,-0.831465271813,0.));
#7532 = ORIENTED_EDGE('',*,*,#7533,.T.);
#7533 = EDGE_CURVE('',#7526,#7369,#7534,.T.);
#7534 = LINE('',#7535,#7536);
#7535 = CARTESIAN_POINT('',(-5.939700126648,-7.495329856873,4.));
#7536 = VECTOR('',#7537,1.);
#7537 = DIRECTION('',(-0.831463934095,-0.555578730964,0.));
#7538 = ORIENTED_EDGE('',*,*,#7386,.F.);
#7539 = ORIENTED_EDGE('',*,*,#7431,.F.);
#7540 = ORIENTED_EDGE('',*,*,#7541,.T.);
#7541 = EDGE_CURVE('',#7424,#7542,#7544,.T.);
#7542 = VERTEX_POINT('',#7543);
#7543 = CARTESIAN_POINT('',(-7.666440010071,-6.195769786835,4.));
#7544 = LINE('',#7545,#7546);
#7545 = CARTESIAN_POINT('',(-7.721620082855,-6.278359889984,4.));
#7546 = VECTOR('',#7547,1.);
#7547 = DIRECTION('',(0.555536337376,0.831492259649,0.));
#7548 = ORIENTED_EDGE('',*,*,#7549,.F.);
#7549 = EDGE_CURVE('',#7470,#7542,#7550,.T.);
#7550 = LINE('',#7551,#7552);
#7551 = CARTESIAN_POINT('',(-7.79639005661,-6.187260150909,4.));
#7552 = VECTOR('',#7553,1.);
#7553 = DIRECTION('',(0.997862800393,-6.534394839305E-02,0.));
#7554 = ORIENTED_EDGE('',*,*,#7501,.F.);
#7555 = ORIENTED_EDGE('',*,*,#7556,.F.);
#7556 = EDGE_CURVE('',#7557,#7494,#7559,.T.);
#7557 = VERTEX_POINT('',#7558);
#7558 = CARTESIAN_POINT('',(-9.238800048828,-3.826829910278,4.));
#7559 = LINE('',#7560,#7561);
#7560 = CARTESIAN_POINT('',(-9.238800048828,-3.826829910278,4.));
#7561 = VECTOR('',#7562,1.);
#7562 = DIRECTION('',(0.471396617797,-0.88192132797,0.));
#7563 = ORIENTED_EDGE('',*,*,#7564,.F.);
#7564 = EDGE_CURVE('',#7565,#7557,#7567,.T.);
#7565 = VERTEX_POINT('',#7566);
#7566 = CARTESIAN_POINT('',(-9.277210235596,-3.700200080872,4.));
#7567 = LINE('',#7568,#7569);
#7568 = CARTESIAN_POINT('',(-9.277210235596,-3.700200080872,4.));
#7569 = VECTOR('',#7570,1.);
#7570 = DIRECTION('',(0.29026701656,-0.956945692867,0.));
#7571 = ORIENTED_EDGE('',*,*,#7572,.F.);
#7572 = EDGE_CURVE('',#7573,#7565,#7575,.T.);
#7573 = VERTEX_POINT('',#7574);
#7574 = CARTESIAN_POINT('',(-8.947919845581,-3.03248000145,4.));
#7575 = LINE('',#7576,#7577);
#7576 = CARTESIAN_POINT('',(-8.947919845581,-3.03248000145,4.));
#7577 = VECTOR('',#7578,1.);
#7578 = DIRECTION('',(-0.442296563263,-0.896868858934,0.));
#7579 = ORIENTED_EDGE('',*,*,#7580,.F.);
#7580 = EDGE_CURVE('',#7581,#7573,#7583,.T.);
#7581 = VERTEX_POINT('',#7582);
#7582 = CARTESIAN_POINT('',(-8.361220359802,-2.517950057983,4.));
#7583 = LINE('',#7584,#7585);
#7584 = CARTESIAN_POINT('',(-8.361220359802,-2.517950057983,4.));
#7585 = VECTOR('',#7586,1.);
#7586 = DIRECTION('',(-0.751834532595,-0.659351829904,0.));
#7587 = ORIENTED_EDGE('',*,*,#7588,.F.);
#7588 = EDGE_CURVE('',#7589,#7581,#7591,.T.);
#7589 = VERTEX_POINT('',#7590);
#7590 = CARTESIAN_POINT('',(-7.622270107269,-2.267110109329,4.));
#7591 = LINE('',#7592,#7593);
#7592 = CARTESIAN_POINT('',(-7.622270107269,-2.267110109329,4.));
#7593 = VECTOR('',#7594,1.);
#7594 = DIRECTION('',(-0.946930075534,-0.321439624267,0.));
#7595 = ORIENTED_EDGE('',*,*,#7596,.F.);
#7596 = EDGE_CURVE('',#7597,#7589,#7599,.T.);
#7597 = VERTEX_POINT('',#7598);
#7598 = CARTESIAN_POINT('',(-6.843579769135,-2.318150043488,4.));
#7599 = LINE('',#7600,#7601);
#7600 = CARTESIAN_POINT('',(-6.843579769135,-2.318150043488,4.));
#7601 = VECTOR('',#7602,1.);
#7602 = DIRECTION('',(-0.997858766599,6.540551905202E-02,0.));
#7603 = ORIENTED_EDGE('',*,*,#7604,.F.);
#7604 = EDGE_CURVE('',#7605,#7597,#7607,.T.);
#7605 = VERTEX_POINT('',#7606);
#7606 = CARTESIAN_POINT('',(-6.143690109253,-2.663290023804,4.));
#7607 = LINE('',#7608,#7609);
#7608 = CARTESIAN_POINT('',(-6.143690109253,-2.663290023804,4.));
#7609 = VECTOR('',#7610,1.);
#7610 = DIRECTION('',(-0.896876505215,0.442281058143,0.));
#7611 = ORIENTED_EDGE('',*,*,#7612,.F.);
#7612 = EDGE_CURVE('',#7613,#7605,#7615,.T.);
#7613 = VERTEX_POINT('',#7614);
#7614 = CARTESIAN_POINT('',(-5.629159927368,-3.25,4.));
#7615 = LINE('',#7616,#7617);
#7616 = CARTESIAN_POINT('',(-5.629159927368,-3.25,4.));
#7617 = VECTOR('',#7618,1.);
#7618 = DIRECTION('',(-0.659345338587,0.751840225369,0.));
#7619 = ORIENTED_EDGE('',*,*,#7620,.F.);
#7620 = EDGE_CURVE('',#7621,#7613,#7623,.T.);
#7621 = VERTEX_POINT('',#7622);
#7622 = CARTESIAN_POINT('',(-5.378330230713,-3.988950014114,4.));
#7623 = LINE('',#7624,#7625);
#7624 = CARTESIAN_POINT('',(-5.378330230713,-3.988950014114,4.));
#7625 = VECTOR('',#7626,1.);
#7626 = DIRECTION('',(-0.321427937136,0.946934042702,0.));
#7627 = ORIENTED_EDGE('',*,*,#7628,.F.);
#7628 = EDGE_CURVE('',#7629,#7621,#7631,.T.);
#7629 = VERTEX_POINT('',#7630);
#7630 = CARTESIAN_POINT('',(-5.429359912872,-4.767640113831,4.));
#7631 = LINE('',#7632,#7633);
#7632 = CARTESIAN_POINT('',(-5.429359912872,-4.767640113831,4.));
#7633 = VECTOR('',#7634,1.);
#7634 = DIRECTION('',(6.539245766861E-02,0.997859622632,0.));
#7635 = ORIENTED_EDGE('',*,*,#7636,.F.);
#7636 = EDGE_CURVE('',#7637,#7629,#7639,.T.);
#7637 = VERTEX_POINT('',#7638);
#7638 = CARTESIAN_POINT('',(-5.774509906769,-5.467520236969,4.));
#7639 = LINE('',#7640,#7641);
#7640 = CARTESIAN_POINT('',(-5.774509906769,-5.467520236969,4.));
#7641 = VECTOR('',#7642,1.);
#7642 = DIRECTION('',(0.442296227698,0.89686902442,0.));
#7643 = ORIENTED_EDGE('',*,*,#7644,.F.);
#7644 = EDGE_CURVE('',#7645,#7637,#7647,.T.);
#7645 = VERTEX_POINT('',#7646);
#7646 = CARTESIAN_POINT('',(-6.151529788971,-5.798160076141,4.));
#7647 = LINE('',#7648,#7649);
#7648 = CARTESIAN_POINT('',(-6.151529788971,-5.798160076141,4.));
#7649 = VECTOR('',#7650,1.);
#7650 = DIRECTION('',(0.75183755714,0.659348381111,0.));
#7651 = ORIENTED_EDGE('',*,*,#7652,.T.);
#7652 = EDGE_CURVE('',#7645,#7653,#7655,.T.);
#7653 = VERTEX_POINT('',#7654);
#7654 = CARTESIAN_POINT('',(-5.939700126648,-5.939700126648,4.));
#7655 = LINE('',#7656,#7657);
#7656 = CARTESIAN_POINT('',(-6.151529788971,-5.798160076141,4.));
#7657 = VECTOR('',#7658,1.);
#7658 = DIRECTION('',(0.831469620889,-0.55557022017,0.));
#7659 = ORIENTED_EDGE('',*,*,#7660,.T.);
#7660 = EDGE_CURVE('',#7653,#7661,#7663,.T.);
#7661 = VERTEX_POINT('',#7662);
#7662 = CARTESIAN_POINT('',(-5.701250076294,-6.296559810638,4.));
#7663 = LINE('',#7664,#7665);
#7664 = CARTESIAN_POINT('',(-5.939700126648,-5.939700126648,4.));
#7665 = VECTOR('',#7666,1.);
#7666 = DIRECTION('',(0.555576728966,-0.831465271813,0.));
#7667 = ORIENTED_EDGE('',*,*,#7668,.T.);
#7668 = EDGE_CURVE('',#7661,#7516,#7669,.T.);
#7669 = LINE('',#7670,#7671);
#7670 = CARTESIAN_POINT('',(-5.701250076294,-6.296559810638,4.));
#7671 = VECTOR('',#7672,1.);
#7672 = DIRECTION('',(0.195108232276,-0.980781717661,0.));
#7673 = PLANE('',#7674);
#7674 = AXIS2_PLACEMENT_3D('',#7675,#7676,#7677);
#7675 = CARTESIAN_POINT('',(-7.042720031603,-4.788979186229,4.));
#7676 = DIRECTION('',(-0.,-0.,-1.));
#7677 = DIRECTION('',(-1.,0.,0.));
#7678 = ADVANCED_FACE('',(#7679),#7696,.T.);
#7679 = FACE_BOUND('',#7680,.T.);
#7680 = EDGE_LOOP('',(#7681,#7689,#7690));
#7681 = ORIENTED_EDGE('',*,*,#7682,.T.);
#7682 = EDGE_CURVE('',#7683,#7565,#7685,.T.);
#7683 = VERTEX_POINT('',#7684);
#7684 = CARTESIAN_POINT('',(-9.238800048828,-3.826829910278,15.));
#7685 = LINE('',#7686,#7687);
#7686 = CARTESIAN_POINT('',(-9.238800048828,-3.826829910278,15.));
#7687 = VECTOR('',#7688,1.);
#7688 = DIRECTION('',(-3.491582528495E-03,1.151096980127E-02,
    -0.999927650596));
#7689 = ORIENTED_EDGE('',*,*,#7564,.T.);
#7690 = ORIENTED_EDGE('',*,*,#7691,.F.);
#7691 = EDGE_CURVE('',#7683,#7557,#7692,.T.);
#7692 = LINE('',#7693,#7694);
#7693 = CARTESIAN_POINT('',(-9.238800048828,-3.826829910278,15.));
#7694 = VECTOR('',#7695,1.);
#7695 = DIRECTION('',(0.,0.,-1.));
#7696 = PLANE('',#7697);
#7697 = AXIS2_PLACEMENT_3D('',#7698,#7699,#7700);
#7698 = CARTESIAN_POINT('',(-9.248460351474,-3.794982044411,
    9.467117205218));
#7699 = DIRECTION('',(-0.956945692867,-0.29026701656,-0.));
#7700 = DIRECTION('',(0.29026701656,-0.956945692867,0.));
#7701 = ADVANCED_FACE('',(#7702),#7719,.T.);
#7702 = FACE_BOUND('',#7703,.T.);
#7703 = EDGE_LOOP('',(#7704,#7705,#7713));
#7704 = ORIENTED_EDGE('',*,*,#7682,.F.);
#7705 = ORIENTED_EDGE('',*,*,#7706,.F.);
#7706 = EDGE_CURVE('',#7707,#7683,#7709,.T.);
#7707 = VERTEX_POINT('',#7708);
#7708 = CARTESIAN_POINT('',(-9.807849884033,-1.950899958611,15.));
#7709 = LINE('',#7710,#7711);
#7710 = CARTESIAN_POINT('',(-9.807849884033,-1.950899958611,15.));
#7711 = VECTOR('',#7712,1.);
#7712 = DIRECTION('',(0.290281269855,-0.956941369349,0.));
#7713 = ORIENTED_EDGE('',*,*,#7714,.F.);
#7714 = EDGE_CURVE('',#7565,#7707,#7715,.T.);
#7715 = LINE('',#7716,#7717);
#7716 = CARTESIAN_POINT('',(-9.277210235596,-3.700200080872,4.));
#7717 = VECTOR('',#7718,1.);
#7718 = DIRECTION('',(-4.758733889725E-02,0.156875834658,0.98647119455)
  );
#7719 = PLANE('',#7720);
#7720 = AXIS2_PLACEMENT_3D('',#7721,#7722,#7723);
#7721 = CARTESIAN_POINT('',(-9.411157716285,-3.258632424594,
    9.947157855986));
#7722 = DIRECTION('',(-0.956941369349,-0.290281269855,
    -1.791781255075E-07));
#7723 = DIRECTION('',(0.290281269855,-0.956941369349,-1.757266133826E-24
    ));
#7724 = ADVANCED_FACE('',(#7725),#7741,.T.);
#7725 = FACE_BOUND('',#7726,.T.);
#7726 = EDGE_LOOP('',(#7727,#7728,#7734,#7735));
#7727 = ORIENTED_EDGE('',*,*,#7604,.T.);
#7728 = ORIENTED_EDGE('',*,*,#7729,.T.);
#7729 = EDGE_CURVE('',#7597,#5943,#7730,.T.);
#7730 = LINE('',#7731,#7732);
#7731 = CARTESIAN_POINT('',(-6.843579769135,-2.318150043488,4.));
#7732 = VECTOR('',#7733,1.);
#7733 = DIRECTION('',(0.,0.,-1.));
#7734 = ORIENTED_EDGE('',*,*,#5940,.F.);
#7735 = ORIENTED_EDGE('',*,*,#7736,.F.);
#7736 = EDGE_CURVE('',#7605,#5941,#7737,.T.);
#7737 = LINE('',#7738,#7739);
#7738 = CARTESIAN_POINT('',(-6.143690109253,-2.663290023804,4.));
#7739 = VECTOR('',#7740,1.);
#7740 = DIRECTION('',(0.,0.,-1.));
#7741 = PLANE('',#7742);
#7742 = AXIS2_PLACEMENT_3D('',#7743,#7744,#7745);
#7743 = CARTESIAN_POINT('',(-6.493634939194,-2.490720033646,2.));
#7744 = DIRECTION('',(-0.442281058143,-0.896876505215,-0.));
#7745 = DIRECTION('',(-0.896876505215,0.442281058143,0.));
#7746 = ADVANCED_FACE('',(#7747),#7763,.T.);
#7747 = FACE_BOUND('',#7748,.T.);
#7748 = EDGE_LOOP('',(#7749,#7750,#7756,#7757));
#7749 = ORIENTED_EDGE('',*,*,#7588,.T.);
#7750 = ORIENTED_EDGE('',*,*,#7751,.T.);
#7751 = EDGE_CURVE('',#7581,#5959,#7752,.T.);
#7752 = LINE('',#7753,#7754);
#7753 = CARTESIAN_POINT('',(-8.361220359802,-2.517950057983,4.));
#7754 = VECTOR('',#7755,1.);
#7755 = DIRECTION('',(0.,0.,-1.));
#7756 = ORIENTED_EDGE('',*,*,#5958,.F.);
#7757 = ORIENTED_EDGE('',*,*,#7758,.T.);
#7758 = EDGE_CURVE('',#5951,#7589,#7759,.T.);
#7759 = LINE('',#7760,#7761);
#7760 = CARTESIAN_POINT('',(-7.622270107269,-2.267110109329,0.));
#7761 = VECTOR('',#7762,1.);
#7762 = DIRECTION('',(0.,0.,1.));
#7763 = PLANE('',#7764);
#7764 = AXIS2_PLACEMENT_3D('',#7765,#7766,#7767);
#7765 = CARTESIAN_POINT('',(-7.991745233536,-2.392530083656,2.));
#7766 = DIRECTION('',(0.321439624267,-0.946930075534,-0.));
#7767 = DIRECTION('',(-0.946930075534,-0.321439624267,0.));
#7768 = ADVANCED_FACE('',(#7769),#7877,.T.);
#7769 = FACE_BOUND('',#7770,.T.);
#7770 = EDGE_LOOP('',(#7771,#7781,#7789,#7797,#7805,#7813,#7821,#7829,
    #7837,#7845,#7851,#7857,#7863,#7871));
#7771 = ORIENTED_EDGE('',*,*,#7772,.T.);
#7772 = EDGE_CURVE('',#7773,#7775,#7777,.T.);
#7773 = VERTEX_POINT('',#7774);
#7774 = CARTESIAN_POINT('',(2.,8.5,4.));
#7775 = VERTEX_POINT('',#7776);
#7776 = CARTESIAN_POINT('',(1.847759962082,7.73463010788,4.));
#7777 = LINE('',#7778,#7779);
#7778 = CARTESIAN_POINT('',(2.,8.5,4.));
#7779 = VECTOR('',#7780,1.);
#7780 = DIRECTION('',(-0.195088473926,-0.980785648009,0.));
#7781 = ORIENTED_EDGE('',*,*,#7782,.F.);
#7782 = EDGE_CURVE('',#7783,#7775,#7785,.T.);
#7783 = VERTEX_POINT('',#7784);
#7784 = CARTESIAN_POINT('',(1.414209961891,7.085790157318,4.));
#7785 = LINE('',#7786,#7787);
#7786 = CARTESIAN_POINT('',(1.414209961891,7.085790157318,4.));
#7787 = VECTOR('',#7788,1.);
#7788 = DIRECTION('',(0.555578211488,0.831464281205,0.));
#7789 = ORIENTED_EDGE('',*,*,#7790,.F.);
#7790 = EDGE_CURVE('',#7791,#7783,#7793,.T.);
#7791 = VERTEX_POINT('',#7792);
#7792 = CARTESIAN_POINT('',(0.765366971493,6.6522397995,4.));
#7793 = LINE('',#7794,#7795);
#7794 = CARTESIAN_POINT('',(0.765366971493,6.6522397995,4.));
#7795 = VECTOR('',#7796,1.);
#7796 = DIRECTION('',(0.831465271891,0.555576728849,0.));
#7797 = ORIENTED_EDGE('',*,*,#7798,.T.);
#7798 = EDGE_CURVE('',#7791,#7799,#7801,.T.);
#7799 = VERTEX_POINT('',#7800);
#7800 = CARTESIAN_POINT('',(0.,6.5,4.));
#7801 = LINE('',#7802,#7803);
#7802 = CARTESIAN_POINT('',(0.765366971493,6.6522397995,4.));
#7803 = VECTOR('',#7804,1.);
#7804 = DIRECTION('',(-0.980785564024,-0.195088896151,0.));
#7805 = ORIENTED_EDGE('',*,*,#7806,.T.);
#7806 = EDGE_CURVE('',#7799,#7807,#7809,.T.);
#7807 = VERTEX_POINT('',#7808);
#7808 = CARTESIAN_POINT('',(-0.765366971493,6.6522397995,4.));
#7809 = LINE('',#7810,#7811);
#7810 = CARTESIAN_POINT('',(0.,6.5,4.));
#7811 = VECTOR('',#7812,1.);
#7812 = DIRECTION('',(-0.980785564024,0.195088896151,0.));
#7813 = ORIENTED_EDGE('',*,*,#7814,.F.);
#7814 = EDGE_CURVE('',#7815,#7807,#7817,.T.);
#7815 = VERTEX_POINT('',#7816);
#7816 = CARTESIAN_POINT('',(-1.414209961891,7.085790157318,4.));
#7817 = LINE('',#7818,#7819);
#7818 = CARTESIAN_POINT('',(-1.414209961891,7.085790157318,4.));
#7819 = VECTOR('',#7820,1.);
#7820 = DIRECTION('',(0.831465271891,-0.555576728849,0.));
#7821 = ORIENTED_EDGE('',*,*,#7822,.T.);
#7822 = EDGE_CURVE('',#7815,#7823,#7825,.T.);
#7823 = VERTEX_POINT('',#7824);
#7824 = CARTESIAN_POINT('',(-1.847759962082,7.73463010788,4.));
#7825 = LINE('',#7826,#7827);
#7826 = CARTESIAN_POINT('',(-1.414209961891,7.085790157318,4.));
#7827 = VECTOR('',#7828,1.);
#7828 = DIRECTION('',(-0.555578211488,0.831464281205,0.));
#7829 = ORIENTED_EDGE('',*,*,#7830,.F.);
#7830 = EDGE_CURVE('',#7831,#7823,#7833,.T.);
#7831 = VERTEX_POINT('',#7832);
#7832 = CARTESIAN_POINT('',(-2.,8.5,4.));
#7833 = LINE('',#7834,#7835);
#7834 = CARTESIAN_POINT('',(-2.,8.5,4.));
#7835 = VECTOR('',#7836,1.);
#7836 = DIRECTION('',(0.195088473926,-0.980785648009,0.));
#7837 = ORIENTED_EDGE('',*,*,#7838,.F.);
#7838 = EDGE_CURVE('',#7839,#7831,#7841,.T.);
#7839 = VERTEX_POINT('',#7840);
#7840 = CARTESIAN_POINT('',(-1.847759962082,9.265370368958,4.));
#7841 = LINE('',#7842,#7843);
#7842 = CARTESIAN_POINT('',(-1.847759962082,9.265370368958,4.));
#7843 = VECTOR('',#7844,1.);
#7844 = DIRECTION('',(-0.195088357009,-0.980785671265,0.));
#7845 = ORIENTED_EDGE('',*,*,#7846,.F.);
#7846 = EDGE_CURVE('',#2459,#7839,#7847,.T.);
#7847 = LINE('',#7848,#7849);
#7848 = CARTESIAN_POINT('',(-1.452479958534,9.85694026947,4.));
#7849 = VECTOR('',#7850,1.);
#7850 = DIRECTION('',(-0.555575706764,-0.831465954837,0.));
#7851 = ORIENTED_EDGE('',*,*,#7852,.F.);
#7852 = EDGE_CURVE('',#1339,#2459,#7853,.T.);
#7853 = LINE('',#7854,#7855);
#7854 = CARTESIAN_POINT('',(0.,10.,4.));
#7855 = VECTOR('',#7856,1.);
#7856 = DIRECTION('',(-0.995184530106,-9.801913607681E-02,0.));
#7857 = ORIENTED_EDGE('',*,*,#7858,.F.);
#7858 = EDGE_CURVE('',#2741,#1339,#7859,.T.);
#7859 = LINE('',#7860,#7861);
#7860 = CARTESIAN_POINT('',(1.452479958534,9.85694026947,4.));
#7861 = VECTOR('',#7862,1.);
#7862 = DIRECTION('',(-0.995184530106,9.801913607681E-02,0.));
#7863 = ORIENTED_EDGE('',*,*,#7864,.F.);
#7864 = EDGE_CURVE('',#7865,#2741,#7867,.T.);
#7865 = VERTEX_POINT('',#7866);
#7866 = CARTESIAN_POINT('',(1.847759962082,9.265370368958,4.));
#7867 = LINE('',#7868,#7869);
#7868 = CARTESIAN_POINT('',(1.847759962082,9.265370368958,4.));
#7869 = VECTOR('',#7870,1.);
#7870 = DIRECTION('',(-0.555575706764,0.831465954837,0.));
#7871 = ORIENTED_EDGE('',*,*,#7872,.F.);
#7872 = EDGE_CURVE('',#7773,#7865,#7873,.T.);
#7873 = LINE('',#7874,#7875);
#7874 = CARTESIAN_POINT('',(2.,8.5,4.));
#7875 = VECTOR('',#7876,1.);
#7876 = DIRECTION('',(-0.195088357009,0.980785671265,0.));
#7877 = PLANE('',#7878);
#7878 = AXIS2_PLACEMENT_3D('',#7879,#7880,#7881);
#7879 = CARTESIAN_POINT('',(6.398668850885E-17,8.370792346668,4.));
#7880 = DIRECTION('',(-0.,-0.,-1.));
#7881 = DIRECTION('',(-1.,0.,0.));
#7882 = ADVANCED_FACE('',(#7883),#7899,.T.);
#7883 = FACE_BOUND('',#7884,.T.);
#7884 = EDGE_LOOP('',(#7885,#7886,#7892,#7893));
#7885 = ORIENTED_EDGE('',*,*,#7790,.T.);
#7886 = ORIENTED_EDGE('',*,*,#7887,.T.);
#7887 = EDGE_CURVE('',#7783,#6247,#7888,.T.);
#7888 = LINE('',#7889,#7890);
#7889 = CARTESIAN_POINT('',(1.414209961891,7.085790157318,4.));
#7890 = VECTOR('',#7891,1.);
#7891 = DIRECTION('',(0.,0.,-1.));
#7892 = ORIENTED_EDGE('',*,*,#6244,.F.);
#7893 = ORIENTED_EDGE('',*,*,#7894,.T.);
#7894 = EDGE_CURVE('',#6245,#7791,#7895,.T.);
#7895 = LINE('',#7896,#7897);
#7896 = CARTESIAN_POINT('',(0.765366971493,6.6522397995,0.));
#7897 = VECTOR('',#7898,1.);
#7898 = DIRECTION('',(0.,0.,1.));
#7899 = PLANE('',#7900);
#7900 = AXIS2_PLACEMENT_3D('',#7901,#7902,#7903);
#7901 = CARTESIAN_POINT('',(1.089788466692,6.869014978409,2.));
#7902 = DIRECTION('',(-0.555576728849,0.831465271891,0.));
#7903 = DIRECTION('',(0.831465271891,0.555576728849,0.));
#7904 = ADVANCED_FACE('',(#7905),#7921,.T.);
#7905 = FACE_BOUND('',#7906,.T.);
#7906 = EDGE_LOOP('',(#7907,#7908,#7914,#7915));
#7907 = ORIENTED_EDGE('',*,*,#7814,.T.);
#7908 = ORIENTED_EDGE('',*,*,#7909,.T.);
#7909 = EDGE_CURVE('',#7807,#6333,#7910,.T.);
#7910 = LINE('',#7911,#7912);
#7911 = CARTESIAN_POINT('',(-0.765366971493,6.6522397995,4.));
#7912 = VECTOR('',#7913,1.);
#7913 = DIRECTION('',(0.,0.,-1.));
#7914 = ORIENTED_EDGE('',*,*,#6332,.F.);
#7915 = ORIENTED_EDGE('',*,*,#7916,.T.);
#7916 = EDGE_CURVE('',#6325,#7815,#7917,.T.);
#7917 = LINE('',#7918,#7919);
#7918 = CARTESIAN_POINT('',(-1.414209961891,7.085790157318,0.));
#7919 = VECTOR('',#7920,1.);
#7920 = DIRECTION('',(0.,0.,1.));
#7921 = PLANE('',#7922);
#7922 = AXIS2_PLACEMENT_3D('',#7923,#7924,#7925);
#7923 = CARTESIAN_POINT('',(-1.089788466692,6.869014978409,2.));
#7924 = DIRECTION('',(0.555576728849,0.831465271891,0.));
#7925 = DIRECTION('',(0.831465271891,-0.555576728849,0.));
#7926 = ADVANCED_FACE('',(#7927),#7943,.T.);
#7927 = FACE_BOUND('',#7928,.T.);
#7928 = EDGE_LOOP('',(#7929,#7935,#7936,#7942));
#7929 = ORIENTED_EDGE('',*,*,#7930,.T.);
#7930 = EDGE_CURVE('',#6309,#7831,#7931,.T.);
#7931 = LINE('',#7932,#7933);
#7932 = CARTESIAN_POINT('',(-2.,8.5,0.));
#7933 = VECTOR('',#7934,1.);
#7934 = DIRECTION('',(0.,0.,1.));
#7935 = ORIENTED_EDGE('',*,*,#7830,.T.);
#7936 = ORIENTED_EDGE('',*,*,#7937,.T.);
#7937 = EDGE_CURVE('',#7823,#6317,#7938,.T.);
#7938 = LINE('',#7939,#7940);
#7939 = CARTESIAN_POINT('',(-1.847759962082,7.73463010788,4.));
#7940 = VECTOR('',#7941,1.);
#7941 = DIRECTION('',(0.,0.,-1.));
#7942 = ORIENTED_EDGE('',*,*,#6316,.F.);
#7943 = PLANE('',#7944);
#7944 = AXIS2_PLACEMENT_3D('',#7945,#7946,#7947);
#7945 = CARTESIAN_POINT('',(-1.923879981041,8.11731505394,2.));
#7946 = DIRECTION('',(0.980785648009,0.195088473926,0.));
#7947 = DIRECTION('',(-0.195088473926,0.980785648009,0.));
#7948 = ADVANCED_FACE('',(#7949),#7965,.T.);
#7949 = FACE_BOUND('',#7950,.T.);
#7950 = EDGE_LOOP('',(#7951,#7957,#7958,#7964));
#7951 = ORIENTED_EDGE('',*,*,#7952,.T.);
#7952 = EDGE_CURVE('',#287,#5093,#7953,.T.);
#7953 = LINE('',#7954,#7955);
#7954 = CARTESIAN_POINT('',(-10.39340019226,6.944630146027,3.));
#7955 = VECTOR('',#7956,1.);
#7956 = DIRECTION('',(0.,0.,-1.));
#7957 = ORIENTED_EDGE('',*,*,#5092,.F.);
#7958 = ORIENTED_EDGE('',*,*,#7959,.T.);
#7959 = EDGE_CURVE('',#5085,#295,#7960,.T.);
#7960 = LINE('',#7961,#7962);
#7961 = CARTESIAN_POINT('',(-11.54850006103,4.783539772034,0.));
#7962 = VECTOR('',#7963,1.);
#7963 = DIRECTION('',(0.,0.,1.));
#7964 = ORIENTED_EDGE('',*,*,#294,.T.);
#7965 = PLANE('',#7966);
#7966 = AXIS2_PLACEMENT_3D('',#7967,#7968,#7969);
#7967 = CARTESIAN_POINT('',(-10.97095012664,5.86408495903,1.5));
#7968 = DIRECTION('',(-0.881925845411,0.47138816616,-0.));
#7969 = DIRECTION('',(-0.47138816616,-0.881925845411,0.));
#7970 = ADVANCED_FACE('',(#7971),#7982,.T.);
#7971 = FACE_BOUND('',#7972,.T.);
#7972 = EDGE_LOOP('',(#7973,#7974,#7975,#7981));
#7973 = ORIENTED_EDGE('',*,*,#4950,.F.);
#7974 = ORIENTED_EDGE('',*,*,#190,.T.);
#7975 = ORIENTED_EDGE('',*,*,#7976,.T.);
#7976 = EDGE_CURVE('',#183,#5154,#7977,.T.);
#7977 = LINE('',#7978,#7979);
#7978 = CARTESIAN_POINT('',(12.5,0.,3.));
#7979 = VECTOR('',#7980,1.);
#7980 = DIRECTION('',(0.,0.,-1.));
#7981 = ORIENTED_EDGE('',*,*,#5153,.F.);
#7982 = PLANE('',#7983);
#7983 = AXIS2_PLACEMENT_3D('',#7984,#7985,#7986);
#7984 = CARTESIAN_POINT('',(12.379899978638,1.219315052032,1.5));
#7985 = DIRECTION('',(0.995184092062,9.802358341831E-02,0.));
#7986 = DIRECTION('',(-9.802358341831E-02,0.995184092062,0.));
#7987 = ADVANCED_FACE('',(#7988),#7999,.T.);
#7988 = FACE_BOUND('',#7989,.T.);
#7989 = EDGE_LOOP('',(#7990,#7991,#7992,#7993));
#7990 = ORIENTED_EDGE('',*,*,#134,.T.);
#7991 = ORIENTED_EDGE('',*,*,#4989,.F.);
#7992 = ORIENTED_EDGE('',*,*,#5003,.F.);
#7993 = ORIENTED_EDGE('',*,*,#7994,.T.);
#7994 = EDGE_CURVE('',#5004,#135,#7995,.T.);
#7995 = LINE('',#7996,#7997);
#7996 = CARTESIAN_POINT('',(4.783539772034,-11.54850006103,0.));
#7997 = VECTOR('',#7998,1.);
#7998 = DIRECTION('',(0.,0.,1.));
#7999 = PLANE('',#8000);
#8000 = AXIS2_PLACEMENT_3D('',#8001,#8002,#8003);
#8001 = CARTESIAN_POINT('',(3.611084938049,-11.90415000915,1.5));
#8002 = DIRECTION('',(0.290276950922,-0.956942679456,-0.));
#8003 = DIRECTION('',(-0.956942679456,-0.290276950922,0.));
#8004 = ADVANCED_FACE('',(#8005),#8021,.T.);
#8005 = FACE_BOUND('',#8006,.T.);
#8006 = EDGE_LOOP('',(#8007,#8013,#8014,#8020));
#8007 = ORIENTED_EDGE('',*,*,#8008,.T.);
#8008 = EDGE_CURVE('',#319,#5061,#8009,.T.);
#8009 = LINE('',#8010,#8011);
#8010 = CARTESIAN_POINT('',(-12.25979995727,-2.438630104065,3.));
#8011 = VECTOR('',#8012,1.);
#8012 = DIRECTION('',(0.,0.,-1.));
#8013 = ORIENTED_EDGE('',*,*,#5060,.F.);
#8014 = ORIENTED_EDGE('',*,*,#8015,.T.);
#8015 = EDGE_CURVE('',#5053,#79,#8016,.T.);
#8016 = LINE('',#8017,#8018);
#8017 = CARTESIAN_POINT('',(-11.54850006103,-4.783539772034,0.));
#8018 = VECTOR('',#8019,1.);
#8019 = DIRECTION('',(0.,0.,1.));
#8020 = ORIENTED_EDGE('',*,*,#326,.T.);
#8021 = PLANE('',#8022);
#8022 = AXIS2_PLACEMENT_3D('',#8023,#8024,#8025);
#8023 = CARTESIAN_POINT('',(-11.90415000915,-3.611084938049,1.5));
#8024 = DIRECTION('',(-0.956942679456,-0.290276950922,-0.));
#8025 = DIRECTION('',(0.290276950922,-0.956942679456,0.));
#8026 = ADVANCED_FACE('',(#8027),#8038,.T.);
#8027 = FACE_BOUND('',#8028,.T.);
#8028 = EDGE_LOOP('',(#8029,#8030,#8031,#8037));
#8029 = ORIENTED_EDGE('',*,*,#8015,.F.);
#8030 = ORIENTED_EDGE('',*,*,#5052,.F.);
#8031 = ORIENTED_EDGE('',*,*,#8032,.T.);
#8032 = EDGE_CURVE('',#5045,#77,#8033,.T.);
#8033 = LINE('',#8034,#8035);
#8034 = CARTESIAN_POINT('',(-10.39340019226,-6.944630146027,0.));
#8035 = VECTOR('',#8036,1.);
#8036 = DIRECTION('',(0.,0.,1.));
#8037 = ORIENTED_EDGE('',*,*,#76,.T.);
#8038 = PLANE('',#8039);
#8039 = AXIS2_PLACEMENT_3D('',#8040,#8041,#8042);
#8040 = CARTESIAN_POINT('',(-10.97095012664,-5.86408495903,1.5));
#8041 = DIRECTION('',(-0.881925845411,-0.47138816616,-0.));
#8042 = DIRECTION('',(0.47138816616,-0.881925845411,0.));
#8043 = ADVANCED_FACE('',(#8044),#8050,.T.);
#8044 = FACE_BOUND('',#8045,.T.);
#8045 = EDGE_LOOP('',(#8046,#8047,#8048,#8049));
#8046 = ORIENTED_EDGE('',*,*,#4856,.F.);
#8047 = ORIENTED_EDGE('',*,*,#214,.T.);
#8048 = ORIENTED_EDGE('',*,*,#4886,.F.);
#8049 = ORIENTED_EDGE('',*,*,#5145,.F.);
#8050 = PLANE('',#8051);
#8051 = AXIS2_PLACEMENT_3D('',#8052,#8053,#8054);
#8052 = CARTESIAN_POINT('',(9.616115093231,7.891730070114,1.5));
#8053 = DIRECTION('',(0.77300233686,0.634403174021,0.));
#8054 = DIRECTION('',(-0.634403174021,0.77300233686,0.));
#8055 = ADVANCED_FACE('',(#8056),#8067,.T.);
#8056 = FACE_BOUND('',#8057,.T.);
#8057 = EDGE_LOOP('',(#8058,#8059,#8060,#8061));
#8058 = ORIENTED_EDGE('',*,*,#246,.T.);
#8059 = ORIENTED_EDGE('',*,*,#4841,.F.);
#8060 = ORIENTED_EDGE('',*,*,#5131,.F.);
#8061 = ORIENTED_EDGE('',*,*,#8062,.T.);
#8062 = EDGE_CURVE('',#5124,#247,#8063,.T.);
#8063 = LINE('',#8064,#8065);
#8064 = CARTESIAN_POINT('',(0.,12.5,0.));
#8065 = VECTOR('',#8066,1.);
#8066 = DIRECTION('',(0.,0.,1.));
#8067 = PLANE('',#8068);
#8068 = AXIS2_PLACEMENT_3D('',#8069,#8070,#8071);
#8069 = CARTESIAN_POINT('',(1.219315052032,12.379899978638,1.5));
#8070 = DIRECTION('',(9.802358341831E-02,0.995184092062,0.));
#8071 = DIRECTION('',(0.995184092062,-9.802358341831E-02,0.));
#8072 = ADVANCED_FACE('',(#8073),#8089,.T.);
#8073 = FACE_BOUND('',#8074,.T.);
#8074 = EDGE_LOOP('',(#8075,#8076,#8082,#8083));
#8075 = ORIENTED_EDGE('',*,*,#1063,.T.);
#8076 = ORIENTED_EDGE('',*,*,#8077,.T.);
#8077 = EDGE_CURVE('',#1056,#7424,#8078,.T.);
#8078 = LINE('',#8079,#8080);
#8079 = CARTESIAN_POINT('',(-7.721620082855,-6.278359889984,3.));
#8080 = VECTOR('',#8081,1.);
#8081 = DIRECTION('',(0.,0.,1.));
#8082 = ORIENTED_EDGE('',*,*,#7469,.T.);
#8083 = ORIENTED_EDGE('',*,*,#8084,.T.);
#8084 = EDGE_CURVE('',#7470,#1064,#8085,.T.);
#8085 = LINE('',#8086,#8087);
#8086 = CARTESIAN_POINT('',(-7.79639005661,-6.187260150909,4.));
#8087 = VECTOR('',#8088,1.);
#8088 = DIRECTION('',(0.,0.,-1.));
#8089 = PLANE('',#8090);
#8090 = AXIS2_PLACEMENT_3D('',#8091,#8092,#8093);
#8091 = CARTESIAN_POINT('',(-7.759005069733,-6.232810020447,3.5));
#8092 = DIRECTION('',(-0.772984030173,-0.634425479546,-0.));
#8093 = DIRECTION('',(0.634425479546,-0.772984030173,0.));
#8094 = ADVANCED_FACE('',(#8095,#8221),#8426,.T.);
#8095 = FACE_BOUND('',#8096,.T.);
#8096 = EDGE_LOOP('',(#8097,#8098,#8104,#8105,#8106,#8114,#8120,#8121,
    #8122,#8130,#8136,#8137,#8138,#8144,#8145,#8153,#8159,#8160,#8166,
    #8167,#8168,#8176,#8182,#8183,#8184,#8192,#8198,#8199,#8200,#8206,
    #8207,#8215));
#8097 = ORIENTED_EDGE('',*,*,#7706,.T.);
#8098 = ORIENTED_EDGE('',*,*,#8099,.F.);
#8099 = EDGE_CURVE('',#7448,#7683,#8100,.T.);
#8100 = LINE('',#8101,#8102);
#8101 = CARTESIAN_POINT('',(-8.314700126648,-5.555699825287,15.));
#8102 = VECTOR('',#8103,1.);
#8103 = DIRECTION('',(-0.471396617797,0.88192132797,0.));
#8104 = ORIENTED_EDGE('',*,*,#7447,.T.);
#8105 = ORIENTED_EDGE('',*,*,#7409,.F.);
#8106 = ORIENTED_EDGE('',*,*,#8107,.T.);
#8107 = EDGE_CURVE('',#7402,#8108,#8110,.T.);
#8108 = VERTEX_POINT('',#8109);
#8109 = CARTESIAN_POINT('',(-3.826829910278,-9.238800048828,15.));
#8110 = LINE('',#8111,#8112);
#8111 = CARTESIAN_POINT('',(-5.555699825287,-8.314700126648,15.));
#8112 = VECTOR('',#8113,1.);
#8113 = DIRECTION('',(0.88192132797,-0.471396617797,0.));
#8114 = ORIENTED_EDGE('',*,*,#8115,.T.);
#8115 = EDGE_CURVE('',#8108,#4416,#8116,.T.);
#8116 = LINE('',#8117,#8118);
#8117 = CARTESIAN_POINT('',(-3.826829910278,-9.238800048828,15.));
#8118 = VECTOR('',#8119,1.);
#8119 = DIRECTION('',(0.956941369349,-0.290281269855,0.));
#8120 = ORIENTED_EDGE('',*,*,#4433,.T.);
#8121 = ORIENTED_EDGE('',*,*,#4500,.F.);
#8122 = ORIENTED_EDGE('',*,*,#8123,.F.);
#8123 = EDGE_CURVE('',#8124,#4493,#8126,.T.);
#8124 = VERTEX_POINT('',#8125);
#8125 = CARTESIAN_POINT('',(3.826829910278,-9.238800048828,15.));
#8126 = LINE('',#8127,#8128);
#8127 = CARTESIAN_POINT('',(3.826829910278,-9.238800048828,15.));
#8128 = VECTOR('',#8129,1.);
#8129 = DIRECTION('',(-0.956941369349,-0.290281269855,0.));
#8130 = ORIENTED_EDGE('',*,*,#8131,.F.);
#8131 = EDGE_CURVE('',#3634,#8124,#8132,.T.);
#8132 = LINE('',#8133,#8134);
#8133 = CARTESIAN_POINT('',(5.555699825287,-8.314700126648,15.));
#8134 = VECTOR('',#8135,1.);
#8135 = DIRECTION('',(-0.88192132797,-0.471396617797,0.));
#8136 = ORIENTED_EDGE('',*,*,#3651,.F.);
#8137 = ORIENTED_EDGE('',*,*,#3750,.F.);
#8138 = ORIENTED_EDGE('',*,*,#8139,.F.);
#8139 = EDGE_CURVE('',#4157,#3689,#8140,.T.);
#8140 = LINE('',#8141,#8142);
#8141 = CARTESIAN_POINT('',(9.238800048828,-3.826829910278,15.));
#8142 = VECTOR('',#8143,1.);
#8143 = DIRECTION('',(-0.471396617797,-0.88192132797,0.));
#8144 = ORIENTED_EDGE('',*,*,#4172,.F.);
#8145 = ORIENTED_EDGE('',*,*,#8146,.F.);
#8146 = EDGE_CURVE('',#8147,#4165,#8149,.T.);
#8147 = VERTEX_POINT('',#8148);
#8148 = CARTESIAN_POINT('',(10.,0.,15.));
#8149 = LINE('',#8150,#8151);
#8150 = CARTESIAN_POINT('',(10.,0.,15.));
#8151 = VECTOR('',#8152,1.);
#8152 = DIRECTION('',(-9.801877784861E-02,-0.995184565389,0.));
#8153 = ORIENTED_EDGE('',*,*,#8154,.F.);
#8154 = EDGE_CURVE('',#6549,#8147,#8155,.T.);
#8155 = LINE('',#8156,#8157);
#8156 = CARTESIAN_POINT('',(9.807849884033,1.950899958611,15.));
#8157 = VECTOR('',#8158,1.);
#8158 = DIRECTION('',(9.801877784861E-02,-0.995184565389,0.));
#8159 = ORIENTED_EDGE('',*,*,#6557,.F.);
#8160 = ORIENTED_EDGE('',*,*,#8161,.F.);
#8161 = EDGE_CURVE('',#6817,#6517,#8162,.T.);
#8162 = LINE('',#8163,#8164);
#8163 = CARTESIAN_POINT('',(8.314700126648,5.555699825287,15.));
#8164 = VECTOR('',#8165,1.);
#8165 = DIRECTION('',(0.471396617797,-0.88192132797,0.));
#8166 = ORIENTED_EDGE('',*,*,#6825,.F.);
#8167 = ORIENTED_EDGE('',*,*,#6786,.F.);
#8168 = ORIENTED_EDGE('',*,*,#8169,.F.);
#8169 = EDGE_CURVE('',#8170,#6779,#8172,.T.);
#8170 = VERTEX_POINT('',#8171);
#8171 = CARTESIAN_POINT('',(3.826829910278,9.238800048828,15.));
#8172 = LINE('',#8173,#8174);
#8173 = CARTESIAN_POINT('',(3.826829910278,9.238800048828,15.));
#8174 = VECTOR('',#8175,1.);
#8175 = DIRECTION('',(0.88192132797,-0.471396617797,0.));
#8176 = ORIENTED_EDGE('',*,*,#8177,.F.);
#8177 = EDGE_CURVE('',#2603,#8170,#8178,.T.);
#8178 = LINE('',#8179,#8180);
#8179 = CARTESIAN_POINT('',(1.950899958611,9.807849884033,15.));
#8180 = VECTOR('',#8181,1.);
#8181 = DIRECTION('',(0.956941369349,-0.290281269855,0.));
#8182 = ORIENTED_EDGE('',*,*,#2657,.F.);
#8183 = ORIENTED_EDGE('',*,*,#2827,.T.);
#8184 = ORIENTED_EDGE('',*,*,#8185,.F.);
#8185 = EDGE_CURVE('',#8186,#2552,#8188,.T.);
#8186 = VERTEX_POINT('',#8187);
#8187 = CARTESIAN_POINT('',(-3.826829910278,9.238800048828,15.));
#8188 = LINE('',#8189,#8190);
#8189 = CARTESIAN_POINT('',(-3.826829910278,9.238800048828,15.));
#8190 = VECTOR('',#8191,1.);
#8191 = DIRECTION('',(0.956941369349,0.290281269855,0.));
#8192 = ORIENTED_EDGE('',*,*,#8193,.F.);
#8193 = EDGE_CURVE('',#7286,#8186,#8194,.T.);
#8194 = LINE('',#8195,#8196);
#8195 = CARTESIAN_POINT('',(-5.555699825287,8.314700126648,15.));
#8196 = VECTOR('',#8197,1.);
#8197 = DIRECTION('',(0.88192132797,0.471396617797,0.));
#8198 = ORIENTED_EDGE('',*,*,#7299,.F.);
#8199 = ORIENTED_EDGE('',*,*,#7247,.F.);
#8200 = ORIENTED_EDGE('',*,*,#8201,.T.);
#8201 = EDGE_CURVE('',#7203,#6975,#8202,.T.);
#8202 = LINE('',#8203,#8204);
#8203 = CARTESIAN_POINT('',(-8.314700126648,5.555699825287,15.));
#8204 = VECTOR('',#8205,1.);
#8205 = DIRECTION('',(-0.471396617797,-0.88192132797,0.));
#8206 = ORIENTED_EDGE('',*,*,#6974,.F.);
#8207 = ORIENTED_EDGE('',*,*,#8208,.F.);
#8208 = EDGE_CURVE('',#8209,#6965,#8211,.T.);
#8209 = VERTEX_POINT('',#8210);
#8210 = CARTESIAN_POINT('',(-10.,0.,15.));
#8211 = LINE('',#8212,#8213);
#8212 = CARTESIAN_POINT('',(-10.,0.,15.));
#8213 = VECTOR('',#8214,1.);
#8214 = DIRECTION('',(9.801877784861E-02,0.995184565389,0.));
#8215 = ORIENTED_EDGE('',*,*,#8216,.T.);
#8216 = EDGE_CURVE('',#8209,#7707,#8217,.T.);
#8217 = LINE('',#8218,#8219);
#8218 = CARTESIAN_POINT('',(-10.,0.,15.));
#8219 = VECTOR('',#8220,1.);
#8220 = DIRECTION('',(9.801877784861E-02,-0.995184565389,0.));
#8221 = FACE_BOUND('',#8222,.T.);
#8222 = EDGE_LOOP('',(#8223,#8233,#8241,#8249,#8257,#8263,#8264,#8265,
    #8266,#8267,#8273,#8274,#8275,#8276,#8284,#8292,#8300,#8308,#8316,
    #8324,#8332,#8340,#8348,#8356,#8364,#8372,#8380,#8388,#8396,#8404,
    #8412,#8420));
#8223 = ORIENTED_EDGE('',*,*,#8224,.T.);
#8224 = EDGE_CURVE('',#8225,#8227,#8229,.T.);
#8225 = VERTEX_POINT('',#8226);
#8226 = CARTESIAN_POINT('',(-2.550040006638,-0.507234990597,15.));
#8227 = VERTEX_POINT('',#8228);
#8228 = CARTESIAN_POINT('',(-2.599999904633,0.,15.));
#8229 = LINE('',#8230,#8231);
#8230 = CARTESIAN_POINT('',(-2.550040006638,-0.507234990597,15.));
#8231 = VECTOR('',#8232,1.);
#8232 = DIRECTION('',(-9.802027253596E-02,0.995184418172,0.));
#8233 = ORIENTED_EDGE('',*,*,#8234,.T.);
#8234 = EDGE_CURVE('',#8227,#8235,#8237,.T.);
#8235 = VERTEX_POINT('',#8236);
#8236 = CARTESIAN_POINT('',(-2.550040006638,0.507234990597,15.));
#8237 = LINE('',#8238,#8239);
#8238 = CARTESIAN_POINT('',(-2.599999904633,0.,15.));
#8239 = VECTOR('',#8240,1.);
#8240 = DIRECTION('',(9.802027253596E-02,0.995184418172,0.));
#8241 = ORIENTED_EDGE('',*,*,#8242,.T.);
#8242 = EDGE_CURVE('',#8235,#8243,#8245,.T.);
#8243 = VERTEX_POINT('',#8244);
#8244 = CARTESIAN_POINT('',(-2.402090072632,0.994975984097,15.));
#8245 = LINE('',#8246,#8247);
#8246 = CARTESIAN_POINT('',(-2.550040006638,0.507234990597,15.));
#8247 = VECTOR('',#8248,1.);
#8248 = DIRECTION('',(0.290276270962,0.956942885713,0.));
#8249 = ORIENTED_EDGE('',*,*,#8250,.T.);
#8250 = EDGE_CURVE('',#8243,#8251,#8253,.T.);
#8251 = VERTEX_POINT('',#8252);
#8252 = CARTESIAN_POINT('',(-2.161819934845,1.444479942322,15.));
#8253 = LINE('',#8254,#8255);
#8254 = CARTESIAN_POINT('',(-2.402090072632,0.994975984097,15.));
#8255 = VECTOR('',#8256,1.);
#8256 = DIRECTION('',(0.471404773413,0.881916968656,0.));
#8257 = ORIENTED_EDGE('',*,*,#8258,.T.);
#8258 = EDGE_CURVE('',#8251,#1677,#8259,.T.);
#8259 = LINE('',#8260,#8261);
#8260 = CARTESIAN_POINT('',(-2.161819934845,1.444479942322,15.));
#8261 = VECTOR('',#8262,1.);
#8262 = DIRECTION('',(0.63438443474,0.773017715812,0.));
#8263 = ORIENTED_EDGE('',*,*,#1685,.T.);
#8264 = ORIENTED_EDGE('',*,*,#1593,.T.);
#8265 = ORIENTED_EDGE('',*,*,#1531,.T.);
#8266 = ORIENTED_EDGE('',*,*,#3343,.T.);
#8267 = ORIENTED_EDGE('',*,*,#8268,.T.);
#8268 = EDGE_CURVE('',#3336,#2009,#8269,.T.);
#8269 = LINE('',#8270,#8271);
#8270 = CARTESIAN_POINT('',(0.,2.599999904633,15.));
#8271 = VECTOR('',#8272,1.);
#8272 = DIRECTION('',(0.995184418172,-9.802027253596E-02,0.));
#8273 = ORIENTED_EDGE('',*,*,#2008,.T.);
#8274 = ORIENTED_EDGE('',*,*,#2084,.T.);
#8275 = ORIENTED_EDGE('',*,*,#2404,.T.);
#8276 = ORIENTED_EDGE('',*,*,#8277,.T.);
#8277 = EDGE_CURVE('',#2377,#8278,#8280,.T.);
#8278 = VERTEX_POINT('',#8279);
#8279 = CARTESIAN_POINT('',(2.161819934845,1.444479942322,15.));
#8280 = LINE('',#8281,#8282);
#8281 = CARTESIAN_POINT('',(1.838479995728,1.838479995728,15.));
#8282 = VECTOR('',#8283,1.);
#8283 = DIRECTION('',(0.63438443474,-0.773017715812,0.));
#8284 = ORIENTED_EDGE('',*,*,#8285,.T.);
#8285 = EDGE_CURVE('',#8278,#8286,#8288,.T.);
#8286 = VERTEX_POINT('',#8287);
#8287 = CARTESIAN_POINT('',(2.402090072632,0.994975984097,15.));
#8288 = LINE('',#8289,#8290);
#8289 = CARTESIAN_POINT('',(2.161819934845,1.444479942322,15.));
#8290 = VECTOR('',#8291,1.);
#8291 = DIRECTION('',(0.471404773413,-0.881916968656,0.));
#8292 = ORIENTED_EDGE('',*,*,#8293,.T.);
#8293 = EDGE_CURVE('',#8286,#8294,#8296,.T.);
#8294 = VERTEX_POINT('',#8295);
#8295 = CARTESIAN_POINT('',(2.550040006638,0.507234990597,15.));
#8296 = LINE('',#8297,#8298);
#8297 = CARTESIAN_POINT('',(2.402090072632,0.994975984097,15.));
#8298 = VECTOR('',#8299,1.);
#8299 = DIRECTION('',(0.290276270962,-0.956942885713,0.));
#8300 = ORIENTED_EDGE('',*,*,#8301,.T.);
#8301 = EDGE_CURVE('',#8294,#8302,#8304,.T.);
#8302 = VERTEX_POINT('',#8303);
#8303 = CARTESIAN_POINT('',(2.599999904633,0.,15.));
#8304 = LINE('',#8305,#8306);
#8305 = CARTESIAN_POINT('',(2.550040006638,0.507234990597,15.));
#8306 = VECTOR('',#8307,1.);
#8307 = DIRECTION('',(9.802027253596E-02,-0.995184418172,0.));
#8308 = ORIENTED_EDGE('',*,*,#8309,.T.);
#8309 = EDGE_CURVE('',#8302,#8310,#8312,.T.);
#8310 = VERTEX_POINT('',#8311);
#8311 = CARTESIAN_POINT('',(2.550040006638,-0.507234990597,15.));
#8312 = LINE('',#8313,#8314);
#8313 = CARTESIAN_POINT('',(2.599999904633,0.,15.));
#8314 = VECTOR('',#8315,1.);
#8315 = DIRECTION('',(-9.802027253596E-02,-0.995184418172,0.));
#8316 = ORIENTED_EDGE('',*,*,#8317,.T.);
#8317 = EDGE_CURVE('',#8310,#8318,#8320,.T.);
#8318 = VERTEX_POINT('',#8319);
#8319 = CARTESIAN_POINT('',(2.402090072632,-0.994975984097,15.));
#8320 = LINE('',#8321,#8322);
#8321 = CARTESIAN_POINT('',(2.550040006638,-0.507234990597,15.));
#8322 = VECTOR('',#8323,1.);
#8323 = DIRECTION('',(-0.290276270962,-0.956942885713,0.));
#8324 = ORIENTED_EDGE('',*,*,#8325,.T.);
#8325 = EDGE_CURVE('',#8318,#8326,#8328,.T.);
#8326 = VERTEX_POINT('',#8327);
#8327 = CARTESIAN_POINT('',(2.161819934845,-1.444479942322,15.));
#8328 = LINE('',#8329,#8330);
#8329 = CARTESIAN_POINT('',(2.402090072632,-0.994975984097,15.));
#8330 = VECTOR('',#8331,1.);
#8331 = DIRECTION('',(-0.471404773413,-0.881916968656,0.));
#8332 = ORIENTED_EDGE('',*,*,#8333,.T.);
#8333 = EDGE_CURVE('',#8326,#8334,#8336,.T.);
#8334 = VERTEX_POINT('',#8335);
#8335 = CARTESIAN_POINT('',(1.838479995728,-1.838479995728,15.));
#8336 = LINE('',#8337,#8338);
#8337 = CARTESIAN_POINT('',(2.161819934845,-1.444479942322,15.));
#8338 = VECTOR('',#8339,1.);
#8339 = DIRECTION('',(-0.63438443474,-0.773017715812,0.));
#8340 = ORIENTED_EDGE('',*,*,#8341,.T.);
#8341 = EDGE_CURVE('',#8334,#8342,#8344,.T.);
#8342 = VERTEX_POINT('',#8343);
#8343 = CARTESIAN_POINT('',(1.444479942322,-2.161819934845,15.));
#8344 = LINE('',#8345,#8346);
#8345 = CARTESIAN_POINT('',(1.838479995728,-1.838479995728,15.));
#8346 = VECTOR('',#8347,1.);
#8347 = DIRECTION('',(-0.773017715812,-0.63438443474,0.));
#8348 = ORIENTED_EDGE('',*,*,#8349,.T.);
#8349 = EDGE_CURVE('',#8342,#8350,#8352,.T.);
#8350 = VERTEX_POINT('',#8351);
#8351 = CARTESIAN_POINT('',(0.994975984097,-2.402090072632,15.));
#8352 = LINE('',#8353,#8354);
#8353 = CARTESIAN_POINT('',(1.444479942322,-2.161819934845,15.));
#8354 = VECTOR('',#8355,1.);
#8355 = DIRECTION('',(-0.881916968656,-0.471404773413,0.));
#8356 = ORIENTED_EDGE('',*,*,#8357,.T.);
#8357 = EDGE_CURVE('',#8350,#8358,#8360,.T.);
#8358 = VERTEX_POINT('',#8359);
#8359 = CARTESIAN_POINT('',(0.507234990597,-2.550040006638,15.));
#8360 = LINE('',#8361,#8362);
#8361 = CARTESIAN_POINT('',(0.994975984097,-2.402090072632,15.));
#8362 = VECTOR('',#8363,1.);
#8363 = DIRECTION('',(-0.956942885713,-0.290276270962,0.));
#8364 = ORIENTED_EDGE('',*,*,#8365,.T.);
#8365 = EDGE_CURVE('',#8358,#8366,#8368,.T.);
#8366 = VERTEX_POINT('',#8367);
#8367 = CARTESIAN_POINT('',(0.,-2.599999904633,15.));
#8368 = LINE('',#8369,#8370);
#8369 = CARTESIAN_POINT('',(0.507234990597,-2.550040006638,15.));
#8370 = VECTOR('',#8371,1.);
#8371 = DIRECTION('',(-0.995184418172,-9.802027253596E-02,0.));
#8372 = ORIENTED_EDGE('',*,*,#8373,.T.);
#8373 = EDGE_CURVE('',#8366,#8374,#8376,.T.);
#8374 = VERTEX_POINT('',#8375);
#8375 = CARTESIAN_POINT('',(-0.507234990597,-2.550040006638,15.));
#8376 = LINE('',#8377,#8378);
#8377 = CARTESIAN_POINT('',(0.,-2.599999904633,15.));
#8378 = VECTOR('',#8379,1.);
#8379 = DIRECTION('',(-0.995184418172,9.802027253596E-02,0.));
#8380 = ORIENTED_EDGE('',*,*,#8381,.T.);
#8381 = EDGE_CURVE('',#8374,#8382,#8384,.T.);
#8382 = VERTEX_POINT('',#8383);
#8383 = CARTESIAN_POINT('',(-0.994975984097,-2.402090072632,15.));
#8384 = LINE('',#8385,#8386);
#8385 = CARTESIAN_POINT('',(-0.507234990597,-2.550040006638,15.));
#8386 = VECTOR('',#8387,1.);
#8387 = DIRECTION('',(-0.956942885713,0.290276270962,0.));
#8388 = ORIENTED_EDGE('',*,*,#8389,.T.);
#8389 = EDGE_CURVE('',#8382,#8390,#8392,.T.);
#8390 = VERTEX_POINT('',#8391);
#8391 = CARTESIAN_POINT('',(-1.444479942322,-2.161819934845,15.));
#8392 = LINE('',#8393,#8394);
#8393 = CARTESIAN_POINT('',(-0.994975984097,-2.402090072632,15.));
#8394 = VECTOR('',#8395,1.);
#8395 = DIRECTION('',(-0.881916968656,0.471404773413,0.));
#8396 = ORIENTED_EDGE('',*,*,#8397,.T.);
#8397 = EDGE_CURVE('',#8390,#8398,#8400,.T.);
#8398 = VERTEX_POINT('',#8399);
#8399 = CARTESIAN_POINT('',(-1.838479995728,-1.838479995728,15.));
#8400 = LINE('',#8401,#8402);
#8401 = CARTESIAN_POINT('',(-1.444479942322,-2.161819934845,15.));
#8402 = VECTOR('',#8403,1.);
#8403 = DIRECTION('',(-0.773017715812,0.63438443474,0.));
#8404 = ORIENTED_EDGE('',*,*,#8405,.T.);
#8405 = EDGE_CURVE('',#8398,#8406,#8408,.T.);
#8406 = VERTEX_POINT('',#8407);
#8407 = CARTESIAN_POINT('',(-2.161819934845,-1.444479942322,15.));
#8408 = LINE('',#8409,#8410);
#8409 = CARTESIAN_POINT('',(-1.838479995728,-1.838479995728,15.));
#8410 = VECTOR('',#8411,1.);
#8411 = DIRECTION('',(-0.63438443474,0.773017715812,0.));
#8412 = ORIENTED_EDGE('',*,*,#8413,.T.);
#8413 = EDGE_CURVE('',#8406,#8414,#8416,.T.);
#8414 = VERTEX_POINT('',#8415);
#8415 = CARTESIAN_POINT('',(-2.402090072632,-0.994975984097,15.));
#8416 = LINE('',#8417,#8418);
#8417 = CARTESIAN_POINT('',(-2.161819934845,-1.444479942322,15.));
#8418 = VECTOR('',#8419,1.);
#8419 = DIRECTION('',(-0.471404773413,0.881916968656,0.));
#8420 = ORIENTED_EDGE('',*,*,#8421,.T.);
#8421 = EDGE_CURVE('',#8414,#8225,#8422,.T.);
#8422 = LINE('',#8423,#8424);
#8423 = CARTESIAN_POINT('',(-2.402090072632,-0.994975984097,15.));
#8424 = VECTOR('',#8425,1.);
#8425 = DIRECTION('',(-0.290276270962,0.956942885713,0.));
#8426 = PLANE('',#8427);
#8427 = AXIS2_PLACEMENT_3D('',#8428,#8429,#8430);
#8428 = CARTESIAN_POINT('',(-8.495118378746E-17,3.964388576748E-16,15.)
  );
#8429 = DIRECTION('',(0.,0.,1.));
#8430 = DIRECTION('',(1.,0.,-0.));
#8431 = ADVANCED_FACE('',(#8432),#8449,.T.);
#8432 = FACE_BOUND('',#8433,.T.);
#8433 = EDGE_LOOP('',(#8434,#8442,#8448));
#8434 = ORIENTED_EDGE('',*,*,#8435,.T.);
#8435 = EDGE_CURVE('',#8334,#8436,#8438,.T.);
#8436 = VERTEX_POINT('',#8437);
#8437 = CARTESIAN_POINT('',(1.5,-2.116260051727,10.5));
#8438 = LINE('',#8439,#8440);
#8439 = CARTESIAN_POINT('',(1.838479995728,-1.838479995728,15.));
#8440 = VECTOR('',#8441,1.);
#8441 = DIRECTION('',(-7.48641982688E-02,-6.143873035328E-02,
    -0.995299268678));
#8442 = ORIENTED_EDGE('',*,*,#8443,.T.);
#8443 = EDGE_CURVE('',#8436,#8342,#8444,.T.);
#8444 = LINE('',#8445,#8446);
#8445 = CARTESIAN_POINT('',(1.5,-2.116260051727,10.5));
#8446 = VECTOR('',#8447,1.);
#8447 = DIRECTION('',(-1.23362195239E-02,-1.012312924601E-02,
    0.999872661864));
#8448 = ORIENTED_EDGE('',*,*,#8341,.F.);
#8449 = PLANE('',#8450);
#8450 = AXIS2_PLACEMENT_3D('',#8451,#8452,#8453);
#8451 = CARTESIAN_POINT('',(1.574736464014,-2.054925173895,
    12.870317089779));
#8452 = DIRECTION('',(-0.63438443474,0.773017715812,-5.474725876956E-07)
  );
#8453 = DIRECTION('',(0.773017715812,0.63438443474,4.352939634822E-23));
#8454 = ADVANCED_FACE('',(#8455),#8472,.T.);
#8455 = FACE_BOUND('',#8456,.T.);
#8456 = EDGE_LOOP('',(#8457,#8458,#8466));
#8457 = ORIENTED_EDGE('',*,*,#8443,.F.);
#8458 = ORIENTED_EDGE('',*,*,#8459,.T.);
#8459 = EDGE_CURVE('',#8436,#8460,#8462,.T.);
#8460 = VERTEX_POINT('',#8461);
#8461 = CARTESIAN_POINT('',(1.444479942322,-2.161819934845,10.5));
#8462 = LINE('',#8463,#8464);
#8463 = CARTESIAN_POINT('',(1.5,-2.116260051727,10.5));
#8464 = VECTOR('',#8465,1.);
#8465 = DIRECTION('',(-0.773039476374,-0.634357917873,0.));
#8466 = ORIENTED_EDGE('',*,*,#8467,.T.);
#8467 = EDGE_CURVE('',#8460,#8342,#8468,.T.);
#8468 = LINE('',#8469,#8470);
#8469 = CARTESIAN_POINT('',(1.444479942322,-2.161819934845,10.5));
#8470 = VECTOR('',#8471,1.);
#8471 = DIRECTION('',(0.,0.,1.));
#8472 = PLANE('',#8473);
#8473 = AXIS2_PLACEMENT_3D('',#8474,#8475,#8476);
#8474 = CARTESIAN_POINT('',(1.458470712927,-2.150339077293,
    12.73218815642));
#8475 = DIRECTION('',(-0.634357917873,0.773039476374,0.));
#8476 = DIRECTION('',(0.773039476374,0.634357917873,0.));
#8477 = ADVANCED_FACE('',(#8478),#8503,.T.);
#8478 = FACE_BOUND('',#8479,.T.);
#8479 = EDGE_LOOP('',(#8480,#8481,#8489,#8497));
#8480 = ORIENTED_EDGE('',*,*,#8357,.F.);
#8481 = ORIENTED_EDGE('',*,*,#8482,.T.);
#8482 = EDGE_CURVE('',#8350,#8483,#8485,.T.);
#8483 = VERTEX_POINT('',#8484);
#8484 = CARTESIAN_POINT('',(0.994975984097,-2.402090072632,10.5));
#8485 = LINE('',#8486,#8487);
#8486 = CARTESIAN_POINT('',(0.994975984097,-2.402090072632,15.));
#8487 = VECTOR('',#8488,1.);
#8488 = DIRECTION('',(0.,0.,-1.));
#8489 = ORIENTED_EDGE('',*,*,#8490,.T.);
#8490 = EDGE_CURVE('',#8483,#8491,#8493,.T.);
#8491 = VERTEX_POINT('',#8492);
#8492 = CARTESIAN_POINT('',(0.507234990597,-2.550040006638,10.5));
#8493 = LINE('',#8494,#8495);
#8494 = CARTESIAN_POINT('',(0.994975984097,-2.402090072632,10.5));
#8495 = VECTOR('',#8496,1.);
#8496 = DIRECTION('',(-0.956942885713,-0.290276270962,0.));
#8497 = ORIENTED_EDGE('',*,*,#8498,.T.);
#8498 = EDGE_CURVE('',#8491,#8358,#8499,.T.);
#8499 = LINE('',#8500,#8501);
#8500 = CARTESIAN_POINT('',(0.507234990597,-2.550040006638,10.5));
#8501 = VECTOR('',#8502,1.);
#8502 = DIRECTION('',(0.,0.,1.));
#8503 = PLANE('',#8504);
#8504 = AXIS2_PLACEMENT_3D('',#8505,#8506,#8507);
#8505 = CARTESIAN_POINT('',(0.751105487347,-2.476065039635,12.75));
#8506 = DIRECTION('',(-0.290276270962,0.956942885713,0.));
#8507 = DIRECTION('',(0.956942885713,0.290276270962,0.));
#8508 = ADVANCED_FACE('',(#8509),#8534,.T.);
#8509 = FACE_BOUND('',#8510,.T.);
#8510 = EDGE_LOOP('',(#8511,#8512,#8520,#8528));
#8511 = ORIENTED_EDGE('',*,*,#8381,.F.);
#8512 = ORIENTED_EDGE('',*,*,#8513,.T.);
#8513 = EDGE_CURVE('',#8374,#8514,#8516,.T.);
#8514 = VERTEX_POINT('',#8515);
#8515 = CARTESIAN_POINT('',(-0.507234990597,-2.550040006638,10.5));
#8516 = LINE('',#8517,#8518);
#8517 = CARTESIAN_POINT('',(-0.507234990597,-2.550040006638,15.));
#8518 = VECTOR('',#8519,1.);
#8519 = DIRECTION('',(0.,0.,-1.));
#8520 = ORIENTED_EDGE('',*,*,#8521,.T.);
#8521 = EDGE_CURVE('',#8514,#8522,#8524,.T.);
#8522 = VERTEX_POINT('',#8523);
#8523 = CARTESIAN_POINT('',(-0.994975984097,-2.402090072632,10.5));
#8524 = LINE('',#8525,#8526);
#8525 = CARTESIAN_POINT('',(-0.507234990597,-2.550040006638,10.5));
#8526 = VECTOR('',#8527,1.);
#8527 = DIRECTION('',(-0.956942885713,0.290276270962,0.));
#8528 = ORIENTED_EDGE('',*,*,#8529,.T.);
#8529 = EDGE_CURVE('',#8522,#8382,#8530,.T.);
#8530 = LINE('',#8531,#8532);
#8531 = CARTESIAN_POINT('',(-0.994975984097,-2.402090072632,10.5));
#8532 = VECTOR('',#8533,1.);
#8533 = DIRECTION('',(0.,0.,1.));
#8534 = PLANE('',#8535);
#8535 = AXIS2_PLACEMENT_3D('',#8536,#8537,#8538);
#8536 = CARTESIAN_POINT('',(-0.751105487347,-2.476065039635,12.75));
#8537 = DIRECTION('',(0.290276270962,0.956942885713,0.));
#8538 = DIRECTION('',(0.956942885713,-0.290276270962,0.));
#8539 = ADVANCED_FACE('',(#8540),#8564,.T.);
#8540 = FACE_BOUND('',#8541,.T.);
#8541 = EDGE_LOOP('',(#8542,#8550,#8558));
#8542 = ORIENTED_EDGE('',*,*,#8543,.T.);
#8543 = EDGE_CURVE('',#8544,#8390,#8546,.T.);
#8544 = VERTEX_POINT('',#8545);
#8545 = CARTESIAN_POINT('',(-1.5,-2.116260051727,10.5));
#8546 = LINE('',#8547,#8548);
#8547 = CARTESIAN_POINT('',(-1.5,-2.116260051727,10.5));
#8548 = VECTOR('',#8549,1.);
#8549 = DIRECTION('',(1.23362195239E-02,-1.012312924601E-02,
    0.999872661864));
#8550 = ORIENTED_EDGE('',*,*,#8551,.T.);
#8551 = EDGE_CURVE('',#8390,#8552,#8554,.T.);
#8552 = VERTEX_POINT('',#8553);
#8553 = CARTESIAN_POINT('',(-1.444479942322,-2.161819934845,10.5));
#8554 = LINE('',#8555,#8556);
#8555 = CARTESIAN_POINT('',(-1.444479942322,-2.161819934845,15.));
#8556 = VECTOR('',#8557,1.);
#8557 = DIRECTION('',(0.,0.,-1.));
#8558 = ORIENTED_EDGE('',*,*,#8559,.T.);
#8559 = EDGE_CURVE('',#8552,#8544,#8560,.T.);
#8560 = LINE('',#8561,#8562);
#8561 = CARTESIAN_POINT('',(-1.444479942322,-2.161819934845,10.5));
#8562 = VECTOR('',#8563,1.);
#8563 = DIRECTION('',(-0.773039476374,0.634357917873,0.));
#8564 = PLANE('',#8565);
#8565 = AXIS2_PLACEMENT_3D('',#8566,#8567,#8568);
#8566 = CARTESIAN_POINT('',(-1.458470712927,-2.150339077293,
    12.73218815642));
#8567 = DIRECTION('',(0.634357917873,0.773039476374,0.));
#8568 = DIRECTION('',(0.773039476374,-0.634357917873,0.));
#8569 = ADVANCED_FACE('',(#8570),#8580,.T.);
#8570 = FACE_BOUND('',#8571,.T.);
#8571 = EDGE_LOOP('',(#8572,#8573,#8579));
#8572 = ORIENTED_EDGE('',*,*,#8543,.F.);
#8573 = ORIENTED_EDGE('',*,*,#8574,.T.);
#8574 = EDGE_CURVE('',#8544,#8398,#8575,.T.);
#8575 = LINE('',#8576,#8577);
#8576 = CARTESIAN_POINT('',(-1.5,-2.116260051727,10.5));
#8577 = VECTOR('',#8578,1.);
#8578 = DIRECTION('',(-7.48641982688E-02,6.143873035328E-02,
    0.995299268678));
#8579 = ORIENTED_EDGE('',*,*,#8397,.F.);
#8580 = PLANE('',#8581);
#8581 = AXIS2_PLACEMENT_3D('',#8582,#8583,#8584);
#8582 = CARTESIAN_POINT('',(-1.574736464014,-2.054925173895,
    12.870317089779));
#8583 = DIRECTION('',(0.63438443474,0.773017715812,-5.474725876971E-07)
  );
#8584 = DIRECTION('',(0.773017715812,-0.63438443474,-1.756432471627E-23)
  );
#8585 = ADVANCED_FACE('',(#8586),#8592,.T.);
#8586 = FACE_BOUND('',#8587,.T.);
#8587 = EDGE_LOOP('',(#8588,#8589,#8590,#8591));
#8588 = ORIENTED_EDGE('',*,*,#7691,.T.);
#8589 = ORIENTED_EDGE('',*,*,#7556,.T.);
#8590 = ORIENTED_EDGE('',*,*,#7493,.T.);
#8591 = ORIENTED_EDGE('',*,*,#8099,.T.);
#8592 = PLANE('',#8593);
#8593 = AXIS2_PLACEMENT_3D('',#8594,#8595,#8596);
#8594 = CARTESIAN_POINT('',(-8.776750087738,-4.691264867783,9.5));
#8595 = DIRECTION('',(-0.88192132797,-0.471396617797,-0.));
#8596 = DIRECTION('',(0.471396617797,-0.88192132797,0.));
#8597 = ADVANCED_FACE('',(#8598),#8614,.T.);
#8598 = FACE_BOUND('',#8599,.T.);
#8599 = EDGE_LOOP('',(#8600,#8606,#8607,#8613));
#8600 = ORIENTED_EDGE('',*,*,#8601,.T.);
#8601 = EDGE_CURVE('',#7369,#992,#8602,.T.);
#8602 = LINE('',#8603,#8604);
#8603 = CARTESIAN_POINT('',(-6.278359889984,-7.721620082855,4.));
#8604 = VECTOR('',#8605,1.);
#8605 = DIRECTION('',(0.,0.,-1.));
#8606 = ORIENTED_EDGE('',*,*,#991,.T.);
#8607 = ORIENTED_EDGE('',*,*,#8608,.T.);
#8608 = EDGE_CURVE('',#984,#7402,#8609,.T.);
#8609 = LINE('',#8610,#8611);
#8610 = CARTESIAN_POINT('',(-5.555699825287,-8.314700126648,3.));
#8611 = VECTOR('',#8612,1.);
#8612 = DIRECTION('',(0.,0.,1.));
#8613 = ORIENTED_EDGE('',*,*,#7401,.F.);
#8614 = PLANE('',#8615);
#8615 = AXIS2_PLACEMENT_3D('',#8616,#8617,#8618);
#8616 = CARTESIAN_POINT('',(-5.757882470529,-8.148770808076,
    8.776196293293));
#8617 = DIRECTION('',(-0.634398560995,-0.773006122749,-0.));
#8618 = DIRECTION('',(-0.773006122749,0.634398560995,0.));
#8619 = ADVANCED_FACE('',(#8620),#8636,.T.);
#8620 = FACE_BOUND('',#8621,.T.);
#8621 = EDGE_LOOP('',(#8622,#8628,#8629,#8635));
#8622 = ORIENTED_EDGE('',*,*,#8623,.T.);
#8623 = EDGE_CURVE('',#6693,#608,#8624,.T.);
#8624 = LINE('',#8625,#8626);
#8625 = CARTESIAN_POINT('',(6.278359889984,7.721620082855,4.));
#8626 = VECTOR('',#8627,1.);
#8627 = DIRECTION('',(0.,0.,-1.));
#8628 = ORIENTED_EDGE('',*,*,#607,.T.);
#8629 = ORIENTED_EDGE('',*,*,#8630,.T.);
#8630 = EDGE_CURVE('',#600,#6779,#8631,.T.);
#8631 = LINE('',#8632,#8633);
#8632 = CARTESIAN_POINT('',(5.555699825287,8.314700126648,3.));
#8633 = VECTOR('',#8634,1.);
#8634 = DIRECTION('',(0.,0.,1.));
#8635 = ORIENTED_EDGE('',*,*,#6778,.F.);
#8636 = PLANE('',#8637);
#8637 = AXIS2_PLACEMENT_3D('',#8638,#8639,#8640);
#8638 = CARTESIAN_POINT('',(5.757882470529,8.148770808076,8.776196293293
    ));
#8639 = DIRECTION('',(0.634398560995,0.773006122749,0.));
#8640 = DIRECTION('',(0.773006122749,-0.634398560995,0.));
#8641 = ADVANCED_FACE('',(#8642),#8653,.T.);
#8642 = FACE_BOUND('',#8643,.T.);
#8643 = EDGE_LOOP('',(#8644,#8645,#8646,#8647));
#8644 = ORIENTED_EDGE('',*,*,#8169,.T.);
#8645 = ORIENTED_EDGE('',*,*,#8630,.F.);
#8646 = ORIENTED_EDGE('',*,*,#599,.T.);
#8647 = ORIENTED_EDGE('',*,*,#8648,.F.);
#8648 = EDGE_CURVE('',#8170,#592,#8649,.T.);
#8649 = LINE('',#8650,#8651);
#8650 = CARTESIAN_POINT('',(3.826829910278,9.238800048828,15.));
#8651 = VECTOR('',#8652,1.);
#8652 = DIRECTION('',(0.,0.,-1.));
#8653 = PLANE('',#8654);
#8654 = AXIS2_PLACEMENT_3D('',#8655,#8656,#8657);
#8655 = CARTESIAN_POINT('',(4.691264867783,8.776750087738,9.));
#8656 = DIRECTION('',(0.471396617797,0.88192132797,0.));
#8657 = DIRECTION('',(0.88192132797,-0.471396617797,0.));
#8658 = ADVANCED_FACE('',(#8659),#8665,.T.);
#8659 = FACE_BOUND('',#8660,.T.);
#8660 = EDGE_LOOP('',(#8661,#8662,#8663,#8664));
#8661 = ORIENTED_EDGE('',*,*,#8177,.T.);
#8662 = ORIENTED_EDGE('',*,*,#8648,.T.);
#8663 = ORIENTED_EDGE('',*,*,#591,.T.);
#8664 = ORIENTED_EDGE('',*,*,#2610,.F.);
#8665 = PLANE('',#8666);
#8666 = AXIS2_PLACEMENT_3D('',#8667,#8668,#8669);
#8667 = CARTESIAN_POINT('',(2.888864934444,9.523324966431,9.));
#8668 = DIRECTION('',(0.290281269855,0.956941369349,0.));
#8669 = DIRECTION('',(0.956941369349,-0.290281269855,0.));
#8670 = ADVANCED_FACE('',(#8671),#8677,.T.);
#8671 = FACE_BOUND('',#8672,.T.);
#8672 = EDGE_LOOP('',(#8673,#8674,#8675,#8676));
#8673 = ORIENTED_EDGE('',*,*,#1338,.T.);
#8674 = ORIENTED_EDGE('',*,*,#1472,.T.);
#8675 = ORIENTED_EDGE('',*,*,#2763,.T.);
#8676 = ORIENTED_EDGE('',*,*,#7858,.T.);
#8677 = PLANE('',#8678);
#8678 = AXIS2_PLACEMENT_3D('',#8679,#8680,#8681);
#8679 = CARTESIAN_POINT('',(0.786061515952,9.922577200045,4.993760791789
    ));
#8680 = DIRECTION('',(9.801913210017E-02,0.995184530497,
    9.072570214684E-07));
#8681 = DIRECTION('',(0.995184530498,-9.801913210021E-02,
    1.453966490228E-24));
#8682 = ADVANCED_FACE('',(#8683),#8699,.T.);
#8683 = FACE_BOUND('',#8684,.T.);
#8684 = EDGE_LOOP('',(#8685,#8686,#8692,#8693));
#8685 = ORIENTED_EDGE('',*,*,#6846,.T.);
#8686 = ORIENTED_EDGE('',*,*,#8687,.T.);
#8687 = EDGE_CURVE('',#6725,#680,#8688,.T.);
#8688 = LINE('',#8689,#8690);
#8689 = CARTESIAN_POINT('',(7.79639005661,6.187260150909,4.));
#8690 = VECTOR('',#8691,1.);
#8691 = DIRECTION('',(0.,0.,-1.));
#8692 = ORIENTED_EDGE('',*,*,#679,.T.);
#8693 = ORIENTED_EDGE('',*,*,#8694,.T.);
#8694 = EDGE_CURVE('',#672,#6709,#8695,.T.);
#8695 = LINE('',#8696,#8697);
#8696 = CARTESIAN_POINT('',(7.721620082855,6.278359889984,3.));
#8697 = VECTOR('',#8698,1.);
#8698 = DIRECTION('',(0.,0.,1.));
#8699 = PLANE('',#8700);
#8700 = AXIS2_PLACEMENT_3D('',#8701,#8702,#8703);
#8701 = CARTESIAN_POINT('',(7.759005069733,6.232810020447,3.5));
#8702 = DIRECTION('',(0.772984030173,0.634425479546,0.));
#8703 = DIRECTION('',(-0.634425479546,0.772984030173,0.));
#8704 = ADVANCED_FACE('',(#8705),#8711,.T.);
#8705 = FACE_BOUND('',#8706,.T.);
#8706 = EDGE_LOOP('',(#8707,#8708,#8709,#8710));
#8707 = ORIENTED_EDGE('',*,*,#6861,.T.);
#8708 = ORIENTED_EDGE('',*,*,#8161,.T.);
#8709 = ORIENTED_EDGE('',*,*,#6534,.F.);
#8710 = ORIENTED_EDGE('',*,*,#6740,.T.);
#8711 = PLANE('',#8712);
#8712 = AXIS2_PLACEMENT_3D('',#8713,#8714,#8715);
#8713 = CARTESIAN_POINT('',(8.776750087738,4.691264867783,9.5));
#8714 = DIRECTION('',(0.88192132797,0.471396617797,0.));
#8715 = DIRECTION('',(-0.471396617797,0.88192132797,0.));
#8716 = ADVANCED_FACE('',(#8717),#8733,.T.);
#8717 = FACE_BOUND('',#8718,.T.);
#8718 = EDGE_LOOP('',(#8719,#8720,#8726,#8727));
#8719 = ORIENTED_EDGE('',*,*,#6548,.F.);
#8720 = ORIENTED_EDGE('',*,*,#8721,.T.);
#8721 = EDGE_CURVE('',#6549,#736,#8722,.T.);
#8722 = LINE('',#8723,#8724);
#8723 = CARTESIAN_POINT('',(9.807849884033,1.950899958611,15.));
#8724 = VECTOR('',#8725,1.);
#8725 = DIRECTION('',(0.,0.,-1.));
#8726 = ORIENTED_EDGE('',*,*,#735,.T.);
#8727 = ORIENTED_EDGE('',*,*,#8728,.T.);
#8728 = EDGE_CURVE('',#728,#6519,#8729,.T.);
#8729 = LINE('',#8730,#8731);
#8730 = CARTESIAN_POINT('',(9.277210235596,3.700200080872,3.));
#8731 = VECTOR('',#8732,1.);
#8732 = DIRECTION('',(0.,0.,1.));
#8733 = PLANE('',#8734);
#8734 = AXIS2_PLACEMENT_3D('',#8735,#8736,#8737);
#8735 = CARTESIAN_POINT('',(9.654872053325,2.455204789109,8.580711345049
    ));
#8736 = DIRECTION('',(0.956941056368,0.290282301627,0.));
#8737 = DIRECTION('',(-0.290282301627,0.956941056368,0.));
#8738 = ADVANCED_FACE('',(#8739),#8750,.T.);
#8739 = FACE_BOUND('',#8740,.T.);
#8740 = EDGE_LOOP('',(#8741,#8742,#8743,#8749));
#8741 = ORIENTED_EDGE('',*,*,#8721,.F.);
#8742 = ORIENTED_EDGE('',*,*,#8154,.T.);
#8743 = ORIENTED_EDGE('',*,*,#8744,.T.);
#8744 = EDGE_CURVE('',#8147,#744,#8745,.T.);
#8745 = LINE('',#8746,#8747);
#8746 = CARTESIAN_POINT('',(10.,0.,15.));
#8747 = VECTOR('',#8748,1.);
#8748 = DIRECTION('',(0.,0.,-1.));
#8749 = ORIENTED_EDGE('',*,*,#743,.T.);
#8750 = PLANE('',#8751);
#8751 = AXIS2_PLACEMENT_3D('',#8752,#8753,#8754);
#8752 = CARTESIAN_POINT('',(9.903924942017,0.975449979305,9.));
#8753 = DIRECTION('',(0.995184565389,9.801877784861E-02,0.));
#8754 = DIRECTION('',(-9.801877784861E-02,0.995184565389,0.));
#8755 = ADVANCED_FACE('',(#8756),#8767,.T.);
#8756 = FACE_BOUND('',#8757,.T.);
#8757 = EDGE_LOOP('',(#8758,#8759,#8760,#8766));
#8758 = ORIENTED_EDGE('',*,*,#8744,.F.);
#8759 = ORIENTED_EDGE('',*,*,#8146,.T.);
#8760 = ORIENTED_EDGE('',*,*,#8761,.F.);
#8761 = EDGE_CURVE('',#752,#4165,#8762,.T.);
#8762 = LINE('',#8763,#8764);
#8763 = CARTESIAN_POINT('',(9.807849884033,-1.950899958611,3.));
#8764 = VECTOR('',#8765,1.);
#8765 = DIRECTION('',(0.,0.,1.));
#8766 = ORIENTED_EDGE('',*,*,#751,.T.);
#8767 = PLANE('',#8768);
#8768 = AXIS2_PLACEMENT_3D('',#8769,#8770,#8771);
#8769 = CARTESIAN_POINT('',(9.903924942017,-0.975449979305,9.));
#8770 = DIRECTION('',(0.995184565389,-9.801877784861E-02,0.));
#8771 = DIRECTION('',(9.801877784861E-02,0.995184565389,0.));
#8772 = ADVANCED_FACE('',(#8773),#8784,.T.);
#8773 = FACE_BOUND('',#8774,.T.);
#8774 = EDGE_LOOP('',(#8775,#8776,#8777,#8783));
#8775 = ORIENTED_EDGE('',*,*,#4385,.T.);
#8776 = ORIENTED_EDGE('',*,*,#911,.T.);
#8777 = ORIENTED_EDGE('',*,*,#8778,.F.);
#8778 = EDGE_CURVE('',#4493,#904,#8779,.T.);
#8779 = LINE('',#8780,#8781);
#8780 = CARTESIAN_POINT('',(1.950899958611,-9.807849884033,15.));
#8781 = VECTOR('',#8782,1.);
#8782 = DIRECTION('',(0.,0.,-1.));
#8783 = ORIENTED_EDGE('',*,*,#4492,.F.);
#8784 = PLANE('',#8785);
#8785 = AXIS2_PLACEMENT_3D('',#8786,#8787,#8788);
#8786 = CARTESIAN_POINT('',(1.813524349372,-9.821380283307,
    8.877640974399));
#8787 = DIRECTION('',(9.801773391101E-02,-0.995184668209,-0.));
#8788 = DIRECTION('',(-0.995184668209,-9.801773391101E-02,0.));
#8789 = ADVANCED_FACE('',(#8790),#8801,.T.);
#8790 = FACE_BOUND('',#8791,.T.);
#8791 = EDGE_LOOP('',(#8792,#8793,#8794,#8795));
#8792 = ORIENTED_EDGE('',*,*,#8123,.T.);
#8793 = ORIENTED_EDGE('',*,*,#8778,.T.);
#8794 = ORIENTED_EDGE('',*,*,#903,.T.);
#8795 = ORIENTED_EDGE('',*,*,#8796,.T.);
#8796 = EDGE_CURVE('',#896,#8124,#8797,.T.);
#8797 = LINE('',#8798,#8799);
#8798 = CARTESIAN_POINT('',(3.826829910278,-9.238800048828,3.));
#8799 = VECTOR('',#8800,1.);
#8800 = DIRECTION('',(0.,0.,1.));
#8801 = PLANE('',#8802);
#8802 = AXIS2_PLACEMENT_3D('',#8803,#8804,#8805);
#8803 = CARTESIAN_POINT('',(2.888864934444,-9.523324966431,9.));
#8804 = DIRECTION('',(0.290281269855,-0.956941369349,-0.));
#8805 = DIRECTION('',(-0.956941369349,-0.290281269855,0.));
#8806 = ADVANCED_FACE('',(#8807),#8818,.T.);
#8807 = FACE_BOUND('',#8808,.T.);
#8808 = EDGE_LOOP('',(#8809,#8810,#8811,#8812));
#8809 = ORIENTED_EDGE('',*,*,#8131,.T.);
#8810 = ORIENTED_EDGE('',*,*,#8796,.F.);
#8811 = ORIENTED_EDGE('',*,*,#895,.T.);
#8812 = ORIENTED_EDGE('',*,*,#8813,.F.);
#8813 = EDGE_CURVE('',#3634,#888,#8814,.T.);
#8814 = LINE('',#8815,#8816);
#8815 = CARTESIAN_POINT('',(5.555699825287,-8.314700126648,15.));
#8816 = VECTOR('',#8817,1.);
#8817 = DIRECTION('',(0.,0.,-1.));
#8818 = PLANE('',#8819);
#8819 = AXIS2_PLACEMENT_3D('',#8820,#8821,#8822);
#8820 = CARTESIAN_POINT('',(4.691264867783,-8.776750087738,9.));
#8821 = DIRECTION('',(0.471396617797,-0.88192132797,-0.));
#8822 = DIRECTION('',(-0.88192132797,-0.471396617797,0.));
#8823 = ADVANCED_FACE('',(#8824),#8840,.T.);
#8824 = FACE_BOUND('',#8825,.T.);
#8825 = EDGE_LOOP('',(#8826,#8827,#8833,#8834));
#8826 = ORIENTED_EDGE('',*,*,#3698,.T.);
#8827 = ORIENTED_EDGE('',*,*,#8828,.T.);
#8828 = EDGE_CURVE('',#3691,#816,#8829,.T.);
#8829 = LINE('',#8830,#8831);
#8830 = CARTESIAN_POINT('',(7.721620082855,-6.278359889984,4.));
#8831 = VECTOR('',#8832,1.);
#8832 = DIRECTION('',(0.,0.,-1.));
#8833 = ORIENTED_EDGE('',*,*,#815,.T.);
#8834 = ORIENTED_EDGE('',*,*,#8835,.T.);
#8835 = EDGE_CURVE('',#808,#3699,#8836,.T.);
#8836 = LINE('',#8837,#8838);
#8837 = CARTESIAN_POINT('',(7.79639005661,-6.187260150909,3.));
#8838 = VECTOR('',#8839,1.);
#8839 = DIRECTION('',(0.,0.,1.));
#8840 = PLANE('',#8841);
#8841 = AXIS2_PLACEMENT_3D('',#8842,#8843,#8844);
#8842 = CARTESIAN_POINT('',(7.759005069733,-6.232810020447,3.5));
#8843 = DIRECTION('',(0.772984030173,-0.634425479546,0.));
#8844 = DIRECTION('',(0.634425479546,0.772984030173,0.));
#8845 = ADVANCED_FACE('',(#8846),#8852,.T.);
#8846 = FACE_BOUND('',#8847,.T.);
#8847 = EDGE_LOOP('',(#8848,#8849,#8850,#8851));
#8848 = ORIENTED_EDGE('',*,*,#4164,.T.);
#8849 = ORIENTED_EDGE('',*,*,#4087,.T.);
#8850 = ORIENTED_EDGE('',*,*,#759,.T.);
#8851 = ORIENTED_EDGE('',*,*,#8761,.T.);
#8852 = PLANE('',#8853);
#8853 = AXIS2_PLACEMENT_3D('',#8854,#8855,#8856);
#8854 = CARTESIAN_POINT('',(9.654872053325,-2.455204789109,
    8.580711345049));
#8855 = DIRECTION('',(0.956941056368,-0.290282301627,0.));
#8856 = DIRECTION('',(0.290282301627,0.956941056368,0.));
#8857 = ADVANCED_FACE('',(#8858),#8864,.T.);
#8858 = FACE_BOUND('',#8859,.T.);
#8859 = EDGE_LOOP('',(#8860,#8861,#8862,#8863));
#8860 = ORIENTED_EDGE('',*,*,#4187,.F.);
#8861 = ORIENTED_EDGE('',*,*,#8139,.T.);
#8862 = ORIENTED_EDGE('',*,*,#3729,.T.);
#8863 = ORIENTED_EDGE('',*,*,#3926,.T.);
#8864 = PLANE('',#8865);
#8865 = AXIS2_PLACEMENT_3D('',#8866,#8867,#8868);
#8866 = CARTESIAN_POINT('',(8.776750087738,-4.691264867783,9.5));
#8867 = DIRECTION('',(0.88192132797,-0.471396617797,0.));
#8868 = DIRECTION('',(0.471396617797,0.88192132797,0.));
#8869 = ADVANCED_FACE('',(#8870),#8881,.T.);
#8870 = FACE_BOUND('',#8871,.T.);
#8871 = EDGE_LOOP('',(#8872,#8873,#8874,#8875));
#8872 = ORIENTED_EDGE('',*,*,#3633,.F.);
#8873 = ORIENTED_EDGE('',*,*,#8813,.T.);
#8874 = ORIENTED_EDGE('',*,*,#887,.T.);
#8875 = ORIENTED_EDGE('',*,*,#8876,.T.);
#8876 = EDGE_CURVE('',#880,#3636,#8877,.T.);
#8877 = LINE('',#8878,#8879);
#8878 = CARTESIAN_POINT('',(6.278359889984,-7.721620082855,3.));
#8879 = VECTOR('',#8880,1.);
#8880 = DIRECTION('',(0.,0.,1.));
#8881 = PLANE('',#8882);
#8882 = AXIS2_PLACEMENT_3D('',#8883,#8884,#8885);
#8883 = CARTESIAN_POINT('',(5.757882470529,-8.148770808076,
    8.776196293293));
#8884 = DIRECTION('',(0.634398560995,-0.773006122749,-0.));
#8885 = DIRECTION('',(-0.773006122749,-0.634398560995,0.));
#8886 = ADVANCED_FACE('',(#8887),#8898,.T.);
#8887 = FACE_BOUND('',#8888,.T.);
#8888 = EDGE_LOOP('',(#8889,#8890,#8891,#8892));
#8889 = ORIENTED_EDGE('',*,*,#8185,.T.);
#8890 = ORIENTED_EDGE('',*,*,#2551,.T.);
#8891 = ORIENTED_EDGE('',*,*,#519,.T.);
#8892 = ORIENTED_EDGE('',*,*,#8893,.F.);
#8893 = EDGE_CURVE('',#8186,#512,#8894,.T.);
#8894 = LINE('',#8895,#8896);
#8895 = CARTESIAN_POINT('',(-3.826829910278,9.238800048828,15.));
#8896 = VECTOR('',#8897,1.);
#8897 = DIRECTION('',(0.,0.,-1.));
#8898 = PLANE('',#8899);
#8899 = AXIS2_PLACEMENT_3D('',#8900,#8901,#8902);
#8900 = CARTESIAN_POINT('',(-2.888864934444,9.523324966431,9.));
#8901 = DIRECTION('',(-0.290281269855,0.956941369349,0.));
#8902 = DIRECTION('',(0.956941369349,0.290281269855,0.));
#8903 = ADVANCED_FACE('',(#8904),#8915,.T.);
#8904 = FACE_BOUND('',#8905,.T.);
#8905 = EDGE_LOOP('',(#8906,#8907,#8908,#8909));
#8906 = ORIENTED_EDGE('',*,*,#8193,.T.);
#8907 = ORIENTED_EDGE('',*,*,#8893,.T.);
#8908 = ORIENTED_EDGE('',*,*,#511,.T.);
#8909 = ORIENTED_EDGE('',*,*,#8910,.F.);
#8910 = EDGE_CURVE('',#7286,#504,#8911,.T.);
#8911 = LINE('',#8912,#8913);
#8912 = CARTESIAN_POINT('',(-5.555699825287,8.314700126648,15.));
#8913 = VECTOR('',#8914,1.);
#8914 = DIRECTION('',(0.,0.,-1.));
#8915 = PLANE('',#8916);
#8916 = AXIS2_PLACEMENT_3D('',#8917,#8918,#8919);
#8917 = CARTESIAN_POINT('',(-4.691264867783,8.776750087738,9.));
#8918 = DIRECTION('',(-0.471396617797,0.88192132797,0.));
#8919 = DIRECTION('',(0.88192132797,0.471396617797,0.));
#8920 = ADVANCED_FACE('',(#8921),#8937,.T.);
#8921 = FACE_BOUND('',#8922,.T.);
#8922 = EDGE_LOOP('',(#8923,#8924,#8930,#8931));
#8923 = ORIENTED_EDGE('',*,*,#431,.T.);
#8924 = ORIENTED_EDGE('',*,*,#8925,.T.);
#8925 = EDGE_CURVE('',#424,#7133,#8926,.T.);
#8926 = LINE('',#8927,#8928);
#8927 = CARTESIAN_POINT('',(-7.79639005661,6.187260150909,3.));
#8928 = VECTOR('',#8929,1.);
#8929 = DIRECTION('',(0.,0.,1.));
#8930 = ORIENTED_EDGE('',*,*,#7210,.T.);
#8931 = ORIENTED_EDGE('',*,*,#8932,.T.);
#8932 = EDGE_CURVE('',#7149,#432,#8933,.T.);
#8933 = LINE('',#8934,#8935);
#8934 = CARTESIAN_POINT('',(-7.721620082855,6.278359889984,4.));
#8935 = VECTOR('',#8936,1.);
#8936 = DIRECTION('',(0.,0.,-1.));
#8937 = PLANE('',#8938);
#8938 = AXIS2_PLACEMENT_3D('',#8939,#8940,#8941);
#8939 = CARTESIAN_POINT('',(-7.759005069733,6.232810020447,3.5));
#8940 = DIRECTION('',(-0.772984030173,0.634425479546,-0.));
#8941 = DIRECTION('',(-0.634425479546,-0.772984030173,0.));
#8942 = ADVANCED_FACE('',(#8943),#8954,.T.);
#8943 = FACE_BOUND('',#8944,.T.);
#8944 = EDGE_LOOP('',(#8945,#8946,#8947,#8948));
#8945 = ORIENTED_EDGE('',*,*,#7285,.F.);
#8946 = ORIENTED_EDGE('',*,*,#8910,.T.);
#8947 = ORIENTED_EDGE('',*,*,#503,.T.);
#8948 = ORIENTED_EDGE('',*,*,#8949,.T.);
#8949 = EDGE_CURVE('',#496,#7165,#8950,.T.);
#8950 = LINE('',#8951,#8952);
#8951 = CARTESIAN_POINT('',(-6.278359889984,7.721620082855,3.));
#8952 = VECTOR('',#8953,1.);
#8953 = DIRECTION('',(0.,0.,1.));
#8954 = PLANE('',#8955);
#8955 = AXIS2_PLACEMENT_3D('',#8956,#8957,#8958);
#8956 = CARTESIAN_POINT('',(-5.757882470529,8.148770808076,
    8.776196293293));
#8957 = DIRECTION('',(-0.634398560995,0.773006122749,0.));
#8958 = DIRECTION('',(0.773006122749,0.634398560995,0.));
#8959 = ADVANCED_FACE('',(#8960),#8976,.T.);
#8960 = FACE_BOUND('',#8961,.T.);
#8961 = EDGE_LOOP('',(#8962,#8963,#8969,#8970));
#8962 = ORIENTED_EDGE('',*,*,#375,.T.);
#8963 = ORIENTED_EDGE('',*,*,#8964,.F.);
#8964 = EDGE_CURVE('',#6965,#368,#8965,.T.);
#8965 = LINE('',#8966,#8967);
#8966 = CARTESIAN_POINT('',(-9.807849884033,1.950899958611,15.));
#8967 = VECTOR('',#8968,1.);
#8968 = DIRECTION('',(0.,0.,-1.));
#8969 = ORIENTED_EDGE('',*,*,#6964,.T.);
#8970 = ORIENTED_EDGE('',*,*,#8971,.T.);
#8971 = EDGE_CURVE('',#6967,#376,#8972,.T.);
#8972 = LINE('',#8973,#8974);
#8973 = CARTESIAN_POINT('',(-9.277210235596,3.700200080872,4.));
#8974 = VECTOR('',#8975,1.);
#8975 = DIRECTION('',(0.,0.,-1.));
#8976 = PLANE('',#8977);
#8977 = AXIS2_PLACEMENT_3D('',#8978,#8979,#8980);
#8978 = CARTESIAN_POINT('',(-9.654872053325,2.455204789109,
    8.580711345049));
#8979 = DIRECTION('',(-0.956941056368,0.290282301627,-0.));
#8980 = DIRECTION('',(-0.290282301627,-0.956941056368,0.));
#8981 = ADVANCED_FACE('',(#8982),#8993,.T.);
#8982 = FACE_BOUND('',#8983,.T.);
#8983 = EDGE_LOOP('',(#8984,#8985,#8986,#8992));
#8984 = ORIENTED_EDGE('',*,*,#8964,.T.);
#8985 = ORIENTED_EDGE('',*,*,#367,.T.);
#8986 = ORIENTED_EDGE('',*,*,#8987,.T.);
#8987 = EDGE_CURVE('',#360,#8209,#8988,.T.);
#8988 = LINE('',#8989,#8990);
#8989 = CARTESIAN_POINT('',(-10.,0.,3.));
#8990 = VECTOR('',#8991,1.);
#8991 = DIRECTION('',(0.,0.,1.));
#8992 = ORIENTED_EDGE('',*,*,#8208,.T.);
#8993 = PLANE('',#8994);
#8994 = AXIS2_PLACEMENT_3D('',#8995,#8996,#8997);
#8995 = CARTESIAN_POINT('',(-9.903924942017,0.975449979305,9.));
#8996 = DIRECTION('',(-0.995184565389,9.801877784861E-02,-0.));
#8997 = DIRECTION('',(-9.801877784861E-02,-0.995184565389,0.));
#8998 = ADVANCED_FACE('',(#8999),#9005,.T.);
#8999 = FACE_BOUND('',#9000,.T.);
#9000 = EDGE_LOOP('',(#9001,#9002,#9003,#9004));
#9001 = ORIENTED_EDGE('',*,*,#1370,.F.);
#9002 = ORIENTED_EDGE('',*,*,#7852,.T.);
#9003 = ORIENTED_EDGE('',*,*,#2458,.T.);
#9004 = ORIENTED_EDGE('',*,*,#3265,.T.);
#9005 = PLANE('',#9006);
#9006 = AXIS2_PLACEMENT_3D('',#9007,#9008,#9009);
#9007 = CARTESIAN_POINT('',(-0.786061515952,9.922577200045,
    4.993760791789));
#9008 = DIRECTION('',(-9.801913210017E-02,0.995184530497,
    9.072570214735E-07));
#9009 = DIRECTION('',(0.995184530498,9.801913210021E-02,
    -5.074523658897E-24));
#9010 = ADVANCED_FACE('',(#9011),#9017,.T.);
#9011 = FACE_BOUND('',#9012,.T.);
#9012 = EDGE_LOOP('',(#9013,#9014,#9015,#9016));
#9013 = ORIENTED_EDGE('',*,*,#7232,.F.);
#9014 = ORIENTED_EDGE('',*,*,#7124,.T.);
#9015 = ORIENTED_EDGE('',*,*,#6997,.F.);
#9016 = ORIENTED_EDGE('',*,*,#8201,.F.);
#9017 = PLANE('',#9018);
#9018 = AXIS2_PLACEMENT_3D('',#9019,#9020,#9021);
#9019 = CARTESIAN_POINT('',(-8.776750087738,4.691264867783,9.5));
#9020 = DIRECTION('',(-0.88192132797,0.471396617797,-0.));
#9021 = DIRECTION('',(-0.471396617797,-0.88192132797,0.));
#9022 = ADVANCED_FACE('',(#9023),#9039,.T.);
#9023 = FACE_BOUND('',#9024,.T.);
#9024 = EDGE_LOOP('',(#9025,#9026,#9032,#9033));
#9025 = ORIENTED_EDGE('',*,*,#351,.T.);
#9026 = ORIENTED_EDGE('',*,*,#9027,.T.);
#9027 = EDGE_CURVE('',#24,#7565,#9028,.T.);
#9028 = LINE('',#9029,#9030);
#9029 = CARTESIAN_POINT('',(-9.277210235596,-3.700200080872,3.));
#9030 = VECTOR('',#9031,1.);
#9031 = DIRECTION('',(0.,0.,1.));
#9032 = ORIENTED_EDGE('',*,*,#7714,.T.);
#9033 = ORIENTED_EDGE('',*,*,#9034,.T.);
#9034 = EDGE_CURVE('',#7707,#352,#9035,.T.);
#9035 = LINE('',#9036,#9037);
#9036 = CARTESIAN_POINT('',(-9.807849884033,-1.950899958611,15.));
#9037 = VECTOR('',#9038,1.);
#9038 = DIRECTION('',(0.,0.,-1.));
#9039 = PLANE('',#9040);
#9040 = AXIS2_PLACEMENT_3D('',#9041,#9042,#9043);
#9041 = CARTESIAN_POINT('',(-9.654872053325,-2.455204789109,
    8.580711345049));
#9042 = DIRECTION('',(-0.956941056368,-0.290282301627,-0.));
#9043 = DIRECTION('',(0.290282301627,-0.956941056368,0.));
#9044 = ADVANCED_FACE('',(#9045),#9051,.T.);
#9045 = FACE_BOUND('',#9046,.T.);
#9046 = EDGE_LOOP('',(#9047,#9048,#9049,#9050));
#9047 = ORIENTED_EDGE('',*,*,#8987,.F.);
#9048 = ORIENTED_EDGE('',*,*,#359,.T.);
#9049 = ORIENTED_EDGE('',*,*,#9034,.F.);
#9050 = ORIENTED_EDGE('',*,*,#8216,.F.);
#9051 = PLANE('',#9052);
#9052 = AXIS2_PLACEMENT_3D('',#9053,#9054,#9055);
#9053 = CARTESIAN_POINT('',(-9.903924942017,-0.975449979305,9.));
#9054 = DIRECTION('',(-0.995184565389,-9.801877784861E-02,-0.));
#9055 = DIRECTION('',(9.801877784861E-02,-0.995184565389,0.));
#9056 = ADVANCED_FACE('',(#9057),#9068,.T.);
#9057 = FACE_BOUND('',#9058,.T.);
#9058 = EDGE_LOOP('',(#9059,#9060,#9061,#9062));
#9059 = ORIENTED_EDGE('',*,*,#8107,.F.);
#9060 = ORIENTED_EDGE('',*,*,#8608,.F.);
#9061 = ORIENTED_EDGE('',*,*,#983,.T.);
#9062 = ORIENTED_EDGE('',*,*,#9063,.T.);
#9063 = EDGE_CURVE('',#976,#8108,#9064,.T.);
#9064 = LINE('',#9065,#9066);
#9065 = CARTESIAN_POINT('',(-3.826829910278,-9.238800048828,3.));
#9066 = VECTOR('',#9067,1.);
#9067 = DIRECTION('',(0.,0.,1.));
#9068 = PLANE('',#9069);
#9069 = AXIS2_PLACEMENT_3D('',#9070,#9071,#9072);
#9070 = CARTESIAN_POINT('',(-4.691264867783,-8.776750087738,9.));
#9071 = DIRECTION('',(-0.471396617797,-0.88192132797,-0.));
#9072 = DIRECTION('',(-0.88192132797,0.471396617797,0.));
#9073 = ADVANCED_FACE('',(#9074),#9090,.T.);
#9074 = FACE_BOUND('',#9075,.T.);
#9075 = EDGE_LOOP('',(#9076,#9077,#9083,#9084));
#9076 = ORIENTED_EDGE('',*,*,#4415,.F.);
#9077 = ORIENTED_EDGE('',*,*,#9078,.T.);
#9078 = EDGE_CURVE('',#4416,#968,#9079,.T.);
#9079 = LINE('',#9080,#9081);
#9080 = CARTESIAN_POINT('',(-1.950899958611,-9.807849884033,15.));
#9081 = VECTOR('',#9082,1.);
#9082 = DIRECTION('',(0.,0.,-1.));
#9083 = ORIENTED_EDGE('',*,*,#967,.T.);
#9084 = ORIENTED_EDGE('',*,*,#9085,.T.);
#9085 = EDGE_CURVE('',#960,#4418,#9086,.T.);
#9086 = LINE('',#9087,#9088);
#9087 = CARTESIAN_POINT('',(-1.452479958534,-9.85694026947,3.));
#9088 = VECTOR('',#9089,1.);
#9089 = DIRECTION('',(0.,0.,1.));
#9090 = PLANE('',#9091);
#9091 = AXIS2_PLACEMENT_3D('',#9092,#9093,#9094);
#9092 = CARTESIAN_POINT('',(-1.813524349372,-9.821380283307,
    8.877640974399));
#9093 = DIRECTION('',(-9.801773391101E-02,-0.995184668209,-0.));
#9094 = DIRECTION('',(-0.995184668209,9.801773391101E-02,0.));
#9095 = ADVANCED_FACE('',(#9096),#9102,.T.);
#9096 = FACE_BOUND('',#9097,.T.);
#9097 = EDGE_LOOP('',(#9098,#9099,#9100,#9101));
#9098 = ORIENTED_EDGE('',*,*,#8115,.F.);
#9099 = ORIENTED_EDGE('',*,*,#9063,.F.);
#9100 = ORIENTED_EDGE('',*,*,#975,.T.);
#9101 = ORIENTED_EDGE('',*,*,#9078,.F.);
#9102 = PLANE('',#9103);
#9103 = AXIS2_PLACEMENT_3D('',#9104,#9105,#9106);
#9104 = CARTESIAN_POINT('',(-2.888864934444,-9.523324966431,9.));
#9105 = DIRECTION('',(-0.290281269855,-0.956941369349,-0.));
#9106 = DIRECTION('',(-0.956941369349,0.290281269855,0.));
#9107 = ADVANCED_FACE('',(#9108),#9124,.T.);
#9108 = FACE_BOUND('',#9109,.T.);
#9109 = EDGE_LOOP('',(#9110,#9111,#9117,#9118));
#9110 = ORIENTED_EDGE('',*,*,#94,.F.);
#9111 = ORIENTED_EDGE('',*,*,#9112,.T.);
#9112 = EDGE_CURVE('',#87,#5037,#9113,.T.);
#9113 = LINE('',#9114,#9115);
#9114 = CARTESIAN_POINT('',(-8.838829994202,-8.838829994202,3.));
#9115 = VECTOR('',#9116,1.);
#9116 = DIRECTION('',(0.,0.,-1.));
#9117 = ORIENTED_EDGE('',*,*,#5036,.F.);
#9118 = ORIENTED_EDGE('',*,*,#9119,.T.);
#9119 = EDGE_CURVE('',#5029,#95,#9120,.T.);
#9120 = LINE('',#9121,#9122);
#9121 = CARTESIAN_POINT('',(-6.944630146027,-10.39340019226,0.));
#9122 = VECTOR('',#9123,1.);
#9123 = DIRECTION('',(0.,0.,1.));
#9124 = PLANE('',#9125);
#9125 = AXIS2_PLACEMENT_3D('',#9126,#9127,#9128);
#9126 = CARTESIAN_POINT('',(-7.891730070114,-9.616115093231,1.5));
#9127 = DIRECTION('',(-0.634403174021,-0.77300233686,-0.));
#9128 = DIRECTION('',(-0.77300233686,0.634403174021,0.));
#9129 = ADVANCED_FACE('',(#9130),#9136,.T.);
#9130 = FACE_BOUND('',#9131,.T.);
#9131 = EDGE_LOOP('',(#9132,#9133,#9134,#9135));
#9132 = ORIENTED_EDGE('',*,*,#230,.F.);
#9133 = ORIENTED_EDGE('',*,*,#4872,.F.);
#9134 = ORIENTED_EDGE('',*,*,#5138,.F.);
#9135 = ORIENTED_EDGE('',*,*,#4825,.F.);
#9136 = PLANE('',#9137);
#9137 = AXIS2_PLACEMENT_3D('',#9138,#9139,#9140);
#9138 = CARTESIAN_POINT('',(5.86408495903,10.970950126648,1.5));
#9139 = DIRECTION('',(0.47138816616,0.881925845411,0.));
#9140 = DIRECTION('',(0.881925845411,-0.47138816616,0.));
#9141 = ADVANCED_FACE('',(#9142),#9158,.T.);
#9142 = FACE_BOUND('',#9143,.T.);
#9143 = EDGE_LOOP('',(#9144,#9150,#9151,#9157));
#9144 = ORIENTED_EDGE('',*,*,#9145,.T.);
#9145 = EDGE_CURVE('',#303,#5077,#9146,.T.);
#9146 = LINE('',#9147,#9148);
#9147 = CARTESIAN_POINT('',(-12.25979995727,2.438630104065,3.));
#9148 = VECTOR('',#9149,1.);
#9149 = DIRECTION('',(0.,0.,-1.));
#9150 = ORIENTED_EDGE('',*,*,#5076,.F.);
#9151 = ORIENTED_EDGE('',*,*,#9152,.T.);
#9152 = EDGE_CURVE('',#5069,#311,#9153,.T.);
#9153 = LINE('',#9154,#9155);
#9154 = CARTESIAN_POINT('',(-12.5,0.,0.));
#9155 = VECTOR('',#9156,1.);
#9156 = DIRECTION('',(0.,0.,1.));
#9157 = ORIENTED_EDGE('',*,*,#310,.F.);
#9158 = PLANE('',#9159);
#9159 = AXIS2_PLACEMENT_3D('',#9160,#9161,#9162);
#9160 = CARTESIAN_POINT('',(-12.37989997863,1.219315052032,1.5));
#9161 = DIRECTION('',(-0.995184092062,9.802358341831E-02,-0.));
#9162 = DIRECTION('',(-9.802358341831E-02,-0.995184092062,0.));
#9163 = ADVANCED_FACE('',(#9164),#9175,.T.);
#9164 = FACE_BOUND('',#9165,.T.);
#9165 = EDGE_LOOP('',(#9166,#9172,#9173,#9174));
#9166 = ORIENTED_EDGE('',*,*,#9167,.T.);
#9167 = EDGE_CURVE('',#5170,#167,#9168,.T.);
#9168 = LINE('',#9169,#9170);
#9169 = CARTESIAN_POINT('',(11.548500061035,-4.783539772034,0.));
#9170 = VECTOR('',#9171,1.);
#9171 = DIRECTION('',(0.,0.,1.));
#9172 = ORIENTED_EDGE('',*,*,#166,.F.);
#9173 = ORIENTED_EDGE('',*,*,#4917,.F.);
#9174 = ORIENTED_EDGE('',*,*,#5177,.F.);
#9175 = PLANE('',#9176);
#9176 = AXIS2_PLACEMENT_3D('',#9177,#9178,#9179);
#9177 = CARTESIAN_POINT('',(10.970950126648,-5.86408495903,1.5));
#9178 = DIRECTION('',(0.881925845411,-0.47138816616,0.));
#9179 = DIRECTION('',(0.47138816616,0.881925845411,0.));
#9180 = ADVANCED_FACE('',(#9181),#9192,.T.);
#9181 = FACE_BOUND('',#9182,.T.);
#9182 = EDGE_LOOP('',(#9183,#9184,#9185,#9186));
#9183 = ORIENTED_EDGE('',*,*,#142,.F.);
#9184 = ORIENTED_EDGE('',*,*,#7994,.F.);
#9185 = ORIENTED_EDGE('',*,*,#5192,.F.);
#9186 = ORIENTED_EDGE('',*,*,#9187,.T.);
#9187 = EDGE_CURVE('',#5185,#143,#9188,.T.);
#9188 = LINE('',#9189,#9190);
#9189 = CARTESIAN_POINT('',(6.944630146027,-10.39340019226,0.));
#9190 = VECTOR('',#9191,1.);
#9191 = DIRECTION('',(0.,0.,1.));
#9192 = PLANE('',#9193);
#9193 = AXIS2_PLACEMENT_3D('',#9194,#9195,#9196);
#9194 = CARTESIAN_POINT('',(5.86408495903,-10.97095012664,1.5));
#9195 = DIRECTION('',(0.47138816616,-0.881925845411,-0.));
#9196 = DIRECTION('',(-0.881925845411,-0.47138816616,0.));
#9197 = ADVANCED_FACE('',(#9198),#9214,.T.);
#9198 = FACE_BOUND('',#9199,.T.);
#9199 = EDGE_LOOP('',(#9200,#9201,#9207,#9208));
#9200 = ORIENTED_EDGE('',*,*,#278,.F.);
#9201 = ORIENTED_EDGE('',*,*,#9202,.T.);
#9202 = EDGE_CURVE('',#271,#5109,#9203,.T.);
#9203 = LINE('',#9204,#9205);
#9204 = CARTESIAN_POINT('',(-6.944630146027,10.393400192261,3.));
#9205 = VECTOR('',#9206,1.);
#9206 = DIRECTION('',(0.,0.,-1.));
#9207 = ORIENTED_EDGE('',*,*,#5108,.F.);
#9208 = ORIENTED_EDGE('',*,*,#9209,.T.);
#9209 = EDGE_CURVE('',#5101,#279,#9210,.T.);
#9210 = LINE('',#9211,#9212);
#9211 = CARTESIAN_POINT('',(-8.838829994202,8.838829994202,0.));
#9212 = VECTOR('',#9213,1.);
#9213 = DIRECTION('',(0.,0.,1.));
#9214 = PLANE('',#9215);
#9215 = AXIS2_PLACEMENT_3D('',#9216,#9217,#9218);
#9216 = CARTESIAN_POINT('',(-7.891730070114,9.616115093231,1.5));
#9217 = DIRECTION('',(-0.634403174021,0.77300233686,0.));
#9218 = DIRECTION('',(0.77300233686,0.634403174021,0.));
#9219 = ADVANCED_FACE('',(#9220),#9226,.T.);
#9220 = FACE_BOUND('',#9221,.T.);
#9221 = EDGE_LOOP('',(#9222,#9223,#9224,#9225));
#9222 = ORIENTED_EDGE('',*,*,#270,.F.);
#9223 = ORIENTED_EDGE('',*,*,#4810,.F.);
#9224 = ORIENTED_EDGE('',*,*,#5116,.F.);
#9225 = ORIENTED_EDGE('',*,*,#9202,.F.);
#9226 = PLANE('',#9227);
#9227 = AXIS2_PLACEMENT_3D('',#9228,#9229,#9230);
#9228 = CARTESIAN_POINT('',(-5.86408495903,10.970950126648,1.5));
#9229 = DIRECTION('',(-0.47138816616,0.881925845411,0.));
#9230 = DIRECTION('',(0.881925845411,0.47138816616,0.));
#9231 = ADVANCED_FACE('',(#9232),#9243,.T.);
#9232 = FACE_BOUND('',#9233,.T.);
#9233 = EDGE_LOOP('',(#9234,#9235,#9236,#9237));
#9234 = ORIENTED_EDGE('',*,*,#102,.F.);
#9235 = ORIENTED_EDGE('',*,*,#9119,.F.);
#9236 = ORIENTED_EDGE('',*,*,#5028,.F.);
#9237 = ORIENTED_EDGE('',*,*,#9238,.T.);
#9238 = EDGE_CURVE('',#5021,#103,#9239,.T.);
#9239 = LINE('',#9240,#9241);
#9240 = CARTESIAN_POINT('',(-4.783539772034,-11.54850006103,0.));
#9241 = VECTOR('',#9242,1.);
#9242 = DIRECTION('',(0.,0.,1.));
#9243 = PLANE('',#9244);
#9244 = AXIS2_PLACEMENT_3D('',#9245,#9246,#9247);
#9245 = CARTESIAN_POINT('',(-5.86408495903,-10.97095012664,1.5));
#9246 = DIRECTION('',(-0.47138816616,-0.881925845411,-0.));
#9247 = DIRECTION('',(-0.881925845411,0.47138816616,0.));
#9248 = ADVANCED_FACE('',(#9249),#9255,.T.);
#9249 = FACE_BOUND('',#9250,.T.);
#9250 = EDGE_LOOP('',(#9251,#9252,#9253,#9254));
#9251 = ORIENTED_EDGE('',*,*,#7959,.F.);
#9252 = ORIENTED_EDGE('',*,*,#5084,.F.);
#9253 = ORIENTED_EDGE('',*,*,#9145,.F.);
#9254 = ORIENTED_EDGE('',*,*,#302,.F.);
#9255 = PLANE('',#9256);
#9256 = AXIS2_PLACEMENT_3D('',#9257,#9258,#9259);
#9257 = CARTESIAN_POINT('',(-11.90415000915,3.611084938049,1.5));
#9258 = DIRECTION('',(-0.956942679456,0.290276950922,-0.));
#9259 = DIRECTION('',(-0.290276950922,-0.956942679456,0.));
#9260 = ADVANCED_FACE('',(#9261),#9272,.T.);
#9261 = FACE_BOUND('',#9262,.T.);
#9262 = EDGE_LOOP('',(#9263,#9269,#9270,#9271));
#9263 = ORIENTED_EDGE('',*,*,#9264,.T.);
#9264 = EDGE_CURVE('',#5162,#175,#9265,.T.);
#9265 = LINE('',#9266,#9267);
#9266 = CARTESIAN_POINT('',(12.259799957275,-2.438630104065,0.));
#9267 = VECTOR('',#9268,1.);
#9268 = DIRECTION('',(0.,0.,1.));
#9269 = ORIENTED_EDGE('',*,*,#174,.F.);
#9270 = ORIENTED_EDGE('',*,*,#9167,.F.);
#9271 = ORIENTED_EDGE('',*,*,#5169,.F.);
#9272 = PLANE('',#9273);
#9273 = AXIS2_PLACEMENT_3D('',#9274,#9275,#9276);
#9274 = CARTESIAN_POINT('',(11.904150009155,-3.611084938049,1.5));
#9275 = DIRECTION('',(0.956942679456,-0.290276950922,0.));
#9276 = DIRECTION('',(0.290276950922,0.956942679456,0.));
#9277 = ADVANCED_FACE('',(#9278),#9284,.T.);
#9278 = FACE_BOUND('',#9279,.T.);
#9279 = EDGE_LOOP('',(#9280,#9281,#9282,#9283));
#9280 = ORIENTED_EDGE('',*,*,#254,.F.);
#9281 = ORIENTED_EDGE('',*,*,#8062,.F.);
#9282 = ORIENTED_EDGE('',*,*,#5123,.F.);
#9283 = ORIENTED_EDGE('',*,*,#4794,.F.);
#9284 = PLANE('',#9285);
#9285 = AXIS2_PLACEMENT_3D('',#9286,#9287,#9288);
#9286 = CARTESIAN_POINT('',(-1.219315052032,12.379899978638,1.5));
#9287 = DIRECTION('',(-9.802358341831E-02,0.995184092062,0.));
#9288 = DIRECTION('',(0.995184092062,9.802358341831E-02,0.));
#9289 = ADVANCED_FACE('',(#9290),#9296,.T.);
#9290 = FACE_BOUND('',#9291,.T.);
#9291 = EDGE_LOOP('',(#9292,#9293,#9294,#9295));
#9292 = ORIENTED_EDGE('',*,*,#9209,.F.);
#9293 = ORIENTED_EDGE('',*,*,#5100,.F.);
#9294 = ORIENTED_EDGE('',*,*,#7952,.F.);
#9295 = ORIENTED_EDGE('',*,*,#286,.F.);
#9296 = PLANE('',#9297);
#9297 = AXIS2_PLACEMENT_3D('',#9298,#9299,#9300);
#9298 = CARTESIAN_POINT('',(-9.616115093231,7.891730070114,1.5));
#9299 = DIRECTION('',(-0.77300233686,0.634403174021,-0.));
#9300 = DIRECTION('',(-0.634403174021,-0.77300233686,0.));
#9301 = ADVANCED_FACE('',(#9302),#9308,.T.);
#9302 = FACE_BOUND('',#9303,.T.);
#9303 = EDGE_LOOP('',(#9304,#9305,#9306,#9307));
#9304 = ORIENTED_EDGE('',*,*,#7976,.F.);
#9305 = ORIENTED_EDGE('',*,*,#182,.F.);
#9306 = ORIENTED_EDGE('',*,*,#9264,.F.);
#9307 = ORIENTED_EDGE('',*,*,#5161,.F.);
#9308 = PLANE('',#9309);
#9309 = AXIS2_PLACEMENT_3D('',#9310,#9311,#9312);
#9310 = CARTESIAN_POINT('',(12.379899978638,-1.219315052032,1.5));
#9311 = DIRECTION('',(0.995184092062,-9.802358341831E-02,0.));
#9312 = DIRECTION('',(9.802358341831E-02,0.995184092062,0.));
#9313 = ADVANCED_FACE('',(#9314),#9320,.T.);
#9314 = FACE_BOUND('',#9315,.T.);
#9315 = EDGE_LOOP('',(#9316,#9317,#9318,#9319));
#9316 = ORIENTED_EDGE('',*,*,#8032,.F.);
#9317 = ORIENTED_EDGE('',*,*,#5044,.F.);
#9318 = ORIENTED_EDGE('',*,*,#9112,.F.);
#9319 = ORIENTED_EDGE('',*,*,#86,.F.);
#9320 = PLANE('',#9321);
#9321 = AXIS2_PLACEMENT_3D('',#9322,#9323,#9324);
#9322 = CARTESIAN_POINT('',(-9.616115093231,-7.891730070114,1.5));
#9323 = DIRECTION('',(-0.77300233686,-0.634403174021,-0.));
#9324 = DIRECTION('',(0.634403174021,-0.77300233686,0.));
#9325 = ADVANCED_FACE('',(#9326),#9332,.T.);
#9326 = FACE_BOUND('',#9327,.T.);
#9327 = EDGE_LOOP('',(#9328,#9329,#9330,#9331));
#9328 = ORIENTED_EDGE('',*,*,#150,.F.);
#9329 = ORIENTED_EDGE('',*,*,#9187,.F.);
#9330 = ORIENTED_EDGE('',*,*,#5184,.F.);
#9331 = ORIENTED_EDGE('',*,*,#4926,.F.);
#9332 = PLANE('',#9333);
#9333 = AXIS2_PLACEMENT_3D('',#9334,#9335,#9336);
#9334 = CARTESIAN_POINT('',(7.891730070114,-9.616115093231,1.5));
#9335 = DIRECTION('',(0.634403174021,-0.77300233686,-0.));
#9336 = DIRECTION('',(-0.77300233686,-0.634403174021,0.));
#9337 = ADVANCED_FACE('',(#9338),#9344,.T.);
#9338 = FACE_BOUND('',#9339,.T.);
#9339 = EDGE_LOOP('',(#9340,#9341,#9342,#9343));
#9340 = ORIENTED_EDGE('',*,*,#9152,.F.);
#9341 = ORIENTED_EDGE('',*,*,#5068,.F.);
#9342 = ORIENTED_EDGE('',*,*,#8008,.F.);
#9343 = ORIENTED_EDGE('',*,*,#318,.F.);
#9344 = PLANE('',#9345);
#9345 = AXIS2_PLACEMENT_3D('',#9346,#9347,#9348);
#9346 = CARTESIAN_POINT('',(-12.37989997863,-1.219315052032,1.5));
#9347 = DIRECTION('',(-0.995184092062,-9.802358341831E-02,-0.));
#9348 = DIRECTION('',(9.802358341831E-02,-0.995184092062,0.));
#9349 = ADVANCED_FACE('',(#9350),#9361,.T.);
#9350 = FACE_BOUND('',#9351,.T.);
#9351 = EDGE_LOOP('',(#9352,#9353,#9359,#9360));
#9352 = ORIENTED_EDGE('',*,*,#118,.F.);
#9353 = ORIENTED_EDGE('',*,*,#9354,.T.);
#9354 = EDGE_CURVE('',#111,#5013,#9355,.T.);
#9355 = LINE('',#9356,#9357);
#9356 = CARTESIAN_POINT('',(-2.438630104065,-12.25979995727,3.));
#9357 = VECTOR('',#9358,1.);
#9358 = DIRECTION('',(0.,0.,-1.));
#9359 = ORIENTED_EDGE('',*,*,#5012,.F.);
#9360 = ORIENTED_EDGE('',*,*,#4973,.F.);
#9361 = PLANE('',#9362);
#9362 = AXIS2_PLACEMENT_3D('',#9363,#9364,#9365);
#9363 = CARTESIAN_POINT('',(-1.219315052032,-12.37989997863,1.5));
#9364 = DIRECTION('',(-9.802358341831E-02,-0.995184092062,-0.));
#9365 = DIRECTION('',(-0.995184092062,9.802358341831E-02,0.));
#9366 = ADVANCED_FACE('',(#9367),#9373,.T.);
#9367 = FACE_BOUND('',#9368,.T.);
#9368 = EDGE_LOOP('',(#9369,#9370,#9371,#9372));
#9369 = ORIENTED_EDGE('',*,*,#110,.F.);
#9370 = ORIENTED_EDGE('',*,*,#9238,.F.);
#9371 = ORIENTED_EDGE('',*,*,#5020,.F.);
#9372 = ORIENTED_EDGE('',*,*,#9354,.F.);
#9373 = PLANE('',#9374);
#9374 = AXIS2_PLACEMENT_3D('',#9375,#9376,#9377);
#9375 = CARTESIAN_POINT('',(-3.611084938049,-11.90415000915,1.5));
#9376 = DIRECTION('',(-0.290276950922,-0.956942679456,-0.));
#9377 = DIRECTION('',(-0.956942679456,0.290276950922,0.));
#9378 = ADVANCED_FACE('',(#9379),#9390,.T.);
#9379 = FACE_BOUND('',#9380,.T.);
#9380 = EDGE_LOOP('',(#9381,#9382,#9383,#9384));
#9381 = ORIENTED_EDGE('',*,*,#695,.F.);
#9382 = ORIENTED_EDGE('',*,*,#3572,.T.);
#9383 = ORIENTED_EDGE('',*,*,#5613,.F.);
#9384 = ORIENTED_EDGE('',*,*,#9385,.T.);
#9385 = EDGE_CURVE('',#5606,#696,#9386,.T.);
#9386 = LINE('',#9387,#9388);
#9387 = CARTESIAN_POINT('',(8.578740119934,5.836709976196,0.));
#9388 = VECTOR('',#9389,1.);
#9389 = DIRECTION('',(0.,0.,1.));
#9390 = PLANE('',#9391);
#9391 = AXIS2_PLACEMENT_3D('',#9392,#9393,#9394);
#9392 = CARTESIAN_POINT('',(8.228795051575,6.009279966354,1.5));
#9393 = DIRECTION('',(-0.442280815759,-0.896876624743,-0.));
#9394 = DIRECTION('',(-0.896876624743,0.442280815759,0.));
#9395 = ADVANCED_FACE('',(#9396),#9407,.T.);
#9396 = FACE_BOUND('',#9397,.T.);
#9397 = EDGE_LOOP('',(#9398,#9399,#9400,#9406));
#9398 = ORIENTED_EDGE('',*,*,#9385,.F.);
#9399 = ORIENTED_EDGE('',*,*,#5605,.F.);
#9400 = ORIENTED_EDGE('',*,*,#9401,.T.);
#9401 = EDGE_CURVE('',#5598,#704,#9402,.T.);
#9402 = LINE('',#9403,#9404);
#9403 = CARTESIAN_POINT('',(9.093270301819,5.25,0.));
#9404 = VECTOR('',#9405,1.);
#9405 = DIRECTION('',(0.,0.,1.));
#9406 = ORIENTED_EDGE('',*,*,#703,.F.);
#9407 = PLANE('',#9408);
#9408 = AXIS2_PLACEMENT_3D('',#9409,#9410,#9411);
#9409 = CARTESIAN_POINT('',(8.836005210876,5.543354988098,1.5));
#9410 = DIRECTION('',(-0.751840225369,-0.659345338587,-0.));
#9411 = DIRECTION('',(0.659345338587,-0.751840225369,0.));
#9412 = ADVANCED_FACE('',(#9413),#9424,.T.);
#9413 = FACE_BOUND('',#9414,.T.);
#9414 = EDGE_LOOP('',(#9415,#9416,#9417,#9423));
#9415 = ORIENTED_EDGE('',*,*,#8687,.F.);
#9416 = ORIENTED_EDGE('',*,*,#6724,.T.);
#9417 = ORIENTED_EDGE('',*,*,#9418,.T.);
#9418 = EDGE_CURVE('',#6717,#3521,#9419,.T.);
#9419 = LINE('',#9420,#9421);
#9420 = CARTESIAN_POINT('',(7.666440010071,6.195769786835,4.));
#9421 = VECTOR('',#9422,1.);
#9422 = DIRECTION('',(0.,0.,-1.));
#9423 = ORIENTED_EDGE('',*,*,#3551,.T.);
#9424 = PLANE('',#9425);
#9425 = AXIS2_PLACEMENT_3D('',#9426,#9427,#9428);
#9426 = CARTESIAN_POINT('',(7.707448011959,6.193084422917,2.031850782369
    ));
#9427 = DIRECTION('',(-6.534394839305E-02,-0.997862800393,-0.));
#9428 = DIRECTION('',(-0.997862800393,6.534394839305E-02,0.));
#9429 = ADVANCED_FACE('',(#9430),#9441,.T.);
#9430 = FACE_BOUND('',#9431,.T.);
#9431 = EDGE_LOOP('',(#9432,#9433,#9439,#9440));
#9432 = ORIENTED_EDGE('',*,*,#3610,.F.);
#9433 = ORIENTED_EDGE('',*,*,#9434,.T.);
#9434 = EDGE_CURVE('',#3611,#6573,#9435,.T.);
#9435 = LINE('',#9436,#9437);
#9436 = CARTESIAN_POINT('',(8.947919845581,3.03248000145,0.));
#9437 = VECTOR('',#9438,1.);
#9438 = DIRECTION('',(0.,0.,1.));
#9439 = ORIENTED_EDGE('',*,*,#6572,.T.);
#9440 = ORIENTED_EDGE('',*,*,#8728,.F.);
#9441 = PLANE('',#9442);
#9442 = AXIS2_PLACEMENT_3D('',#9443,#9444,#9445);
#9443 = CARTESIAN_POINT('',(9.056661526592,3.252981437517,2.163375287211
    ));
#9444 = DIRECTION('',(-0.896868858934,0.442296563263,-0.));
#9445 = DIRECTION('',(-0.442296563263,-0.896868858934,0.));
#9446 = ADVANCED_FACE('',(#9447),#9453,.T.);
#9447 = FACE_BOUND('',#9448,.T.);
#9448 = EDGE_LOOP('',(#9449,#9450,#9451,#9452));
#9449 = ORIENTED_EDGE('',*,*,#6927,.F.);
#9450 = ORIENTED_EDGE('',*,*,#6620,.F.);
#9451 = ORIENTED_EDGE('',*,*,#6942,.F.);
#9452 = ORIENTED_EDGE('',*,*,#5732,.F.);
#9453 = PLANE('',#9454);
#9454 = AXIS2_PLACEMENT_3D('',#9455,#9456,#9457);
#9455 = CARTESIAN_POINT('',(5.503745079041,3.619475007057,2.));
#9456 = DIRECTION('',(0.946934042702,0.321427937136,0.));
#9457 = DIRECTION('',(-0.321427937136,0.946934042702,0.));
#9458 = ADVANCED_FACE('',(#9459),#9470,.T.);
#9459 = FACE_BOUND('',#9460,.T.);
#9460 = EDGE_LOOP('',(#9461,#9467,#9468,#9469));
#9461 = ORIENTED_EDGE('',*,*,#9462,.T.);
#9462 = EDGE_CURVE('',#712,#5590,#9463,.T.);
#9463 = LINE('',#9464,#9465);
#9464 = CARTESIAN_POINT('',(9.344099998474,4.511050224304,3.));
#9465 = VECTOR('',#9466,1.);
#9466 = DIRECTION('',(0.,0.,-1.));
#9467 = ORIENTED_EDGE('',*,*,#5589,.F.);
#9468 = ORIENTED_EDGE('',*,*,#3596,.F.);
#9469 = ORIENTED_EDGE('',*,*,#719,.F.);
#9470 = PLANE('',#9471);
#9471 = AXIS2_PLACEMENT_3D('',#9472,#9473,#9474);
#9472 = CARTESIAN_POINT('',(9.318584918976,4.121705055237,1.5));
#9473 = DIRECTION('',(-0.997859584066,6.539304616665E-02,-0.));
#9474 = DIRECTION('',(-6.539304616665E-02,-0.997859584066,0.));
#9475 = ADVANCED_FACE('',(#9476),#9482,.T.);
#9476 = FACE_BOUND('',#9477,.T.);
#9477 = EDGE_LOOP('',(#9478,#9479,#9480,#9481));
#9478 = ORIENTED_EDGE('',*,*,#9401,.F.);
#9479 = ORIENTED_EDGE('',*,*,#5597,.F.);
#9480 = ORIENTED_EDGE('',*,*,#9462,.F.);
#9481 = ORIENTED_EDGE('',*,*,#711,.F.);
#9482 = PLANE('',#9483);
#9483 = AXIS2_PLACEMENT_3D('',#9484,#9485,#9486);
#9484 = CARTESIAN_POINT('',(9.218685150146,4.880525112152,1.5));
#9485 = DIRECTION('',(-0.946934011137,-0.321428030129,-0.));
#9486 = DIRECTION('',(0.321428030129,-0.946934011137,0.));
#9487 = ADVANCED_FACE('',(#9488),#9499,.T.);
#9488 = FACE_BOUND('',#9489,.T.);
#9489 = EDGE_LOOP('',(#9490,#9491,#9497,#9498));
#9490 = ORIENTED_EDGE('',*,*,#6604,.F.);
#9491 = ORIENTED_EDGE('',*,*,#9492,.T.);
#9492 = EDGE_CURVE('',#6597,#5559,#9493,.T.);
#9493 = LINE('',#9494,#9495);
#9494 = CARTESIAN_POINT('',(6.843579769135,2.318150043488,4.));
#9495 = VECTOR('',#9496,1.);
#9496 = DIRECTION('',(0.,0.,-1.));
#9497 = ORIENTED_EDGE('',*,*,#5556,.F.);
#9498 = ORIENTED_EDGE('',*,*,#6949,.F.);
#9499 = PLANE('',#9500);
#9500 = AXIS2_PLACEMENT_3D('',#9501,#9502,#9503);
#9501 = CARTESIAN_POINT('',(6.493634939194,2.490720033646,2.));
#9502 = DIRECTION('',(0.442281058143,0.896876505215,0.));
#9503 = DIRECTION('',(0.896876505215,-0.442281058143,0.));
#9504 = ADVANCED_FACE('',(#9505),#9511,.T.);
#9505 = FACE_BOUND('',#9506,.T.);
#9506 = EDGE_LOOP('',(#9507,#9508,#9509,#9510));
#9507 = ORIENTED_EDGE('',*,*,#6580,.F.);
#9508 = ORIENTED_EDGE('',*,*,#9434,.F.);
#9509 = ORIENTED_EDGE('',*,*,#5582,.F.);
#9510 = ORIENTED_EDGE('',*,*,#6899,.F.);
#9511 = PLANE('',#9512);
#9512 = AXIS2_PLACEMENT_3D('',#9513,#9514,#9515);
#9513 = CARTESIAN_POINT('',(8.654570102692,2.775215029716,2.));
#9514 = DIRECTION('',(-0.659351829904,0.751834532595,0.));
#9515 = DIRECTION('',(0.751834532595,0.659351829904,0.));
#9516 = ADVANCED_FACE('',(#9517),#9523,.T.);
#9517 = FACE_BOUND('',#9518,.T.);
#9518 = EDGE_LOOP('',(#9519,#9520,#9521,#9522));
#9519 = ORIENTED_EDGE('',*,*,#6877,.F.);
#9520 = ORIENTED_EDGE('',*,*,#6636,.F.);
#9521 = ORIENTED_EDGE('',*,*,#6920,.F.);
#9522 = ORIENTED_EDGE('',*,*,#5716,.F.);
#9523 = PLANE('',#9524);
#9524 = AXIS2_PLACEMENT_3D('',#9525,#9526,#9527);
#9525 = CARTESIAN_POINT('',(5.601934909821,5.1175801754,2.));
#9526 = DIRECTION('',(0.89686902442,-0.442296227698,0.));
#9527 = DIRECTION('',(0.442296227698,0.89686902442,0.));
#9528 = ADVANCED_FACE('',(#9529),#9535,.T.);
#9529 = FACE_BOUND('',#9530,.T.);
#9530 = EDGE_LOOP('',(#9531,#9532,#9533,#9534));
#9531 = ORIENTED_EDGE('',*,*,#6596,.F.);
#9532 = ORIENTED_EDGE('',*,*,#6906,.F.);
#9533 = ORIENTED_EDGE('',*,*,#5566,.F.);
#9534 = ORIENTED_EDGE('',*,*,#9492,.F.);
#9535 = PLANE('',#9536);
#9536 = AXIS2_PLACEMENT_3D('',#9537,#9538,#9539);
#9537 = CARTESIAN_POINT('',(7.232924938202,2.292630076408,2.));
#9538 = DIRECTION('',(6.540551905202E-02,0.997858766599,0.));
#9539 = DIRECTION('',(0.997858766599,-6.540551905202E-02,0.));
#9540 = ADVANCED_FACE('',(#9541),#9552,.T.);
#9541 = FACE_BOUND('',#9542,.T.);
#9542 = EDGE_LOOP('',(#9543,#9544,#9545,#9546));
#9543 = ORIENTED_EDGE('',*,*,#543,.F.);
#9544 = ORIENTED_EDGE('',*,*,#3367,.T.);
#9545 = ORIENTED_EDGE('',*,*,#6301,.F.);
#9546 = ORIENTED_EDGE('',*,*,#9547,.T.);
#9547 = EDGE_CURVE('',#6294,#544,#9548,.T.);
#9548 = LINE('',#9549,#9550);
#9549 = CARTESIAN_POINT('',(-0.765366971493,10.347800254822,0.));
#9550 = VECTOR('',#9551,1.);
#9551 = DIRECTION('',(0.,0.,1.));
#9552 = PLANE('',#9553);
#9553 = AXIS2_PLACEMENT_3D('',#9554,#9555,#9556);
#9554 = CARTESIAN_POINT('',(-1.089788466692,10.13100528717,1.5));
#9555 = DIRECTION('',(0.555611789708,-0.831441843509,-0.));
#9556 = DIRECTION('',(-0.831441843509,-0.555611789708,0.));
#9557 = ADVANCED_FACE('',(#9558),#9569,.T.);
#9558 = FACE_BOUND('',#9559,.T.);
#9559 = EDGE_LOOP('',(#9560,#9561,#9562,#9563));
#9560 = ORIENTED_EDGE('',*,*,#551,.F.);
#9561 = ORIENTED_EDGE('',*,*,#9547,.F.);
#9562 = ORIENTED_EDGE('',*,*,#6293,.F.);
#9563 = ORIENTED_EDGE('',*,*,#9564,.T.);
#9564 = EDGE_CURVE('',#6286,#552,#9565,.T.);
#9565 = LINE('',#9566,#9567);
#9566 = CARTESIAN_POINT('',(0.,10.5,0.));
#9567 = VECTOR('',#9568,1.);
#9568 = DIRECTION('',(0.,0.,1.));
#9569 = PLANE('',#9570);
#9570 = AXIS2_PLACEMENT_3D('',#9571,#9572,#9573);
#9571 = CARTESIAN_POINT('',(-0.382683485746,10.423900127411,1.5));
#9572 = DIRECTION('',(0.195039521007,-0.980795383985,-0.));
#9573 = DIRECTION('',(-0.980795383985,-0.195039521007,0.));
#9574 = ADVANCED_FACE('',(#9575),#9586,.T.);
#9575 = FACE_BOUND('',#9576,.T.);
#9576 = EDGE_LOOP('',(#9577,#9578,#9584,#9585));
#9577 = ORIENTED_EDGE('',*,*,#7846,.T.);
#9578 = ORIENTED_EDGE('',*,*,#9579,.T.);
#9579 = EDGE_CURVE('',#7839,#3383,#9580,.T.);
#9580 = LINE('',#9581,#9582);
#9581 = CARTESIAN_POINT('',(-1.847759962082,9.265370368958,4.));
#9582 = VECTOR('',#9583,1.);
#9583 = DIRECTION('',(0.,0.,-1.));
#9584 = ORIENTED_EDGE('',*,*,#3382,.T.);
#9585 = ORIENTED_EDGE('',*,*,#2535,.F.);
#9586 = PLANE('',#9587);
#9587 = AXIS2_PLACEMENT_3D('',#9588,#9589,#9590);
#9588 = CARTESIAN_POINT('',(-1.717537906512,9.460258670331,
    2.157066347517));
#9589 = DIRECTION('',(0.831465954837,-0.555575706764,0.));
#9590 = DIRECTION('',(0.555575706764,0.831465954837,0.));
#9591 = ADVANCED_FACE('',(#9592),#9598,.T.);
#9592 = FACE_BOUND('',#9593,.T.);
#9593 = EDGE_LOOP('',(#9594,#9595,#9596,#9597));
#9594 = ORIENTED_EDGE('',*,*,#9579,.F.);
#9595 = ORIENTED_EDGE('',*,*,#7838,.T.);
#9596 = ORIENTED_EDGE('',*,*,#7930,.F.);
#9597 = ORIENTED_EDGE('',*,*,#6308,.F.);
#9598 = PLANE('',#9599);
#9599 = AXIS2_PLACEMENT_3D('',#9600,#9601,#9602);
#9600 = CARTESIAN_POINT('',(-1.923879981041,8.882685184479,2.));
#9601 = DIRECTION('',(0.980785671265,-0.195088357009,0.));
#9602 = DIRECTION('',(0.195088357009,0.980785671265,0.));
#9603 = ADVANCED_FACE('',(#9604),#9615,.T.);
#9604 = FACE_BOUND('',#9605,.T.);
#9605 = EDGE_LOOP('',(#9606,#9607,#9613,#9614));
#9606 = ORIENTED_EDGE('',*,*,#3428,.F.);
#9607 = ORIENTED_EDGE('',*,*,#9608,.T.);
#9608 = EDGE_CURVE('',#3429,#7865,#9609,.T.);
#9609 = LINE('',#9610,#9611);
#9610 = CARTESIAN_POINT('',(1.847759962082,9.265370368958,0.));
#9611 = VECTOR('',#9612,1.);
#9612 = DIRECTION('',(0.,0.,1.));
#9613 = ORIENTED_EDGE('',*,*,#7864,.T.);
#9614 = ORIENTED_EDGE('',*,*,#2785,.F.);
#9615 = PLANE('',#9616);
#9616 = AXIS2_PLACEMENT_3D('',#9617,#9618,#9619);
#9617 = CARTESIAN_POINT('',(1.717537906512,9.460258670331,2.157066347517
    ));
#9618 = DIRECTION('',(-0.831465954837,-0.555575706764,-0.));
#9619 = DIRECTION('',(0.555575706764,-0.831465954837,0.));
#9620 = ADVANCED_FACE('',(#9621),#9632,.T.);
#9621 = FACE_BOUND('',#9622,.T.);
#9622 = EDGE_LOOP('',(#9623,#9629,#9630,#9631));
#9623 = ORIENTED_EDGE('',*,*,#9624,.T.);
#9624 = EDGE_CURVE('',#7775,#6255,#9625,.T.);
#9625 = LINE('',#9626,#9627);
#9626 = CARTESIAN_POINT('',(1.847759962082,7.73463010788,4.));
#9627 = VECTOR('',#9628,1.);
#9628 = DIRECTION('',(0.,0.,-1.));
#9629 = ORIENTED_EDGE('',*,*,#6254,.F.);
#9630 = ORIENTED_EDGE('',*,*,#7887,.F.);
#9631 = ORIENTED_EDGE('',*,*,#7782,.T.);
#9632 = PLANE('',#9633);
#9633 = AXIS2_PLACEMENT_3D('',#9634,#9635,#9636);
#9634 = CARTESIAN_POINT('',(1.630984961987,7.410210132599,2.));
#9635 = DIRECTION('',(-0.831464281205,0.555578211488,-0.));
#9636 = DIRECTION('',(-0.555578211488,-0.831464281205,0.));
#9637 = ADVANCED_FACE('',(#9638),#9649,.T.);
#9638 = FACE_BOUND('',#9639,.T.);
#9639 = EDGE_LOOP('',(#9640,#9641,#9647,#9648));
#9640 = ORIENTED_EDGE('',*,*,#567,.F.);
#9641 = ORIENTED_EDGE('',*,*,#9642,.T.);
#9642 = EDGE_CURVE('',#560,#6278,#9643,.T.);
#9643 = LINE('',#9644,#9645);
#9644 = CARTESIAN_POINT('',(0.765366971493,10.347800254822,3.));
#9645 = VECTOR('',#9646,1.);
#9646 = DIRECTION('',(0.,0.,-1.));
#9647 = ORIENTED_EDGE('',*,*,#6277,.F.);
#9648 = ORIENTED_EDGE('',*,*,#3414,.F.);
#9649 = PLANE('',#9650);
#9650 = AXIS2_PLACEMENT_3D('',#9651,#9652,#9653);
#9651 = CARTESIAN_POINT('',(1.089788466692,10.13100528717,1.5));
#9652 = DIRECTION('',(-0.555611789708,-0.831441843509,-0.));
#9653 = DIRECTION('',(-0.831441843509,0.555611789708,0.));
#9654 = ADVANCED_FACE('',(#9655),#9661,.T.);
#9655 = FACE_BOUND('',#9656,.T.);
#9656 = EDGE_LOOP('',(#9657,#9658,#9659,#9660));
#9657 = ORIENTED_EDGE('',*,*,#559,.F.);
#9658 = ORIENTED_EDGE('',*,*,#9564,.F.);
#9659 = ORIENTED_EDGE('',*,*,#6285,.F.);
#9660 = ORIENTED_EDGE('',*,*,#9642,.F.);
#9661 = PLANE('',#9662);
#9662 = AXIS2_PLACEMENT_3D('',#9663,#9664,#9665);
#9663 = CARTESIAN_POINT('',(0.382683485746,10.423900127411,1.5));
#9664 = DIRECTION('',(-0.195039521007,-0.980795383985,-0.));
#9665 = DIRECTION('',(-0.980795383985,0.195039521007,0.));
#9666 = ADVANCED_FACE('',(#9667),#9678,.T.);
#9667 = FACE_BOUND('',#9668,.T.);
#9668 = EDGE_LOOP('',(#9669,#9670,#9671,#9677));
#9669 = ORIENTED_EDGE('',*,*,#9608,.F.);
#9670 = ORIENTED_EDGE('',*,*,#6270,.F.);
#9671 = ORIENTED_EDGE('',*,*,#9672,.T.);
#9672 = EDGE_CURVE('',#6263,#7773,#9673,.T.);
#9673 = LINE('',#9674,#9675);
#9674 = CARTESIAN_POINT('',(2.,8.5,0.));
#9675 = VECTOR('',#9676,1.);
#9676 = DIRECTION('',(0.,0.,1.));
#9677 = ORIENTED_EDGE('',*,*,#7872,.T.);
#9678 = PLANE('',#9679);
#9679 = AXIS2_PLACEMENT_3D('',#9680,#9681,#9682);
#9680 = CARTESIAN_POINT('',(1.923879981041,8.882685184479,2.));
#9681 = DIRECTION('',(-0.980785671265,-0.195088357009,-0.));
#9682 = DIRECTION('',(0.195088357009,-0.980785671265,0.));
#9683 = ADVANCED_FACE('',(#9684),#9695,.T.);
#9684 = FACE_BOUND('',#9685,.T.);
#9685 = EDGE_LOOP('',(#9686,#9687,#9693,#9694));
#9686 = ORIENTED_EDGE('',*,*,#7806,.F.);
#9687 = ORIENTED_EDGE('',*,*,#9688,.T.);
#9688 = EDGE_CURVE('',#7799,#6341,#9689,.T.);
#9689 = LINE('',#9690,#9691);
#9690 = CARTESIAN_POINT('',(0.,6.5,4.));
#9691 = VECTOR('',#9692,1.);
#9692 = DIRECTION('',(0.,0.,-1.));
#9693 = ORIENTED_EDGE('',*,*,#6340,.F.);
#9694 = ORIENTED_EDGE('',*,*,#7909,.F.);
#9695 = PLANE('',#9696);
#9696 = AXIS2_PLACEMENT_3D('',#9697,#9698,#9699);
#9697 = CARTESIAN_POINT('',(-0.382683485746,6.57611989975,2.));
#9698 = DIRECTION('',(0.195088896151,0.980785564024,0.));
#9699 = DIRECTION('',(0.980785564024,-0.195088896151,0.));
#9700 = ADVANCED_FACE('',(#9701),#9707,.T.);
#9701 = FACE_BOUND('',#9702,.T.);
#9702 = EDGE_LOOP('',(#9703,#9704,#9705,#9706));
#9703 = ORIENTED_EDGE('',*,*,#7798,.F.);
#9704 = ORIENTED_EDGE('',*,*,#7894,.F.);
#9705 = ORIENTED_EDGE('',*,*,#6348,.F.);
#9706 = ORIENTED_EDGE('',*,*,#9688,.F.);
#9707 = PLANE('',#9708);
#9708 = AXIS2_PLACEMENT_3D('',#9709,#9710,#9711);
#9709 = CARTESIAN_POINT('',(0.382683485746,6.57611989975,2.));
#9710 = DIRECTION('',(-0.195088896151,0.980785564024,0.));
#9711 = DIRECTION('',(0.980785564024,0.195088896151,0.));
#9712 = ADVANCED_FACE('',(#9713),#9719,.T.);
#9713 = FACE_BOUND('',#9714,.T.);
#9714 = EDGE_LOOP('',(#9715,#9716,#9717,#9718));
#9715 = ORIENTED_EDGE('',*,*,#7937,.F.);
#9716 = ORIENTED_EDGE('',*,*,#7822,.F.);
#9717 = ORIENTED_EDGE('',*,*,#7916,.F.);
#9718 = ORIENTED_EDGE('',*,*,#6324,.F.);
#9719 = PLANE('',#9720);
#9720 = AXIS2_PLACEMENT_3D('',#9721,#9722,#9723);
#9721 = CARTESIAN_POINT('',(-1.630984961987,7.410210132599,2.));
#9722 = DIRECTION('',(0.831464281205,0.555578211488,0.));
#9723 = DIRECTION('',(-0.555578211488,0.831464281205,0.));
#9724 = ADVANCED_FACE('',(#9725),#9731,.T.);
#9725 = FACE_BOUND('',#9726,.T.);
#9726 = EDGE_LOOP('',(#9727,#9728,#9729,#9730));
#9727 = ORIENTED_EDGE('',*,*,#9672,.F.);
#9728 = ORIENTED_EDGE('',*,*,#6262,.F.);
#9729 = ORIENTED_EDGE('',*,*,#9624,.F.);
#9730 = ORIENTED_EDGE('',*,*,#7772,.F.);
#9731 = PLANE('',#9732);
#9732 = AXIS2_PLACEMENT_3D('',#9733,#9734,#9735);
#9733 = CARTESIAN_POINT('',(1.923879981041,8.11731505394,2.));
#9734 = DIRECTION('',(-0.980785648009,0.195088473926,-0.));
#9735 = DIRECTION('',(-0.195088473926,-0.980785648009,0.));
#9736 = ADVANCED_FACE('',(#9737),#9753,.T.);
#9737 = FACE_BOUND('',#9738,.T.);
#9738 = EDGE_LOOP('',(#9739,#9745,#9746,#9752));
#9739 = ORIENTED_EDGE('',*,*,#9740,.T.);
#9740 = EDGE_CURVE('',#5870,#400,#9741,.T.);
#9741 = LINE('',#9742,#9743);
#9742 = CARTESIAN_POINT('',(-9.093270301819,5.25,0.));
#9743 = VECTOR('',#9744,1.);
#9744 = DIRECTION('',(0.,0.,1.));
#9745 = ORIENTED_EDGE('',*,*,#399,.F.);
#9746 = ORIENTED_EDGE('',*,*,#9747,.T.);
#9747 = EDGE_CURVE('',#392,#5878,#9748,.T.);
#9748 = LINE('',#9749,#9750);
#9749 = CARTESIAN_POINT('',(-9.344099998474,4.511050224304,3.));
#9750 = VECTOR('',#9751,1.);
#9751 = DIRECTION('',(0.,0.,-1.));
#9752 = ORIENTED_EDGE('',*,*,#5877,.F.);
#9753 = PLANE('',#9754);
#9754 = AXIS2_PLACEMENT_3D('',#9755,#9756,#9757);
#9755 = CARTESIAN_POINT('',(-9.218685150146,4.880525112152,1.5));
#9756 = DIRECTION('',(0.946934011137,-0.321428030129,0.));
#9757 = DIRECTION('',(0.321428030129,0.946934011137,0.));
#9758 = ADVANCED_FACE('',(#9759),#9770,.T.);
#9759 = FACE_BOUND('',#9760,.T.);
#9760 = EDGE_LOOP('',(#9761,#9762,#9768,#9769));
#9761 = ORIENTED_EDGE('',*,*,#7117,.T.);
#9762 = ORIENTED_EDGE('',*,*,#9763,.T.);
#9763 = EDGE_CURVE('',#7110,#1125,#9764,.T.);
#9764 = LINE('',#9765,#9766);
#9765 = CARTESIAN_POINT('',(-8.947919845581,3.03248000145,4.));
#9766 = VECTOR('',#9767,1.);
#9767 = DIRECTION('',(0.,0.,-1.));
#9768 = ORIENTED_EDGE('',*,*,#1124,.T.);
#9769 = ORIENTED_EDGE('',*,*,#8971,.F.);
#9770 = PLANE('',#9771);
#9771 = AXIS2_PLACEMENT_3D('',#9772,#9773,#9774);
#9772 = CARTESIAN_POINT('',(-9.056661526592,3.252981437517,
    2.163375287211));
#9773 = DIRECTION('',(0.896868858934,0.442296563263,0.));
#9774 = DIRECTION('',(-0.442296563263,0.896868858934,0.));
#9775 = ADVANCED_FACE('',(#9776),#9792,.T.);
#9776 = FACE_BOUND('',#9777,.T.);
#9777 = EDGE_LOOP('',(#9778,#9784,#9785,#9791));
#9778 = ORIENTED_EDGE('',*,*,#9779,.T.);
#9779 = EDGE_CURVE('',#7062,#5749,#9780,.T.);
#9780 = LINE('',#9781,#9782);
#9781 = CARTESIAN_POINT('',(-5.378330230713,3.988950014114,4.));
#9782 = VECTOR('',#9783,1.);
#9783 = DIRECTION('',(0.,0.,-1.));
#9784 = ORIENTED_EDGE('',*,*,#5932,.F.);
#9785 = ORIENTED_EDGE('',*,*,#9786,.T.);
#9786 = EDGE_CURVE('',#5925,#7070,#9787,.T.);
#9787 = LINE('',#9788,#9789);
#9788 = CARTESIAN_POINT('',(-5.629159927368,3.25,0.));
#9789 = VECTOR('',#9790,1.);
#9790 = DIRECTION('',(0.,0.,1.));
#9791 = ORIENTED_EDGE('',*,*,#7069,.T.);
#9792 = PLANE('',#9793);
#9793 = AXIS2_PLACEMENT_3D('',#9794,#9795,#9796);
#9794 = CARTESIAN_POINT('',(-5.503745079041,3.619475007057,2.));
#9795 = DIRECTION('',(-0.946934042702,0.321427937136,-0.));
#9796 = DIRECTION('',(-0.321427937136,-0.946934042702,0.));
#9797 = ADVANCED_FACE('',(#9798),#9809,.T.);
#9798 = FACE_BOUND('',#9799,.T.);
#9799 = EDGE_LOOP('',(#9800,#9801,#9802,#9803));
#9800 = ORIENTED_EDGE('',*,*,#7140,.T.);
#9801 = ORIENTED_EDGE('',*,*,#8925,.F.);
#9802 = ORIENTED_EDGE('',*,*,#1170,.F.);
#9803 = ORIENTED_EDGE('',*,*,#9804,.T.);
#9804 = EDGE_CURVE('',#1171,#7141,#9805,.T.);
#9805 = LINE('',#9806,#9807);
#9806 = CARTESIAN_POINT('',(-7.666440010071,6.195769786835,0.));
#9807 = VECTOR('',#9808,1.);
#9808 = DIRECTION('',(0.,0.,1.));
#9809 = PLANE('',#9810);
#9810 = AXIS2_PLACEMENT_3D('',#9811,#9812,#9813);
#9811 = CARTESIAN_POINT('',(-7.707448011959,6.193084422917,
    2.031850782369));
#9812 = DIRECTION('',(6.534394839305E-02,-0.997862800393,-0.));
#9813 = DIRECTION('',(-0.997862800393,-6.534394839305E-02,0.));
#9814 = ADVANCED_FACE('',(#9815),#9826,.T.);
#9815 = FACE_BOUND('',#9816,.T.);
#9816 = EDGE_LOOP('',(#9817,#9818,#9819,#9820));
#9817 = ORIENTED_EDGE('',*,*,#7093,.T.);
#9818 = ORIENTED_EDGE('',*,*,#7354,.F.);
#9819 = ORIENTED_EDGE('',*,*,#5908,.F.);
#9820 = ORIENTED_EDGE('',*,*,#9821,.T.);
#9821 = EDGE_CURVE('',#5901,#7094,#9822,.T.);
#9822 = LINE('',#9823,#9824);
#9823 = CARTESIAN_POINT('',(-7.622270107269,2.267110109329,0.));
#9824 = VECTOR('',#9825,1.);
#9825 = DIRECTION('',(0.,0.,1.));
#9826 = PLANE('',#9827);
#9827 = AXIS2_PLACEMENT_3D('',#9828,#9829,#9830);
#9828 = CARTESIAN_POINT('',(-7.232924938202,2.292630076408,2.));
#9829 = DIRECTION('',(-6.540551905202E-02,0.997858766599,0.));
#9830 = DIRECTION('',(0.997858766599,6.540551905202E-02,0.));
#9831 = ADVANCED_FACE('',(#9832),#9838,.T.);
#9832 = FACE_BOUND('',#9833,.T.);
#9833 = EDGE_LOOP('',(#9834,#9835,#9836,#9837));
#9834 = ORIENTED_EDGE('',*,*,#9747,.F.);
#9835 = ORIENTED_EDGE('',*,*,#391,.F.);
#9836 = ORIENTED_EDGE('',*,*,#1109,.F.);
#9837 = ORIENTED_EDGE('',*,*,#5885,.F.);
#9838 = PLANE('',#9839);
#9839 = AXIS2_PLACEMENT_3D('',#9840,#9841,#9842);
#9840 = CARTESIAN_POINT('',(-9.318584918976,4.121705055237,1.5));
#9841 = DIRECTION('',(0.997859584066,6.539304616665E-02,0.));
#9842 = DIRECTION('',(-6.539304616665E-02,0.997859584066,0.));
#9843 = ADVANCED_FACE('',(#9844),#9850,.T.);
#9844 = FACE_BOUND('',#9845,.T.);
#9845 = EDGE_LOOP('',(#9846,#9847,#9848,#9849));
#9846 = ORIENTED_EDGE('',*,*,#9786,.F.);
#9847 = ORIENTED_EDGE('',*,*,#5924,.F.);
#9848 = ORIENTED_EDGE('',*,*,#7347,.F.);
#9849 = ORIENTED_EDGE('',*,*,#7077,.T.);
#9850 = PLANE('',#9851);
#9851 = AXIS2_PLACEMENT_3D('',#9852,#9853,#9854);
#9852 = CARTESIAN_POINT('',(-5.886425018311,2.956645011902,2.));
#9853 = DIRECTION('',(-0.751840225369,0.659345338587,-0.));
#9854 = DIRECTION('',(-0.659345338587,-0.751840225369,0.));
#9855 = ADVANCED_FACE('',(#9856),#9867,.T.);
#9856 = FACE_BOUND('',#9857,.T.);
#9857 = EDGE_LOOP('',(#9858,#9859,#9865,#9866));
#9858 = ORIENTED_EDGE('',*,*,#415,.F.);
#9859 = ORIENTED_EDGE('',*,*,#9860,.T.);
#9860 = EDGE_CURVE('',#408,#5862,#9861,.T.);
#9861 = LINE('',#9862,#9863);
#9862 = CARTESIAN_POINT('',(-8.578740119934,5.836709976196,3.));
#9863 = VECTOR('',#9864,1.);
#9864 = DIRECTION('',(0.,0.,-1.));
#9865 = ORIENTED_EDGE('',*,*,#5861,.F.);
#9866 = ORIENTED_EDGE('',*,*,#1147,.F.);
#9867 = PLANE('',#9868);
#9868 = AXIS2_PLACEMENT_3D('',#9869,#9870,#9871);
#9869 = CARTESIAN_POINT('',(-8.228795051575,6.009279966354,1.5));
#9870 = DIRECTION('',(0.442280815759,-0.896876624743,-0.));
#9871 = DIRECTION('',(-0.896876624743,-0.442280815759,0.));
#9872 = ADVANCED_FACE('',(#9873),#9879,.T.);
#9873 = FACE_BOUND('',#9874,.T.);
#9874 = EDGE_LOOP('',(#9875,#9876,#9877,#9878));
#9875 = ORIENTED_EDGE('',*,*,#9860,.F.);
#9876 = ORIENTED_EDGE('',*,*,#407,.F.);
#9877 = ORIENTED_EDGE('',*,*,#9740,.F.);
#9878 = ORIENTED_EDGE('',*,*,#5869,.F.);
#9879 = PLANE('',#9880);
#9880 = AXIS2_PLACEMENT_3D('',#9881,#9882,#9883);
#9881 = CARTESIAN_POINT('',(-8.836005210876,5.543354988098,1.5));
#9882 = DIRECTION('',(0.751840225369,-0.659345338587,0.));
#9883 = DIRECTION('',(0.659345338587,0.751840225369,0.));
#9884 = ADVANCED_FACE('',(#9885),#9896,.T.);
#9885 = FACE_BOUND('',#9886,.T.);
#9886 = EDGE_LOOP('',(#9887,#9893,#9894,#9895));
#9887 = ORIENTED_EDGE('',*,*,#9888,.T.);
#9888 = EDGE_CURVE('',#7054,#5751,#9889,.T.);
#9889 = LINE('',#9890,#9891);
#9890 = CARTESIAN_POINT('',(-5.429359912872,4.767640113831,4.));
#9891 = VECTOR('',#9892,1.);
#9892 = DIRECTION('',(0.,0.,-1.));
#9893 = ORIENTED_EDGE('',*,*,#5748,.F.);
#9894 = ORIENTED_EDGE('',*,*,#9779,.F.);
#9895 = ORIENTED_EDGE('',*,*,#7061,.T.);
#9896 = PLANE('',#9897);
#9897 = AXIS2_PLACEMENT_3D('',#9898,#9899,#9900);
#9898 = CARTESIAN_POINT('',(-5.403845071793,4.378295063972,2.));
#9899 = DIRECTION('',(-0.997859622632,-6.539245766861E-02,-0.));
#9900 = DIRECTION('',(6.539245766861E-02,-0.997859622632,0.));
#9901 = ADVANCED_FACE('',(#9902),#9913,.T.);
#9902 = FACE_BOUND('',#9903,.T.);
#9903 = EDGE_LOOP('',(#9904,#9905,#9906,#9907));
#9904 = ORIENTED_EDGE('',*,*,#7101,.T.);
#9905 = ORIENTED_EDGE('',*,*,#9821,.F.);
#9906 = ORIENTED_EDGE('',*,*,#5900,.F.);
#9907 = ORIENTED_EDGE('',*,*,#9908,.T.);
#9908 = EDGE_CURVE('',#5893,#7102,#9909,.T.);
#9909 = LINE('',#9910,#9911);
#9910 = CARTESIAN_POINT('',(-8.361220359802,2.517950057983,0.));
#9911 = VECTOR('',#9912,1.);
#9912 = DIRECTION('',(0.,0.,1.));
#9913 = PLANE('',#9914);
#9914 = AXIS2_PLACEMENT_3D('',#9915,#9916,#9917);
#9915 = CARTESIAN_POINT('',(-7.991745233536,2.392530083656,2.));
#9916 = DIRECTION('',(0.321439624267,0.946930075534,0.));
#9917 = DIRECTION('',(0.946930075534,-0.321439624267,0.));
#9918 = ADVANCED_FACE('',(#9919),#9925,.T.);
#9919 = FACE_BOUND('',#9920,.T.);
#9920 = EDGE_LOOP('',(#9921,#9922,#9923,#9924));
#9921 = ORIENTED_EDGE('',*,*,#7109,.T.);
#9922 = ORIENTED_EDGE('',*,*,#9908,.F.);
#9923 = ORIENTED_EDGE('',*,*,#5892,.F.);
#9924 = ORIENTED_EDGE('',*,*,#9763,.F.);
#9925 = PLANE('',#9926);
#9926 = AXIS2_PLACEMENT_3D('',#9927,#9928,#9929);
#9927 = CARTESIAN_POINT('',(-8.654570102692,2.775215029716,2.));
#9928 = DIRECTION('',(0.659351829904,0.751834532595,0.));
#9929 = DIRECTION('',(0.751834532595,-0.659351829904,0.));
#9930 = ADVANCED_FACE('',(#9931),#9937,.T.);
#9931 = FACE_BOUND('',#9932,.T.);
#9932 = EDGE_LOOP('',(#9933,#9934,#9935,#9936));
#9933 = ORIENTED_EDGE('',*,*,#7332,.F.);
#9934 = ORIENTED_EDGE('',*,*,#5758,.F.);
#9935 = ORIENTED_EDGE('',*,*,#9888,.F.);
#9936 = ORIENTED_EDGE('',*,*,#7053,.F.);
#9937 = PLANE('',#9938);
#9938 = AXIS2_PLACEMENT_3D('',#9939,#9940,#9941);
#9939 = CARTESIAN_POINT('',(-5.601934909821,5.1175801754,2.));
#9940 = DIRECTION('',(-0.89686902442,-0.442296227698,-0.));
#9941 = DIRECTION('',(0.442296227698,-0.89686902442,0.));
#9942 = ADVANCED_FACE('',(#9943),#9954,.T.);
#9943 = FACE_BOUND('',#9944,.T.);
#9944 = EDGE_LOOP('',(#9945,#9946,#9947,#9953));
#9945 = ORIENTED_EDGE('',*,*,#8084,.F.);
#9946 = ORIENTED_EDGE('',*,*,#7549,.T.);
#9947 = ORIENTED_EDGE('',*,*,#9948,.T.);
#9948 = EDGE_CURVE('',#7542,#4728,#9949,.T.);
#9949 = LINE('',#9950,#9951);
#9950 = CARTESIAN_POINT('',(-7.666440010071,-6.195769786835,4.));
#9951 = VECTOR('',#9952,1.);
#9952 = DIRECTION('',(0.,0.,-1.));
#9953 = ORIENTED_EDGE('',*,*,#4757,.T.);
#9954 = PLANE('',#9955);
#9955 = AXIS2_PLACEMENT_3D('',#9956,#9957,#9958);
#9956 = CARTESIAN_POINT('',(-7.707448011959,-6.193084422917,
    2.031850782369));
#9957 = DIRECTION('',(6.534394839305E-02,0.997862800393,0.));
#9958 = DIRECTION('',(0.997862800393,-6.534394839305E-02,0.));
#9959 = ADVANCED_FACE('',(#9960),#9971,.T.);
#9960 = FACE_BOUND('',#9961,.T.);
#9961 = EDGE_LOOP('',(#9962,#9963,#9964,#9970));
#9962 = ORIENTED_EDGE('',*,*,#7736,.T.);
#9963 = ORIENTED_EDGE('',*,*,#6124,.F.);
#9964 = ORIENTED_EDGE('',*,*,#9965,.T.);
#9965 = EDGE_CURVE('',#6117,#7613,#9966,.T.);
#9966 = LINE('',#9967,#9968);
#9967 = CARTESIAN_POINT('',(-5.629159927368,-3.25,0.));
#9968 = VECTOR('',#9969,1.);
#9969 = DIRECTION('',(0.,0.,1.));
#9970 = ORIENTED_EDGE('',*,*,#7612,.T.);
#9971 = PLANE('',#9972);
#9972 = AXIS2_PLACEMENT_3D('',#9973,#9974,#9975);
#9973 = CARTESIAN_POINT('',(-5.886425018311,-2.956645011902,2.));
#9974 = DIRECTION('',(-0.751840225369,-0.659345338587,-0.));
#9975 = DIRECTION('',(0.659345338587,-0.751840225369,0.));
#9976 = ADVANCED_FACE('',(#9977),#9988,.T.);
#9977 = FACE_BOUND('',#9978,.T.);
#9978 = EDGE_LOOP('',(#9979,#9980,#9981,#9982));
#9979 = ORIENTED_EDGE('',*,*,#7572,.T.);
#9980 = ORIENTED_EDGE('',*,*,#9027,.F.);
#9981 = ORIENTED_EDGE('',*,*,#62,.T.);
#9982 = ORIENTED_EDGE('',*,*,#9983,.T.);
#9983 = EDGE_CURVE('',#55,#7573,#9984,.T.);
#9984 = LINE('',#9985,#9986);
#9985 = CARTESIAN_POINT('',(-8.947919845581,-3.03248000145,0.));
#9986 = VECTOR('',#9987,1.);
#9987 = DIRECTION('',(0.,0.,1.));
#9988 = PLANE('',#9989);
#9989 = AXIS2_PLACEMENT_3D('',#9990,#9991,#9992);
#9990 = CARTESIAN_POINT('',(-9.056661526592,-3.252981437517,
    2.163375287211));
#9991 = DIRECTION('',(0.896868858934,-0.442296563263,0.));
#9992 = DIRECTION('',(0.442296563263,0.896868858934,0.));
#9993 = ADVANCED_FACE('',(#9994),#10010,.T.);
#9994 = FACE_BOUND('',#9995,.T.);
#9995 = EDGE_LOOP('',(#9996,#10002,#10003,#10009));
#9996 = ORIENTED_EDGE('',*,*,#9997,.T.);
#9997 = EDGE_CURVE('',#5982,#335,#9998,.T.);
#9998 = LINE('',#9999,#10000);
#9999 = CARTESIAN_POINT('',(-9.093270301819,-5.25,0.));
#10000 = VECTOR('',#10001,1.);
#10001 = DIRECTION('',(0.,0.,1.));
#10002 = ORIENTED_EDGE('',*,*,#1087,.F.);
#10003 = ORIENTED_EDGE('',*,*,#10004,.T.);
#10004 = EDGE_CURVE('',#1080,#5990,#10005,.T.);
#10005 = LINE('',#10006,#10007);
#10006 = CARTESIAN_POINT('',(-8.578740119934,-5.836709976196,3.));
#10007 = VECTOR('',#10008,1.);
#10008 = DIRECTION('',(0.,0.,-1.));
#10009 = ORIENTED_EDGE('',*,*,#5989,.F.);
#10010 = PLANE('',#10011);
#10011 = AXIS2_PLACEMENT_3D('',#10012,#10013,#10014);
#10012 = CARTESIAN_POINT('',(-8.836005210876,-5.543354988098,1.5));
#10013 = DIRECTION('',(0.751840225369,0.659345338587,0.));
#10014 = DIRECTION('',(-0.659345338587,0.751840225369,0.));
#10015 = ADVANCED_FACE('',(#10016),#10032,.T.);
#10016 = FACE_BOUND('',#10017,.T.);
#10017 = EDGE_LOOP('',(#10018,#10024,#10025,#10031));
#10018 = ORIENTED_EDGE('',*,*,#10019,.T.);
#10019 = EDGE_CURVE('',#7621,#6109,#10020,.T.);
#10020 = LINE('',#10021,#10022);
#10021 = CARTESIAN_POINT('',(-5.378330230713,-3.988950014114,4.));
#10022 = VECTOR('',#10023,1.);
#10023 = DIRECTION('',(0.,0.,-1.));
#10024 = ORIENTED_EDGE('',*,*,#6108,.F.);
#10025 = ORIENTED_EDGE('',*,*,#10026,.T.);
#10026 = EDGE_CURVE('',#6101,#7629,#10027,.T.);
#10027 = LINE('',#10028,#10029);
#10028 = CARTESIAN_POINT('',(-5.429359912872,-4.767640113831,0.));
#10029 = VECTOR('',#10030,1.);
#10030 = DIRECTION('',(0.,0.,1.));
#10031 = ORIENTED_EDGE('',*,*,#7628,.T.);
#10032 = PLANE('',#10033);
#10033 = AXIS2_PLACEMENT_3D('',#10034,#10035,#10036);
#10034 = CARTESIAN_POINT('',(-5.403845071793,-4.378295063972,2.));
#10035 = DIRECTION('',(-0.997859622632,6.539245766861E-02,-0.));
#10036 = DIRECTION('',(-6.539245766861E-02,-0.997859622632,0.));
#10037 = ADVANCED_FACE('',(#10038),#10049,.T.);
#10038 = FACE_BOUND('',#10039,.T.);
#10039 = EDGE_LOOP('',(#10040,#10041,#10042,#10048));
#10040 = ORIENTED_EDGE('',*,*,#10026,.F.);
#10041 = ORIENTED_EDGE('',*,*,#6100,.F.);
#10042 = ORIENTED_EDGE('',*,*,#10043,.T.);
#10043 = EDGE_CURVE('',#6093,#7637,#10044,.T.);
#10044 = LINE('',#10045,#10046);
#10045 = CARTESIAN_POINT('',(-5.774509906769,-5.467520236969,0.));
#10046 = VECTOR('',#10047,1.);
#10047 = DIRECTION('',(0.,0.,1.));
#10048 = ORIENTED_EDGE('',*,*,#7636,.T.);
#10049 = PLANE('',#10050);
#10050 = AXIS2_PLACEMENT_3D('',#10051,#10052,#10053);
#10051 = CARTESIAN_POINT('',(-5.601934909821,-5.1175801754,2.));
#10052 = DIRECTION('',(-0.89686902442,0.442296227698,-0.));
#10053 = DIRECTION('',(-0.442296227698,-0.89686902442,0.));
#10054 = ADVANCED_FACE('',(#10055),#10061,.T.);
#10055 = FACE_BOUND('',#10056,.T.);
#10056 = EDGE_LOOP('',(#10057,#10058,#10059,#10060));
#10057 = ORIENTED_EDGE('',*,*,#1079,.F.);
#10058 = ORIENTED_EDGE('',*,*,#4778,.F.);
#10059 = ORIENTED_EDGE('',*,*,#5997,.F.);
#10060 = ORIENTED_EDGE('',*,*,#10004,.F.);
#10061 = PLANE('',#10062);
#10062 = AXIS2_PLACEMENT_3D('',#10063,#10064,#10065);
#10063 = CARTESIAN_POINT('',(-8.228795051575,-6.009279966354,1.5));
#10064 = DIRECTION('',(0.442280815759,0.896876624743,0.));
#10065 = DIRECTION('',(0.896876624743,-0.442280815759,0.));
#10066 = ADVANCED_FACE('',(#10067),#10078,.T.);
#10067 = FACE_BOUND('',#10068,.T.);
#10068 = EDGE_LOOP('',(#10069,#10070,#10071,#10077));
#10069 = ORIENTED_EDGE('',*,*,#39,.F.);
#10070 = ORIENTED_EDGE('',*,*,#344,.F.);
#10071 = ORIENTED_EDGE('',*,*,#10072,.T.);
#10072 = EDGE_CURVE('',#337,#5974,#10073,.T.);
#10073 = LINE('',#10074,#10075);
#10074 = CARTESIAN_POINT('',(-9.344099998474,-4.511050224304,3.));
#10075 = VECTOR('',#10076,1.);
#10076 = DIRECTION('',(0.,0.,-1.));
#10077 = ORIENTED_EDGE('',*,*,#5973,.F.);
#10078 = PLANE('',#10079);
#10079 = AXIS2_PLACEMENT_3D('',#10080,#10081,#10082);
#10080 = CARTESIAN_POINT('',(-9.318584918976,-4.121705055237,1.5));
#10081 = DIRECTION('',(0.997859584066,-6.539304616665E-02,0.));
#10082 = DIRECTION('',(6.539304616665E-02,0.997859584066,0.));
#10083 = ADVANCED_FACE('',(#10084),#10090,.T.);
#10084 = FACE_BOUND('',#10085,.T.);
#10085 = EDGE_LOOP('',(#10086,#10087,#10088,#10089));
#10086 = ORIENTED_EDGE('',*,*,#10072,.F.);
#10087 = ORIENTED_EDGE('',*,*,#334,.F.);
#10088 = ORIENTED_EDGE('',*,*,#9997,.F.);
#10089 = ORIENTED_EDGE('',*,*,#5981,.F.);
#10090 = PLANE('',#10091);
#10091 = AXIS2_PLACEMENT_3D('',#10092,#10093,#10094);
#10092 = CARTESIAN_POINT('',(-9.218685150146,-4.880525112152,1.5));
#10093 = DIRECTION('',(0.946934011137,0.321428030129,0.));
#10094 = DIRECTION('',(-0.321428030129,0.946934011137,0.));
#10095 = ADVANCED_FACE('',(#10096),#10102,.T.);
#10096 = FACE_BOUND('',#10097,.T.);
#10097 = EDGE_LOOP('',(#10098,#10099,#10100,#10101));
#10098 = ORIENTED_EDGE('',*,*,#7580,.T.);
#10099 = ORIENTED_EDGE('',*,*,#9983,.F.);
#10100 = ORIENTED_EDGE('',*,*,#5966,.F.);
#10101 = ORIENTED_EDGE('',*,*,#7751,.F.);
#10102 = PLANE('',#10103);
#10103 = AXIS2_PLACEMENT_3D('',#10104,#10105,#10106);
#10104 = CARTESIAN_POINT('',(-8.654570102692,-2.775215029716,2.));
#10105 = DIRECTION('',(0.659351829904,-0.751834532595,-0.));
#10106 = DIRECTION('',(-0.751834532595,-0.659351829904,0.));
#10107 = ADVANCED_FACE('',(#10108),#10114,.T.);
#10108 = FACE_BOUND('',#10109,.T.);
#10109 = EDGE_LOOP('',(#10110,#10111,#10112,#10113));
#10110 = ORIENTED_EDGE('',*,*,#9965,.F.);
#10111 = ORIENTED_EDGE('',*,*,#6116,.F.);
#10112 = ORIENTED_EDGE('',*,*,#10019,.F.);
#10113 = ORIENTED_EDGE('',*,*,#7620,.T.);
#10114 = PLANE('',#10115);
#10115 = AXIS2_PLACEMENT_3D('',#10116,#10117,#10118);
#10116 = CARTESIAN_POINT('',(-5.503745079041,-3.619475007057,2.));
#10117 = DIRECTION('',(-0.946934042702,-0.321427937136,-0.));
#10118 = DIRECTION('',(0.321427937136,-0.946934042702,0.));
#10119 = ADVANCED_FACE('',(#10120),#10131,.T.);
#10120 = FACE_BOUND('',#10121,.T.);
#10121 = EDGE_LOOP('',(#10122,#10123,#10124,#10125));
#10122 = ORIENTED_EDGE('',*,*,#7644,.T.);
#10123 = ORIENTED_EDGE('',*,*,#10043,.F.);
#10124 = ORIENTED_EDGE('',*,*,#6092,.F.);
#10125 = ORIENTED_EDGE('',*,*,#10126,.T.);
#10126 = EDGE_CURVE('',#6085,#7645,#10127,.T.);
#10127 = LINE('',#10128,#10129);
#10128 = CARTESIAN_POINT('',(-6.151529788971,-5.798160076141,0.));
#10129 = VECTOR('',#10130,1.);
#10130 = DIRECTION('',(0.,0.,1.));
#10131 = PLANE('',#10132);
#10132 = AXIS2_PLACEMENT_3D('',#10133,#10134,#10135);
#10133 = CARTESIAN_POINT('',(-5.96301984787,-5.632840156555,2.));
#10134 = DIRECTION('',(-0.659348381111,0.75183755714,0.));
#10135 = DIRECTION('',(0.75183755714,0.659348381111,0.));
#10136 = ADVANCED_FACE('',(#10137),#10143,.T.);
#10137 = FACE_BOUND('',#10138,.T.);
#10138 = EDGE_LOOP('',(#10139,#10140,#10141,#10142));
#10139 = ORIENTED_EDGE('',*,*,#7596,.T.);
#10140 = ORIENTED_EDGE('',*,*,#7758,.F.);
#10141 = ORIENTED_EDGE('',*,*,#5950,.F.);
#10142 = ORIENTED_EDGE('',*,*,#7729,.F.);
#10143 = PLANE('',#10144);
#10144 = AXIS2_PLACEMENT_3D('',#10145,#10146,#10147);
#10145 = CARTESIAN_POINT('',(-7.232924938202,-2.292630076408,2.));
#10146 = DIRECTION('',(-6.540551905202E-02,-0.997858766599,-0.));
#10147 = DIRECTION('',(-0.997858766599,6.540551905202E-02,0.));
#10148 = ADVANCED_FACE('',(#10149),#10160,.T.);
#10149 = FACE_BOUND('',#10150,.T.);
#10150 = EDGE_LOOP('',(#10151,#10152,#10153,#10154));
#10151 = ORIENTED_EDGE('',*,*,#927,.F.);
#10152 = ORIENTED_EDGE('',*,*,#4369,.T.);
#10153 = ORIENTED_EDGE('',*,*,#6235,.F.);
#10154 = ORIENTED_EDGE('',*,*,#10155,.T.);
#10155 = EDGE_CURVE('',#6228,#928,#10156,.T.);
#10156 = LINE('',#10157,#10158);
#10157 = CARTESIAN_POINT('',(0.765366971493,-10.34780025482,0.));
#10158 = VECTOR('',#10159,1.);
#10159 = DIRECTION('',(0.,0.,1.));
#10160 = PLANE('',#10161);
#10161 = AXIS2_PLACEMENT_3D('',#10162,#10163,#10164);
#10162 = CARTESIAN_POINT('',(1.089788466692,-10.13100528717,1.5));
#10163 = DIRECTION('',(-0.555611789708,0.831441843509,0.));
#10164 = DIRECTION('',(0.831441843509,0.555611789708,0.));
#10165 = ADVANCED_FACE('',(#10166),#10177,.T.);
#10166 = FACE_BOUND('',#10167,.T.);
#10167 = EDGE_LOOP('',(#10168,#10174,#10175,#10176));
#10168 = ORIENTED_EDGE('',*,*,#10169,.T.);
#10169 = EDGE_CURVE('',#4515,#6133,#10170,.T.);
#10170 = LINE('',#10171,#10172);
#10171 = CARTESIAN_POINT('',(2.,-8.5,4.));
#10172 = VECTOR('',#10173,1.);
#10173 = DIRECTION('',(0.,0.,-1.));
#10174 = ORIENTED_EDGE('',*,*,#6132,.F.);
#10175 = ORIENTED_EDGE('',*,*,#4401,.F.);
#10176 = ORIENTED_EDGE('',*,*,#4514,.F.);
#10177 = PLANE('',#10178);
#10178 = AXIS2_PLACEMENT_3D('',#10179,#10180,#10181);
#10179 = CARTESIAN_POINT('',(1.923879981041,-8.882685184479,2.));
#10180 = DIRECTION('',(-0.980785671265,0.195088357009,-0.));
#10181 = DIRECTION('',(-0.195088357009,-0.980785671265,0.));
#10182 = ADVANCED_FACE('',(#10183),#10194,.T.);
#10183 = FACE_BOUND('',#10184,.T.);
#10184 = EDGE_LOOP('',(#10185,#10186,#10187,#10188));
#10185 = ORIENTED_EDGE('',*,*,#935,.F.);
#10186 = ORIENTED_EDGE('',*,*,#10155,.F.);
#10187 = ORIENTED_EDGE('',*,*,#6227,.F.);
#10188 = ORIENTED_EDGE('',*,*,#10189,.T.);
#10189 = EDGE_CURVE('',#6220,#936,#10190,.T.);
#10190 = LINE('',#10191,#10192);
#10191 = CARTESIAN_POINT('',(0.,-10.5,0.));
#10192 = VECTOR('',#10193,1.);
#10193 = DIRECTION('',(0.,0.,1.));
#10194 = PLANE('',#10195);
#10195 = AXIS2_PLACEMENT_3D('',#10196,#10197,#10198);
#10196 = CARTESIAN_POINT('',(0.382683485746,-10.42390012741,1.5));
#10197 = DIRECTION('',(-0.195039521007,0.980795383985,0.));
#10198 = DIRECTION('',(0.980795383985,0.195039521007,0.));
#10199 = ADVANCED_FACE('',(#10200),#10216,.T.);
#10200 = FACE_BOUND('',#10201,.T.);
#10201 = EDGE_LOOP('',(#10202,#10203,#10209,#10210));
#10202 = ORIENTED_EDGE('',*,*,#4557,.F.);
#10203 = ORIENTED_EDGE('',*,*,#10204,.T.);
#10204 = EDGE_CURVE('',#4550,#6181,#10205,.T.);
#10205 = LINE('',#10206,#10207);
#10206 = CARTESIAN_POINT('',(-1.414209961891,-7.085790157318,4.));
#10207 = VECTOR('',#10208,1.);
#10208 = DIRECTION('',(0.,0.,-1.));
#10209 = ORIENTED_EDGE('',*,*,#6180,.F.);
#10210 = ORIENTED_EDGE('',*,*,#10211,.T.);
#10211 = EDGE_CURVE('',#6173,#4558,#10212,.T.);
#10212 = LINE('',#10213,#10214);
#10213 = CARTESIAN_POINT('',(-0.765366971493,-6.6522397995,0.));
#10214 = VECTOR('',#10215,1.);
#10215 = DIRECTION('',(0.,0.,1.));
#10216 = PLANE('',#10217);
#10217 = AXIS2_PLACEMENT_3D('',#10218,#10219,#10220);
#10218 = CARTESIAN_POINT('',(-1.089788466692,-6.869014978409,2.));
#10219 = DIRECTION('',(0.555576728849,-0.831465271891,-0.));
#10220 = DIRECTION('',(-0.831465271891,-0.555576728849,0.));
#10221 = ADVANCED_FACE('',(#10222),#10233,.T.);
#10222 = FACE_BOUND('',#10223,.T.);
#10223 = EDGE_LOOP('',(#10224,#10225,#10231,#10232));
#10224 = ORIENTED_EDGE('',*,*,#951,.F.);
#10225 = ORIENTED_EDGE('',*,*,#10226,.T.);
#10226 = EDGE_CURVE('',#944,#6212,#10227,.T.);
#10227 = LINE('',#10228,#10229);
#10228 = CARTESIAN_POINT('',(-0.765366971493,-10.34780025482,3.));
#10229 = VECTOR('',#10230,1.);
#10230 = DIRECTION('',(0.,0.,-1.));
#10231 = ORIENTED_EDGE('',*,*,#6211,.F.);
#10232 = ORIENTED_EDGE('',*,*,#4620,.T.);
#10233 = PLANE('',#10234);
#10234 = AXIS2_PLACEMENT_3D('',#10235,#10236,#10237);
#10235 = CARTESIAN_POINT('',(-1.089788466692,-10.13100528717,1.5));
#10236 = DIRECTION('',(0.555611789708,0.831441843509,0.));
#10237 = DIRECTION('',(0.831441843509,-0.555611789708,0.));
#10238 = ADVANCED_FACE('',(#10239),#10250,.T.);
#10239 = FACE_BOUND('',#10240,.T.);
#10240 = EDGE_LOOP('',(#10241,#10242,#10243,#10249));
#10241 = ORIENTED_EDGE('',*,*,#10204,.F.);
#10242 = ORIENTED_EDGE('',*,*,#4549,.F.);
#10243 = ORIENTED_EDGE('',*,*,#10244,.T.);
#10244 = EDGE_CURVE('',#4542,#6189,#10245,.T.);
#10245 = LINE('',#10246,#10247);
#10246 = CARTESIAN_POINT('',(-1.847759962082,-7.73463010788,4.));
#10247 = VECTOR('',#10248,1.);
#10248 = DIRECTION('',(0.,0.,-1.));
#10249 = ORIENTED_EDGE('',*,*,#6188,.F.);
#10250 = PLANE('',#10251);
#10251 = AXIS2_PLACEMENT_3D('',#10252,#10253,#10254);
#10252 = CARTESIAN_POINT('',(-1.630984961987,-7.410210132599,2.));
#10253 = DIRECTION('',(0.831464281205,-0.555578211488,0.));
#10254 = DIRECTION('',(0.555578211488,0.831464281205,0.));
#10255 = ADVANCED_FACE('',(#10256),#10267,.T.);
#10256 = FACE_BOUND('',#10257,.T.);
#10257 = EDGE_LOOP('',(#10258,#10259,#10260,#10261));
#10258 = ORIENTED_EDGE('',*,*,#4525,.F.);
#10259 = ORIENTED_EDGE('',*,*,#9085,.F.);
#10260 = ORIENTED_EDGE('',*,*,#4643,.T.);
#10261 = ORIENTED_EDGE('',*,*,#10262,.T.);
#10262 = EDGE_CURVE('',#4636,#4526,#10263,.T.);
#10263 = LINE('',#10264,#10265);
#10264 = CARTESIAN_POINT('',(-1.847759962082,-9.265370368958,0.));
#10265 = VECTOR('',#10266,1.);
#10266 = DIRECTION('',(0.,0.,1.));
#10267 = PLANE('',#10268);
#10268 = AXIS2_PLACEMENT_3D('',#10269,#10270,#10271);
#10269 = CARTESIAN_POINT('',(-1.717537906512,-9.460258670331,
    2.157066347517));
#10270 = DIRECTION('',(0.831465954837,0.555575706764,0.));
#10271 = DIRECTION('',(-0.555575706764,0.831465954837,0.));
#10272 = ADVANCED_FACE('',(#10273),#10289,.T.);
#10273 = FACE_BOUND('',#10274,.T.);
#10274 = EDGE_LOOP('',(#10275,#10276,#10282,#10283));
#10275 = ORIENTED_EDGE('',*,*,#4581,.F.);
#10276 = ORIENTED_EDGE('',*,*,#10277,.T.);
#10277 = EDGE_CURVE('',#4574,#6157,#10278,.T.);
#10278 = LINE('',#10279,#10280);
#10279 = CARTESIAN_POINT('',(0.765366971493,-6.6522397995,4.));
#10280 = VECTOR('',#10281,1.);
#10281 = DIRECTION('',(0.,0.,-1.));
#10282 = ORIENTED_EDGE('',*,*,#6156,.F.);
#10283 = ORIENTED_EDGE('',*,*,#10284,.T.);
#10284 = EDGE_CURVE('',#6149,#4582,#10285,.T.);
#10285 = LINE('',#10286,#10287);
#10286 = CARTESIAN_POINT('',(1.414209961891,-7.085790157318,0.));
#10287 = VECTOR('',#10288,1.);
#10288 = DIRECTION('',(0.,0.,1.));
#10289 = PLANE('',#10290);
#10290 = AXIS2_PLACEMENT_3D('',#10291,#10292,#10293);
#10291 = CARTESIAN_POINT('',(1.089788466692,-6.869014978409,2.));
#10292 = DIRECTION('',(-0.555576728849,-0.831465271891,-0.));
#10293 = DIRECTION('',(-0.831465271891,0.555576728849,0.));
#10294 = ADVANCED_FACE('',(#10295),#10306,.T.);
#10295 = FACE_BOUND('',#10296,.T.);
#10296 = EDGE_LOOP('',(#10297,#10303,#10304,#10305));
#10297 = ORIENTED_EDGE('',*,*,#10298,.T.);
#10298 = EDGE_CURVE('',#6197,#4534,#10299,.T.);
#10299 = LINE('',#10300,#10301);
#10300 = CARTESIAN_POINT('',(-2.,-8.5,0.));
#10301 = VECTOR('',#10302,1.);
#10302 = DIRECTION('',(0.,0.,1.));
#10303 = ORIENTED_EDGE('',*,*,#4533,.F.);
#10304 = ORIENTED_EDGE('',*,*,#10262,.F.);
#10305 = ORIENTED_EDGE('',*,*,#6204,.F.);
#10306 = PLANE('',#10307);
#10307 = AXIS2_PLACEMENT_3D('',#10308,#10309,#10310);
#10308 = CARTESIAN_POINT('',(-1.923879981041,-8.882685184479,2.));
#10309 = DIRECTION('',(0.980785671265,0.195088357009,0.));
#10310 = DIRECTION('',(-0.195088357009,0.980785671265,0.));
#10311 = ADVANCED_FACE('',(#10312),#10318,.T.);
#10312 = FACE_BOUND('',#10313,.T.);
#10313 = EDGE_LOOP('',(#10314,#10315,#10316,#10317));
#10314 = ORIENTED_EDGE('',*,*,#943,.F.);
#10315 = ORIENTED_EDGE('',*,*,#10189,.F.);
#10316 = ORIENTED_EDGE('',*,*,#6219,.F.);
#10317 = ORIENTED_EDGE('',*,*,#10226,.F.);
#10318 = PLANE('',#10319);
#10319 = AXIS2_PLACEMENT_3D('',#10320,#10321,#10322);
#10320 = CARTESIAN_POINT('',(-0.382683485746,-10.42390012741,1.5));
#10321 = DIRECTION('',(0.195039521007,0.980795383985,0.));
#10322 = DIRECTION('',(0.980795383985,-0.195039521007,0.));
#10323 = ADVANCED_FACE('',(#10324),#10335,.T.);
#10324 = FACE_BOUND('',#10325,.T.);
#10325 = EDGE_LOOP('',(#10326,#10327,#10328,#10329));
#10326 = ORIENTED_EDGE('',*,*,#4565,.F.);
#10327 = ORIENTED_EDGE('',*,*,#10211,.F.);
#10328 = ORIENTED_EDGE('',*,*,#6172,.F.);
#10329 = ORIENTED_EDGE('',*,*,#10330,.T.);
#10330 = EDGE_CURVE('',#6165,#4566,#10331,.T.);
#10331 = LINE('',#10332,#10333);
#10332 = CARTESIAN_POINT('',(0.,-6.5,0.));
#10333 = VECTOR('',#10334,1.);
#10334 = DIRECTION('',(0.,0.,1.));
#10335 = PLANE('',#10336);
#10336 = AXIS2_PLACEMENT_3D('',#10337,#10338,#10339);
#10337 = CARTESIAN_POINT('',(-0.382683485746,-6.57611989975,2.));
#10338 = DIRECTION('',(0.195088896151,-0.980785564024,-0.));
#10339 = DIRECTION('',(-0.980785564024,-0.195088896151,0.));
#10340 = ADVANCED_FACE('',(#10341),#10352,.T.);
#10341 = FACE_BOUND('',#10342,.T.);
#10342 = EDGE_LOOP('',(#10343,#10349,#10350,#10351));
#10343 = ORIENTED_EDGE('',*,*,#10344,.T.);
#10344 = EDGE_CURVE('',#4590,#6141,#10345,.T.);
#10345 = LINE('',#10346,#10347);
#10346 = CARTESIAN_POINT('',(1.847759962082,-7.73463010788,4.));
#10347 = VECTOR('',#10348,1.);
#10348 = DIRECTION('',(0.,0.,-1.));
#10349 = ORIENTED_EDGE('',*,*,#6140,.F.);
#10350 = ORIENTED_EDGE('',*,*,#10169,.F.);
#10351 = ORIENTED_EDGE('',*,*,#4597,.F.);
#10352 = PLANE('',#10353);
#10353 = AXIS2_PLACEMENT_3D('',#10354,#10355,#10356);
#10354 = CARTESIAN_POINT('',(1.923879981041,-8.11731505394,2.));
#10355 = DIRECTION('',(-0.980785648009,-0.195088473926,-0.));
#10356 = DIRECTION('',(0.195088473926,-0.980785648009,0.));
#10357 = ADVANCED_FACE('',(#10358),#10364,.T.);
#10358 = FACE_BOUND('',#10359,.T.);
#10359 = EDGE_LOOP('',(#10360,#10361,#10362,#10363));
#10360 = ORIENTED_EDGE('',*,*,#4573,.F.);
#10361 = ORIENTED_EDGE('',*,*,#10330,.F.);
#10362 = ORIENTED_EDGE('',*,*,#6164,.F.);
#10363 = ORIENTED_EDGE('',*,*,#10277,.F.);
#10364 = PLANE('',#10365);
#10365 = AXIS2_PLACEMENT_3D('',#10366,#10367,#10368);
#10366 = CARTESIAN_POINT('',(0.382683485746,-6.57611989975,2.));
#10367 = DIRECTION('',(-0.195088896151,-0.980785564024,-0.));
#10368 = DIRECTION('',(-0.980785564024,0.195088896151,0.));
#10369 = ADVANCED_FACE('',(#10370),#10376,.T.);
#10370 = FACE_BOUND('',#10371,.T.);
#10371 = EDGE_LOOP('',(#10372,#10373,#10374,#10375));
#10372 = ORIENTED_EDGE('',*,*,#10284,.F.);
#10373 = ORIENTED_EDGE('',*,*,#6148,.F.);
#10374 = ORIENTED_EDGE('',*,*,#10344,.F.);
#10375 = ORIENTED_EDGE('',*,*,#4589,.F.);
#10376 = PLANE('',#10377);
#10377 = AXIS2_PLACEMENT_3D('',#10378,#10379,#10380);
#10378 = CARTESIAN_POINT('',(1.630984961987,-7.410210132599,2.));
#10379 = DIRECTION('',(-0.831464281205,-0.555578211488,-0.));
#10380 = DIRECTION('',(0.555578211488,-0.831464281205,0.));
#10381 = ADVANCED_FACE('',(#10382),#10388,.T.);
#10382 = FACE_BOUND('',#10383,.T.);
#10383 = EDGE_LOOP('',(#10384,#10385,#10386,#10387));
#10384 = ORIENTED_EDGE('',*,*,#10244,.F.);
#10385 = ORIENTED_EDGE('',*,*,#4541,.F.);
#10386 = ORIENTED_EDGE('',*,*,#10298,.F.);
#10387 = ORIENTED_EDGE('',*,*,#6196,.F.);
#10388 = PLANE('',#10389);
#10389 = AXIS2_PLACEMENT_3D('',#10390,#10391,#10392);
#10390 = CARTESIAN_POINT('',(-1.923879981041,-8.11731505394,2.));
#10391 = DIRECTION('',(0.980785648009,-0.195088473926,0.));
#10392 = DIRECTION('',(0.195088473926,0.980785648009,0.));
#10393 = ADVANCED_FACE('',(#10394),#10405,.T.);
#10394 = FACE_BOUND('',#10395,.T.);
#10395 = EDGE_LOOP('',(#10396,#10397,#10398,#10404));
#10396 = ORIENTED_EDGE('',*,*,#4071,.T.);
#10397 = ORIENTED_EDGE('',*,*,#5486,.F.);
#10398 = ORIENTED_EDGE('',*,*,#10399,.T.);
#10399 = EDGE_CURVE('',#5479,#776,#10400,.T.);
#10400 = LINE('',#10401,#10402);
#10401 = CARTESIAN_POINT('',(9.344099998474,-4.511050224304,0.));
#10402 = VECTOR('',#10403,1.);
#10403 = DIRECTION('',(0.,0.,1.));
#10404 = ORIENTED_EDGE('',*,*,#775,.F.);
#10405 = PLANE('',#10406);
#10406 = AXIS2_PLACEMENT_3D('',#10407,#10408,#10409);
#10407 = CARTESIAN_POINT('',(9.318584918976,-4.121705055237,1.5));
#10408 = DIRECTION('',(-0.997859584066,-6.539304616665E-02,-0.));
#10409 = DIRECTION('',(6.539304616665E-02,-0.997859584066,0.));
#10410 = ADVANCED_FACE('',(#10411),#10422,.T.);
#10411 = FACE_BOUND('',#10412,.T.);
#10412 = EDGE_LOOP('',(#10413,#10414,#10415,#10416));
#10413 = ORIENTED_EDGE('',*,*,#3933,.T.);
#10414 = ORIENTED_EDGE('',*,*,#8835,.F.);
#10415 = ORIENTED_EDGE('',*,*,#4225,.F.);
#10416 = ORIENTED_EDGE('',*,*,#10417,.T.);
#10417 = EDGE_CURVE('',#4226,#3781,#10418,.T.);
#10418 = LINE('',#10419,#10420);
#10419 = CARTESIAN_POINT('',(7.666440010071,-6.195769786835,0.));
#10420 = VECTOR('',#10421,1.);
#10421 = DIRECTION('',(0.,0.,1.));
#10422 = PLANE('',#10423);
#10423 = AXIS2_PLACEMENT_3D('',#10424,#10425,#10426);
#10424 = CARTESIAN_POINT('',(7.707448011959,-6.193084422917,
    2.031850782369));
#10425 = DIRECTION('',(-6.534394839305E-02,0.997862800393,0.));
#10426 = DIRECTION('',(0.997862800393,6.534394839305E-02,0.));
#10427 = ADVANCED_FACE('',(#10428),#10439,.T.);
#10428 = FACE_BOUND('',#10429,.T.);
#10429 = EDGE_LOOP('',(#10430,#10431,#10432,#10438));
#10430 = ORIENTED_EDGE('',*,*,#10399,.F.);
#10431 = ORIENTED_EDGE('',*,*,#5478,.F.);
#10432 = ORIENTED_EDGE('',*,*,#10433,.T.);
#10433 = EDGE_CURVE('',#5471,#784,#10434,.T.);
#10434 = LINE('',#10435,#10436);
#10435 = CARTESIAN_POINT('',(9.093270301819,-5.25,0.));
#10436 = VECTOR('',#10437,1.);
#10437 = DIRECTION('',(0.,0.,1.));
#10438 = ORIENTED_EDGE('',*,*,#783,.F.);
#10439 = PLANE('',#10440);
#10440 = AXIS2_PLACEMENT_3D('',#10441,#10442,#10443);
#10441 = CARTESIAN_POINT('',(9.218685150146,-4.880525112152,1.5));
#10442 = DIRECTION('',(-0.946934011137,0.321428030129,-0.));
#10443 = DIRECTION('',(-0.321428030129,-0.946934011137,0.));
#10444 = ADVANCED_FACE('',(#10445),#10456,.T.);
#10445 = FACE_BOUND('',#10446,.T.);
#10446 = EDGE_LOOP('',(#10447,#10448,#10454,#10455));
#10447 = ORIENTED_EDGE('',*,*,#799,.F.);
#10448 = ORIENTED_EDGE('',*,*,#10449,.T.);
#10449 = EDGE_CURVE('',#792,#5463,#10450,.T.);
#10450 = LINE('',#10451,#10452);
#10451 = CARTESIAN_POINT('',(8.578740119934,-5.836709976196,3.));
#10452 = VECTOR('',#10453,1.);
#10453 = DIRECTION('',(0.,0.,-1.));
#10454 = ORIENTED_EDGE('',*,*,#5462,.F.);
#10455 = ORIENTED_EDGE('',*,*,#4202,.F.);
#10456 = PLANE('',#10457);
#10457 = AXIS2_PLACEMENT_3D('',#10458,#10459,#10460);
#10458 = CARTESIAN_POINT('',(8.228795051575,-6.009279966354,1.5));
#10459 = DIRECTION('',(-0.442280815759,0.896876624743,0.));
#10460 = DIRECTION('',(0.896876624743,0.442280815759,0.));
#10461 = ADVANCED_FACE('',(#10462),#10468,.T.);
#10462 = FACE_BOUND('',#10463,.T.);
#10463 = EDGE_LOOP('',(#10464,#10465,#10466,#10467));
#10464 = ORIENTED_EDGE('',*,*,#10433,.F.);
#10465 = ORIENTED_EDGE('',*,*,#5470,.F.);
#10466 = ORIENTED_EDGE('',*,*,#10449,.F.);
#10467 = ORIENTED_EDGE('',*,*,#791,.F.);
#10468 = PLANE('',#10469);
#10469 = AXIS2_PLACEMENT_3D('',#10470,#10471,#10472);
#10470 = CARTESIAN_POINT('',(8.836005210876,-5.543354988098,1.5));
#10471 = DIRECTION('',(-0.751840225369,0.659345338587,-0.));
#10472 = DIRECTION('',(-0.659345338587,-0.751840225369,0.));
#10473 = ADVANCED_FACE('',(#10474),#10485,.T.);
#10474 = FACE_BOUND('',#10475,.T.);
#10475 = EDGE_LOOP('',(#10476,#10477,#10478,#10484));
#10476 = ORIENTED_EDGE('',*,*,#3987,.F.);
#10477 = ORIENTED_EDGE('',*,*,#3854,.F.);
#10478 = ORIENTED_EDGE('',*,*,#10479,.T.);
#10479 = EDGE_CURVE('',#3847,#5510,#10480,.T.);
#10480 = LINE('',#10481,#10482);
#10481 = CARTESIAN_POINT('',(5.429359912872,-4.767640113831,4.));
#10482 = VECTOR('',#10483,1.);
#10483 = DIRECTION('',(0.,0.,-1.));
#10484 = ORIENTED_EDGE('',*,*,#5509,.F.);
#10485 = PLANE('',#10486);
#10486 = AXIS2_PLACEMENT_3D('',#10487,#10488,#10489);
#10487 = CARTESIAN_POINT('',(5.403845071793,-4.378295063972,2.));
#10488 = DIRECTION('',(0.997859622632,6.539245766861E-02,0.));
#10489 = DIRECTION('',(-6.539245766861E-02,0.997859622632,0.));
#10490 = ADVANCED_FACE('',(#10491),#10497,.T.);
#10491 = FACE_BOUND('',#10492,.T.);
#10492 = EDGE_LOOP('',(#10493,#10494,#10495,#10496));
#10493 = ORIENTED_EDGE('',*,*,#4010,.F.);
#10494 = ORIENTED_EDGE('',*,*,#3870,.F.);
#10495 = ORIENTED_EDGE('',*,*,#3978,.F.);
#10496 = ORIENTED_EDGE('',*,*,#5502,.F.);
#10497 = PLANE('',#10498);
#10498 = AXIS2_PLACEMENT_3D('',#10499,#10500,#10501);
#10499 = CARTESIAN_POINT('',(5.886425018311,-2.956645011902,2.));
#10500 = DIRECTION('',(0.751840225369,-0.659345338587,0.));
#10501 = DIRECTION('',(0.659345338587,0.751840225369,0.));
#10502 = ADVANCED_FACE('',(#10503),#10509,.T.);
#10503 = FACE_BOUND('',#10504,.T.);
#10504 = EDGE_LOOP('',(#10505,#10506,#10507,#10508));
#10505 = ORIENTED_EDGE('',*,*,#3886,.F.);
#10506 = ORIENTED_EDGE('',*,*,#4026,.F.);
#10507 = ORIENTED_EDGE('',*,*,#5495,.F.);
#10508 = ORIENTED_EDGE('',*,*,#4109,.F.);
#10509 = PLANE('',#10510);
#10510 = AXIS2_PLACEMENT_3D('',#10511,#10512,#10513);
#10511 = CARTESIAN_POINT('',(7.232924938202,-2.292630076408,2.));
#10512 = DIRECTION('',(6.540551905202E-02,-0.997858766599,-0.));
#10513 = DIRECTION('',(-0.997858766599,-6.540551905202E-02,0.));
#10514 = ADVANCED_FACE('',(#10515),#10521,.T.);
#10515 = FACE_BOUND('',#10516,.T.);
#10516 = EDGE_LOOP('',(#10517,#10518,#10519,#10520));
#10517 = ORIENTED_EDGE('',*,*,#10479,.F.);
#10518 = ORIENTED_EDGE('',*,*,#3846,.F.);
#10519 = ORIENTED_EDGE('',*,*,#3964,.F.);
#10520 = ORIENTED_EDGE('',*,*,#5517,.F.);
#10521 = PLANE('',#10522);
#10522 = AXIS2_PLACEMENT_3D('',#10523,#10524,#10525);
#10523 = CARTESIAN_POINT('',(5.601934909821,-5.1175801754,2.));
#10524 = DIRECTION('',(0.89686902442,0.442296227698,0.));
#10525 = DIRECTION('',(-0.442296227698,0.89686902442,0.));
#10526 = ADVANCED_FACE('',(#10527),#10543,.T.);
#10527 = FACE_BOUND('',#10528,.T.);
#10528 = EDGE_LOOP('',(#10529,#10530,#10536,#10537));
#10529 = ORIENTED_EDGE('',*,*,#631,.F.);
#10530 = ORIENTED_EDGE('',*,*,#10531,.T.);
#10531 = EDGE_CURVE('',#624,#5654,#10532,.T.);
#10532 = LINE('',#10533,#10534);
#10533 = CARTESIAN_POINT('',(6.717510223389,7.817510128021,3.));
#10534 = VECTOR('',#10535,1.);
#10535 = DIRECTION('',(0.,0.,-1.));
#10536 = ORIENTED_EDGE('',*,*,#5653,.F.);
#10537 = ORIENTED_EDGE('',*,*,#10538,.T.);
#10538 = EDGE_CURVE('',#5646,#632,#10539,.T.);
#10539 = LINE('',#10540,#10541);
#10540 = CARTESIAN_POINT('',(7.138470172882,7.733779907227,0.));
#10541 = VECTOR('',#10542,1.);
#10542 = DIRECTION('',(0.,0.,1.));
#10543 = PLANE('',#10544);
#10544 = AXIS2_PLACEMENT_3D('',#10545,#10546,#10547);
#10545 = CARTESIAN_POINT('',(6.927990198135,7.775645017624,1.5));
#10546 = DIRECTION('',(-0.195081537979,-0.980787027616,-0.));
#10547 = DIRECTION('',(-0.980787027616,0.195081537979,0.));
#10548 = ADVANCED_FACE('',(#10549),#10560,.T.);
#10549 = FACE_BOUND('',#10550,.T.);
#10550 = EDGE_LOOP('',(#10551,#10552,#10553,#10554));
#10551 = ORIENTED_EDGE('',*,*,#639,.F.);
#10552 = ORIENTED_EDGE('',*,*,#10538,.F.);
#10553 = ORIENTED_EDGE('',*,*,#5645,.F.);
#10554 = ORIENTED_EDGE('',*,*,#10555,.T.);
#10555 = EDGE_CURVE('',#5638,#640,#10556,.T.);
#10556 = LINE('',#10557,#10558);
#10557 = CARTESIAN_POINT('',(7.495329856873,7.495329856873,0.));
#10558 = VECTOR('',#10559,1.);
#10559 = DIRECTION('',(0.,0.,1.));
#10560 = PLANE('',#10561);
#10561 = AXIS2_PLACEMENT_3D('',#10562,#10563,#10564);
#10562 = CARTESIAN_POINT('',(7.316900014877,7.61455488205,1.5));
#10563 = DIRECTION('',(-0.555576728966,-0.831465271813,-0.));
#10564 = DIRECTION('',(-0.831465271813,0.555576728966,0.));
#10565 = ADVANCED_FACE('',(#10566),#10582,.T.);
#10566 = FACE_BOUND('',#10567,.T.);
#10567 = EDGE_LOOP('',(#10568,#10574,#10575,#10581));
#10568 = ORIENTED_EDGE('',*,*,#10569,.T.);
#10569 = EDGE_CURVE('',#5685,#6661,#10570,.T.);
#10570 = LINE('',#10571,#10572);
#10571 = CARTESIAN_POINT('',(5.701250076294,6.296559810638,0.));
#10572 = VECTOR('',#10573,1.);
#10573 = DIRECTION('',(0.,0.,1.));
#10574 = ORIENTED_EDGE('',*,*,#6660,.F.);
#10575 = ORIENTED_EDGE('',*,*,#10576,.T.);
#10576 = EDGE_CURVE('',#6653,#5693,#10577,.T.);
#10577 = LINE('',#10578,#10579);
#10578 = CARTESIAN_POINT('',(5.939700126648,5.939700126648,4.));
#10579 = VECTOR('',#10580,1.);
#10580 = DIRECTION('',(0.,0.,-1.));
#10581 = ORIENTED_EDGE('',*,*,#5692,.F.);
#10582 = PLANE('',#10583);
#10583 = AXIS2_PLACEMENT_3D('',#10584,#10585,#10586);
#10584 = CARTESIAN_POINT('',(5.820475101471,6.118129968643,2.));
#10585 = DIRECTION('',(0.831465271813,0.555576728966,0.));
#10586 = DIRECTION('',(-0.555576728966,0.831465271813,0.));
#10587 = ADVANCED_FACE('',(#10588),#10594,.T.);
#10588 = FACE_BOUND('',#10589,.T.);
#10589 = EDGE_LOOP('',(#10590,#10591,#10592,#10593));
#10590 = ORIENTED_EDGE('',*,*,#6652,.F.);
#10591 = ORIENTED_EDGE('',*,*,#6884,.F.);
#10592 = ORIENTED_EDGE('',*,*,#5700,.F.);
#10593 = ORIENTED_EDGE('',*,*,#10576,.F.);
#10594 = PLANE('',#10595);
#10595 = AXIS2_PLACEMENT_3D('',#10596,#10597,#10598);
#10596 = CARTESIAN_POINT('',(6.045614957809,5.868930101395,2.));
#10597 = DIRECTION('',(0.55557022017,0.831469620889,0.));
#10598 = DIRECTION('',(0.831469620889,-0.55557022017,0.));
#10599 = ADVANCED_FACE('',(#10600),#10616,.T.);
#10600 = FACE_BOUND('',#10601,.T.);
#10601 = EDGE_LOOP('',(#10602,#10608,#10609,#10615));
#10602 = ORIENTED_EDGE('',*,*,#10603,.T.);
#10603 = EDGE_CURVE('',#3460,#6685,#10604,.T.);
#10604 = LINE('',#10605,#10606);
#10605 = CARTESIAN_POINT('',(5.939700126648,7.495329856873,0.));
#10606 = VECTOR('',#10607,1.);
#10607 = DIRECTION('',(0.,0.,1.));
#10608 = ORIENTED_EDGE('',*,*,#6684,.F.);
#10609 = ORIENTED_EDGE('',*,*,#10610,.T.);
#10610 = EDGE_CURVE('',#6677,#5669,#10611,.T.);
#10611 = LINE('',#10612,#10613);
#10612 = CARTESIAN_POINT('',(5.701250076294,7.138470172882,4.));
#10613 = VECTOR('',#10614,1.);
#10614 = DIRECTION('',(0.,0.,-1.));
#10615 = ORIENTED_EDGE('',*,*,#5668,.F.);
#10616 = PLANE('',#10617);
#10617 = AXIS2_PLACEMENT_3D('',#10618,#10619,#10620);
#10618 = CARTESIAN_POINT('',(5.820475101471,7.316900014877,2.));
#10619 = DIRECTION('',(0.831465271813,-0.555576728966,0.));
#10620 = DIRECTION('',(0.555576728966,0.831465271813,0.));
#10621 = ADVANCED_FACE('',(#10622),#10628,.T.);
#10622 = FACE_BOUND('',#10623,.T.);
#10623 = EDGE_LOOP('',(#10624,#10625,#10626,#10627));
#10624 = ORIENTED_EDGE('',*,*,#3520,.F.);
#10625 = ORIENTED_EDGE('',*,*,#9418,.F.);
#10626 = ORIENTED_EDGE('',*,*,#6716,.F.);
#10627 = ORIENTED_EDGE('',*,*,#8694,.F.);
#10628 = PLANE('',#10629);
#10629 = AXIS2_PLACEMENT_3D('',#10630,#10631,#10632);
#10630 = CARTESIAN_POINT('',(7.683812739842,6.221772208929,
    2.024420922454));
#10631 = DIRECTION('',(-0.831492259649,0.555536337376,-0.));
#10632 = DIRECTION('',(-0.555536337376,-0.831492259649,0.));
#10633 = ADVANCED_FACE('',(#10634),#10645,.T.);
#10634 = FACE_BOUND('',#10635,.T.);
#10635 = EDGE_LOOP('',(#10636,#10642,#10643,#10644));
#10636 = ORIENTED_EDGE('',*,*,#10637,.T.);
#10637 = EDGE_CURVE('',#5677,#6669,#10638,.T.);
#10638 = LINE('',#10639,#10640);
#10639 = CARTESIAN_POINT('',(5.617509841919,6.717510223389,0.));
#10640 = VECTOR('',#10641,1.);
#10641 = DIRECTION('',(0.,0.,1.));
#10642 = ORIENTED_EDGE('',*,*,#6668,.F.);
#10643 = ORIENTED_EDGE('',*,*,#10569,.F.);
#10644 = ORIENTED_EDGE('',*,*,#5684,.F.);
#10645 = PLANE('',#10646);
#10646 = AXIS2_PLACEMENT_3D('',#10647,#10648,#10649);
#10647 = CARTESIAN_POINT('',(5.659379959106,6.507035017014,2.));
#10648 = DIRECTION('',(0.980781717661,0.195108232276,0.));
#10649 = DIRECTION('',(-0.195108232276,0.980781717661,0.));
#10650 = ADVANCED_FACE('',(#10651),#10667,.T.);
#10651 = FACE_BOUND('',#10652,.T.);
#10652 = EDGE_LOOP('',(#10653,#10659,#10660,#10666));
#10653 = ORIENTED_EDGE('',*,*,#10654,.T.);
#10654 = EDGE_CURVE('',#648,#5630,#10655,.T.);
#10655 = LINE('',#10656,#10657);
#10656 = CARTESIAN_POINT('',(7.733779907227,7.138470172882,3.));
#10657 = VECTOR('',#10658,1.);
#10658 = DIRECTION('',(0.,0.,-1.));
#10659 = ORIENTED_EDGE('',*,*,#5629,.F.);
#10660 = ORIENTED_EDGE('',*,*,#10661,.T.);
#10661 = EDGE_CURVE('',#5622,#656,#10662,.T.);
#10662 = LINE('',#10663,#10664);
#10663 = CARTESIAN_POINT('',(7.817510128021,6.717510223389,0.));
#10664 = VECTOR('',#10665,1.);
#10665 = DIRECTION('',(0.,0.,1.));
#10666 = ORIENTED_EDGE('',*,*,#655,.F.);
#10667 = PLANE('',#10668);
#10668 = AXIS2_PLACEMENT_3D('',#10669,#10670,#10671);
#10669 = CARTESIAN_POINT('',(7.775645017624,6.927990198135,1.5));
#10670 = DIRECTION('',(-0.980787027616,-0.195081537979,-0.));
#10671 = DIRECTION('',(0.195081537979,-0.980787027616,0.));
#10672 = ADVANCED_FACE('',(#10673),#10679,.T.);
#10673 = FACE_BOUND('',#10674,.T.);
#10674 = EDGE_LOOP('',(#10675,#10676,#10677,#10678));
#10675 = ORIENTED_EDGE('',*,*,#623,.F.);
#10676 = ORIENTED_EDGE('',*,*,#3482,.T.);
#10677 = ORIENTED_EDGE('',*,*,#5661,.F.);
#10678 = ORIENTED_EDGE('',*,*,#10531,.F.);
#10679 = PLANE('',#10680);
#10680 = AXIS2_PLACEMENT_3D('',#10681,#10682,#10683);
#10681 = CARTESIAN_POINT('',(6.507035017014,7.775645017624,1.5));
#10682 = DIRECTION('',(0.195085789401,-0.980786181986,-0.));
#10683 = DIRECTION('',(-0.980786181986,-0.195085789401,0.));
#10684 = ADVANCED_FACE('',(#10685),#10691,.T.);
#10685 = FACE_BOUND('',#10686,.T.);
#10686 = EDGE_LOOP('',(#10687,#10688,#10689,#10690));
#10687 = ORIENTED_EDGE('',*,*,#10555,.F.);
#10688 = ORIENTED_EDGE('',*,*,#5637,.F.);
#10689 = ORIENTED_EDGE('',*,*,#10654,.F.);
#10690 = ORIENTED_EDGE('',*,*,#647,.F.);
#10691 = PLANE('',#10692);
#10692 = AXIS2_PLACEMENT_3D('',#10693,#10694,#10695);
#10693 = CARTESIAN_POINT('',(7.61455488205,7.316900014877,1.5));
#10694 = DIRECTION('',(-0.831465271813,-0.555576728966,-0.));
#10695 = DIRECTION('',(0.555576728966,-0.831465271813,0.));
#10696 = ADVANCED_FACE('',(#10697),#10703,.T.);
#10697 = FACE_BOUND('',#10698,.T.);
#10698 = EDGE_LOOP('',(#10699,#10700,#10701,#10702));
#10699 = ORIENTED_EDGE('',*,*,#10661,.F.);
#10700 = ORIENTED_EDGE('',*,*,#5621,.F.);
#10701 = ORIENTED_EDGE('',*,*,#3506,.F.);
#10702 = ORIENTED_EDGE('',*,*,#663,.F.);
#10703 = PLANE('',#10704);
#10704 = AXIS2_PLACEMENT_3D('',#10705,#10706,#10707);
#10705 = CARTESIAN_POINT('',(7.775645017624,6.507035017014,1.5));
#10706 = DIRECTION('',(-0.980786181986,0.195085789401,-0.));
#10707 = DIRECTION('',(-0.195085789401,-0.980786181986,0.));
#10708 = ADVANCED_FACE('',(#10709),#10715,.T.);
#10709 = FACE_BOUND('',#10710,.T.);
#10710 = EDGE_LOOP('',(#10711,#10712,#10713,#10714));
#10711 = ORIENTED_EDGE('',*,*,#8623,.F.);
#10712 = ORIENTED_EDGE('',*,*,#6692,.F.);
#10713 = ORIENTED_EDGE('',*,*,#10603,.F.);
#10714 = ORIENTED_EDGE('',*,*,#3459,.T.);
#10715 = PLANE('',#10716);
#10716 = AXIS2_PLACEMENT_3D('',#10717,#10718,#10719);
#10717 = CARTESIAN_POINT('',(6.048804761491,7.568232856128,2.09494551367
    ));
#10718 = DIRECTION('',(0.555578730964,-0.831463934095,-0.));
#10719 = DIRECTION('',(-0.831463934095,-0.555578730964,0.));
#10720 = ADVANCED_FACE('',(#10721),#10727,.T.);
#10721 = FACE_BOUND('',#10722,.T.);
#10722 = EDGE_LOOP('',(#10723,#10724,#10725,#10726));
#10723 = ORIENTED_EDGE('',*,*,#10610,.F.);
#10724 = ORIENTED_EDGE('',*,*,#6676,.F.);
#10725 = ORIENTED_EDGE('',*,*,#10637,.F.);
#10726 = ORIENTED_EDGE('',*,*,#5676,.F.);
#10727 = PLANE('',#10728);
#10728 = AXIS2_PLACEMENT_3D('',#10729,#10730,#10731);
#10729 = CARTESIAN_POINT('',(5.659379959106,6.927990198135,2.));
#10730 = DIRECTION('',(0.980782563482,-0.195103980404,0.));
#10731 = DIRECTION('',(0.195103980404,0.980782563482,0.));
#10732 = ADVANCED_FACE('',(#10733),#10749,.T.);
#10733 = FACE_BOUND('',#10734,.T.);
#10734 = EDGE_LOOP('',(#10735,#10741,#10742,#10748));
#10735 = ORIENTED_EDGE('',*,*,#10736,.T.);
#10736 = EDGE_CURVE('',#5838,#456,#10737,.T.);
#10737 = LINE('',#10738,#10739);
#10738 = CARTESIAN_POINT('',(-7.733779907227,7.138470172882,0.));
#10739 = VECTOR('',#10740,1.);
#10740 = DIRECTION('',(0.,0.,1.));
#10741 = ORIENTED_EDGE('',*,*,#455,.F.);
#10742 = ORIENTED_EDGE('',*,*,#10743,.T.);
#10743 = EDGE_CURVE('',#448,#5846,#10744,.T.);
#10744 = LINE('',#10745,#10746);
#10745 = CARTESIAN_POINT('',(-7.817510128021,6.717510223389,3.));
#10746 = VECTOR('',#10747,1.);
#10747 = DIRECTION('',(0.,0.,-1.));
#10748 = ORIENTED_EDGE('',*,*,#5845,.F.);
#10749 = PLANE('',#10750);
#10750 = AXIS2_PLACEMENT_3D('',#10751,#10752,#10753);
#10751 = CARTESIAN_POINT('',(-7.775645017624,6.927990198135,1.5));
#10752 = DIRECTION('',(0.980787027616,-0.195081537979,0.));
#10753 = DIRECTION('',(0.195081537979,0.980787027616,0.));
#10754 = ADVANCED_FACE('',(#10755),#10766,.T.);
#10755 = FACE_BOUND('',#10756,.T.);
#10756 = EDGE_LOOP('',(#10757,#10763,#10764,#10765));
#10757 = ORIENTED_EDGE('',*,*,#10758,.T.);
#10758 = EDGE_CURVE('',#5830,#464,#10759,.T.);
#10759 = LINE('',#10760,#10761);
#10760 = CARTESIAN_POINT('',(-7.495329856873,7.495329856873,0.));
#10761 = VECTOR('',#10762,1.);
#10762 = DIRECTION('',(0.,0.,1.));
#10763 = ORIENTED_EDGE('',*,*,#463,.F.);
#10764 = ORIENTED_EDGE('',*,*,#10736,.F.);
#10765 = ORIENTED_EDGE('',*,*,#5837,.F.);
#10766 = PLANE('',#10767);
#10767 = AXIS2_PLACEMENT_3D('',#10768,#10769,#10770);
#10768 = CARTESIAN_POINT('',(-7.61455488205,7.316900014877,1.5));
#10769 = DIRECTION('',(0.831465271813,-0.555576728966,0.));
#10770 = DIRECTION('',(0.555576728966,0.831465271813,0.));
#10771 = ADVANCED_FACE('',(#10772),#10783,.T.);
#10772 = FACE_BOUND('',#10773,.T.);
#10773 = EDGE_LOOP('',(#10774,#10775,#10781,#10782));
#10774 = ORIENTED_EDGE('',*,*,#487,.F.);
#10775 = ORIENTED_EDGE('',*,*,#10776,.T.);
#10776 = EDGE_CURVE('',#480,#5814,#10777,.T.);
#10777 = LINE('',#10778,#10779);
#10778 = CARTESIAN_POINT('',(-6.717510223389,7.817510128021,3.));
#10779 = VECTOR('',#10780,1.);
#10780 = DIRECTION('',(0.,0.,-1.));
#10781 = ORIENTED_EDGE('',*,*,#5813,.F.);
#10782 = ORIENTED_EDGE('',*,*,#1237,.T.);
#10783 = PLANE('',#10784);
#10784 = AXIS2_PLACEMENT_3D('',#10785,#10786,#10787);
#10785 = CARTESIAN_POINT('',(-6.507035017014,7.775645017624,1.5));
#10786 = DIRECTION('',(-0.195085789401,-0.980786181986,-0.));
#10787 = DIRECTION('',(-0.980786181986,0.195085789401,0.));
#10788 = ADVANCED_FACE('',(#10789),#10800,.T.);
#10789 = FACE_BOUND('',#10790,.T.);
#10790 = EDGE_LOOP('',(#10791,#10792,#10793,#10794));
#10791 = ORIENTED_EDGE('',*,*,#7172,.F.);
#10792 = ORIENTED_EDGE('',*,*,#8949,.F.);
#10793 = ORIENTED_EDGE('',*,*,#1260,.F.);
#10794 = ORIENTED_EDGE('',*,*,#10795,.T.);
#10795 = EDGE_CURVE('',#1261,#7173,#10796,.T.);
#10796 = LINE('',#10797,#10798);
#10797 = CARTESIAN_POINT('',(-5.939700126648,7.495329856873,0.));
#10798 = VECTOR('',#10799,1.);
#10799 = DIRECTION('',(0.,0.,1.));
#10800 = PLANE('',#10801);
#10801 = AXIS2_PLACEMENT_3D('',#10802,#10803,#10804);
#10802 = CARTESIAN_POINT('',(-6.048804761491,7.568232856128,
    2.09494551367));
#10803 = DIRECTION('',(-0.555578730964,-0.831463934095,-0.));
#10804 = DIRECTION('',(-0.831463934095,0.555578730964,0.));
#10805 = ADVANCED_FACE('',(#10806),#10812,.T.);
#10806 = FACE_BOUND('',#10807,.T.);
#10807 = EDGE_LOOP('',(#10808,#10809,#10810,#10811));
#10808 = ORIENTED_EDGE('',*,*,#7148,.F.);
#10809 = ORIENTED_EDGE('',*,*,#9804,.F.);
#10810 = ORIENTED_EDGE('',*,*,#1216,.T.);
#10811 = ORIENTED_EDGE('',*,*,#8932,.F.);
#10812 = PLANE('',#10813);
#10813 = AXIS2_PLACEMENT_3D('',#10814,#10815,#10816);
#10814 = CARTESIAN_POINT('',(-7.683812739842,6.221772208929,
    2.024420922454));
#10815 = DIRECTION('',(0.831492259649,0.555536337376,0.));
#10816 = DIRECTION('',(-0.555536337376,0.831492259649,0.));
#10817 = ADVANCED_FACE('',(#10818),#10829,.T.);
#10818 = FACE_BOUND('',#10819,.T.);
#10819 = EDGE_LOOP('',(#10820,#10821,#10827,#10828));
#10820 = ORIENTED_EDGE('',*,*,#7037,.F.);
#10821 = ORIENTED_EDGE('',*,*,#10822,.T.);
#10822 = EDGE_CURVE('',#7030,#5775,#10823,.T.);
#10823 = LINE('',#10824,#10825);
#10824 = CARTESIAN_POINT('',(-5.939700126648,5.939700126648,4.));
#10825 = VECTOR('',#10826,1.);
#10826 = DIRECTION('',(0.,0.,-1.));
#10827 = ORIENTED_EDGE('',*,*,#5774,.F.);
#10828 = ORIENTED_EDGE('',*,*,#7325,.F.);
#10829 = PLANE('',#10830);
#10830 = AXIS2_PLACEMENT_3D('',#10831,#10832,#10833);
#10831 = CARTESIAN_POINT('',(-6.045614957809,5.868930101395,2.));
#10832 = DIRECTION('',(-0.55557022017,0.831469620889,0.));
#10833 = DIRECTION('',(0.831469620889,0.55557022017,0.));
#10834 = ADVANCED_FACE('',(#10835),#10846,.T.);
#10835 = FACE_BOUND('',#10836,.T.);
#10836 = EDGE_LOOP('',(#10837,#10838,#10839,#10845));
#10837 = ORIENTED_EDGE('',*,*,#10795,.F.);
#10838 = ORIENTED_EDGE('',*,*,#5806,.F.);
#10839 = ORIENTED_EDGE('',*,*,#10840,.T.);
#10840 = EDGE_CURVE('',#5799,#7181,#10841,.T.);
#10841 = LINE('',#10842,#10843);
#10842 = CARTESIAN_POINT('',(-5.701250076294,7.138470172882,0.));
#10843 = VECTOR('',#10844,1.);
#10844 = DIRECTION('',(0.,0.,1.));
#10845 = ORIENTED_EDGE('',*,*,#7180,.F.);
#10846 = PLANE('',#10847);
#10847 = AXIS2_PLACEMENT_3D('',#10848,#10849,#10850);
#10848 = CARTESIAN_POINT('',(-5.820475101471,7.316900014877,2.));
#10849 = DIRECTION('',(-0.831465271813,-0.555576728966,-0.));
#10850 = DIRECTION('',(0.555576728966,-0.831465271813,0.));
#10851 = ADVANCED_FACE('',(#10852),#10863,.T.);
#10852 = FACE_BOUND('',#10853,.T.);
#10853 = EDGE_LOOP('',(#10854,#10855,#10861,#10862));
#10854 = ORIENTED_EDGE('',*,*,#479,.F.);
#10855 = ORIENTED_EDGE('',*,*,#10856,.T.);
#10856 = EDGE_CURVE('',#472,#5822,#10857,.T.);
#10857 = LINE('',#10858,#10859);
#10858 = CARTESIAN_POINT('',(-7.138470172882,7.733779907227,3.));
#10859 = VECTOR('',#10860,1.);
#10860 = DIRECTION('',(0.,0.,-1.));
#10861 = ORIENTED_EDGE('',*,*,#5821,.F.);
#10862 = ORIENTED_EDGE('',*,*,#10776,.F.);
#10863 = PLANE('',#10864);
#10864 = AXIS2_PLACEMENT_3D('',#10865,#10866,#10867);
#10865 = CARTESIAN_POINT('',(-6.927990198135,7.775645017624,1.5));
#10866 = DIRECTION('',(0.195081537979,-0.980787027616,-0.));
#10867 = DIRECTION('',(-0.980787027616,-0.195081537979,0.));
#10868 = ADVANCED_FACE('',(#10869),#10885,.T.);
#10869 = FACE_BOUND('',#10870,.T.);
#10870 = EDGE_LOOP('',(#10871,#10877,#10878,#10884));
#10871 = ORIENTED_EDGE('',*,*,#10872,.T.);
#10872 = EDGE_CURVE('',#7020,#5791,#10873,.T.);
#10873 = LINE('',#10874,#10875);
#10874 = CARTESIAN_POINT('',(-5.617509841919,6.717510223389,4.));
#10875 = VECTOR('',#10876,1.);
#10876 = DIRECTION('',(0.,0.,-1.));
#10877 = ORIENTED_EDGE('',*,*,#5790,.F.);
#10878 = ORIENTED_EDGE('',*,*,#10879,.T.);
#10879 = EDGE_CURVE('',#5783,#7022,#10880,.T.);
#10880 = LINE('',#10881,#10882);
#10881 = CARTESIAN_POINT('',(-5.701250076294,6.296559810638,0.));
#10882 = VECTOR('',#10883,1.);
#10883 = DIRECTION('',(0.,0.,1.));
#10884 = ORIENTED_EDGE('',*,*,#7019,.F.);
#10885 = PLANE('',#10886);
#10886 = AXIS2_PLACEMENT_3D('',#10887,#10888,#10889);
#10887 = CARTESIAN_POINT('',(-5.659379959106,6.507035017014,2.));
#10888 = DIRECTION('',(-0.980781717661,0.195108232276,-0.));
#10889 = DIRECTION('',(-0.195108232276,-0.980781717661,0.));
#10890 = ADVANCED_FACE('',(#10891),#10897,.T.);
#10891 = FACE_BOUND('',#10892,.T.);
#10892 = EDGE_LOOP('',(#10893,#10894,#10895,#10896));
#10893 = ORIENTED_EDGE('',*,*,#10743,.F.);
#10894 = ORIENTED_EDGE('',*,*,#447,.F.);
#10895 = ORIENTED_EDGE('',*,*,#1201,.F.);
#10896 = ORIENTED_EDGE('',*,*,#5853,.F.);
#10897 = PLANE('',#10898);
#10898 = AXIS2_PLACEMENT_3D('',#10899,#10900,#10901);
#10899 = CARTESIAN_POINT('',(-7.775645017624,6.507035017014,1.5));
#10900 = DIRECTION('',(0.980786181986,0.195085789401,0.));
#10901 = DIRECTION('',(-0.195085789401,0.980786181986,0.));
#10902 = ADVANCED_FACE('',(#10903),#10909,.T.);
#10903 = FACE_BOUND('',#10904,.T.);
#10904 = EDGE_LOOP('',(#10905,#10906,#10907,#10908));
#10905 = ORIENTED_EDGE('',*,*,#10879,.F.);
#10906 = ORIENTED_EDGE('',*,*,#5782,.F.);
#10907 = ORIENTED_EDGE('',*,*,#10822,.F.);
#10908 = ORIENTED_EDGE('',*,*,#7029,.F.);
#10909 = PLANE('',#10910);
#10910 = AXIS2_PLACEMENT_3D('',#10911,#10912,#10913);
#10911 = CARTESIAN_POINT('',(-5.820475101471,6.118129968643,2.));
#10912 = DIRECTION('',(-0.831465271813,0.555576728966,-0.));
#10913 = DIRECTION('',(-0.555576728966,-0.831465271813,0.));
#10914 = ADVANCED_FACE('',(#10915),#10921,.T.);
#10915 = FACE_BOUND('',#10916,.T.);
#10916 = EDGE_LOOP('',(#10917,#10918,#10919,#10920));
#10917 = ORIENTED_EDGE('',*,*,#471,.F.);
#10918 = ORIENTED_EDGE('',*,*,#10758,.F.);
#10919 = ORIENTED_EDGE('',*,*,#5829,.F.);
#10920 = ORIENTED_EDGE('',*,*,#10856,.F.);
#10921 = PLANE('',#10922);
#10922 = AXIS2_PLACEMENT_3D('',#10923,#10924,#10925);
#10923 = CARTESIAN_POINT('',(-7.316900014877,7.61455488205,1.5));
#10924 = DIRECTION('',(0.555576728966,-0.831465271813,-0.));
#10925 = DIRECTION('',(-0.831465271813,-0.555576728966,0.));
#10926 = ADVANCED_FACE('',(#10927),#10933,.T.);
#10927 = FACE_BOUND('',#10928,.T.);
#10928 = EDGE_LOOP('',(#10929,#10930,#10931,#10932));
#10929 = ORIENTED_EDGE('',*,*,#10840,.F.);
#10930 = ORIENTED_EDGE('',*,*,#5798,.F.);
#10931 = ORIENTED_EDGE('',*,*,#10872,.F.);
#10932 = ORIENTED_EDGE('',*,*,#7188,.F.);
#10933 = PLANE('',#10934);
#10934 = AXIS2_PLACEMENT_3D('',#10935,#10936,#10937);
#10935 = CARTESIAN_POINT('',(-5.659379959106,6.927990198135,2.));
#10936 = DIRECTION('',(-0.980782563482,-0.195103980404,-0.));
#10937 = DIRECTION('',(0.195103980404,-0.980782563482,0.));
#10938 = ADVANCED_FACE('',(#10939),#10950,.T.);
#10939 = FACE_BOUND('',#10940,.T.);
#10940 = EDGE_LOOP('',(#10941,#10942,#10943,#10949));
#10941 = ORIENTED_EDGE('',*,*,#4712,.T.);
#10942 = ORIENTED_EDGE('',*,*,#1047,.F.);
#10943 = ORIENTED_EDGE('',*,*,#10944,.T.);
#10944 = EDGE_CURVE('',#1040,#6006,#10945,.T.);
#10945 = LINE('',#10946,#10947);
#10946 = CARTESIAN_POINT('',(-7.817510128021,-6.717510223389,3.));
#10947 = VECTOR('',#10948,1.);
#10948 = DIRECTION('',(0.,0.,-1.));
#10949 = ORIENTED_EDGE('',*,*,#6005,.F.);
#10950 = PLANE('',#10951);
#10951 = AXIS2_PLACEMENT_3D('',#10952,#10953,#10954);
#10952 = CARTESIAN_POINT('',(-7.775645017624,-6.507035017014,1.5));
#10953 = DIRECTION('',(0.980786181986,-0.195085789401,0.));
#10954 = DIRECTION('',(0.195085789401,0.980786181986,0.));
#10955 = ADVANCED_FACE('',(#10956),#10972,.T.);
#10956 = FACE_BOUND('',#10957,.T.);
#10957 = EDGE_LOOP('',(#10958,#10964,#10965,#10971));
#10958 = ORIENTED_EDGE('',*,*,#10959,.T.);
#10959 = EDGE_CURVE('',#7661,#6069,#10960,.T.);
#10960 = LINE('',#10961,#10962);
#10961 = CARTESIAN_POINT('',(-5.701250076294,-6.296559810638,4.));
#10962 = VECTOR('',#10963,1.);
#10963 = DIRECTION('',(0.,0.,-1.));
#10964 = ORIENTED_EDGE('',*,*,#6068,.F.);
#10965 = ORIENTED_EDGE('',*,*,#10966,.T.);
#10966 = EDGE_CURVE('',#6061,#7516,#10967,.T.);
#10967 = LINE('',#10968,#10969);
#10968 = CARTESIAN_POINT('',(-5.617509841919,-6.717510223389,0.));
#10969 = VECTOR('',#10970,1.);
#10970 = DIRECTION('',(0.,0.,1.));
#10971 = ORIENTED_EDGE('',*,*,#7668,.F.);
#10972 = PLANE('',#10973);
#10973 = AXIS2_PLACEMENT_3D('',#10974,#10975,#10976);
#10974 = CARTESIAN_POINT('',(-5.659379959106,-6.507035017014,2.));
#10975 = DIRECTION('',(-0.980781717661,-0.195108232276,-0.));
#10976 = DIRECTION('',(0.195108232276,-0.980781717661,0.));
#10977 = ADVANCED_FACE('',(#10978),#10984,.T.);
#10978 = FACE_BOUND('',#10979,.T.);
#10979 = EDGE_LOOP('',(#10980,#10981,#10982,#10983));
#10980 = ORIENTED_EDGE('',*,*,#7541,.F.);
#10981 = ORIENTED_EDGE('',*,*,#8077,.F.);
#10982 = ORIENTED_EDGE('',*,*,#4735,.T.);
#10983 = ORIENTED_EDGE('',*,*,#9948,.F.);
#10984 = PLANE('',#10985);
#10985 = AXIS2_PLACEMENT_3D('',#10986,#10987,#10988);
#10986 = CARTESIAN_POINT('',(-7.683812739842,-6.221772208929,
    2.024420922454));
#10987 = DIRECTION('',(0.831492259649,-0.555536337376,0.));
#10988 = DIRECTION('',(0.555536337376,0.831492259649,0.));
#10989 = ADVANCED_FACE('',(#10990),#11001,.T.);
#10990 = FACE_BOUND('',#10991,.T.);
#10991 = EDGE_LOOP('',(#10992,#10993,#10994,#11000));
#10992 = ORIENTED_EDGE('',*,*,#8601,.F.);
#10993 = ORIENTED_EDGE('',*,*,#7533,.F.);
#10994 = ORIENTED_EDGE('',*,*,#10995,.T.);
#10995 = EDGE_CURVE('',#7526,#4666,#10996,.T.);
#10996 = LINE('',#10997,#10998);
#10997 = CARTESIAN_POINT('',(-5.939700126648,-7.495329856873,4.));
#10998 = VECTOR('',#10999,1.);
#10999 = DIRECTION('',(0.,0.,-1.));
#11000 = ORIENTED_EDGE('',*,*,#4665,.T.);
#11001 = PLANE('',#11002);
#11002 = AXIS2_PLACEMENT_3D('',#11003,#11004,#11005);
#11003 = CARTESIAN_POINT('',(-6.048804761491,-7.568232856128,
    2.09494551367));
#11004 = DIRECTION('',(-0.555578730964,0.831463934095,0.));
#11005 = DIRECTION('',(0.831463934095,0.555578730964,0.));
#11006 = ADVANCED_FACE('',(#11007),#11018,.T.);
#11007 = FACE_BOUND('',#11008,.T.);
#11008 = EDGE_LOOP('',(#11009,#11010,#11011,#11017));
#11009 = ORIENTED_EDGE('',*,*,#10944,.F.);
#11010 = ORIENTED_EDGE('',*,*,#1039,.F.);
#11011 = ORIENTED_EDGE('',*,*,#11012,.T.);
#11012 = EDGE_CURVE('',#1032,#6014,#11013,.T.);
#11013 = LINE('',#11014,#11015);
#11014 = CARTESIAN_POINT('',(-7.733779907227,-7.138470172882,3.));
#11015 = VECTOR('',#11016,1.);
#11016 = DIRECTION('',(0.,0.,-1.));
#11017 = ORIENTED_EDGE('',*,*,#6013,.F.);
#11018 = PLANE('',#11019);
#11019 = AXIS2_PLACEMENT_3D('',#11020,#11021,#11022);
#11020 = CARTESIAN_POINT('',(-7.775645017624,-6.927990198135,1.5));
#11021 = DIRECTION('',(0.980787027616,0.195081537979,0.));
#11022 = DIRECTION('',(-0.195081537979,0.980787027616,0.));
#11023 = ADVANCED_FACE('',(#11024),#11040,.T.);
#11024 = FACE_BOUND('',#11025,.T.);
#11025 = EDGE_LOOP('',(#11026,#11027,#11033,#11034));
#11026 = ORIENTED_EDGE('',*,*,#1023,.F.);
#11027 = ORIENTED_EDGE('',*,*,#11028,.T.);
#11028 = EDGE_CURVE('',#1016,#6030,#11029,.T.);
#11029 = LINE('',#11030,#11031);
#11030 = CARTESIAN_POINT('',(-7.138470172882,-7.733779907227,3.));
#11031 = VECTOR('',#11032,1.);
#11032 = DIRECTION('',(0.,0.,-1.));
#11033 = ORIENTED_EDGE('',*,*,#6029,.F.);
#11034 = ORIENTED_EDGE('',*,*,#11035,.T.);
#11035 = EDGE_CURVE('',#6022,#1024,#11036,.T.);
#11036 = LINE('',#11037,#11038);
#11037 = CARTESIAN_POINT('',(-7.495329856873,-7.495329856873,0.));
#11038 = VECTOR('',#11039,1.);
#11039 = DIRECTION('',(0.,0.,1.));
#11040 = PLANE('',#11041);
#11041 = AXIS2_PLACEMENT_3D('',#11042,#11043,#11044);
#11042 = CARTESIAN_POINT('',(-7.316900014877,-7.61455488205,1.5));
#11043 = DIRECTION('',(0.555576728966,0.831465271813,0.));
#11044 = DIRECTION('',(0.831465271813,-0.555576728966,0.));
#11045 = ADVANCED_FACE('',(#11046),#11057,.T.);
#11046 = FACE_BOUND('',#11047,.T.);
#11047 = EDGE_LOOP('',(#11048,#11054,#11055,#11056));
#11048 = ORIENTED_EDGE('',*,*,#11049,.T.);
#11049 = EDGE_CURVE('',#7653,#6077,#11050,.T.);
#11050 = LINE('',#11051,#11052);
#11051 = CARTESIAN_POINT('',(-5.939700126648,-5.939700126648,4.));
#11052 = VECTOR('',#11053,1.);
#11053 = DIRECTION('',(0.,0.,-1.));
#11054 = ORIENTED_EDGE('',*,*,#6076,.F.);
#11055 = ORIENTED_EDGE('',*,*,#10959,.F.);
#11056 = ORIENTED_EDGE('',*,*,#7660,.F.);
#11057 = PLANE('',#11058);
#11058 = AXIS2_PLACEMENT_3D('',#11059,#11060,#11061);
#11059 = CARTESIAN_POINT('',(-5.820475101471,-6.118129968643,2.));
#11060 = DIRECTION('',(-0.831465271813,-0.555576728966,-0.));
#11061 = DIRECTION('',(0.555576728966,-0.831465271813,0.));
#11062 = ADVANCED_FACE('',(#11063),#11074,.T.);
#11063 = FACE_BOUND('',#11064,.T.);
#11064 = EDGE_LOOP('',(#11065,#11066,#11067,#11073));
#11065 = ORIENTED_EDGE('',*,*,#10966,.F.);
#11066 = ORIENTED_EDGE('',*,*,#6060,.F.);
#11067 = ORIENTED_EDGE('',*,*,#11068,.T.);
#11068 = EDGE_CURVE('',#6053,#7518,#11069,.T.);
#11069 = LINE('',#11070,#11071);
#11070 = CARTESIAN_POINT('',(-5.701250076294,-7.138470172882,0.));
#11071 = VECTOR('',#11072,1.);
#11072 = DIRECTION('',(0.,0.,1.));
#11073 = ORIENTED_EDGE('',*,*,#7515,.F.);
#11074 = PLANE('',#11075);
#11075 = AXIS2_PLACEMENT_3D('',#11076,#11077,#11078);
#11076 = CARTESIAN_POINT('',(-5.659379959106,-6.927990198135,2.));
#11077 = DIRECTION('',(-0.980782563482,0.195103980404,-0.));
#11078 = DIRECTION('',(-0.195103980404,-0.980782563482,0.));
#11079 = ADVANCED_FACE('',(#11080),#11091,.T.);
#11080 = FACE_BOUND('',#11081,.T.);
#11081 = EDGE_LOOP('',(#11082,#11083,#11089,#11090));
#11082 = ORIENTED_EDGE('',*,*,#1015,.F.);
#11083 = ORIENTED_EDGE('',*,*,#11084,.T.);
#11084 = EDGE_CURVE('',#1008,#6038,#11085,.T.);
#11085 = LINE('',#11086,#11087);
#11086 = CARTESIAN_POINT('',(-6.717510223389,-7.817510128021,3.));
#11087 = VECTOR('',#11088,1.);
#11088 = DIRECTION('',(0.,0.,-1.));
#11089 = ORIENTED_EDGE('',*,*,#6037,.F.);
#11090 = ORIENTED_EDGE('',*,*,#11028,.F.);
#11091 = PLANE('',#11092);
#11092 = AXIS2_PLACEMENT_3D('',#11093,#11094,#11095);
#11093 = CARTESIAN_POINT('',(-6.927990198135,-7.775645017624,1.5));
#11094 = DIRECTION('',(0.195081537979,0.980787027616,0.));
#11095 = DIRECTION('',(0.980787027616,-0.195081537979,0.));
#11096 = ADVANCED_FACE('',(#11097),#11103,.T.);
#11097 = FACE_BOUND('',#11098,.T.);
#11098 = EDGE_LOOP('',(#11099,#11100,#11101,#11102));
#11099 = ORIENTED_EDGE('',*,*,#11012,.F.);
#11100 = ORIENTED_EDGE('',*,*,#1031,.F.);
#11101 = ORIENTED_EDGE('',*,*,#11035,.F.);
#11102 = ORIENTED_EDGE('',*,*,#6021,.F.);
#11103 = PLANE('',#11104);
#11104 = AXIS2_PLACEMENT_3D('',#11105,#11106,#11107);
#11105 = CARTESIAN_POINT('',(-7.61455488205,-7.316900014877,1.5));
#11106 = DIRECTION('',(0.831465271813,0.555576728966,0.));
#11107 = DIRECTION('',(-0.555576728966,0.831465271813,0.));
#11108 = ADVANCED_FACE('',(#11109),#11115,.T.);
#11109 = FACE_BOUND('',#11110,.T.);
#11110 = EDGE_LOOP('',(#11111,#11112,#11113,#11114));
#11111 = ORIENTED_EDGE('',*,*,#11068,.F.);
#11112 = ORIENTED_EDGE('',*,*,#6052,.F.);
#11113 = ORIENTED_EDGE('',*,*,#10995,.F.);
#11114 = ORIENTED_EDGE('',*,*,#7525,.F.);
#11115 = PLANE('',#11116);
#11116 = AXIS2_PLACEMENT_3D('',#11117,#11118,#11119);
#11117 = CARTESIAN_POINT('',(-5.820475101471,-7.316900014877,2.));
#11118 = DIRECTION('',(-0.831465271813,0.555576728966,-0.));
#11119 = DIRECTION('',(-0.555576728966,-0.831465271813,0.));
#11120 = ADVANCED_FACE('',(#11121),#11127,.T.);
#11121 = FACE_BOUND('',#11122,.T.);
#11122 = EDGE_LOOP('',(#11123,#11124,#11125,#11126));
#11123 = ORIENTED_EDGE('',*,*,#1007,.F.);
#11124 = ORIENTED_EDGE('',*,*,#4688,.F.);
#11125 = ORIENTED_EDGE('',*,*,#6045,.F.);
#11126 = ORIENTED_EDGE('',*,*,#11084,.F.);
#11127 = PLANE('',#11128);
#11128 = AXIS2_PLACEMENT_3D('',#11129,#11130,#11131);
#11129 = CARTESIAN_POINT('',(-6.507035017014,-7.775645017624,1.5));
#11130 = DIRECTION('',(-0.195085789401,0.980786181986,0.));
#11131 = DIRECTION('',(0.980786181986,0.195085789401,0.));
#11132 = ADVANCED_FACE('',(#11133),#11139,.T.);
#11133 = FACE_BOUND('',#11134,.T.);
#11134 = EDGE_LOOP('',(#11135,#11136,#11137,#11138));
#11135 = ORIENTED_EDGE('',*,*,#7652,.F.);
#11136 = ORIENTED_EDGE('',*,*,#10126,.F.);
#11137 = ORIENTED_EDGE('',*,*,#6084,.F.);
#11138 = ORIENTED_EDGE('',*,*,#11049,.F.);
#11139 = PLANE('',#11140);
#11140 = AXIS2_PLACEMENT_3D('',#11141,#11142,#11143);
#11141 = CARTESIAN_POINT('',(-6.045614957809,-5.868930101395,2.));
#11142 = DIRECTION('',(-0.55557022017,-0.831469620889,-0.));
#11143 = DIRECTION('',(-0.831469620889,0.55557022017,0.));
#11144 = ADVANCED_FACE('',(#11145),#11161,.T.);
#11145 = FACE_BOUND('',#11146,.T.);
#11146 = EDGE_LOOP('',(#11147,#11153,#11154,#11160));
#11147 = ORIENTED_EDGE('',*,*,#11148,.T.);
#11148 = EDGE_CURVE('',#5406,#3799,#11149,.T.);
#11149 = LINE('',#11150,#11151);
#11150 = CARTESIAN_POINT('',(5.701250076294,-7.138470172882,0.));
#11151 = VECTOR('',#11152,1.);
#11152 = DIRECTION('',(0.,0.,1.));
#11153 = ORIENTED_EDGE('',*,*,#3798,.F.);
#11154 = ORIENTED_EDGE('',*,*,#11155,.T.);
#11155 = EDGE_CURVE('',#3791,#4316,#11156,.T.);
#11156 = LINE('',#11157,#11158);
#11157 = CARTESIAN_POINT('',(5.939700126648,-7.495329856873,4.));
#11158 = VECTOR('',#11159,1.);
#11159 = DIRECTION('',(0.,0.,-1.));
#11160 = ORIENTED_EDGE('',*,*,#5405,.F.);
#11161 = PLANE('',#11162);
#11162 = AXIS2_PLACEMENT_3D('',#11163,#11164,#11165);
#11163 = CARTESIAN_POINT('',(5.820475101471,-7.316900014877,2.));
#11164 = DIRECTION('',(0.831465271813,0.555576728966,0.));
#11165 = DIRECTION('',(-0.555576728966,0.831465271813,0.));
#11166 = ADVANCED_FACE('',(#11167),#11173,.T.);
#11167 = FACE_BOUND('',#11168,.T.);
#11168 = EDGE_LOOP('',(#11169,#11170,#11171,#11172));
#11169 = ORIENTED_EDGE('',*,*,#3790,.F.);
#11170 = ORIENTED_EDGE('',*,*,#8876,.F.);
#11171 = ORIENTED_EDGE('',*,*,#4315,.F.);
#11172 = ORIENTED_EDGE('',*,*,#11155,.F.);
#11173 = PLANE('',#11174);
#11174 = AXIS2_PLACEMENT_3D('',#11175,#11176,#11177);
#11175 = CARTESIAN_POINT('',(6.048804761491,-7.568232856128,
    2.09494551367));
#11176 = DIRECTION('',(0.555578730964,0.831463934095,0.));
#11177 = DIRECTION('',(0.831463934095,-0.555578730964,0.));
#11178 = ADVANCED_FACE('',(#11179),#11190,.T.);
#11179 = FACE_BOUND('',#11180,.T.);
#11180 = EDGE_LOOP('',(#11181,#11182,#11188,#11189));
#11181 = ORIENTED_EDGE('',*,*,#871,.F.);
#11182 = ORIENTED_EDGE('',*,*,#11183,.T.);
#11183 = EDGE_CURVE('',#864,#5415,#11184,.T.);
#11184 = LINE('',#11185,#11186);
#11185 = CARTESIAN_POINT('',(6.717510223389,-7.817510128021,3.));
#11186 = VECTOR('',#11187,1.);
#11187 = DIRECTION('',(0.,0.,-1.));
#11188 = ORIENTED_EDGE('',*,*,#5414,.F.);
#11189 = ORIENTED_EDGE('',*,*,#4292,.F.);
#11190 = PLANE('',#11191);
#11191 = AXIS2_PLACEMENT_3D('',#11192,#11193,#11194);
#11192 = CARTESIAN_POINT('',(6.507035017014,-7.775645017624,1.5));
#11193 = DIRECTION('',(0.195085789401,0.980786181986,0.));
#11194 = DIRECTION('',(0.980786181986,-0.195085789401,0.));
#11195 = ADVANCED_FACE('',(#11196),#11207,.T.);
#11196 = FACE_BOUND('',#11197,.T.);
#11197 = EDGE_LOOP('',(#11198,#11199,#11205,#11206));
#11198 = ORIENTED_EDGE('',*,*,#863,.F.);
#11199 = ORIENTED_EDGE('',*,*,#11200,.T.);
#11200 = EDGE_CURVE('',#856,#5423,#11201,.T.);
#11201 = LINE('',#11202,#11203);
#11202 = CARTESIAN_POINT('',(7.138470172882,-7.733779907227,3.));
#11203 = VECTOR('',#11204,1.);
#11204 = DIRECTION('',(0.,0.,-1.));
#11205 = ORIENTED_EDGE('',*,*,#5422,.F.);
#11206 = ORIENTED_EDGE('',*,*,#11183,.F.);
#11207 = PLANE('',#11208);
#11208 = AXIS2_PLACEMENT_3D('',#11209,#11210,#11211);
#11209 = CARTESIAN_POINT('',(6.927990198135,-7.775645017624,1.5));
#11210 = DIRECTION('',(-0.195081537979,0.980787027616,0.));
#11211 = DIRECTION('',(0.980787027616,0.195081537979,0.));
#11212 = ADVANCED_FACE('',(#11213),#11229,.T.);
#11213 = FACE_BOUND('',#11214,.T.);
#11214 = EDGE_LOOP('',(#11215,#11221,#11222,#11228));
#11215 = ORIENTED_EDGE('',*,*,#11216,.T.);
#11216 = EDGE_CURVE('',#840,#5439,#11217,.T.);
#11217 = LINE('',#11218,#11219);
#11218 = CARTESIAN_POINT('',(7.733779907227,-7.138470172882,3.));
#11219 = VECTOR('',#11220,1.);
#11220 = DIRECTION('',(0.,0.,-1.));
#11221 = ORIENTED_EDGE('',*,*,#5438,.F.);
#11222 = ORIENTED_EDGE('',*,*,#11223,.T.);
#11223 = EDGE_CURVE('',#5431,#848,#11224,.T.);
#11224 = LINE('',#11225,#11226);
#11225 = CARTESIAN_POINT('',(7.495329856873,-7.495329856873,0.));
#11226 = VECTOR('',#11227,1.);
#11227 = DIRECTION('',(0.,0.,1.));
#11228 = ORIENTED_EDGE('',*,*,#847,.F.);
#11229 = PLANE('',#11230);
#11230 = AXIS2_PLACEMENT_3D('',#11231,#11232,#11233);
#11231 = CARTESIAN_POINT('',(7.61455488205,-7.316900014877,1.5));
#11232 = DIRECTION('',(-0.831465271813,0.555576728966,-0.));
#11233 = DIRECTION('',(-0.555576728966,-0.831465271813,0.));
#11234 = ADVANCED_FACE('',(#11235),#11246,.T.);
#11235 = FACE_BOUND('',#11236,.T.);
#11236 = EDGE_LOOP('',(#11237,#11238,#11244,#11245));
#11237 = ORIENTED_EDGE('',*,*,#3830,.F.);
#11238 = ORIENTED_EDGE('',*,*,#11239,.T.);
#11239 = EDGE_CURVE('',#3823,#5525,#11240,.T.);
#11240 = LINE('',#11241,#11242);
#11241 = CARTESIAN_POINT('',(5.939700126648,-5.939700126648,4.));
#11242 = VECTOR('',#11243,1.);
#11243 = DIRECTION('',(0.,0.,-1.));
#11244 = ORIENTED_EDGE('',*,*,#5524,.F.);
#11245 = ORIENTED_EDGE('',*,*,#3948,.F.);
#11246 = PLANE('',#11247);
#11247 = AXIS2_PLACEMENT_3D('',#11248,#11249,#11250);
#11248 = CARTESIAN_POINT('',(6.045614957809,-5.868930101395,2.));
#11249 = DIRECTION('',(0.55557022017,-0.831469620889,-0.));
#11250 = DIRECTION('',(-0.831469620889,-0.55557022017,0.));
#11251 = ADVANCED_FACE('',(#11252),#11263,.T.);
#11252 = FACE_BOUND('',#11253,.T.);
#11253 = EDGE_LOOP('',(#11254,#11260,#11261,#11262));
#11254 = ORIENTED_EDGE('',*,*,#11255,.T.);
#11255 = EDGE_CURVE('',#832,#5447,#11256,.T.);
#11256 = LINE('',#11257,#11258);
#11257 = CARTESIAN_POINT('',(7.817510128021,-6.717510223389,3.));
#11258 = VECTOR('',#11259,1.);
#11259 = DIRECTION('',(0.,0.,-1.));
#11260 = ORIENTED_EDGE('',*,*,#5446,.F.);
#11261 = ORIENTED_EDGE('',*,*,#11216,.F.);
#11262 = ORIENTED_EDGE('',*,*,#839,.F.);
#11263 = PLANE('',#11264);
#11264 = AXIS2_PLACEMENT_3D('',#11265,#11266,#11267);
#11265 = CARTESIAN_POINT('',(7.775645017624,-6.927990198135,1.5));
#11266 = DIRECTION('',(-0.980787027616,0.195081537979,-0.));
#11267 = DIRECTION('',(-0.195081537979,-0.980787027616,0.));
#11268 = ADVANCED_FACE('',(#11269),#11275,.T.);
#11269 = FACE_BOUND('',#11270,.T.);
#11270 = EDGE_LOOP('',(#11271,#11272,#11273,#11274));
#11271 = ORIENTED_EDGE('',*,*,#855,.F.);
#11272 = ORIENTED_EDGE('',*,*,#11223,.F.);
#11273 = ORIENTED_EDGE('',*,*,#5430,.F.);
#11274 = ORIENTED_EDGE('',*,*,#11200,.F.);
#11275 = PLANE('',#11276);
#11276 = AXIS2_PLACEMENT_3D('',#11277,#11278,#11279);
#11277 = CARTESIAN_POINT('',(7.316900014877,-7.61455488205,1.5));
#11278 = DIRECTION('',(-0.555576728966,0.831465271813,0.));
#11279 = DIRECTION('',(0.831465271813,0.555576728966,0.));
#11280 = ADVANCED_FACE('',(#11281),#11287,.T.);
#11281 = FACE_BOUND('',#11282,.T.);
#11282 = EDGE_LOOP('',(#11283,#11284,#11285,#11286));
#11283 = ORIENTED_EDGE('',*,*,#4256,.T.);
#11284 = ORIENTED_EDGE('',*,*,#8828,.F.);
#11285 = ORIENTED_EDGE('',*,*,#3780,.F.);
#11286 = ORIENTED_EDGE('',*,*,#10417,.F.);
#11287 = PLANE('',#11288);
#11288 = AXIS2_PLACEMENT_3D('',#11289,#11290,#11291);
#11289 = CARTESIAN_POINT('',(7.683812739842,-6.221772208929,
    2.024420922454));
#11290 = DIRECTION('',(-0.831492259649,-0.555536337376,-0.));
#11291 = DIRECTION('',(0.555536337376,-0.831492259649,0.));
#11292 = ADVANCED_FACE('',(#11293),#11299,.T.);
#11293 = FACE_BOUND('',#11294,.T.);
#11294 = EDGE_LOOP('',(#11295,#11296,#11297,#11298));
#11295 = ORIENTED_EDGE('',*,*,#4277,.F.);
#11296 = ORIENTED_EDGE('',*,*,#5454,.F.);
#11297 = ORIENTED_EDGE('',*,*,#11255,.F.);
#11298 = ORIENTED_EDGE('',*,*,#831,.F.);
#11299 = PLANE('',#11300);
#11300 = AXIS2_PLACEMENT_3D('',#11301,#11302,#11303);
#11301 = CARTESIAN_POINT('',(7.775645017624,-6.507035017014,1.5));
#11302 = DIRECTION('',(-0.980786181986,-0.195085789401,-0.));
#11303 = DIRECTION('',(0.195085789401,-0.980786181986,0.));
#11304 = ADVANCED_FACE('',(#11305),#11321,.T.);
#11305 = FACE_BOUND('',#11306,.T.);
#11306 = EDGE_LOOP('',(#11307,#11313,#11314,#11320));
#11307 = ORIENTED_EDGE('',*,*,#11308,.T.);
#11308 = EDGE_CURVE('',#5533,#3815,#11309,.T.);
#11309 = LINE('',#11310,#11311);
#11310 = CARTESIAN_POINT('',(5.701250076294,-6.296559810638,0.));
#11311 = VECTOR('',#11312,1.);
#11312 = DIRECTION('',(0.,0.,1.));
#11313 = ORIENTED_EDGE('',*,*,#3814,.F.);
#11314 = ORIENTED_EDGE('',*,*,#11315,.T.);
#11315 = EDGE_CURVE('',#3807,#5541,#11316,.T.);
#11316 = LINE('',#11317,#11318);
#11317 = CARTESIAN_POINT('',(5.617509841919,-6.717510223389,4.));
#11318 = VECTOR('',#11319,1.);
#11319 = DIRECTION('',(0.,0.,-1.));
#11320 = ORIENTED_EDGE('',*,*,#5540,.F.);
#11321 = PLANE('',#11322);
#11322 = AXIS2_PLACEMENT_3D('',#11323,#11324,#11325);
#11323 = CARTESIAN_POINT('',(5.659379959106,-6.507035017014,2.));
#11324 = DIRECTION('',(0.980781717661,-0.195108232276,0.));
#11325 = DIRECTION('',(0.195108232276,0.980781717661,0.));
#11326 = ADVANCED_FACE('',(#11327),#11333,.T.);
#11327 = FACE_BOUND('',#11328,.T.);
#11328 = EDGE_LOOP('',(#11329,#11330,#11331,#11332));
#11329 = ORIENTED_EDGE('',*,*,#11239,.F.);
#11330 = ORIENTED_EDGE('',*,*,#3822,.F.);
#11331 = ORIENTED_EDGE('',*,*,#11308,.F.);
#11332 = ORIENTED_EDGE('',*,*,#5532,.F.);
#11333 = PLANE('',#11334);
#11334 = AXIS2_PLACEMENT_3D('',#11335,#11336,#11337);
#11335 = CARTESIAN_POINT('',(5.820475101471,-6.118129968643,2.));
#11336 = DIRECTION('',(0.831465271813,-0.555576728966,0.));
#11337 = DIRECTION('',(0.555576728966,0.831465271813,0.));
#11338 = ADVANCED_FACE('',(#11339),#11345,.T.);
#11339 = FACE_BOUND('',#11340,.T.);
#11340 = EDGE_LOOP('',(#11341,#11342,#11343,#11344));
#11341 = ORIENTED_EDGE('',*,*,#11315,.F.);
#11342 = ORIENTED_EDGE('',*,*,#3806,.F.);
#11343 = ORIENTED_EDGE('',*,*,#11148,.F.);
#11344 = ORIENTED_EDGE('',*,*,#5548,.F.);
#11345 = PLANE('',#11346);
#11346 = AXIS2_PLACEMENT_3D('',#11347,#11348,#11349);
#11347 = CARTESIAN_POINT('',(5.659379959106,-6.927990198135,2.));
#11348 = DIRECTION('',(0.980782563482,0.195103980404,0.));
#11349 = DIRECTION('',(-0.195103980404,0.980782563482,0.));
#11350 = ADVANCED_FACE('',(#11351),#11362,.T.);
#11351 = FACE_BOUND('',#11352,.T.);
#11352 = EDGE_LOOP('',(#11353,#11354,#11355,#11361));
#11353 = ORIENTED_EDGE('',*,*,#1731,.T.);
#11354 = ORIENTED_EDGE('',*,*,#8258,.F.);
#11355 = ORIENTED_EDGE('',*,*,#11356,.T.);
#11356 = EDGE_CURVE('',#8251,#5286,#11357,.T.);
#11357 = LINE('',#11358,#11359);
#11358 = CARTESIAN_POINT('',(-2.161819934845,1.444479942322,15.));
#11359 = VECTOR('',#11360,1.);
#11360 = DIRECTION('',(0.,0.,-1.));
#11361 = ORIENTED_EDGE('',*,*,#5285,.F.);
#11362 = PLANE('',#11363);
#11363 = AXIS2_PLACEMENT_3D('',#11364,#11365,#11366);
#11364 = CARTESIAN_POINT('',(-2.000149965286,1.641479969025,7.5));
#11365 = DIRECTION('',(0.773017715812,-0.63438443474,0.));
#11366 = DIRECTION('',(0.63438443474,0.773017715812,0.));
#11367 = ADVANCED_FACE('',(#11368),#11384,.T.);
#11368 = FACE_BOUND('',#11369,.T.);
#11369 = EDGE_LOOP('',(#11370,#11376,#11377,#11383));
#11370 = ORIENTED_EDGE('',*,*,#11371,.T.);
#11371 = EDGE_CURVE('',#5294,#8243,#11372,.T.);
#11372 = LINE('',#11373,#11374);
#11373 = CARTESIAN_POINT('',(-2.402090072632,0.994975984097,0.));
#11374 = VECTOR('',#11375,1.);
#11375 = DIRECTION('',(0.,0.,1.));
#11376 = ORIENTED_EDGE('',*,*,#8242,.F.);
#11377 = ORIENTED_EDGE('',*,*,#11378,.T.);
#11378 = EDGE_CURVE('',#8235,#5302,#11379,.T.);
#11379 = LINE('',#11380,#11381);
#11380 = CARTESIAN_POINT('',(-2.550040006638,0.507234990597,15.));
#11381 = VECTOR('',#11382,1.);
#11382 = DIRECTION('',(0.,0.,-1.));
#11383 = ORIENTED_EDGE('',*,*,#5301,.F.);
#11384 = PLANE('',#11385);
#11385 = AXIS2_PLACEMENT_3D('',#11386,#11387,#11388);
#11386 = CARTESIAN_POINT('',(-2.476065039635,0.751105487347,7.5));
#11387 = DIRECTION('',(0.956942885713,-0.290276270962,0.));
#11388 = DIRECTION('',(0.290276270962,0.956942885713,0.));
#11389 = ADVANCED_FACE('',(#11390),#11406,.T.);
#11390 = FACE_BOUND('',#11391,.T.);
#11391 = EDGE_LOOP('',(#11392,#11398,#11399,#11405));
#11392 = ORIENTED_EDGE('',*,*,#11393,.T.);
#11393 = EDGE_CURVE('',#8326,#5211,#11394,.T.);
#11394 = LINE('',#11395,#11396);
#11395 = CARTESIAN_POINT('',(2.161819934845,-1.444479942322,15.));
#11396 = VECTOR('',#11397,1.);
#11397 = DIRECTION('',(0.,0.,-1.));
#11398 = ORIENTED_EDGE('',*,*,#5210,.F.);
#11399 = ORIENTED_EDGE('',*,*,#11400,.T.);
#11400 = EDGE_CURVE('',#5203,#8334,#11401,.T.);
#11401 = LINE('',#11402,#11403);
#11402 = CARTESIAN_POINT('',(1.838479995728,-1.838479995728,0.));
#11403 = VECTOR('',#11404,1.);
#11404 = DIRECTION('',(0.,0.,1.));
#11405 = ORIENTED_EDGE('',*,*,#8333,.F.);
#11406 = PLANE('',#11407);
#11407 = AXIS2_PLACEMENT_3D('',#11408,#11409,#11410);
#11408 = CARTESIAN_POINT('',(2.000149965286,-1.641479969025,7.5));
#11409 = DIRECTION('',(-0.773017715812,0.63438443474,-0.));
#11410 = DIRECTION('',(-0.63438443474,-0.773017715812,0.));
#11411 = ADVANCED_FACE('',(#11412),#11428,.T.);
#11412 = FACE_BOUND('',#11413,.T.);
#11413 = EDGE_LOOP('',(#11414,#11420,#11421,#11427));
#11414 = ORIENTED_EDGE('',*,*,#11415,.T.);
#11415 = EDGE_CURVE('',#8302,#5235,#11416,.T.);
#11416 = LINE('',#11417,#11418);
#11417 = CARTESIAN_POINT('',(2.599999904633,0.,15.));
#11418 = VECTOR('',#11419,1.);
#11419 = DIRECTION('',(0.,0.,-1.));
#11420 = ORIENTED_EDGE('',*,*,#5234,.F.);
#11421 = ORIENTED_EDGE('',*,*,#11422,.T.);
#11422 = EDGE_CURVE('',#5227,#8310,#11423,.T.);
#11423 = LINE('',#11424,#11425);
#11424 = CARTESIAN_POINT('',(2.550040006638,-0.507234990597,0.));
#11425 = VECTOR('',#11426,1.);
#11426 = DIRECTION('',(0.,0.,1.));
#11427 = ORIENTED_EDGE('',*,*,#8309,.F.);
#11428 = PLANE('',#11429);
#11429 = AXIS2_PLACEMENT_3D('',#11430,#11431,#11432);
#11430 = CARTESIAN_POINT('',(2.575019955635,-0.253617495298,7.5));
#11431 = DIRECTION('',(-0.995184418172,9.802027253596E-02,-0.));
#11432 = DIRECTION('',(-9.802027253596E-02,-0.995184418172,0.));
#11433 = ADVANCED_FACE('',(#11434),#11450,.T.);
#11434 = FACE_BOUND('',#11435,.T.);
#11435 = EDGE_LOOP('',(#11436,#11442,#11443,#11449));
#11436 = ORIENTED_EDGE('',*,*,#11437,.T.);
#11437 = EDGE_CURVE('',#8278,#5259,#11438,.T.);
#11438 = LINE('',#11439,#11440);
#11439 = CARTESIAN_POINT('',(2.161819934845,1.444479942322,15.));
#11440 = VECTOR('',#11441,1.);
#11441 = DIRECTION('',(0.,0.,-1.));
#11442 = ORIENTED_EDGE('',*,*,#5258,.F.);
#11443 = ORIENTED_EDGE('',*,*,#11444,.T.);
#11444 = EDGE_CURVE('',#5251,#8286,#11445,.T.);
#11445 = LINE('',#11446,#11447);
#11446 = CARTESIAN_POINT('',(2.402090072632,0.994975984097,0.));
#11447 = VECTOR('',#11448,1.);
#11448 = DIRECTION('',(0.,0.,1.));
#11449 = ORIENTED_EDGE('',*,*,#8285,.F.);
#11450 = PLANE('',#11451);
#11451 = AXIS2_PLACEMENT_3D('',#11452,#11453,#11454);
#11452 = CARTESIAN_POINT('',(2.281955003738,1.219727963209,7.5));
#11453 = DIRECTION('',(-0.881916968656,-0.471404773413,-0.));
#11454 = DIRECTION('',(0.471404773413,-0.881916968656,0.));
#11455 = ADVANCED_FACE('',(#11456),#11467,.T.);
#11456 = FACE_BOUND('',#11457,.T.);
#11457 = EDGE_LOOP('',(#11458,#11464,#11465,#11466));
#11458 = ORIENTED_EDGE('',*,*,#11459,.T.);
#11459 = EDGE_CURVE('',#8318,#5219,#11460,.T.);
#11460 = LINE('',#11461,#11462);
#11461 = CARTESIAN_POINT('',(2.402090072632,-0.994975984097,15.));
#11462 = VECTOR('',#11463,1.);
#11463 = DIRECTION('',(0.,0.,-1.));
#11464 = ORIENTED_EDGE('',*,*,#5218,.F.);
#11465 = ORIENTED_EDGE('',*,*,#11393,.F.);
#11466 = ORIENTED_EDGE('',*,*,#8325,.F.);
#11467 = PLANE('',#11468);
#11468 = AXIS2_PLACEMENT_3D('',#11469,#11470,#11471);
#11469 = CARTESIAN_POINT('',(2.281955003738,-1.219727963209,7.5));
#11470 = DIRECTION('',(-0.881916968656,0.471404773413,-0.));
#11471 = DIRECTION('',(-0.471404773413,-0.881916968656,0.));
#11472 = ADVANCED_FACE('',(#11473),#11484,.T.);
#11473 = FACE_BOUND('',#11474,.T.);
#11474 = EDGE_LOOP('',(#11475,#11481,#11482,#11483));
#11475 = ORIENTED_EDGE('',*,*,#11476,.T.);
#11476 = EDGE_CURVE('',#8294,#5243,#11477,.T.);
#11477 = LINE('',#11478,#11479);
#11478 = CARTESIAN_POINT('',(2.550040006638,0.507234990597,15.));
#11479 = VECTOR('',#11480,1.);
#11480 = DIRECTION('',(0.,0.,-1.));
#11481 = ORIENTED_EDGE('',*,*,#5242,.F.);
#11482 = ORIENTED_EDGE('',*,*,#11415,.F.);
#11483 = ORIENTED_EDGE('',*,*,#8301,.F.);
#11484 = PLANE('',#11485);
#11485 = AXIS2_PLACEMENT_3D('',#11486,#11487,#11488);
#11486 = CARTESIAN_POINT('',(2.575019955635,0.253617495298,7.5));
#11487 = DIRECTION('',(-0.995184418172,-9.802027253596E-02,-0.));
#11488 = DIRECTION('',(9.802027253596E-02,-0.995184418172,0.));
#11489 = ADVANCED_FACE('',(#11490),#11496,.T.);
#11490 = FACE_BOUND('',#11491,.T.);
#11491 = EDGE_LOOP('',(#11492,#11493,#11494,#11495));
#11492 = ORIENTED_EDGE('',*,*,#11444,.F.);
#11493 = ORIENTED_EDGE('',*,*,#5250,.F.);
#11494 = ORIENTED_EDGE('',*,*,#11476,.F.);
#11495 = ORIENTED_EDGE('',*,*,#8293,.F.);
#11496 = PLANE('',#11497);
#11497 = AXIS2_PLACEMENT_3D('',#11498,#11499,#11500);
#11498 = CARTESIAN_POINT('',(2.476065039635,0.751105487347,7.5));
#11499 = DIRECTION('',(-0.956942885713,-0.290276270962,-0.));
#11500 = DIRECTION('',(0.290276270962,-0.956942885713,0.));
#11501 = ADVANCED_FACE('',(#11502),#11508,.T.);
#11502 = FACE_BOUND('',#11503,.T.);
#11503 = EDGE_LOOP('',(#11504,#11505,#11506,#11507));
#11504 = ORIENTED_EDGE('',*,*,#11356,.F.);
#11505 = ORIENTED_EDGE('',*,*,#8250,.F.);
#11506 = ORIENTED_EDGE('',*,*,#11371,.F.);
#11507 = ORIENTED_EDGE('',*,*,#5293,.F.);
#11508 = PLANE('',#11509);
#11509 = AXIS2_PLACEMENT_3D('',#11510,#11511,#11512);
#11510 = CARTESIAN_POINT('',(-2.281955003738,1.219727963209,7.5));
#11511 = DIRECTION('',(0.881916968656,-0.471404773413,0.));
#11512 = DIRECTION('',(0.471404773413,0.881916968656,0.));
#11513 = ADVANCED_FACE('',(#11514),#11520,.T.);
#11514 = FACE_BOUND('',#11515,.T.);
#11515 = EDGE_LOOP('',(#11516,#11517,#11518,#11519));
#11516 = ORIENTED_EDGE('',*,*,#11422,.F.);
#11517 = ORIENTED_EDGE('',*,*,#5226,.F.);
#11518 = ORIENTED_EDGE('',*,*,#11459,.F.);
#11519 = ORIENTED_EDGE('',*,*,#8317,.F.);
#11520 = PLANE('',#11521);
#11521 = AXIS2_PLACEMENT_3D('',#11522,#11523,#11524);
#11522 = CARTESIAN_POINT('',(2.476065039635,-0.751105487347,7.5));
#11523 = DIRECTION('',(-0.956942885713,0.290276270962,-0.));
#11524 = DIRECTION('',(-0.290276270962,-0.956942885713,0.));
#11525 = ADVANCED_FACE('',(#11526),#11544,.T.);
#11526 = FACE_BOUND('',#11527,.T.);
#11527 = EDGE_LOOP('',(#11528,#11536,#11537,#11538));
#11528 = ORIENTED_EDGE('',*,*,#11529,.T.);
#11529 = EDGE_CURVE('',#11530,#6486,#11532,.T.);
#11530 = VERTEX_POINT('',#11531);
#11531 = CARTESIAN_POINT('',(0.,-2.599999904633,4.5));
#11532 = LINE('',#11533,#11534);
#11533 = CARTESIAN_POINT('',(0.,-2.599999904633,4.5));
#11534 = VECTOR('',#11535,1.);
#11535 = DIRECTION('',(0.995184418172,9.802027253596E-02,0.));
#11536 = ORIENTED_EDGE('',*,*,#6502,.F.);
#11537 = ORIENTED_EDGE('',*,*,#5381,.F.);
#11538 = ORIENTED_EDGE('',*,*,#11539,.T.);
#11539 = EDGE_CURVE('',#5374,#11530,#11540,.T.);
#11540 = LINE('',#11541,#11542);
#11541 = CARTESIAN_POINT('',(0.,-2.599999904633,0.));
#11542 = VECTOR('',#11543,1.);
#11543 = DIRECTION('',(0.,0.,1.));
#11544 = PLANE('',#11545);
#11545 = AXIS2_PLACEMENT_3D('',#11546,#11547,#11548);
#11546 = CARTESIAN_POINT('',(0.253617495298,-2.575019955635,2.25));
#11547 = DIRECTION('',(-9.802027253596E-02,0.995184418172,0.));
#11548 = DIRECTION('',(0.995184418172,9.802027253596E-02,0.));
#11549 = ADVANCED_FACE('',(#11550),#11568,.T.);
#11550 = FACE_BOUND('',#11551,.T.);
#11551 = EDGE_LOOP('',(#11552,#11553,#11554,#11562));
#11552 = ORIENTED_EDGE('',*,*,#8365,.F.);
#11553 = ORIENTED_EDGE('',*,*,#8498,.F.);
#11554 = ORIENTED_EDGE('',*,*,#11555,.T.);
#11555 = EDGE_CURVE('',#8491,#11556,#11558,.T.);
#11556 = VERTEX_POINT('',#11557);
#11557 = CARTESIAN_POINT('',(0.,-2.599999904633,10.5));
#11558 = LINE('',#11559,#11560);
#11559 = CARTESIAN_POINT('',(0.507234990597,-2.550040006638,10.5));
#11560 = VECTOR('',#11561,1.);
#11561 = DIRECTION('',(-0.995184418172,-9.802027253596E-02,0.));
#11562 = ORIENTED_EDGE('',*,*,#11563,.T.);
#11563 = EDGE_CURVE('',#11556,#8366,#11564,.T.);
#11564 = LINE('',#11565,#11566);
#11565 = CARTESIAN_POINT('',(0.,-2.599999904633,10.5));
#11566 = VECTOR('',#11567,1.);
#11567 = DIRECTION('',(0.,0.,1.));
#11568 = PLANE('',#11569);
#11569 = AXIS2_PLACEMENT_3D('',#11570,#11571,#11572);
#11570 = CARTESIAN_POINT('',(0.253617495298,-2.575019955635,12.75));
#11571 = DIRECTION('',(-9.802027253596E-02,0.995184418172,0.));
#11572 = DIRECTION('',(0.995184418172,9.802027253596E-02,0.));
#11573 = ADVANCED_FACE('',(#11574),#11585,.T.);
#11574 = FACE_BOUND('',#11575,.T.);
#11575 = EDGE_LOOP('',(#11576,#11577,#11578,#11584));
#11576 = ORIENTED_EDGE('',*,*,#11378,.F.);
#11577 = ORIENTED_EDGE('',*,*,#8234,.F.);
#11578 = ORIENTED_EDGE('',*,*,#11579,.T.);
#11579 = EDGE_CURVE('',#8227,#5310,#11580,.T.);
#11580 = LINE('',#11581,#11582);
#11581 = CARTESIAN_POINT('',(-2.599999904633,0.,15.));
#11582 = VECTOR('',#11583,1.);
#11583 = DIRECTION('',(0.,0.,-1.));
#11584 = ORIENTED_EDGE('',*,*,#5309,.F.);
#11585 = PLANE('',#11586);
#11586 = AXIS2_PLACEMENT_3D('',#11587,#11588,#11589);
#11587 = CARTESIAN_POINT('',(-2.575019955635,0.253617495298,7.5));
#11588 = DIRECTION('',(0.995184418172,-9.802027253596E-02,0.));
#11589 = DIRECTION('',(9.802027253596E-02,0.995184418172,0.));
#11590 = ADVANCED_FACE('',(#11591),#11602,.T.);
#11591 = FACE_BOUND('',#11592,.T.);
#11592 = EDGE_LOOP('',(#11593,#11599,#11600,#11601));
#11593 = ORIENTED_EDGE('',*,*,#11594,.T.);
#11594 = EDGE_CURVE('',#6363,#8436,#11595,.T.);
#11595 = LINE('',#11596,#11597);
#11596 = CARTESIAN_POINT('',(1.5,-2.116260051727,4.5));
#11597 = VECTOR('',#11598,1.);
#11598 = DIRECTION('',(0.,0.,1.));
#11599 = ORIENTED_EDGE('',*,*,#8435,.F.);
#11600 = ORIENTED_EDGE('',*,*,#11400,.F.);
#11601 = ORIENTED_EDGE('',*,*,#6370,.T.);
#11602 = PLANE('',#11603);
#11603 = AXIS2_PLACEMENT_3D('',#11604,#11605,#11606);
#11604 = CARTESIAN_POINT('',(1.719940161187,-1.935761968938,7.5));
#11605 = DIRECTION('',(-0.634388784024,0.77301414651,0.));
#11606 = DIRECTION('',(0.77301414651,0.634388784024,0.));
#11607 = ADVANCED_FACE('',(#11608),#11624,.T.);
#11608 = FACE_BOUND('',#11609,.T.);
#11609 = EDGE_LOOP('',(#11610,#11611,#11617,#11618));
#11610 = ORIENTED_EDGE('',*,*,#8574,.F.);
#11611 = ORIENTED_EDGE('',*,*,#11612,.T.);
#11612 = EDGE_CURVE('',#8544,#6417,#11613,.T.);
#11613 = LINE('',#11614,#11615);
#11614 = CARTESIAN_POINT('',(-1.5,-2.116260051727,10.5));
#11615 = VECTOR('',#11616,1.);
#11616 = DIRECTION('',(0.,0.,-1.));
#11617 = ORIENTED_EDGE('',*,*,#6438,.F.);
#11618 = ORIENTED_EDGE('',*,*,#11619,.T.);
#11619 = EDGE_CURVE('',#5342,#8398,#11620,.T.);
#11620 = LINE('',#11621,#11622);
#11621 = CARTESIAN_POINT('',(-1.838479995728,-1.838479995728,0.));
#11622 = VECTOR('',#11623,1.);
#11623 = DIRECTION('',(0.,0.,1.));
#11624 = PLANE('',#11625);
#11625 = AXIS2_PLACEMENT_3D('',#11626,#11627,#11628);
#11626 = CARTESIAN_POINT('',(-1.719940161187,-1.935761968938,7.5));
#11627 = DIRECTION('',(0.634388784024,0.77301414651,0.));
#11628 = DIRECTION('',(0.77301414651,-0.634388784024,0.));
#11629 = ADVANCED_FACE('',(#11630),#11641,.T.);
#11630 = FACE_BOUND('',#11631,.T.);
#11631 = EDGE_LOOP('',(#11632,#11638,#11639,#11640));
#11632 = ORIENTED_EDGE('',*,*,#11633,.T.);
#11633 = EDGE_CURVE('',#6488,#6387,#11634,.T.);
#11634 = LINE('',#11635,#11636);
#11635 = CARTESIAN_POINT('',(0.994975984097,-2.402090072632,4.5));
#11636 = VECTOR('',#11637,1.);
#11637 = DIRECTION('',(0.881916968656,0.471404773413,0.));
#11638 = ORIENTED_EDGE('',*,*,#6386,.F.);
#11639 = ORIENTED_EDGE('',*,*,#5397,.F.);
#11640 = ORIENTED_EDGE('',*,*,#6495,.F.);
#11641 = PLANE('',#11642);
#11642 = AXIS2_PLACEMENT_3D('',#11643,#11644,#11645);
#11643 = CARTESIAN_POINT('',(1.219727963209,-2.281955003738,2.25));
#11644 = DIRECTION('',(-0.471404773413,0.881916968656,0.));
#11645 = DIRECTION('',(0.881916968656,0.471404773413,0.));
#11646 = ADVANCED_FACE('',(#11647),#11658,.T.);
#11647 = FACE_BOUND('',#11648,.T.);
#11648 = EDGE_LOOP('',(#11649,#11650,#11651,#11657));
#11649 = ORIENTED_EDGE('',*,*,#8349,.F.);
#11650 = ORIENTED_EDGE('',*,*,#8467,.F.);
#11651 = ORIENTED_EDGE('',*,*,#11652,.T.);
#11652 = EDGE_CURVE('',#8460,#8483,#11653,.T.);
#11653 = LINE('',#11654,#11655);
#11654 = CARTESIAN_POINT('',(1.444479942322,-2.161819934845,10.5));
#11655 = VECTOR('',#11656,1.);
#11656 = DIRECTION('',(-0.881916968656,-0.471404773413,0.));
#11657 = ORIENTED_EDGE('',*,*,#8482,.F.);
#11658 = PLANE('',#11659);
#11659 = AXIS2_PLACEMENT_3D('',#11660,#11661,#11662);
#11660 = CARTESIAN_POINT('',(1.219727963209,-2.281955003738,12.75));
#11661 = DIRECTION('',(-0.471404773413,0.881916968656,0.));
#11662 = DIRECTION('',(0.881916968656,0.471404773413,0.));
#11663 = ADVANCED_FACE('',(#11664),#11670,.T.);
#11664 = FACE_BOUND('',#11665,.T.);
#11665 = EDGE_LOOP('',(#11666,#11667,#11668,#11669));
#11666 = ORIENTED_EDGE('',*,*,#2376,.F.);
#11667 = ORIENTED_EDGE('',*,*,#5266,.F.);
#11668 = ORIENTED_EDGE('',*,*,#11437,.F.);
#11669 = ORIENTED_EDGE('',*,*,#8277,.F.);
#11670 = PLANE('',#11671);
#11671 = AXIS2_PLACEMENT_3D('',#11672,#11673,#11674);
#11672 = CARTESIAN_POINT('',(2.000149965286,1.641479969025,7.5));
#11673 = DIRECTION('',(-0.773017715812,-0.63438443474,-0.));
#11674 = DIRECTION('',(0.63438443474,-0.773017715812,0.));
#11675 = ADVANCED_FACE('',(#11676),#11692,.T.);
#11676 = FACE_BOUND('',#11677,.T.);
#11677 = EDGE_LOOP('',(#11678,#11684,#11685,#11691));
#11678 = ORIENTED_EDGE('',*,*,#11679,.T.);
#11679 = EDGE_CURVE('',#5318,#8225,#11680,.T.);
#11680 = LINE('',#11681,#11682);
#11681 = CARTESIAN_POINT('',(-2.550040006638,-0.507234990597,0.));
#11682 = VECTOR('',#11683,1.);
#11683 = DIRECTION('',(0.,0.,1.));
#11684 = ORIENTED_EDGE('',*,*,#8421,.F.);
#11685 = ORIENTED_EDGE('',*,*,#11686,.T.);
#11686 = EDGE_CURVE('',#8414,#5326,#11687,.T.);
#11687 = LINE('',#11688,#11689);
#11688 = CARTESIAN_POINT('',(-2.402090072632,-0.994975984097,15.));
#11689 = VECTOR('',#11690,1.);
#11690 = DIRECTION('',(0.,0.,-1.));
#11691 = ORIENTED_EDGE('',*,*,#5325,.F.);
#11692 = PLANE('',#11693);
#11693 = AXIS2_PLACEMENT_3D('',#11694,#11695,#11696);
#11694 = CARTESIAN_POINT('',(-2.476065039635,-0.751105487347,7.5));
#11695 = DIRECTION('',(0.956942885713,0.290276270962,0.));
#11696 = DIRECTION('',(-0.290276270962,0.956942885713,0.));
#11697 = ADVANCED_FACE('',(#11698),#11709,.T.);
#11698 = FACE_BOUND('',#11699,.T.);
#11699 = EDGE_LOOP('',(#11700,#11701,#11702,#11708));
#11700 = ORIENTED_EDGE('',*,*,#11686,.F.);
#11701 = ORIENTED_EDGE('',*,*,#8413,.F.);
#11702 = ORIENTED_EDGE('',*,*,#11703,.T.);
#11703 = EDGE_CURVE('',#8406,#5334,#11704,.T.);
#11704 = LINE('',#11705,#11706);
#11705 = CARTESIAN_POINT('',(-2.161819934845,-1.444479942322,15.));
#11706 = VECTOR('',#11707,1.);
#11707 = DIRECTION('',(0.,0.,-1.));
#11708 = ORIENTED_EDGE('',*,*,#5333,.F.);
#11709 = PLANE('',#11710);
#11710 = AXIS2_PLACEMENT_3D('',#11711,#11712,#11713);
#11711 = CARTESIAN_POINT('',(-2.281955003738,-1.219727963209,7.5));
#11712 = DIRECTION('',(0.881916968656,0.471404773413,0.));
#11713 = DIRECTION('',(-0.471404773413,0.881916968656,0.));
#11714 = ADVANCED_FACE('',(#11715),#11721,.T.);
#11715 = FACE_BOUND('',#11716,.T.);
#11716 = EDGE_LOOP('',(#11717,#11718,#11719,#11720));
#11717 = ORIENTED_EDGE('',*,*,#11703,.F.);
#11718 = ORIENTED_EDGE('',*,*,#8405,.F.);
#11719 = ORIENTED_EDGE('',*,*,#11619,.F.);
#11720 = ORIENTED_EDGE('',*,*,#5341,.F.);
#11721 = PLANE('',#11722);
#11722 = AXIS2_PLACEMENT_3D('',#11723,#11724,#11725);
#11723 = CARTESIAN_POINT('',(-2.000149965286,-1.641479969025,7.5));
#11724 = DIRECTION('',(0.773017715812,0.63438443474,0.));
#11725 = DIRECTION('',(-0.63438443474,0.773017715812,0.));
#11726 = ADVANCED_FACE('',(#11727),#11733,.T.);
#11727 = FACE_BOUND('',#11728,.T.);
#11728 = EDGE_LOOP('',(#11729,#11730,#11731,#11732));
#11729 = ORIENTED_EDGE('',*,*,#11579,.F.);
#11730 = ORIENTED_EDGE('',*,*,#8224,.F.);
#11731 = ORIENTED_EDGE('',*,*,#11679,.F.);
#11732 = ORIENTED_EDGE('',*,*,#5317,.F.);
#11733 = PLANE('',#11734);
#11734 = AXIS2_PLACEMENT_3D('',#11735,#11736,#11737);
#11735 = CARTESIAN_POINT('',(-2.575019955635,-0.253617495298,7.5));
#11736 = DIRECTION('',(0.995184418172,9.802027253596E-02,0.));
#11737 = DIRECTION('',(-9.802027253596E-02,0.995184418172,0.));
#11738 = ADVANCED_FACE('',(#11739),#11745,.T.);
#11739 = FACE_BOUND('',#11740,.T.);
#11740 = EDGE_LOOP('',(#11741,#11742,#11743,#11744));
#11741 = ORIENTED_EDGE('',*,*,#3321,.F.);
#11742 = ORIENTED_EDGE('',*,*,#5275,.F.);
#11743 = ORIENTED_EDGE('',*,*,#2178,.F.);
#11744 = ORIENTED_EDGE('',*,*,#2977,.T.);
#11745 = PLANE('',#11746);
#11746 = AXIS2_PLACEMENT_3D('',#11747,#11748,#11749);
#11747 = CARTESIAN_POINT('',(0.255566445575,2.574827994594,
    3.027697874259));
#11748 = DIRECTION('',(-9.802027253596E-02,-0.995184418172,-0.));
#11749 = DIRECTION('',(-0.995184418172,9.802027253596E-02,0.));
#11750 = ADVANCED_FACE('',(#11751),#11757,.T.);
#11751 = FACE_BOUND('',#11752,.T.);
#11752 = EDGE_LOOP('',(#11753,#11754,#11755,#11756));
#11753 = ORIENTED_EDGE('',*,*,#8268,.F.);
#11754 = ORIENTED_EDGE('',*,*,#3335,.F.);
#11755 = ORIENTED_EDGE('',*,*,#3169,.T.);
#11756 = ORIENTED_EDGE('',*,*,#2016,.F.);
#11757 = PLANE('',#11758);
#11758 = AXIS2_PLACEMENT_3D('',#11759,#11760,#11761);
#11759 = CARTESIAN_POINT('',(0.255566436449,2.574827995493,11.9723022681
    ));
#11760 = DIRECTION('',(-9.802027253596E-02,-0.995184418172,-0.));
#11761 = DIRECTION('',(-0.995184418172,9.802027253596E-02,0.));
#11762 = ADVANCED_FACE('',(#11763),#11774,.T.);
#11763 = FACE_BOUND('',#11764,.T.);
#11764 = EDGE_LOOP('',(#11765,#11771,#11772,#11773));
#11765 = ORIENTED_EDGE('',*,*,#11766,.T.);
#11766 = EDGE_CURVE('',#6457,#11530,#11767,.T.);
#11767 = LINE('',#11768,#11769);
#11768 = CARTESIAN_POINT('',(-0.507234990597,-2.550040006638,4.5));
#11769 = VECTOR('',#11770,1.);
#11770 = DIRECTION('',(0.995184418172,-9.802027253596E-02,0.));
#11771 = ORIENTED_EDGE('',*,*,#11539,.F.);
#11772 = ORIENTED_EDGE('',*,*,#5373,.F.);
#11773 = ORIENTED_EDGE('',*,*,#6464,.F.);
#11774 = PLANE('',#11775);
#11775 = AXIS2_PLACEMENT_3D('',#11776,#11777,#11778);
#11776 = CARTESIAN_POINT('',(-0.253617495298,-2.575019955635,2.25));
#11777 = DIRECTION('',(9.802027253596E-02,0.995184418172,0.));
#11778 = DIRECTION('',(0.995184418172,-9.802027253596E-02,0.));
#11779 = ADVANCED_FACE('',(#11780),#11791,.T.);
#11780 = FACE_BOUND('',#11781,.T.);
#11781 = EDGE_LOOP('',(#11782,#11783,#11784,#11790));
#11782 = ORIENTED_EDGE('',*,*,#8373,.F.);
#11783 = ORIENTED_EDGE('',*,*,#11563,.F.);
#11784 = ORIENTED_EDGE('',*,*,#11785,.T.);
#11785 = EDGE_CURVE('',#11556,#8514,#11786,.T.);
#11786 = LINE('',#11787,#11788);
#11787 = CARTESIAN_POINT('',(0.,-2.599999904633,10.5));
#11788 = VECTOR('',#11789,1.);
#11789 = DIRECTION('',(-0.995184418172,9.802027253596E-02,0.));
#11790 = ORIENTED_EDGE('',*,*,#8513,.F.);
#11791 = PLANE('',#11792);
#11792 = AXIS2_PLACEMENT_3D('',#11793,#11794,#11795);
#11793 = CARTESIAN_POINT('',(-0.253617495298,-2.575019955635,12.75));
#11794 = DIRECTION('',(9.802027253596E-02,0.995184418172,0.));
#11795 = DIRECTION('',(0.995184418172,-9.802027253596E-02,0.));
#11796 = ADVANCED_FACE('',(#11797),#11808,.T.);
#11797 = FACE_BOUND('',#11798,.T.);
#11798 = EDGE_LOOP('',(#11799,#11805,#11806,#11807));
#11799 = ORIENTED_EDGE('',*,*,#11800,.T.);
#11800 = EDGE_CURVE('',#6409,#6455,#11801,.T.);
#11801 = LINE('',#11802,#11803);
#11802 = CARTESIAN_POINT('',(-1.444479942322,-2.161819934845,4.5));
#11803 = VECTOR('',#11804,1.);
#11804 = DIRECTION('',(0.881916968656,-0.471404773413,0.));
#11805 = ORIENTED_EDGE('',*,*,#6471,.F.);
#11806 = ORIENTED_EDGE('',*,*,#5357,.F.);
#11807 = ORIENTED_EDGE('',*,*,#6408,.F.);
#11808 = PLANE('',#11809);
#11809 = AXIS2_PLACEMENT_3D('',#11810,#11811,#11812);
#11810 = CARTESIAN_POINT('',(-1.219727963209,-2.281955003738,2.25));
#11811 = DIRECTION('',(0.471404773413,0.881916968656,0.));
#11812 = DIRECTION('',(0.881916968656,-0.471404773413,0.));
#11813 = ADVANCED_FACE('',(#11814),#11825,.T.);
#11814 = FACE_BOUND('',#11815,.T.);
#11815 = EDGE_LOOP('',(#11816,#11817,#11818,#11824));
#11816 = ORIENTED_EDGE('',*,*,#8389,.F.);
#11817 = ORIENTED_EDGE('',*,*,#8529,.F.);
#11818 = ORIENTED_EDGE('',*,*,#11819,.T.);
#11819 = EDGE_CURVE('',#8522,#8552,#11820,.T.);
#11820 = LINE('',#11821,#11822);
#11821 = CARTESIAN_POINT('',(-0.994975984097,-2.402090072632,10.5));
#11822 = VECTOR('',#11823,1.);
#11823 = DIRECTION('',(-0.881916968656,0.471404773413,0.));
#11824 = ORIENTED_EDGE('',*,*,#8551,.F.);
#11825 = PLANE('',#11826);
#11826 = AXIS2_PLACEMENT_3D('',#11827,#11828,#11829);
#11827 = CARTESIAN_POINT('',(-1.219727963209,-2.281955003738,12.75));
#11828 = DIRECTION('',(0.471404773413,0.881916968656,0.));
#11829 = DIRECTION('',(0.881916968656,-0.471404773413,0.));
#11830 = ADVANCED_FACE('',(#11831),#11837,.T.);
#11831 = FACE_BOUND('',#11832,.T.);
#11832 = EDGE_LOOP('',(#11833,#11834,#11835,#11836));
#11833 = ORIENTED_EDGE('',*,*,#3046,.T.);
#11834 = ORIENTED_EDGE('',*,*,#2724,.F.);
#11835 = ORIENTED_EDGE('',*,*,#2897,.F.);
#11836 = ORIENTED_EDGE('',*,*,#2131,.F.);
#11837 = PLANE('',#11838);
#11838 = AXIS2_PLACEMENT_3D('',#11839,#11840,#11841);
#11839 = CARTESIAN_POINT('',(1.224645925747,6.073703764154,
    8.315236268598));
#11840 = DIRECTION('',(-0.831471514519,-0.,-0.555567386141));
#11841 = DIRECTION('',(0.555567386141,0.,-0.831471514519));
#11842 = ADVANCED_FACE('',(#11843),#11849,.T.);
#11843 = FACE_BOUND('',#11844,.T.);
#11844 = EDGE_LOOP('',(#11845,#11846,#11847,#11848));
#11845 = ORIENTED_EDGE('',*,*,#2769,.F.);
#11846 = ORIENTED_EDGE('',*,*,#2930,.F.);
#11847 = ORIENTED_EDGE('',*,*,#2292,.F.);
#11848 = ORIENTED_EDGE('',*,*,#2999,.T.);
#11849 = PLANE('',#11850);
#11850 = AXIS2_PLACEMENT_3D('',#11851,#11852,#11853);
#11851 = CARTESIAN_POINT('',(1.224645927144,6.073703681142,
    6.684759160244));
#11852 = DIRECTION('',(-0.831466233573,-0.,0.555575289613));
#11853 = DIRECTION('',(-0.555575289613,0.,-0.831466233573));
#11854 = ADVANCED_FACE('',(#11855),#11861,.T.);
#11855 = FACE_BOUND('',#11856,.T.);
#11856 = EDGE_LOOP('',(#11857,#11858,#11859,#11860));
#11857 = ORIENTED_EDGE('',*,*,#2866,.F.);
#11858 = ORIENTED_EDGE('',*,*,#1968,.F.);
#11859 = ORIENTED_EDGE('',*,*,#1638,.F.);
#11860 = ORIENTED_EDGE('',*,*,#3100,.F.);
#11861 = PLANE('',#11862);
#11862 = AXIS2_PLACEMENT_3D('',#11863,#11864,#11865);
#11863 = CARTESIAN_POINT('',(-1.224645925747,6.073703764154,
    8.315236268598));
#11864 = DIRECTION('',(0.831471514519,0.,-0.555567386141));
#11865 = DIRECTION('',(0.555567386141,0.,0.831471514519));
#11866 = ADVANCED_FACE('',(#11867),#11873,.T.);
#11867 = FACE_BOUND('',#11868,.T.);
#11868 = EDGE_LOOP('',(#11869,#11870,#11871,#11872));
#11869 = ORIENTED_EDGE('',*,*,#3296,.T.);
#11870 = ORIENTED_EDGE('',*,*,#2476,.F.);
#11871 = ORIENTED_EDGE('',*,*,#3205,.F.);
#11872 = ORIENTED_EDGE('',*,*,#1822,.F.);
#11873 = PLANE('',#11874);
#11874 = AXIS2_PLACEMENT_3D('',#11875,#11876,#11877);
#11875 = CARTESIAN_POINT('',(-1.224645927144,6.073703681142,
    6.684759160244));
#11876 = DIRECTION('',(0.831466233573,0.,0.555575289613));
#11877 = DIRECTION('',(-0.555575289613,0.,0.831466233573));
#11878 = ADVANCED_FACE('',(#11879),#11904,.T.);
#11879 = FACE_BOUND('',#11880,.T.);
#11880 = EDGE_LOOP('',(#11881,#11882,#11890,#11898));
#11881 = ORIENTED_EDGE('',*,*,#11594,.F.);
#11882 = ORIENTED_EDGE('',*,*,#11883,.T.);
#11883 = EDGE_CURVE('',#6363,#11884,#11886,.T.);
#11884 = VERTEX_POINT('',#11885);
#11885 = CARTESIAN_POINT('',(1.5,-2.900000095367,4.5));
#11886 = LINE('',#11887,#11888);
#11887 = CARTESIAN_POINT('',(1.5,-2.116260051727,4.5));
#11888 = VECTOR('',#11889,1.);
#11889 = DIRECTION('',(0.,-1.,0.));
#11890 = ORIENTED_EDGE('',*,*,#11891,.T.);
#11891 = EDGE_CURVE('',#11884,#11892,#11894,.T.);
#11892 = VERTEX_POINT('',#11893);
#11893 = CARTESIAN_POINT('',(1.5,-2.900000095367,10.5));
#11894 = LINE('',#11895,#11896);
#11895 = CARTESIAN_POINT('',(1.5,-2.900000095367,4.5));
#11896 = VECTOR('',#11897,1.);
#11897 = DIRECTION('',(0.,0.,1.));
#11898 = ORIENTED_EDGE('',*,*,#11899,.T.);
#11899 = EDGE_CURVE('',#11892,#8436,#11900,.T.);
#11900 = LINE('',#11901,#11902);
#11901 = CARTESIAN_POINT('',(1.5,-2.900000095367,10.5));
#11902 = VECTOR('',#11903,1.);
#11903 = DIRECTION('',(0.,1.,0.));
#11904 = PLANE('',#11905);
#11905 = AXIS2_PLACEMENT_3D('',#11906,#11907,#11908);
#11906 = CARTESIAN_POINT('',(1.5,-2.508130073547,7.5));
#11907 = DIRECTION('',(-1.,-0.,-0.));
#11908 = DIRECTION('',(0.,0.,-1.));
#11909 = ADVANCED_FACE('',(#11910),#11935,.T.);
#11910 = FACE_BOUND('',#11911,.T.);
#11911 = EDGE_LOOP('',(#11912,#11913,#11914,#11922,#11928,#11929,#11930,
    #11931,#11932,#11933,#11934));
#11912 = ORIENTED_EDGE('',*,*,#8459,.F.);
#11913 = ORIENTED_EDGE('',*,*,#11899,.F.);
#11914 = ORIENTED_EDGE('',*,*,#11915,.T.);
#11915 = EDGE_CURVE('',#11892,#11916,#11918,.T.);
#11916 = VERTEX_POINT('',#11917);
#11917 = CARTESIAN_POINT('',(-1.5,-2.900000095367,10.5));
#11918 = LINE('',#11919,#11920);
#11919 = CARTESIAN_POINT('',(1.5,-2.900000095367,10.5));
#11920 = VECTOR('',#11921,1.);
#11921 = DIRECTION('',(-1.,0.,0.));
#11922 = ORIENTED_EDGE('',*,*,#11923,.T.);
#11923 = EDGE_CURVE('',#11916,#8544,#11924,.T.);
#11924 = LINE('',#11925,#11926);
#11925 = CARTESIAN_POINT('',(-1.5,-2.900000095367,10.5));
#11926 = VECTOR('',#11927,1.);
#11927 = DIRECTION('',(0.,1.,0.));
#11928 = ORIENTED_EDGE('',*,*,#8559,.F.);
#11929 = ORIENTED_EDGE('',*,*,#11819,.F.);
#11930 = ORIENTED_EDGE('',*,*,#8521,.F.);
#11931 = ORIENTED_EDGE('',*,*,#11785,.F.);
#11932 = ORIENTED_EDGE('',*,*,#11555,.F.);
#11933 = ORIENTED_EDGE('',*,*,#8490,.F.);
#11934 = ORIENTED_EDGE('',*,*,#11652,.F.);
#11935 = PLANE('',#11936);
#11936 = AXIS2_PLACEMENT_3D('',#11937,#11938,#11939);
#11937 = CARTESIAN_POINT('',(-4.286987816727E-17,-2.627515475102,10.5));
#11938 = DIRECTION('',(-0.,-0.,-1.));
#11939 = DIRECTION('',(-1.,0.,0.));
#11940 = ADVANCED_FACE('',(#11941),#11966,.T.);
#11941 = FACE_BOUND('',#11942,.T.);
#11942 = EDGE_LOOP('',(#11943,#11944,#11945,#11946,#11947,#11948,#11949,
    #11950,#11951,#11952,#11960));
#11943 = ORIENTED_EDGE('',*,*,#11883,.F.);
#11944 = ORIENTED_EDGE('',*,*,#6394,.F.);
#11945 = ORIENTED_EDGE('',*,*,#11633,.F.);
#11946 = ORIENTED_EDGE('',*,*,#6485,.F.);
#11947 = ORIENTED_EDGE('',*,*,#11529,.F.);
#11948 = ORIENTED_EDGE('',*,*,#11766,.F.);
#11949 = ORIENTED_EDGE('',*,*,#6454,.F.);
#11950 = ORIENTED_EDGE('',*,*,#11800,.F.);
#11951 = ORIENTED_EDGE('',*,*,#6424,.F.);
#11952 = ORIENTED_EDGE('',*,*,#11953,.T.);
#11953 = EDGE_CURVE('',#6417,#11954,#11956,.T.);
#11954 = VERTEX_POINT('',#11955);
#11955 = CARTESIAN_POINT('',(-1.5,-2.900000095367,4.5));
#11956 = LINE('',#11957,#11958);
#11957 = CARTESIAN_POINT('',(-1.5,-2.116260051727,4.5));
#11958 = VECTOR('',#11959,1.);
#11959 = DIRECTION('',(0.,-1.,0.));
#11960 = ORIENTED_EDGE('',*,*,#11961,.T.);
#11961 = EDGE_CURVE('',#11954,#11884,#11962,.T.);
#11962 = LINE('',#11963,#11964);
#11963 = CARTESIAN_POINT('',(-1.5,-2.900000095367,4.5));
#11964 = VECTOR('',#11965,1.);
#11965 = DIRECTION('',(1.,0.,0.));
#11966 = PLANE('',#11967);
#11967 = AXIS2_PLACEMENT_3D('',#11968,#11969,#11970);
#11968 = CARTESIAN_POINT('',(0.,-2.627515475102,4.5));
#11969 = DIRECTION('',(0.,0.,1.));
#11970 = DIRECTION('',(1.,0.,-0.));
#11971 = ADVANCED_FACE('',(#11972),#11983,.T.);
#11972 = FACE_BOUND('',#11973,.T.);
#11973 = EDGE_LOOP('',(#11974,#11975,#11976,#11982));
#11974 = ORIENTED_EDGE('',*,*,#11612,.F.);
#11975 = ORIENTED_EDGE('',*,*,#11923,.F.);
#11976 = ORIENTED_EDGE('',*,*,#11977,.T.);
#11977 = EDGE_CURVE('',#11916,#11954,#11978,.T.);
#11978 = LINE('',#11979,#11980);
#11979 = CARTESIAN_POINT('',(-1.5,-2.900000095367,10.5));
#11980 = VECTOR('',#11981,1.);
#11981 = DIRECTION('',(0.,0.,-1.));
#11982 = ORIENTED_EDGE('',*,*,#11953,.F.);
#11983 = PLANE('',#11984);
#11984 = AXIS2_PLACEMENT_3D('',#11985,#11986,#11987);
#11985 = CARTESIAN_POINT('',(-1.5,-2.508130073547,7.5));
#11986 = DIRECTION('',(1.,0.,0.));
#11987 = DIRECTION('',(-0.,0.,1.));
#11988 = ADVANCED_FACE('',(#11989),#11995,.T.);
#11989 = FACE_BOUND('',#11990,.T.);
#11990 = EDGE_LOOP('',(#11991,#11992,#11993,#11994));
#11991 = ORIENTED_EDGE('',*,*,#11915,.F.);
#11992 = ORIENTED_EDGE('',*,*,#11891,.F.);
#11993 = ORIENTED_EDGE('',*,*,#11961,.F.);
#11994 = ORIENTED_EDGE('',*,*,#11977,.F.);
#11995 = PLANE('',#11996);
#11996 = AXIS2_PLACEMENT_3D('',#11997,#11998,#11999);
#11997 = CARTESIAN_POINT('',(0.,-2.900000095367,7.5));
#11998 = DIRECTION('',(0.,1.,0.));
#11999 = DIRECTION('',(0.,-0.,1.));
#12000 = ( GEOMETRIC_REPRESENTATION_CONTEXT(3) 
GLOBAL_UNCERTAINTY_ASSIGNED_CONTEXT((#12004)) 
GLOBAL_UNIT_ASSIGNED_CONTEXT((#12001,#12002,#12003)) 
REPRESENTATION_CONTEXT('Context #1',
  '3D Context with UNIT and UNCERTAINTY') );
#12001 = ( LENGTH_UNIT() NAMED_UNIT(*) SI_UNIT(.MILLI.,.METRE.) );
#12002 = ( NAMED_UNIT(*) PLANE_ANGLE_UNIT() SI_UNIT($,.RADIAN.) );
#12003 = ( NAMED_UNIT(*) SI_UNIT($,.STERADIAN.) SOLID_ANGLE_UNIT() );
#12004 = UNCERTAINTY_MEASURE_WITH_UNIT(LENGTH_MEASURE(1.E-07),#12001,
  'distance_accuracy_value','confusion accuracy');
#12005 = PRODUCT_RELATED_PRODUCT_CATEGORY('part',$,(#7));
ENDSEC;
END-ISO-10303-21;
